	Model Answer	news	label
0	Áudio de advogado nega ter provas de fraude eleitoral a favor de Haddad, segundo TSE.	"""É #FAKE áudio atribuído a advogado que diz ter provas de fraude eleitoral a favor de Haddad""TSE lembra que o código utilizado nas urnas passa por auditorias públicas. Pedro Abramovay nega que seja autor da mensagem. Circula no WhatsApp um áudio que denuncia uma suposta fraude nas urnas eletrônicas no primeiro turno das eleições presidenciais. A gravação, atribuída ao advogado Pedro Abramovay, sustenta ter provas de que houve transferência de votos para o candidato Fernando Haddad (PT). O esquema, segundo o autor, envolveu, além de juízes e políticos brasileiros, os setores de inteligência de Cuba, Venezuela e da Polícia Federal. O áudio é #FAKE.O autor do áudio afirma "	1
1	Dilma Rousseff: Me senti pertinha do Elvis!	" #Verificamos: Dilma Rousseff não confundiu John Lennon com Elvis PresleyImagem que circula nas redes sociais mostra ex-presidente ao lado de estátua do ex-BeattleCircula em redes sociais uma imagem da ex-presidente Dilma Rousseff (PT) ao lado de uma estátua na frente do The Cavern Club, em Liverpool. O local ganhou fama por ter servido de palco para os Beatles no início da carreira. Dilma teria escrito, ao postar a foto, que se sentia perto do roqueiro Elvis Presley. Por meio do projeto de verificação de notícias, usuários do Facebook solicitaram que esse material fosse analisado. Confira a seguir o trabalho de verificação da Lupa:""Dilma Rousseff: Me senti pertinha do Elvis!""Legenda de imagem que, até as 14 horas do dia 19 de fevereiro de 2019, tinha sido compartilhada mais de 1.000 vezes no Facebook.FALSOA legenda da foto verificada pela Lupa é falsa. A foto da ex-presidente Dilma Rousseff no Cavern Club, no entanto, é real e foi publicada em sua conta no Instagram no dia 13 de julho de 2018. Na imagem original, Dilma diz a seguinte frase: ""Hoje é dia de rock, bebê. #johnlennon #cavernclub #liverpool"". Dias antes, ela havia participado do 5° Congresso Mundial da UNI Global Union, entidade que reúne sindicatos de 150 países, em Liverpool, no Reino Unido.A hashtag ""#johnlennon"" mostra que em nenhum momento Dilma confundiu o artista representado pela estátua com o roqueiro norte-americano Elvis Presley. Falta ainda à foto que circula nas redes sociais o selo de conta verificada, que a ex-presidente e outras autoridades ou personalidades possuem.Esta verificação também foi feita pelos sites Aos Fatos, Polígrafo e Boatos.org.Nota: esta reportagem faz parte do projeto de verificação de notícias no Facebook. Dúvidas sobre o projeto? Entre em contato direto com o Facebook.Editado por: Natália Leal"	1
2	A imagem acima é uma montagem e não tem qualquer relação com a campanha eleitoral de 2018.	" #Verificamos: É antiga e foi adulterada imagem usada para acusar petistas de agredir defensores de BolsonaroFoto original é de 2015 e foi tirada em ato feito em apoio à Petrobras. Não há relação com campanha de 2018Circula nas redes sociais uma imagem que mostra militantes do PT agredindo a pontapés um cidadão com uma camisa do Brasil. A legenda que acompanha a foto diz que se trata de um flagrante da intimidação a pessoas que adesivam carros em apoio ao candidato do PSL à Presidência da República, Jair Bolsonaro. Por meio do projeto de verificação de notícias, usuários do Facebook solicitaram que essa foto fosse analisada. Confira a seguir o trabalho de verificação da Lupa:""Estão intimidado pessoas que estão adesivando os carros com apoio a Bolsonaro""Texto que acompanha foto que, até as 12h30h do dia 25 de setembro de 2018 já tinha sido compartilhada mais de 23 mil vezes no FacebookFALSOA imagem acima é uma montagem e não tem qualquer relação com a campanha eleitoral de 2018. Na foto original, feita pelo fotógrafo Antonio Lacerda, da Agência EFE, a pessoa agredida não veste a camisa do Brasil, mas uma camiseta branca.A EFE, empresa detentora dos direitos da imagem, informa ainda que que a imagem data de fevereiro de 2015 e foi feita no centro do Rio de Janeiro, em um ato promovido pela Central Única dos Trabalhadores (CUT) em defesa da Petrobras.De acordo com a agência de notícias espanhola, o conflito se deu quando os sindicalistas se encontraram com um grupo de manifestantes que tentavam boicotar o evento, defendendo investigações na empresa. Ou seja, a afirmação de que seria um ato contra pessoas adesivando carros com apoio a Bolsonaro é falsa.*Nota: esta reportagem faz parte do projeto de verificação de notícias no Facebook. Dúvidas sobre o projeto? Entre em contato direto com o Facebook.Editado por: Cristina Tardáguila e Leandro Resende"	1
3	É #FAKE que Guilherme Boulos é funcionário da USP e não dá aula nem aparece na folha de pagamento.	"""É #FAKE que Guilherme Boulos é funcionário da USP e não dá aula nem aparece na folha de pagamento""Posts nas redes sociais afirmam que candidato a presidente é funcionário-fantasma da universidade. Assessorias da instituição e do candidato afirmam que informação é falsa. Circula pelas redes sociais a informação de que o candidato a presidente Guilherme Boulos (PSOL) é professor da Universidade de São Paulo (USP), mas não dá aula há muito tempo e o Portal da Transparência da universidade omite seu nome na folha de pagamento. A mensagem é #FAKE.A assessoria de imprensa da USP diz que Boulos não tem vínculo empregatício com a universidade e, por esse motivo, não consta, de fato, nenhum salário para ele no Portal da Transparência.A assessoria de Boulos informa que ele foi professor de filosofia em escolas públicas da rede estadual paulista, que ele lecionou por um semestre na Faculdade Mauá (FAMA) e que também deu aulas na Escola de Educação Permanente (EPP), ligada ao Hospital das Clínicas.O HCFMUSP esclarece que Guilherme Boulos já atuou em cursos presenciais e de ensino à distância promovidos pela Escola de Educação Permanente (EEP), como professor convidado. ""No entanto, ele não tem nenhum vínculo com a instituição, não faz parte do quadro de funcionários, e não obrigatoriamente está envolvido no curso em todas as suas edições.""Questionada pelo G1 sobre o motivo de a USP constar do Currículo Lattes de Boulos como parte da atuação profissional do candidato, a assessoria do candidato diz que o Lattes de Guilherme Boulos está desatualizado e não é editado desde 2017 e que ele foi bolsista da Capes de 2014 a 2016 quando era aluno de mestrado na USP. É a este vínculo que o currículo se refere, de acordo com a assessoria. O ""enquadramento funcional"", no caso da USP, está em branco.Atualmente Boulos é apenas colaborador da revista ""Carta Capital"" e do portal do Instituto para Reforma das Relações entre Estado e Empresa (Iree). "	1
4	É #FAKE que PT entrou com ação para derrubar 13º salário do Bolsa Família	"É #FAKE que PT entrou com ação para derrubar 13º salário do Bolsa FamíliaMensagem falando sobre ação do PT que circula nas redes sociais é falsa. Nesta quinta (11), o governo Bolsonaro anunciou que o 13º será pago para beneficiários do programa a partir deste ano.  Circula nas redes sociais uma mensagem que informa que o PT entrou com uma ação para derrubar o pagamento do 13º salário a beneficiários do Bolsa Família, anunciado pelo governo federal nesta quinta-feira (11). A mensagem, porém, é #FAKE.O 13º foi, de fato, anunciado nesta quinta pelo governo federal, que se comprometeu a pagar o benefício a partir deste ano. Não houve, porém, nenhuma ação por parte do PT contra a medida.Em nota publicada em seu site oficial, o PT afirma que as mensagens que circulam ""são mentirosas e desconectadas da realidade"".""O Partido dos Trabalhadores não entrou com nenhuma ação para derrubar o decreto que cria o décimo terceiro do Bolsa Família, programa que virou lei há 15 anos sob governo do ex-presidente Lula. As mensagens que circulam nas redes sociais de apoiadores de Jair Bolsonaro (PSL) e em grupos de WhatsApp são mentirosas e frutos de mais uma invenção da direita, que deseja deslegitimar a qualquer custo o PT, sua atuação e legado"", informa o partido.O PT ainda afirma que a foto que acompanha a mensagem falsa ""é manipulada"". A imagem foi tuitada em 2 de agosto de 2017 pelo deputado federal Chico DAngelo (PDT-RJ), em outro contexto.É possível ver, por exemplo, que a mensagem no cartaz que Paulo Pimenta (PT-RS) segura foi alterada. Além disso, um outro detalhe denota a falsidade da foto: Wadih Damous, que aparece na imagem, não foi reeleito e não ocupa hoje uma cadeira na Casa.A presidente do PT, Gleisi Hoffmann chegou a criticar o decreto no plenário da Câmara nesta quinta, antes mesmo do anúncio do governo. Segundo ela, porém, a crítica foi porque a atitude do governo tem como objetivo não reajustar o valor do benefício. ""O 13º salário pro Bolsa Família não se constitui numa medida de todo positiva, porque ela é um engano. Ela, na realidade, tenta fraudar a situação do Bolsa Família"", afirmou Gleisi. ""Bolsonaro, ao dizer que vai dar o 13º salário pro Bolsa Família, está tirando a correção da inflação do benefício. Ou seja, neste ano o benefício do Bolsa Família não será corrigido pela inflação, justamente num ano que vamos ter uma inflação maior."" "	1
5	A imagem traz dados falhos sobre gastos de campanhas presidenciais nas eleições.	"Imagem traz dados falsos sobre gastos de campanhas presidenciais nas eleiçõesImagem traz dados falsos sobre gastos de campanhas presidenciais nas eleiçõesTwitterFacebookE-mailWhatsAppImagem traz dados falsos sobre gastos de campanhas presidenciais nas eleiçõesPor Luiz Fernando Menezes 6 de outubro de 2018, 18h29TwitterFacebookEmailWhatsAppAo contrário do que afirma imagem que circula nas redes sociais neste sábado (6), não é verdade que Fernando Haddad (PT) já gastou R$ 29 milhões nesta campanha presidencial, que as despesas de Henrique Meirelles (MDB) foram maiores do que as de Geraldo Alckmin (PSDB) e que Jair Bolsonaro (PSL) só gastou ""o Wi-Fi de casa"". Aos Fatos checou as despesas de campanha declaradas ao TSE (Tribunal Superior Eleitoral) e atestou que essas informações não procedem.A imagem com o texto enganoso foi publicada por um perfil pessoal no Facebook nesta sexta-feira (5) e já tem mais de 4.500 compartilhamentos. Ela foi marcada com o selo FALSO na ferramenta de verificação da rede social (entenda como funciona). Conteúdo parecido foi denunciado por leitores do Aos Fatos via WhatsApp. Para se inscrever, envie mensagem para o número (21) 99956-5882 e siga as orientações.Leia abaixo, em detalhes, o que checamos.FALSOGastos com campanha presidencial 2018. Meirelles: R$ 45 milhões; Alckmin: R$32 milhões; Haddad: R$ 29 milhões; Ciro: R$ 10 milhões; Marina: R$ 4 milhões; Bolsonaro: Wi-Fi de casaA imagem com os gastos de campanha dos candidatos à Presidência da República mostra a ordem quase correta de despesas (do que mais gastou ao que menos gastou), segundo o site de divulgação de candidaturas do TSE, que traz todas as receitas e despesas declaradas. Os valores expostos, porém, não condizem com a realidade.Nessa eleição, o limite de despesas dos candidatos ao Planalto é de R$ 70 milhões. Os dois candidatos que mais gastaram foram os do PSDB e MDB.Geraldo Alckmin (PSDB) contratou R$ 51,5 milhões e pagou R$ 41,7 milhões. Suas maiores despesas foram com doações financeiras a outros candidatos ou partidos (R$ 16,5 milhões), produção de programas audiovisuais (R$ 15,2 milhões) e publicidade por materiais impressos (R$ 7,3 milhões).Henrique Meirelles (MDB) apresentou, até hoje, véspera da eleição, R$ 43,5 milhões de despesas contratadas e R$ 31 milhões de despesas pagas. Suas três principais despesas foram com produção de programas audiovisuais (R$ 24,7 milhões), criação de páginas na internet (R$ 5,8 milhões) e pesquisas e testes eleitorais (R$ 3,4 milhões).Fernando Haddad (PT) apresentou um total de R$ 12 milhões em despesas contratadas e de R$ 10,2 milhões em despesas pagas. O petista também gastou mais com doações financeiras a outros candidatos ou partidos (R$ 4 milhões), produção de programas de rádio, televisão ou vídeo (R$ 2,7 milhões) e pesquisas ou testes eleitorais (R$ 1,3 milhão).Ciro Gomes (PDT) contratou um total de R$ 8,3 milhões e pagou cerca de R$ 8 milhões. Seu maior gasto é com publicidade por materiais impressos (R$ 2,4 milhões), produção de programas de rádio (R$ 2,2 milhões), televisão ou vídeo e publicidade por adesivos (R$ 1,3 milhão).Marina Silva (Rede) contratou em sua campanha R$ 4,9 milhões e gastou cerca e R$4,8 milhões. A candidata gastou mais com a produção de programas audiovisuais (R$ 1,8 milhão), publicidade por materiais impressos (R$ 1 milhão) e despesas com pessoal (R$ 965 mil).E, por fim, Jair Bolsonaro (PSL) foi o que menos gastou em sua campanha, mas não só o ""Wi-Fi de casa"", como sustenta a imagem. Seu total de despesas contratadas somou R$ 1,2 milhão, mas ele só gastou R$ 670 mil. Os três maiores gastos foram com serviços prestados por terceiros (R$ 347 mil), doações financeiras a outros candidatos ou partidos (R$ 345 mil) e produção de programas audiovisuais (R$ 240 mil).As despesas foram informadas pelas candidaturas acima entre quarta-feira (3) e sexta-feira (5). A exceção é a de Henrique Meirelles, cuja última atualização de gastos foi feita ao TSE em 18 de setembro.Aos Fatos produziu um guia para ensinar como qualquer pessoa pode acessar informações sobre os candidatos, como gastos de campanha. Você pode acessá-lo aqui.TwitterFacebookEmailWhatsAppLeia tambémCinco fatos sobre migraçãoNão é verdade que Moro afastou promotor do caso Queiroz e delegado que investiga morte de MarielleHomem em foto com Flávio Bolsonaro é assessor do senador, não acusado de matar Marielle]"	1
6	Procurador Geral dos EUA rompe o silêncio e diz que a Lava Jato foi criada para atender interesse dos Estados Unidos!	" #Verificamos: É falso que Procurador-Geral dos EUA disse que Lava Jato atende a interesses americanosTexto errado acompanha vídeo de evento que discutiu a cooperação entre os países em investigações de corrupção, em 2017Circula nas redes sociais que o Procurador-Geral dos Estados Unidos teria ""rompido o silêncio"" e afirmado que a Operação Lava Jato foi criada para atender a interesses norte-americanos. Por meio do projeto de verificação de notícias, usuários do Facebook solicitaram que esse material fosse analisado. Confira a seguir o trabalho de verificação da Lupa:""Procurador Geral dos EUA rompe o silêncio e diz que a Lava Jato foi criada para atender interesse dos Estados Unidos!""Publicação que, até as 18h do dia 26 de março de 2019, tinha sido compartilhada 13 mil vezes no FacebookFALSOA informação verificada pela Lupa é falsa. O texto que acompanha o vídeo menciona frases que não foram ditas por Kenneth Blanco em sua fala no evento reproduzido na publicação. O cargo atribuído a ele também está errado. Na gravação de três minutos, extraída de um Webcast promovido pelo Atlantic Council em julho de 2017, Blanco fala sobre o relacionamento entre as procuradorias americana e brasileira e suas atuações em investigações recentes. Ele chega a citar resoluções de crimes financeiros e de corrupção que tiveram a cooperação entre os dois escritórios como ponto central. Segundo Blanco, a relação é ""íntima"" e ""construída à base de confiança"". Em nenhum momento ele fala sobre os objetivos da criação da Lava Jato ou mesmo que eles tenham relação com ""interesses americanos"". Essa expressão não consta no vídeo em questão.O texto do post verificado pela Lupa também acusa Blanco de ter admitido que o ""relacionamento íntimo entre procuradores dos EUA e do Brasil na Lava-Jato é feito de forma clandestina com o objetivo de se apoderarem do patrimônio público do povo brasileiro, como o Pré-sal e própria Petrobras"". O que ele afirma é que a cooperação entre os dois escritórios não depende apenas ""de procedimentos oficiais, como tratados de assistência jurídica mútua, que geralmente levam tempo e recursos consideráveis para serem escritos, traduzidos, transmitidos oficialmente e respondidos"". Como exemplo de outros procedimentos adotados, Blanco cita ligações telefônicas para solicitações de ajuda em relação às investigações, feitas de uma procuradoria a outra. Além disso, não cita o pré-sal e menciona a Petrobras apenas ao descrever o caso do ex-presidente Lula. Leia aqui a íntegra do pronunciamento.No evento, intitulado ""Lições do Brasil: Crise, Corrupção e Cooperação Geral"", Blanco se apresenta como Procurador-geral Assistente em Exercício pela Divisão Criminal do Departamento de Justiça americano. O cargo é o máximo da Divisão Criminal, um dos escritórios subordinados à Procuradoria-Geral dos EUA. Ou seja: Blanco não era, e nem nunca foi, o Procurador-Geral americano, cargo hoje exercido por William Barr e, à época da gravação, por Jeff Sessions. Originalmente, ele é um dos procuradores-adjuntos assistentes da Divisão Criminal e também ministra aulas na escola de Direito da Universidade Georgetown.Nota: esta reportagem faz parte do projeto de verificação de notícias no Facebook. Dúvidas sobre o projeto? Entre em contato direto com o Facebook.Editado por: Chico Marés e Natália Leal"	1
7	A foto que mostra o senador Aécio Neves (PSDB-MG) beijando o juiz federal Sérgio Moro é uma montagem.	" #Verificamos: É falsa imagem em que Aécio aparece beijando MoroA foto verdadeira mostra o senador com o ator Marcos Frota durante o Carnaval de 2014Circula pelas redes sociais uma foto mostrando o senador Aécio Neves (PSDB-MG) beijando a bochecha do juiz federal e futuro ministro da Justiça Sérgio Moro. Por meio do projeto de verificação de notícias, usuários do Facebook solicitaram que esse material fosse analisado. Confira a seguir o trabalho de verificação da Lupa:""Existe foto mais emblemática que esta [Aécio beijando Moro]?""Texto acompanhado de imagem que até às 18h do dia 18 de dezembro tinha mais de 50 compartilhamentos no FacebookFALSOA foto que mostra o senador Aécio Neves (PSDB-MG) beijando o juiz federal Sérgio Moro é uma montagem. A imagem verdadeira mostra o senador do Minas Gerais com o ator Marcos Frota no camarote Rio Samba e Carnaval em 2014, e foi publicada pela Folha de S. Paulo.A montagem de Aécio beijando Moro já foi classificada como falsa pelo Boatos.org em julho de 2018 e pelo E-farsas em janeiro de 2018. *Nota: esta reportagem faz parte do projeto de verificação de notícias no Facebook. Dúvidas sobre o projeto? Entre em contato direto com o Facebook.Editado por: Chico Marés e Leandro Resende"	1
8	Bruna Marquezine começou uma campanha #Elenão	" #Verificamos: Luana Piovani não atacou artistas nem defendeu Bolsonaro em sua rede socialPerfil falso da atriz se posicionou a favor da candidatura de Jair Bolsonaro durante o período eleitoralCirculam no Facebook reproduções de supostos posts que teriam sido feitos pela atriz Luana Piovani em suas redes sociais contra as cantoras Anitta e Preta Gil. Nessas imagens, de cunho político e em favor do presidente eleito Jair Bolsonaro (PSL), a atriz Bruna Marquezine também é citada. Por meio do projeto de verificação de notícias, usuários do Facebook solicitaram que essas informações fossem analisadas. Confira a seguir o trabalho de verificação feito pela Lupa: ""Quer dizer que agora que Bolsonaro ganhou, a Anitta vai ser resistência?""""Bruna Marquezine começou uma campanha #Elenão"", agora vem como uma tal deNinguém solta a mão de ninguém""""Comemorei a vitória de Bolsonaro e fui xingada pelos fãs de Preta Gil""Imagens que circulam na internet e que até às 16h do dia 1 de novembro de 2018 já tinham mais de 3,4 mil compartilhamentos no FacebookFALSOO perfil que publicou as postagens analisadas pela Lupa é falso. Em seu Instagram, a própria artista informou que o conteúdo não era de sua autoria. ""Quem acredita numa ignorância dessas não me conhece nada. E olha que são 25 anos de trabalho e vida pública. Fake News tá na moda"". Veja:No final de setembro, Luana já havia se pronunciado no Instagram sobre um arquivo de áudio que estava sendo atribuído a ela. Nessa gravação, ela falava sobre a suposta força de Bolsonaro na região Nordeste. Em um vídeo publicado no stories, Luana negou a autenticidade do material e disse que não votaria nem em Bolsonaro nem no PT.*Nota: esta reportagem faz parte do projeto de verificação de notícias no Facebook. Dúvidas sobre o projeto? Entre em contato direto com o Facebook.Editado por: Cristina Tardáguila e Chico Marés"	1
9	Falso: Lei que prevê gratuidade para idosos em estacionamentos não foi aprovada	"""É falso: não há lei que assegure vagas grátis a idosos em estacionamentos   ""Uma mensagem que circula pelo WhatsApp traz uma ""boa notícia"" para motoristas com 60 anos ou mais. De acordo com a  Uma mensagem que circula pelo WhatsApp traz uma ""boa notícia"" para motoristas com 60 anos ou mais. De acordo com a mensagem, foi aprovada em julho deste ano a Lei nº 2.786/08, que dá gratuidade a idosos em estacionamentos comerciais.""Faça valer o seu direito. Leve o ticket ao balcão de pagamento juntamente com sua carteira de identidade e peça o carimbo de isenção"", sugere o texto.FALSO: Lei que prevê gratuidade para idosos em estacionamentos não foi aprovadaA mensagem não passa de um boato visto que a Lei nº 2.786/08 não existe. Na verdade, há um Projeto de Lei (PL) com o mesmo número, criado em 2008 pelo ex-deputado Vinicius Carvalho (PtdoB-RJ), mas que já foi arquivado.O PL 2.786/08 de fato sugere alterar o Estatuto do Idoso (Lei nº 10.741/03) para proibir a cobrança de estacionamento a condutores idosos, devidamente registrados. Carvalho usou a ""diminuição gradual da renda do idoso"" como justificativa para o projeto.""Com o passar dos anos, o idoso depara-se com limitações naturais à idade, a exemplo da redução na capacidade motora, que afeta sua locomoção; com o comprometimento da saúde, que requer mais cuidados; e, infelizmente, com a redução de seu poder de consumo"", argumenta o ex-parlamentar, no PL. ""Essa queda de renda resulta, de um lado, da diminuição do valor real da aposentadoria ou provento e, de outro lado, da elevação das despesas com medicamentos e planos de saúde, entre outras.""""Trata-se de um apoio ao idoso, que poderá sair de casa sem se preocupar com a cobrança, muitas vezes abusiva, pela permanência em vagas de estacionamento de shopping centers, supermercados e bancos, entre outros"", conclui.O PL foi arquivado em janeiro de 2011 com base no Artigo 105 do Regimento Interno da Câmara, que prevê o arquivamento dos projetos ao fim do mandato do parlamentar.Para se manter, o projeto teria de ter sido aprovado em todas as comissões da Casa, mas estava parado na CCJC (Comissão de Constituição e Justiça e de Cidadania).Além disso, a corrente traz um erro de procedimento, é anexado ao número o ano em que ela foi aprovada, não em que o projeto foi criado. Ou seja, deveria ser Lei nº 2.786/18 e não Lei nº 2.786/08.A reportagem também encontrou corrente com o mesmo texto, mas com diferentes datas de aprovação, como 6 de agosto de 2017.Caso está no STFO Rio Grande do Norte já garante gratuidade no estacionamento de estabelecimentos para quem tiver 60 anos ou mais desde 2010. No ano passado, a Abrapark (Associação Brasileira de Estacionamentos) recorreu ao STF (Supremo Tribunal Federal) pela inconstitucionalidade do projeto.O requerimento da Abrapark cita o Artigo 22 da Constituição e argumenta que ""ao obrigar o fornecedor a conceder período de gratuidade a determinado grupo de consumidores pela prestação de um serviço privado, é evidente que o legislador limita o seu direito de propriedade, interferindo diretamente no exercício da sua atividade econômica e em cláusulas contratuais firmadas, exclusivamente, entre o fornecedor e o consumidor usuário do estacionamento"".O órgão usa como precedente o caso da ADI (Ação Direta de Inconstitucionalidade) 4.862, em que o Tribunal julgou inconstitucional a lei do estado do Paraná que tabelava preços de estacionamentos. O caso, autuado na ADI 5.842 em dezembro de 2017, ainda não foi julgado.Não é gratuito, mas é exclusivoEmbora não garantam a gratuidade, o Estatuto da Pessoa com Deficiência obriga, desde 2015, os comerciantes a seguirem as regras de sinalização das vagas exclusivas. Cidades e estados têm regulamentado a fiscalização para multar motoristas que parem nos locais reservados sem a plaquinha de identificação.A cidade de São Paulo começou a fiscalização em setembro do ano passado. Em seis meses, mais de 1.300 motoristas foram multados por desrespeitarem as regras. A infração é considerada gravíssima e leva a uma multa de R$ 293,47 e sete pontos na carteira. "	1
10	Câncer é um fungo! E bicarbonato de sódio ajuda a curar o câncer, diz Oncologista	" #Verificamos: É falso que bicarbonato de sódio cura câncerSociedade Brasileira de Oncologia informou que não há estudos que comprovem uso da substância para a cura da doençaCirculam pelas redes sociais publicações que afirmam que o bicarbonato de sódio ajudaria na cura de câncer. Os conteúdos também dizem que o câncer é um fungo. Por meio do projeto de verificação de notícias, usuários do Facebook solicitaram que esse material fosse analisado. Confira a seguir o trabalho de verificação da Lupa:""Câncer é um fungo! E bicarbonato de sódio ajuda a curar o câncer, diz Oncologista""Publicação que, até as 19h do dia 02 de maio, tinha sido compartilhada mais de 71,5 mil vezes no FacebookFALSOA informação analisada pela Lupa é falsa. A Sociedade Brasileira de Oncologia (Sboc) esclareceu que ""não há qualquer estudo ou evidência científica que comprove que o uso de bicarbonato de sódio auxilia o tratamento de câncer"". Em nota, a Sboc reforçou a importância de tratamentos convencionais recomendados por médicos oncologistas clíni"	1
11	Foto de Lula ajoelhado ante Chávez é montagem; na original, os dois se abraçam	"Foto de Lula ajoelhado ante Chávez é montagem; na original, os dois se abraçamFoto de Lula ajoelhado ante Chávez é montagem; na original, os dois se abraçamTwitterFacebookE-mailWhatsAppFoto de Lula ajoelhado ante Chávez é montagem; na original, os dois se abraçamPor Bernardo Moura 4 de dezembro de 2018, 17h53TwitterFacebookEmailWhatsAppTrata-se de uma montagem a foto em que Luiz Inácio Lula da Silva (PT) aparece de joelhos diante do ex-presidente venezuelano Hugo Chávez (1954-2013) e o mandatário boliviano Evo Morales. A foto original foi feita durante uma cúpula do Mercosul no Uruguai em 2007. Nela, Lula e Chávez estão abraçados, mas o petista não está ajoelhado.A imagem modificada tem circulado no Facebook para tentar rebater críticas direcionadas ao presidente eleito Jair Bolsonaro (PSL) depois que ele prestou continência a John Bolton, assessor de Donald Trump que o visitou em casa na semana passada.Denunciadas por usuários do Facebook, cinco publicações com a foto adulterada reuniam, juntas, mais de 66 mil compartilhamentos até a tarde desta terça-feira (4). Aos Fatos marcou os posts com o selo FALSO na ferramenta de verificação da rede social (entenda como funciona).Confira abaixo, em detalhes, o que verificamos.FALSOPetistas disseram que Jair Messias Bolsonaro PRESTAR continência ao Sr. John Bolton, da Agência Nacional de Segurança dos EEUU era subserviência aos americanos. Ajoelhar e fazer um ""boquete"" para Hugo Chávez seria o que então???A montagem que circula nas redes é uma versão adulterada de uma foto feita durante a cúpula de chefes de Estado do Mercosul, realizada em Montevidéu, no Uruguai, em dezembro de 2007. A fotografia original consta de uma galeria de imagens publicada à época pelo site Portal Montevideo. Nela, Lula não está ajoelhado, mas abraçado a Chávez.Compare a montagem, à esquerda, com a foto verdadeira, à direita:Além da posição e da expressão de Lula em ambas fotos serem as mesmas, é possível notar na montagem uma mancha no paletó do ex-presidente venezuelano Chávez, num claro sinal de que a imagem foi adulterada.Este mesmo conteúdo também foi checado recentemente pelo site Boatos.org.TwitterFacebookEmailWhatsAppLeia tambémCinco fatos sobre migraçãoNão é verdade que Moro afastou promotor do caso Queiroz e delegado que investiga morte de MarielleHomem em foto com Flávio Bolsonaro é assessor do senador, não acusado de matar Marielle]"	1
12	Mourão também propõe confisco da poupança	" #Verificamos: general Hamilton Mourão não propôs confisco da poupançaPublicação com título sem relação com o texto tinha 33 mil compartilhamentos na noite deste sábado (06) Circula nas redes sociais a informação de que o general Hamilton Mourão (PRTB), vice na chapa de Jair Bolsonaro (PSL) à Presidência da República, teria sugerido o ""confisco da poupança"". Por meio do projeto de verificação de notícias, usuários do Facebook solicitaram que esse material fosse analisado. Confira a seguir o trabalho de verificação da Lupa:""Mourão também propõe confisco da poupança""Título de postagem feita no Blog da Cidadania, que já tinha mais de 33 mil compartilhamentos até às 20h35 deste sábado (6/10)FALSOO título da postagem não tem relação com seu conteúdo. Não há qualquer menção ao confisco da poupança ao longo do texto, publicado no dia 28 de setembro. Trata-se, na verdade, da cópia integral de uma reportagem publicada pela Folha de S.Paulo no dia 27 de setembro, com o título original ""Mourão propõe renegociar os juros da dívida do governo"" e o subtítulo ""Em palestra, vice de Bolsonaro também criticou o 13° salário e o adicional de férias."" Em evento realizado no Rio Grande do Sul, Mourão classificou dois direitos trabalhistas (o 13° salário e o abono de férias) como ""jabuticabas brasileiras"". No Twitter, Jair Bolsonaro não citou o vice de sua chapa, mas defendeu a permanência do 13° salário: ""Criticá-lo [o 13° salário], além de uma ofensa a quem trabalha, confessa desconhecer a Constituição"".No evento em que supostamente teria defendido o confisco da poupança, Mourão fala do assunto em apenas uma ocasião, ao dizer que ""o brasileiro poupa pouco"". Além da Folha de S.Paulo, outros jornais publicaram notícias sobre o evento e nenhum deles mencionou que Mourão tivesse falado em confisco da poupança (veja aqui e aqui).A Lupa entrou em contato com o Blog da Cidadania sobre essa checagem, mas ainda não obteve retorno. Nota: esta reportagem faz parte do projeto de verificação de notícias no Facebook. Dúvidas sobre o projeto? Entre em contato direto com o Facebook. Editado por: Cristina Tardáguila"	1
13	Presidente Jair Bolsonaro assina decreto que acaba com a obrigatoriedade de bacharel em direito prestar exame [d]a OAB	" #Verificamos: É falso que Bolsonaro tenha decretado o fim da obrigatoriedade do exame da OABExigência do exame é garantida por lei, e não pode ser alterada por decretoCircula nas redes sociais a notícia de que o presidente Jair Bolsonaro teria decretado o fim do exame da Ordem de Advogados do Brasil (OAB). A aprovação neste exame, atualmente, é condição obrigatória para o exercício da advocacia no país. Por meio do projeto de verificação de notícias, usuários do Facebook solicitaram que esse material fosse analisado. Confira a seguir o trabalho de verificação da Lupa:""Presidente Jair Bolsonaro assina decreto que acaba com a obrigatoriedade de bacharel em direito prestar exame [d]a OAB""Conteúdo publicado pelos sites SJNotíciasMA e A Voz das Cidades, com mais de 200 compartilhamentos no Facebook segundo a ferramenta BuzzsumoFALSOÉ falso que o presidente tenha decretado o fim do exame da OAB. Atualmente, a lei 8.906/1994 inclui a aprovação no exame da OAB como pré-condição para o exercício da advocacia. Pela legislação brasileira, decretos presidenciais, considerados atos infralegais, não podem contrariar a lei. O conteúdo analisado pela Lupa cita o decreto 9.745/2019 como fonte da ""informação"". Na realidade, este decreto apenas estabelece a ""regulação profissional"" entre as 37 áreas de competência do Ministério da Economia, ou seja, não acaba com a obrigatoriedade do exame. Em nota oficial, a OAB reiterou que a informação é falsa:""É falsa a informação de que o governo editou um decreto que acaba com a obrigatoriedade da inscrição nos quadros da OAB para o exercício da advocacia, bem como a necessidade de realização do Exame de Ordem para tal registro. Trata-se de fake news o texto que circula pelas redes sociais apontando o decreto 9.745, de 8 de abril de 2019, como instrumento disso. O referido decreto trata apenas e tão somente da aprovação da estrutura regimental e do quadro demonstrativo dos cargos em comissão e das funções de confiança do Ministério da Economia e sequer cita a OAB, o Exame de Ordem ou qualquer outro conselho profissional apontado no texto mentiroso.""Checagens semelhantes foram publicadas pelos sites Estadão Verifica e Aos Fatos. Nota: esta reportagem faz parte do projeto de verificação de notícias no Facebook. Dúvidas sobre o projeto? Entre em contato direto com o Facebook.Editado por: Chico Marés"	1
14	Não há mais vagas em hotéis em Brasília para a posse de Bolsonaro.	" #Verificamos: É falso que não há mais vagas nos hotéis de Brasília para a posse de BolsonaroSegundo o setor, capital do país está com 50% de sua capacidade preenchida para o dia 1 de janeiro de 2019Circula nas redes sociais a ""informação"" de que os hotéis de Brasília já estariam todos lotados para a posse do presidente eleito, Jair Bolsonaro (PSL), que acontece no dia 1 de janeiro de 2019. Por meio do projeto de verificação de notícias, usuários do Facebook solicitaram que esse material fosse analisado. Confira a seguir o trabalho de verificação da Lupa:""Não há mais vagas em hotéis em Brasília para a posse do presidente""Frase que consta em imagens (aqui e aqui) que circulam na internet e que, até as 16h do dia 26 de novembro de 2018, já tinham sido compartilhadas mais de 32 mil vezes no FacebookFALSODe acordo com a Pesquisa de Serviços de Hospedagem do IBGE publicada em 2017, Brasília tem 279 estabelecimentos de hospedagem e um total de 39.424 leitos. Na tarde de 26 de novembro de 2018, a metade deles ainda estava vaga para o dia 1 de janeiro de 2019, quando o presidente eleito, Jair Bolsonaro, tomará posse. A informação foi repassada à Lupa pela Associação Brasileira da Indústria de Hotéis do Distrito Federal (ABIH-DF). De acordo com a entidade, nesta segunda-feira, Brasília ainda tinha 50% de disponibilidade na data em questão. Os hotéis situados no Lago Sul eram os mais perto de sua capacidade máxima, enquanto os da zona central ainda tinham muitas vagas em aberto. A presidente da ABIH-DF, Adriana Pinto, ressaltou que considerava o desempenho animador. ""As expectativas são animadoras, porque nessa época do ano a procura é muito baixa e esse ano, com a mudança de governo, estamos recebendo muitas reservas"". Ela esclarece ainda que há vagas em hotéis econômicos, médios e de alto padrão para quem quiser comparecer à posse. Uma rápida busca em sites como o booking.com também mostrava uma boa oferta de vagas ainda disponíveis na tarde de 26 de novembro. Por ora, ao contrário do alardeado nas redes sociais não está confirmada a necessidade de acampar ou buscar hotéis em cidades vizinhas à capital federal. *Nota: esta reportagem faz parte do projeto de verificação de notícias no Facebook. Dúvidas sobre o projeto? Entre em contato direto com o Facebook.Editado por: Cristina Tardáguila"	1
15	Haddad cancelou aula na USP para comemorar queda das Torres Gêmeas	"""É #FAKE que Haddad cancelou aula na USP para comemorar queda das Torres Gêmeas""Post de relato tem sido bastante compartilhado no Facebook. Segundo assessoria da FFLCH-USP, Haddad estava licenciado no período e não deu aulas em 2001. Um post que relata que Fernando Haddad, candidato do PT à Presidência, cancelou uma aula na Universidade de São Paulo (USP) para comemorar a queda das Torres Gêmeas em 11 de setembro de 2001 tem sido bastante compartilhado no Facebook. Segundo a USP, porém, Haddad estava licenciado no período e não deu aulas no referido ano. As informações, portanto, são #FAKE.Segundo a autora do relato, em 11 de setembro de 2001 ela foi para a USP à noite para ter aula de ""Teoria Política 4 com o prof. Fernando Haddad"".""Ele entrou na sala e disse que não iria dar aula naquela noite... Que o capitalismo havia ruído e que o dia 11 de setembro ficaria marcado para sempre como o dia em que o império americano fora derrotado por todos os seus inimigos. Era dia de comemorar e de celebrar esse feito gigante. Nós não tivemos aula, passamos 3 horas discutindo um novo mundo - melhor - que surgiria daquele maravilhoso acidente"", diz o relato.De acordo com a assessoria de imprensa da Faculdade de Filosofia, Letras e Ciências Humanas (FFLCH) da USP, porém, Haddad, que de fato deu aula na instituição, estava licenciado entre os dias 2 de janeiro de 2001 e 1° de janeiro de 2003.Haddad foi nomeado chefe de gabinete da Secretaria de Finanças e Desenvolvimento Econômico da Prefeitura de São Paulo no dia 2 de janeiro de 2001 por Marta Suplicy, então prefeita da cidade. É possível ver a nomeação da página 3 do Diário Oficial da época.Antes de se licenciar para atuar no governo de Marta Suplicy, Haddad lecionou na graduação até 2000. Ele voltou a dar aulas somente em 2017, um ano após perder a reeleição à prefeitura. Em maio daquele ano, no entanto, licenciou-se novamente (até 1/5/2019).Em um novo post em que reafirma o conteúdo original, a autora, ex-aluna da faculdade, afirma que basta ver que o hoje candidato não teve o nome e o afastamento publicados no Diário Oficial em 2001, somente em 2002, e anexa um documento para provar seu ponto. Não é verdade.A informação consta, sim, do DO, publicado no dia 23 de janeiro de 2001. Como o afastamento dado foi válido por um ano, em 2002 houve apenas uma nova publicação no DO.Outro detalhe que denota a falsidade do post é que não existe nenhuma disciplina denominada ""Teoria Política 4"", mas sim ""Política IV - Instituições Políticas Brasileiras I"". Haddad, porém, nunca a ministrou, segundo a USP, porque não faz parte da área de pesquisa dele.Procurada, a assessoria de Haddad afirma que a mensagem é fake. "	1
16	O caso JBS uniu partidos contra o uso da delação premiada	"Como o caso JBS uniu partidos contra o uso da delação premiadaComo o caso JBS uniu partidos contra o uso da delação premiadaTwitterFacebookE-mailWhatsAppComo o caso JBS uniu partidos contra o uso da delação premiadaPor Tai Nalon 23 de junho de 2017, 02h00TwitterFacebookEmailWhatsAppDepois de dois dias de análise no plenário do Supremo Tribunal Federal, a maioria dos ministros da Corte validou nesta quinta-feira (22) os procedimentos usados pela Procuradoria Geral da República no acordo de delação do caso JBS. Alvo de pressão de políticos de todas as colorações partidárias, a delação do diretor da JBS Joesley Batista conseguiu unir siglas como PSDB, PMDB e PT contra o instrumento das delações.Aos Fatos reuniu declarações de líderes partidários, advogados de políticos e notas oficiais para demonstrar como o discurso contra ou a favor do instrumento da delação premiada varia a depender do personagem a ser delatado e da circunstância em que ela é firmada. Enquanto, desta vez, críticos do uso das delações discordam da liberdade concedida aos irmãos Batista, noutras, também atacam seu uso quando o delator está preso.O grande problema da delação premiada é que o grande prêmio para os delatores é envolver o Lula. - ex-presidente Luiz Inácio Lula da SilvaSempre crítico ao avanço da Lava Jato sobre o PT, o ex-presidente petista já afirmava em janeiro de 2016 ser alvo preferencial da operação - e, por isso, colocava em dúvida o uso do instrumento da delação para sustentar investigações.A Operação Lava Jato tornou-se referência e, como tal, deve ter seguimento e proteção contra qualquer interferência que possa enfraquecê-la. - presidente Michel TemerA afirmação foi feita em 12 de maio de 2016, quando Temer tomou posse como presidente interino. Ele não citou nominalmente o uso de delações premiadas, mas disse que ""a moral pública será permanentemente buscada por meio dos instrumentos de controle"".O senador Aécio Neves considera importante o fim do sigilo sobre o conteúdo das delações, iniciativa solicitada por ele ao ministro Edson Fachin na semana passada, e considera que assim será possível desmascarar as mentiras e demonstrar a absoluta correção de sua conduta. - nota do senador Aécio Neves (PSDB-MG)Depois da divulgação das delações do grupo Odebrecht, em 11 de abril deste ano, Aécio afirmou em nota que ""o Brasil hoje precisa de transparência, e a Lava Jato está colaborando para que se coloquem as cartas na mesa"". As delações em questão engolfaram políticos de vários partidos, incluindo o próprio senador, acusados de receber quantias milionárias ilegalmente para atuar em favor da empreiteira.A pessoa vai chamar o delator para que o delator conte, delate, etc, para ter dados investigatórios, não é para ter dados condenatórios, ter dados investigatórios. (...) Importante, eu não quero tirar a importância. Mas veja, só uma empresa aí, parece que tinha 77 delatores... A Odebrecht, não é isso? Aí, banalizou um pouco, para usar a sua expressão. Enfim, são fatos repetitivos, eu não sei se estão melhor, também não quero fazer considerações sobre isso. - presidente Michel TemerEm entrevista para a Rede Vida em 15 de maio, antes de estourar o caso JBS, Temer preferiu não ""fazer considerações"" a respeito de delações. ""Hoje eu chefio o Poder Executivo e eu tomo muito cuidado na interferência"", disse.Quando a pessoa decide fazer uma delação, ela faz isso quando já está presa. Então ela perde o sentido do justo, do bom, do certo, do errado. Do bom e do mau. Ela tem um rebaixamento de seus princípios morais. Ela está presa, sem a mulher, sem os filhos, sem comida, com uma latrina dentro da cela. Delação não é prova, não é meio de prova. É preciso que se perquira se essa delação é verdadeira ou não. É preciso que se veja a efetividade dessa delação. Não basta que se delate. - Antônio Cláudio Mariz de Oliveira, advogado do presidente Michel TemerAntes mesmo de ser contratado como advogado de Temer no caso da delação da JBS, Mariz de Oliveira foi cotado para ocupar o cargo de ministro da Justiça ao menos duas vezes. Porém, foram suas críticas à Lava Jato que impediram que ele assumisse de fato o cargo.Em maio deste ano, Mariz disse que delações não deveriam ser usadas para sustentar inquéritos, especialmente quando o indivíduo está preso.Não podemos permitir que tal crime perfeito se concretize. (...) Há que se rever a colaboração premiada negociada junto à Procuradoria-Geral da República e homologada pelo Supremo Tribunal Federal, além das bases do acordo de leniência ainda em andamento. - PMDB, PSDB, DEM e mais 14 partidos na Câmara, além de integrantes da oposiçãoEm 23 de maio deste ano, poucos dias depois de reveladas informações acerca da delação de Joesley Batista, representantes de 17 partidos e líderes do governo de Michel Temer na Câmara apresentaram uma proposta para que a Comissão de Finanças e Tributação da Casa autorizasse uma ação de fiscalização conjunta com Tribunal de Contas da União, Banco Central, Comissão de Valores Mobiliários, Ministério da Transparência e Advocacia Geral da União. O objetivo era pressionar politicamente pela anulação da delação, ainda que simbolicamente.Os envolvidos na iniciativa incluíam também, além de siglas governistas, integrantes do PT, do PDT e do PSB, que fazem oposição ao governo Temer. Segundo reportagem da Folha de S.Paulo, o documento era endossado por partidos que reuniam 448 dos 513 deputados, o que corresponde a 87% dos assentos na Câmara.Nesse caso, o problema era que o delator não foi preso.No nosso modo de ver, [as delações] devem ser revistas. Revistas no sentido de que tem que haver também uma penalização aos empresários e à JBS pelos prejuízos causados ao país. Não é possível que uma empresa que fatura bilhões não tenha nenhuma penalidade e possa ser transferida para os Estados Unidos, que é o que eles vêm fazendo, de forma a sobreviver sem nenhum incômodo. - líder do PT na Câmara, Carlos Zarattini (SP)O líder do PT na Câmara, Carlos Zarattini, defendeu na última quarta-feira (21) a revisão da delação da JBS. Um dia antes, ele afirmara que torcer para a prisão de Aécio, baseada na colaboração premiada em questão, ""é um equívoco"".Em artigo publicado no UOL, o procurador-geral da República, Rodrigo Janot, afirmou que ""não teve outra alternativa senão conceder o benefício da imunidade penal aos colaboradores"". Ele enumerou premissas como ""a gravidade dos fatos"" e ""a situação concreta"" de que somente por delação as suspeitas sobre os políticos envolvidos no caso seriam investigadas.Embora os irmãos Batista tenham de fato assegurado imunidade, a empresa controladora da JBS foi multada. Assinou no fim do mês passado um acordo de leniência no valor de R$ 10,3 bilhões, que, conforme o Ministério Público, deverá ser pago ao longo de 25 anos. O valor, por isso, poderá chegar a R$ 20 bilhões, reajustado pela inflação.TwitterFacebookEmailWhatsAppLeia tambémCinco fatos sobre migraçãoNão é verdade que Moro afastou promotor do caso Queiroz e delegado que investiga morte de MarielleHomem em foto com Flávio Bolsonaro é assessor do senador, não acusado de matar Marielle]"	1
17	Vídeo de marcha em Caracas é de 2016 e não tem relação com Juan Guaidó.	" #Verificamos: Vídeo de marcha em Caracas é de 2016 e não tem relação com Juan GuaidóPublicação no Facebook indica que manifestação ocorreu neste 23 de janeiro, mas ato não tem conexão com novo presidente da VenezuelaCircula nas redes sociais um vídeo de 20 segundos com a hashtag ""#23Ene Impresionante"" como legenda e que mostra uma multidão tomando as ruas de Caracas, supostamente em reação à mudança na presidência da Venezuela. Nesta quarta-feira (23), Juan Guaidó, presidente da Assembleia Nacional se declarou o novo mandatário do país. Por meio do projeto de verificação de notícias, usuários do Facebook solicitaram que esse material fosse analisado. Confira a seguir o trabalho de verificação da Lupa:""#23Ene [23 de janeiro] Impresionante""Vídeo que foi publicado no Facebook e que até as 18h do dia 23 de janeiro de 2019 já tinha mais de 2 mil compartilhamentosFALSOApesar de o vídeo, de fato, mostrar a cidade de Caracas, ele não foi filmado nesta quarta-feira, 23 de janeiro de 2019, mas em 1° de setembro de 2016. Naquela ocasião, a oposição pedia para que o Conselho Nacional Eleitoral (CNE) da Venezuela agilizasse os procedimentos para a realização de um referendo revogatório contra o mandato do presidente Nicolás Maduro. Esse vídeo pode ser visto, por exemplo, no site do jornal panamenho La Prensa.Nesta quarta-feira (23), Juan Guaidó, opositor de Maduro e presidente da Assembleia Nacional, se declarou presidente interino da Venezuela. O Brasil, assim como os Estados Unidos, a OEA e o Canadá, entre outros países, reconheceu o novo mandatário. *Nota: esta reportagem faz parte do projeto de verificação de notícias no Facebook. Dúvidas sobre o projeto? Entre em contato direto com o Facebook.Editado por: Cristina Tardáguila e Natália Leal"	1
18	O advogado de agressor de Bolsonaro esteve em audiência de Lula	" #Verificamos: É falso que advogado de agressor de Bolsonaro esteve em audiência de LulaKakay não é defensor nem de Adélio Bispo nem do ex-presidente que foi ouvido em Curitiba nesta semana Circulam nas redes sociais imagens que ""informam"" que um dos advogados de Adélio Bispo, homem que esfaqueou Jair Bolsonaro em Juiz de Fora (MG) em setembro deste ano, teria participado da audiência do ex-presidente Luiz Inácio Lula da Silva nesta semana. Por meio do projeto de verificação de notícias, usuários do Facebook solicitaram que esse material fosse analisado. Confira a seguir o trabalho de verificação da Lupa:""Um dos advogados do Adélio na audiência do Lula""Frase que acompanha imagem (aqui, aqui, aqui, aqui e aqui) e que, até as 17h do dia 16 de novembro de 2018, já tinha mais de 59 mil compartilhamentos no FacebookFALSOO homem de óculos retangular e gravata vermelha que aparece na segunda foto da imagem analisada pela Lupa é o advogado criminalista Antônio Carlos de Almeida Castro, conhecido pelo pseudônimo Kakay e por atender a diversos políticos envolvidos em escândalos de corrupção. A Lupa entrou em contato com Kakay nesta sexta-feira (16) e, por WhatsApp, ele informou que não é advogado nem de Adélio Bispo, preso por ter esfaqueado o presidente eleito, Jair Bolsonaro, nem do ex-presidente Luiz Inácio Lula da Silva, condenado por corrupção e lavagem de dinheiro. Na manhã desta sexta-feira, Kakay chegou a gravar um vídeo em sua casa de praia em Trancoso (BA) para desmentir a ""notícia"" de que seria advogado de Adélio ou de Lula. Na gravação, ainda afirma que está na Bahia desde a quarta-feira, dia 14, quando o ex-presidente Lula foi interrogado na sede da Justiça Federal em Curitiba. À Lupa, Kakay afirmou que nunca esteve em nenhuma audiência do petista. Nos vídeos do depoimento do ex-presidente feitos na última quarta-feira, é possível ver com maior clareza que a pessoa na foto não é Kakay. A Lupa solicitou à Justiça Federal do Paraná informações que permitam identificar o cidadão, mas até a publicação desta checagem não havia tido retorno. Nesse mesmo vídeo, é possível ver que Lula é defendido por Cristiano Zanin e a equipe do escritório Teixeira, Martins Advogados. O boato de que Kakay seria defensor de Adélio, além de falso, também é antigo. Em 25 de outubro a Lupa desmentiu a informação. Na ocasião, Kakay enviou nota com a seguinte declaração: ""Não conheço, nunca vi e não sou advogado deste tal Adélio. Esta notícia é falsa e faz parte deste conjunto de crimes que diariamente está perpetrado contra a sociedade brasileira e contra a democracia. Tomarei todas as medidas judiciais para encontrar estes facínoras, que agem nas sombras e no covarde anonimato. Criminosos que atentam contra a soberania nacional ao tentarem interferir no processo eleitoral. Se ousam atentar contra o Supremo Tribunal certamente se sente à vontade para atentar contra um advogado. Não passarão. A Constituição vai prevalecer"". Ao todo, 17 advogados atuam na defesa de Adélio. Eles são de Minas Gerais, Pará, Distrito federal e Rio Grande do Sul. Nenhum deles é Kakay. *Nota: esta reportagem faz parte do projeto de verificação de notícias no Facebook. Dúvidas sobre o projeto? Entre em contato direto com o Facebook.Editado por: Cristina Tardáguila"	1
19	Vídeo de jornalista viraliza nas redes como se fosse de vítima de Brumadinho	"Vídeo de jornalista viraliza nas redes como se fosse de vítima de BrumadinhoVídeo de jornalista viraliza nas redes como se fosse de vítima de BrumadinhoTwitterFacebookE-mailWhatsAppVídeo de jornalista viraliza nas redes como se fosse de vítima de BrumadinhoPor Luiz Fernando Menezes 1 de fevereiro de 2019, 17h47TwitterFacebookEmailWhatsAppUm vídeo do jornalista Sérgio Cursino intitulado ""A gente vai embora"" tem sido atribuído nas redes sociais, de maneira falsa, a Márcio Mascarenhas, dono de uma pousada em Brumadinho (MG) que morreu no desastre provocado pelo rompimento da barragem da Vale, há uma semana.A informação enganosa viralizou nas redes sociais desde a última quarta-feira (30), quando Cursino publicou originalmente o vídeo em seu canal no YouTube. No Facebook, uma das publicações que faz a falsa associação já passa de 82 mil compartilhamentos. Esta e outras postagens semelhantes foram marcadas por Aos Fatos com o selo FALSO na ferramenta de verificação do Facebook (entenda como funciona).FALSOOlha o dono da pousada de BrumadinhoNo vídeo, Sergio Cursino declama um texto para refletir sobre a fugacidade da vida, com trechos como ""a gente vai embora, toda nossa importância se esvai, essa importância que nós pensávamos que tínhamos, a vida continua, ela segue, as pessoas superam"". O mote da mensagem fez com que muita gente compartilhasse o conteúdo achando que teria sido gravado pelo dono da pousada Nova Estância, Márcio Mascarenhas, antes de morrer no desastre de Brumadinho (MG).Os corpos de Mascarenhas e de seu filho, Márcio Coelho Barbosa Mascarenhas, foram identificados na última quarta-feira (30). A sua esposa, Cleosane Coelho Mascarenhas, também morreu em decorrência do rompimento da barragem da Vale. A pousada, que ficava perto da entrada da mineradora, foi soterrada pela lama.Ao Aos Fatos, por mensagem de áudio, o jornalista Sergio Cursino disse que a atribuição enganosa do vídeo é uma ""notícia fora de qualquer conexão"" e que lamenta ""pelo senhor que faleceu, pelas vidas que se foram nessa tragédia. O Brasil precisa mudar demais, a começar por nós próprios"".Cursino também desmentiu o vídeo em duas publicações no Facebook. Na primeira, publicada na madrugada desta sexta-feira (1º), ele comenta a republicação da história falsa pelo jornalista Cacau Menezes: ""é um grande comunicador catarinense, passível de erro. Acontece: me matou, mas literalmente a vida segue"". Depois, em outra publicação, diz ""sou o morto mais saudável do Brasil. E vivo"".Conteúdo semelhante também foi checado pelo Boatos.org.TwitterFacebookEmailWhatsAppLeia tambémCinco fatos sobre migraçãoNão é verdade que Moro afastou promotor do caso Queiroz e delegado que investiga morte de MarielleHomem em foto com Flávio Bolsonaro é assessor do senador, não acusado de matar Marielle]"	1
20	O Bradesco foi o maior doador da minha campanha.	"Os erros e acertos de Alvaro Dias na sabatina do UOLOs erros e acertos de Alvaro Dias na sabatina do UOLTwitterFacebookE-mailWhatsAppOs erros e acertos de Alvaro Dias na sabatina do UOL 7 de maio de 2018, 11h40TwitterFacebookEmailWhatsAppChecamos, em parceria com o UOL, a sabatina com o senador Alvaro Dias (Podemos-PR). O evento dá início à série de entrevistas com pré-candidatos à Presidência da República promovida pelo portal parceiro de Aos Fatos, pelo jornal Folha de S.Paulo e pelo SBT.Veja abaixo o resultado e no tempo real do UOL.FALSOO Bradesco foi o maior doador da minha campanha.A informação é FALSA. De acordo com os dados de campanha do Tribunal Superior Eleitoral (TSE), Joel Malucelli foi o maior doador. Ele doou R$ 745.566. A J.Malucelli Equipamentos, empresa do grupo de Joel Malucelli, doou separadamente R$ 511.211. O Bradesco foi o segundo maior doador, por meio da Bradesco Corretora e da Bradesco Leasing, com R$ 500 mil.VERDADEIRO[Fui eleito com] Quase 80% dos votos.A informação é VERDADEIRA. Em 2014, na eleição ao Senado, Alvaro Dias (Podemos) recebeu 77% dos votos válidos do Paraná. Foram 3,435 milhões de votos a mais do que o segundo colocado na disputa estadual a uma vaga no Senado.VERDADEIROEssa inadimplência de mais de R$ 400 bilhões [na Previdência].O senador refere-se às empresas que devem à Previdência Social federal. De acordo com dados da Procuradoria-Geral da Fazenda Nacional, o valor da dívida previdenciária foi de R$ 433 bilhões em 2017, portanto Dias está correto. Aos Fatos já publicou checagem semelhante em entrevista do ex-ministro da Fazenda Henrique Meirelles (MDB), no ano passado.VERDADEIROFoi a nona campanha mais barata [do país].A informação é VERDADEIRA. Aos Fatos e UOL mostraram no dia 30 de abril que a campanha ao Senado de Alvaro Dias (Podemos) nas eleições de 2014 foi a segunda mais cara para o cargo pelo Paraná, e a nona mais barata entre todos os senadores eleitos naquele ano.FALSOSe for proporcional a voto, eu tenho certeza que [minha campanha] foi a mais barata.A informação é FALSA. Na campanha ao Senado de 2014, o senador Alvaro Dias teve o quarto menor custo por voto - valor diretamente ligado à competitividade da disputa. Eleições muito disputadas, com mais de um candidato ou candidata com alta chance de vitória, costumam aumentar os gastos com a campanha.A senadora Kátia Abreu (PMDB-TO), por exemplo, teve o voto mais caro entre os candidatos eleitos ao Senado em 2014. Abreu ganhou a eleição com uma diferença de apenas 5.932 votos do segundo colocado na disputa estadual. Na ponta oposta, Romário, que teve o menor custo por voto, ganhou a eleição com uma larga vantagem, levando 3,17 milhões de votos a mais do que o segundo colocado no Estado do Rio.VERDADEIRODas 50 cidades mais violentas do mundo, 11 estão no Nordeste brasileiro.Informação é VERDADEIRA. De acordo com o ranking das 50 áreas urbanas mais violentas do mundo divulgada pela organização de sociedade civil mexicana Segurança, Justiça e Paz, 17 delas são brasileiras. Dessas, 11 são do nordeste: Natal, Fortaleza, Vitória da Conquista, Maceió, Aracaju, Feira de Santana, Recife, Salvador, João Pessoa, Campina Grande e Teresina.VERDADEIRODe R$ 1,5 trilhão, passamos para R$ 4,9 trilhões [no crescimento da dívida pública].A dívida bruta do governo central (dívidas sob responsabilidade dos governos federal, estaduais e municipais, excluindo dívidas de estatais e do Banco Central), em janeiro de 2008, era de R$ 1,57 trilhão. Em março de 2018, passou para R$ 4,98 trilhões, como mencionado por Dias.A dívida líquida do setor público (obrigações e ativos finaceiros do setor público), outro indicador usado para avaliar o endividamento de um país, era de R$ 1,20 trilhão, em janeiro de 2008, e passou para R$ 3,46 trilhões.Outro lado. Após ser questionado via assessoria de imprensa, o pré-candidato informou que usou dados sobre a dívida bruta do governo federal, que contempla União, Estados e municípios.Na checagem de Aos Fatos, a declaração foi inicialmente considerada EXAGERADA considerando que por dívida pública, Dias estaria referindo-se à dívida da União; Em 2009, segundo o relatório anual da dívida da União feito pelo Tesouro Nacional, o valor estava em R$ 1,49 trilhão. Entretanto, o número atual está longe do citado pelo senador: em março deste ano, último dado disponível, a dívida estava em R$ 3,63 trilhões.Após as considerações do candidato, Aos Fatos revisou o selo da declaração para VERDADEIRO.VERDADEIROHoje temos 52 milhões de brasileiros abaixo da linha da pobreza.Vários dados citados pelo senador sobre a renda da população brasileira vêm da SIS 2017 (Síntese de Indicadores Sociais 2017) do IBGE, inclusive este: 25,4% da população brasileira, em 2016, vivia em situação de pobreza (ganha menos do que US$ 5,5 por dia). Levando em consideração que o país tinha 205,511 milhões de pessoas neste mesmo ano, segundo o Banco Mundial, isso significa que, aproximadamente, 52,1 - milhões de brasileiros viviam em situação de pobreza. Os dados são de 2016 - os mais recentes disponíveis.IMPRECISOA metade dos brasileiros sobrevive com um salário mínimo.Segundo dados do IBGE, 50% dos trabalhadores brasileiros recebem por mês, em média, 15% menos que o salário mínimo. O levantamento foi feito ao longo de 2016 por meio da Pnad Contínua - o rendimento médio dos 50% dos trabalhadores ficou em R$ 747, abaixo dos R$ 880 estipulados como salário mínimo naquele ano.VERDADEIRO15 milhões de brasileiros sobrevivem com até R$ 136 por mês.O pré-candidato possivelmente se refere a um estudo da LCA Consultores, feito a partir de dados da Pnad Contínua, que mostrou que 14,83 milhões de pessoas viviam com até R$ 136 mensais em 2017, linha de corte adotada pelo Banco Mundial para países de desenvolvimento médio-alto.VERDADEIROPara registrar uma patente [leva-se] 11 anos...A média de tempo para que a divisão técnica do INPI (Instituto Nacional da Propriedade Industrial) tome uma decisão em relação a uma patente é de 10,23 anos, de acordo com o último relatório de atividades do órgão.IMPRECISO... para registrar um defensivo agrícola, sete anos.O mesmo relatório mostra que o órgão leva, em média 8,34 anos na área de agrícolas, e não sete anos. É a quarta área mais rápida do INPI.INSUSTENTÁVELHá mais de 10 anos eu abro mão do auxílio moradia de 5 mil e 500 reais mês...O senador não usa o benefício do auxílio-moradia de R$5.500 desde 2013, a partir de quando estão disponíveis as informações no site do Senado Federal. Como os valores de 2008 a 2012 não foram divulgados pelo Senado, não é possível confirmar a afirmação em tempo real.INSUSTENTÁVELEsse Estatuto do Desarmamento não melhorou; ao contrário, a violência cresceu avassaladoramente no país. Uma demonstração de que ele foi infrutífero.A declaração do senador é INSUSTENTÁVEL, pois não existem estudos que apontam a ineficácia do estatuto do desarmamento de forma direta. Imediatamente após a promulgação das novas regras para a compra e porte de armas, houve redução no número de homicídios, cenário que se reverteu em seguida. Os primeiros anos do estatuto implicaram em redução de vendas e aumento no recolhimento de armas, no entanto esse cenário se reverteu. Além disso, desde a promulgação, houve mudanças que flexibilizaram as regras do estatuto.Em 2004, no ano seguinte à promulgação do estatuto do desarmamento, a taxa de homicídios recuou, conforme os dados do Mapa da Violência 2012, uma publicação que acompanha dados de homicídios divulgados pelo dataSUS. Ela chegou a 27 mortes a cada 100 mil habitantes, ante taxa de 28,9 registrada em 2003. Vale lembrar que o estatuto foi promulgado em dezembro de 2003, mas só foi regulamentado em julho de 2004.Em 2005, essa taxa voltou a cair para 25,8 mil homicídios por 100 mil habitantes. A partir de 2006, no entanto, a taxa voltou a subir. Evolução que também pode ser vista no Atlas da Violência de 2017.Entre 2004 e 2005, houve redução no comércio e no recolhimento de armas com a campanha do desarmamento. Mas uma reportagem da Agência Brasil, publicada em julho de 2010, citando dados da Diretoria de Fiscalização de Produtos Controlados do Exército, aponta que a venda de armas nacionais à época estava em patamares semelhantes àqueles encontrados antes de 2003.Segundo um levantamento da ONG Viva Rio, as taxa de entrega voluntária de armas também recuou nas campanhas de desarmamento de 2008/2009, comparadas com as de 2004/2005 chegando a uma queda de quase 100% na maioria dos estados.Vale ressaltar que o Estatuto do Desarmamento sofreu mudanças ao longo desse período. Entre as mais relevantes, passou a ser permitido o porte de arma no trabalho para pessoas com armas registradas, agentes públicos de segurança passaram a poder portar arma particular e também foi estabelecida a idade mínima de 25 anos para porte de arma para moradores de área rural que a usam para subsistência familiar.Outro lado. Em resposta à checagem da declaração sobre eficácia do estatuto do desarmamento, o senador Alvaro Dias, por meio de nota da assessoria de imprensa, afirmou que o ""estatuto do Desarmamento não melhorou; ao contrário, a violência cresceu avassaladoramente no país. Uma demonstração de que ele foi infrutífero"". Aos Fatos mostrou que nos dois anos seguintes à aprovação do estatuto houve queda na taxa de homicidios, mas o número voltou a crescer a partir de 2006. A declaração do senador sobre a ineficiência do estatuto foi considerada insustentável porque, além da promulgação do novo marco legal, outras alterações ocorreram no mesmo período, como o aumento na venda de armas de fogo a partir de 2007 e a redução do desarmamento voluntário depois de 2005.Na nota o senador também cita artigos da Constituição, do código penal, do código do processo penal e do código civil para justificar que ""o desarmamento civil após 2003, contudo, desapropriou a população de um dos meios de agir nesse campo [da segurança pública]"". É válido lembrar que Dias não se opôs à aprovação do estatuto em dezembro de 2003, quando era senador pelo PSDB. Na época, não houve votação nominal, mas apenas o senador Antonio Carlos Valadares (PSB-SE) registrou voto contrário ao projeto de lei.Dias também afirma que ""com o Estatuto do Desarmamento, o cidadão comum perdeu poder para exercer esses direitos para as polícias e empresas de segurança privada, apesar de ter sinalizado no referendo de 2005 que não queria perdê-los (63,94% da população disse ""não"" à pergunta: ""O comércio de armas de fogo e munição deve ser proibido no Brasil?"")"". O senador se remete equivocadamente ao referendo de outubro de 2005, que não interrogou os votantes a respeito do porte de armas, mas em relação sobre a venda.EXAGERADO... e os 15 mil reais da verba indenizatória também abro mão.Dias, mesmo que em valores pequenos, utilizou sim o reembolso que faz parte, junto com a verba de transporte aéreo, da Ceaps (Cota para o Exercício da Atividade Parlamentar), valor destinado a cobrir despesas relativas ao exercício do mandato. Ele reembolsou algum de seus gastos com locomoção, hospedagem, alimentação e combustíveis em 2011, 2015, 2016 e 2017.No Paraná, o valor da cota é de R$ 32.586,60. Vale ressaltar que o senador não ressarciu seus outros gastos contemplados pelo benefício, como aluguéis de imóveis para seus escritórios, aquisição de materiais ou contratações de serviços de apoio ao parlamentar.(Ana Rita Cunha, Bárbara Libório, Bernardo Moura, Judite Cypreste, Luiz Fernando Menezes e Tai Nalon)Matéria alterada dia 7 de maio de 2018, às 20h54 para incluir a nota enviada pela assessoria de imprensa de Alvaro Dias. Matéria alterada posteriormente dia 8 de maio de 2018, às 14h30 para alterar o selo da checagem sobre dívida pública e para incluir informações sobre o processo de implementação do estatuto do desarmamento. TwitterFacebookEmailWhatsAppLeia tambémCinco fatos sobre migraçãoNão é verdade que Moro afastou promotor do caso Queiroz e delegado que investiga morte de MarielleHomem em foto com Flávio Bolsonaro é assessor do senador, não acusado de matar Marielle]"	1
21	Não é o rosto de Pablo Vittar.	"""É mentira: Felipão não fez cara feia ao ver Pabllo Vittar em garrafa  ""Pabllo Vittar já foi alvo de uma série de memes e \""fakenews\""(notícias fraudulentas) nas redes sociais. A mais... Pabllo Vittar já foi alvo de uma série de memes e ""fakenews""(notícias fraudulentas) nas redes sociais. A mais recente delas mostra um vídeo em que o técnico do Palmeiras, Luiz Felipe Scolari, estaria fazendo uma careta ao ver o rosto da cantora em uma garrafa deGatorade.O trecho do vídeo de poucos segundos que circula pelos aplicativos de mensagem foi tirado de uma entrevista do técnico, após o jogo do time paulista contra o paraguaio Cerro Porteño, pela Copa Libertadores da América, no último dia 9.A partir de1 minuto e 7 segundosdo vídeo, Felipão pega a garrafa, nota algum detalhe, faz cara feia e a devolve sobre a mesa. Segundo a mensagem que circula pelas redes sociais, o motivo para o ato inusitado seria o rosto de Pabllo Vittar, apontada comogarota-propaganda da bebida.FALSO: Não é o rosto de Pabllo VittarSeja lá o que não agradou o técnico do Palmeiras na garrafa da bebida, não foi o rosto de Pabllo Vittar. A artista não é contratada pela marca.Na verdade, a Gatorade, patrocinadora da Copa Libertadores da América e do time paulista, tem uma campanha global com diferentes jogadores: de Leonel Messi, do Barcelona, ao brasileiro Gabriel Jesus, do Manchester City.O rosto que aparece no vídeo é, na verdade, do jogador peruano Edison Flores, atacante do clube dinamarquês Aalborg BK. Representante da seleção do Peru na Copa do Mundo, o jogador foi um dos escolhidos para estampar as garrafas na América do Sul.Não há registro algum de quePabllo tenha feito uma campanha para a Gatorade. A empresa não respondeu ao questionamento doUOL até o fechamento desta matéria.""Agora Pabllo Vittar foi longe demais...""A cantora PablloVittar é alvo frequente de notícias falsas e piadas nas redes sociais. Desde notas de real que supostamente levariam seu nome a turnês por escolas estaduais para ensinar sobre diversidade sexual.Recentemente, seu rosto foi colocado no lugar da imagem de Fernando Haddad como vice na chapa de Lula (PT), após o lançamento da candidatura do petista à Presidência. O próprio perfil do candidato comentou a montagem e explicou a brincadeira.Em abril, a cantora comentou,durante uma entrevista, o uso frequente do seu nomeem boatos. ""Hoje em dia, eu dou risada. Mas antes eu ficava muito incomodada com o quanto as pessoas têm capacidade de inventar notícias falsas sobre alguém por simples desejo de prejudicar, porque não gostam ou odeiam"", afirmou. "	1
22	Projeto que retira rótulos de produtos transgênicos usa dados errados em sua justificativa	"Projeto que retira rótulos de produtos transgênicos usa dados errados em sua justificativaProjeto que retira rótulos de produtos transgênicos usa dados errados em sua justificativaTwitterFacebookE-mailWhatsAppProjeto que retira rótulos de produtos transgênicos usa dados errados em sua justificativaPor Luiz Fernando Menezes 9 de maio de 2018, 19h45TwitterFacebookEmailWhatsAppO PLC (Projeto de Lei da Câmara) 34/2015, que tira a obrigatoriedade do rótulo com a informação sobre a presença de transgênicos em alimentos de consumo humano ou animal que tenham menos de 1% deste tipo de organismo, foi aprovado na Comissão do Meio Ambiente do Senado no dia 17 de abril e agora segue em tramitação. O texto é originário do PL 4148/2008, de autoria do deputado Luis Carlos Heinze (PP-RS).De acordo com o projeto, a fiscalização atual é problemática porque é baseada na apresentação de documentos de difícil controle. Hoje, a rotulagem dos OGMs (organismos geneticamente modificados) em alimentos é regulada pelo decreto de 2003, que estabelece como parâmetro o percentual de 1% de presença de matéria prima geneticamente modificada na sua composição. Entretanto, os produtos que não contêm esse percentual precisam provar, por meio de documentos fiscais, que realmente não chegam a esse percentual.Essa fiscalização é feita por diversos órgãos, como o Ministério da Agricultura, Pecuária e Abastecimento, o Ibama e a Anvisa. Cada um normatiza sua atuação e utiliza critérios que podem variar de acordo com o tipo de produto ou atividade. Uma das principais críticas feitas pelo projeto é que o símbolo utilizado atualmente no Brasil causa desinformação, porque sugere que os produtos com OGMs fazem mal à saúde.Aos Fatos checou essa e outras informações presentes na justificativa. Confira o resultado abaixo.INSUSTENTÁVELTodas as matérias-primas utilizadas na produção de alimentos, incluindo as geneticamente modificadas, são previamente avaliadas pelas autoridades competentes e consideradas seguras para consumo humano e animal. Assim, a informação sobre a transgenia se presta a garantir o direito de escolha, sem de nenhuma forma afetar a saúde do consumidor.Há diversos estudos que se dedicam a analisar o impacto dos alimentos transgênicos na saúde humana, mas não há consenso em seus resultados.Um estudo de 2012, publicado pelo pesquisador Gilles-Eric Séralini sobre o milho nk603, é um dos principais responsáveis pela preocupação de quem acredita que os OGMs são prejudiciais. Nele, ratos que foram alimentados com o produto transgênico ao longo de dois anos apresentaram grandes formações de tumores cancerígenos. O estudo, porém, foi muito criticado por seu método experimental, pelo pequeno número de ratos usados e pela dieta instituída e acabou sendo retirado da revista científica. Em 2014, os cientistas republicaram o estudo com retratação.Por outro lado, em 2016, uma revisão bibliográfica da Academia Nacional de Ciências dos Estados Unidos, feita com estudos científicos sobre o tema publicados desde 1986, concluiu que não existem provas conclusivas de que os transgênicos causem problemas à saúde ou ao ambiente.No entanto, dizer que ""não existem provas"" não é o mesmo que dizer que os alimentos transgênicos não fazem mal à saúde. Um artigo recente do New York Times assinado pela jornalista e bioquímica Jane Brody, explica ""não é possível provar que um alimento é seguro simplesmente dizendo que nenhum perigo foi apresentado"". Mesmo que 90% dos cientistas acreditem que os OGMs são seguros, só será possível comprovar isso quando forem realizadas ""décadas de estudos com consumidores de transgênicos e suas contrapartes que não comem OGMs"".Dráuzio Varella, médico cancerologista, explica essa mesma ideia com o termo ""prova negativa"": provar que algo faz mal é fácil, é só ver se quem comeu passou mal ou ficou doente; já provar que algo não faz mal leva muito tempo e dinheiro.O Genetic Literacy Project, mesmo tendo uma posição favorável em relação aos alimentos transgênicos, também diz que provar que eles são 100% seguros é um desafio, já que ""nada pode ser provado como 100% seguro"".Uma das preocupações é se os alimentos transgênicos podem causar alergias, já que possuem material genético de outros alimentos. Um estudo da década de 1990 envolvendo soja transgênica com proteínas da castanha-do-pará mostrou que há, sim, fortes evidências de que o grão causaria problemas às pessoas alérgicas à castanha. No entanto, alergias são mais fáceis de serem testadas pelos órgãos fiscalizadores e, por causa disso, de acordo com o co-diretor de pesquisa em Alergias Alimentares da Universidade de Nebraska-Lincoln, Steve Tay"	1
23	É uma montagem o tweet de Haddad com elogio a Nicolás Maduro.	"É uma montagem o tweet de Haddad com elogio a Nicolás MaduroÉ uma montagem o tweet de Haddad com elogio a Nicolás MaduroTwitterFacebookE-mailWhatsAppÉ uma montagem o tweet de Haddad com elogio a Nicolás MaduroPor Alexandre Aragão 16 de outubro de 2018, 14h41TwitterFacebookEmailWhatsAppTrata-se de uma montagem um tweet atribuído ao candidato à Presidência do PT, Fernando Haddad, que mostra uma mensagem de apoio ao ditador da Venezuela, Nicolás Maduro. O texto jamais foi publicado na conta do petista que, inclusive, não tuitou nada sobre a Venezuela.A montagem atribui a seguinte frase ao petista (os erros ortográficos foram mantidos): ""A revolução que acontece na Venezuela, é sem dúvidas uma conquista que deverá ser exemplo para todos os Paises! Parabéns Maduro! Estamos juntos !"".A imagem tem circulado em grupos de WhatsApp e foi enviada de lá por leitores do Aos Fatos (saiba mais) como sugestão de checagem. Para participar, envie uma mensagem para (21) 99956-5882.A montagem também foi publicada em outras redes sociais e, somente no Facebook, foi compartilhada 2.700 vezes a partir de um perfil pessoal. Este post foi marcado como FALSO na ferramenta de verificação da rede social (entenda como funciona).Confira abaixo, em detalhes, o que checamos.FALSOHaddad: ""A revolução que acontece na Venezuela, é sem dúvidas uma conquista que deverá ser exemplo para todos os Paises! Parabéns Maduro! Estamos juntos !""Uma busca no Twitter mostra que a conta de Fernando Haddad (@Haddad_Fernando) não tem nenhum tweet com a palavra ""Venezuela"". Também não há tweets com a palavra ""Maduro"". Além disso, o texto do falso tweet apresenta erros ortográficos graves. O sujeito e o verbo estão separados por vírgula e a palavra ""países"" está grafada sem acento agudo. A última exclamação também está separada da frase.Vale dizer que, em 13 de agosto, Haddad declarou que a Venezuela e a Nicarágua, regimes que ainda são apoiados pelo PT, não são democracias. O presidenciável afirmou: ""Quando você está em conflito aberto, como está lá, não pode caracterizar como uma democracia. A sociedade não está conseguindo, por meios institucionais, chegar a um denominador comum.""Já o PT, sigla de Haddad, declarou apoio ao regime venezuelano em diversas ocasiões. Em maio, o partido divulgou, com o PC do B, nota de apoio à reeleição de Maduro, que classificaram como ""expressão da vitalidade do sistema eleitoral democrático venezuelano e dos sólidos laços do governo com o povo"". Em junho, a OEA (Organização dos Estados Americanos), órgão que hoje fiscaliza a eleição brasileira, declarou que o pleito na Venezuela havia sido ilegítimo.A nota de apoio mais recente assinada pelo PT é de agosto, quando Maduro declarou ter sido vítima de uma tentativa de atentado político, o que não ficou comprovado. Após o episódio, a secretária de Relações Internacionais do partido, Monica Valente, escreveu: ""Rechaçamos as pretensões de violência que buscam alterar as decisões democráticas do povo da Venezuela, pretensões essas que atentam contra a paz na Venezuela e na região latino americana e caribenha"".TwitterFacebookEmailWhatsAppLeia tambémCinco fatos sobre migraçãoNão é verdade que Moro afastou promotor do caso Queiroz e delegado que investiga morte de MarielleHomem em foto com Flávio Bolsonaro é assessor do senador, não acusado de matar Marielle]"	1
24	A imagem que volta a circular agora chegou a viralizar no início da campanha eleitoral, em agosto do ano passado. À época, a assessori	" #Verificamos: Foto de Marina Silva de 1986 é de manifestação, e não de invasão a fazendaRegistro já havia circulado na eleição e é de ato feito por seringueiros para impedir o desmatamento em fazenda de Xapuri, no AcreCircula nas redes sociais uma foto da ex-candidata à Presidência da República pela Rede, Marina Silva, liderando um grupo de pessoas em uma trilha no meio do mato. A legenda que acompanha a imagem afirma que o registro é da invasão de uma fazenda no Acre em 1986. Por meio do projeto de verificação de notícias, usuários do Facebook solicitaram que esse material fosse analisado. Confira a seguir o trabalho de verificação da Lupa:""Essa é a Marina Silva invadindo fazendas no estilo MST em 1986""Legenda de imagem que, até as 16h do dia 3 de abril de 2019, tinha diversos compartilhamentos no FacebookFALSOA informação analisada pela Lupa é falsa. A imagem que volta a circular agora chegou a viralizar no início da campanha eleitoral, em agosto do ano passado. À época, a assessoria de Marina Silva negou que o registro estivesse ligado à uma invasão de terras ou ao Movimento Sem Terra (MST). Segundo informado, tratava-se de um ""empate"" _ um ato político em que manifestantes se colocavam na frente de árvores para impedir que fossem derrubadas _ ocorrido em Xapuri, no Acre. Desde 2010, o verbete que define ""empate"" na Wikipedia é ilustrado por esta mesma foto. Em discurso no Senado Federal em 14 de novembro de 1996, Marina Silva, então parlamentar pelo Acre, relembrou o episódio: ""após andarmos seis horas a pé, chegamos onde os fazendeiros iriam derrubar ilegalmente 700 hectares de floresta. Enfrentamos os peões e a polícia -paga com o dinheiro público- que estavam ali de prontidão para defender os interesses dos fazendeiros e percebemos que éramos impotentes para resolver um problema tão grande. Voltamos a pé e foi necessária uma engenharia enorme para permanecermos na luta"". Checagem semelhante foi feita pelo site e-farsas e UOL Comprova. Nota: esta reportagem faz parte do projeto de verificação de notícias no Facebook. Dúvidas sobre o projeto? Entre em contato direto com o Facebook.Editado por: Natália Leal e Nathália Afonso"	1
25	Lula caiu na grama em Davos, durante o Fórum, janeiro de 2003	" #Verificamos: É falso que Lula tenha caído na grama na visita que fez a Davos em 2003Foto que viralizou foi feita em Tocantins, em 2008, e mostra ex-presidente passava debaixo de cercaCircula nas redes sociais uma foto em que o ex-presidente Luiz Inácio Lula da Silva (PT) aparece supostamente caído na grama, perto de uma grade amarela. A legenda que acompanha a imagem ""informa"" que a foto foi tirada em Davos, na Suíça, em 2003, e que Lula estaria alcoolizado naquele momento. Por meio do projeto de verificação de notícias, usuários do Facebook solicitaram que esse material fosse analisado. Confira a seguir o trabalho de verificação da Lupa:""Lula (...) caindo na grama em Davos, durante o Fórum, janeiro de 2003""Imagem que foi publicada no Facebook e que até as 17h do dia 24 de janeiro de 2019 já tinha sido compartilhada mais de 1 mil vezesFALSOA foto analisada pela Lupa foi tirada em 2008 - não em janeiro de 2003 - pelo fotógrafo Alan Marques, do jornal Folha de S.Paulo. Foi feita na cidade de Dianópolis (TO) - não em Davos, na Suíça. Na ocasião, o ex-presidente quebrou o protocolo da visita e passou debaixo de uma cerca para cortar caminho. Não estava, porta"	1
26	O suspeito de esfaquear de Bolsonaro seria José Adélio Bisco de Oliveira, filiado ao PDT mineiro.	" #Verificamos: Atentado contra Jair Bolsonaro com checagens em tempo realCandidato do PSL à Presidência da República foi atacado com uma faca durante ato de campanha em Juiz de ForaO candidato à Presidência da República pelo PSL, Jair Bolsonaro, foi esfaqueado na tarde da quinta-feira (6), durante um ato de campanha na cidade de Juiz de Fora, em Minas Gerais. Bolsonaro recebeu atendimento médico no município e se recupera de uma cirurgia. Desde as 17h40, a equipe daLupaestá checando em tempo real as informações que circulam na internet e têm relação com o ataque cometido contra o presidenciável. Esta publicação, que faz parte do projeto de verificação de notíciasdo Facebook, poderá ser atualizada a qualquer momento, ao longo das próximas horas(Nota: Este material não pode ser republicado, reescrito ou redistribuído sem autorização prévia da Lupa).""O suspeito [de esfaquear de Bolsonaro] seria José Adélio Bispo de Oliveira, filiado ao PDT mineiro""Informação divulgada por portais como FolhaMax, Metrópoles e LuisCardoso.Com.BrFALSODe acordo com informações oficiais, o nome do homem que foi preso em flagrante por esfaquear Jair Bolsonaro é Adélio Bispo de Oliveira - não José Adélio.José Adélio Bispo de Oliveira, que aparece nas notícias analisadas, é de fato filiado ao PDT de Minas Gerais, mas não é o homem preso pela agressão a Bolsonaro. Trata-se apenas de um homem com nome muito parecido.Uma consulta ao site do Tribunal Superior Eleitoral (TSE) revela que Adélio foi filiado ao PSOL do município de Uberaba, em Minas Gerais, de 2007 a 2014, ano em que pediu a desfiliação da legenda. A Lupa conferiu o título de eleitor informado na relação do PSOL, e ele confere com os documentos divulgados pela Polícia Militar de Minas Gerais. Em nota, o presidente do PSOL, Juliano Medeiros, afirmou que o partido não deve responder pelo ex-filiado que atacou Bolsonaro. ""Queremos que ele seja julgado no rigor da lei. Parece que é uma pessoa bem confusa. Se fosse ligado ao PSOL, seria minha responsabilidade. Como não é filiado, não acho que seja da nossa alçada"", disse. Anteriormente, o partido havia repudiado a agressão ao candidato e afirmado que se tratava de um grave atentado à normalidade democrática.A Lupa alertou os sites analisados. O Metrópoles alterou a informação.Circula na internet foto que mostra Jair Bolsonaro entrando a pé num hospital acompanhada de legenda que levanta suspeita sobre o ataque cometido contra o presidenciável na tarde de hoje.""Foto mostra o candidato que sofreu uma tentativa de homicídio entrando a pé no hospital""Legenda da foto que está circulando na internet e que até as 18h do dia 6 de setembro de 2018 já havia sido compartilhada mais de 1,3 mil vezesFALSOA imagem analisada pela Lupa foi feita na manhã desta quinta-feira (6), quando Jair Bolsonaro fazia campanha em um hospital filantrópicoda Associação Feminina de Prevenção e Combate ao Câncer de Juiz de Fora (Ascomcer). Em seguida, ele foi a um hotel para um almoço com empresários locais. O registro não foi feito, portanto, após o atentado sofrido pelo presidenciável na parte da tarde.O evento também foi filmado. Vídeos da visita matutina de Bolsonaro à Ascomcer também estão sendo usados para colocar em dúvida o atentado da tarde e criticar o candidato. Eles foram filmados horas antes do ataque.Segundo o jornal Tribuna de Minas e o UOL, a ida de Bolsonaro à Ascomcer nesta manhã foi marcada por tumulto. Outras imagens da visita circulam nas redes sociais:Talvez se tivessem feito isso teria furado a camisa, não? pic.twitter.com/WSFxf94x0U- Vitu (@niehauskaty) 6 de setembro de 2018""Adélio Bispo de Oliveira é o nome de quem tentou matar Jair Bolsonaro em Juiz de Fora. Ele é filiado ao Partido dos Trabalhadores""Informações divulgadas por sites como Blog do Vava Luz eBlog do Cleuber Carlos.FALSOO homem que esfaqueou Bolsonaro nunca foi filiado ao PT. Entre 2007 e 2014, ele foi membro do PSOL.Atualização às 14h do dia 11 de setembro: O site 1News, antes mencionado na matéria, corrigiu a informação em seu site.""Veja o meliante [que esfaqueou Bolsonaro] aí""Frase que acompanha foto falsa (aqui e aqui) que, até às 19h20 do dia 6 de setembro de 2018, já tinha mais de mil compartilhamentos no Facebook FALSOA foto analisa pela Lupa é numa montagem. Foi alterada para inclusão de Adélio Bispo de Oliveira, preso em flagrante por ter esfaqueado Jair Bolsonaro na tarde desta quinta-feira (6). A imagem original pode ser encontrada no site do PT e foi tirada pelo fotógrafo oficial do ex-presidente, Ricardo Stuckert, no dia 5 de maio de 2017. Naquele dia, ele prestou depoimento ao juiz Sérgio Moro, em Curitiba. A mesma imagem pode ser vista no site Conversa Afiada. Oliveira não estava presente na imagem.Compare as imagens:Circula pelo WhatsApp uma imagem que mostra o que aparentemente seria o planejamento do atentado cometido contra Jair Bolsonaro na tarde do dia 6.""Vou da (sic) uma facada no peito desse fasista (sic) FDP!""Frase que aparece em diálogoenão está relacionada ao atentado cometido contra Bolsonaro em Juiz de ForaFALSOA imagem analisada pela Lupanão parece manipulada, mas data de 16 de agosto de 2017, ou seja, foi escrita há mais de um ano. O mesmo conteúdo circula em outra versão, que faz referência explícita ao senador Magno Malta.No dia 18 de agosto de 2017, o deputado Jair Bolsonaro estava numa cafeteria de Ribeirão Preto (SP) quando foi atacado por uma jovem quejogou um ovo nele. Horas mais tarde, Magno Malta fez uma gravação falando do assunto e afirmando que ela e seu grupo de amigos ""estavam planejando um crime"".Ou seja, a imagem que circula hoje em dia parece real não tem qualquer relação com o episódio de Juiz de Fora. É antiga.""O criminoso que tentou matar Bolsonaro (...) assessora a campanha de Dilma ao senado em Minas""Frase contida num tuíte feito pelo pastor Silas Malafaia, presidente da Assembleia de Deus Vitória, na noite de 6 de setembro de 2018 e que já tinha 2,3 mil retuítes às 12h do dia 7 de setembro de 2018FALSOA Lupa não localizou nenhum registro oficial da contratação de Adélio por parte da campanha de Dilma Rousseff para o Senado.Em nota, a assessoria da candidata petista nega que o agressor de Bolsonaro faça parte da equipe de campanha e informa que o""senhor bispo Malafaia vai ter de provar o que disse em rede social"". Além disso, antecipa que tomará medidas legais contra ele. ""[Malafaia] É um mentiroso e terá de responder na Justiça"".A reportagem procurou Silas Malafaia na manhã desta sexta-feira (7) para que ele comentasse a checagem, mas não obteve retorno até o momento.*Nota: esta reportagem faz parte do projeto deverificação de notícias no Facebook. Dúvidas sobre o projeto? Entre em contato direto com oFacebook.Editado por: Cristina Tardáguila e Natália Leal"	1
27	É #FAKE que unidades de cerveja seriam vendidas por R$0,99.	"""É #FAKE que Aniversário Guanabara foi cancelado no estado do Rio de Janeiro""Circula nas redes mensagem que fala do fim das promoções do aniversário. Rede de supermercados negou cancelamento da temporada de ofertas. Circula nas redes sociais e no aplicativo de mensagens WhatsApp um texto que informa o cancelamento das promoções do Aniversário Guanabara no estado do Rio. O comunicado é #FAKE. Em nota enviada ao EXTRA, a rede de supermercados negou que tenha cancelado a temporada de ofertas, que começou na última sexta-feira (19).""A empresa afirma que o Aniversário Guanabara acontece até o dia 30 de novembro"", ressaltou no comunicado oficial.O post falso fingia ser um aviso assinado pela diretoria da rede de supermercados, que teria cancelado os descontos ""devido ao grande tumulto"".Foram desmentidos outros dois boatos envolvendo as promoções da empresa.Uma das mensagens falsas dizia que unidades de cerveja seriam vendidas por R$0,99. Outra informação errada que circulou nas redes afirmava que pessoas com camisetas de um dos candidatos à Presidência ganhariam descontos de 10% durante o Aniversário Guanabara. "	1
28	Haddad infla resultados e omite problemas nos governos do PTTwitterFacebookE-mailWhatsApp	"Em debate paralelo, Haddad infla resultados e omite problemas nos governos do PTEm debate paralelo, Haddad infla resultados e omite problemas nos governos do PTTwitterFacebookE-mailWhatsAppEm debate paralelo, Haddad infla resultados e omite problemas nos governos do PTPor Bárbara Libório e Luiz Fernando Menezes 14 de agosto de 2018, 16h00TwitterFacebookEmailWhatsAppDe fora do debate da Band, o PT realizou na noite da última quinta-feira (9) um evento paralelo em São Paulo em que Fernando Haddad, candidato a vice na chapa encabeçada pelo ex-presidente Luiz Inácio Lula da Silva, foi a estrela principal. No evento, o ex-prefeito de São Paulo (2013-2016) e ex-ministro da Educação (2005-2012) exagerou o número de empregos criados pelos governos petistas e omitiu problemas enfrentados pelas administrações lulistas ao citar o crescimento econômico do Brasil naquele período.Apontado na disputa presidencial como sucessor de Lula, que pode ser declarado inelegível pela Justiça Eleitoral, Haddad também falou da criação de universidades no país e comentou o pagamento da dívida brasileira ao FMI (Fundo Monetário Internacional).Aos Fatos checou seis declarações de Fernando Haddad no evento do PT. Abaixo, o resultado.EXAGERADO[Os governos do PT] Fizeram a economia crescer em média 4% ao ano.Fernando Haddad referiu-se ao desempenho econômico dos governos petistas para defender que o ""patrocínio da melhoria de vida das pessoas mais pobres"" reativou a economia brasileira. Se levarmos em conta todo o período no qual o PT governou o país - de 2003 a 2016 (do primeiro mandato do ex-presidente Lula até o impeachment da ex-presidente Dilma Rousseff), a média do crescimento da economia foi de 2,9% (consideramos o período até 2015, já que a ex-presidente deixou o cargo no primeiro semestre de 2016). No governo Lula - de 2003 a 2010 -, a média do desempenho econômico foi de crescimento de 4,1%.Isso não significa, no entanto, que a economia brasileira não passou por percalços durante o período. Houve ao menos três períodos difíceis:1. Os efeitos da crise econômica de 2002, quando a inflação, o risco-país e o desemprego aumentaram, e a possibilidade cada vez maior de que o PT vencesse fez o dólar superar R$ 4. À época, ao assumir, Lula adotou um forte ajuste fiscal e a economia se recuperou, engatando um crescimento contínuo até a crise mundial de 2009.2. A crise financeira dos Estados Unidos, em 2008, teve efeito global. Em 2009, a economia brasileira encolheu 0,9%. O Brasil, no entanto, foi um dos primeiros países a sair da crise. A recuperação começou antes do fim do ano, puxada por medidas de estímulo ao consumo, como a redução de impostos sobre eletrodomésticos da linha branca e automóveis, e ao crédito.3. Em 2014, os gastos e subsídios do governo já haviam gerado um aumento da dívida pública e do endividamento das famílias. Além dos problemas internos, o cenário externo também se complicou: a desaceleração da economia chinesa levou a uma queda brusca no preço das commodities, que haviam crescido desde o final dos anos 1990 e favorecido a economia de exportação do Brasil. No fim do primeiro governo de Dilma, em 2014, a dívida tinha crescido de 51,3% para 57,2% do PIB. O resultado do governo teve seu primeiro déficit na série histórica do Banco Central, que começa em 2001: R$ 32,5 bilhões. A taxa média de desemprego estava em 6,8%, e chegaria a 8,5% em 2015. A inflação estava em 6,41% e chegaria a 10,67% em 2015. A economia naquele ano cresceu apenas 0,5%, e, em 2015, houve a primeira retração do período: -3,8%. Em 2016, a retração foi de 3,6%.VERDADEIROGovernos do PT geraram 20 milhões de empregos no país.De acordo com a Rais (Relação Anual de Informações Sociais), em 2003, o Brasil tinha 29,54 milhões de empregados formais, e em 2015, último ano completo de governo petista, chegou a 48,06 milhões. No total, portanto, os governos petistas geraram um saldo de aproximadamente 18,5 milhões de empregos.A Rais disponibiliza, anualmente, o estoque (número de empregos) e a movimentação de mão de obra (admissões e desligamentos). Segundo o IBGE, ela seria o ""censo do mercado de trabalho formal"". É importante ressaltar que os dados não abrangem o setor informal de emprego.Se o cálculo fosse feito até 2014, o número se aproximaria mais do citado pelo ex-prefeito: naquele ano, estavam registrados 49,57 milhões de empregos. Sendo assim, de 2003 a 2014, os governos petistas criaram 20,02 milhões de empregos. O número, então, começou a cair porque os desligamentos foram maiores que as admissões no setor formal.Aos Fatos considerou a informação VERDADEIRA pois os valores são de ao menos 18,5 milhões de empregos, sem contar a criação de vagas informais. Além disso, está dentro das regras editoriais de aproximação de valores.Atualização. Em um primeiro momento, essa declaração foi considerada EXAGERADA com base nos números do Caged, do Ministério do Trabalho, que mostravam que o saldo dos 13 anos de governo do PT totalizam 14,1 milhões de empregos formais, e não 20 milhões. O Caged não inclui, no entanto, dados do setor público. VERDADEIROO governo Temer deu um reajuste de salário mínimo abaixo da inflação.De fato, o reajuste do salário mínimo nos dois últimos anos ficou abaixo da inflação. Isso se deu por divergências entre a estimativa do INPC (Índice Nacional de Preços ao Consumidor, pelo qual o valor é reajustado), calculado pelo IBGE, e o número oficial divulgado depois. O salário mínimo é reajustado, por lei, com base em uma conta que leva em consideração a variação do INPC e o resultado do PIB de dois anos antes.No fim do ano passado, o presidente Michel Temer fixou em R$ 954 o salário mínimo para este ano. Como o PIB de 2016 foi negativo, a alta de 1,81% equivalia à estimativa que o governo tinha para a variação do INPC no ano de 2017 - entre janeiro e novembro, a variação foi de 1,80%. A lei garante "	1
29	PT é capaz de tudo, diz suposta capa da Exame.	"""Capas falsas de revistas espalham denúncia inexistente de fraude em urnas  ""Uma mensagem que circula por aplicativos e redes sociais exibe supostas capas de algumas das revistas de maior... Uma mensagem que circula por aplicativos e redes sociais exibe supostas capas de algumas das revistas de maior circulação do país com a mesma denúncia bombástica: foi descoberta uma fraude nas urnas a favor do PT.""Bomba! Gerardo de Icaza, diretor da OEA [Organização dos Estados Americanos], admitiu negociação para fraudar urna eletrônica e colaborar com o PT"", diz a suposta capa da Veja, da Editora Abril. Na chamada, o texto informa que Fernando Haddad, candidato da legenda à Presidência, ""diz ter sido enganado"".Outra revista da Abril teria aparecido com o mesmo furo. ""O PT é capaz de tudo""é a suposta chamada da Exame, com aspas também atribuídas ao diretorda OEA.A denúncia também aparece em uma suposta capa da revista Época, da Editora Globo, concorrente da Veja. ""E agora, PT?"", diz a chamada. ""Gerardo de Icaza abre a boca e assume fraude nas urnas em favor do PT.""FALSO: As capas não são verdadeirasNenhuma das três capas que circula pelos aplicativos de mensagem é verdadeira. As montagens usam datas de publicação erradas, além de projetos editoriais antigos e informações trocadas.O erro começa pelas datas. Todas as supostas edições têm a data de publicação do dia 25 de setembro, uma terça-feira. No entanto, nenhuma das três revistas é publicadaneste dia. A Época sai às sextas, e Veja e Exame -- que é quinzenal -- sãopublicadas com datas de quartas-feiras.Os números também não batem. De acordo com a mensagem, a edição da Veja que exibe a denúncia é a número 2.600. Esta edição foi publicada no dia 19 de setembro e tinha o candidato do PSL, Jair Bolsonaro, como foco. A atual, em circulação, é a número 2.602.O mesmo acontece com a Época, da Editora Globo. A suposta edição com Icaza seria a número 937. Esta edição, no entanto, saiu no dia 30 de março de 2016. Além disso, ainda houve um erro na montagem: o autor usou o logotipo do projeto editorial antigo da revista, alterado em março deste ano.Por fim, as edições em circulação das três revistas tratam de temas distintos e nenhum deles fala em fraude nas urnas: a Veja aborda um processo contra Bolsonaro, Época publica uma matéria sobre os marqueteiros das campanhas e a Exame, uma reflexão sobre os ""riscos dos discursos extremados para a democracia"".A OEA também negou declarações atribuídas a seu diretor. A organização postou em suas contas oficiais no Twitter, tanto no Brasil, em português, como no perfil em espanhol, uma mensagem em que desmente a informação falsa. Gerardo Icaza retuitou as duas negativas em sua conta pessoal.Icaza disse exatamente o contrárioO diretor da OEA não só negou as capas das revistas como concedeu uma entrevista à Folha de S.Paulo em que fala sobre a confiabilidade das urnas eletrônicas, exatamente o oposto do que prega a corrente.""A OEA não trabalha com especulações. Trabalha com fatos"", afirmou o especialista, em entrevista publicada na últimaterça. ""Conseguimos usar e ver a urna em todo seu funcionamento, e diria que não temos, neste momento, preocupações sobre a segurança da urna.""De acordo com Icaza, nunca houve fraude comprovada no sistema adotado desde 2002. ""A urna eletrônica é um sistema rápido e seguro, e que permite que a vontade popular seja expressada através da votação"", concluiu o diretor. "	1
30	Lula vetou inclusão de 5 vacinas no calendário nacional.	"""É falso que Lula vetou vacina da meningite: imunização é oferecida no SUS  ""Após a morte do neto de 7 anos do ex-presidente Luiz Inácio Lula da Silva (PT), causada por meningite... Após a morte do neto de 7 anos do ex-presidente Luiz Inácio Lula da Silva (PT), causada por meningite meningocócica, voltou a ser compartilhada nas redes sociais uma notícia de 2010 com o título ""Lula veta inclusão de 5 vacinas no calendário nacional"".Os compartilhamentos são acompanhados de textos que ligam a decisão deLula à proliferação da doença que vitimou seu neto. Mas a informação é falsa.Veja também Outros presos têm direito de sair para enterro? EntendaMeningite pode deixar sequelas e é letal em 20% dos casosLula diz que neto sofreu bullying: ""vou provar inocência""Aliados prestam solidariedade a Lula; Maduro envia floresIsso porque o texto é verdadeiro, o veto também, mas isso tudo somado resulta apenas em meia verdade:Lula vetou um projeto de lei justamente porque a vacina contra e meningite meningocócica C (conjugada) já fazia parte do calendário básico de vacinações.Sempre existiu uma preocupação muito grande com a meningite, porque é uma doença que evolui rápido e é muito letal, então já faz um tempo que faz parte do calendário de vacinação.Joana Darc Gonçalves, médica infectologista do Aliança Instituto de OncologiaVERDADEIRO: PROJETO FOI VETADOO projeto aprovado pelo Congresso Nacional em 2010 incluía cinco vacinas na rede pública, entre elas uma que imunizava contra um dos tipos da meningite, a meningocócica C, além de imunizações contrahepatite A, varicela (catapora), pneumococo, meningocócicaC e pneumocócicasete valente.Mas quando o projeto foi vetado, a vacina meningogócica C já integrava o calendário de vacinação da rede públicae era destinada a crianças em duas doses, aos 3 e 5 meses, com um terceiro reforço aos 15 meses de vida.Texto da Folha de S.Paulo de novembro de 2010 -- antes do veto, que ocorreu em dezembro -- dizia:""O Senado também aprovou a inclusão de outras duas vacinas no calendário básico, mas elas já se tornaram obrigatórias este ano por decisão do Ministério da Saúde: as vacinas meningogócica conjugada C e pneumocócica conjugada valente"".FALSO: VETO NÃO TIROU VACINA CONTRA A MENINGITE DO SUSPortanto, o veto ao projeto não impediu que a vacina fosse oferecida, pois ela já constava do calendário de imunização do SUS.O site do ministério da Saúde também informa que a vacina meningocócica C (conjugada) faz parte do calendário de vacinação - e enfrentou problemas de distribuição no ano passado.SUS tem vacina contra tipo de meningite que matou neto de Lula?Essa é uma pergunta ainda sem resposta:o hospital que atendeu Arthur Araújo Lula da Silva, 7,confirmou que o neto do ex-presidente foi vítima de uma meningite bacteriana meningocócica, mas não disse qual o tipo.Há diversos tipos de meningites: causadas por fungos, vírus ou bactérias. Dentre as bacterianas causadas por meningococo, estão catalogadas as de tipo A, C, W e Y.A meningocócica Cé a mais comum entre as meningites bacterianas no Brasil -- e, portanto, a que tem vacina oferecida pelo SUS.Os sintomas da doença incluem febre alta, dor de cabeça, rigidez na nuca e vômitos.Atenção mesmo aos vacinadosA infectologistaGonçalves afirma que mesmo pessoas vacinadas devem ficar atentas aos sintomas.""Nenhuma vacina é 100% eficaz"", diz. ""Algumas pessoas não ficam imunizadas mesmo se vacinando, é um número pequeno de pessoas, geralmente de 5%"", afirma a infectologista. Lula se despede do neto em cemitério em SPUOL Notícias"	1
31	É #FAKE áudio atribuído a funcionário da Globo com orientações contra Bolsonaro	"""É #FAKE áudio atribuído a funcionário da Globo com orientações contra Bolsonaro""Informações ditas na mensagem são falsas. Não são feitas inserções a mais para um dos candidatos no 2° turno. Circula pelas redes sociais um áudio de mais de seis minutos acompanhado de legenda que atribui a voz a um funcionário da Globo. Na fala, o homem diz que a ordem interna na emissora é prejudicar o presidenciável Jair Bolsonaro em todos os programas e colocar um número menor de propagandas do candidato do PSL em relação ao seu adversário, Fernando Haddad (PT). A mensagem é #FAKE.O TSE informa que a divisão do tempo do horário eleitoral gratuito no 2° turno das eleições 2018 é definida com base na Resolução-TSE n° 23.551/2017 (artigos 53 a 57) e está detalhada na Resolução-TSE n° 23.592/2018. A fiscalização da Justiça Eleitoral com relação ao cumprimento das regras é feita a partir dos parâmetros definidos nas próprias resoluções.Segundo o TSE, caso haja suspeita, por parte de algum candidato, partido ou coligação, de alguma irregularidade na veiculação das propagandas, é possível protocolar representação à Justiça Eleitoral, que analisa as eventuais denúncias com o maior rigor possível.O cronograma da propaganda eleitoral gratuita por inserções é definido com antecedência pelos partidos e segue um mapa previamente publicado pelo TSE em sua página na internet. O mesmo ocorre com o tempo destinado a cada candidato. Os partidos definem com antecedência o mapa de programação.O homem também diz que ""há uma possibilidade de ter fraude e que o TSE tem o poder de anular quantos votos eles querem"". Segundo ele, no primeiro turno foram mais de 7 milhões e ninguém questionou nada. Essa afirmação já foi objeto de checagem e também é #FAKE.O total de votos citado na corrente de WhatsApp se refere aos votos nulos registrados no primeiro turno para o cargo de presidente, ou seja, nele estão os casos em que o eleitor, no ato da votação, optou por votar nulo.A Globo nega que haja qualquer orientação para favorecer um candidato, afirma que cumpre a regra das inserções de TV e diz que não está tentando identificar ninguém, já que o áudio é claramente falso. "	1
32	Não é verdade que Jean Wyllys vai receber aposentadoria da Câmara	Não é verdade que Jean Wyllys vai receber aposentadoria da CâmaraNão é verdade que Jean Wyllys vai receber aposentadoria da CâmaraTwitterFacebookE-mailWhatsAppNão é verdade que Jean Wyllys vai receber aposentadoria da CâmaraPor Bernardo Moura 7 de fevereiro de 2019, 17h21TwitterFacebookEmailWhatsAppÉ falso que o ex-deputado federal Jean Wyllys (PSOL-RJ) se aposentou com benefício integral na Câmara dos Deputados, como afirmam publicações que circulam nas redes sociais desde que o então parlamentar anunciou que não assumiria o terceiro mandato, em janeiro.Na verdade, aos 44 anos e oito de mandato, Wyllys não se enquadra nos casos previstos na lei nº 9.506/97, que rege as aposentadorias de deputados federais e senadores.A lei prevê que parlamentares têm direito à aposentadoria integral ao completar 60 anos de idade e 35 anos de contribuição ao Plano de Seguridade Social dos Congressistas. Benefícios proporcionais podem ser obtidos após 35 anos de contribuição a esse e outros regimes de previdência e idade mínima de 60 anos.Publicações que trazem a informação enganosa foram marcadas com o selo FALSO na ferramenta de verificação do Facebook (entenda como funciona). Um dos posts analisados já contabilizava mais de 30 mil compartilhamentos até a tarde desta quinta-feira (7).FALSOJean Wyllys se aposenta com salário integral após oito anos.A informação falsa que circula nas redes sociais remonta à Lei nº 7.087/82, já extinta, que permitia a deputados e senadores se aposentarem após oito anos no cargo e ao menos 50 anos de idade. O benefício era pago proporcionalmente ao salário, mas a partir de um piso correspondente a 26% do que o parlamentar recebia no exercício do mandato.Em 1997, a regra mudou. Com a Lei nº 9.506/97, parlamentares passaram a ter direito à aposentadoria integral somente ao completar 60 anos de idade e 35 anos de exercício de mandato, convertidos em contribuições ao Plano de Seguridade Social dos Congressistas. Benefícios proporcionais podem ser obtidos após 35 anos de contribuição a esse e outros regimes de previdência, como INSS ou militar, e idade mínima de 60 anos.Jean Wyllys tem 44 anos de idade e cumpriu oito anos de mandato a partir de 2010. Logo, ele não se enquadra nem na regra antiga nem na atual, seja para benefício integral ou proporcional.A Câmara dos Deputados oficializou em 29 de janeiro a renúncia de Wyllys, que havia anunciado a intenção não renovar o mandato em entrevista à Folha de S.Paulo publicada cerca de uma semana antes. A decisão foi motivada por ameaças de morte recebidas ao longo dos anos, de acordo com o ex-parlamentar do PSOL.A desistência do deputado provocou uma onda de desinformação relacionada aos motivos da renúncia. Aos Fatos checou como falsas as acusações de que Jean Wyllys teria saído por ser investigado pelo desvio de verbas públicas e por manter vínculos com Adélio Bispo, que esfaqueou o presidente Jair Bolsonaro (PSL) na campanha eleitoral do ano passado.TwitterFacebookEmailWhatsAppLeia tambémCinco fatos sobre migraçãoNão é verdade que Moro afastou promotor do caso Queiroz e delegado que investiga morte de MarielleHomem em foto com Flávio Bolsonaro é assessor do senador, não acusado de matar Marielle]	1
33	É #FAKE que campanha contra sarampo tem adultos como público-alvo	"""É #FAKE que campanha contra sarampo tem adultos como público-alvo""Mensagem tem se espalhado nas redes. Ministério da Saúde alerta que o foco da campanha de agosto são crianças de 1 ano a 4 anos, 11 meses e 29 dias; adultos que estiverem com a vacinação em dia não precisam se vacinar novamente. Circula pelas redes sociais a informação de que a campanha de vacinação contra o sarampo que será realizada em agosto será dirigida a adultos. O público-alvo da campanha, que ocorre entre 6 e 31 de agosto, no entanto, são crianças de 1 ano a menores de 5 anos (ou seja, 4 anos, 11 meses e 29 dias).O MInistério da Saúde ressalta que adultos precisam manter a vacinação em dia. Mas pessoas fora da faixa etária prevista na campanha que tiverem com a carteirinha em ordem, independentemente da idade em que foram vacinadas, não precisam se vacinar novamente.O boato tem se espalhado no momento em que o país vive uma preocupação com o sarampo, por causa de recentes surtos da doença e porque a vacinação está abaixo da esperada.É possível tirar eventuais dúvidas sobre a doença e a vacina.Para tirar dúvidas sobre ter tomado ou não as vacinas necessárias, a pessoa deve procurar uma unidade de saúde e levar a caderneta de vacinação.Quem comprova a vacinação contra o sarampo conforme o determinado para a idade não precisa receber a vacina novamente.O esquema vacinal do Ministu00e8rio da Saúde estabelece:Crianças de 12 meses a menores de 5 anos de idade: uma dose aos 12 meses (tríplice viral) e outra aos 15 meses de idade (tetra viral).Crianças de 5 anos a 9 anos de idade que perderam a oportunidade de serem vacinadas anteriormente: duas doses da vacina trípliceAdolescentes e adultos até 49 anos:Pessoas de 10 a 29 anos - duas doses das vacina tríplicePessoas de 30 a 49 anos - uma dose da vacina tríplice viral "	1
34	Montagem circula acompanhada por textos que levantam dúvidas sobre processo eleitoral. TSE mostrou extratato verdadeiro. Circula pelas redes sociais uma imagem adulterada de um boleto de urna que mostra 777 eleitores aptos, zero votos para Jair Bolsonaro e 9909 votos para Fernando Haddad. Os números de votos destinados a cada candidato foram manipulados digitalmente.	"""É #FAKE imagem de extrato de urna em que votos para Haddad superam número de eleitores aptos""Montagem circula acompanhada por textos que levantam dúvidas sobre processo eleitoral. TSE mostrou extrato verdadeiro. Circula pelas redes sociais uma imagem adulterada de um boletim de urna que mostra 777 eleitores aptos, zero votos para Jair Bolsonaro e 9909 votos para Fernando Haddad. A imagem é #FAKE. Os números de votos destinados a cada candidato foram manipulados digitalmente.O Tribunal Superior Eleitoral (TSE) informou que a imagem é falsa. O tribunal obteve o extrato original. O documento oficial mostra que, na verdade, Bolsonaro teve, naquela urna, 372 votos devidamente registrados. Haddad teve nove. E Alckmin, 11.O TSE esclareceu que o extrato que serviu de base para a montagem foi impresso na seção 267, de Nagoia, no Japão. A seção possui 777 eleitores aptos. Segundo o TSE, no exterior a quantidade de eleitores é maior do que nas seções no Brasil, pois vota-se somente para presidente e a abstenção geralmente é alta.Os boletins de urna verdadeiros não apresentam os candidatos que não foram votados. Portanto, não seria possível estar impresso candidatos com zero votos. É possível observar que há borrões próximos aos zeros mais à direita nos totais desses candidatos, o que indica que houve manipulação na imagem.Veja o que dizem os posts com conteúdo falsoA imagem falsa do extrato da urna circula nas redes acompanhada por legendas que exploram contradições geradas pela montagem e levantam dúvidas sobre a segurança do processo eleitoral.Uma das legendas diz: ""Só o Hadad teve 9909 votos em uma seção com 0777 eleitores........Como Assim ?????"" A outra diz: ""Se esta filipeta estiver correta.. fica fácil deste jeito. Não teria como jamais ele ter recebido esta quantidade de votos pois o número de eleitores do local eram 777 que poderiam votar e os computados foram quase a metade deste valor.""E uma terceira: ""Em uma urna de 700 votos o PT teve quase 10000. Se não for fake isso é muito grave. @TRESPjusbr @TSEjusbr os Srs podem nos ajudar esclarecendo se está urna existe mesmo? Obg . Não qro q meu filho cresça vendo este exemplo sujo de manipulação política. Cadê o CF?""Veja a montagem que circula nas redes sociais: Veja imagem real: VEJA outras checagens feitas pela equipe do FATO ou FAKEAdicione nosso número de WhatsApp: +55 (21) 97305-9827 (após adicionar o número, mande uma saudação para ser inscrito) "	1
35	A imagem não foi feita dentro do templo, que tem características arquitetônicas diferentes.	"Foto é falsamente atribuída a padre e fiéis da Catedral de Campinas e os associa à armas e a BolsonaroFoto é falsamente atribuída a padre e fiéis da Catedral de Campinas e os associa à armas e a BolsonaroTwitterFacebookE-mailWhatsAppFoto é falsamente atribuída a padre e fiéis da Catedral de Campinas e os associa à armas e a BolsonaroPor Luiz Fernando Menezes 13 de dezembro de 2018, 12h14TwitterFacebookEmailWhatsAppNão são padre e fiéis da Catedral Metropolitana de Campinas as pessoas na foto que circula em posts nas redes sociais para associar o ataque a tiros que deixou cinco mortos naquela igreja na terça-feira (11) a um suposto apoio de seguidores da paróquia à liberação de armas ou ao presidente eleito Jair Bolsonaro (PSL). O registro tampouco foi feito dentro do templo, que tem características arquitetônicas diferentes.Na imagem, 14 pessoas - uma delas trajando batina - posam com os dedos indicadores apontados e os polegares levantados, em um gesto que remete a uma arma e que é usado por Bolsonaro, mas que também simboliza um curso de formação continuada para jovens da Igreja Católica, o TLC (Treinamento de Liderança Cristã), cuja marca é o caractere . Aos Fatos ainda não conseguiu localizar a origem da foto, que começou a se espalhar por Facebook, Instagram e WhatsApp na tarde de quarta-feira (12).Procurada por Aos Fatos, a Catedral Metropolitana de Campinas confirmou na manhã desta quinta-feira (13) que a foto não foi feita em suas instalações e que o suposto padre que aparece na imagem não integra seu corpo de sacerdotes.Publicações denunciadas por usuários do Facebook já foram compartilhadas, juntas, mais de seis mil vezes e estão marcadas com o selo FALSO na ferramenta de verificação da rede social (entenda como funciona). A peça de desinformação também foi enviada por leitores no WhatsApp como sugestão de checagem. Para participar, basta mandar uma mensagem com seu nome para (21) 99956-5882.Confira abaixo, em detalhes, o que checamos.FALSOUma bela foto feita pelo padre e paroquianos da Catedral de Campinas / SP. Isso custou cinco vidas.Tragédia em Campinas. Paroquianos e sacerdote em pose irresponsável, fazendo apologia à violência dentro da igreja. Quem planta o ódio não pode colher amor, né?Os posts com a foto falsamente atribuída à Catedral Metropolitana de Campinas pecam, até o momento, por três motivos:1) o padre na foto não é Amauri Thomazzi, que relatou o tiroteio em vídeo, nem qualquer outro do corpo de sacerdotes;2) a local da foto tem características distintas da Catedral Metropolitana de Campinas, o que indica não ter sido feito ali o registro;3) na Igreja Católica brasileira, o gesto feito pelas pessoas na foto também simboliza o TLC (Treinamento de Liderança Cristã), logo não é possível provar que a intenção tenha sido manifestar apoio a Jair Bolsonaro ou à liberação de armas no Brasil.O sacerdote. O padre Amauri Thomazzi era quem celebrava a missa na Catedral quando houve o tiroteio. No mesmo dia, ele gravou um vídeo e publicou em seu perfil pessoal no Facebook, explicando o ocorrido: ""ninguém pôde fazer nada, ajudar de forma nenhuma. Mas eu peço apenas que rezem pela pessoa. (...)Rezemos também por aqueles que foram feridos, temos aqui vítimas fatais"".Como é possível verificar na comparação acima, o padre na foto viral (à esquerda) não se parece com Thomazzi (à direita).O templo. Outro indício que desmente as publicações é que a imagem foi tirada em um espaço amplo, com cadeiras de plástico e uma parede de vidro, local bem diferente da Catedral, que é bem menor e possui bancos e ornamentos de madeira. Aos Fatos realizou buscas pela imagem ou por fotos com lugares parecidos com o da foto, mas não obteve nenhum resultado.Contatada por Aos Fatos, a Catedral Metropolitana de Campinas confirmou que a foto não aconteceu em suas instalações e que o suposto padre que aparece na imagem não faz parte do corpo de sacerdotes da igreja. A assessoria também enviou uma nota oficial sobre o caso.Os sinais. Por fim, não é possível afirmar que o gesto da foto tinha a intenção de retratar uma arma ou de manifestar apoio ao presidente eleito Jair Bolsonaro, que frequentemente lança mão do recurso. Isso porque, na Igreja Católica, o sinal é também utilizado pelos participantes do Treinamento de Liderança Cristã (TLC), um grupo de formação cristã continuada voltado à juventude paroquial. Fotos da página do movimento e buscas no Google Imagens mostram diversas pessoas realizando a mesma pose da foto viral.O coordenador nacional do TLC, Maycon Leite, contatado por Aos Fatos, disse que, por mais que não tenha certeza de que a foto tenha sido tirada em um dos encontros do treinamento, há características que podem indicar a ligação com o movimento: uma das meninas está com uma camiseta que parece ser do TLC. Leite ressalta também que o sinal, chamado por eles de ""positivão"" é mesmo comum nas reuniões do treinamento. A equipe do TLC está em busca da origem da foto viral.O secretariado nacional do TLC também emitiu uma nota oficial do ocorrido para explicar o significado do sinal e desmentir a ligação com ""quaisquer objetos ou atos que incitem à violência"".A origem da imagem viral, porém, permanece desconhecida. Em buscas reversas, Aos Fatos ainda não conseguiu identificar a fonte do material. Um dos perfis pessoais que teve o post denunciado por usuários do Facebook foi contatado para apontar de onde a foto foi extraída, mas não respondeu. O e-Farsas e o Boatos.org também publicaram checagens semelhantes sobre este material.O caso. Um atirador abriu fogo contra fiéis que assistiam a missa na Catedral Metropolitana de Campinas no começo da tarde da última terça-feira (11), deixando cinco mortos e dois feridos. O homem cometeu suicídio em seguida. Segundo a polícia, foram feitos pelo menos 20 disparos. O responsável pelo ataque foi identificado como Euler Fernando Gandolpho, de 49 anos. A polícia ainda investiga a motivação do crime.Esta checagem foi atualizada às 13h22 de 13 de dezembro para incluir a fala de Maycon Leite, coordenador nacional do TLC.Esta checagem foi atualizada às 16h30 de 13 de dezembro para incluir a nota oficial do TLC sobre a simbologia utilizada pelo grupo para negar a sugestão de que o sinal fazia referência ao porte de armas ou a Bolsonaro.TwitterFacebookEmailWhatsAppLeia tambémCinco fatos sobre migraçãoNão é verdade que Moro afastou promotor do caso Queiroz e delegado que investiga morte de MarielleHomem em foto com Flávio Bolsonaro é assessor do senador, não acusado de matar Marielle]"	1
36	É #FAKE mensagem que fala sobre WhatsApp Gold e vídeo que pode destruir o celular	"""É #FAKE mensagem que fala sobre WhatsApp Gold e vídeo que pode destruir o celular""Texto tem se espalhado no aplicativo de mensagens. Empresa diz que ele é totalmente falso. Tem circulado em grupos de Whatsapp uma mensagem que fala sobre a atualização de um aplicativo chamado ""Whatsapp Gold"" e sobre o envio de um vídeo que pode destruir o aparelho celular. A mensagem diz que ""trata-se de um vírus e é sério"". Mas ela é #FAKE.Nas lojas de aplicativos tanto para celulares Apple quanto para aparelhos com sistema Android, não existe nenhum aplicativo chamado ""WhatsApp Gold"".Apenas rodar um vídeo também não fará o usuário contrair um vírus no aparelho. Mas é sempre preciso atenção para não clicar em algum link malicioso.A assessoria de imprensa do Whatsapp no Brasil diz que ""trata-se de uma mensagem falsa"".A empresa lembra que nunca envia mensagens diretas aos usuários e reitera que o aplicativo é gratuito e que não é preciso fazer nada para usá-lo de graça.O WhatsApp orienta ainda a sempre desconfiar de mensagens que apresentem erros gramaticais ou de grafia. A mensagem que tem viralizado tem erros de pontuação e, em certo ponto, exibe o termo ""WhatsApp"" escrito de forma errônea: ""WattSapp"".Por fim, o Whastapp no Brasil pede que os usuários avaliem criticamente mensagens que peçam que algum conteúdo seja compartilhado com a lista de contatos.Não é a primeira vez que o termo ""WhatsApp Gold"" ganha relevância na rede. Em 2016, o G1 publicou uma resposta a uma usuária que havia recebido uma mensagem que falava da atualização do aplicativo.Na época, o falso texto também alertava para um vírus. Não havia, de fato, um vírus, mas a mensagem continha um código que realizava um ataque por engenharia social redirecionando o usuário para páginas de assinaturas de serviços pagos. "	1
37	Marina Silva não licenciou barragens de Brumadinho e Mariana; permissão veio do governo de Minas	"Marina Silva não licenciou barragens de Brumadinho e Mariana; permissão veio do governo de MinasMarina Silva não licenciou barragens de Brumadinho e Mariana; permissão veio do governo de MinasTwitterFacebookE-mailWhatsAppMarina Silva não licenciou barragens de Brumadinho e Mariana; permissão veio do governo de MinasPor Luiz Fernando Menezes 4 de fevereiro de 2019, 19h13TwitterFacebookEmailWhatsAppPublicações que circulam nas redes sociais usam informações falsas para tentar vincular a ex-ministra do Meio Ambiente e candidata a presidente nas últimas eleições, Marina Silva (Rede-AC), aos desastres provocados por rompimentos de barragens nas regiões de Mariana e Brumadinho, em Minas Gerais.Ao contrário do que afirmam essas publicações, Marina não autorizou a construção das barragens que se romperam: a de Brumadinho foi erguida em 1976, durante o regime militar, quando a acreana tinha apenas 18 anos. Já a de Mariana, inaugurada em 2008 - último ano de Marina no ministério -, foi construída com o aval de órgãos estaduais que cuidam do licenciamento ambiental em Minas Gerais, como prevê a lei.Os posts também enganam ao dizer que Marina Silva chefiava o ministério do Meio Ambiente no governo Dilma Rousseff (PT) (2011-2016), quando, na verdade, ela ocupou a pasta entre 2003 e 2008, na administração do ex-presidente Luiz Inácio Lula da Silva (PT).Além de terem se espalhado pelo WhatsApp, onde foram denunciadas por leitores do Aos Fatos (veja como participar), as informações falsas também constam em publicações no Facebook. Somente uma delas já reúne mais de 35 mil compartilhamentos. Esse e outros posts que trazem o conteúdo enganoso foram marcados com o selo FALSO na ferramenta de verificação disponibilizada pela rede social (entenda como funciona).FALSOMarina Silva, ministra do governo Dilma do PT, na época, deu autorização para o funcionamento das barragens. É mais uma responsáveis pelas mortes e perdas em Mariana e Brumadinho.Então você foi ministra do Meio Ambiente quando construíram a barragem de Brumadinho e agora que ela estourou a culpa é do Bolsonaro.Marina Silva não era ministra do Meio Ambiente quando foi erguida a barragem de Brumadinho, que cedeu no dia 25 de janeiro, causando uma avalanche de lama que matou pelo menos 114 pessoas. A estrutura foi construída em 1976, em pleno regime militar, quando Marina tinha acabado de atingir a maioridade. Já a barragem de Fundão, na região de Mariana, rompida em 2015, foi inaugurada em 2008, mesmo ano em que a acreana deixou o ministério. O licenciamento ambiental desta obra, porém, não passou pela esfera federal, tendo sido concedido por órgãos estaduais, como determina a lei.De acordo com a Política Nacional de Segurança de Barragens (Lei nº 12.334/2010), barragens como as de Mariana e Brumadinho, destinadas ao acúmulo de rejeitos de mineração, tem o direito de uso de água e o licenciamento ambiental outorgados por órgãos estaduais. Em Minas, as licenças para as estruturas que se romperam foram concedidas pela Semad (Secretaria de Estado de Meio Ambiente e Desenvolvimento Sustentável).Órgão federal que esteve sob tutela de Marina Silva, o Ibama (Instituto Brasileiro do Meio Ambiente e dos Recursos Naturais Renováveis) atua, principalmente, no licenciamento ambiental de grandes obras de infraestrutura que impactem mais de um estado e nas atividades do setor de petróleo e gás na plataforma continental.Por e-mail, o Sisema (Sistema Estadual de Meio Ambiente e Recursos Hídricos de Minas Gerais), que reúne todos os órgãos ambientais mineiros, afirmou ao Aos Fatos que ""Marina Silva não tem nenhuma relação com as licenças ambientais no estado de Minas Gerais. Quando ministra, trabalhou em licenciamentos que diziam respeito à esfera do governo federal, conforme determina a legislação"".Em resposta enviada por e-mail ao Aos Fatos nesta segunda-feira (4), Marina Silva também chamou atenção para o fato de tais licenças serem outorgadas em nível estadual. Ela afirmou ainda que a sua gestão no Ministério do Meio Ambiente atuou para fortalecer os mecanismos de licenciamento ambiental e prometeu ir à Justiça contra a disseminação dessas informações falsas.""Há um padrão de comportamento abusivo e criminoso nas redes sociais, cada vez mais perigoso e degradante, movido por acusações mentirosas e ataques caluniosos, de tentar criar cortinas de fumaça para tirar a atenção pública do que é relevante, ao ponto de não se ter mais qualquer limite ético e até macular biografias"", disse Marina Silva.A ex-ministra também não chefiou o Meio Ambiente durante os mandatos de Dilma Rousseff, como afirmam as peças de desinformação. Ela ocupou a pasta de janeiro de 2003 a maio de 2008, no governo Lula. Dilma só assumiu o governo federal em janeiro de 2011.TwitterFacebookEmailWhatsAppLeia tambémCinco fatos sobre migraçãoNão é verdade que Moro afastou promotor do caso Queiroz e delegado que investiga morte de MarielleHomem em foto com Flávio Bolsonaro é assessor do senador, não acusado de matar Marielle]"	1
38	Bolsonaro acabou de dizer em uma entrevista que não precisa dos votos das mulheres, dos LGBTs e dos negros	" #Verificamos: Bolsonaro não disse em entrevista que dispensa votos de mulheres, negros e LGBTsImagens que circulam no Facebook já têm pelo menos 350 interaçõesCirculam na internet imagens contendo frases que ""informam"" que o candidato à Presidência da República pelo PSL, Jair Bolsonaro, teria dado uma entrevista dizendo que não precisaria dos votos de mulheres, negros e membros da comunidade LGBT. Por meio do projeto de verificação de notícias, usuários do Facebook solicitaram que esse material - que já havia sido compartilhado 351 vezes na rede social - fosse analisado. Confira a seguir a verificação da Lupa:""Bolsonaro acabou de dizer em uma entrevista que não precisa dos votos das mulheres, dos LGBTs e dos negros""Frase contida em imagem postada no Facebook e compartilhada 351 vezes até as 12h do dia 29 de agosto de 2018, com conteúdo semelhante ao de outra postagem verificada (aqui)FALSOA imagem acima - analisada pela Lupa - foi publicada no dia 23 de agosto e traz a ""informação"" de que a entrevista do presidenciável teria acabado de acontecer. Naquele mesmo dia, Bolsonaro visitou as cidades paulistas de Araçatuba e Glicério (onde nasceu) e deu algumas declarações polêmicas - como a de que o Estatuto da Criança e do Adolescente (ECA) deveria ""ser rasgado e jogado na latrina"". Mas não há qualquer registro público de que ele tenha afirmado que dispensa votos de negros, mulheres e membros da comunidade LGBT.Cinco dias antes (18), Bolsonaro participou de uma cerimônia na Academia Militar das Agulhas Negras (Aman), no Rio de Janeiro, e, ao contrário do que sugere a imagem analisada, reclamou da situação. Disse que seus adversários políticos vem trabalhando para jogá-lo contra esses extratos da população. Textualmente afirmou: ""Olha só, o pessoal tenta me jogar contra as mulheres, os negros, os gays"", registrou a Folha de S.Paulo. Em nenhum momento, portanto, disse que não precisava dos votos deles. A Lupa procurou a assessoria de imprensa do deputado na tarde de 28 de agosto. Por telefone, o assessor de campanha do candidato respondeu que Bolsonaro ""jamais diria uma bobagem dessas"".Segundo a pesquisa Ibope mais recente, divulgada em 20 de agosto, no cenário sem o ex-presidente Luiz Inácio Lula da Silva, indicado pelo PT à Presidência, o candidato do PSL lidera com 40% dos votos válidos entre os homens, mas tem apenas 24% dos votos válidos entre as mulheres. Entre brancos e negros, a diferença é menor: ele tem 36% entre os brancos e 30% entre pretos e pardos. Não há pesquisa que segmente os votos LGBT.Verificação semelhante foi feita pelo site Boatos.org.*Nota: esta reportagem faz parte do projeto de verificação de notícias no Facebook. Dúvidas sobre o projeto? Entre em contato direto com o Facebook.Editado por: Cristina Tardáguila e Clara Becker"	1
39	Aos Fatos faz dois anos de olho em automação	"Aos Fatos faz dois anos de olho em automaçãoAos Fatos faz dois anos de olho em automaçãoTwitterFacebookE-mailWhatsAppAos Fatos faz dois anos de olho em automaçãoPor Tai Nalon 7 de julho de 2017, 08h05TwitterFacebookEmailWhatsAppAos Fatos chega nesta sexta-feira, 7 de julho, ao seu segundo aniversário. Trata-se de um fato a ser celebrado por dois motivos fundamentais: o primeiro é que 33% dos novos negócios brasileiros, em qualquer área, encerram suas atividades em menos de dois anos; o segundo é que, segundo levantamento preliminar do Duke Reporters Lab liderado nos EUA por Mark Stencel, a média de sobrevida de uma iniciativa jornalística de fact-checking em todo o mundo também é de menos de dois anos.No Brasil, Aos Fatos é precursor de um grupo de iniciativas perenes de checagem comprometidas em inovar em investigação, uso transparente de fontes e análise consistente de dados. Se em nosso primeiro ano estávamos preocupados em repercutir nosso trabalho entre veículos de maior alcance, de forma a consolidar relevância e autoridade, neste segundo ano trilhamos um caminho diferente: estabelecemos endereço próprio e desenvolvemos tecnologia, de olho nos passos que daremos neste terceiro ano.A partir deste segundo semestre de 2017, planejamos automatizar processos de distribuição das nossas reportagens por meio de widgets, plug-ins, extensões e outros dispositivos de nome igualmente complicado. A ideia é dar tração ao nosso banco de dados, que já indexou quase 400 declarações, documentos, currículos e peças publicitárias checados desde 2015.Exemplo disso é que nesta quinta-feira (6), em Madri, o grupo liderado pelo vencedor do prêmio Pulitzer Bill Adair lançou mais uma etapa do projeto Share The Facts, que engloba veículos como Washington Post, PolitiFact, FactCheck.org e Pagella Politica. Trata-se de um widget (uma interface gráfica) integrado aos algoritmos do Google que torna mais fácil compartilhar uma declaração checada ao mesmo tempo em que melhora sua indexação na ferramenta de busca. Isso significa que ficará mais fácil identificar uma informação já checada sobretudo nas redes sociais. Parte do desenvolvimento da versão em português brasileiro ficou a cargo de Aos Fatos, que passará a compartilhá-los a partir das próximas semanas. (Veja o protótipo abaixo.)Aos Fatos também acredita que precisa aperfeiçoar suas técnicas de checagem. Desse modo, lançará, também a partir das próximas semanas, uma seção fixa chamada Às Leis, que checará dados que constam de projetos que tramitam na Câmara e no Senado. O objetivo, além de detectar argumentos potencialmente equivocados, é gerar impacto efetivo: é necessário desenvolver políticas públicas a partir de informações confiáveis. Uma série de reportagens de Aos Fatos mostrou (aqui, aqui e aqui), ao longo dos últimos dois anos, que propostas oferecidas por deputados e cidadãos apresentam erros essenciais que podem prejudicar a premissa do projeto.Nossa equipe também permenece preocupada em prestar contas aos nossos leitores. Por isso, elencamos nossos sucessos e nossas dificuldades durante o último ano. Veja, abaixo, nosso balanço anual.Nossos sucessos no último anoFirmamos parcerias pioneiras com o Google, que passou a indexar nossas checagens sob o selo ""verificação de fatos"" tanto no Google News quanto em sua ferramenta principal.Primeiros signatários de um protocolo por mais transparência e ética na verificação do discurso público, fomos certificados pela IFCN (International Fact-Checking Network), cujo trabalho de aperfeiçoamento de boas práticas de checagem reúne mundialmente mais de 40 plataformas de checagem em todo o mundo.Como consequência dessa certificação, desenvolvemos uma ferramenta de engajamento com o leitor chamada #vamosaosfatos, que hoje pode nos enviar sugestões de checagem.Cobrimos consistentemente em 2016 as eleições municipais no Rio de Janeiro e em São Paulo. Nesse período, chegamos a operar com dez jornalistas em nossa equipe. Como resultado, produzimos dois grandes especiais: Aos Fatos em tempo real, que escrutinou mais de 80 declarações ao vivo feitas por políticos durante todos os mais de dez debates televisivos do ano passado; Aos Fatos checa Cidade dos Sonhos, que analisou quase duas centenas de declarações de candidatos ao longo de toda a campanha municipal. Aos Fatos ainda colaborou num esforço coletivo de checagem em tempo real de um debate entre candidatos a prefeito no Rio de Janeiro com plataformas parceiras.Usamos as redes sociais como catalisadores de audiência, sobretudo durante a cobertura em tempo real das eleições municipais. Temos 117 mil seguidores no Twitter e quase 27 mil curtidas na nossa página no Facebook.Lançamos o Aos Fatos Lab, que, entre 2016 e 2017, teve dentre seus clientes o coletivo de organizações do terceiro setor Cidade dos Sonhos, a ONG Transparência Internacional e o ITS Rio (Instituto de Tecnologia e Sociedade). Com este último, lançamos em abril o curso Fatos e Dados, que, durante quatro aulas online transmitidas ao vivo, se propôs a ensinar a checar informações e a usar ferramentas básicas do jornalismo de dados.Arrecadamos neste ano R$ 34,3 mil de 350 leitores e apoiadores que acreditam que checagem de fatos importa e que fazemos um bom trabalho para separar fato de ficção.Integramos o Projeto Credibilidade, uma iniciativa liderada pelo Projor (Instituto para o Desenvolvimento do Jornalismo) com o objetivo de promover, tanto em veículos novos quanto em tradicionais, práticas que assegurem qualidade, transparência e, obviamente, credibilidade.Repercutimos em veículos nacionais e internacionais, sobretudo quando a expressão ""pós-verdade"" ganhou tração nas redes. Nossas dificuldades no último anoQuando completamos um ano, firmamos um compromisso: fazer checagens em vídeo. À exceção de alguns raros episódios não muito satisfatórios, Aos Fatos não conseguiu cumprir sua promessa. Essa ideia também foi a premissa de nosso crowdfunding e seria viabilizada caso antingíssemos a meta de arrecadar R$ 50 mil. No entanto, como esse valor não foi alcançado, a equipe no momento tenta buscar em parcerias o desenvolvimento de conteúdo audiovisual.A própria campanha financiamento coletivo, embora bem sucedida, poderia ter se saído melhor: atingimos 68% da nossa meta - quantia superior àquela arrecadada primeira campanha, porém insuficiente para cumprir plenamente alguns compromissos. Para Aos Fatos, o difícil cenário econômico do país foi o principal motivo para que a meta não fosse atingida.Se você gosta do nosso trabalho, contribua para que continuemos a verificar o discurso público. Leia, curta, compartilhe. Muito obrigado!TwitterFacebookEmailWhatsAppLeia tambémCinco fatos sobre migraçãoNão é verdade que Moro afastou promotor do caso Queiroz e delegado que investiga morte de MarielleHomem em foto com Flávio Bolsonaro é assessor do senador, não acusado de matar Marielle]"	1
40	Juiz Marco Aurélio e seu amigo Fidel.	"Homem em foto com Fidel Castro é o jornalista Ricardo Noblat, não o ministro Marco AurélioHomem em foto com Fidel Castro é o jornalista Ricardo Noblat, não o ministro Marco AurélioTwitterFacebookE-mailWhatsAppHomem em foto com Fidel Castro é o jornalista Ricardo Noblat, não o ministro Marco AurélioPor Luiz Fernando Menezes 20 de dezembro de 2018, 12h20TwitterFacebookEmailWhatsAppO homem que aparece ao lado do ex-ditador cubano Fidel Castro em uma foto que circula nas redes sociais não é o ministro do STF (Supremo Tribunal Federal) Marco Aurélio Mello, mas o jornalista Ricardo Noblat, da revista Veja.A peça de desinformação, publicada por um perfil pessoal no começo da manhã desta quinta-feira (20), foi denunciada por usuários do Facebook. Aos Fatos marcou a montagem com o selo FALSO na ferramenta de verificação da rede social (entenda como funciona).Confira abaixo o que checamos.FALSOContra fotos (ops) fatos, não há argumentos... Juiz Marco Aurélio e seu amigo Fidel.Publicações que apontam falsamente o ministro Marco Aurélio Mello como o homem na foto ao lado de Fidel Castro passaram a circular no Facebook na manhã desta quinta-feira (20), um dia após o magistrado decidir pela soltura de presos condenados em segunda instância, o que beneficiaria o ex-presidente Luiz Inácio Lula da Silva (PT). A decisão foi suspensa ontem mesmo pelo presidente do STF, Dias Toffoli.Esta é a segunda vez que a foto do ex-ditador cubano com o jornalista Ricardo Noblat é atribuída à outra pessoa. Em meados deste ano, um boato identificou o homem ao lado de Fidel como o desembargador Rogério Favreto, desembargador que ordenou a soltura de Lula em julho deste ano. Na época em que Favreto foi o alvo do boato, o jornalista Ricardo Noblat disse que o homem na imagem compartilhada era ele: ""Dormirei feliz. Apanhei da direita por ter criticado o juiz Sérgio Moro. E da esquerda por ter considerado uma aberração jurídica a decisão do desembargador Favreto. E ainda por cima usaram uma foto minha com Fidel para dizer que era Fidel com Favreto. Pode isso, Arnaldo?"".Nesta quarta-feira (19), às 14h, Marco Aurélio Mello determinou a soltura de todos os presos condenados em segunda instância. A medida beneficiaria, entre outros detidos, um grupo de presos da Lava Jato, incluindo o ex-presidente Lula, cuja defesa levou menos de uma hora para protocolar um pedido de soltura.A decisão do ministro, no entanto, foi derrubada por Dias Toffoli que, no começo da noite de ontem, apresentou sua decisão: ""defiro a suspensão até que o colegiado maior aprecie a matéria de forma definitiva, já pautada para o dia 10 de abril.""TwitterFacebookEmailWhatsAppLeia tambémCinco fatos sobre migraçãoNão é verdade que Moro afastou promotor do caso Queiroz e delegado que investiga morte de MarielleHomem em foto com Flávio Bolsonaro é assessor do senador, não acusado de matar Marielle]"	1
41	A imagem analisada pela Lupa é uma montagem. A foto original mostra que o homem estava vestindo uma camisa vermelha (aqui e aqui) sem qualquer menção ao ex-presidente Luiz Inácio Lula da Silva.	" #Verificamos: É montagem foto que mostra homem preso usando camiseta do Lula LivreNa foto original, homem vestia uma camiseta vermelha sem menção ao ex-presidenteCircula nas redes sociais foto que mostra um homem encostado em um veículo com drogas ilícitas no porta-malas. Ele estaria vestindo uma camisa vermelha com os dizeres ""Lula Livre"". Por meio do projeto de verificação de notícias, usuários do Facebook solicitaram que esse material fosse analisado. Confira a seguir o trabalho de verificação da Lupa:""Já imaginaram se esse cidadão tivesse com a camisa do Bolsonaro? Seria matéria para um Globo Repórter inteiro!""Texto que acompanha imagem que, até às 14h30 do dia 18 de março de 2019, já tinha mais de 17 mil compartilhamentos no FacebookFALSOA imagem analisada pela Lupa é uma montagem. A foto original mostra que o homem estava vestindo uma camisa vermelha (aqui e aqui) sem qualquer menção ao ex-presidente Luiz Inácio Lula da Silva. Em outubro de 2018, a Polícia Rodoviária Estadual do Ceará prendeu Ricelio Vieira de Figueiredo, que transportava cerca de 200 kg de maconha em um fundo falso dentro de um carro. Veja foto tirada na ocasião: Na época, o homem confessou que comprou a droga no Distrito Federal e estava transportando a carga para o Paraíba. Checagem semelhante foi feita pelo site Aos Fatos. Nota: esta reportagem faz parte do projeto de verificação de notíciasno Facebook. Dúvidas sobre o projeto? Entre em contato direto com o Facebook.Editado por: Chico Marés"	1
42	Não é verdade que dezenas de cargos de livre nomeação foram criados na cúpula do BB (Banco do Brasil) durante os governos do PT para abrigar militantes do partido que não eram funcionários concursados da instituição.	"Texto viral tem dados falsos sobre cargos criados no BB em governos petistasTexto viral tem dados falsos sobre cargos criados no BB em governos petistasTwitterFacebookE-mail<a href=""#"" data-text=*Texto viral tem dados falsos sobre cargos criados no BB em governos petistas*https://aosfatos.org/noticias/texto-viral-tem-dados-falsos-sobre-cargos-criados-no-BB-em-governos-petistas/Não é verdade que dezenas de cargos de livre nomeação foram criados na cúpula do BB (Banco do Brasil) durante os governos do PT para abrigar militantes do partido que não eram funcionários concursados da instituição. As informações falsas constam de um texto que vem circulando nas redes sociais desde a revelação de que o filho do vice-presidente Hamilton Mourão fora indicado para uma assessoria da presidência do banco.Relatórios de atividades e demonstrações contábeis do BB consultados por Aos Fatos, além da assessoria do banco, desmentem a maioria das afirmações do texto. Por exemplo, os dados citados pela peça de desinformação correspondem ao organograma atual da instituição, não ao número de cargos de cúpula criados pelos governos petistas. À exceção das vice-presidências, as demais posições citadas só podem ser ocupadas por funcionários concursados do banco.No Facebook, o texto tem sido disseminado por dezenas de publicações - uma delas com mais de 30 mil compartilhamentos. Publicações que reproduzem o conteúdo enganoso foram marcados com o selo FALSO na ferramenta de verificação da rede social (entenda como funciona).FALSO_""O PT criou 9 vice presidências com salários de R$ 61,5 mil. 27 diretorias com salários de R$ 47,7 mil. 11 cargos de gerente geral com salários de R$ 47,7 mil. Cada gerente geral e diretor indicam 4 gerentes executivos com salários de R$ 36,3 mil. Cada gerente executivo indica 4 gerentes de soluções com salários de R$ 24 mil. Todos de livre nomeação, sem concurso público, para abrigar seus ""competentes"" militantes.""_Confira ponto a ponto o que checamos sobre o texto acima:1O número de cargos citados na peça corresponde ao organograma atual do Banco do Brasil, e não ao total de posições criadas pelos governos do PT;2Entre 2003 e 2016, período que o PT governou, foram criadas duas novas vice-presidências e 11 diretorias, como mostra a evolução dos organogramas descritos nos relatórios anuais de atividades do BB; o número de gerências variou entre oito e onze no período;3À exceção das nove vice-presidências, os demais cargos citados no texto só podem ser ocupados por funcionários concursados do BB, como prevê o Estatuto Social do Banco do Brasil;4Além disso, de acordo com o Regimento Interno da Diretoria Executiva, o cargo de diretor é privativo de empregados da ativa do BB;5O Banco do Brasil também informou ao Aos Fatos, em nota, que os cargos de gerente executivo e gerente de soluções não são de livre nomeação. De acordo com a assessoria da instituição, os ocupantes de tais vagas passam por processo interno de avaliação e promoç"	1
43	Maria do Rosário não disse que assalntes foram mortos sem chance de revidar.	"Maria do Rosário não disse que assaltantes foram mortos sem chance de revidarMaria do Rosário não disse que assaltantes foram mortos sem chance de revidarTwitterFacebookE-mail<a href=""#"" data-text=*Maria do Rosário não disse que assaltantes foram mortos sem chance de revidar*https://aosfatos.org/noticias/maria-do-rosario-nao-disse-que-assaltantes-foram-mortos-sem-chance-de-revidar/Não é verdade que a deputada Maria do Rosário (PT-RS) disse que os assaltantes mortos em operação da Rota (Rondas Ostensivas Tobias de Aguiar) no dia 4 de abril em Guararema, na Grande São Pa"	1
44	Lula não é o dono do jornal Folha de S.Paulo.	"Lula não é o dono do jornal Folha de S.PauloLula não é o dono do jornal Folha de S.PauloTwitterFacebookE-mailWhatsAppLula não é o dono do jornal Folha de S.PauloPor Alexandre Aragão 6 de novembro de 2018, 12h10TwitterFacebookEmailWhatsAppO jornal Folha de S.Paulo não pertence ao ex-presidente Luiz Inácio Lula da Silva (PT). A informação falsa aparece em uma imagem que viralizou no Facebook e no WhatsApp desde o fim de semana. Documentos na Junta Comercial de São Paulo consultados por Aos Fatos mostram que membros da família Frias são os únicos acionistas da empresa.A própria Folha de S.Paulo desmentiu a informação, em texto publicado em seu site, e disse que ""a Folha é editada pela Empresa Folha da Manhã S.A., que pertence 100% à família Frias de Oliveira"". Denunciada por usuários do Facebook, a imagem que atribui a empresa a Lula teve ao menos 4.000 compartilhamentos até o início da tarde desta terça-feira (6) e foi marcada por Aos Fatos com o selo FALSO na ferramenta de checagem da rede social (entenda como funciona).Confira abaixo, em detalhes, o que checamos.FALSOLula detém 52% das ações da Folha de S.PauloA verdade é que membros da família Frias são os únicos acionistas da empresa. No registro mais recente sobre a consolidação do capital social da Empresa Folha da Manhã S.A., registrado na Junta Comercial de São Paulo (Jucesp), consta que ""o capital social subscrito e integralizado (100% das ações) é composto de ações preferenciais, todas nominativas e sem valor nominal, as quais são detidas direta ou indiretamente por pessoa jurídica e por pessoas físicas, brasileiras natas, ou naturalizadas há mais de 10 anos, abaixo qualificadas: Larimus Participações, Luis Frias e Octavio Frias de Oliveira Filho"". Veja uma reprodução nesta imagem (informações pessoais foram borradas).A empresa Larimus Participações, por sua vez, também é controlada pela família Frias, por meio de outra companhia, chamada Folha Participações S.A., conforme este documento registrado na Jucesp.Em 21 de agosto, o diretor de Redação da Folha de S.Paulo desde os anos 1980, Otavio Frias Filho, morreu aos 61 anos vítima de um câncer. Ele foi sucedido no cargo pela irmã, a jornalista Maria Cristina Frias, que assina a coluna Mercado Aberto e é também uma das donas do jornal.No texto em que desmente a informação falsa de que Lula seria dono do jornal, a Folha de S.Paulo afirma que ""foi comprada em 1962 pelos empresários Octavio Frias de Oliveira e Carlos Caldeira Filho"". ""Em 1991, os dois sócios se separaram, e a família Frias tornou-se a única proprietária da empresa.""TwitterFacebookEmailWhatsAppLeia tambémCinco fatos sobre migraçãoNão é verdade que Moro afastou promotor do caso Queiroz e delegado que investiga morte de MarielleHomem em foto com Flávio Bolsonaro é assessor do senador, não acusado de matar Marielle]"	1
45	100% homens	"Brancos? Ricos? Investigados? Checamos o quiz sobre os 11 novos ministros de TemerBrancos? Ricos? Investigados? Checamos o quiz sobre os 11 novos ministros de TemerTwitterFacebookE-mailWhatsAppBrancos? Ricos? Investigados? Checamos o quiz sobre os 11 novos ministros de TemerPor Luiz Fernando Menezes e Bárbara Libório 13 de abril de 2018, 19h10TwitterFacebookEmailWhatsAppDias depois de o presidente Michel Temer dar posse aos seus novos ministros, a senadora Vanessa Grazziotin (PC do B-AM) fez críticas ao elenco: em seu perfil oficial no Twitter, formulou uma pergunta de múltipla escolha.Sobre os 11 ""novos"" ministros de Temer assinale a alternativa correta? º01f914(a) 100% homens(b) 100% brancos(c) 64% milionários(d) 36% investigados(e) Todas as alternativas estão corretas pic.twitter.com/kMrHHSdxwb- Vanessa Grazziotin (@vanessasenadora) 12 de abril de 2018 Aos Fatos checou as alternativas e respondeu à questão. VERDADEIRO(a) 100% homensSão os 11 ""novos"" ministros: Rossieli Soares, da Educação; Alberto Beltrame, do Desenvolvimento; Eduardo Guardia, da Fazenda; Esteves Colnago, do Planejamento; Moreira Franco, de Minas e Energia; Leandro Cruz Froés da Silva, do Esporte; Vinicius Lummertz, do Turismo; Antônio de Pádua de Deus, da Integração Nacional; Marcos Jorge, do Desenvolvimento; Gustavo Rocha, dos Direitos Humanos; e Helton Yomura, do Trabalho.Portanto, todos os 11 ministros são homens e a alternativa ""a"" é VERDADEIRA.IMPRECISO(b) 100% brancosNa verdade, Helton Yomura não é branco. O ministro tem ascendência oriental e, portanto, conforme as designações de cor e raça do IBGE (Instituto Brasileiro de Geografia e Estatística), pode se enquadrar em uma minoria. Por isso, a alternativa elaborada pela senadora não está totalmente correta.A discussão sobre o racismo entre descendentes asiáticos vem crescendo no Brasil, como mostrou uma reportagem da BBC. Situações preconceituosas que são tratadas como piada - como o tweet do ex-prefeito de São Paulo João Doria em que ele disse que ""até os chineses estão acelelando"" -, fetichização das mulheres orientais e falta de representatividade são pautas da minoria, por exemplo.Mas é inegável que os asiáticos não são tão estigmatizados quanto os negros no Brasil: como Aos Fatos já mostrou, pretos e pardos são as maiores vítimas de homicídios no país; além disso, de acordo com o IBGE , eles representam 63,7% dos desempregados e a média de seus rendimentos foi de R$ 1.531, enquanto o dos brancos era de R$ 2.757.INSUSTENTÁVEL(c) 64% milionáriosPor mais que os ministros do Estado, conforme a Lei 8.730/1993, tenham que entregar uma declaração de bens no momento da posse ou na entrada do cargo e também ao final de cada exercício financeiro, os dados não estão disponíveis publicamente para consulta.De acordo com a assessoria do TCU (Tribunal de Contas da União), contatada pela reportagem do Aos Fatos, o órgão ""não publica os extratos mencionados no inciso IV do § 2º do art. 1º da Lei 8.730/1993, uma vez que o sigilo fiscal, previsto no art. 198 do Código Tributário Nacional (CTN), Lei 5.172/1966, com a redação dada pela Lei Complementar 104/2001, impede referida publicação, cuja restrição está prevista no capítulo IV da Lei 12.527/2011 (Lei de Acesso à Informação)"".Portanto, não é possível dividir os ministros em porcentagens de acordo com sua renda. A alternativa é INSUSTENTÁVEL.EXAGERADO(d) 36% investigadosA porcentagem citada pela senadora sugere que quatro dos 11 ministros são investigados. De fato, Rossieli Soares, Moreira Franco, Leandro Cruz Froés da Silva e Helton Yomura já foram réus na Justiça. Entretanto, neste 13 de abril de 2018, só dois deles permanecem com pendências legais.Depois de insistir com a indicação da deputada Cristiane Brasil (RJ), o PTB acabou indicando Helton Yomura para o cargo de ministro do Trabalho. O advogado, que já foi Superintendente Regional do Trabalho e Emprego no Estado do Rio de Janeiro, é réu na Justiça do Rio em uma ação de ligação clandestina de energia elétrica. A empresa na qual era sócio, a Fimatec Empilhadeiras, é acusada de fazer um ""gato de luz"" em um galpão na Zona Norte.Em sua nota de esclarecimento, a Fimatec explica que o consumo sem medição foi culpa da concessionária de energia e que ""confia-se que o desfecho do processo seja pela extinção da ação"". O ministro dá a mesma resposta ao G1 e diz que o débito foi pago e o comprovante juntado ao processo e, por isso, acredita no arquivamento do ação.Já Moreira Franco é investigado em um inquérito dentro da Operação Lava Jato. O inquérito baseia-se na delação de executivos da Odebrecht e busca indícios de pagamento de propina pela empreiteira à Secretaria de Aviação Civil, que já foi comandada por Eliseu Padilha, ministro da Casa Civil, e Moreira Franco entre 2013 e 2015.Segundo o jornal El País, o ministro foi citado 34 vezes em uma das delações da construtora. Na época, Moreira Franco negou envolvimento e disse que ""toda afirmativa proveniente de delatores assumidamente criminosos não merece credibilidade"".Em fevereiro do ano passado, Moreira Franco, que atuava no governo Temer como secretário executivo do Programa de Parcerias de Investimentos, foi nomeado para a Secretaria-Geral da Presidência, com status de ministro, o que lhe conferia foro privilegiado. A decisão do presidente foi visto como manobra para proteger Franco, que já havia sido citado nas delações.À nomeação sucederam-se uma série de liminares da Justiça, que tentaram cassá-la. A decisão final coube ao ministro Celso de Mello, do STF. Ele indeferiu os pedidos e manteve Franco no cargo. Agora, Temer o transferiu para a pasta de Minas e Energia. O ministro manteve o foro privilegiado nas investigações.O ex-secretário de Estado de Educação e Qualidade de Ensino do Amazonas e ex-secretário de Educação Básica do Ministério da Educação, Rossieli Soares da Silva, já foi condenado por improbidade administrativa em ação movida pelo Ministério Público do Estado do Amazonas (MP-AM) por omissão em fornecer documentos necessários a processo investigatório do Ministério Público.De acordo com a sua assessoria, houve condenação na primeira instância, mas Soares iria recorrer. Em agosto do ano passado, ele foi condenado pelo TCE (Tribunal de Contas do Estado) a devolver R$ 2,2 milhões a cofres públicos por obras pagas sem execução de serviços. À época, cabia possibilidade de recurso. O novo ministro também foi investigado pelo mesmo MP do Amazonas por enriquecimento ilícito, mas esse processo foi arquivado.Aos Fatos tentou acessar os processos no site do Tribunal de Contas dos Estado para verificar se o ministro recorreu das decisões, mas a base de dados estava indisponível. Também tentou contato com a assessoria do Ministério da Educação, mas não houve retorno.E, por fim, Leandro Cruz Froés da Silva já foi preso em flagrante por posse ilegal de arma e desacato à autoridade em 2006. Na época, o ministro chegou a ficar detido por um dia mas depois foi liberado. Ele também era réu em um processo de improbidade administrativa e dano de erário de 2009, quando atuava como presidente da Emlurb, empresa de limpeza urbana de Nova Iguaçu (RJ). No entanto, o Ministério do Esporte, em resposta ao site Poder 360, disse que o TCE-RJ afastou a responsabilidade de Froés do procedimento licitatório investigado.FALSO(e) Todas as alternativas estão corretasConforme mostrou Aos Fatos, não é possível tomar como verdadeiras as alternativas ""b"" e ""d"". A alternativa ""c"" não pode ser checada por causa do sigilo das informações. Portanto, a única alternativa correta é a ""a"": 100% homens.TwitterFacebookEmailWhatsAppLeia tambémCinco fatos sobre migraçãoNão é verdade que Moro afastou promotor do caso Queiroz e delegado que investiga morte de MarielleHomem em foto com Flávio Bolsonaro é assessor do senador, não acusado de matar Marielle]"	1
46	Autoridades de SP desmentem alertas sobre ataques do PCC no fim de semana	"Autoridades de SP desmentem alertas sobre ataques do PCC no fim de semanaAutoridades de SP desmentem alertas sobre ataques do PCC no fim de semanaTwitterFacebookE-mailWhatsAppAutoridades de SP desmentem alertas sobre ataques do PCC no fim de semanaPor Luiz Fernando Menezes 15 de fevereiro de 2019, 17h31TwitterFacebookEmailWhatsAppA Secretaria de Segurança Pública de São Paulo desmentiu na tarde desta sexta-feira (15) o conteúdo de mensagens e áudios que circulam nas redes sociais alertando para possíveis ataques do PCC (Primeiro Comando da Capital) neste fim de semana, em razão da transferência de líderes da facção criminosa para presídios federais. Promotor do Ministério Público paulista que investiga a organização, Lincoln Gakiya também negou a possibilidade de atentados, assim como o governador João Doria (PSDB).Diversas mensagens e áudios que fazem o alerta foram enviados por leitores do Aos Fatos no WhatsApp como sugestão de checagem (veja como participar). Publicações com o mesmo conteúdo enganoso também foram marcadas com o selo FALSO na ferramenta de verificação do Facebook. No Twitter, usuários também solicitaram uma checagem a respeito dessas mensagens.FALSOO comunicado abaixo [sobre possível retaliação do PCC na cidade de São Paulo no final de semana] é do comandante geral da PM para as unidades: companhias, batalhões e etc.....Viemos através deste comunicar a população do estado de São Paulo que estaremos em guerra contra a opressão do governo com nosso irmão Marcola, não iremos aceitar a transferência do nosso irmão, vamos tocar fogo no estado, nossa guerra será contra a mídia, a polícia e governo, não fica moscando na rua pra você não ser estatística!! Vamos reivindicar o direito do nosso irmão Marcola, não é justo essa opressão, de transferência do nosso líder! Sábado a partir das 21h é guerra, atenção população!Uma série de mensagens de texto e áudios começaram a circular na tarde desta sexta-feira (15) nas redes sociais alertando para possíveis ataques do PCC em São Paulo no fim de semana.Entre os conteúdos há desde a gravação supostamente feita por uma policial até um comunicado que diz ser emitido pela facção criminosa. Em comum, todos eles dizem que a retaliação seria por conta da transferência de líderes da organização para presídios federais. As informações são falsas, de acordo com a SSP-SP (Secretaria de Segurança Pública de São Paulo).Em nota, o órgão negou que haja quaisquer indícios da iminência de ações criminosas do PCC:Circulam por intermédio dos canais eletrônicos de mídia social diversas mensagens de áudio e texto sobre o cenário da segurança pública no Estado de São Paulo em função da transferência de presos do Sistema Penitenciário estadual para unidades prisionais do Departamento Penitenciário Nacional, realizada no último dia 13/02/19.Em relação ao exposto, até o momento, não há quaisquer elementos concretos que indiquem a iminência da eclosão de ações criminosas contra o poder público ou seus agentes, em especial os integrantes das forças de segurança pública, como forma de retaliação a serem praticadas por indivíduos ligados aos presos recém transferidos.As medidas adotadas pelo Comando da Polícia Militar de orientação ao efetivo sobre reforço nas medidas de segurança e, especialmente, as ações de ordem operacional são de caráter eminentemente preventivo e objetivam potencializar a sensação de segurança na sociedade.O promotor Lincoln Gakiya, do Gaeco (Grupo de Ação e Combate ao Crime Organizado) do MP-SP (Ministério Público de São Paulo) também negou os conteúdos das mensagens que circulam nas redes sociais. Ao Buzzfeed, ele, que investiga o PCC há dez anos, disse: ""é tudo fake, não tem procedência nenhuma. Estamos desmentindo isso. Estamos monitorando o PCC, com o comando das polícias, tanto no sistema prisional como nas ruas e isso não procede"".Já o governador de São Paulo, João Doria (PSDB), classificou como ""notícia falsa"" as mensagens que circulam nas redes sociais. Segundo o tucano, as gravações citadas em algumas das mensagens já haviam sido interceptadas pelo governo estadual.Em 2006, também na capital paulista, vários atentados - estima-se mais de 200 - do PCC resultaram na morte de mais de 90 pessoas. Os ataques ocorreram após a transferência do líder Marcos William Herbas Camacho, o Marcola, no dia 11 de maio.TwitterFacebookEmailWhatsAppLeia tambémCinco fatos sobre migraçãoNão é verdade que Moro afastou promotor do caso Queiroz e delegado que investiga morte de MarielleHomem em foto com Flávio Bolsonaro é assessor do senador, não acusado de matar Marielle]"	1
47	Hugo Mota se move mais à direita que Picciani nas votações.	"Reconduzido à liderança do PMDB, Picciani é tão infiel ao governo quanto seu opositorReconduzido à liderança do PMDB, Picciani é tão infiel ao governo quanto seu opositorTwitterFacebookE-mailWhatsAppReconduzido à liderança do PMDB, Picciani é tão infiel ao governo quanto seu opositor 22 de fevereiro de 2016, 03h55TwitterFacebookEmailWhatsAppDepois da vitória do deputado Leonardo Picciani (PMDB-RJ) para a liderança do partido na Câmara, o presidente da Casa, Eduardo Cunha, afirmou na última quarta-feira (17) que a derrota de seu apadrinhado para o cargo não significava seu fracasso. Segundo Cunha, o deputado Hugo Motta (PB), adversário de Picciani na contenda, é mais governista que o próprio.Para saber se essa afirmação se sustenta, Aos Fatos investigou o comportamento de ambos nas votações mais importantes para o governo na Câmara desde o ano passado. Comprovou, então, que os deputados votaram de maneira semelhante em todas as ocasiões. No entanto, Motta se movimenta, desde 2014, na órbita do senador Cássio Cunha Lima (PSDB-PB), que, por sua vez, é próximo do senador Aécio Neves (PSDB-SP) e apoiador do impeachment de Dilma. Veja, abaixo, o que checamos.FALSOHugo Motta é até mais defensor do governo que o próprio Picciani, porque ele votou na Dilma e sempre com o governo aqui.É um exagero dizer que Motta é ""mais defensor do governo"" que Picciani por um motivo: de nove votações em plenário analisadas por Aos Fatos, ambos contrariaram o Planalto em cinco oportunidades e só votaram a favor do governo se houvesse orientação do PMDB-e, em particular, de Cunha. Ou seja, neste sentido, não há diferença objetiva entre ambos.No quadro abaixo, é possível ver o comportamento dos dois deputados nas nove ocasiões em questão. As votações foram selecionadas por Aos Fatos de acordo com a importância dada à época pelo governo-seja por meio de falas da presidente Dilma Rousseff a favor (ou contra) os projetos, seja pelo engajamento público de seus ministros.O levantamento mostra que apenas nas votações das medidas provisórias do ajuste fiscal, no fim do primeiro semestre de 2015, Picciani votou com o Planalto. Nas demais, junto com o colega de bancada, votou contra a orientação do governo.Fonte: Câmara dos DeputadosÉ verdade, porém, que a maioria das votações enumeradas acima aconteceram no primeiro semestre do ano passado, quando o clima entre a Câmara e o Planalto-e, particularmente, entre Dilma e Cunha-já estava conflagrado. Picciani só ganhou ascendência sobre a bancada peemedebista e se descolou do presidente da Câmara quando este último entrou oficialmente em rota de colisão com o governo. Antes, votava junto com ele.Conforme Aos Fatos já mostrou, Cunha perdeu influência sobre parte dos deputados a partir do momento em que o lobista João Augusto Rezende Henriques afirmou ter feito depósitos numa conta no exterior em seu favor. Isso foi no fim de setembro.Desde então, o peemedebista deflagrou a análise do pedido de impeachment de Dilma na comissão especial da Câmara, virou alvo de apuração no Conselho de Ética da Casa em decorrência dessas suspeitas e, devido à crise instalada, diminuiu o ritmo de análise de projetos em plenário.Mesmo com crescente interlocução com o Planalto, Picciani votou em agosto a favor da redução da maioridade penal e contra o fim do financiamento privado de campanha, em dois movimentos hostis ao governo. Apenas no fim de dezembro, já reconduzido ao cargo de líder do PMDB após ser apeado pela ala de oposição ao Planalto, trabalhou para a aprovação do projeto que regulariza remessas de dinheiro enviado por brasileiros ao exterior sem declaração à Receita Federal. Nessa ocasião, Motta se ausentou.Já o deputado paraibano, nem mais ou menos fiel a Dilma do que o colega fluminense, não é exatamente um governista. Mesmo que o PMDB da Paraíba tenha apoiado a petista durante a campanha presidencial passada-e que ele tenha posado em fotos e peças publicitárias acompanhado da então candidata à reeleição-Motta declarou publicamente em 2014 apoio ao tucano Cássio Cunha Lima na corrida pelo governo do Estado, conforme nota publicada em sua página no Facebook. Cássio, por sua vez, é próximo de Aécio e notório apoiador do impeachment de Dilma.Além disso, uma série de matérias da imprensa paraibana aponta que, às vésperas das eleições de 2014, Motta tentou costurar uma aliança entre o PMDB e o PSDB locais. ""Se o PSDB vier votar na gente, votaríamos em Aécio Neves sem dificuldades. Queremos a aliança com Dilma, mas é preciso que os dois queiram"", disse à época.De qualquer modo, ainda que Cunha esteja certo e que o flerte tucano de Motta tenha sido interrompido em benefício de Dilma, é impossível checar em quem o deputado de fato votou para presidente.TwitterFacebookEmailWhatsAppLeia tambémCinco fatos sobre migraçãoNão é verdade que Moro afastou promotor do caso Queiroz e delegado que investiga morte de MarielleHomem em foto com Flávio Bolsonaro é assessor do senador, não acusado de matar Marielle]"	1
48	O Brasil não tinha uma penitenciária de segurança máxima. Nós fizemos três.	"Alckmin cita dados errados sobre número de penitenciárias e consumo de drogas na GloboNewsAlckmin cita dados errados sobre número de penitenciárias e consumo de drogas na GloboNewsTwitterFacebookE-mailWhatsAppAlckmin cita dados errados sobre número de penitenciárias e consumo de drogas na GloboNewsPor Ana Rita Cunha, Bárbara Libório e Luiz Fernando Menezes 3 de agosto de 2018, 18h24TwitterFacebookEmailWhatsAppEm entrevista à GloboNews na última quinta-feira (3), o ex-governador de São Paulo e pré-candidato à presidência pelo PSDB, Geraldo Alckmin, falou de educação, economia, segurança pública e política de drogas. Usou, no entanto, dados imprecisos e insustentáveis durante a discussão.Veja abaixo o que Aos Fatos checou.INSUSTENTÁVELO Brasil não tinha uma penitenciária de segurança máxima. Nós fizemos três.A declaração de Alckmin foi classificada como INSUSTENTÁVEL pois não existe levantamento do número e data de criação de presídios de segurança máxima. Isso porque, segundo o Ministério Extraordinário da Segurança Pública, não há legislação que diferencie em graus de segurança as unidades.Essa não é primeira vez que Geraldo Alckmin cita esse dado. Durante o programa Roda Viva, em 23 de julho, o ex-governador de São Paulo disse que construiu as penitenciárias de Presidente Bernardes, Avaré e o ""Piranhão"", a Casa de Custódia e Tratamento anexada à penitenciária de Taubaté.Por e-mail, a assessoria do Ministério informou que o Departamento Penitenciário Nacional ""não faz coleta de dados classificando as unidades prisionais por nível de segurança por causa do vácuo legislativo"", considerando que ""não há legislação que diga como diferenciar uma unidade de segurança máxima de uma de segurança média, por exemplo"".No Brasil, existem duas modalidades de prisões de segurança máxima. Uma delas é a penitenciária de Segurança Máxima Especial, para receber presos condenados ao RDD (Regime Disciplinar Diferenciado), criado pela lei n° 10.792 de 2003. Esse tipo de prisão é normatizado pela Lei de Execução Penal e tem critérios muito específicos, como a obrigatoriedade de celas individuais para os presos.O mais recente relatório do Infopen (Sistema Integrado de Informações Penitenciárias) - divulgado pelo do Departamento Penitenciário Nacional do Ministério da Justiça em dezembro de 2017 com dados de 2016 - indica que existem duas penitenciárias no país aptas a receber presos condenados ao RDD: o presídio paulista Dr. José Ismael Pedrosa de Presidente Bernardes, inaugurado em 2002, durante o primeiro mandato de Alckmin em São Paulo, com 146 vagas e 66 presos, de acordo com dados da Secretaria de Administração Penitenciária de São Paulo. Há também a Unidade Especial Disciplinar, no Complexo Penitenciária da Bahia, inaugurado em 2005 (com 216 vagas e 258 presos, de acordo com dados do Infopen). Apesar de ter sido criado antes da unidade prisional baiana, o presídio paulista só passou a receber presos condenados à RDD bem depois, em agosto de 2011, com o decreto estadual nº 57.186.Diferente da RDD, existe uma outra modalidade de segurança máxima que não tem uma regulação nacional. Aos Fatos não encontrou levantamento nacional desses tipos de estabelecimentos penais e, como informado acima, o próprio governo federal não tem esse acompanhamento.A reportagem procurou a assessoria de imprensa de Geraldo Alckmin desde a primeira declaração do tucano, no Roda Viva, para saber qual a fonte da declaração do político. Até o momento, porém, não havia obtido qualquer resposta.Apesar de não ter uma legislação nacional para prisões de segurança máxima, além daquelas para RDD, o CNPC (Conselho Nacional de Política Criminal e Penitenciária), ligado ao Ministério da Justiça, estabelece recomendações de diretrizes básicas de construção penal por meio da resolução n°9 de 2011, que sofreu alterações em 2017. A recomendação para prisões de segurança máxima é de que elas tenham capacidade para no máximo 300 presos.No caso dos exemplos que foram citados por Geraldo Alckmin no Roda Viva como prisões de segurança máxima, à exceção da unidade de Presidente Bernardes, todos estão fora das normas da resolução do CNPCP de capacidade máxima e todas estão em situação de superlotação. A Penitenciária II de Avaré foi inaugurada em 1998, durante o governo do PSDB de Mário Covas e tem capacidade para 918 presos e uma população carcerária de 1.318 presos. O ""Piranhão"", em Taubaté, foi inaugurado em 2001 durante o primeiro mandato de Alckmin no governo de São Paulo e tem capacidade para 844 presos e uma população carcerária de 1.518 presos. Os dados são da Secretaria de Administração prisional do estado.Existe uma proposição aguardando votação na Câmara do Deputados que dispõe sobre a criação do regime penitenciário de segurança máxima incluído na Lei de Execução Penal. O projeto de lei 7.223/2006, do senador cassado Demóstenes Torres (DEM-GO), já aprovado pelo Senado, passou pelo crivo da Comissão Especial da Câmara criada para avaliar a proposição e está pronto para ser apreciado pelos deputados no plenário da Casa.IMPRECISONós somos o maior consumidor de crack e cocaína do mundoEsta declaração de Alckmin recebeu o selo IMPRECISO por dois motivos:1. em números absolutos, o Brasil é realmente o maior consumidor de crack do mundo, mas fica em segundo lugar no consumo de cocaína, segundo a última pesquisa da Unifesp (Universidade Federal do Estado de São Paulo), com dados de 2012;2. considerado o percentual da população brasileira que usa substâncias derivadas da folha de coca - como cocaína e crack -, o Brasil não figura nem entre os 20 países que mais consomem essas drogas no mundo, como apontam dados das Nações Unidas.Em sua declaração, feita em meio a um comentário sobre a crise na segurança pública e o avanço das facções criminosas no país, Alckmin provavelmente referia-se ao resultado da pesquisa do Inpad (Instituto Nacional de Ciência e Tecnologia para Políticas Públicas do Álcool e outras Drogas) da Unifesp. Publicada em 2014 com dados de 2012, o levantamento concluiu que o Brasil é o maior consumidor de crack do mundo em número absoluto de usuários, com 2,8 milhões de usuários. Além disso, o levantamento concluiu que representa 20% do consumo mundial.Em relação à cocaína, porém, a pesquisa não apontou o Brasil na liderança, como afirmou o tucano. Segundo o levantamento, o país é o segundo maior consumidor, atrás apenas dos Estados Unidos (ver gráfico abaixo). Segundo o levantamento, os EUA tinham quatro milhões de consumidores, seguido pelo Brasil (2,8 milhões) e os demais nações sul-americanas que, juntas, somavam 2,4 milhões de usuários. Vale ressaltar que esses dados são de sete anos atrás.Já o jornal inglês The Telegraph publicou um mapa do consumo de drogas derivadas da coca no ano passado utilizando os dados das Nações Unidas até 2016 (alguns países, que não enviaram dados, estão desatualizados). Para fazer a comparação, foi considerada a porcentagem da população que usa essas substâncias, e não o número absoluto de usuários. O Brasil, nesse caso, não fica nem entre os 20 primeiros colocados. O ranking é liderado por Albânia (2,5% da população), Escócia (2,34%) e Estados Unidos (2,3%).Para além do consumo, no estudo mundial sobre cocaína das Nações Unidas, publicado em 2017 mas com dados até 2015, o Brasil aparece como o terceiro país da América do Sul com maior quantidade de cocaína apreendida e como o principal fornecedor da droga para os continentes asiático e africano. É importante destacar que, no levantamento da ONU, foram incluídas todas os produtos feito com base de coca (pasta, base e crack).IMPRECISOSó de incentivo fiscal, tem 4% do PIB.Ao dizer que, se eleito, faria um ""pente fino"" nos incentivos fiscais concedidos pelo governo federal, Alckmin citou que essas renúncias hoje consomem 4% do PIB (Produto Interno Bruto). Os números oficiais do TCU (Tribunal de Contas da União), entretanto, são maiores: no ano passado, os incentivos alcançaram 5,4% do PIB. É por isso que a declaração do tucano recebeu o selo IMPRECISO.O pré-candidato provavelmente referia-se ao levantamento do IFI (Instituição Fiscal Independente do Senado) que apresentou, em maio, uma projeção da Receita Federal do Brasil dando conta que o governo teria deixado de arrecadar, em razão de incentivos fiscais - os chamados gastos tributários -, R$ 270,4 bilhões no ano passado, o equivalente a 4,1% do Produto Interno Bruto. De acordo com a IFI, os gastos tributários contribuíram com quase 40% da redução do resultado das contas públicas entre 2011 e 2014. No relatório, no entanto, os números de 2016 e 2017 são apenas uma projeção, já superada.Já no relatório oficial do TCU, divulgado em junho, que apresenta o dado definitivo sobre as contas do governo em 2017, as renúncias fiscais alcançaram R$ 354 bilhões no ano passado, representando 5,4% do PIB. No processo, que foi relatado pelo ministro Vital do Rêgo, ele observa que o patamar ""é de tal magnitude que pode ter afetado o equilíbrio das contas públicas em 2017"".Segundo o ministro, no período de 2003 a 2008, as renúncias fiscais alcançaram em média 3,4% do "	1
49	A foto analisada pela Lupa não mostra o ex-presidente Luiz Inácio Lula da Silva nem foi feita em 1964. A imagem, feita pelo repórter fotográfico Evandro Teixeira, foi adulterada.	" #Verificamos: Foto não mostra militares botando Lula pra correr nem foi feita em 1964Registro histórico de Evandro Teixeira retrata estudante de Medicina em junho de 1968Circula nas redes sociais uma imagem em preto e branco que mostra dois policiais, com cacetetes em punho, correndo atrás de um homem de camisa branca e barba. A foto ""informa"" que se trata do ex-presidente Luiz Inácio Lula da Silva (PT), numa cena flagrada em 1964. Por meio do projeto de verificação de notícias, usuários do Facebook solicitaram que esse material fosse analisado. Confira a seguir o trabalho de verificação da Lupa: ""Militares botando Lula pra correr desde 1964""Legenda de foto que, até as 7h do dia 1 de abril de 2019, já havia sido compartilhada no Facebook mais de 190 vezesFALSOA foto analisada pela Lupa não mostra o ex-presidente Luiz Inácio Lula da Silva nem foi feita em 1964. A imagem, feita pelo repórter fotográfico Evandro Teixeira, foi adulterada. Em sua versão original, que entrou para a história do país, ela mostra um estudante de Medicina que participava de um ato contra a ditadura militar na Cinelândia, no Rio de Janeiro. O registro data de 21 de junho de 1968 _ da chamada ""Sexta-feira sangrenta"" (aqui e aqui).Nota: esta reportagem faz parte do projeto de verificação de notícias no Facebook. Dúvidas sobre o projeto? Entre em contato direto com o Facebook.Editado por: Gilberto Scofield Jr."	1
50	A foto analisada pela Lupa é uma montagem feita sobre uma obra do repórter fotográfico franco-arjelino Jean Pierre Laffont. A fotografia original foi tirada em 1971, na segunda Parada do Orgulho Gay de Nova York. O rosto do homem da direita foi substituído pelo do atual presidente da Venezuela.	" #Verificamos: Foto de Maduro de mãos dadas com outro homem em 1984 é montagemBoato circula desde 2014 e imagem original foi tirada em Nova York, 1971Circula nas redes sociais a foto de um casal de homens de mãos dadas, acompanhada de um texto que ""informa"" que um deles é o presidente da Venezuela, Nicolás Maduro, em 1984. Por meio do projeto de verificação de notícias, usuários do Facebook solicitaram que o material fosse analisado. Confira a seguir o trabalho de verificação da Lupa:""Nicolás Maduro, 1984. Foto proibida na Venezuela pelo presidente atual Nicolás Maduro""Imagem que até as 16h30 do dia 17 de dezembro de 2018 já tinha sido compartilhada quase 500 vezes no FacebookFALSOA foto analisada pela Lupa é uma montagem feita sobre uma obra do repórter fotográfico franco-argelino Jean Pierre Laffont. A fotografia original foi tirada em 1971, na segunda Parada do Orgulho Gay de Nova York. O rosto do homem da direita foi substituído pelo do atual presidente da Venezuela. Além disso, vale destacar que nem a imagem real nem a adulterada foram ""proibidas"" na Venezuela.Essa montagem circula na internet desde, pelo menos, 2014, quando o site Boatos.org relatou sua existência.*Nota: esta reportagem faz parte do projeto de verificação de notícias no Facebook. Dúvidas sobre o projeto? Entre em contato direto com o Facebook.Editado por: Cristina Tardáguila"	1
51	É #FAKE que CNH é cancelada automaticamente se motorista tiver dívidas	"""É #FAKE que CNH é cancelada automaticamente se motorista tiver dívidas""Informação que circula nas redes sociais é falsa. STJ acredita que decisão aplicada a um único condutor tenha sido estopim para boato. Circula nas redes sociais a informação de que motoristas que devem IPVA (Imposto sobre a Propriedade de Veículos Automotores) ou que têm nome sujo no SPC (Serviço de Proteção ao Crédito) têm a Carteira Nacional de Habilitação (CNH) cancelada automaticamente. Isso não é verdade.A falsa informação está em milhares de mensagens no WhatsApp, que termina com o link para um blog especializado em boatos virais publicados para atrair audiência. O blog não informa quem são os responsáveis pela publicação. O post do blog, por sua vez, remete a um abaixo-assinado no Avaaz que já foi retirado do ar.Isso porque o STJ entrou em contato com os responsáveis, que retiraram a petição no dia 20 de junho. A plataforma enviou mensagem para todos os internautas que haviam assinado a falsa petição, esclarecendo os verdadeiros fatos.Segundo a assessoria do STJ, não existe uma decisão no sentido de cancelar a CNH de devedores de forma automática. O órgão acredita que a falsa notícia tenha sido criada a partir de um julgamento do STJ que admitiu a suspensão da CNH de um devedor.Na decisão, o ministro Luis Felipe Salomão entendeu que a jurisprudência do STJ já se posicionou no sentido de que a suspensão da CNH não fere o direito de ir e vir. Especialistas ouvidos pelo G1 explicam, no entanto, que o cancelamento não é automático e depende de análise caso a caso.O STJ reforça isso e esclarece que não existe o mecanismo de repercussão geral para o STJ. Trata-se apenas de um precedente e a decisão aplica-se somente à parte do processo.""A suspensão da CNH, bem como a do passaporte, é uma inovação dos juízes, que passaram a aplicar o dispositivo do artigo 139 do Código de Processo Civil de 2015, o qual permite ao juiz aplicar todas as medidas que assegurem o cumprimento de ordem judicial. Com base no dispositivo, credores passaram a requerer a suspensão de CNHs e passaportes"", informa o órgão. O que não significa, no entanto, que isso aconteça de forma automática ou mesmo que todo juiz aplique tal dispositivo.Um áudio compartilhado em aplicativos de mensagens também afirma que a CNH eletrônica (CNH-e), ou CNH digital, some automaticamente quando o condutor atinge 20 pontos. Isso também não é verdade.O Ministério das Cidades diz que a CNH eletrônica e a versão impressa do documento adotam o mesmo procedimento administrativo e permitem ""ampla defesa do condutor antes de haver a suspensão do direito"". "	1
52	O vereador foi apontado por uma testemunha como um dos mandantes do crime e foi alvo de operações de busca e apreensão em 2018.	"Não é acusado da morte de Marielle homem que está em foto com a vereadoraNão é acusado da morte de Marielle homem que está em foto com a vereadoraTwitterFacebookE-mailWhatsAppNão é acusado da morte de Marielle homem que está em foto com a vereadoraPor Luiz Fernando Menezes 21 de março de 2019, 16h56TwitterFacebookEmailWhatsAppUma foto da vereadora Marielle Franco (PSOL) com Marcello Siciliano (PHS), colega dela na Câmara Municipal do Rio, tem sido compartilhada nas redes sociais como se ele fosse um dos presos acusados do assassinato da parlamentar, o que não é verdade.O vereador foi apontado por uma testemunha como um dos mandantes do crime e foi alvo de operações de busca e apreensão em 2018. Essa linha de investigação perdeu força com mudanças de versão por parte do denunciante, um ex-PM que teria envolvimento com milicianos, mas ainda não foi totalmente descartada, segundo o delegado titular da DH (Delegacia de Homicídios), Giniton Lages, que investiga o caso.Ainda assim, como a foto não mostra Ronnie Lessa nem Élcio Vieira de Queiroz, os dois presos sob acusação de matar Marielle, as publicações analisadas, denunciadas ao Aos Fatos por usuários do Facebook e do WhatsApp, foram classificadas com o selo FALSO (entenda como funciona).FALSOTá ficando legal isto. Agora aparece foto da santinha Marielle de rostinho colado com um dos seus assassinos, que era guarda costas do presidente da Mangueira, preso por crimes diversos, as digitais da sua assessora aparece na maçaneta do Cobalt usado na execução. Êita, tá melhor que novela da Globo.A imagem que vem sendo compartilhada com informações falsas foi postada pelo próprio vereador Marcello Siciliano em suas redes sociais logo após a morte de Marielle, em março de 2018.Siciliano foi apontado como um possível mandante do assassinato em uma reportagem do jornal O Globo de maio de 2018. O vereador foi investigado no inquérito que apura o crime e policiais chegaram a cumprir mandados de busca e apreensão em sua casa e no seu gabinete na Câmara Municipal. De acordo com a versão de uma testemunha, a morte de Marielle teria sido encomendada por ele em razão de uma disputa fundiária com a vereadora em uma região controlada por milicianos na Zona Oeste que seria feudo eleitoral do parlamentar do PHS.Siciliano depôs em dezembro de 2018 e negou as alegações da testemunha. Em janeiro deste ano, ele pediu ajuda da Anistia Internacional dizendo sofrer pressões para assumir a autoria do assassinato. Há suspeitas de que os delegados federais que apresentaram o PM como testemunha contra o vereador teriam ligações com adversários políticos de Siciliano na zona oeste do Rio, como o ex-deputado estadual e ex-conselheiro do TCE (Tribunal de Contas do Estado), Domingos Brazão, que hoje está preso.Horas após a prisão dos ex-PMs Ronnie Lessa e Élcio Vieira de Queiroz no dia 12 de março, Siciliano gravou um vídeo dizendo que segue na expectativa ""para que esse crime cometido contra a Marielle e o Anderson seja solucionado de forma correta para que todos os envolvidos paguem e que eu, definitivamente, possa tocar minha vida"". A polícia não divulgou nenhuma ligação entre o vereador e os dois PMs até o momento.Mesmo após a prisão dos dois acusados, o delegado Giniton Lages, da Delegacia de Homicídios da Capital, disse que a hipótese do envolvimento de Siciliano e outro miliciano, Orlando de Curicica, como mandantes do crime não está totalmente descartada. Porém, ele não detalhou se existem indícios que vinculem os dois acusados presos ao vereador e ao miliciano.Também é falsa a informação que Siciliano teria sido guarda-costas do presidente da escola de samba Mangueira, o que nunca ocorreu.Já a informação que ""as digitais da assessora de Marielle aparecem na maçaneta do Cobalt usado na execução"" é verdadeira, mas foi descontextualizada: segundo a polícia, a assessora quase entrou por engano no carro dos criminosos, que já estava ligado quando Marielle e sua equipe se dirigiam ao automóvel.Outras postagens denunciadas por leitores também vêm acompanhadas de uma outra foto que já foi checada anteriormente por Aos Fatos. Segundo a peça de desinformação, a foto retrataria Marielle e Marcinho VP, ex-traficante com a qual supostamente teria sido casada.A foto, que foi publicada na internet originalmente em agosto de 2005, não retrata nenhum dos dois.TwitterFacebookEmailWhatsAppLeia tambémCinco fatos sobre migraçãoNão é verdade que Moro afastou promotor do caso Queiroz e delegado que investiga morte de MarielleHomem em foto com Flávio Bolsonaro é assessor do senador, não acusado de matar Marielle]"	1
53	Um projeto de lei torna a pedofilia um ato legal; o sexo com crianças a partir de 12 anos deixaria de ser crime.	"""É #FAKE cartaz atribuído a Haddad que diz que projeto de lei torna a pedofilia um ato legal""Projeto de lei citado na mensagem é o do novo Código Penal, que não legaliza a pedofilia. Circula nas redes sociais e em aplicativos de mensagem um post que afirma que um projeto de lei ""torna a pedofilia um ato legal"" e que ""o sexo com crianças a partir de 12 anos deixaria de ser crime"". O cartaz faz referência à campanha do PT à Presidência, Fernando Haddad, e ao Projeto de Lei PL PL 236/2012. A montagem é #FAKE.A montagem cita o ""PL PL 236/2012"", que, na realidade, é o Projeto de Lei do Senado n° 236/2012, que ainda tramita no Congresso Nacional e está parado desde novembro de 2017. Trata-se da proposta do Novo Código Penal. Nela, não há menção alguma a tornar ""a pedofilia um ato legal"".A pedofilia - definida como o distúrbio caracterizado pela atração sexual por crianças - não é tipificada como crime, e, sim, relações sexuais com menores de 14 anos, independentemente de consentimento. Além disso, o Estatuto da Criança e do Adolescente (ECA) estabelece penas para quem produz, divulga ou armazena material pornográfico infantil. Abuso e exploração sexual de menores também são crimes.O que o Novo Código Penal pode alterar é a idade máxima para que um menor seja considerado vulnerável. Se o projeto for aprovado como está escrito, essa idade diminuirá de 14 para 12 anos.O projeto é de autoria do ex-senador José Sarney, que recebeu o texto formulado por uma comissão de juristas ainda como presidente do Senado. A relatoria está com o senador Antonio Anastasia (PSDB-MG). Portanto, ainda não está em vigor.A imagem divulgada nas redes sociais também exibe um logo da campanha de Fernando Haddad. O panfleto, não entanto, não consta do material de campanha do presidenciável. A marca mostrada também está fora dos padrões - fonte e tamanho - usados pela campanha petista. "	1
54	A foto utilizada na montagem que circula nas redes sociais remete a uma edição de janeiro de 2015 do semanário satírico francês.	"É montagem capa da revista Charlie Hebdo sobre censura do STF à CrusoéÉ montagem capa da revista Charlie Hebdo sobre censura do STF à CrusoéTwitterFacebookE-mailWhatsAppÉ montagem capa da revista Charlie Hebdo sobre censura do STF à CrusoéPor Luiz Fernando Menezes 22 de abril de 2019, 17h29TwitterFacebookEmailWhatsAppNão é real a capa da revista francesa Charlie Hebdo que traz caricaturas dos ministros do STF (Supremo Tribunal Federal) Dias Toffoli e Alexandre de Moraes em referência à censura imposta pelos magistrados à revista Crusoé e ao site O Antagonista na semana passada. Reportagem publicada pelos veículos revelou que Toffoli teria sido citado pelo empresário Marcelo Odebrecht em e-mail com o apelido ""amigo do amigo do meu pai"". A foto utilizada na montagem que circula nas redes sociais remete a uma edição de janeiro de 2015 do semanário satírico francês.Apesar dos evidentes sinais de manipulação, a foto tem sido publicada como verdadeira por diversos perfis pessoais no Facebook e já acumulava mais de 13 mil compartilhamentos até a tarde desta segunda-feira (22). Todas as publicações com este conteúdo enganoso foram marcadas com o selo FALSO na ferramenta de verificação da rede social (entenda como funciona). A peça de desinformação também foi denunciada ao Aos Fatos por leitores no WhatsApp, onde também viralizou (veja como participar).FALSODeu no Charlie Hebdo: Um mar de corrupção! Não adianta mais processar ninguém, o fuxico já se espalhou pelo mundo! A não ser que o STF queira bloquear o mundo inteiro!A capa que circula em posts nas redes sociais nunca foi publicada pela Charlie Hebdo. Segundo o site da revista francesa, a última edição, datada do dia 18 de abril, trouxe o incêndio da Catedral de Notre-Dame como tema principal e não a censura do STF (Supremo Tribunal Federal) à revista Crusoé e ao site O Antagonista no dia 15 de abril.Além disso, a foto utilizada pelas publicações é uma montagem. Na foto original, tirada por Eric Gaillard, da Reuters, um homem lê a primeira edição da Charlie Hebdo publicada após o massacre sofrido pela redação do semanário satírico, em janeiro de 2015. Na ocasião, 12 pessoas morreram e 11 ficaram feridas.Vale lembrar que o ministro do STF Alexandre de Moraes, relator do inquérito que investiga ofensas e informações falsas contra os magistrados da Corte, revogou a decisão de censura no dia 18.A reportagem que foi censurada revelou documento enviado por Marcelo Odebrecht à Polícia Federal, no âmbito da Operação Lava Jato, com esclarecimentos e menções a tratativas ilícitas encontradas em seus e-mails. Uma das citações, segundo o ex-executivo, dizia respeito a um apelido dado pelo empresário a Dias Toffoli, que, na época, ainda era ministro da AGU (Advocacia-Geral da União).O e-mail, direcionado a outros executivos da empreiteira, dizia: ""Afinal vocês fecharam com o amigo do amigo de meu pai [Dias Toffoli]?"". Vale ressaltar que não houve nenhuma citação a pagamentos na troca de e-mails. Odebrecht explicou que a conversa era referente às tratativas que o então diretor jurídico da empreiteira, Adriano Maia, tinha com a AGU a respeito da construção de hidrelétricas em Rondônia.TwitterFacebookEmailWhatsAppLeia tambémÉ falso que inverno de 2019 será o mais frio dos últimos cem anos no BrasilDesenhamos fatos sobre o orçamento das universidades federaisComo os filhos de Bolsonaro usam polêmicas para impulsionar engajamento no Twitter]"	1
55	Todos os valores estão incorretos. Dos políticos citados, o ex-p	" #Verificamos: Meme que denuncia aposentadoria de políticos apresenta dados falsosDe todos os citados, apenas Sarney recebe mais do que o teto do funcionalismoCircula nas redes sociais quadro comparando o suposto valor da aposentadoria de vários políticos, incluindo o presidente Michel Temer (MDB) e o ex-presidente José Sarney (MDB), com o do brasileiro médio. Por meio do projeto de verificação de notícias, usuários do Facebook solicitaram que esse material fosse analisado. Confira a seguir o trabalho de verificação da Lupa:""Aposentadoria: José Sarney, R$ 109.982. Temer, R$ 68.985. FHC, 67.450. Joaquim Barbosa, R$ 46.320. Eliseu Padilha: R$ 32.467. Alvaro Dias, R$ 29.481. Dona Antônia, R$ 965. Mas quem ferra o Brasil é a Dona Antônia""Imagem publicada no Facebook, com cerca de 250 compartilhamentos, também presente entre as mais compartilhadas nos grupos de WhatsApp monitorados pela UFMG entre os dias 5 e 6 de novembroFALSOTodos os valores estão incorretos. Dos políticos citados, o ex-presidente da República José Sarney (MDB) é o único que recebe aposentadoria acima do teto constitucional do funcionalismo público, hoje em R$ 33.763 - e, ainda assim, ganha muito menos do que diz a imagem. Ele acumula uma aposentadoria de senador, no valor de R$ 29.036,18, e outra de analista judiciário no Tribunal de Justiça do Maranhão, de R$ 14.033,58. Nem o portal da Transparência do Senado, nem o do TJ-MA mostram retenção por teto. Somadas, essas aposentadorias chegam a R$ 43.069,76.Há vários relatos jornalísticos de que Sarney recebe, ainda, uma pensão vitalícia por ser ex-governador do Maranhão. O mais recente, do Portal R7, é de setembro deste ano. O valor dessa pensão seria de R$ 30.471,11. Somada com as outras duas aposentadorias, o total bruto recebido pelo ex-presidente seria de R$ 73.540,87 por mês, ou seja, inferior ao citado na imagem. Entretanto, essa informação não estava disponível no Portal da Transparência do governo do Maranhão. A Lupa contatou a assessoria de comunicação do governo do estado para esclarecer essa discrepância, mas não recebeu retorno até as 20h do dia 9 de novembro.Já o presidente Michel Temer (MDB) tem direito a uma aposentadoria de R$ 45.626,89 pelo estado de São Paulo, pois foi procurador do estado. Entretanto, a previdência paulista retém R$ 15.155,78 por causa do teto do funcionalismo- que, em São Paulo, é de R$ 30.471,11. Ele também recebe parte de seu salário como presidente, até o limite do teto do funcionalismo federal.O ex-presidente Fernando Henrique Cardoso (PSDB) se aposentou como professor da Universidade de São Paulo (USP), e recebe R$ 25.089,67. Ele foi senador entre 1983 e 1992, mas não recebe aposentadoria do Senado.O ex-ministro do Supremo Tribunal Federal (STF) Joaquim Barbosa recebe exatamente o teto federal, R$ 33.763. Ministros aposentados recebem valor equivalente aos ativos, e é justamente o salário dos ministros do STF que determina o teto federal, segundo a Constituição. Barbosa também foi professor na Universidade Estadual do Rio de Janeiro (UERJ) e procurador no Ministério Público Federal (MPF), mas não recebe aposentadoria por seu trabalho nessas instituições.Ex-deputado, o ministro-chefe da Casa Civil Eliseu Padilha (MDB) recebe uma aposentadoria de R$ 19.386,91 da Câmara Federal. Assim como Temer, ele também recebe parte de seu salário de ministro.Por fim, o senador Alvaro Dias (Podemos) não recebe aposentadoria. Ele tem direito a benefício pago pelo Senado. Porém, pelas regras da Casa, senadores ativos não podem acumular o benefício com seu salário. Logo, o pagamento está suspenso. Ele também tem direito a uma pensão por ser ex-governador do Paraná, mas opta por não receber. Como senador, seu salário é exatamente o teto do funcionalismo.Ou seja, de todos os valores citados, o único que está próximo do correto é o da ficcional Dona Antônia, supondo que ela representa o aposentado que recebe o piso do INSS. Hoje, este valor é equivalente a um salário mínimo, de R$ 954 - e não R$ 965.Este conteúdo já havia circulado no início de 2018 e, à época, foi checado pelo jornal O Globo.*Nota: esta reportagem faz parte do projeto de verificação de notícias no Facebook. Dúvidas sobre o projeto? Entre em contato direto com o Facebook.Editado por: Clara Becker e Nathália Afonso"	1
56	Legado da Copa: Rio cumpre ao menos 2/3 de promessas para Mundial	"Legado da Copa: Rio cumpre ao menos 2/3 de promessas para MundialLegado da Copa: Rio cumpre ao menos 2/3 de promessas para MundialTwitterFacebookE-mailWhatsAppLegado da Copa: Rio cumpre ao menos 2/3 de promessas para MundialPor Judite Cypreste 28 de junho de 2018, 16h55TwitterFacebookEmailWhatsAppApós Belo Horizonte e Brasília, a terceira cidade-sede escolhida para série de reportagens sobre o Legado da Copa 2014 é a cidade do Rio de Janeiro. A capital carioca é também a primeira a ser investigada após a desativação do Portal da Transparência da Copa pela CGU. Dos 12 projetos prometidos, 8 foram concluídos, 1 foi cancelado e 3 não puderam ser apurados, dado a falta de respostas dos órgãos públicos responsáveis e pela não disponibilização de informações acessíveis.Por conta da exclusão do Portal da Transparência dos gastos da Copa do Mundo 2014, as informações sobre quais foram os projetos planejados para o município não estão mais facilmente acessíveis. Nesta quinta-feira (28), Aos Fatos publicou uma reportagem na qual explica quais dados se encontravam no Portal e como o pedido de informações sobre o legado da copa se tornou um processo mais demorado.Durante a apuração do munícipio carioca, Aos Fatos encontrou um documento do Ministério Público Federal que também utilizou como fonte o Portal excluído. Na denúncia da Operação Calicute, responsável pela prisão do ex-governador do Rio de Janeiro Sérgio Cabral (MDB), o MPF citou na íntegra os detalhes da reforma do estádio do Maracanã, além de disponibilizar o endereço do Portal para averiguação. Agora, o link não se encontra mais disponível.CANCELADOTERMINAL MARÍTIMO DO RIO DE JANEIROA construção de um novo porto para o Rio de Janeiro não foi em frente. O projeto foi excluído da matriz de responsabilidades a pedido do Secretaria Nacional de Portos em 2013. O Ministério dos Transportes informou que a exclusão foi ""por uma série de motivos, entre eles a decisão de construir o Museu do Amanhã"". Segundo o órgão, o governo federal entendeu que a atual configuração do Porto do Rio com o Píer Mauá é suficiente para receber os turistas.SEM INFORMAÇÕESDESENVOLVIMENTO TURÍSTICODevido a falta de informações ocasionada pela exclusão do Portal da Transparência da Copa, Aos Fatos classificou o projeto de desenvolvimento turístico da cidade com o selo SEM INFORMAÇÕES, já que não foi possível saber quais foram os empreendimentos planejados.No site do Governo Federal, a informação que temos é que a capital iria receber uma nova sinalização turística, contendo totens de rua com informações sobre restaurantes, centro culturais, pontos turísticos, telefones úteis e até mesmo dados da história da cidade. Além disso, o então secretário de Turismo do Rio de Janeiro e presidente da Riotur, Antonio Pedro Figueira de Mello, anunciou o investimento de R$ 18 milhões, repassado pelo Ministério do Turismo para a Prefeitura da cidade e aplicada em projetos para a Copa do Mundo da FIFA Brasil 2014 e os Jogos Olímpicos de 2016. Apesar disso, não há informações de que o repasse foi efetuado para o projeto.Em email enviado para a Riotur (Empresa de Turismo do Município do Rio de Janeiro S.A.) a mesma informou não ter informações e que não possuíam nenhum vínculo com as obras do Mundial. A Secretária Municipal de Obras do Município entrou em contato com a reportagem por telefone e afirmou que, por conta da mudança da gestão, não possui informações sobre os empreendimentos que foram efetuados para o Mundial. O Ministério do Turismo não respondeu o e-mail encaminhado.SEM INFORMAÇÕESTELECOMUNICAÇÕES; CONSTRUÇÃO DE INSTALAÇÕES COMPLEMENTARESApesar dos seis projetos na área de telecomunicações para a capital fluminense estarem sob responsabilidade do Governo do Estado do Rio de Janeiro, a Telebrás, empresa estatal brasileiras de comunicações, divulgou que o município recebeu R$ 18,9 milhões em investimentos, o maior valor gasto na área. A justificativa, de acordo com o governo federal, se deve ao fato do Rio de Janeiro ter sido a sede do Centro Internacional de Coordenação de Transmissão da Fifa na Copa do Mundo de 2014. A Telebrás e o Governo do Estado não informaram até o fechamento da reportagem em quais projetos o montante foi gasto.Sobre a construção de instalações, por conta da exclusão do Portal de Transparência da Copa, os objetivos específicos do projeto não conseguem ser acessados. Aos Fatos encaminhou um email para o Governo do Estado, a Prefeitura e o Ministério do Turismo solicitando informações sobre quais seriam os projetos, os valores gastos e se estes estariam concluídos. Até a publicação desta matéria, nenhuma dessas informações foi respondida.COMPLETASEGURANÇAPara o projeto de segurança pública, a matriz de responsabilidades da Copa visava a cessão de um prédio para a instalação do Centro Integrado de Comando e Controle (CICC), instalação de câmeras de monitoramento nos perímetros estabelecidos pela Secretaria de Segurança Pública fluminense e a realização de ações de segurança pública.Instalado na Cidade Nova, o CICC tem acesso a mais de quatro mil câmeras e foi utilizado também nos Jogos Olímpicos de 2016.COMPLETAREFORMA NO ESTÁDIO MARACANÃEstádio que consagrou a Alemanha como tetracampeã na Copa do Mundo de 2014, o Maracanã recebeu a atenção da mídia também por outra razão. Com um contrato inicial de R$ 705 milhões, a reforma do estádio custou bem mais aos cofres públicos - cerca de R$ 1,2 bilhão. A reforma prevista para a chegada da Copa das Confederações e a Copa do Mundo, foi foi alvo nas Operações Saqueador e Calicute, investigadas pela Polícia Federal.Na Operação Saqueador, o bicheiro Carlinhos Cachoeira e o dono da Construtora Delta Fernando Cavendish foram condenados por associação criminosa e lavagem de dinheiro. Para desviar aproximadamente R$ 370 milhões dos cofres públicos, a empreiteira repassou valores a 18 empresas de fachada. Em depoimento aos juiz Marcelo Bretas, Cavendish informou que fez pagamentos de propina ao ex-governador do Rio de Janeiro, Sérgio Cabral (MDB), para que pudesse participar das obras de reforma do Maracanã. Por não ser uma ação contra crimes de corrupção, Cabral não foi considerado réu.O ex-governador foi, entretanto, preso na Operação Calicute. Condenado pelos crimes de corrupção passiva, lavagem de dinheiro e pertencimento à organização criminosa, Cabral teria recebido vantagens indevidas nas duas reformas do Maracanã (para o Pan 2007 e a Copa de 2014).Através da denúncia da Calicute, temos a informação que as empresas Odebrecht, Delta e Andrade Gutierrez teriam sido as responsáveis pela reforma do estádio. Vale lembrar, que a construtora Odebrecht faz parte da mesma organização que hoje participa da concessão do Aeroporto Internacional Antônio Carlos Jobim (a Odebrecht TransPort). A denúncia da Operação utilizou como fonte o Portal da Transparência da Copa, no entanto o conteúdo não se encontra mais acessível por conta da exclusão do site.O Consórcio Maracanã S/A atualmente divide a administração do estádio com o Clube de Regatas do Flamengo até o fim de 2020.COMPLETAMOBILIDADE URBANAAssim como para outras cidades-sede, a implementação do BRT foi uma das apostas para a melhoria de mobilidade urbana. No Rio de Janeiro, a implementação do corredor Transcarioca é responsável por fazer a ligação entre a Barra da Tijuca ao Galeão. A obra, que tinha como previsão a entrega em fevereiro de 2013, foi inaugurada pela ex-presidente Dilma Rousseff apenas em junho de 2014, um pouco antes do começo do torneio.A reurbanização do entorno do Maracanã e a Reformulação e Modernização da Estação Multimodal também eram projetos previstos. As obras, que começaram no primeiro semestre de 2012, custaram R$ 109,5 milhões aos cofres públicos. A última etapa - uma passarela que liga o Parque da Quinta da Boa Vista ao estádio - foi concluída em maio de 2014.As obras do BRT foram alvo da Operação Rio 40 Graus, que revelou a existência de uma organização dedicada à obtenção por agentes públicos de vantagens indevidas de empreiteiras executoras de obras públicas na cidade do Rio de Janeiro. As obras do entorno do Maracanã também foram alvo de investigação Operação Mãos à Obra, um desdobramento da Rio 40 Graus, responsável por identificar a cobrança de propina em obras municipais.COMPLETAAEROPORTO INTERNACIONAL ANTÔNIO CARLOS JOBIM (GALEÃO)O Galeão, único aeroporto do Rio de Janeiro a receber projetos de melhoria, não ficou pronto para a chegada do Mundial. Nem mesmo o telão para o acompanhamento dos jogos instalado no lugar funcionou. Segundo levantamento realizado antes da exclusão do Portal da Transparência da Copa, foram planejados três projetos de melhoria para a infraestrutura do aeroporto. Em abril de 2014, pouco antes do começo do torneio, foi assinado um contrato de concessão, que passou as responsabilidades do Galeão para a Concessionária Aeroporto Rio de Janeiro S/A, formada pela Odebrecht TransPort, Changi Airports International e Infraero.Em e-mail, a Concessionária afirmou que todas as obras previstas no contrato haviam sido concluídas e que o total gasto com os empreendimentos chegou a R$ 2 bilhões. Os projetos consistiram na reforma do terminal de passageiros 1 e 2, a revitalização e recuperação do sistema de pistas e pátios, e a realização de obras complementares. aTwitterFacebookEmailWhatsAppLeia tambémCinco fatos sobre migraçãoNão é verdade que Moro afastou promotor do caso Queiroz e delegado que investiga morte de MarielleHomem em foto com Flávio Bolsonaro é assessor do senador, não acusado de matar Marielle]"	1
57	O flagrante foi feito em Londres, na Inglaterra.	"""É #FAKE que vídeo mostra tentativa de roubo de criança na Baixada Fluminense""Flagrante é de ataque em Londres, na Inglaterra. Delegada afirma que casos investigados até agora são falsos. Mensagem que circula nas redes sociais mostra um vídeo de uma suposta tentativa de sequestro de criança em Nilópolis, na Baixada Fluminense. O flagrante mostra quatro homens em duas motos parando na esquina de uma rua com uma avenida movimentada. Logo depois, uma mulher passa com uma criança e é abordada. Assustada, ela agarra a criança e corre entre os carros. Os bandidos fogem. Mas a tentativa de sequestro é #FAKE.O flagrante foi feito em Londres, na Inglaterra. A mão invertida da rua no fundo da imagem ajuda a elucidar a falsidade do vídeo. Não é verdade que ele seja de uma tentativa de sequestro de criança em Nilópolis.A delegada Daniela Rebelo investigou dois supostos casos de sequestro de criança na Baixada e afirmou serem falsos. O primeiro caso chegou a ela pelas redes sociais, um mês atrás.""Fomos buscar a mãe dessa suposta vítima. Achei, a princípio, uma história um pouco fantasiosa. Os policiais foram até o local da tentativa. Os fatos não se encaixavam direito. Pegamos câmeras e percebemos que ela passava pelo local tranquilamente com o filho, nada tinha acontecido"", contou Daniela.O outro caso foi há uma semana. ""A mãe não veio procurar a delegacia, mas nós fomos até ela. Tratava-se de uma tentativa de assalto"", afirmou.""Isso também não quer dizer que qualquer outra notícia que chegue à delegacia não seja apurada. Todas serão apuradas"", pontuou a delegada. "	1
58	Adélio Biscoito de Oliveira é o petista que tentou matar Jair Bolsonaro hoje em Juiz de Fora. Ele é filiado ao Partido dos Trabalhadores.	"Autor de ataque a Jair Bolsonaro não é filiado ao PTAutor de ataque a Jair Bolsonaro não é filiado ao PTTwitterFacebookE-mailWhatsAppAutor de ataque a Jair Bolsonaro não é filiado ao PT 6 de setembro de 2018, 19h31TwitterFacebookEmailWhatsAppUma corrente de WhatsApp e publicações no Facebook afirmam que é filiado ao Partido dos Trabalhadores o agressor do postulante ao Palácio do Planalto, Jair Bolsonaro (PSL), atacado à faca na tarde desta quinta-feira (6) em Juiz de Fora (MG). Adélio Bispo de Oliveira, entretanto, nunca foi filiado ao PT. O boato, portanto, é FALSO, e foi marcado como tal na ferramenta de verificação do Facebook (saiba como funciona).Aos Fatos está checando as informações acerca do ataque ao candidato do PSL à Presidência, Jair Bolsonaro, nesta quinta (6). Leia tudo o que verificamos aqui.Abaixo, o que verificamos.FALSOAdélio Bispo de Oliveira é o nome do petista que tentou matar Jair Bolsonaro hoje em Juiz de Fora. Ele é filiado ao Partido dos Trabalhadores.Não foi encontrado na relação de filiados divulgada pelo Tribunal Superior Eleitoral o nome ""Adélio Bispo de Oliveira"" ligado ao Partido dos Trabalhadores no Estado de Minas Gerais. Essa base concentra todas as filiações aos partidos políticos constituídos no Brasil. Portanto, é FALSA a afirmação de que o agressor esteja ligado ao PT.É verdade, no entanto, que houve um ""Adélio Bispo de Oliveira"" filiado ao PSOL de Minas Gerais. Segundo os dados do TSE, consta que ele se filiou ao partido em maio de 2007, mas ele pediu a desfiliação em dezembro de 2014. Abaixo, está o registro de sua filiação nas bases do TSE.Em entrevista à Folha, o presidente do PSOL, Juliano Medeiros, disse que o partido não deve responder pelo ataque: ""queremos que ele seja julgado no rigor da lei. Parece que é uma pessoa bem confusa. Se fosse ligado ao PSOL, seria minha responsabilidade. Como não é filiado, não acho que seja da nossa alçada"".Os sites F7 Notícias, Cleuber Carlos e Blog do Vava da Luz foram alguns dos que reproduziram a informação incorreta e, portanto, foram alertados do erro pela ferramenta de verificação do Facebook.A checagem foi atualizada às 23h08 para corrigir a data de desfiliação, que ocorreu em 2014 e não em 2017, como foi informado. O que aconteceu no ano passado foi o processamento do pedido.TwitterFacebookEmailWhatsAppLeia tambémCinco fatos sobre migraçãoNão é verdade que Moro afastou promotor do caso Queiroz e delegado que investiga morte de MarielleHomem em foto com Flávio Bolsonaro é assessor do senador, não acusado de matar Marielle]"	1
59	O 13° será extinto e o empresário não pagará mais salário mínimo.	"""É #FAKE postagem que diz que empresário não pagará mais salário mínimo se Bolsonaro for eleito""Post foi feito no Twitter pela página PSL Brasília. Texto afirma ainda que empresário pagará apenas o que ele achar que deve. Mensagem é falsa; página não é a oficial do partido. Circula nas redes sociais um post de uma mensagem publicada no Twitter da página ""PSL Brasília"" dizendo que em um eventual governo Bolsonaro o 13° será extinto e o empresário não pagará mais salário mínimo. A postagem é #FAKE.Procurada, a assessoria de imprensa do candidato nega que a postagem seja verdadeira. ""A postagem é falsa. Esses direitos estão na Constituição, não tem nada a ver."" A assessoria também esclarece que a página do Twitter PSL Brasília não é a oficial do partido.A página PSL Brasília não possui, de fato, o símbolo de conta verificada. A primeira postagem da página é bem recente, foi feita no último dia 24 de julho. A página foi criada nesse mesmo mês.Além disso, há apenas 364 seguidores, diferentemente da página oficial do partido, que aparece com 32,7 mil seguidores e 890 postagens e tem o selo de ""verificada"" da rede social. "	1
60	Bolsa Presidiário não é criação do PT nem é comparável a salário mínimo; imagem falseia informações	"Bolsa Presidiário não é criação do PT nem é comparável a salário mínimo; imagem falseia informaçõesBolsa Presidiário não é criação do PT nem é comparável a salário mínimo; imagem falseia informaçõesTwitterFacebookE-mailWhatsAppBolsa Presidiário não é criação do PT nem é comparável a salário mínimo; imagem falseia informaçõesPor Luiz Fernando Menezes 27 de outubro de 2018, 11h15TwitterFacebookEmailWhatsAppO ""Bolsa Presidiário"", como alguns chamam o auxílio reclusão, não foi uma criação do PT, como sugere imagem que está circulando nas redes sociais. A montagem compara o valor do salário mínimo com o valor do auxílio, mas erra os números e também distorce o funcionamento do benefício.O auxílio existe desde 1933, mas só ganhou o nome em 1960. Seu valor, além de variar caso a caso, leva em consideração a contribuição do presidiário ao INSS quando ainda era livre e trabalhava formalmente, com carteira assinada. O tempo do benefício também varia de acordo com a situação. Além disso, quem recebe o auxílio reclusão não é o preso, mas seus dependentes, mediante comprovação da necessidade do recebimento para o sustento da família.No Facebook, a imagem foi postada por um perfil pessoal e acumulava, até a manhã deste sábado (27), 150 compartilhamentos. Conteúdo semelhante também circula no WhatsApp. A postagem foi denunciada por usuários do Facebook e classificadas com o selo FALSO na ferramenta de verificação da rede social (entenda como funciona).Veja, abaixo, o que checamos.FALSOSalário Mínimo: R$ 950,00. Bolsa Presidiário: R$ 1.319,18. Me convence que o PT sabe governarCircula nas redes sociais uma imagem que equipara o valor do salário mínimo com o ""Bolsa Presidiário"" e culpa o PT pela disparidade de preços. A peça de desinformação, no entanto, comete vários erros: 1. o último salário mínimo reajustado durante os governos do PT foi o de 2016, quando o valor foi alterado para R$ 880; 2. o auxílio reclusão não tem um valor e nem duração fixos; 3. esse auxílio só é dado a dependentes de presos que contribuíram para o INSS; e 4. o benefício existe desde 1933, de forma que não é uma criação do PT.O último reajuste no salário mínimo em uma gestão petista - no caso, a da ex-presidente Dilma Rousseff - foi em 2015. Na ocasião, determinava o valor do salário mínimo vigente a partir do dia 1º de janeiro de 2016. Naquela época, o valor era R$ 880. Hoje, o salário mínimop é de R$ 954.História. O auxílio reclusão, chamado por alguns de ""Bolsa Presidiário"", é um benefício que existe desde 1933, mas que só ganhou esse nome em 1960, durante o governo de Juscelino Kubitschek. Recorrentemente utilizado em boatos - como o que dizia que cada filho da pessoa presa teria direito a uma bolsa -, o auxílio está na Constituição e funciona da seguinte forma: se o indivíduo preso, na data da prisão, estivesse trabalhando e contribuindo regularmente para o INSS, seu regime for fechado ou semiaberto e seu último salário de contribuição não exceder o teto previsto na legislação (atualmente R$ 1.319,18), seu cônjugue ou um de seus dependentes recebe um valor calculado a partir das contribuições previdenciárias que o preso realizou. Sendo assim, o auxílio varia de preso para preso e não possui um valor fixo, como traz a imagem viral.Em alguns casos, o valor pode exceder o teto: como são utilizadas todas as contribuições previdenciárias que o segurado realizou, mas retiradas as 20% menores, a média aritmética dessa conta, que corresponde ao valor do benefício, pode ultrapassar os R$ 1.319,18 atuais.Além disso, a duração do benefício também varia de caso para caso, indo de quatro meses (em casos em que o cônjuge ou cônjuge separado recebia pensão alimentícia) até vitalícios (em casos em que o dependente, na data da prisão, possuía mais de 44 anos).De acordo com os dados do Ministério da Previdência Social, em 2016, o governo desembolsou R$ 44,2 milhões e emitiu 46 mil auxílios reclusão (uma média de R$ 943 por auxílio). Não é possível saber, com exatidão, quantos dependentes receberam o benefício, já que o número varia mensalmente. Um estudo do Contas Abertas, de 2016, estimou que apenas 7,1%das famílias dos encarcerados recebe o auxílio.O auxílio reclusão começou a ser mais discutido após a apresentação da PEC 304/2013, de autoria da deputada Antônia Lúcia (PSC-AC). O texto queria extinguir o auxílio da Constituição porque acreditava que ""é mais justo amparar a família da vítima do que a família do criminoso"".TwitterFacebookEmailWhatsAppLeia tambémCinco fatos sobre migraçãoNão é verdade que Moro afastou promotor do caso Queiroz e delegado que investiga morte de MarielleHomem em foto com Flávio Bolsonaro é assessor do senador, não acusado de matar Marielle]"	1
61	"O deputado federal Zeca Dirceu (PT-PR) não é o homem seminu e com o corpo repleto de dizeres, como ""feminist"	"Jovem seminu em foto da Parada LGBTQ de Atenas não é o deputado Zeca DirceuJovem seminu em foto da Parada LGBTQ de Atenas não é o deputado Zeca DirceuTwitter<a href=""#"" data-url=O deputado federal Zeca Dirceu (PT-PR) não é o homem seminu e com o corpo repleto de dizeres, como ""feminist"	1
62	Guilherme Boulos não deu entrada em hospital após overdose em boate.	"É #FAKE que Boulos deu entrada em hospital após overdose em boateImagem com publicação falsa circula em redes sociais. Polícia Civil e hospital de Juiz de Fora desmentem a informação; político se diz vítima de fake news. Circula pelas redes sociais um imagem de um jornal que diz que Guilherme Boulos, candidato do PSOL à Presidência da República em 2018, deu entrada em um hospital de Juiz de Fora, em Minas Gerais, após ter uma overdose. A publicação é #FAKE.O falso texto diz que ""a Polícia Civil informou que o político e ativista deu entrada em estado grave no Hospital de Pronto Socorro de Juiz de Fora, onde fez palestra na universidade"".Procurada pelo Fato ou Fake, a Polícia Civil em Juiz de Fora nega ter feito qualquer divulgação semelhante à imprensa.A assessoria de comunicação da Secretaria de Saúde da Prefeitura de Juiz de Fora, responsável pelo Hospital de Pronto Socorro Dr Mozart Teixeira, também reforça que Guilherme Boulos não deu entrada na unidade.O político publicou um desmentido em suas redes sociais. ""A máquina de Fake News não tem limites.""Vídeo: Veja como identificar uma mensagem falsa "	1
63	É #FAKE que cantor sofreu acidente de carro após dizer que Jesus era travesti	"""É #FAKE que cantor sofreu acidente de carro após dizer que Jesus era travesti""Texto tem sido bastante compartilhado nas redes. Mas ele é falso; artista não sofreu acidente. Após o cantor pernambucano Johnny Hooker dizer que Jesus era travesti e virar alvo de uma queixa-crime, textos compartilhados nas redes sociais afirmam que o artista se envolveu em um acidente de carro, ficando ""à beira da morte"". Um vídeo publicado no YouTube diz mostrar o resgate do cantor e já contabiliza mais de 400 mil visualizações. As mensagens, contudo, são #FAKE.Johnny Hooker não sofreu nenhum acidente de carro. As informações são da assessoria de imprensa do cantor. O artista, inclusive, comemorou aniversário de 31 anos nesta segunda-feira.Hooker foi alvo de críticas após dizer, em um show na cidade de Garanhuns, em Pernambuco, no dia 28 de julho, que Jesus era travesti. O artista se posicionava contra a tentativa da prefeitura da cidade de proibir o espetáculo ""O Evangelho segundo Jesus, Rainha do Céu"", protagonizado pela atriz transexual Renata Carvalho. A peça traz Renata Carvalho interpretando Jesus como se ele vivesse nos dias atuais como uma travesti, e provoca reflexões sobre temas como gênero e inclusão.""E eu estou aqui hoje pra dizer pra vocês que Jesus é travesti, sim, Jesus é transexual, sim, Jesus é bicha, sim, p*! Pode vaiar a vontade. Enfia a vaia no c*"", exclamou o cantor durante a apresentação.As imagens que foram atribuídas ao acidente são antigas e não têm relação com o artista. O vídeo original do resgate, que faz o registro de uma pessoa sendo retirada do carro por socorristas, foi publicado em 2013 e ocorreu na cidade de Lebon Régis, em Santa Catarina.""O cantor, que chama Jesus de ""bicha"" e ""travesti"" em seus shows, estaria partindo dessa para outra. Segundo informações, Ele teria sofrido um acidente de carro na tarde desta sexta-feira e estaria internado em estado gravíssimo. As informações foram divulgadas nas redes do próprio cantor, mas, obviamente, por outra pessoa.Polêmica: Na noite do dia 28 de julho, no Festival de Inverno de Garanhuns, em Pernambuco, o cantor Johnny Hoocker durante seu show afirmou que ""Jesus é transexual sim, Jesus é bicha sim, porra!"", além de ter puxado o coro ""ih, ih, ih, Jesus é travesti"".Um homem, que se apresentou como assessor do cantor Johnny Hoocker, contou sobre o acidente de carro e pediu orações.Vale lembrar, que o cantor já insultou a Jesus Cristo, Evangélicos e cristãos em outros shows, que até, um advogado exige a sua prisão."" "	1
64	Lula detém 52% das ações da Folha de S.Paulo. Trocando em miúdos: Lula é o dono da Folha de S.Paulo	" #Verificamos: Lula não detém 52% das ações do jornal Folha de S.PauloDocumentos da Junta Comercial de São Paulo mostram que veículo está nas mãos da família FriasCircula nas redes sociais uma imagem com a informação de que o ex-presidente Luiz Inácio Lula da Silva (PT) seria dono da maior parte das ações do jornal Folha de S.Paulo. Por meio do projeto de verificação de notícias, usuários do Facebook solicitaram que essa informação fosse analisada. Confira a seguir o trabalho de verificação feito pela Lupa:""Lula detém 52% das ações da Folha de S.Paulo. Trocando em miúdos: Lula é o dono da Folha de S.Paulo""Texto em imagem com mais de 2 mil compartilhamentos no Facebook até as 17h30 do dia 8 de novembro 2018FALSOO ex-presidente Luiz Inácio Lula da Silva não é dono de ações do jornal Folha de S.Paulo. O site da Junta Comercial de São Paulo (Jucesp) mostra que a Empresa Folha da Manhã S.A, que edita o jornal, está no nome do economista Luiz Frias e do jornalista Octavio Frias de Oliveira Filho. Além disso, a empresa Larimus Participações também consta no documento como detentora de ações. A Larimus, por sua vez, está no nome dos Frias, como mostra o documento disponível na Jucesp. Octavio Frias Filho morreu em agosto deste ano, vítima de um câncer no pâncreas. Ele era o diretor de redação da Folha. Dias depois, sua irmã, a jornalista Maria Cristina Frias, assumiu o cargo. Desde 2009, ela escreve para a coluna Mercado Aberto, sobre temas como negócios, macroeconomia e empreendedorismo. No dia 6 de novembro, a própria Folha desmentiu a informação que circula em redes sociais, afirmando que a empresa pertence ""100% à família Frias de Oliveira"". O jornal Folha de S.Paulo foi fundado em 1921 e, anos depois, em 1962, foi comprado pelos empresários Octavio Frias de Oliveira e Carlos Caldeira Filho. Os sócios se separaram em 1991 e, desde então, a família Frias se tornou a única detentora das ações da empresa, segundo o comunicado da Folha.*Nota: esta reportagem faz parte do projeto de verificação de notícias no Facebook. Dúvidas sobre o projeto? Entre em contato direto com o Facebook.Editado por: Chico Marés"	1
65	Bolsonaro autoriza execução da dívida da Globo de R$ 358 milhões de impostos sonegados	" #Verificamos: É falsa notícia de que Bolsonaro autorizou execução de dívida da GloboSuposta fonte da informação, Diário Oficial da União não traz qualquer decisão do tipoCircula nas redes sociais ""notícia"" de que o presidente Jair Bolsonaro autorizou a execução de uma suposta dívida da TV Globo no valor de R$ 358 milhões. Por meio do projeto de verificação de notícias, usuários do Facebook solicitaram que esse material fosse analisado. Confira a seguir o trabalho de verificação da Lupa:""Bolsonaro autoriza execução da dívida da Globo de R$ 358 milhões de impostos sonegados""Conteúdo publicado nos sites Primeiro Governo, Política Atual e De Olho News, com mais de 65 mil compartilhamentos até as 18h20 do dia 9 de janeiro de 2018FALSONão há qualquer decisão do presidente neste sentido registrada no Diário Oficial da União(DOU) do dia 8 de janeiro, como cita a publicação falsa. Também não há qualquer referência a uma suposta dívida da TV Globo nas edições publicadas entre os dias 2 e 9 de janeiro.O Grupo Globo aparece no DOU do dia 8 de janeiro, mas no detalhamento de um contrato do Fundo Nacional de Desenvolvimento da Educação com a Editora Globo Livros para a ""aquisição de obras literárias para atendimento ao Programa Nacional do Livro Didático."" O extrato está publicado na Seção 3. A Lupa contatou a Procuradoria-Geral da Fazenda Nacional (PGFN) que, em nota, confirmou a falsidade da informação. ""A notícia divulgada não tem procedência e não houve publicação de ato no Diário Oficial da União neste sentido"", diz a nota.A PGFN esclareceu, também, que ""a cobrança de débitos tributários federais é atividade administrativa estritamente vinculada, praticada pelos órgãos competentes que compõem a Administração Tributária Federal (Secretaria da Receita Federal do Brasil e Procuradoria-Geral da Fazenda Nacional), observando a legislação de regência e critérios exclusivamente técnicos"". Ou seja, não cabe ao presidente determinar a execução de dívidas. *Nota: esta reportagem faz parte do projeto de verificação de notícias no Facebook. Dúvidas sobre o projeto? Entre em contato direto com o Facebook.Editado por: Natália Leal"	1
66	Bolsonaro erra ao comentar crescimento paraguai e lei de expropriação de terras.	"Em sabatina da CNI, Bolsonaro erra ao comentar crescimento paraguaio e lei de expropriação de terrasEm sabatina da CNI, Bolsonaro erra ao comentar crescimento paraguaio e lei de expropriação de terrasTwitterFacebookE-mailWhatsAppEm sabatina da CNI, Bolsonaro erra ao comentar crescimento paraguaio e lei de expropriação de terrasPor Ana Rita Cunha e Luiz Fernando Menezes 6 de julho de 2018, 12h39TwitterFacebookEmailWhatsAppO deputado e pré-candidato à Presidência pelo PSL, Jair Bolsonaro, exagerou os dados de crescimento da economia paraguaia e voltou a errar ao falar da Emenda Constitucional 81, que amplia a punição de expropriação para o crime de exploração de trabalho escravo. As declarações foram feitas durante o evento Diálogo da Indústria com Candidatos à Presidência da República, promovido pela CNI (Confederação Nacional da Indústria), na última quarta-feira (4).Bolsonaro também falou do desempenho do país no Pisa (programa internacional de avaliação de estudantes) e a decisão do STJ (Superior Tribunal de Justiça) sobre o crime de desacato.Veja abaixo o que checamos.EXAGERADOParaguai está crescendo quase 7% ao ano.Bolsonaro citou o dado para argumentar que o crescimento paraguaio estaria motivando a ida de empresas brasileiras para o país vizinho. O pré-candidato do PSL, no entanto, errou o dado sobre o crescimento da economia do Paraguai. Em 2017, o PIB do país cresceu 4,3%, de acordo com relatório de abril do Banco Central do Paraguai. Esse número ainda está sujeito à revisão, conforme explica a autoridade monetária do país. Apesar do forte crescimento paraguaio, a intensidade é menor do que a mencionada pelo político. Por isso, a declaração foi considerada EXAGERADA.Para 2018, O PIB do Paraguai, de acordo com o Banco Central local, deve crescer 4,5%. Enquanto isso, no Brasil, em 2017, o PIB teve alta de 1%, de acordo com os dados do IBGE. A previsão de crescimento do PIB brasileiro em 2018 é de 1,55%, segundo o último Boletim Focus divulgado na semana passada pelo Banco Central do Brasil.De acordo com a CNI, os menores custo de energia e carga de impostos têm atraído empresas brasileiras, principalmente desde 2013. Em 1997, o governo paraguaio instituiu a Lei Maquila, que foi regulamentada em 2000, concedendo incentivos fiscais para as chamadas empresas maquiladoras, aquelas que importam peças e componentes de matrizes estrangeiras para que os produtos sejam montados no Paraguai e, depois, exportados. Segundo dados do governo paraguaio, 126 empresas que atuam no país estão sob o regime maquila, 80 delas instaladas desde 2013. De acordo com a CNI, 80% das empresas maquiladoras em atuação no Paraguai são brasileiras, entre elas a Guararapes, que é a controladora da Riachuelo.IMPRECISO... uma turma do STJ há pouco tempo decidiu que qualquer coisa que alguém venha falar para um policial que o aborde, isso passa a ser liberdade de expressão.Como a assessoria de Jair Bolsonaro não forneceu dados para a checagem, Aos Fatos presume que o pré-candidato refere-se a uma decisão de dezembro de 2016, quando a 5ª Turma do STJ (Superior Tribunal de Justiça) entendeu que a tipificação penal de desacato era incompatível com a Convenção Americana de Direitos Humanos e, portanto, não seria crime. O candidato cita o fato para criticar o que ele chama de ""atuação legislativa do Judiciário"". Contudo, essa decisão do STJ já foi revertida em maio de 2017 pela 3ª seção do tribunal. A decisão também não era referente apenas à abordagem policial - e sim a todos os funcionários públicos. A falta desse contexto torna a declaração de Bolsonaro IMPRECISA.No Código Penal, o crime de desacato é descrito no artigo 331 como: ""desacatar funcionário público no exercício da função ou em razão dela"". Em dezembro de 2016, os ministros do STJ consideraram que a manutenção da prática de desacato como crime era incompatível com o artigo 13, que refere-se à liberdade de expressão, da Convenção Americana de Direitos Humanos. Em maio de 2017, a 3ª Seção do STJ, que reúne as duas turmas de direito penal da corte, reverteu a interpretação anterior e manteve o desacato como crime.A decisão de dezembro de 2016, que acabou com o crime de desacato, foi tomada durante o julgamento de um agravo convertido em recurso especial interposto pelo Ministério Público do estado de São Paulo referente a um caso de desacato ""com gestos e palavras"" a dois policiais militares durante uma abordagem referente ao roubo de uma garrafa de conhaque avaliada em R$ 9. Os efeitos da decisão, no entanto, não eram restritos apenas a policiais, mas abrangiam todos os funcionários públicos., Marcelo Navarro Ribeiro Dantas, defendeu no voto que, conforme entendimento já firmado pelo STF (Supremo Tribunal Feder"	1
67	O senador eleito Flávio Bolsonaro (PSL-RJ) disse que foi o único parlamentar citado na lista do Coaf (Conselho de Controle de Atividades Financeiras) por movimentações atípicas de assessores a receber atenção de investigadores e da imprensa, mas isso não é verdade.	"Na TV, Flávio Bolsonaro alega perseguição com informações falsasNa TV, Flávio Bolsonaro alega perseguição com informações falsasTwitterFacebookE-mailWhatsAppNa TV, Flávio Bolsonaro alega perseguição com informações falsasPor Luiz Fernando Menezes e Ana Rita Cunha 21 de janeiro de 2019, 20h05TwitterFacebookEmailWhatsAppO senador eleito Flávio Bolsonaro (PSL-RJ) disse que foi o único parlamentar citado na lista do Coaf (Conselho de Controle de Atividades Financeiras) por movimentações atípicas de assessores a receber atenção de investigadores e da imprensa, mas isso não é verdade. Aos Fatos analisou e checou essa e outras declarações do filho do presidente em entrevistas recentes concedidas à Record TV, à RedeTV! e ao SBT. Além de comprovar o uso de informações falsas para se defender, a reportagem também identificou imprecisão a respeito do tamanho do seu patrimônio e informação que não pode ser comprovada sobre cargos vagos no gabinete parlamentar dele na Assembleia Legislativa do Rio.Confira abaixo.FALSONinguém dá atenção para os outros casos de parlamentares com assessores que movimentaram R$ 49 milhões. - Flávio Bolsonaro (PSL-RJ), em entrevista ao SBTAo dizer que a situação do seu ex-assessor, Fabrício Queiroz, é a única que recebe atenção, Flávio Bolsonaro deixa de lado pontos importantes sobre as investigações: 1) praticamente cada caso gerou uma investigação individual no MP-RJ (Ministério Público do Rio de Janeiro); 2) alguns deputados, entre eles o atual presidente da Assembleia Legislativa do Rio, André Ceciliano (PT-RJ) - cujos assessores movimentaram os R$ 49 milhões citados -, já foram depor voluntariamente; 3) Flávio é o deputado estadual citado que conseguiu o maior cargo eletivo entre todos da lista do Coaf; e 4) ele é filho do presidente da República Jair Bolsonaro (PSL).Além disso, citações aos casos de outros assessores parlamentares podem ser encontradas em diversos veículos de comunicação, como O Globo, Estadão e Poder 360. Na Folha de S.Paulo, inclusive, uma reportagem focou em políticos de partidos de esquerda da lista: ""PSC, PT e PSOL aparecem em relatório do Coaf"".O jornal RJ TV e a rádio CBN Rio também noticiaram os outros casos. O jornal Extra, por exemplo, afirmou que, embora ""o caso de maior repercussão tenha sido o do filho do presidente eleito, passou ainda mais dinheiro pelas contas de servidores empregados por colegas"". Já o jornal O Dia publicou que, sozinha, uma das assessoras de André Ceciliano (PT) movimentou R$ 26,5 milhões entre 2011 e 2017. O deputado, que se reelegeu, é o atual presidente da Alerj.Ainda assim, em suas três últimas entrevistas, Flávio Bolsonaro disse que seu caso estava sendo priorizado, tanto pelo MP-RJ quanto pela imprensa. À RedeTV!, neste domingo, ele chegou a insinuar que os promotores seriam ""alinhados"" ao PT.Além de Flávio Bolsonaro, assessores de outros 26 deputados da Alerj estão sendo investigados por transações atípicas num total de R$ 207 milhões. São citados no relatório do Coaf assessores de políticos de 14 partidos diferentes (Avante, DEM, MDB, PDT, PHS, PRB, PSB, PSC, PSD, PSDB, PSL, PSOL, PT e SD).Os três que movimentaram maiores quantias foram servidores de André Ceciliano: quatro assessores movimentaram R$ 49,3 milhões; Paulo Ramos, do PDT: cinco assessores movimentaram R$ 30,2 milhões; e Márcio Pacheco, do PSC: nove assessores movimentaram R$ 25,3 milhões.O MP-RJ abriu 22 procedimentos investigativos na Alerj com base no relatório para investigar 27 deputados, praticamente uma investigação para cada caso. Segundo procuradores entrevistados pelo jornal O Globo, a decisão visa facilitar a defesa dos parlamentares, já que muitas movimentações financeiras podem ser justificadas pelos autores. No Ministério Público do Rio só ficarão os casos de políticos que permanecem na Alerj.É importante ressaltar que, dos citados, apenas Flávio Bolsonaro e Paulo Ramos foram eleitos para cargos federais, como senador e deputado federal, respectivamente. Dez deputados estaduais citados no relatório não conseguiram ser reeleitos e suas investigações serão distribuídas aos promotores de primeiro grau.Além disso, segundo o procurador-geral de Justiça do Rio de Janeiro, Eduardo Gussem, até o final da semana passada quatro deputados citados foram ao MP-RJ voluntariamente para depor e entregar documentos: Luiz Paulo Corrêa (PSDB), Paulo Ramos (PDT), André Ceciliano (PT), e Tio Carlos (SDD).IMPRECISOEsse imóvel foi vendido. O meu patrimônio agora é um apartamento na Barra e uma sala comercial. - Flávio Bolsonaro (PSL-RJ), em entrevista à RecordDe fato, no patrimônio declarado ao TSE (Tribunal Superior Eleitoral) ano passado, Flávio Bolsonaro informou ter um apartamento e uma sala comercial na Barra da Tijuca. Porém, nas entrevistas deste domingo, ele omitiu que também constam R$ 558 mil em aplicações financeiras e a participação em uma franquia da chocolateria Kopenhagen na declaração que entregou à Justiça Eleitoral em 2018. Por isso, a fala recebeu o selo IMPRECISO.A citação ao atual patrimônio veio em meio às explicações do senador eleito sobre o pagamento de título de R$ 1 milhão da Caixa Econômica Federal, apontado em relatório do Coaf (Conselho de Controle de Atividades Financeiras). Segundo Flávio, a transação dizia respeito à quitação de parte do financiamento de um apartamento na planta em 2017. Ele afirmou ainda que o imóvel foi vendido logo em seguida, mas não deu detalhes de onde fica o apartamento citado, limitando-se a dizer que seria na zona sul do Rio.Nas eleições de 2014, quando foi eleito deputado estadual, Flávio Bolsonaro declarou R$ 714 mil em bens (R$ 912 mil ajustados ao IPCA de dezembro de 2018, dado mais recente de inflação divulgado pelo IBGE). Nesta declaração já constava um imóvel no bairro Laranjeiras no valor de R$ 565 mil. Em 2016, quando concorreu à Prefeitura do Rio de Janeiro, Flávio declarou R$ 1,4 milhão em bens (R$ 1,56 milhão, em valores atualizados), e informou ter 50% de um apartamento na Barra da Tijuca avaliado em R$ 850 mil e 50% de um imóvel adquirido na planta no bairro Laranjeiras, na mesma rua do apartamento da declaração de 2014, no valor de R$ 423 mil.Já nas últimas eleições, Flávio declarou R$ 1,7 milhão em bens (R$ 1,75 milhão em valores atualizados), incluindo um apartamento na Barra da Tijuca no valor de R$ 900 mil e uma sala comercial no mesmo bairro avaliada em R$ 150 mil. Além disso, o senador eleito também declarou R$ 558 mil em aplicações e investimentos e quota de ""50% de participação da Empresa Bolsotini Chocolates e Café LTDA"". A Bolsotini, no caso, é uma loja franqueada da empresa Kopenhagen.Vale lembrar que, no começo de 2018, a Folha de S.Paulo publicou uma reportagem sobre a atuação de Flávio Bolsonaro no mercado imobiliário. De acordo com o jornal, o imóvel de Laranjeiras, que apareceu primeiro na declaração de 2014, apareceu pela primeira vez avaliado em R$ 565 mil, passou para R$ 846 mil em 2016 e a compra foi registrada em escritura por R$ 1,7 milhão. Em 2017, o imóvel foi vendido por R$ 2,4 milhões.IMPRECISONão pedi foro privilegiado no STF. - Flávio Bolsonaro (PSL-RJ), em entrevista à RecordAo ser perguntado por que entrou com recurso no STF, Flávio alegou que apenas teve a intenção de saber em qual órgão do Judiciário ele deveria prestar esclarecimentos. A declaração é imprecisa pelos seguintes motivos: 1) apesar de na petição apresentado ao STF a defesa do senador não ter pedido diretamente que ele fosse julgado apenas no Supremo, o resultado, na prática, seria o benefício do foro privilegiado concedido a senadores para apresentar a reclamação; 2) não existe ""obrigação legal"", como Flávio mencionou na entrevista, de que ele apresentasse o recurso ao STF; 3) sua própria assessoria afirma que o STF é a ""única autoridade para decidir sobre o foro adequado do senador"" - ainda que ele não tenha ainda tomado posse formalmente.Segundo o senador eleito, o que ele fez foi consultar o Supremo para saber a qual órgão do Judiciário ele deveria prestar esclarecimentos. Flávio também justificou da mesma forma durante a entrevista à RedeTV! no último domingo (20). A explicação segue a argumentação do texto publicado pela sua defesa na sexta-feira e do conteúdo de sua reclamação. Segundo a assesso"	1
68	"Como esses eventos foram relatados voluntariamente a partir de uma população de tamanho incerto, não é possível estabelecer ""relação causal""."	" #Verificamos: É falso que bula confirme relação de vacina com autismoTexto de 2005 cita autismo, mas também diz, claramente, que não é possível estabelecer ""relação causal""Circula nas redes sociais a ""informação"" de que a bula em inglês da vacina Tríplice Bacteriana diz que ela causa autismo. Por meio do projeto de verificação de notícias, usuários do Facebook solicitaram que esse material fosse analisado. Confira a seguir o trabalho de verificação da Lupa:""Não adianta brigar comigo: vacinas causam autismo. Tá na bula""Imagem publicada no Facebook, com 65 compartilhamentos até o dia 18 de fevereiro de 2019FALSOA bula de uma marca específica de vacina Tríplice Bacteriana (que previne contra difteria, tétano e coqueluche) realmente mencionava ""relatos"" de ligação entre a dose de imunização e o autismo. Porém, o mesmo parágrafo do texto que acompanha a Tripedia em 2005 dizia o seguinte: ""Como esses eventos foram relatados voluntariamente a partir de uma população de tamanho incerto, não é possível estimar sua frequência de forma confiável ou estabelecer uma relação causal [dos efeitos listados] com os componentes da vacina Tripedia"". Ou seja, a bula não diz que há uma relação direta entre autismo e a vacina em questão.A Tripedia era produzida pelo laboratório Sanofi Pasteur e foi comercializada nos Estados Unidos entre 1992 e 2011, até ser descontinuada. A bula em questão foi atualizada pela última vez em 2005, conforme consta no próprio texto. Segundo o site de fact-checking americano Politifact, em 2006, um ano depois de o texto ser revisado pela última vez, uma nova regulamentação federal estabeleceu que apenas efeitos colaterais com relação causal comprovada fossem mencionados em bulas de remédios.Atualmente, duas vacinas do mesmo tipo, a Daptacel, também da Sanofi Pasteur, e a Infanrix, da GlaxoSmithKline, são produzidas e comercializadas nos Estados Unidos. Nenhuma das bulas menciona autismo como possível efeito colateral da imunização.A informação também foi verificada pelos sites americanos Politifact e Snopes.Nota: esta reportagem faz parte do projeto de verificação de notícias no Facebook. Dúvidas sobre o projeto? Entre em contato direto com o Facebook.Editado por: Natália Leal"	1
69	Usar celular no escuro causa câncer no olho.	"""É #FAKE texto que diz que usar celular no escuro causa câncer no olho""Mensagem circula em redes sociais no Brasil e no exterior. Especialistas desconhecem casos e dizem que texto não tem base científica. Alerta não foi feito por pesquisadores citados. Circula pelas redes sociais uma mensagem que diz que usar o aparelho celular no escuro provoca câncer no olho e que o alerta foi dado por pesquisadores dos EUA. A mensagem é #FAKE.Especialistas ouvidos pelo Fato ou Fake afirmam que o texto não apresenta nenhuma evidência científica para o que afirma.Wallace Chamon, membro do Conselho Brasileiro de Oftalmologia (CBO), diz: ""É completamente falsa essa informação, do começo ao fim. Essa universidade não tem nenhum estudo e eles chamam de câncer no olho a maculopatia. Maculopatia é uma doença que não é cancerígena. Não existe nenhum indício que qualquer iluminação poderia causar o que está sendo dito"".Ex-presidente da Sociedade Brasileira de Oftalmologia e professor de Oftalmologia da Universidade Federal do Estado do Rio de Janeiro (Unirio) Mário Motta afirma: ""É uma opinião do autor que não é baseada em nenhum estudo científico e não tem muita lógica"".Para ele, uma afirmação como a exposta no texto precisa ser acompanhada de um estudo aprofundado com um grande número de pessoas acompanhadas por longo período, o que não é o caso.Motta diz ainda que não existe nada comprovado de que a luz do celular provoque catarata ou degeneração ocular. Ele esclarece que quando uma pessoa presta muita atenção em algo, como na tela do celular ou do computador, tende a piscar menos, e isso pode provocar apenas uma sensação de ardência nos olhos.Além disso, o referido alerta dos pesquisadores jamais foi feito. E o Cape Coast Hospital não fica no EUA, e sim em Gana, na África.A Sociedade Americana do Câncer, a Biblioteca Nacional de Medicina dos EUA e a Sociedade Americana de Oncologia Clínica também não emitiram nenhum alerta sobre a conexão entre o uso de telefones celulares (à noite ou de qualquer outra forma) e o câncer ocular.MACULOPATIA - (Câncer do olho)Cuidado mesmo que tenha 10,20,30 ou até menos anos de vida.USO DO CELULAR NO ESCUROPesquisadores do Cape Coast Hospital (Bakkano) EUA, alertam que quando as luzes estão apagadas à noite, não se deve olhar para a tela do celular! (Smartphone) Usar telefones celulares antes de ir para a cama no escuro pode levar a sérios problemas nos olhos. Recentemente, um número crescente de pacientes entre 30 e 40 anos procura atendimento médico devido ao uso de telefones celulares no escuro.Segundo pesquisas o reflexo direto de mais de 30 minutos pode causar degeneração macular irreversível do olho, levando a rápida deterioração da visão. Contrair maculopatia (câncer do olho) significa poder perder a visão porque a medicina moderna não pode tratá-la, muito menos curá-la.O telefone brilhante olhado no escuro, possui alta energia eletromagnetica que, quando dirigida para os olhos pode danificar a mácula do olho.Os pesquisadores dizem que os sintomas da degeneração macular são mais sentidos pelos idosos, mas ultimamente os pacientes estão ficando mais jovens. Pacientes com 30-40 anos de idade, usuários frequentes de telefones celulares, aumentaram em cerca de 3% dos casos.Além disso, ver o celular no escuro não só causa degeneração macular, mas também provoca olhos secos, catarata que, eventualmente, pode levar a perda de visão. As lesões precoces dos olhos devem ser tratadas com laser ou injeção de esteróides. Os pesquisadores sugerem que o mais importante é livrar-se do mau hábito de usar telefones celulares no escuro, porque pode causar danos por toda a vida. Para tentar minimizar o problema lembre-se de não desligar as luzes se estiver olhando para o celular. Informe os usuários desses telefones sobre esse problema! "	1
70	Petista atira e mata cristãos! Isto a imprensa comunista não fala!!!	"Atirador de Campinas não era filiado ao PTAtirador de Campinas não era filiado ao PTTwitterFacebookE-mailWhatsAppAtirador de Campinas não era filiado ao PTPor Luiz Fernando Menezes 14 de dezembro de 2018, 16h29TwitterFacebookEmailWhatsAppNão é verdade que o homem que abriu fogo contra fiéis na Catedral Metropolitana de Campinas na última terça-feira (11) era filiado ao PT nem há indícios de que o crime tenha motivações políticas. A imagem que circula nas redes sociais mostra a filiação do pai do criminoso, Eder Grandolpho, como se fosse do filho, Euler Grandolpho, para sugerir a ligação com o partido.A montagem originalmente publicada pela página Movimento Avança Brasil foi apagada do perfil, mas foi republicada por um perfil pessoal.A peça de desinformação foi denunciada por usuários do Facebook. Aos Fatos marcou a montagem com o selo FALSO na ferramenta de verificação da rede social (entenda como funciona).FALSOPetista atira e mata cristãos! Isto a imprensa comunista não fala!!!Uma montagem com o selo da página Movimento Avança Brasil está associando, falsamente, o atirador de Campinas com o Partido dos Trabalhadores: ""arma com número de série raspada, filiado ao PT, atirando indiscriminadamente em local religioso... deve ser uma combinação de coincidências!"".Mas não há registro de que o atirador, identificado como Euler Fernando Grandolpho, era ou já foi em algum momento filiado ao PT ou a qualquer outro partido. A busca pelo nome do atirador na base de dados do TSE (Tribunal Superior Eleitoral) não rendeu resultados.Também não foram encontrados registros de que o atirador tenha se posicionado durante as eleições. Segundo reportagem da Folha de S.Paulo, Grandolpho era de família católica, sofria de depressão e era uma pessoa fechada (seu perfil no Facebook tinha apenas oito amigos). Segundo uma ex-namorada, tinha posições conservadoras e chegou a manifestar posições racistas. O atirador morava com o pai, cuja atuação na Igreja Católica era criticada pelo filho.Seu pai, Eder Grandolpho, por outro lado, é filiado ao PT desde 1995. O nome, como é muito parecido com o do filho, foi utilizado pela publicação enganosa para dizer que o atirador era integrante do partido. O pai do atirador não está sendo investigado pela polícia nem teve seu nome apontado como participante do atentado à igreja.Apoio a Bolsonaro. Além do falso vínculo com o PT, também não é possível afirmar que o atirador de Campinas tenha declarado apoio a Jair Bolsonaro nas últimas eleições. Uma montagem que circula nas redes sociais sobrepõe a uma foto de Euler o slogan de campanha do presidente eleito. Aos Fatos não identificou registros de seus posicionamentos políticos nas redes sociais.O caso, que aconteceu na última terça-feira (11) e deixou cinco mortos, além do atirador, que cometeu suicídio, tem sido muito citado em boatos e peças de desinformação. Nesta semana, Aos Fatos já checou uma foto que sugeria que o padre da Catedral teria incitado violência ou demonstrado apoio a Bolsonaro no passado, o que também não é verdade.TwitterFacebookEmailWhatsAppLeia tambémCinco fatos sobre migraçãoNão é verdade que Moro afastou promotor do caso Queiroz e delegado que investiga morte de MarielleHomem em foto com Flávio Bolsonaro é assessor do senador, não acusado de matar Marielle]"	1
71	"FALSOA suposta ""campanha"" para que pedófilos façam parte da comunidade LGBT nada mais é do que uma ação coordenada de trolls, usuários de redes sociais que, entre outras medidas, publicam informações enganosas para es"	" #Verificamos: é falso que pedófilos tentam entrar em grupo LGBT e têm até uma bandeira própriaNotícia que já teve mais de 16 mil interações no Facebook é ação de trolls e foi traduzida de sites dos EUACircula na internet a ""notícia"" de que grupos de pedófilos estariam buscando fazer parte da comunidade LGBT. O grupo teria até criado uma ""bandeira do orgulho MAP"". Por meio do projeto de verificação de notícias, usuários do Facebook solicitaram que essas informações fossem verificadas. Confira a seguir a análise da Lupa:""Pedófilos pedem para ser aceitos em comunidade LGBT""Título de postagens feitas pelos sites Expresso Diário, PortalLivree Terça Livre e que até as 15h40 do dia 16 de julho de 2018 já tinham mais de 42 mil interações no Facebook, segundo a plataforma BuzzSumoFALSOA suposta ""campanha"" para que pedófilos façam parte da comunidade LGBT nada mais é do que uma ação coordenada de trolls, usuários de redes sociais que, entre outras medidas, publicam informações enganosas para espalhar falsidades na internet. A ""notícia"" analisa, em parte uma tradução de um conteúdo publicado por sites americanos, cita a existência de uma campanha pelo ""orgulho MAP"". O texto diz que o termo MAP, do inglês, pessoas atraídas por menores, teria sido inventado para que a pedofilia ""ganhasse aceitação da comunidade LGBT"". Também informa que grupos de pedófilos teriam criado bandeira, similar à do orgulho gay, para simbolizar a existência do coletivo. Nada disso, no entanto, é verdade. Segundo o site Snopes, uma das principais plataformas de checagem de informações dos Estados Unidos, a campanha pelo ""orgulho MAP"" e a bandeira foram criadas por um troll. Inicialmente, este troll criou um Tumblr sobre o assunto, dizendo ""apoiar MAPs"". Mais tarde, ele modificou o site, dizendo que ""essas pessoas precisavam de um terapeuta, não de uma comunidade"".O termo MAP, segundo o Snopes, já é usado há anos por instituições que oferecem tratamento psicológico a pedófilos e efebófilos (pessoas atraídas sexualmente por adolescentes), e nada tem a ver com uma tentativa de ""ganhar aceitação"". A fonte citada na ""notícia"", Brad Dacus, é um conhecido ativista anti-LGBT, fundador do grupo Pacific Justice Institute. Segundo a ONG americana Southern Poverty Law Center, a instituição ""é comprovadamente um grupo de ódio"" que ""promove falsidades anti-LGBT"".Por fim, o site The Prevention Project realmente existe, mas busca prevenir abuso sexual de menores e oferece tratamento psicológico para pessoas que sentem atração por crianças e adolescentes - e não para ""afirmar que pedófilos são incompreendidos"".*Nota: esta reportagem faz parte do projeto de verificação de notícias no Facebook. Dúvidas sobre o projeto? Entre em contato direto com o Facebook.Editado por: Cristina Tardáguila, Clara Becker e Leandro Resende"	1
72	É #FAKE que Haddad usou foto de carnaval para divulgar ato de apoio em Salvador	"""É #FAKE que Haddad usou foto de carnaval para divulgar ato de apoio em Salvador""Imagem foi publicada no Facebook e já tinha mais de 700 compartilhamentos até as 16h deste sábado (27). Circula nas redes sociais uma imagem aérea da orla de Salvador lotada, acompanhada de uma frase que sugere que o candidato do PT à Presidência da República, Fernando Haddad, usou uma foto de carnaval para sustentar que o espaço abrigou uma grande manifestação a seu favor nos últimos dias. A foto vem com a legenda: ""Haddad ladrão rouba a foto do carnaval de Salvador e chama de foto da virada!"", mas a afirmação é #FAKE.A foto em questão foi tirada pelo fotógrafo Ricardo Stuckert em 26 de outubro de 2018. É possível encontrar o arquivo original da imagem no Flickr oficial da campanha de Fernando Haddad.A Agência Lupa utilizou esse arquivo para consultar os dados Exif da imagem. Esses dados consistem em um conjunto de informações registradas pelas câmeras digitais capazes de, entre outras informações, revelar o horário em que a foto foi feita. Segundo o Exif da imagem original, ela foi batida às 18h02 do dia 26 de outubro por um drone DJI FC-220.O presidenciável Fernando Haddad esteve na Bahia nesta sexta-feira (26). O petista fez campanha nas ruas de Salvador e participou de uma caminhada numa avenida da orla da capital. Os organizadores calcularam que cerca de 100 mil pessoas compareceram ao ato.Neste sábado e domingo a equipe do Fato ou Fake se uniu a outras cinco agências de checagens de notícias no Brasil para checar as mensagens de conteúdo suspeito nesta reta final das eleições. A ideia de juntar forças é para ganhar mais agilidade e aumentar o alcance das checagens. A parceria reúne o Fato ou Fake, Projeto Comprova, Lupa, Aos Fatos, Boatos.org e E-Farsas "	1
73	É #FAKE que Trump fez post no Twitter em favor de Jair Bolsonaro	"""É #FAKE que Trump fez post no Twitter em favor de Jair Bolsonaro""Em falsa mensagem, presidente dos Estados Unidos aparece chamando candidato de PSL de o mais honesto e decente que Brasil já teve. Circula no WhatsApp um print como se fosse de um tuíte do presidente dos Estados Unidos, Donald Trump, em favor do candidato a presidente do PSL, Jair Bolsonaro. É #FAKE.No falso post, a montagem mostra Trump chamando Bolsonaro de honesto, decente e o candidato a presidente mais digno de confiança que o Brasil já teve.A mensagem também sugere que o presidente dos EUA fez uma crítica à imprensa brasileira, dizendo que são publicadas informações para afetar a candidatura de Bolsonaro.Em sua conta oficial no Twitter, Trump não fez nenhum comentário durante todo o dia sobre a eleição presidencial do Brasil. "	1
74	O Ministério Público Federal informou, em nota, que não identificou nenhum repasse bancár	" #Verificamos: É falso que Jean Wyllys repassou R$ 50 mil a advogado de Adélio BispoEm nota, Ministério Público Federal desmentiu boato que circula nas redes sociaisCircula nas redes sociais a ""informação"" de que o Ministério Público Federal (MPF) teria identificado um repasse bancário no valor de R$ 50 mil feito pelo deputado federal Jean Wyllys (PSOL-RJ) ao advogado de Adélio Bispo de Oliveira, o homem que esfaqueou Jair Bolsonaro em Juiz de Fora (MG) durante a campanha presidencial do ano passado. Por meio do projeto de verificação de notícias, usuários do Facebook solicitaram que esse material fosse analisado. Confira a seguir o trabalho de verificação da Lupa:""MPF identificou repasse bancário de R$ 50 mil de Jean Wyllys ao advogado do esfaqueador de Bolsonaro [Adélio Bispo]""Publicação que, até as 17h do dia 29 de janeiro de 2019, já tinha sido compartilhado mais de 6 mil vezes no FacebookFALSOO Ministério Público Federal informou, em nota, que não identificou nenhum repasse bancário do deputado federal Jean Wyllys para o advogado Zanone Manuel de Oliveira, que defende Adélio. O mesmo conteúdo também foi desmentido pela Procuradoria da República de Minas Gerais, que, atualmente, cuida dos processos contra o agressor de Bolsonaro. Assim sendo, a informação analisada pela Lupa é falsa.Na última quinta-feira (24), Jean Wyllys afirmou ao jornal Folha de S.Paulo que vai desistir de seu mandato como deputado federal, que está fora do país e que não voltará ao Brasil. Eleito com mais de 24 mil votos, o político do PSOL diz que essa decisão é resultado de diversas ameaças e de notícias falsas veiculadas a seu respeito.Checagem semelhante foi feita pelo site e-Farsas.Nota: esta reportagem faz parte do projeto de verificação de notícias no Facebook. Dúvidas sobre o projeto? Entre em contato direto com o Facebook.Editado por: Cristina Tardáguila e Chico Marés"	1
75	"O presidente Michel Temer afirmou nesta quarta-feira (8) que homens e mulheres ""são igualmente empregados"" e que, mesmo com essas ""restrições"", ""a gente vê como a mulher ocupa espaço executivo de grande relevância""."	"Temer erra ao afirmar que homens e mulheres são igualmente empregadosTemer erra ao afirmar que homens e mulheres são igualmente empregadosTwitterFacebookE-mailWhatsAppTemer erra ao afirmar que homens e mulheres são igualmente empregadosPor Tai Nalon e Sérgio Spagnuolo 8 de março de 2017, 19h03TwitterFacebookEmailWhatsAppO presidente Michel Temer afirmou nesta quarta-feira (8) que homens e mulheres ""são igualmente empregados"" e que, mesmo com essas ""restrições"", ""a gente vê como a mulher ocupa espaço executivo de grande relevância"". A declaração foi feita durante solenidade pelo Dia Internacional da Mulher, no Palácio do Planalto.Aos Fatos checou a afirmação junto às bases do Ipea (Instituto de Pesquisa Econômica Aplicada) e da Pnad (Pesquisa Nacional por Amostra de Domicílios) e concluiu que o que o presidente afirma é FALSO. Veja abaixo por quê.FALSOHomens e mulheres são igualmente empregados, [ainda que] com algumas restrições. Mas a gente vê em muitas reportagens, das mais variadas, como a mulher hoje ocupa um espaço executivo de grande relevância.Existem vários dados que derrubam a afirmação de Temer. A Pnad Contínua, tabulada pelo IBGE (Instituto Brasileiro de Geografia e Estatística), tem um conjunto deles. A pesquisa mostra que o desemprego entre as mulheres é muito superior e cresceu mais do que entre os homens no último trimestre de 2016.Segundo o estudo, a taxa de desocupação para o quarto trimestre de 2016 foi de 12,0%. O indicador se manteve estável em relação ao trimestre anterior (11,8%), mas cresceu 3,1 pontos percentuais em relação ao mesmo período de 2015 (9,0%).No entanto, a Pnad aponta que a desocupação impacta de maneira diferente a depender do sexo. No quarto trimestre de 2016, a taxa foi estimada em 10,7% para os homens e em 13,8% para as mulheres.Outra pesquisa, dessa vez do Ipea, divulgada pelo próprio governo nesta semana, explicita as diferenças de renda entre mulheres e homens - e ainda separa por raça. O estudo demonstra que, enquanto homens brancos recebiam mensalmente em 2015 R$ 2.509,70 em média, uma mulher negra tinha rendimento de R$ 1.027,50 no mesmo período.Ainda assim, as mulheres têm carga de trabalho superior à jornada masculina. Elas trabalham, em média, 7,5 horas a mais que os homens por semana. Em 2015, ano-base do estudo, a jornada total média das mulheres era de 53,6 horas semanais, enquanto a dos homens, de 46,1 horas.A diferença está nos afazeres não remunerados: 90% das mulheres declararam realizar atividades domésticas, enquanto apenas 50% dos homens disseram fazer o mesmo. A proporção se manteve quase inalterada ao longo de 20 anos, segundo o instituto.Cargos executivos. Temer também se equivoca ao dizer que a mulher ""ocupa espaço executivo de grande relevância"". Embora de fato haja mulheres em cargos altos em várias empresas brasileiras, levantamento de Aos Fatos feito em 2016 revelou que elas permanecem fora dos processos de decisão dentro de grandes corporações brasileiras.No mundo corporativo, dos 420 cargos executivos de destaque nas 57 empresas do Ibovespa, principal índice da Bolsa de Valores de São Paulo, apenas 27 são ocupados por mulheres-cerca de 6,5%. Com dados do primeiro semestre do ano passado, é possível saber aqui quem ocupa a chefia dessas empresas.Selo. A declaração de Temer, de que homens e mulheres são igualmente empregados, está incorreta, já que as taxas de desocupação e o rendimento mensal apresentam números diferentes para homens e mulheres, segundo dados oficiais. Além disso, ao afirmar que mulheres ocupam espaço executivo ""de grande relevância"", ignora que só 6,5% das principais empresas na Bolsa de Valores de São Paulo são chefiadas por mulheres. Aos Fatos classifica a afirmação como FALSA.Esta reportagem foi atualizada às 3h48 de 9 de março de 2017 para acrescentar informações sobre renda mensal.TwitterFacebookEmailWhatsAppLeia tambémCinco fatos sobre migraçãoNão é verdade que Moro afastou promotor do caso Queiroz e delegado que investiga morte de MarielleHomem em foto com Flávio Bolsonaro é assessor do senador, não acusado de matar Marielle]"	1
76	É falso que Flávio Bolsonaro tenha dito que garçom morto no RJ assumiu risco. 	" #Verificamos: É falso que Flávio Bolsonaro tenha dito que garçom morto no RJ assumiu riscoFrase atribuída a senador eleito faz menção a caso de homem supostamente morto por PMs que confundiram guarda-chuva com fuzilCircula nas redes sociais uma imagem com uma frase atribuída ao senador eleito Flávio Bolsonaro (PSL-RJ) a respeito de um crime ocorrido em setembro na favela Chapéu Mangueira, Zona Sul do Rio de Janeiro. Por meio do projeto de verificação de notícias, usuários do Facebook solicitaram que essas informações fossem analisadas. Confira a seguir o trabalho de verificação feito pela Lupa: ""Um elemento negro, andando perto de uma favela, com um guarda-chuva na mão. Queria o quê? Correu o risco. A culpa não é da polícia""Frase atribuída ao deputado estadual e senador eleito Flavio Bolsonaro (PSL-RJ) em imagens (aqui e aqui) que já tinham mais de 1,5 mil compartilhamentos às 14h de 5 de novembro de 2018FALSODe acordo com a imagem analisada pela Lupa, a frase teria sido dita por Flávio Bolsonaro após a morte de Rodrigo Alexandre da Silva Serrano, no dia 17 de setembro. De acordo com as testemunhas, Rodrigo foi alvo de três tiros dados por policiais militares que teriam confundido seu guarda-chuva com um fuzil. A PM, no entanto, nega. Afirma que uma patrulha da corporação foi atacada por criminosos e que, durante o confronto, Rodrigo foi atingido. Uma busca nos perfis oficiais de Flávio Bolsonaro no Facebook e no Twitter revela que não há nenhum comentário público dele sobre a morte de Rodrigo. Na imagem que viralizou, também não há nenhuma informação sobre a data ou o local em que o político teria dito essa frase. Além disso, não há nenhuma entrevista em que o filho do presidente eleito Jair Bolsonaro tenha falado sobre esse tema. A assessoria de Flavio Bolsonaro foi procurada pela Lupa e negou a declaração. Destacou que Flávio ""nunca"" fez qualquer comentário sobre o episódio. O site Boatos.org também fez verificação semelhante e constatou que o único lugar em que a referida frase é atribuída ao senador eleito do PSL é o meme que viralizou e que reaparece na imagem analisada pela Lupa. *Nota: esta reportagem faz parte do projeto de verificação de notícias no Facebook. Dúvidas sobre o projeto? Entre em contato direto com o Facebook.Editado por: Cristina Tardáguila"	1
77	Acompanhe abaixo. IMPRECISOMeu pai [Jai	"Eduardo Bolsonaro dispara contra a esquerda com dados questionáveisEduardo Bolsonaro dispara contra a esquerda com dados questionáveisTwitterFacebookE-mailWhatsAppEduardo Bolsonaro dispara contra a esquerda com dados questionáveisPor Thays Lavor e Tai Nalon 20 de outubro de 2017, 19h20TwitterFacebookEmailWhatsAppO deputado federal Eduardo Bolsonaro (PSC-SP) visitou o Ceará no último dia 2 de outubro, onde participou de duas audiências públicas para debater o projeto Escola Sem Partido. Tanto na Assembleia Legislativa do Ceará quanto na Câmara dos Vereadores do município de Baturité, a 90 km de Fortaleza, o deputado defendeu o projeto e a candidatura à Presidência da República do pai, Jair Bolsonaro (PSC-RJ), assim como citou dados equivocados a respeito da violência na Venezuela e de mortes motivadas pelos regimes nazista e stalinista. Bolsonaro-filho Ainda citou afirmações nunca ditas por Lênin e Marx.Aos Fatos checou as declarações do deputado. Acompanhe abaixo. IMPRECISOMeu pai [Jair Bolsonaro] tem sete mandatos na vida pública e sem nenhuma denúncia de corrupção.O nome de Jair Bolsonaro aparece em uma lista de propinas pagas pela JBS a 28 partidos durante as eleições de 2014. O documento foi apresentado pelo executivo Ricardo Saud ao firmar um acordo de delação premiada no âmbito da Operação Lava Jato. Segundo o delator, o valor pago ao deputado corresponde a R$ 200 mil. Na época, Bolsonaro-pai era filiado ao PP. A doação também consta do site do Tribunal Superior Eleitoral, declarada oficialmente. Até o momento, Jair Bolsonaro não é alvo de inquérito específico.Aos Fatos procurou ao longo desta semana a assessoria de imprensa do deputado federal por telefone e por e-mail, a fim de obter esclarecimentos. Até a última atualização desta reportagem, no entanto, não havia recebido qualquer retorno.Em abril deste ano, Bolsonaro-pai foi condenado a pagar R$ 50 mil por danos morais por declarações consideradas preconceituosas sobre os quilombolas. A ação, movida pelo Ministério Público Federal, foi julgada na 26ª Vara Federal do Rio de Janeiro pela juíza Frana Elizabeth Mendes. Bolsonaro afirmou que vai recorrer da decisão. IMPRECISOPorque que eles acham e você vê deputados apoiando o regime na Venezuela? Por quê? Lá está tendo uma mortalidade muito maior do que aqui. Aqui nós temos quase 30 homicídios para cada grupo de 100 mil habitantes. O tolerável pela ONU são dez. Aqui nós estamos três vezes mais. Lá na Venezuela, Caracas, este número está em 120 homicídios para cada grupo de 100 mil habitantes.O deputado compara números nacionais, do Brasil, com números da capital venezuelana. Isso não é recomendável, já que uma cidade pode apresentar números muito superiores do que a média de um país inteiro - o que de fato ocorre não só na Venezuela, mas também em território brasileiro. Mesmo assim, Aos Fatos foi às bases da Organização Mundial da Saúde e da ONG Seguridad, Justicia e Paz, que apresentam números em nível nacional e por município, respectivamente.O último relatório divulgado pela OMS (Organização Mundial da Saúde), que trata de taxas de violência no mundo no ano de 2015, incluindo caso de homicídios, aponta o Brasil com uma taxa de 30,5 homicídios para cada 100 mil habitantes. Ou seja, a afirmação do deputado, nesse quesito, é correta. A taxa é realmente superior ao que é considerado tolerável pela instituição, que são de 10 homicídios para cada 100 mil habitantes.Entretanto, o documento não trabalha com os índices por municípios - somente países. No continente americano, o Brasil só é menos violento que Colômbia (48,8), Venezuela (51,7), El Salvador (63,2) e Honduras (85,7).No entanto, diferentemente do que o deputado costuma defender, a ONU (Organização das Nações Unidas) diz que um dos principais impulsionadores das taxas de assassinato no mundo é o acesso a armas, com aproximadamente metade de todos os homicídios cometidos com armas de fogo.Já a ONG Seguridad, Justicia y Paz divulga anualmente a lista das 50 cidades mais violentas do mundo. Em 2016, Caracas aparece como a capital mais violenta do mundo, com uma taxa de 130,35 homicídios por 100 mil habitantes - acima dos números divulgados por Bolsonaro. A Venezuela tem outras sete cidades nesse ranking: Maturín (84,21), Ciudad Guayana (82,84) e Valencia (72,02) estão, junto com Caracas, entre as dez mais violentas do mundo.O que o deputado não diz é que o Brasil aparece nesse mesmo ranking com 21 cidades. Natal (RN) aparece é décimo lugar e é a cidade brasileira mais violenta da lista: são 69,56 homicídios para cada 100 mil habitantes.O problema da metodologia dessa lista é que os números de homicídios são coletados ora de fontes oficiais, ora de fontes alternativas, sem um critério claro. Em alguns casos, os dados são o resultado de uma contagem própria da ONG a partir da análise de notas jornalísticas, de modo que esses dados não devem nortear políticas públicas. INSUSTENTÁVELA máxima do Lênin, pai do comunismo: acuse-os do que você faz e xingue-os do que você é.Não há qualquer frase ou pensamento desta natureza atribuída a Lênin na historiografia de referência. Na verdade, o livro They never said it: a Book of Fake Quotes, Misquotes, and Misleading Attributions (na tradução livre ""Eles nunca disseram isso: um livro de citações falsas, incorretas e enganosas""), dos pesquisadores norte-americanos Paul F. Boller Jr. e John George Jr. se dedica a mostrar que essa referência é equivocada.Na página 70, eles lembram da seguinte frase, em tradução livre, falsamente atribuída a Lênin num livro do evangelizador norte-americano Billy James Hargis da década de 1960: ""Destruir os opositores pela calúnia, difamação e chantagem é uma das técnicas do comunismo"". Segundo os pesquisadores, o próprio assistente de Hargis, Julian Williams, afirma que a citação parece ter sido inventada para se adequar ao propósito de criticar o comunismo. ""Lênin não dizia essas coisas de maneira tão direta"", afirmou ao livro. A publicação de Boller Jr. e George Jr. foi encontrada por Aos Fatos graças à pesquisa do site de Otávio Pinto.Aos Fatos também consultou o pós-doutor em ciência política pela Universidade de São Paulo Fábio Gentile. Especialista em regimes totalitários, ele é categórico ao afirmar que esta frase não faz parte de livros básicos de doutrinação marxista ou leninista. ""Não podemos atribuir ao pensamento comunista , pois não tem nada a ver com a sua elaboração doutrinária. Essa frase só faz sentido dentro de um contexto de pensamento político ocidental"".FALSOA tática da esquerda é a de Karl Marx, dividir para conquistar.O ditado é bastante anterior a Karl Marx: originário do latim divide et impera, era parte da filosofia militar romana difundida pelo imperador Júlio César na sua obra De Bello Gallico, sobre as guerras na região da Gália. O auge do império romano data de 27 a.C. até meados dos anos 300 d.C.. A ideia era dividir o povo dominado para governar melhor.Segundo o especialista em regimes totalitários Fábio Gentile, trata-se de uma estratégia antiga, que é retomada pelo pensamento político moderno. Um dos teóricos fundamentais para entender essa filosofia é Maquiavel, que em seu A Arte da Guerra usa a expressão como estratégia política e militar. Em outra de suas obras, O Príncipe, por exemplo, ele sugere que a melhor maneira de obter força é semeando a intriga entre os que governam, com o objetivo de dividi-los.A obra O Federalista, de Alexander Hamilton, John Jay e James Madison, é considerada uma das pedras fundamentais da Constituição americana. Na página 31, os autores também abordam essa máxima: ""Divide et impera deve ser a máxima de toda nação, que tanto nos odeia quanto nos teme"", em tradução livre. A frase é de Alexander Hamilton, o primeiro secretário do Tesouro dos Estados Unidos, a partir de 1789, além de fundador do primeiro banco dos EUA e considerado um dos precursores da filosofia capitalista norte-americana.Ou seja, a tática de dividir para conquistar não é algo fundamentalmente de esquerda. Encontra respaldo em estratégias políticas de vários matizes ideológicos, baseada em premissas como encorajar cisões em movimentos hostis e alianças entre grupos afins e encorajar desgaste e desconfiança.""Não é algo que pertença à bagagem teórica do comunismo marxista, não é uma teoria marxista, não há nenhuma raiz na teoria do comunismo"", explica o também pesquisador da Universidade Federal do Ceará.É possível encontrar na historiografia, entretanto, usos dessa filosofia também pelo regime soviético. Exemplo disso é que as alianças entre bolcheviques, anarquistas, movimentos internacionalistas e socialistas moderados isolaram uma série de movimentos contrarrevolucionários durante a Revolução Russa de 1917 e a Guerra Civil Russa, que antecedeu a fundação da União Soviética em 1922.FALSOHitler é um mero ladrão de docinhos frente a Stalin. É por isso que eu propus um projeto de lei para acabar com o comunismo, que matou dez vezes mais do que o nazismo. Se Hitler matou 6 milhões, Stalin matou mais de 100 milhões de pessoas. É mais do que todos os desastres naturais juntos e pestes que passaram pelo planeta Terra. Você junta tudo isso e não dá um século de comunismo.É difícil chegar a uma conclusão precisa a respeito da quantidade de mortos decorrentes de ambos os regimes devido à dificuldade de delimitar um período de tempo específico, além de ter informação precisa a respeito de mortes por motivações indiretas.Em relação ao regime nazista, se levarmos em conta os militares e os civis alemães e estrangeiros mortos durante a Segunda Guerra Mundial (1939-1945), os números podem chegar a aproximadamente 45 milhões. Essa é a estimativa usada pelo Museu Nacional da Segunda Guerra Mundial, nos Estados Unidos.No entanto, historiadores de várias nacionalidades e idades apontam para divergências que vão de 40 milhões a 70 milhões de mortes, incluindo militares, civis e atrocidades decorrentes da guerra, como fome e devastação. É consenso que se trata do maior conflito armado da história em termos de quantidade de mortos e que Adolf Hitler desencadeou o evento.Porém, se forem consideradas somente as mortes de judeus dentro dos campos de concentração, durante o Holocausto, esse número corresponde a 6 milhões, segundo o historiador judeu-francês Leon Poliakov. Esse número também é aceito e usado pelo Museu Memorial do Holocausto dos Estados Unidos e pelo museu Yad Vashem, em Israel.Com relação ao stalinismo, período em que Josef Stalin governou a União Soviética (1941-1953), as mortes ficam entre 20 e 30 milhões, tomando por base as obras do escritor polonês Moshe Lewin - um dos maiores historiadores do regime soviético, morto em 2010. Porém, esse não é o único número que existe: estimativas são tão imprecisas, que vão de 13 milhões a 60 milhões.O historiador da Universidade Yale, Timothy Snyder, escreveu em 2010 para a New York Review of Books um ensaio entitulado, em tradução livre, ""Hitler versus Stalin: quem matou mais?"" em que afirma: ""Grandes números importam porque eles são um acúmulo de pequenos números, isto é, preciosas vidas individuais"".Segundo ele, alemães mataram mais gente que os soviéticos: a Alemanha nazista vitimou 11 milhões de não-combatentes, dentre eles judeus, ciganos, homossexuais, eslavos e demais minorias; e mais de 12 milhões se forem levadas em conta mortes decorrentes de deportação, fome e execuções. Do lado soviético, o período de Stalin no poder matou algo entre 6 milhões e 9 milhões de pessoas, dentre elas algo como 5 milhões vítimas de fome, massacres em campos de trabalhos forçados e demais matanças associadas a perseguição étnica.Os tais 100 milhões de mortos, entretanto, não encontram respaldo nem na historiografia mais crítica ao regime stalinista. É possível que sua referência se trate da soma e mortes de vários regimes comunistas ao longo do século 20, mas os números são igualmente controversos.Aos Fatos entrou em contato e enviou e-mail para a assessoria do deputado federal Eduardo Bolsonaro para que ele pudesse dar mais detalhes sobre fontes das frases acima checadas, mas até a última atualização deste material nenhum retorno foi dado.TwitterFacebookEmailWhatsAppLeia tambémCinco fatos sobre migraçãoNão é verdade que Moro afastou promotor do caso Queiroz e delegado que investiga morte de MarielleHomem em foto com Flávio Bolsonaro é assessor do senador, não acusado de matar Marielle]"	1
78	Falso: Ex-candidatos foram vaidos em fábrica da Ford que deve ser fechada	" #Verificamos: É falso que Haddad e Manuela foram vaiados em fábrica da Ford que deve ser fechadaEx-candidatos visitaram o local em 5 de setembro e não foram impedidos de discursarCircula nas redes sociais a ""informação"" de que os ex-candidatos a presidente e vice-presidente da República Fernando Haddad (PT) e Manuela DÁvila (PCdoB) foram hostilizados pelos funcionários da fábrica da Ford em São Bernardo do Campo - local que teve seu fechamento anunciado na última terça-feira (19) - durante a campanha eleitoral do ano passado. Por meio do projeto de verificação de notícias, usuários do Facebook solicitaram que esse material fosse analisado. Confira a seguir o trabalho de verificação da Lupa:""Foi na Ford que não deixaram a Manu [Manuela DÁvila] e o [Fernando] Haddad discursarem aos gritos de mito, mito""Imagem publicada que, até as 16h do dia 22 de fevereiro de 2019 já tinha sido compartilhada mais de 170 vezes no FacebookFALSOA postagem analisada pela Lupa traz uma informação falsa. Apesar de corretamente destacar que o fechamento da fábrica da Ford em São Bernardo do Campo pode afetar mais 24 mil pessoas (segundo calculo do Dieese podem ser até 27 mil), erra ao comentar que Fernando Haddad e Manuela DÁvila foram impedidos de discursar no local durante a campanha eleitoral de 2018. Os dois políticos visitaram o local e não há qualquer registro de que tenham sido vaiados ou impedidos de discursar. A visita à fábrica ocorreu no dia 5 de setembro, quando Haddad ainda era, formalmente, candidato a vice-presidente da República.O presidente do Sindicato dos Metalúrgicos do ABC, Wagner Santana, chegou a se posicionar sobre o assunto na última quinta-feira (21). Em seu Facebook, relatou que a visita ocorreu ""sem que tenha havido incidente ou hostilidade"" e relatou que outra visita de Haddad à fábrica, feita em junho - antes do início do período eleitoral - também havia ocorrido sem nenhum incidente relevante.A página de campanha do então candidato a presidente Luiz Inácio Lula da Silva (PT) no Facebook fez um vídeo ao vivo da visita de Haddad à Ford em 5 de setembro. O vídeo também não mostra qualquer manifestação de hostilidade contra os candidatos.Nota: esta reportagem faz parte do projeto de verificação de notícias no Facebook. Dúvidas sobre o projeto? Entre em contato direto com o Facebook.Editado por: Cristina Tardáguila"	1
79	Suposto tweet do presidente eleito Jair Bolsonaro, com mais de 2,2 mil c	" #Verificamos: Tuíte de Bolsonaro pedindo votos para Aécio e Pezão é falsoApesar disso, atual presidente eleito declarou voto nos dois candidatos em outubro de 2014Circula nas redes sociais um suposto tweet do presidente eleito Jair Bolsonaro no qual ele defendia a reeleição do governador do Rio de Janeiro Luiz Fernando Pezão (MDB), em 2014, e do então candidato à presidência Aécio Neves (PSDB). Entre as pessoas que publicaram essa informação está o deputado federal eleito Marcelo Freixo (PSOL). Por meio do projeto de verificação de notícias, usuários do Facebook solicitaram que esse material fosse analisado. Confira a seguir o trabalho de verificação da Lupa:""O povo do Rio de Janeiro deve dar uma chance a Pezão como governador para ele dar continuidade ao legado de investimentos iniciado por Cabral. Com relação ao 2.° turno da eleição federal, Aécio representa a honestidade que o Brasil precisa. #Aecio45 #Pezao15""Suposto tweet do presidente eleito Jair Bolsonaro, com mais de 2,2 mil compartilhamentos no Twitter e mais de 4 mil compartilhamentos no Facebook.FALSO O tweet de Bolsonaro é uma montagem. A Lupa procurou todos os tweets do presidente eleito durante o período eleitoral de 2014, e não há nenhuma publicação com as hashtags #Aecio45 e #Pezao15. Além disso, o tweet tem 257 caracteres. Até novembro de 2017, o limite máximo de tamanho de uma publicação no Twitter era de 140 caracteres - atualmente, o limite é de 280.Apesar da publicação ser falsa, vale destacar que Bolsonaro declarou voto no tucano e no peemedebista no segundo turno das eleições de 2014. Pezão derrotou Marcelo Crivella (PRB) na ocasião, enquanto Aécio foi derrotado por Dilma Rousseff (PT).Em nota, Freixo informou que apagou a montagem de suas redes sociais. ""Jair e Flávio Bolsonaro de fato apoiaram a eleição de Pezão e eram filiados a partido da base de apoio do MDB (...). Diante do conhecido posicionamento político da família Bolsonaro em relação a Pezão e dos detalhes técnicos identificados na publicação, não foi possível reconhecer que se trata de uma montagem. Ao confirmar a informação, a publicação foi imediatamente apagada das nossas redes"". *Nota: esta reportagem faz parte do projeto de verificação de notícias no Facebook. Dúvidas sobre o projeto? Entre em contato direto com o Facebook."	1
80	FALSOParabéns a OAB, que para intensificar a sua fiscalização ao Governo Bolsonaro	"OAB não emitiu inscrição para deputado sem passar pelo Exame de OrdemOAB não emitiu inscrição para deputado sem passar pelo Exame de OrdemTwitterFacebookE-mailWhatsAppOAB não emitiu inscrição para deputado sem passar pelo Exame de OrdemPor Luiz Fernando Menezes 7 de janeiro de 2019, 16h00TwitterFacebookEmailWhatsAppSão falsas as informações contidas em um tweet do perfil @fasdobolsonaro sobre a OAB (Ordem dos Advogados do Brasil) ter concedido ao deputado eleito Túlio Gadelha (PDT-PE) uma inscrição na instituição sem que ele passasse pelo Exame de Ordem, cuja aprovação é obrigatória para o exercício da advocacia. Além da própria ordem ter desmentido esse boato em uma nota oficial, o futuro parlamentar não está inscrito hoje na OAB.Denunciadas por usuários do Facebook, postagens com essa desinformação foram classificadas com o selo FALSO na ferramenta de verificação da rede social (entenda como funciona).FALSOParabéns a OAB, que para intensificar a sua fiscalização ao Governo Bolsonaro irá permitir ao Deputado Tulho Gadeia, namorado de Fatima Bernandes, a sua inscrição sem a necessidade de realização da prova no Exame da Ordem, dada sua agenda, Deputado tem dificuldade na aprovação.O perfil @fasdobolsonaro, que utiliza a mesma foto e nome do perfil oficial do presidente eleito Jair Bolsonaro (PSL), publicou um tweet no qual diz que a OAB (Ordem dos Advogados do Brasil) iria inscrever o deputado Túlio Gadelha (PDT-PE) sem que ele precisasse realizar o exame.As primeiras pistas de que se trata de uma desinformação são os erros nos nomes citados: em vez de Túlio Gadelha a postagem traz ""Tulho Gadeia"", e o nome de Fátima Bernardes está escrito como ""Fatima Bernandes"".Mesmo com os erros, a postagem passou a ser tão difundida nas redes sociais que a OAB chegou a emitir uma nota para desmentir o boato:""Circula pelas redes sociais a falsa informação de que a OAB estaria concedendo, sem a necessidade da realização do Exame de Ordem, a carteira de advogado para determinado deputado federal eleito. Cabe esclarecer que os bacharéis formados após a promulgação da Lei nº 8.906/94, o Estatuto da Advocacia, estão obrigados a realizar o Exame de Ordem para obter a condição de advogados.Também é importante reiterar que o compartilhamento de notícia falsa pode ocasionar sanções penais aos responsáveis pela propagação das mentiras, cabendo, inclusive, a obrigação de indenizar as vítimas da difamação"".Túlio Gadelha (PDT-PE) foi eleito deputado federal nas últimas eleições. O político ganhou destaque na mídia após começar a namorar a apresentadora e jornalista Fátima Bernardes. Mesmo sendo formado em Direito pela Unicap (Universidade Católica de Pernambuco), o deputado realmente não é inscrito na OAB, como pode ser verificado na consulta do site da ordem.O Exame de Ordem é uma avaliação a qual se submetem bacharéis em direito para, se aprovados, poderem exercer a profissão de advogado no Brasil com uma inscrição na OAB.O mesmo boato também foi checado pela Agência Lupa.TwitterFacebookEmailWhatsAppLeia tambémCinco fatos sobre migraçãoNão é verdade que Moro afastou promotor do caso Queiroz e delegado que investiga morte de MarielleHomem em foto com Flávio Bolsonaro é assessor do senador, não acusado de matar Marielle]"	1
81	É #FAKE a mensagem que diz que vídeo de surra em bebês de colo foi feito no Brasil e autoridades ainda não tomaram providência	"""É #FAKE a mensagem que diz que vídeo de surra em bebês de colo foi feito no Brasil e autoridades ainda não tomaram providência""Imagem que mostra espancamento de gêmeos circula pelo WhatsApp. Fato ocorreu na Árábia Saudita e autoridades já colocaram as crianças em segurança. Circula pelo WhatsApp um vídeo em que uma mulher agride duas crianças de colo a tapas. As cenas chocantes fizeram vários usuários do aplicativo de mensagem compartilharem o filme. Na legenda, eles pedem que outros usuários o repassem para que as autoridades brasileiras tomem providências.O vídeo é verdadeiro, mas as legendas, não. Os fatos não ocorreram no Brasil, mas, sim, na Arábia Saudita, no início de julho.Segundo os jornais locais, a agressora foi identificada e as crianças estão em segurança. O episódio foi amplamente noticiado por jornais locais, como mostra uma pesquisa reversa das imagens em sites de busca. É possível verificar no mecanismo de buscas e traduzir a página.Segundo um dos jornais, que cita o tuíte da autoridade local, o Ministério do Trabalho e Desenvolvimento Social da Arábia Saudita confirma que as duas crianças foram encontradas por uma unidade de proteção social na província de Jeddah. "	1
82	É #FAKE que sigilo bancário de Fabrício Queiroz foi quebrado sem autorização judicial.	"""É #FAKE que sigilo bancário de Fabrício Queiroz foi quebrado sem autorização judicial""Declaração foi feita pelo presidente Jair Bolsonaro durante entrevista ao SBT; informações foram enviadas pelo Coaf ao MP-RJ. O presidente Jair Bolsonaro concedeu na noite de quinta-feira (3) a primeira entrevista após assumir o cargo. No SBT, ele foi questionado sobre o caso de Fabrício Queiroz, ex-assessor de seu filho, o deputado Flávio Bolsonaro, que teve movimentações finaceiras consideradas suspeitas em um relatório do Conselho de Controle de Atividades Financeiras (Coaf). Na entrevista, o presidente diz que o sigilo bancário de Queiroz foi quebrado sem autorização judicial. A afirmação é #FAKE.A declaração é #FAKE. Veja o porquê: Não houve quebra de sigilo bancário sem autorização judicial do ex-assessor Fabrício Queiroz. O banco no qual Queiroz tinha uma conta comunicou transações suspeitas realizadas entre os anos de 2016 e 2017 ao Coaf, de acordo com o Relatório de Inteligência Financeira do órgão. O ex-assessor trabalhou no gabinete do então deputado estadual Flavio Bolsonaro, filho do presidente e senador eleito.O relatório sigiloso foi enviado ao Ministério Público do Rio de Janeiro e anexado ao inquérito da Operação Furna da Onça, um desdobramento da Lava Jato no Rio. O documento do Coaf também aponta movimentações financeiras suspeitas de outros 21 funcionários da Alerj.Na lei 9.613 de 1998, que dispõe sobre os crimes de lavagem de dinheiro e ocultação de bens e que criou o Coaf, há uma lista de instituições que são obrigadas legalmente a enviar informações sobre operações financeiras e transações de altos valores ou feitas em dinheiro vivo. Na lista estão bancos, joalherias, seguradoras, imobiliárias, administradoras financeiras, entre outras.Essas informações são recebidas em um sistema eletrônico e, posteriormente tratadas pelos analistas do Coaf por meio do cruzamento de bases de dados. O tratamento dessas informações permite encontrar operações suspeitas que são comunicadas às autoridades competentes para a instauração de procedimentos de investigação.Segundo o Coaf, entre os anos de 2016 e 2017, houve uma movimentação de R$ 1,2 milhão na conta de Queiroz, o que inclui saques, depósitos e transferências. Essa atividade seria ""incompatível com o patrimônio, a atividade econômica ou ocupação profissional e a capacidade financeira"" dele. Na época, ele recebia salário de R$ 8.517 como servidor da Assembleia Legislativa do Estado do Rio (Alerj) e acumulava salário de R$ 12,6 mil como reserva da Polícia Militar.Procurado, o Ministério Público do Estado do Rio de Janeiro informa apenas que a investigação do caso está em sigilo. Ainda em dezembro, quando o relatório foi divulgado, o MP-RJ, em nota, destacou que ""as movimentações financeiras atípicas indicadas pelo COAF não necessariamente importam em ilicitude e, por esta razão, as investigações estão sendo conduzidas com a devida cautela e profundidade pelo Grupo de Atribuição Originária Criminal (GAOCRIM/MPRJ)"".Já o Coaf ressalta, em nota, que ""não tem acesso a contas bancárias, não realiza investigações ou rastreamento de recursos"" e que ""não se manifesta, fora de suas prerrogativas e atribuições legais, sobre casos específicos"". "	1
83	O vídeo que mostra a montanha de dinheiro não foi filmado na casa da ex-presidente da Argentina.	" #Verificamos: Vídeo não mostra montanha de dinheiro na casa de Cristina KirchnerImagens que circulam nas redes sociais são de exposição feita por um artista plástico espanholCircula pelas redes sociais um vídeo que mostra, em diversos ângulos, uma enorme montanha de dinheiro queimada. A legenda que acompanha a gravação ""informa"" que a pilha de cédulas teria sido encontrada na casa da ex-presidente da Argentina e senadora Cristina Kirchner, e acabou incendiada antes da chegada da polícia. Por meio do projeto de verificação de notícias, usuários do Facebook solicitaram que esse material fosse analisado. Confira a seguir o trabalho de verificação da Lupa:""Montanhas de euros e reais na casa de Cristina Kirchner. A operação vazou, mas a polícia chegou antes que queimassem tudo""Legenda de vídeo que, até as 15h30 do dia 3 de abril de 2019, tinha mais de 19 mil compartilhamentos no FacebookFALSOO vídeo que mostra a montanha de dinheiro não foi filmado na casa da ex-presidente da Argentina Cristina Kirchner. Na realidade, as imagens analisadas pela Lupa são de uma exposição do artista espanhol Alejandro Monge. Em sua conta no Instagram, ele postou diversas fotos do processo de construção da arte. Em circulação desde março de 2019, a ""montanha de dinheiro"" já foi associada a políticos de diversos países, como Rússia e Camarões, na África. Na Nigéria, uma candidata presidencial, Eunice Atuejide, postou esse mesmo vídeo em sua rede social e atribuiu ao seu adversário Asiwaju Bola Tinubu. O próprio artista Alejandro Monge vem publicando em sua conta no Instagram as notícias falsas que aparecem sobre a sua obra.Essa informação também foi verificada pelo Boatos.org e pelo projeto Estadão Verifica. Nota: esta reportagem faz parte do projeto de verificação de notíciasno Facebook. Dúvidas sobre o projeto? Entre em contato direto com o Facebook.Editado por: Chico Marés e Maurício Moraes"	1
84	A imagem analisada pela Lupa não mostra o deputado federal Zeca Dirceu (PT-PR), e sim de um participante da Parada do Orgulho LGBTQ de Atenas, em 2016.	" #Verificamos: Jovem seminu em manifestação não é Zeca DirceuImagem foi registrada na Parada do Orgulho LGBTQ de Atenas, na Grécia, em 2016 Circula nas redes sociais uma foto que supostamente retrata o deputado Zeca Dirceu seminu com o corpo pintado com os dizeres em inglês: ""feminista, ateu, vegano, naturista, ecologista, homossexual, promíscuo"". Por meio do projeto de verificação de notícias, usuários do Facebook solicitaram que esse material fosse analisado. Confira a seguir o trabalho de verificação da Lupa:""Zeca TchuTchuca no auge de sua militância enquanto papai estava preso""Legenda de imagem publicada no Facebook, com mais de 100 compartilhamentos até as 17h30 do dia 11 de abril de 2019FALSOA imagem analisada pela Lupa não mostra o deputado federal Zeca Dirceu (PT-PR), e sim de um participante da Parada do Orgulho LGBTQ de Atenas, em 2016. A foto pode ser encontrada em sites voltados ao ativismo LGBTQ da Grécia e em veículos de comunicação do país. Em fevereiro de 2019, usuários de redes sociais disseminaram a desinformação de que a pessoa na foto era o pré-candidato democrata à presidência dos Estados Unidos Beto ORouke. O site de fact-checking americano Snopes publicou uma checagem dessa mesma foto.Essa informação também foi verificada pelos sites Boatos.org e Aos Fatos.Nota: esta reportagem faz parte do projeto de verificação de notícias no Facebook. Dúvidas sobre o projeto? Entre em contato direto com o Facebook.Editado por: Natália Leal"	1
85	Estilista Ricardo Almeida não disse que Lula tem alma de burguês	"Estilista Ricardo Almeida não disse que Lula tem alma de burguêsEstilista Ricardo Almeida não disse que Lula tem alma de burguêsTwitterFacebookE-mailWhatsAppEstilista Ricardo Almeida não disse que Lula tem alma de burguêsPor Judite Cypreste 16 de novembro de 2018, 14h45TwitterFacebookEmailWhatsAppÉ falsa a declaração atribuída ao estilista Ricardo Almeida sobre o ex-presidente Luiz Inácio Lula da Silva (PT) em uma montagem que circula nas redes sociais. De acordo com a peça, Almeida, que já teve o petista entre seus clientes, disse que os ternos do político teriam sido os mais caros que produziu e que seria ele um homem com ""alma de burguês"". A frase, no entanto, nunca foi dita pelo estilista que, inclusive, já negou a autoria em sua página no Facebook.A peça de desinformação começou a circular pelo WhatsApp no início deste ano e agora ganhou nova tração em post no Facebook. A publicação com a imagem do estilista foi publicada no domingo (11) e já contabilizava até a tarde desta sexta-feira (16) mais de 4.000 compartilhamentos. Este conteúdo foi denunciado por usuários da rede social e marcado por Aos Fatos com o selo FALSO na ferramenta de verificação do Facebook (entenda como funciona).Confira abaixo, em detalhes, o que checamos:FALSOO Lula foi o presidente da República que mais ostentou. Seus ternos eram os mais caros que já fiz para um presidente. Adorava ternos confeccionados em seda palha com botões de ouro 24 quilates cobertos com prata para disfarçar. Sempre achei que ele tinha uma alma de burguês, adora o luxo e a riqueza, o resto é populismo para enganar os eleitores inocentes. Ele é bom nisso.Em 28 de março deste ano, quando a imagem com a frase falsa passou a circular nas redes sociais, o estilista Ricardo Almeida publicou uma nota em sua página no Facebook desmentindo a autoria da declaração e dizendo que ""jamais falou sobre predileções ou gastos do seu então cliente no ano de 2002"".A nota afirma ainda que o estilista ""sempre foi ético e profissional"" e que sempre manteve a ""privacidade e o respeito para com todos que consomem a sua marca ou solicita o seu atendimento"". Por fim, Ricardo Almeida informou que ""tanto ele quanto a sua marca não manifestam opiniões e posicionamentos políticos em discursos e campanhas institucionais"". Em 2002, o estilista foi contratado para melhorar a imagem de Lula em sua terceira disputa pela Presidência da República, da qual saiu vitorioso. Em uma entrevista a Rádio Jovem Pan, o estilista disse que foi chamado pelo então marqueteiro de campanha de Lula, Duda Mendonça, para deixar o petista mais apresentável, fator que, para Almeida, teria sido determinante para a derrota nas urnas nas eleições de 1989: ""Por incrível que pareça, as mulheres não votavam nele (Lula) por causa da aparência. Tanto que ele cuidou um pouco mais do visual para parecer mais bonito. O Collor teve muito sucesso por conta de seu visual"".A assessoria de imprensa de Ricardo Almeida, em resposta a Aos Fatos, reiterou por email que ""a declaração em questão, ela não é verdadeira"". Na nota, a assessoria afirmou que ""Ricardo Almeida nunca se posiciona diante do atendimento aos seus clientes, independentemente de crenças políticas ou qualquer outra causa"".Esta matéria foi alterada às 13h17, do dia 19 de novembro de 2018, para incluir a nota enviada pela asssessoria de imprensa do estilista Ricardo Almeida a Aos Fatos.TwitterFacebookEmailWhatsAppLeia tambémCinco fatos sobre migraçãoNão é verdade que Moro afastou promotor do caso Queiroz e delegado que investiga morte de MarielleHomem em foto com Flávio Bolsonaro é assessor do senador, não acusado de matar Marielle]"	1
86	É #FAKE que vídeo em que homem esfaqueia cachorro foi gravado no Brasil	"""É #FAKE que vídeo em que homem esfaqueia cachorro foi gravado no Brasil ""Vídeo que circula com frequência no Brasil foi gravado no México e amplamente registrado naquele país. Circula pelas redes sociais um vídeo que mostra o momento em que um homem dá uma facada em um cachorro. Junto com o vídeo circulam legendas em português em que internautas pedem a identificação do agressor e denúncia às autoridades. O vídeo é verdadeiro, mas a informação de que ocorreu no Brasil é #FAKE.O caso com imagens chocantes ocorreu em Piedras Negras, Coahuila, no México, e foi amplamente divulgado pela imprensa mexicana. A autoridade local prometeu providências.Um homem apontado como autor da agressão deu entrevista a uma TV mexicana para dizer que não foi ele, mas seu irmão o autor das agressões.O vídeo causou comoção e até mesmo o ator Raul Julia Levy manifestou-se no Twitter em favor da rápida localização do agressor.Vídeo: Veja como identificar uma mensagem falsa "	1
87	É #FAKE que urnas eletrônicas irregulares foram apreendidas em carro particular	"""É #FAKE que urnas eletrônicas irregulares foram apreendidas em carro particular""Fotos que circulam nas redes sociais são da operação Sentinelas do Amazonas. Não houve, no entanto, nenhuma irregularidade com as urnas. Elas estavam em carro oficial do TRE e não foram apreendidas. Circulam nas redes sociais fotos de urnas eletrônicas dentro de uma caminhonete acompanhadas da frase: ""Pessoal repassar nos grupos, urnas eletrônicas do TRE são apreendidas agora a pouco em carro particular com destino a Autazes no Amazonas!"". Não houve apreensão de urnas. As mensagens são #FAKE.O Tribunal Regional Eleitoral (TRE) do Amazonas e a Polícia Militar do Amazonas dizem que as imagens foram feitas durante uma operação na tarde de sábado (20), mas negam que tenha havido qualquer apreensão ou irregularidade.""Uma equipe de policiais da 8º CIPM de Iranduba, que realizava a operação Sentinelas do Amazonas, ação Comunidade Segura, abordou um veículo oficial do Tribunal Regional Eleitoral (TRE), no qual continham urnas que estavam sendo encaminhadas para atender o pleito do município de Careiro da Várzea. Na abordagem, foi constatado que não havia irregularidades. Porém, um dos policiais fotografou as urnas sendo transportadas, e divulgou em sua rede social de forma equivocada"", afirmam o TRE e a PM, em nota oficial.O Comando Geral da PM reitera que todo o procedimento realizado pelo Tribunal Regional Eleitoral tem ocorrido ""dentro de sua normalidade com a máxima lisura, não havendo quaisquer dúvidas com relação ao andamento do processo eleitoral"".O comandante-geral da PM, coronel Cláudio Silva, diz ter tomado conhecimento do ocorrido e determinado que a ação do policial seja apurada dentro dos ditames legais pela Diretoria de Justiça e Disciplina (DJD) a fim de combater atitudes que disseminem a proliferação de ""fake news"".As fotos também têm circulado com uma outra mensagem falsa que fala que a Brigada Militar de Serafina Corrêa aprendeu quatro urnas eletrônicas no carro de uma pessoa. "	1
88	Não existe registro público de qualquer espécie que comprove que o presidente Jair Bolsonaro tenha dito essa frase sobre a morte da vereadora Marielle Franco (PSOL-RJ), assassinada no dia 14 de	" #Verificamos: É falso que Bolsonaro tenha classificado indignação pela morte de Marielle como mimimiMas presidente chegou a dizer que morte da vereadora não significava nada para a democraciaCircula nas redes sociais a ""informação"" de que o presidente Jair Bolsonaro (PSL) teria declarado que não entendia o porquê de ""tanto mimimi"" em relação à morte da vereadora Marielle Franco (PSOL). Por meio do projeto de verificação de notícias, usuários do Facebook solicitaram que esse material fosse analisado. Confira a seguir o trabalho de verificação da Lupa:""Não sei porque tanto mimimi... foi apenas mais uma mulher negra que tombou! É a vida amigo""Frase atribuída ao presidente Jair Bolsonaro em imagem que, até às 14h do dia 14 de março de 2019, já tinha mais de 2,2 mil compartilhamentos no Facebook FALSONão existe registro público de qualquer espécie que comprove queo presidente Jair Bolsonaro tenha dito essa frase sobre a morte da vereadora Marielle Franco (PSOL-RJ), assassinada no dia 14 de março de 2018, no centro do Rio de Janeiro.Vale destacar inclusive que, por pelo menos um mês, oentão pré-candidato à Presidência da República se absteve de comentar publicamente o crime. Veja a retrospectiva montada a seguir:Em 15 de março de 2018, no dia seguinte à morte de Marielle, a assessoria de Bolsonaro foi procurada eafirmouque a opinião do político era ""polêmica demais"" para ser exposta.Cinco dias depois, em 20 de março,ao falar sobre o assunto pela primeira vez, num breve comentário registrado pelo jornal O Dia, Bolsonaro disse o seguinte:""Eu me resguardo o direito de permanecer em silêncio nesse caso e aguardo a conclusão das investigações"". Afirmava quequalquer posicionamento seu seria distorcido contra ele. No dia 23 daquele mês, em entrevista ao site Poder360, o ex-deputado afirmou mais uma vez que preferia permanecer em silêncio para não polemizar o assunto. Foi só em abril do ano passado que Bolsonaro, que Bolsonaroafirmou que Marielle Franco era mais uma entre diversas vítimas da violência observada no Rio de Janeiro.Ao jornal O Globo,ele disse o seguinte: ""para a democracia [o assassinato de Marielle], não significa nada. Mais uma morte no Rio de Janeiro"". Em maio, Bolsonaro voltou a falar do caso, em entrevista a veículos de comunicação de Minas Gerais. Adotou um tom mais crítico. Declarou que a comoção pela morte da vereadora era ""demagogia"" e que o caso não deveria ser tratado de forma diferente dos demais. Textualmente disse: ""não há diferença da minha vida, pra tua, pra Marielle. Não tem diferença nenhuma, somos todos cidadãos. Até por isso fui contra a lei do feminicídio"". Mas Bolsonaro nunca usou publicamente o termo ""mimimi"" para tratar da morte de Marielle Franco.Essa informação também foi verificada pelo Aos Fatos. Nota: esta reportagem faz parte do projeto de verificação de notícias no Facebook. Dúvidas sobre o projeto? Entre em contato direto com o Facebook.Editado por: Chico Marés, Clara Becker e Cristina Tardáguila"	1
89	"""FALSOA foto analisada pela Lupa não só é antiga como também foi adulterada. De acordo com a ferramenta TinEye, ela está na internet desde pelo menos 23 de dezembro de 2016, ou seja, antes mesmo da prisão do ex-presidente Luiz Inácio Lula da Silva, no dia 7 de abril."""	" #Verificamos: É antiga e foi adulterada foto de manifestantes da CUT com faixa sobre suicídioImagem que viralizou no Facebook não tem qualquer relação com a prisão de do ex-presidente LulaCircula nas redes sociais uma foto de manifestantes da CUT carregando uma faixa com a inscrição: ""Agora é sério! Se Lula não for solto vamos cometer suicídio e os bolsominions serão os culpados"". Por meio do projeto de verificação de notícias, usuários do Facebook solicitaram que esse material fosse analisado. Confira a seguir o trabalho de verificação da Lupa:""Se o Lula não for solto vamos cometer suicídio e os bolsominions serão os culpados""Post que, até as 15h30 do dia 5 de fevereiro, já tinha sido compartilhado quase 100 vezes no FacebookFALSOA foto analisada pela Lupa não só é antiga como também foi adulterada. De acordo com a ferramenta TinEye, ela está na internet desde pelo menos 23 de dezembro de 2016, ou seja, antes mesmo da prisão do ex-presidente Luiz Inácio Lula da Silva, no dia 7 de abril de 2018. A foto original foi usada para ilustrar reportagem publicada no site do Partido dos Trabalhadores no Senado, em fevereiro de 2018. Nela, vê-se que, na faixa, está escrito a frase ""Não mexa nos meus direitos"". Nota: esta reportagem faz parte do projeto de verificação de notícias no Facebook. Dúvidas sobre o projeto? Entre em contato direto com o Facebook.Editado por: Cristina Tardáguila"	1
90	A informação analisada pela Lupa é falsa e antiga. A Tetra Pak, empresa sueca responsável por fabricar embalagens de alim	" #Verificamos: Barras coloridas em embalagens de leite não indicam produtos estragadosTetra Pak afirmou que sinais indicam apenas que caixas passaram por um teste de impressão a coresCircula nas redes sociais a ""informação"" de que produtos vendidos em embalagens que têm ""barrinhas coloridas"" no fundo estariam estragados. Postagens sobre esse assunto mostram a imagem de duas caixas de leite, uma com a barra colorida e outra sem. Por meio do projeto de verificação de notícias, usuários do Facebook solicitaram que esse material fosse analisado. Confira a seguir o trabalho de verificação da Lupa:""A que tem uma barrinha colorida é produto que já venceu, voltou para o fabricante e colocaram mais produtos para reaproveitar voltou para o mercado""Texto que acompanha foto que, até as 15h30 do dia 7 de dezembro de 2018, já tinha mais de 12 mil compartilhamentos no FacebookFALSOA informação analisada pela Lupa é falsa e antiga. A Tetra Pak, empresa sueca responsável por fabricar embalagens de alimentos, afirma que a ""barra colorida"" na embalagem não significa que o produto esteja estragado. Indica apenas que as embalagens passaram por um teste de cores. Ou seja, foram submetidas a testes para garantir a qualidade da impressão. A Tetra Pak informou ainda que algumas caixas não trazem as barrinhas de cores porque ""não há necessidade de imprimir este teste de cores em todas"" elas. E que existem embalagens que, assim como as de leite vistas na foto analisada, saem com a impressão em formato de pontos. A empresa explica que, nesses casos, isso ""corresponde ao controle de registro da máquina de impressão"". Em 2006, boato semelhante foi refutado pelo e-farsas. No final do mês passado, foi desmentido pelo site Boatos.org. *Nota: esta reportagem faz parte do projeto de verificação de notícias no Facebook. Dúvidas sobre o projeto? Entre em contato direto com o Facebook.Editado por: Leandro Resende"	1
91	As mesmas caixas que aparecem no vídeo também constam em fotos de um relatório da ONU de dinheiro enviado à Gana pelo regime de Muamar Kadafi (1942-2011), ex-ditador da Líbia, sob disfarce de ajuda humanitária.	"PF não interceptou remessa de dólares de Cuba ao PT em caixas de medicamentoPF não interceptou remessa de dólares de Cuba ao PT em caixas de medicamentoTwitterFacebookE-mailWhatsAppPF não interceptou remessa de dólares de Cuba ao PT em caixas de medicamentoPor Bernardo Moura 30 de novembro de 2018, 17h16TwitterFacebookEmailWhatsAppUm vídeo que mostra caixas com o logotipo da Cruz Vermelha Internacional recheadas de maços de US$ 100 tem sido compartilhado nas redes sociais nos últimos dias como se retratasse uma operação da Polícia Federal que prendeu mais de 20 petistas no Porto de Santos prestes a receber os recursos de Cuba em ""baús de medicamentos"" - o que é falso. Na verdade, as imagens não são recentes, nem foram feitas no porto paulista, e têm a ver com investigação da ONU de dinheiro enviado à Gana pelo regime de Muamar Kadafi (1942-2011), ex-ditador da Líbia, sob disfarce de ajuda humanitária.As mesmas caixas que aparecem no vídeo também constam em fotos de um relatório encaminhado por especialistas ao Conselho de Segurança da ONU em 2017, que trata, entre outros assuntos, de milhões de dólares em espécie que desapareceram da Líbia após a queda de Kadafi, em 2011. Placas afixadas na tampa das caixas trazem inscrições em árabe e a data 15/07/2011, o que também demonstra não haver vínculos com PT e Cuba.Ainda assim, essa não foi a primeira vez que as imagens estiveram relacionadas a ambos. No início deste ano, o vídeo circulou nas redes como se fosse uma apreensão da Interpol de uma remessa do partido de Lula à ilha caribenha.Agora, a publicação que traz as informações inverídicas surgiu nesta quarta-feira (28) no Facebook e já somava mais de 1.800 compartilhamentos até a tarde desta sexta (30). O post da página Dinho da Bahia foi denunciado por usuários da rede social e marcado com o selo FALSO na ferramenta de verificação do Facebook (entenda como funciona).Confira abaixo, em detalhes, o que verificamos.FALSOPolícia federal.Porto de Santos. 60 baús de medicamentos cheios de bilhões de dolares. Nosso dinheiro do mais médicos que vai para Cuba e agora volta para financiar guerrilha armada do PT. Mais de vinte petistas preso em flagrante. Repassem. Repassem para o Brasil Inteiro saber o que eles fizeram com o nosso Brasil, e o destino da maldade que seria usado esse dinheiro! Disfarçados de etiquetas de medicamentos. Cheios de Dólares para espanto dos policiais.Além de não ter sido registrada qualquer operação da Polícia Federal no Porto de Santos nos últimos dias, o vídeo que acompanha a publicação enganosa também não tem nada a ver com a remessa de ""bilhões de dólares"" de Cuba para o PT com o intuito de ""financiar guerrilha armada"". Na realidade, os dólares acondicionados em caixas com o logotipo da Cruz Vermelha Internacional teriam sido enviados pela ditadura de Muamar Kadafi na Líbia à Acra, capital de Gana, pouco antes da queda do regime líbio, em 2011. Elas chegaram ao país africano disfarçadas de ajuda humanitária endereçada ao Comitê Internacional de Proteção aos Direitos Humanos, de acordo com relatório encaminhado ao Conselho de Segurança da ONU em 2017.O documento traz fotos de caixas idênticas às que aparecem no vídeo. Compare abaixo (à esquerda, o vídeo; à direita, a foto do relatório):O documento das Nações Unidas analisa a situação da Líbia após o fim da ditadura de Kadafi e relata, entre outros aspectos, o sumiço de milhões de dólares em dinheiro vivo, que teriam sido enviados pelo ex-líder a outros países da região, como a África do Sul e Burkina Faso, além de Gana.Neste último, o relatório aponta que, de acordo com fontes não identificadas, os recursos eram mantidos no escritório do Comitê Internacional de Proteção aos Direitos Humanos em Acra até pelo menos fevereiro de 2016. Os investigadores relatam ainda que entraram em contato com a sede do Comitê, na França, e com as autoridades de Gana, mas não obtiveram esclarecimentos acerca da origem dos recursos.Na página 293, o relatório afirma ainda que o líbio encarregado de manter os recursos em Acra seria Mohamed Saleh al-Mahmoudi, e que fontes anônimas contaram que agentes do Exército Nacional da Líbia tentaram recuperar o dinheiro posteriormente. Mas, apesar das tentativas, o montante teria sido remetido em 2016 a outro país e não foi mais localizado.Povo socialista. Outro indício claro de que as imagens não retratam uma operação da PF brasileira ou que os recursos seriam oriundos de cubanos para o PT é que as caixas mostradas têm inscrições em árabe que podem ser traduzidas como ""o grande povo socialista árabe líbio Jamahiriya-Tripoli"", como observou checagem do site sírio Verify-SY, que analisou uma notícia falsa em que os dólares do vídeo eram atribuídos ao governo da Síria.Em janeiro deste ano, a seção brasileira da Cruz Vermelha Internacional publicou uma nota em seu site para desmentir que, apesar do logotipo, as caixas que aparecem no vídeo não têm qualquer ligação com a entidade. Segundo a organização, as imagens tem circulado na internet esporadicamente nos últimos dois anos. A Cruz Vermelha afirma ainda estar preocupada ""com o impacto que o abuso flagrante do emblema possa causar na segurança dos nossos funcionários e atividades nos países onde operamos"".O vídeo das caixas de dinheiro circulou no início deste ano no WhatsApp dizendo se tratar de uma operação da Interpol que interceptou uma remessa bilionária de petistas para Cuba. Segundo a publicação, que chegou a ser desmentida pela revista Veja, o caso seria ""uma bomba"" que faria ""a casa do PT cair de vez"".TwitterFacebookEmailWhatsAppLeia tambémCinco fatos sobre migraçãoNão é verdade que Moro afastou promotor do caso Queiroz e delegado que investiga morte de MarielleHomem em foto com Flávio Bolsonaro é assessor do senador, não acusado de matar Marielle]"	1
92	Delação de Palocci não cita manipulação em urnas eletrônicas	" #Verificamos: Delação de Palocci não cita manipulação em urnas eletrônicasTermo de colaboração do ex-ministro de Lula cita apenas o custo das campanhas mais recentes do PTCircula nas redes sociais a informação de que Antonio Palocci, ex-ministro da Fazenda de Lula, relatou em sua colaboração premiada que urnas eletrônicas haviam sido manipuladas para beneficiar o PT. Por meio do projeto de verificação de notícias, usuários do Facebook solicitaram que esse material fosse analisado. Confira a seguir o trabalho de verificação da Lupa:""Palocci afirmou que eleições eram decididas pela cúpula. Urnas foram encomendadas para fraudar eleições! O que o TSE vai dizer agora?""Imagem que circula no Facebook, com mais de 52 mil compartilhamentos até as 10h do dia 7 de outubro de 2018FALSO Essa informação não consta no termo de colaboração premiada de Palocci. A única citação específica sobre eleições no documento é que ""as campanhas presidenciais do PT custaram em 2010 e 2014, aproximadamente, 600 e 800 milhões de reais, respectivamente"". Palocci também faz referência a acordos genéricos entre o PT e partidos da base aliada em eleições municipais, mas não menciona qualquer assunto relacionado a urnas.*Nota: esta reportagem faz parte do projeto de verificação de notícias no Facebook. Dúvidas sobre o projeto? Entre em contato direto com o Facebook.Editado por: Cristina Tardáguila"	1
93	Erros e acerços sobre educação nos planos de governo dos presidenciáveis	"Erros e acertos sobre educação nos planos de governo dos presidenciáveisErros e acertos sobre educação nos planos de governo dos presidenciáveisTwitterFacebookE-mail<a href="""" data-text=*Erros e acertos sobre educação nos planos de governo dos presidenciáveis*https://aosfatos.org/noticias/erros-e-acertos-sobre-educacao-nos-planos-de-governo-dos-presidenciaveis/São muitas e diversas as informações sobre educação que os candidatos à Presidência da República trazem dentre as propostas de seus planos de governo nestas eleições. Mas, no meio de tantos indicadores e dados, como saber o que é verdade e o que não é?Em parceria com a Nova Escola, Aos Fatos checou o que dizem sobre educação os planos das candidaturas mais bem posicionadas nas últimas pesquisas eleitorais: Jair Bolsonaro (PSL), Ciro Gomes (PDT), Marina Silva (Rede) e a do PT - cujo cabeça de chapa, o ex-presidente Luiz Inácio Lula da Silva, foi declarado inelegível pelo TSE (Tribunal Superior Eleitoral). Já os programas de Geraldo Alckmin (PSDB) e Alvaro Dias (Podemos) não tinham informações sobre o tema que fossem passíveis de checagem.FALSO_""Aproximadamente 25% dos professores que atuam na educação básica não possuem licenciatura específica para as disciplinas que lecionam. - programa da chapa do PT""_O plano de governo da coligação O Povo Feliz de Novo (PT / PC do B / Pros) confunde o número de professores que não têm licenciatura com aqueles que não têm licenciatura especificamente na área em que lecionam. Segundo o Censo Escolar 2017, dos 2,2 milhões de professores no Brasil, 25,9% não têm licenciatura (têm bacharelado, superior em andamento, magistério, ensino médio completo ou apenas o ensino fundamental). Esse número é diferente, no entanto, do Indicador de Adequação da Formação do Docente, a qual o programa deveria se referir, que classifica o professor segundo a adequação de sua formação à disciplina que ele leciona na educação básica. Esse indicador não é único para toda a educação básica, há uma porcentagem para cada etapa de ensino. Como a candidatura do PT utiliza os dados errados no plano de governo, a informação recebeu o selo de FALSA.O Indicador de Adequação da Formação de Docente é medido por etapa - na educação infantil, no ensino fundamental, no ensino médio e também na educação de jovens e adultos, a EJA. Não há um indicador único, como confirmado pelo próprio Inep. Segundo os dados do Censo Escolar 2017, os indicadores são os seguintes: na educação infantil, 18,6% dos professores têm formação superior de licenciatura (ou bacharelado com complementação pedagógica) em área diferente daquela que leciona; no ensino fundamental são 18,7%; e no ensino médio são 23,6%. No EJA, são 39,2% no ensino fundamental e 29,9% no ensino médio.A chapa petista citou a informação para defender a criação de uma política nacional de valorização e qualificação doce"	1
94	Eu, chegando ao poder, acabarei com tudo o que o PT fez. Prouni, Fies sem fiador, Pronatec, Ciências sem Fronteiras, Mais Médicos, Minha Casa Minha Vida e Bolsa Família. Pobré no Brasil só serve pra votar com título de eleitor na mão e diploma de burro no bolso.	"""É #FAKE capa da Veja em que Bolsonaro diz que acabará com tudo que o PT fez\n""Capa verdadeira da revista não é com o candidato do PSL. Declarações sobre fim de programas atribuídas a ele na capa falsa não foram feitas na campanha. Circulam nas redes sociais imagens do candidato do PSL à Presidência da República, Jair Bolsonaro, em uma capa da revista ""Veja"" com o título ""Eu chegando ao poder acabarei com tudo o que o PT fez"". As imagens são #FAKENa capa falsa o candidato afirma: ""Eu, chegando ao poder, acabarei com tudo o que o PT fez. Prouni, Fies sem fiador, Pronatec, Ciências sem Fronteiras, Mais Médicos, Minha Casa Minha Vida e Bolsa Família. Pobre no Brasil só serve pra votar com título de eleitor na mão e diploma de burro no bolso"".A imagem jamais estampou a capa da ""Veja"". Trata-se de uma montagem que se utiliza do design gráfico e da linguagem visual da publicação. Vale destacar que a data na capa da revista aparece em resolução baixa, mas consta como sendo abril de 2004.Bolsonaro já afirmou em diversas oportunidades que não só não acabará com o programa Bolsa Família como também acrescentará 13° salário aos seus beneficiados.Para tentar dar autenticidade à capa, o boato se utiliza de uma frase que realmente foi dita por Bolsonaro, mas em novembro de 2013. Na ocasião, ele disse, no plenário da Câmara: ""Só tem uma utilidade o pobre no nosso país: votar. Título de eleitor na mão e diploma de burro no bolso, para votar no governo que está aí. Só para isso e mais nada serve, então, essa nefasta política de bolsas do governo"".Durante toda a campanha, no entanto, o candidato do PSL não adotou o discurso do fim do principal programa social dos governos Lula e Dilma.Neste sábado e domingo a equipe do Fato ou Fake se uniu a outras cinco agências de checagens de notícias no Brasil para checar as mensagens de conteúdo suspeito nesta reta final das eleições. A ideia de juntar forças é para ganhar mais agilidade e aumentar o alcance das checagens. A parceria reúne o Fato ou Fake, Projeto Comprova, Lupa, Aos Fatos, Boatos.org e E-Farsas "	1
95	Corrente de WhatsApp sobre ataque a Bolsonaro é nova versão de velha teoria da conspiração	"Corrente de WhatsApp sobre ataque a Bolsonaro é nova versão de velha teoria da conspiraçãoCorrente de WhatsApp sobre ataque a Bolsonaro é nova versão de velha teoria da conspiraçãoTwitterFacebookE-mailWhatsAppCorrente de WhatsApp sobre ataque a Bolsonaro é nova versão de velha teoria da conspiraçãoPor Luiz Fernando Menezes 10 de setembro de 2018, 18h56TwitterFacebookEmailWhatsAppNão são verdadeiras as informações que constam em texto que vem sendo repassado pelo WhatsApp, assinado por ""Gunther Schweitzer - Diretor de Jornalismo da agência Reuters"", que diz que Jair Bolsonaro forjou o ataque ocorrido em Juiz de Fora na última quinta-feira (6) em um conluio com Janaína Paschoal, seus filhos e médicos.O texto nada mais é que uma nova versão de uma teoria da conspiração surgida na Copa do Mundo de 1998 e, portanto, uma história FALSA. Tampouco Gunther Schweitzer é diretor de jornalismo da agência Reuters.Desde o ataque ao presidenciável do PSL, Aos Fatos vem checando o que é e o que não é verdade sobre o caso. Você pode conferir aqui tudo que já foi verificado.Esta corrente foi enviada por uma leitora de Aos Fatos via WhatsApp como uma sugestão de checagem (saiba mais). Para participar, adicione o número (21) 99956-5882 nos seus contatos e envie uma mensagem pra gente com o seu nome.Leia abaixo, em detalhes, o que foi checado.FALSOFACADA EM BOLSONARO - DIVULGADO O ESCÂNDALO QUE TODO MUNDO SUSPEITAVA...!!! - Talvez, isso explique a razão do jornalista Jorge Kajuru ter declarado a seguinte frase: ""Se as pessoas soubessem o que aconteceu em Juiz de Fora, ficariam enojadas"".Está circulando pelo WhatsApp um texto que diz que o ataque sofrido pelo candidato à Presidência da República pelo PSL, o deputado Jair Bolsonaro, teria sido forjado. Nele, há a descrição de uma reunião ""do próprio Jair Bolsonaro, [com a] a Sra. Janaína Paschoal, o Sr. Tércio Arnaud Tomaz, assessor do parlamentar, e o Sr. Gustavo Bebbiano, presidente do partido PSL, médicos e seguranças envolvidos na atuação"". Segundo a história, os médicos concordaram em simular uma cirurgia para ganhar cargos no Ministério da Saúde.No entanto, nada disso é verdade. O texto nada mais é do que uma versão bem fiel de uma teoria da conspiração que nasceu na Copa de 1998 sobre o Brasil ter vendido o título para a França durante uma reunião com o ""o técnico Mário Zagallo, o Sr. Américo Faria, supervisor da seleção, e o Sr. Ronald Rhovald, representante da patrocinadora Nike"".Para efeito comparativo, Aos Fatos selecionou os três primeiros parágrafos do texto original e da corrente que está circulando atualmente no WhatsApp:Corrente atual: FACADA EM BOLSONARO - DIVULGADO O ESCÂNDALO QUE TODO MUNDO SUSPEITAVA...!!! Talvez, isso explique a razão do jornalista Jorge Kajuru ter declarado a seguinte frase: ""Se as pessoas soubessem o que aconteceu em Juiz de Fora, ficariam enojadas""Muitos brasileiros ficaram chocados e tristes por terem visto um candidato a presidente da nação ser esfaqueado friamente em meio a uma multidão durante a campanha. Não deveriam.O que está exposto abaixo é a notícia em primeira mão que está sendo investigada por rádios e jornais de todo o Brasil e alguns estrangeiros, mais especificamente CNN, El País e a rede BBC de Londres e deve sair na mídia em breve, assim que as provas forem colhidas e confirmarem os fatos.Texto original da Copa de 1998: O ESCÂNDALO QUE TODO MUNDO SUSPEITAVA! Talvez, isso explique a razão do jogador Leonardo ter declarado a seguinte frase: ""Se as pessoas soubessem o que aconteceu na Copa do Mundo, ficariam enojadas"".Todos os brasileiros ficaram chocados e tristes por terem perdido a Copa do Mundo de futebol, na França. Não deveriam.O que está exposto abaixo é a notícia em primeira mão que está sendo investigada por rádios e jornais de todo o Brasil e alguns estrangeiros, mais especificamente Wall Street Journal of Americas e o Gazzeta delo Sport e deve sair na mídia em breve, assim que as provas forem colhidas e confirmarem os fatos.Após a Copa de 1998, o texto voltou a aparecer na internet, com algumas mudanças. Há, por exemplo, uma versão gamer e uma versão Copa de 2018. No fórum HardMob, inclusive, há uma lista das várias versões que esta teoria da conspiração ganhou.Além disso, o texto contém informações falsas. Nomes foram grafados incorretamente (em vez de Adélio, o agressor de Bolsonaro foi chamado de ""Adelmo"") e a autoria do texto foi atribuída a uma pessoa que não é jornalista e nem trabalha na Reuters, como Aos Fatos confirmou com a agência de notícias. Gunther Schweitzer é, na verdade, um personal trainer que mora em Mogi das Cruzes, como mostrou a ESPN Brasil em 2014.A Exame já explicou como Gunther passou a ser atribuído como autor desta teoria da conspiração, que acabou virando meme após ser repetida diversas vezes. Ele trabalhava na Volkswagen, recebeu o texto sobre a Copa de 1998 por e-mail, acreditou em seu conteúdo e o encaminhou para outras pessoas sem remover seu nome do rodapé da mensagem. Isso fez com que a mensagem fosse disseminada com a sua assinatura. Em outras versões do texto, Gunther já foi apresentado como diretor da ESPN e da Central Globo de Jornalismo.TwitterFacebookEmailWhatsAppLeia tambémCinco fatos sobre migraçãoNão é verdade que Moro afastou promotor do caso Queiroz e delegado que investiga morte de MarielleHomem em foto com Flávio Bolsonaro é assessor do senador, não acusado de matar Marielle]"	1
96	É #FAKE que vídeo mostra multidão de venezuelanos invadindo fronteira com o Brasil	"""É #FAKE que vídeo mostra multidão de venezuelanos invadindo fronteira com o Brasil""Cenas foram gravadas, na verdade, na fronteira entre a Venezuela e a Colômbia, em 23 de junho. Um vídeo compartilhado nas redes sociais alerta para uma multidão de venezuelanos ""invadindo"" a fronteira com o Brasil. Mas a mensagem é #FAKE.O vídeo é verdadeiro, mas a legenda que o acompanha é falsa. Ele foi gravado, na verdade, na fronteira entre a Venezuela e a Colômbia, na cidade de San Antonio del Táchira, no dia 23 de junho deste ano.O registro de 30 segundos foi feito durante a noite e já teve mais de 20 mil compartilhamentos no Facebook e quase 500 mil visualizações, além de muitos comentários de protesto.As imagens mostram venezuelanos entrando na Colômbia e foram publicadas por uma jornalista venezuelana no Twitter, que escreveu: ""Momento em que foi aberta a fronteira entre Venezuela e Colômbia em San Antonio del Táchira. Nos informaram que todos os dias a situação é igual"".De acordo com uma reportagem do jornal El Nacional a fronteira entre os dois países tinha sido fechada naquele dia por causa das eleições na Colômbia e os venezuelanos se aglomeraram no local aguardando a reabertura.Esse fluxo acontece diariamente há mais de um ano. No ano passado o diretor de Imigração da Colômbia, Christian Kruger, informa que cerca de 25 mil venezuelanos cruzam diariamente a fronteira com a Colômbia e retornam ao seu país no mesmo dia com alimentos, insumos ou trabalho ilegal.""Imigração/Crise Venezuelana Madrugada de hoje na fronteira Brasil/Venezuela Olha a leva de Venezuelanos que estão chegando no BRASIL , INDO PARA BOA VISTA E CONSEQUENTEMENTE MANAUS""Fato ou Fake está nas redes sociais e no WhatsApp; saiba como acessar e tirar dúvidas. "	1
97	Vão ser demitidos 180 petistas [no Coaf]	" #Verificamos: É falso que 180 perderão emprego com mudanças no CoafÓrgão ligado ao Ministério da Fazenda só tem 37 servidores e 27 deles são concursadosCircula nas redes sociais a ""informação"" de que 180 ""petistas"" perderiam emprego no Conselho de Controle de Atividades Financeiras (Coaf) com a transferência do órgão para o Ministério da Justiça, mudança anunciada pelo governo de Jair Bolsonaro. Por meio do projeto de verificação de notícias, usuários do Facebook solicitaram que esse material fosse analisado. Confira a seguir o trabalho de verificação da Lupa:""Vão ser demitidos 180 petistas [no Coaf]""Imagem publicada no Facebook e que já tinha tido mais de 10 mil compartilhamentos até as 19h40 do dia 10 de dezembro de 2018FALSO Em novembro, o presidente eleito, Jair Bolsonaro (PSL), anunciou que vai transferir o Coaf, órgão hoje subordinado ao Ministério da Fazenda, para o Ministério da Justiça, que será chefiado pelo juiz federal Sérgio Moro. Mas isso não significa que 180 pessoas perderão o emprego no órgão, independentemente de serem petistas ou não.Dados oficiais mostram que o Coaf tem apenas 37 funcionários e que, desse total, 27 são servidores públicos concursados - ou seja, não podem ser demitidos por razões exclusivamente políticas. Ao contrário do que ocorre em outros órgãos federais, o Coaf não tem um quadro próprio de servidores. Das 37 pessoas que trabalham na entidade, 13 são servidores de carreira do Ministério da Fazenda e outros 14 são cedidos por outros ministérios e órgãos públicos. Outros 10 estão em cargos de livre nomeação e não têm vínculo funcional com o poder público. Além disso, desses 37, 19 recebem remuneração inferior a R$ 16 mil, incluindo todos os 10 comissionados. Os dados foram fornecidos à Lupa pelo Ministério da Fazenda.O Coaf foi criado em 1998, com a finalidade de atuar na prevenção e combate à lavagem de dinheiro. O presidente do conselho é nomeado pelo presidente da República, e outros 11 conselheiros representam 11 instituições públicas federais. Esses conselheiros não são remunerados. Nos últimos dias, o Coaf revelou transações suspeitas envolvendo ex-assessores do deputado Flávio Bolsonaro (PSL-RJ). Relatório produzido pela instituição no âmbito da Operação Furna da Onça mostrou que o ex-motorista do deputado, Fabrício José Carlos de Queiroz, movimentou R$ 1,2 milhão entre janeiro de 2016 e janeiro de 2017. O Coaf também participou de investigações como o mensalão e a Operação Lava Jato.*Nota: esta reportagem faz parte do projeto de verificação de notícias no Facebook. Dúvidas sobre o projeto? Entre em contato direto com o Facebook.Editado por: Cristina Tardáguila"	1
98	Decreto de Bolsonaro não retirou mais de R$ 600 bilhões da Previdência	Decreto de Bolsonaro não retirou mais de R$ 600 bilhões da PrevidênciaDecreto de Bolsonaro não retirou mais de R$ 600 bilhões da PrevidênciaTwitterFacebookE-mailWhatsAppDecreto de Bolsonaro não retirou mais de R$ 600 bilhões da PrevidênciaPor Luiz Fernando Menezes 13 de fevereiro de 2019, 15h21TwitterFacebookEmailWhatsAppNão é verdade que um decreto assinado pelo presidente Jair Bolsonaro (PSL) teria deslocado R$ 606 bilhões da Previdência Social para outros órgãos, como afirmam publicações que circulam nas redes sociais desde terça-feira (12). O que o governo fez, na realidade, foi remanejar os recursos previstos no Orçamento Fiscal e da Seguridade Social da União, que não incluem apenas a Previdência, de acordo com a nova configuração dos ministérios. Além disso, a Constituição Federal proíbe o uso de recursos das contribuições previdenciárias para outros fins.Denunciadas por usuários do Facebook, publicações que trazem a informação enganosa foram marcadas por Aos Fatos com o selo FALSO na ferramenta de verificação disponibilizada pela rede social (entenda como funciona).Confira abaixo, em detalhes, o que verificamos.FALSOURGENTE URGENTE URGENTE OLHA A PEDALADA FEITA NA PREVIDÊNCIA SOCIAL - BOLSONARO RETIRA MAIS DE R$ 600 BILHÕES DO INSS E TRANSFERE PARA OUTRAS PASTAS.Isso é uma Pedalada feita na Previdência Social. Retira mais de R$ 600 bilhões do INSS e transfere para outras pastas. Pastas que não são são mencionadas no Decreto.Me ajudem, entendi errado ou é isso mesmo, transferiram mais de 600 bilhões do INSS Pra outras áreas? E ainda querem nos convencer que precisam fazer reformas na previdência?!O decreto 9.699/2019, publicado no dia 8 de fevereiro, realmente transfere dotações orçamentárias do Orçamento Fiscal e da Seguridade Social da União para outros órgãos do Poder Executivo federal, além de utilizá-los para pagamento de dívidas e repasses a entes da federação. Isso não significa, como sustentam os posts analisados, que o presidente Jair Bolsonaro repassou verba da Previdência Social para outros setores.O que aconteceu foi um remanejamento administrativo de recursos orçamentários entre ministérios, já que pastas foram criadas, outras deixaram de existir e responsabilidades por órgãos da burocracia federal foram transferidas com a posse do novo governo.O decreto traz ainda dois anexos que detalham o remanejamento: um se refere à suplementação - pastas que receberam o rearranjo de verbas - e outro que se refere ao cancelamento - ministérios extintos ou cujas atribuições foram repassadas a outras pastas. Os R$ 606 bilhões citados pelo decreto seriam o valor total que foi realocado, não o que teria sido retirado do INSS.Além disso, o Orçamento da Seguridade Social, que também foi remanejado pelo decreto, não abrange só a Previdência Social ou o INSS, mas também as despesas com políticas de assistência social, como o Bolsa Família, e com o SUS (Sistema Único de Saúde).Os anexos do decreto indicam o repasse de R$ 436,14 bilhões do Ministério das Cidades -onde estava alocada a Previdência Social e que foi extinto - ao Ministério da Economia - pasta que recebeu as atribuições previdenciárias após a reorganização do governo, determinada na Medida Provisória nº 870. Isso desmonta a tese de que houve desvio ou realocação desses recursos em outras áreas. Por fim, a utilização de verbas provenientes das contribuições previdenciárias para outros fins é proibida pelo artigo 167 da Constituição Federal.A Agência Lupa também publicou uma checagem semelhante sobre o assunto.TwitterFacebookEmailWhatsAppLeia tambémCinco fatos sobre migraçãoNão é verdade que Moro afastou promotor do caso Queiroz e delegado que investiga morte de MarielleHomem em foto com Flávio Bolsonaro é assessor do senador, não acusado de matar Marielle]	1
99	Temer defendeu o principal projeto de sua gestão com dados incorretos a respeito de tempo de contribuição, rombo nas contas e cálculo do benefício.	"Ao lado de Silvio Santos, Temer defende reforma da Previdência com dados incorretosAo lado de Silvio Santos, Temer defende reforma da Previdência com dados incorretosTwitterFacebookE-mailWhatsAppAo lado de Silvio Santos, Temer defende reforma da Previdência com dados incorretosPor Ana Rita Cunha e Tai Nalon 30 de janeiro de 2018, 03h30TwitterFacebookEmailWhatsAppO presidente Michel Temer fez uma participação no programa do apresentador Silvio Santos no último domingo (28). Numa ofensiva pela aprovação da reforma da Previdência na volta dos trabalhos do Congresso, Temer usou grande parte do tempo na TV para defender a proposta.Aos Fatos checou algumas de suas afirmações durante o programa e verificou que Temer defendeu o principal projeto de sua gestão com dados incorretos a respeito de tempo de contribuição, rombo nas contas e cálculo do benefício. Veja abaixo o resultado.EXAGERADOEste projeto de Previdência não alcança os mais pobres, aqueles que ganham um, dois, três salários mínimos.A afirmação do presidente é apenas verdadeira para trabalhadores que recebem até um salário mínimo, conforme o texto atual da reforma da Previdência. A Constituição prevê, em seu Artigo 201, que o benefício mínimo a ser oferecido ao aposentado é obrigatoriamente de um salário mínimo. ""Nenhum benefício que substitua o salário de contribuição ou o rendimento do trabalho do segurado terá valor mensal inferior ao salário mínimo"", diz o parágrafo 2º.Porém, trabalhadores que ganham dois ou três salários mínimos serão impactados pela mudança na forma do cálculo da aposentadoria e no recebimento de pensão por morte. Isso porque, de acordo com a proposta mais recente de reforma do governo, a aposentadoria passa a ser calculada com base em 100% dos salários recebidos. Na regra atual, são usados para o cálculo apenas 80% dos salários, excluindo os 20% menores.As mudanças na pensão por morte também afetam pessoas com mais de um salário mínimo. Pela proposta do governo, a pensão deixa de ser integral, passando a 50% do valor do benefício do segurado falecido mais 10% por dependente (incluindo a viúva ou viúvo). Além disso, há um limite de dois salários mínimos para quem acumular os benefícios de pensão por morte e aposentadoria.FALSOPega o caso do sujeito, Silvio, que só se aposenta aos 65 anos porque ele começa a contribuir. De repente, ele para a contribuição e daí ele não consegue fazer os 35 anos de contribuição. Então ele se aposenta aos 65 anos. Nós diminuímos isso para 15 anos. Ou seja, quem hoje ganha até um salário mínimo, por exemplo, ele pode se aposentar com 55, 56, 57 anos.A declaração do presidente é confusa e errada. Na proposta inicial de reforma previdenciária, apresentada em dezembro de 2016, o governo Temer aumentava de 15 para 25 anos o tempo mínimo de contribuição. No novo texto, apresentado em novembro de 2017, o governo voltou a colocar o tempo mínimo de contribuição em 15 anos.Tanto no texto original, quanto na nova versão, o objetivo da reforma é gradualmente acabar com a aposentadoria por tempo de contribuição. Isso significa que quem só contribuiu durante 15 anos não poderá se aposentar antes de 65 anos de idade, no caso dos homens, e 62, no caso das mulheres.Mesmo levando em conta as regras de transição, para conseguir aposentar com menos de 65 anos é necessário ter contribuído para a Previdência por, no mínimo, 35 anos. Ou seja, não será possível ter 15 anos de contribuição e se aposentar com ""55, 56, 57 anos"".IMPRECISOHoje, Silvio, a dívida previdenciária é de R$ 189 bilhões. No ano que vem, R$ 220 bilhões.A Previdência Social registrou um deficit nominal de R$ 182,4 bilhões, em 2017, segundo o último relatório divulgado pelo Ministério da Fazenda, em 22 de janeiro. Esse é o dado mais recente publicado pelo governo federal - e é R$ 6 bilhões abaixo do número citado por Temer.Em relação ao rombo previdenciário estimado para 2018, consta do Orçamento Geral da União previsão de deficit de R$ 192,842 bilhões apenas para os segurados da iniciativa privada, por meio do INSS (Instituto Nacional do Seguro Social). Na semana passada, o secretário de Previdência, Marcelo Caetano, afirmou que essa estimativa pode ser revista.Questionada a respeito da fonte dos números citados por Temer na TV, a assessoria da Presidência ainda não havia respondido às perguntas da reportagem.VERDADEIROA dívida previdenciária é tão grande, tão expressiva que lá [na Grécia e em Portugal] foi preciso cortar 30%, 40% dos vencimentos dos funcionários públicos.Portugal e Grécia enfrentaram uma forte crise econômica e descontrole nas contas públicas no fim da década passada. A partir de 2010, ambos os países iniciaram negociações a União Europeia e do FMI (Fundo Monetário Internacional). Em troca de suporte financeiro, os dois países aceitaram implementar medidas de austeridade que incluíam cortes nos salários de funcionários públicos.O governo português se comprometeu a reduzir, em média, 5% os salários - medida que só foi suavizada em 2015 e abolida em 2016. No acumulado dos últimos seis anos, os cortes ficam em torno de 30%.A Grécia se comprometeu nos acordos com a Troika, equipe composta pelo FMI, Banco Central Europeu e Comissão Europeia, a cortar bônus e salários dos funcionários públicos e pensionistas, além de reduzir o salário mínimo nacional. Entre 2010 e 2012, esses cortes chegaram a 30%.TwitterFacebookEmailWhatsAppLeia tambémCinco fatos sobre migraçãoNão é verdade que Moro afastou promotor do caso Queiroz e delegado que investiga morte de MarielleHomem em foto com Flávio Bolsonaro é assessor do senador, não acusado de matar Marielle]"	1
100	O cristianismo vai acabar.	"""É #FAKE post com Manuela DÁvila dizendo que é mais popular que Jesus e que o cristianismo vai desaparecer""Frase atribuída à candidata a vice-presidente está circulando nas redes sociais. Ela foi dita, na verdade, por John Lennon em 1966. Uma declaração atribuída à candidata a vice-presidente Manuela DÁvila (PCdoB) em que ela diz que o ""cristianismo vai desaparecer"" circula nas redes sociais. A frase é compartilhada com uma imagem de Manuela, integrante da chapa do candidato a presidente Fernando Haddad (PT). A postagem é #FAKE.""O cristianismo vai desaparecer. Vai diminuir e encolher. (...) Nós, somos mais populares que Jesus neste momento"", diz a declaração atribuída a Manuela.A frase não foi dita pela candidata do PCdoB, e sim por John Lennon, guitarrista e vocalista dos Beatles, durante uma entrevista à jornalista Maureen Cleave, do jornal ""London Evening Standard"". A entrevista foi publicada na Inglaterra no dia 4 de março de 1966.Eis a frase de Lennon: ""O cristianismo vai acabar. É fora de discussão, você verá que estou certo. Somos mais populares do que Jesus hoje em dia. Não sei qual vai acabar primeiro, se o rocknroll ou a cristandade. Jesus era legal mas seus discípulos eram grossos e broncos. O fato de distorcerem tudo é que arruína tudo para mim"".Em nota, a coligação ""O Povo Feliz de Novo"" diz que ""classifica a declaração como Fake News e está coletando denúncias para o combate a disseminação de informações falsas"". "	1
101	A numeração do habeas corpus, em de mais de 100 anos de corte constitucional, est	"O crescente número de habeas corpus no STF - e as queixas dos ministros checadasO crescente número de habeas corpus no STF - e as queixas dos ministros checadasTwitterFacebookE-mailWhatsAppO crescente número de habeas corpus no STF - e as queixas dos ministros checadasPor Luiz Fernando Menezes 28 de março de 2018, 18h55TwitterFacebookEmailWhatsAppDurante o julgamento do pedido de habeas corpus do ex-presidente Lula, na última quinta-feira (22), os ministros do Supremo Tribunal Federal citaram de maneira recorrente a quantidade de processos desse tipo que se dizem obrigados a analisar. Luiz Fux, por exemplo, criticou o aumento de HCs no Supremo. Já Dias Toffoli citou vários dados relacionados ao tema, como a quantidade de pedidos que a Corte já recebeu: 15.400.Aos Fatos checou quatro dos dados citados por Dias Toffoli e Luiz Fux. Veja abaixo.IMPRECISOEm 23 de outubro de 2009, portanto são oito anos e meio, a numeração do habeas corpus, em de mais de 100 anos de corte constitucional, estava em 99 mil... - Dias Toffoli, ministro do SupremoPrimeiramente, é necessário explicar como funciona a numeração dos habeas corpus. Os números que seguem o processo correspondem, historicamente, ao número de habeas corpus (HC) e de recursos ordinários em habeas corpus (RHC) - que é o recurso cabível contra uma decisão pela não concessão do pedido - protocolados no STF.De acordo com a tabela de habeas corpus concedidos pelo STF, o número de processos desse tipo já tinha passado dos 100 mil antes de o próprio Dias Toffoli ser indicado pelo ex-presidente Luiz Inácio Lula da Silva ao cargo de ministro do STF, em 2009.Em 2009, primeiro ano disponível na base de dados, dos 428 habeas corpus concedidos, 25 já tinham numeração na casa da centena de milhar. O maior registro antes de Dias Toffoli assumir a cadeira foi o HC-100789, no dia 30 de setembro de 2009. Além disso, naquele ano, o número de registro de processos concedidos foi do 82.587 (datado em 26 de maio) ao 101.928 (datado em 11 de dezembro).É importante ressaltar também que as numerações correspondem aos habeas corpus concedidos. Isso significa que poderiam existir, já naquela data, processos protocolados ou registrados no STF com números maiores.VERDADEIRO... hoje, a numeração do habeas corpus está em 154.500... - Dias Toffoli, ministro do SupremoSegundo a Lista Geral do Acervo STF, atualizada até a última segunda-feira (26), o último processo deste tipo em tramitação no Supremo é, na verdade, o RHC-154682 (datado de 24 de março de 2018). Se formos levar em consideração apenas os pedidos de habeas corpus, o último processo é o HC-154676 (datado em 23 de março de 2018).Levando em consideração a pequena margem de erro e o fato de a declaração ter sido dada um dia antes desses registros, Aos Fatos classifica a declaração como VERDADEIRA.VERDADEIRO... ou seja, em 9 anos (...) tivemos 50% daquilo que houve em mais de 100 anos. - Dias Toffoli, ministro do SupremoDe acordo com a tabela de quantidade de habeas corpus por ano no STF, de 2010 até 2018 (sendo a última atualização no dia 25 de março), foram protocolados 46.675 processos desse tipo. Desses, 11.327 são de 2017, ano com maior número de HCs da história da Suprema Corte. Vale destacar também que em 2018 já são 2.419 habeas corpus protocolados. Se contarmos ainda os recursos ordinários em habeas corpus (RHC), o número pula para 51.335.É interessante destacar que o número de novos HCs no STF se manteve praticamente estável entre 2008 (com 3.736 protocolados) e 2014 (com 4.483 protocolados). Foi em 2015 (com 5584 protocolados) que o número começou a subir drasticamente: de 2014 a 2015 houve um aumento de 24,5%; em 2016 (com 6491 protocolados), o aumento foi de 16,2% em relação ao ano anterior; e em 2017 (11.327, como dito anteriormente), o número subiu 74,5%.De acordo com a assessoria do STF, o processo protocolado com a maior numeração em 2009 foi o HC-102262 (datado no dia 31 de dezembro). Se levarmos em consideração o acumulado de 2010 a 2018, temos um aumento de 50,1%. Logo, a declaração do ministro é VERDADEIRA.INSUSTENTÁVEL99% dos casos levados à [primeira] turma são habeas corpus. - Luiz Fux, ministro do SupremoHoje, de acordo com o acervo atual do STF, estão em tramitação 4.075 pedidos de habeas corpus e 1.003 recursos ordinários em habeas corpus. O número corresponde a todos os processos que pelo menos foram autuados até aqueles que não sofreram baixa definitiva. Se levarmos em consideração que há 43.849 processos, os HCs correspondem apenas a 9,3% do total (ou 11,6%, se os RHC entrarem na conta).Se separamos o acervo por classes processuais, a porcentagem dos habeas corpus aumenta: são 5.697 na classe criminal, à qual pertence esse tipo de processo, o que significa que os HC são 71 % do total (ou 89% se levarmos em consideração os RHC).Já segundo o relatório ""Supremo em Ação"", com dados de 2016, os habeas corpus são a terceira maior classe de processos do Supremo Tribunal Federal, representando 7,22% do total, e os recursos ordinários em habeas corpus são a quinta maior, com apenas 0,68% (juntos, então, correspondem a 7,9% de todos os processos).A reportagem entrou em contato com a assessoria do STF para saber se existe um levantamento dos HCs por turma mas, até a publicação da reportagem, não obteve resposta.Como não há separação de processos por turma do STF em nenhuma das bases de dados, mesmo que seja improvável que a porcentagem citada pelo ministro esteja correta, não é possível determinar o número exato.TwitterFacebookEmailWhatsAppLeia tambémCinco fatos sobre migraçãoNão é verdade que Moro afastou promotor do caso Queiroz e delegado que investiga morte de MarielleHomem em foto com Flávio Bolsonaro é assessor do senador, não acusado de matar Marielle]"	1
102	"É #FAKE que Gleisi Hoffmann disse que não vê motivos para homenagens a SennaImagem com declaração atribuída a deputada do PT circula em redes sociais após as homenagens à memória do piloto Ayrton Senna pelos 25 anos de sua morte. A frase não foi dita por ela. Circulam pelas redes sociais mensagens que atribuem à presidente do PT, Gleisi Hoffmann, a seguinte declaração: ""Não vejo motivo algum para abajularem Airton Semma. Ele era apenas um corredor de carro e nada mais. Lula sim é a verdadeira história do Brasil""."	"É #FAKE que Gleisi Hoffmann disse que não vê motivos para homenagens a SennaImagem com declaração atribuída a deputada do PT circula em redes sociais após as homenagens à memória do piloto Ayrton Senna pelos 25 anos de sua morte. A frase não foi dita por ela. Circulam pelas redes sociais mensagens que atribuem à presidente do PT, Gleisi Hoffmann, a seguinte declaração: ""Não vejo motivo algum para abajularem Airton Senna. Ele era apenas um corredor de carro e nada mais. Lula sim é a verdadeira história do Brasil"". É #FAKE.Procurada pela equipe do Fato ou Fake, a assessoria de Gleisi diz que trata-se de ""mais uma notícia falsa sendo espalhada para atingir a imagem da deputada federal"". ""É mentira o card que está circulando nas redes sociais com declaração atribuída à presidente nacional do PT sobre o campeão brasileiro de Fórmula 1 Ayrton Senna.""A falsa mensagem tem erros de ortografia e registra o primeiro nome do piloto sem o Y. O cartaz é veiculado na internet após as homenagens à memória de Senna 25 anos após sua morte, em 1º de maio de 1994.Junto do card, muitos internautas dizem que a mensagem foi postada por ela no Twitter. Não houve, no entanto, nenhum post no perfil oficial dela com qualquer menção a Senna.Vídeo: Veja como identificar uma mensagem falsa "	1
103	FALSO É engraçado ver a Mídia Brasileira de Fake News tentando descreditar a candidatura de Jair Bolsonaro. ERRADO! O cara é o único candidato presidencial respeitoso da lei, honesto, decente.	"Trump não publicou tweet em apoio a BolsonaroTrump não publicou tweet em apoio a BolsonaroTwitterFacebookE-mailWhatsAppTrump não publicou tweet em apoio a BolsonaroPor Luiz Fernando Menezes 8 de outubro de 2018, 18h05TwitterFacebookEmailWhatsAppÉ FALSO um tweet de Donald Trump no qual ele apoia a candidatura presidencial de Jair Bolsonaro e diz coisas como ""Make Brazil Great Again"" (Faça o Brasil bom de novo, em inglês) e afirma que Bolsonaro é o único candidato honesto e decente ""que o Brasil já teve"". O tweet nunca foi publicado pela conta oficial do presidente americano.A imagem com o tweet falso foi enviada por leitores do Aos Fatos no WhatsApp como uma sugestão de checagem (saiba mais). Para participar, adicione o número (21) 99956-5882 na sua lista de contatos e envie uma mensagem com o seu nome.FALSO É engraçado ver a Mídia Brasileira de Fake News tentando descreditar a candidatura de Jair Bolsonaro. ERRADO! O cara é o único candidato presidencial respeitoso da lei, honesto, decente e confiável que o Brasil já teve. Faça o Brasil bom de novo. Brasil acima de tudo e Deus acima de todos (em inglês)Está circulando no WhatsApp uma imagem de uma mensagem atribuída ao perfil do presidente dos EUA, Donald Trump, no Twitter, na qual ele demonstra apoiar o candidato à Presidência da República pelo PSL, Jair Bolsonaro. No tweet, Trump teria dito que Bolsonaro era o ""único candidato presidencial respeitoso da lei, honesto, decente e confiável que o Brasil já teve"". No entanto, não há, no Twitter oficial do presidente americano, nenhuma postagem semelhante à da imagem que vem circulando no WhatsApp.No dia 6 de outubro, data atribuída ao tweet, Trump publicou quatro mensagens, nenhuma relacionada a Jair Bolsonaro ou pelo menos o Brasil.Aos Fatos também não encontrou registros de que Trump tenha dito, em alguma ocasião, as frases ""Make Brazil Great Again"" e ""Brasil acima de tudo e Deus acima de todos"", slogans adotados pela campanha de Bolsonaro e seus apoiadores.A relação entre Trump e Bolsonaro já rendeu outras histórias falsas, como a de que o presidente americano, durante um discurso proferido em New Hampshire, teria mencionado o nome do candidato do PSL para dizer que os dois compartilhavam do ""vício de dizer a verdade"".A conta falsa (@ReaDonnaldTrump), por outro lado, já publicava tweets sobre Bolsonaro desde 2017. Na apuração de ontem, o perfil chegou a se posicionar dizendo ""GO BONORO"" (o perfil explicou que chama o candidato de Bonoro porque é mais ""afetivo"" e que um ""apelido afetivo é mais difícil de esquecer"").GO BONORO- DonaId J. Trump (@ReaDonnaIdTrump) 7 de outubro de 2018 É verdade, no entanto, que, após o atentado sofrido por Bolsonaro no dia 6 de setembro, alguém do governo de Donald Trump entrou em contato com a família do candidato. Também é verdade que Bolsonaro já tenha dito que, se eleito, quer visitar Trump antes da posse para anunciar duas futuras medidas: a derrubada do visto para turistas americanos e uma redução de impostos para produtos daquele país.A veracidade do tweet já foi checada também pela equipe do Fato ou Fake, do G1.TwitterFacebookEmailWhatsAppLeia tambémCinco fatos sobre migraçãoNão é verdade que Moro afastou promotor do caso Queiroz e delegado que investiga morte de MarielleHomem em foto com Flávio Bolsonaro é assessor do senador, não acusado de matar Marielle]"	1
104	É falso que decreto de Bolsonaro cortou verbas para Carnaval e paradas LGBTI.	"É falso que decreto de Bolsonaro cortou verbas para Carnaval e paradas LGBTIÉ falso que decreto de Bolsonaro cortou verbas para Carnaval e paradas LGBTITwitterFacebookE-mailWhatsAppÉ falso que decreto de Bolsonaro cortou verbas para Carnaval e paradas LGBTIPor Luiz Fernando Menezes 4 de janeiro de 2019, 19h01TwitterFacebookEmailWhatsAppNão é verdade que o presidente Jair Bolsonaro (PSL) teria assinado um decreto cortando verbas que seriam destinadas este ano ao Carnaval e a paradas do Orgulho LGBTI pelo país. A informação falsa foi publicada inicialmente pelo site Folha Brasil News, e depois apagada, mas o conteúdo ainda circula no Facebook, no YouTube e no WhatsApp por meio de imagens, vídeos e correntes.Em consulta ao Diário Oficial da União, Aos Fatos constatou que não foi publicado qualquer decreto com esse propósito desde que o novo presidente assumiu o cargo, na última terça-feira (1º). Em governos anteriores, o Carnaval e as paradas LGBTIs já chegaram a receber incentivos federais por meio de aportes diretos do Ministério do Turismo ou de autorização para captação de recursos via Lei Rouanet, ainda que essa não tenha sido a regra.A sugestão de checagem deste conteúdo foi enviada por leitores do Aos Fatos no WhatsApp (saiba mais). Para participar, adicione o número (21) 99956-5882 nos seus contatos e envie uma mensagem pra gente com o seu nome. Publicações semelhantes identificadas no Facebook foram marcadas com o selo FALSO na ferramenta de verificação da rede social (entenda como funciona).FALSONem Olinda, nem Salvador, nem Rio de Janeiro... Presidente Jair Bolsonaro assina decreto cortando verba do carnaval e parada gay em todo o Brasil. O decreto já cancela o carnaval de 2019.A notícia falsa surgiu em uma publicação do site Folha Brasil News, que já foi deletada. No texto estava escrito que ""Com as contas no vermelho, o presidente Jair Bolsonaro acredita que não há mais espaço para supérfluos com festejos como o carnaval e a parada gay. O decreto pode já cancelar o financiamento do carnaval de 2019 em cidades por todo o Brasil, quem quiser realizar eventos do tipo terá que tirar dinheiro do seu próprio bolso"".Em nenhum momento, o texto informa qual era o número do decreto. Mesmo assim, outros sites, canais no Youtube, como o Vale Tudo News, e correntes no Whatsapp replicaram o possível decreto como se ele já tivesse sido assinado.Em buscas nas edições dos dias 1º a 4 de janeiro do Diário Oficial da União, Aos Fatos não encontrou nenhum decreto que determinasse os cancelamentos citados. Também não há nada parecido na lista de decretos de 2019 divulgada pelo Palácio do Planalto.As festas de Carnaval pelo Brasil, além de utilizarem patrocínios, geralmente recebem repasses das prefeituras das cidades. Em 2018, por exemplo, os prefeitos das cidades de São Paulo e Rio de Janeiro cortaram parte das verbas públicas destinadas aos eventos por causa da crise econômica.Em governo anteriores, o Ministério do Turismo destinou verbas para o Carnaval, como as escolas de samba paulistas em 2017. No ano passado, o Ministério da Cultura autorizou as agremiações cariocas do Grupo Especial a captar R$ 8 milhões em recursos via Lei Rouanet.Nas paradas do Orgulho LGBT, o apoio federal até existe, mas é ainda mais raro. Ainda que a 22ª edição do evento no Rio em 2017 tenha obtido autorização para captar verbas pela Lei Rouanet, essa não foi a regra em anos anteriores ou posteriores ou mesmo em outras cidades do país, segundo informou ao Aos Fatos nesta sexta-feira (4) a ABGLT (Associação Brasileira de Lésbicas, Gays, Bissexuais, Travestis, Transsexuais e Intersexos).De acordo com a entidade, as paradas são financiadas de diversas maneiras, como crowndfunding (financiamento coletivo) e patrocínios de empresas privadas. Para 2019, a 23ª Parada de Orgulho LGBTI de São Paulo, uma das maiores do mundo, já tem data marcada: dia 29 de junho. Além disso, nem todas as paradas são consideradas eventos, mas manifestações políticas e não precisam de verbas ou autorização do poder público para serem realizadas, segundo a ABGLT.Ao site do Correio Braziliense, que também checou o boato, a assessoria da Presidência da República afirmou que não havia nenhuma informação sobre o falso decreto.TwitterFacebookEmailWhatsAppLeia tambémCinco fatos sobre migraçãoNão é verdade que Moro afastou promotor do caso Queiroz e delegado que investiga morte de MarielleHomem em foto com Flávio Bolsonaro é assessor do senador, não acusado de matar Marielle]"	1
105	Jaques Wagner não disse que professor deve dar aula por gosto, não pelo salário.	" #Verificamos: Jaques Wagner não disse que professor deve dar aula por gosto, não pelo salárioBoato que já tinha atingindo Geraldo Alckmin ressurge agora contra petista eleito senadorCircula nas redes sociais uma imagem em que se lê uma frase supostamente dita pelo ex-governador da Bahia e senador eleito pelo PT, Jaques Wagner, em tom crítico aos professores. Por meio do projeto de verificação de notícias, usuários do Facebook solicitaram que esses dados fossem analisados. Confira a seguir o trabalho de verificação feito pela Lupa:""Quem quiser dar aula, que faça isso por gosto e não por salário. Se quiser ganhar melhor, peça demissão e vá para o ensino privado""Frase atribuída ao ex-governador da Bahia e senador eleito pelo PT Jaques Wagner e que aparece em imagem que viraliza no Facebook na manhã de 24 de novembro de 2018FALSOO boato que agora atinge o ex-governador da Bahia Jaques Wagner (PT), que ocupou o cargo entre 2007 e 2014, também já foi usado contra o ex-governador de São Paulo Geraldo Alckmin (PSDB) e verificado pela Lupa anteriormente. Na verdade, a frase mencionada na imagem que viralizada pela redes sociais teria sido dita pelo ex-governador do Ceará Cid Gomes (PDT). Em agosto de 2011, em meio a uma greve de professores estaduais, o político teria dito o seguinte: ""quem quer dar aula faz isso por gosto, e não pelo salário. Se quer ganhar melhor, pede demissão e vai para o ensino privado"". Questionado sobre isso em 2015 Cid Gomes afirmou que o conteúdo de sua fala havia sido ""distorcido"". ""O que eu disse é que qualquer servidor público, seja ele vereador, governador, médico, deputado, professor, antes de qualquer coisa precisa ter vocação. É um espaço que você tem por natureza a posição de sacrifício pessoal. Claro que você tem que ter boa remuneração"", declarou ao G1. *Nota: esta reportagem faz parte do projeto de verificação de notícias no Facebook. Dúvidas sobre o projeto? Entre em contato direto com o Facebook.Editado por: Cristina Tardáguila"	1
106	É #FAKE áudio atribuído a Pedro Bial em que ele critica um possível governo de Haddad	"""É #FAKE áudio atribuído a Pedro Bial  em que ele critica um possível governo de Haddad""Áudio e mensagem não são de autoria do apresentador do programa Conversa com Bial, da TV Globo. Viralizou nas redes sociais um áudio atribuído a Pedro Bial, apresentador do programa Conversa com Bial, da TV Globo, em que ele diz como seria o Brasil governado por Fernando Haddad a partir de 1 de janeiro de 2019. Em uma das várias versões de mensagens que circulam, a gravação vem acompanhada da frase: ""Escuta até o fim o Pedro Bial falando sobre o dia 01/01/2019. Pior que é a mais pura realidade"". Tanto o áudio como a mensagem são #FAKE.O autor do áudio relata em detalhes como seria o primeiro dia do ano governado pelo PT. ""É um pesadelo. Abalado, você ouve a primeira declaração do novo presidente enaltecendo o herói Lula e proclamando sua liberdade e, sem sentir o mínimo de vergonha, declara o detento como o novo e verdadeiro presidente do país"", diz um dos trechos.Em outro momento também, o autor critica quem é ""legalzinho"" e ""isentão"" e diz que o Brasil está polarizado. E também incentiva as pessoas a não jogarem o voto fora.Pedro Bial disse ao G1 que ""não é a primeira vez"" que o nome dele é envolvido em conteúdos falsos e que isso já tinha ocorrido na eleição passada. Ele também afirmou que há vários textos que circulam nas redes sociais e são atribuídos a ele sem que, de fato, seja o autor.O apresentador também se manifestou pelas redes sociais sobre o falso áudio. Veja abaixo: "	1
107	As mensagens circulam nas redes sociais que dizem fazer parte de uma pesquisa online do Datafolha sobre o segundo turno das eleições.	"""É #FAKE que Datafolha faz pesquisa online sobre o 2° turno das eleições""Segundo Mauro Paulino, diretor do instituto, os links sobre pesquisa online são falsos. Ele diz ainda que o Datafolha faz apenas pesquisas presenciais Circulam nas redes sociais mensagens que dizem fazer parte de uma pesquisa online do Datafolha sobre o segundo turno das eleições presidenciais. O diretor do instituto, Mauro Paulino, nega que os links sejam verdadeiros e afirma ainda que o Datafolha faz apenas pesquisas presenciais. Portanto, as mensagens são #FAKE.""O Datafolha só faz pesquisas eleitorais presenciais. Nunca por telefone ou internet"", diz Mauro Paulino, diretor do instituto, ao jornal ""Folha de S.Paulo"". As mensagens compartilhadas na internet contêm um link que direciona para um site em que o internauta pode preencher um formulário com cidade, estado e candidato em quem votará.O site falso pede ainda que as pessoas compartilhem o link para confirmar que o internauta não é um robô e também ver o resultado da suposta pesquisa. As mensagens exibidas na internet trazem as fotos dos presidenciáveis Jair Bolsonaro (PSL) e Fernando Haddad (PT).""Bolsonaro e Haddad disputam a Presidência do Brasil. O Datafolha quer saber qual sua intenção de voto neste 2° turno? Confira o resultado a seguir"", diz a mensagem falsa. "	1
108	O Exército Brasileiro conseguiu, ontem, encontrar água ao perfurar um poço em Cacicó, no Nordeste. A água jorrou com força e foi encontrada em um terreno onde atualmente funciona um complexo de creches cujo abastecimento hídrico é feito por caminhão pipa.	" #Verificamos: É antiga foto de poço artesiano perfurado pelo Exército em cidade do NordesteImagem que viralizou nas redes sociais mostra obra feita no final de 2015, contratada pela prefeitura do município de Caicó (RN)Circula em redes sociais a foto de um militar do Exército diante de um poço artesiano que acaba de ser perfurado. A legenda ""informa"" que isso ocorreu no dia 8 de março, na cidade de Caicó, no Rio Grande do Norte. Por meio do projeto de verificação de notícias, usuários do Facebook solicitaram que esse material fosse analisado. Confira a seguir o trabalho de verificação da Lupa:""O Exército Brasileiro conseguiu, ontem, encontrar água ao perfurar um poço em Caicó, no Nordeste. A água jorrou com força e foi encontrada em um terreno onde atualmente funciona um complexo de creches cujo abastecimento hídrico é feito por caminhão pipa. Alguém viu isso na televisão ou no jornal?""Legenda de imagem que, até as 14h do dia 25 de março de 2019, tinha sido compartilhada mais de 71 mil vezes no FacebookFALSOA informação verificada pela Lupa é falsa. O poço artesiano registrado na imagem foi perfurado no dia 22 de setembro de 2015, e não em 8 de março de 2019, conforme indica a publicação. A foto realmente foi feita na cidade de Caicó, no Rio Grande do Norte.Na época, diante da seca que atingia a cidade, a prefeitura de Caicó contratou o 1º Batalhão de Engenharia e Construção (BEC) do Exército para fazer poços e minimizar os problemas com o abastecimento de água. As fotos da perfuração circularam em blogs locais, que citam a assessoria de comunicação da prefeitura como autora das imagens.A obra foi feita na área do antigo Hospital Psiquiátrico Milton Marinho, fechado em 2006 após denúncias de maus tratos e mortes de pacientes nos anos anteriores.Há um vídeo no YouTube que mostra o momento da perfuração. Outro poço artesiano foi feito na cidade pelo 1º BEC, nas imediações do fórum municipal.Nota: esta reportagem faz parte do projeto de verificação de notícias no Facebook. Dúvidas sobre o projeto? Entre em contato direto com o Facebook.Editado por: Chico Marés e Natália Leal"	1
109	A operação mostrada no vídeo e analisada pela Lupa não teve qualquer relação com o MST. O caso não é recente. Data de março de 2018. Não ocorreu numa casa, mas no h	" #Verificamos: PF não apreendeu carga de maconha em avião de liderança do MSTVídeo divulgado nas redes sociais é antigo e não tem relação com o movimentoCirculam nas redes sociais fotos e vídeos de uma operação policial na qual foram encontradas grandes quantidades de maconha em um avião. As legendas ""informam"" que os alvos da operação foram membros do Movimento dos Trabalhadores Rurais Sem Terra (MST). Por meio do projeto de verificação de notícias, usuários do Facebook solicitaram que esse material fosse analisado. Confira a seguir o trabalho de verificação da Lupa:""Veja o resultado de uma batida policial, na casa das lideranças do acampamento do inocente MST, no município de Descalvado-SP""Legenda de vídeo publicado no Facebook e que, até as 16h20 do dia 21 de janeiro de 2019, já tinha mais de 20 mil compartilhamentosFALSOA operação mostrada no vídeo e analisada pela Lupa não teve qualquer relação com o MST. O caso não é recente. Data de março de 2018. Não ocorreu numa casa, mas no hangar de uma pista clandestina existente numa fazenda de Paraguaçu Paulista, a cerca de 350 quilômetros de Descalvado (SP).Segundo o site G1, em 5 de março de 2018, a Polícia Federal apreendeu 990 quilos de maconha dentro de um avião agrícola. Outros 400 quilos foram encontrados no hangar. Três homens foram presos: o piloto José Albano Martins da Neves, Ronaldo Camilo dos Reis e João Franco de Lacerda, que é bombeiro aposentado. Não há nenhum registro público que indique que eles tenham relação com o MST. O local onde a operação foi realizada também não é um acampamento do movimento.Existe também um vídeo da TV Record que mostra a mesma operação, incluindo trechos da gravação que circula atualmente no Facebook com os dados falsos.*Nota: esta reportagem faz parte do projeto de verificação de notícias no Facebook. Dúvidas sobre o projeto? Entre em contato direto com o Facebook.Editado por: Cristina Tardáguila e Natália Leal"	1
110	Candidatos contra Renan se reúnem para fecharem estratégia e unidade para eleição no Senado. No início da tarde desta sexta-feira (1º), haverá uma reunião no Senado de vários candidatos ao comando da Casa para definir uma nova estratégia de enfrentamento ao candidato do MDB, senador Renan Calheiros (AL). Segundo relatos ao blog, a ideia é diminuir o número de candidatos na disputa com Renan para apenas dois e, na sequência, fazer uma união no segundo turno. O marcelo dessa estratégia deve ser batido às 13h30, numa reunião reservada. Nesta madrugada, houve uma primeira reunião do grupo. Participaram os candidatos Esperidião Amin (PP-SC), Major Olímpio (PSL-SP), Alvaro Dias (Podemos-PR) e Tasso Jereissati (PSDB-CE), além de Simone Tebet (MDB-MS), que foi derrutada na disputa interna do MDB para Renan. Não participou do encontro o senador Davi Alcolumbre (DEM-AP), que tem insistido em lançar sua candidatura em qualquer circunstância.	"""Candidatos contra Renan se reúnem para fechar estratégia e unidade para eleição no Senado"" No início da tarde desta sexta-feira (1º), haverá uma reunião no Senado de vários candidatos ao comando da Casa para definir uma nova estratégia de enfrentamento ao candidato do MDB, senador Renan Calheiros (AL). Segundo relatos ao blog, a ideia é diminuir o número de candidatos na disputa com Renan para apenas dois e, na sequência, fazer uma união no segundo turno.O martelo dessa estratégia deve ser batido às 13h30, numa reunião reservada. Nesta madrugada, houve uma primeira reunião do grupo. Participaram os candidatos Esperidião Amin (PP-SC), Major Olímpio (PSL-SP), Alvaro Dias (Podemos-PR) e Tasso Jereissati (PSDB-CE), além de Simone Tebet (MDB-MS), que foi derrotada na disputa interna do MDB para Renan.Não participou do encontro o senador Davi Alcolumbre (DEM-AP), que tem insistido em lançar sua candidatura em qualquer circunstância. "	-1
111	Dos 513 deputados que tocam posse nesta sexta-feira (1º), 244 são estreantes na Casa, o equivalente a 47,6%. Bancada feminina terá 77 mulheres, contra 51 da legislatura passada. O número de partidos também é recorde: 30. O levantamento já leva em conta os deputados que tomarão posse no lugar de Jean Wyllys (PSOL-RJ), que renuncinou ao mandato, e de Wagner Mont.	"""Nova Câmara dos Deputados tem o maior número de novatos e de mulheres em três décadas""Dos 513 deputados que tomam posse nesta sexta-feira (1º), 244 são estreantes na Casa, o equivalente a 47,6%. Bancada feminina terá 77 mulheres, contra 51 da legislatura passada. A Câmara dos Deputados dá início nesta sexta-feira (1º) a um novo mandato de quatro anos com o maior percentual de novatos e de mulheres em mais de 30 anos. O número de partidos também é recorde: 30.Dos 513 deputados que tomam posse, 244 são estreantes na Câmara, o equivalente a 47,6%. O percentual é ligeiramente inferior ao registrado na eleição da Assembleia Constituinte, em 1986, de acordo com cálculos divulgados pela Agência Câmara. Naquela ocasião, 48,3% dos parlamentares estavam no primeiro mandato.Depois disso, houve um percentual de 45,7% em 1990 e índices abaixo dos 40% até 2014.O levantamento já leva em conta os deputados que tomarão posse no lugar de Jean Wyllys (PSOL-RJ), que renunciou ao mandato, e de Wagner Montes (PRB-RJ), que morreu no último sábado (26). São eles: David Miranda (PSOL-RJ) e Jorge Braz de Oliveira (PRB-RJ).Apesar da renovação, nem todos os parlamentares estreantes na Câmara são novatos na política. Mais da metade (52,7%) já se elegeu para outros cargos: prefeitos, vereadores, deputados estaduais, senadores e governadores, por exemplo. Esse grupo soma 128 deputados.Entre os que já estavam na Câmara dos Deputados, os três mais longevos estão indo para o 8º mandato. A partir desta sexta-feira, a bancada feminina na Câmara também irá aumentar: serão 77 deputadas, o que corresponde a 15% da composição da Câmara.O percentual é maior que o alcançado nas eleições de 2014, de 10% (51 deputadas), recorde registrado até então, conforme os dados disponíveis da Câmara.Apesar do aumento, o número ainda é bem inferior ao mínimo de candidaturas femininas estipulado em lei, de 30%, e à proporção de mulheres na população, de 51%.Dentre os 26 estados e o Distrito Federal, apenas três estados não elegeram nenhuma mulher para a Câmara: Amazonas, Maranhão e Sergipe.A quantidade de partidos políticos representados também cresceu. Na legislatura que se encerrou, eram 25 siglas. Nas urnas em outubro, foram eleitos deputados de 30 legendas, o maior número desde a redemocratização.A expectativa, porém, é que o número diminua para 27, após a fusão de algumas legendas que não atingiram desempenho mínimo nas eleições e que ficarão sem acesso aos recursos do Fundo Partidário e tempo no rádio e na TV de propaganda eleitoral.PT e PSL elegeram o maior número de representantes. A bancada do PT terá 54 deputados na posse e a do PSL, 52. Mas esses números também devem mudar com as articulações para troca de legendas.Com ideologias variadas, há divergências entre os parlamentares até mesmo dentro do próprio partido, dependendo do assunto. Um levantamento feito pelo G1 mostra como pensa a nova composição da Câmara em relação a 18 temas que deverão estar na pauta de debates.Os dados revelam, por exemplo, que quase 60% dos deputados são favoráveis a estabelecer uma idade mínima para a aposentadoria, proposta que deverá constar da proposta de reforma da Previdência a ser enviada pelo governo Jair Bolsonaro ao Legislativo.Aos 84 anos, Luiza Erundina (PSOL-SP) é a deputada mais idosa desta legislatura. Ela se reelegeu deputada federal pelo estado de São Paulo, após cinco mandatos.Já Luisa Canziani (PTB-PR), com 22 anos, é a mais jovem. Em sua primeira eleição, foi a 18ª candidata a deputada federal mais votada do Paraná, com mais de 90 mil votos. Ela é filha de Alex Canziani, que se candidatou ao Senado, também pelo Paraná, mas não se elegeu. Veja outros herdeiros políticos que se deram bem e que se deram mal em 2018.A idade média dos deputados é de 49 anos. A faixa etária com o maior número de parlamentares é entre 55 e 64 anos, com 140 deputados.Os deputados que vão tomar posse declararam ao Tribunal Superior Eleitoral (TSE) cerca de 50 ocupações diferentes. A maior parte já era formada por deputados federais. As outras profissões mais comuns informadas são a de empresário e advogado.Há ainda administradores, engenheiros, médicos, servidores públicos, professores, jornalistas, policiais militares e integrantes das Forças Armadas. "	-1
112	"Tanto o Ibama quanto a maior parte dos órgãos ambientais estaduais não têm instrumentos técnicos nem laboratórios para ""contrapor"" as informações fornecidas por empresas fiscalizadas.Os órgãos ambientais não têm instrumentos para contrapor dados de empresas, diz secretária.Há um mês, uma barragem da Vale rompeu na cidade, levando uma enxurrada de lama à região."	"""Órgãos ambientais não têm instrumentos para contrapor dados de empresas, diz secretária""Rose Hofmann (Licenciamento Ambiental) deu declaração ao participar de audiência na Câmara sobre tragédia em Brumadinho. Segundo ela, fragilidade no sistema tem de ser aprimorada. A secretária de Licenciamento Ambiental e Desapropriações da Presidência da República, Rose Mirian Hofmann, afirmou nesta terça-feira (26) que os órgãos ambientais não têm instrumentos técnicos nem laboratórios para ""contrapor"" as informações fornecidas por empresas fiscalizadas.Rose Hofmann deu a declaração ao participar de uma audiência pública na Câmara dos Deputados sobre a tragédia em Brumadinho (MG).Há um mês, uma barragem da Vale rompeu na cidade, levando uma enxurrada de lama à região. De acordo com as autoridades locais, já foram confirmadas as mortes de 165 pessoas; outras 155 ainda estão desaparecidas.""Tanto o Ibama quanto a maior parte dos órgãos ambientais estaduais não têm instrumentos técnicos nem laboratórios para fazer análises de forma a contrapor o que o empreendedor informa"", afirmou a secretária.Ao fazer a afirmação, Rose Hofmann não mencionou um caso específico, ela falava sobre as ""limitações"" no atual sistema de licenciamento ambiental sobre gestão de riscos.A assessoria do Ibama foi procurada, e o G1 aguardava resposta até a última atualização desta reportagem.Após participar da audiência na Câmara, Rose Hofmann afirmou em entrevista ao G1 que as agências reguladoras têm a mesma ""fragilidade"" dos órgãos ambientais.""A mesma fragilidade acontece com a agência reguladora, e por isso que se chama assimetria de informação entre o poder público e privado"", afirmou.Rose Hofmann afirmou, ainda, que há limitação de profissionais especializados nos órgãos ambientais federais.Segundo a secretária, há cargos que exigem somente prova técnica, sem levar em consideração a formação acadêmica do profissional.De acordo com Rose, isso causa ""limitação"" no quadro de profissionais. ""Se o Ibama tivesse que fazer hoje uma vistoria técnica nas barragens, assim como o agente fiscalizador hoje faz, haveria limitação de quadro no que se refere à capacidade técnica"", disse. "	-1
113	PGR mantém na 1ª instância inquérito sobre Flávio Bolsonaro por lavagem de dinheiro. Segundo a PF, senador fez negociações relâmpago de imóveis que resultaram em aumento patrimonial incompatível; ele nega. Caso também está na Procuradoria Regional Eleitoral do Rio. A Procuradora-Geral da República, Raquel Dodge, decidiu manter na Justiça Federal do Rio de Janeiro a investigação criminal que apura se o senador Flávio Bolsonaro (PSL-RJ) cometeu os crimes de lavagem de dinheiro e falsidade ideológica. 	"""PGR mantém na 1ª instância inquérito sobre Flávio Bolsonaro por lavagem de dinheiro""Segundo a PF, senador fez negociações relâmpago de imóveis que resultaram em aumento patrimonial incompatível; ele nega. Caso também está na Procuradoria Regional Eleitoral do Rio. A Procuradora-Geral da República, Raquel Dodge, decidiu manter na Justiça Federal do Rio de Janeiro a investigação criminal que apura se o senador Flávio Bolsonaro (PSL-RJ) cometeu os crimes de lavagem de dinheiro e falsidade ideológica.O inquérito mira ""negociações relâmpagos"" de imóveis que, segundo as investigações da Polícia Federal, resultaram em um aumento patrimonial incompatível de Flávio. As suspeitas dos investigadores são de que o filho do presidente lavou dinheiro por meio da compra de imóveis e declarou à Justiça Eleitoral o valor de um apartamento abaixo do preço real.Em nota enviada por sua assessoria de imprensa, Flávio Bolsonaro se disse vítima de ""perseguição"" e disse repudiar a ""tentativa de imputar irregularidades e crimes onde não há"".O caso estava nas mãos de Raquel Dodge desde o último dia 6, para que ela decidisse se encaminharia o caso ao Supremo Tribunal Federal (STF) ou se manteria as apurações na primeira instância.Ao analisar o inquérito, a procuradora-geral considerou que os fatos investigados ocorreram em um período anterior ao mandato de senador exercido por Flávio e, por isso, não têm relação com o cargo.Em maio do ano passado, o STF reduziu o alcance do foro privilegiado de deputados e senadores somente para aqueles processos sobre crimes ocorridos durante o mandato e relacionados ao exercício do cargo parlamentar.Além da investigação criminal, as ""negociações relâmpago"" também são investigadas sob o ponto de vista eleitoral e estão nas mãos da Procuradoria Regional Eleitoral do Rio de Janeiro. "	-1
114	"""De hoje não passa"", diz Mourão sobre definição do caso Bebianno. ""Bebianno, eu acho que vai ser exonerado pelo presidente"". ""Desde a semana passada, Bebianno tem vivido uma crise dentro do governo"". ""A demissão dele pelo presidente é considerada certa por integrantes do Palácio do Planalto""."	"""De hoje não passa, diz Mourão sobre definição do caso Bebianno""Vice-presidente afirmou ainda que acha que ministro da Secretaria-Geral da Presidência vai ser exonerado. Bebianno vive crise dentro do governo, e demissão é dada como certa.   O vice-presidente Hamilton Mourão disse nesta segunda-feira (18) que uma definição do caso do ministro Gustavo Bebianno, da Secretaria-Geral da Presidência, ""de hoje não passa"".Desde a semana passada, Bebianno tem vivido uma crise dentro do governo. Começou com relatos de candidatos ""laranjas"" do PSL, partido presidido por ele, e atingiu o ápice após um desgaste com o filho do presidente Jair Bolsonaro, Carlos Bolsonaro. A demissão dele pelo presidente é considerada certa por integrantes do Palácio do Planalto.Mourão foi abordado pela imprensa ao chegar no início da tarde ao seu gabinete no Palácio do Planalto. O ministro foi questionado sobre a situação de Bebianno.""Bebianno, eu acho que vai ser exonerado pelo presidente"", respondeu Mourão.Em seguida, houve uma pergunta de quando o presidente Jair Bolsonaro faria o anúncio da decisão.""Hoje, hoje. De hoje não passa"", respondeu o vice-presidente.No início da semana passada, reportagem da ""Folha de S.Paulo"" revelou repasse do PSL de R$ 400 mil de recursos públicos do fundo partidário para uma candidata de Pernambuco suspeita de ser ""laranja"". Bebianno era o presidente do partido durante as eleições e, segundo a reportagem, autorizou os repasses.Dias depois, para negar que houvesse crise por causa da denúncia do jornal, Bebianno disse que tinha conversado três vezes com Jair Bolsonaro enquanto o presidente ainda estava internado em São Paulo.Em uma rede social, o vereador Carlos Bolsonaro classificou a afirmação de Bebianno como ""mentira absoluta"". Depois, Jair Bolsonaro compartilhou as mensagens do filho na mesma rede social.Na sexta-feira (15), Bolsonaro e Bebianno se encontraram pela primeira vez depois do episódio. Apesar dos apelos de ministros para que a crise fosse encerrada, o clima continuou tenso, mesmo depois de um encontro reservado entre os dois. Bolsonaro apontou Bebianno como o responsável por vazamentos de informações do governo para a imprensa.Na madrugada de sábado, o ministro reproduziu um texto sobre lealdade em uma rede social. Bolsonaro recebeu ministros no Palácio da Alvorada ao longo do dia. Entre eles, não estava Bebianno.Sobre os repasses do PSL para candidatos supostamente ""laranjas"", Bebianno disse que não escolhia os candidatos do partido nos estados. Essa atribuição, segundo ele, cabia aos diretórios regionais. "	-1
115	"""Candidata do PSL em MG diz que ex-assessor de ministro do Turismo pediu cheque em branco em troca de verba para campanha"", Ela afirma que teria de devolver R$ 90 mil dos R$ 100 mil que receberia do partido. MP Eleitoral e PF investigam 5 casos por suspeitas de irregularidades envolvendo dinheiro público de campanha. ""Candidata do PSL em MG diz que ex-assessor de ministro do Turismo pediu cheque em branco em troca de verba para campanha"", As autoridades de Minas Gerais inves tigam ao menos outras cinco candidaturas do PSL, partido do presidente Jair Bolsonaro, por suspeita de irregularidades envolvendo dinheiro público de campanha."	"""Candidata do PSL em MG diz que ex-assessor de ministro do Turismo pediu cheque em branco em troca de verba para campanha""Ela afirma que teria de devolver R$ 90 mil dos R$ 100 mil que receberia do partido. MP Eleitoral e PF investigam 5 casos por suspeitas de irregularidades envolvendo dinheiro público de campanha. Outra postulante acusa diretamente o ministro de participar do esquema. Uma candidata a deputada federal pelo PSL de Minas Gerais afirmou ao Ministério Público Eleitoral ter recebido, de um então assessor do hoje ministro do Turismo, Marcelo Álvaro Antônio, uma proposta para repassar a outros candidatos R$ 90 mil dos R$ 100 mil que receberia para fazer campanha em 2018. A informação foi divulgada pelo jornal ""Folha de S.Paulo"" e confirmada pela TV Globo.As autoridades de Minas Gerais investigam ao menos outras cinco candidaturas do PSL, partido do presidente Jair Bolsonaro, por suspeita de irregularidades envolvendo dinheiro público de campanha.Uma das suspeitas é que algumas das candidatas sejam ""laranjas"", ou seja, tenham servido para o repasse de verba eleitoral para outros candidatos. O ministro do Turismo era o presidente do PSL no estado à época das eleições de 2018. Ele nega irregularidades.No caso das candidaturas de laranjas, a suspeita é que partidos as inscreveram sem a intenção de que elas fossem, de fato, eleitas. Isso porque o Tribunal Superior Eleitoral decidiu que pelo menos 30% dos recursos do fundo eleitoral devem ser destinados a candidaturas femininas.Uma sétima candidata, Zuleide de Oliveira, acusa o próprio ministro do Turismo de ter feito a ela uma proposta semelhante: receber R$ 60 mil e devolver R$ 45 mil. Álvaro Antônio diz que ela ""mente descaradamente"". Zuleide Oliveira deve ser ouvida nos próximos dias pela Polícia Federal a pedido do Ministério Público.Adriana Maria Moreira Borges foi ouvida pelo MP na condição de testemunha. Ela conta que a proposta foi feita por Roberto Silva Soares, à época assessor parlamentar de Álvaro Antônio, então deputado federal. Hoje, Soares é secretário-geral do PSL em Minas Gerais.O esquema que a candidata relatou ao Ministério Público era o seguinte: o partido repassaria a ela R$ 100 mil. Adriana poderia ficar com R$ 10 mil e, em troca, entregaria nove cheques em branco para que fossem usados para pagar despesas de outros candidatos.Adriana disse, no mesmo depoimento, que não aceitou as condições e que acabou recebendo do partido R$ 4 mil.De acordo com o Jornal Hoje, ela participou de um evento do PSL em Belo Horizonte quando mulheres foram convidadas a se registrar como pré-candidatas. O ministro do turismo esteve presente na reunião, segundo Adriana.Depois que a candidatura a deputada federal foi aprovada, ela foi orientada pelo partido a abrir três contas bancárias, uma exclusiva para recursos do fundo partidário.Adriana foi ouvida como testemunha da investigação da promotoria e Polícia Federal sobre os casos de outras cinco mulheres.Em convenção, o partido decidiu que 30% dos recursos do fundo especial para financiamento de campanha seriam repassados às candidatas mulheres com valores definidos pela executiva nacional.Segundo o TSE, o PSL recebeu na eleição passada R$ 9,2 milhões.Em nota, Roberto Soares negou as acusações. ""Posso te afirmar com 100% de certeza que essa senhora está mentindo. Lamentavelmente existe uma campanha de difamação na tentativa de atingir o Ministro Marcelo Álvaro Antonio e o presidente Bolsonaro com denúncias sem fundamento"", disse ele.Ainda segundo Roberto, Adriana queria que ele a ajudasse a conseguir algum cargo no governo, o que não aconteceu. Roberto disse ainda que irá processá-la por falsas acusações.O Ministério do Turismo foi procurado na manhã desta sexta, mas retornou.O caso das candidaturas suspeitas de serem laranjas foi revelado pelo jornal ""Folha de S.Paulo"". Além de Álvaro Antônio, as denúncias causaram uma crise que atingiu Gustavo Bebbiano, que acabou exonerado do cargo de secretário-geral da Presidência da República.Após a divulgação do caso, o ministro do Turismo chegou a pedir que as investigações fossem transferidas da Justiça de Minas Gerais para o Supremo Tribunal Federal (STF). Ao analisar o caso, o ministro Luiz Fux negou o pedido, e os advogados de Antônio recorreram.Na quinta-feira (7), entretanto, a defesa desistiu desse novo pedido. Em nota, os advogados afirmaram que o ministro não autorizou o recurso e determinou que ele fosse cancelado.No caso de Bebianno, as suspeitas surgiram em Pernambuco, onde a candidata a deputada federal pelo PSL Lourdes Paixão recebeu R$ 400 mil de verba pública eleitoral, mais do que o repassado para a campanha de Bolsonaro, e obteve 274 votos nas eleições de 2018.Nesta quinta, o Tribunal Regional Eleitoral pernambucano autorizou a PF a abrir um inquérito sobre o caso, o que será feito nos próximos dias, segundo a polícia.Durante as eleições, Bebianno era presidente nacional do PSL, mas ele negou que tenha sido responsável pela escolha dos candidatos que receberam dinheiro do fundo partidário em Pernambuco. "	-1
116	"""Essa conta não pode vir para a gente, não pode vir para o nosso governo. Porque nós assumimos faz 30 dias. É uma empresa privada, a Vale é uma empresa privada. Tem que apurar o que houve."" ""Era considerada a barragem de menor grau de risco."" ""Moradores tiveram que deixar as casas e, segundo os Bombeiros, cerca de 200 pessoas estão desaparecidas."""	"""Essa conta não pode vir para a gente, diz vice Mourão sobre rompimento de barragem""Vice-presidente comentou tragédia em Brumadinho (MG). Barragem de mineradora rompeu, e mar de lama invadiu região. Bolsonaro disse que sobrevoará região neste sábado (26). O vice-presidente da República, Hamilton Mourão, afirmou nesta sexta-feira (25) que a ""conta"" do rompimento de uma barragem em Brumadinho (MG) ""não pode ir"" para o atual governo.Mais cedo, nesta sexta, uma barragem da mineradora Vale rompeu, e um mar de lama atingiu a região. Moradores tiveram que deixar as casas e, segundo os Bombeiros, cerca de 200 pessoas estão desaparecidas.""Essa conta não pode vir para gente, não pode vir para o nosso governo. Porque nós assumimos faz 30 dias. É uma empresa privada, a Vale é uma empresa privada. Tem que apurar o que houve. Era considerada a barragem de menor grau de risco"", disse Mourão.Em nota, a Vale já disse que ""lamenta profundamente"" o acidente e está empenhando ""todos os esforços"" no socorro e apoio aos atingidos.""Ainda não há confirmação sobre a causa do acidente. A prioridade máxima da empresa, neste momento, é apoiar nos resgates para ajudar a preservar e proteger a vida de empregados, próprios e terceiros, e das comunidades locais"", afirmou a mineradora na nota.Em um pronunciamento no Palácio do Planalto, o presidente Jair Bolsonaro afirmou que sobrevoará neste sábado (26) a região atingida para, após ""reavaliar"" os danos, adotar ""todas as medidas cabíveis"". "	-1
117	TCU manda inspecionar Receita para apurar investigação sobre Gilmar Mendes. O ministro Bruno Dantas determinou a inspeção nesta terça-feira (26) atendendo a pedido do MP. TCU vai apurar eventual desvio de finalidade das atividades da Receita. O ministro Bruno Dantas do Tribunal de Contas de União (TCU) determinou uma inspeção na Secretaria da Receita para apurar eventual irregularidade no uso de recursos públicos e desvio de finalidade das atividades do órgão em razão de apuração interna envolvendo o ministro Gilmar Mendes, do Supremo Tribunal Federal (STF) e outras autoridades.	"""TCU manda inspecionar Receita para apurar investigação sobre Gilmar Mendes""Ministro Bruno Dantas determinou a inspeção nesta terça-feira (26) atendendo a pedido do MP. TCU vai apurar eventual desvio de finalidade das atividades da Receita. O ministro Bruno Dantas do Tribunal de Contas de União (TCU) determinou uma inspeção na Secretaria da Receita para apurar eventual irregularidade no uso de recursos públicos e desvio de finalidade das atividades do órgão em razão de apuração interna envolvendo o ministro Gilmar Mendes, do Supremo Tribunal Federal (STF) e outras autoridades. A decisão é desta terça-feira (26).O ministro atendeu a pedido de fiscalização do subprocurador-geral do Ministério Público junto ao TCU Lucas Rocha Furtado. O procurador pediu apuração a partir de informações publicadas na imprensa de que uma equipe especial da Receita teria sido destacada para apurar supostas fraudes envolvendo o patrimônio do ministro do STF e de outras autoridades. A equipe teria verificado indícios de ocultação de patrimônio, tráfico de influência e lavagem de dinheiro.A decisão do ministro Bruno Dantas determina à Secretaria de Controle Externo da Previdência e da Assistência Social do TCU (Secex Previdência) a ""imediata inspeção"" na Secretaria da Receita para ""avaliar a legalidade, a legitimidade e a eficiência da realização desse tipo de atividade investigativa"".O ministro também determina apuração sobre o ""possível impacto financeiro do desvio"" de atividade da equipe da Receita e a ""eficácia dos controles internos"" da instituição estabelecidos para prevenir esse tipo de desvio.O caso também está sendo investigado em outras duas frentes: de forma disciplinar, pela própria Receita Federal e na esfera criminal, pela Procuradoria-Geral da República (PGR).Conforme a representação do procurador encaminhada ao TCU, não cabe à Receita fazer análises na área criminal, mas sim ao Ministério Público e à Polícia Federal.Para o procurador, caso se confirme que os auditores fizeram a apuração, isso representa ""flagrante desvio de finalidade pública"" da Receita Federal, o que levaria ao ""dispêndio indevido e injustificado de expressivos recursos públicos"".Segundo o ministro Bruno Dantas, a inspeção na Receita pode revelar um quadro de ""completo descontrole"" dos processos de trabalho da Receita.""A se comprovar tudo que foi afirmado pelo ilustre Membro do Ministério Público de Contas, os anos a fio em que a Receita Federal foi autorizada por decisões judiciais a negar o acesso do TCU a seus processos de trabalho podem ter resultado um quadro de completo descontrole"", disse o ministro.Na última segunda-feira (25), o coordenador de Programação da Atividade Fiscal da Receita Federal, Pedro Menezes Bastos, informou à PGR que é ""genérica"" a suspeita de crimes apontados em relatório do órgão em relação ao patrimônio do ministro Gilmar Mendes. Ele afirmou ainda que não há indícios concretos.Bastos disse ainda que houve vazamento ilegal do procedimento sobre Mendes, revelado pela revista ""Veja"".O secretário da Receita Federal, Marcos Cintra, determinou à corregedoria do órgão a apuração do caso e disse que haverá punições. ""Um vazamento lamentável mas que já está sendo apurado. As ações punitivas vão acontecer"", afirmou Cintra ao deixar o Palácio do Planalto no fim da manhã desta segunda. "	-1
118	Após tragédia em MG, Moro avalia lei para agravar pena em caso de crime ambiental com morte. O ministro da Justiça, Sérgio Moro, avalia com a equipe técnica da pasta propor ao Congresso Nacional uma lei para agravar a pena em caso de crime ambiental com morte. O ministro da Justiça, Sérgio Moro, avalia com a equipe técnica da pasta propor ao Congresso Nacional uma lei para agravar a pena em caso de crime ambiental com morte.	"""Após tragédia em MG, Moro avalia lei para agravar pena em caso de crime ambiental com morte""Barragem rompeu em Brumadinho na semana passada, levando enxurrada de lama à região; 84 pessoas morreram. Ministro também avalia propor mudanças no Código de Processo Penal. O ministro da Justiça, Sérgio Moro, avalia com a equipe técnica da pasta propor ao Congresso Nacional uma lei para agravar a pena em caso de crime ambiental com morte.O tema começou a ser analisado em razão da tragédia em Brumadinho (MG). Na semana passada, uma barragem da mineradora Vale rompeu na cidade, levando uma enxurrada de lama à região.As autoridades locais já confirmaram a morte de 84 pessoas; outras 276 estão desaparecidas.Diante disso, Moro informou à GloboNews que também avalia enviar ao Congresso uma proposta para alterar o Código de Processo Penal, abrindo a possibilidade de prisão preventiva (sem prazo determinado) em caso de crime culposo (involuntário) seguido de morte.À GloboNews, Moro ressaltou que a avaliação sobre possíveis alterações na legislação não significa antecipação de julgamento sobre o ocorrido em Brumadinho.A intenção, disse, é avaliar a viabilidade de tornar a legislação mais rigorosa de forma a atacar um dos lados mais cruéis de tragédias reincidentes: a impunidade.O rompimento da barragem em Mariana, há três anos, é emblemático. Nesse caso, quase nada se avançou no sentido de punição aos culpados.O ministro não deu prazo para a conclusão do estudo. "	-1
119	O ministro Alexandre de Moraes, do Supremo Tribunal Federal (STF), autorizou abertura de um inquérito para investigar o deputado federal Stefano Aguiar (PSD-MG).; Há indícios de que o deputado utilizou parte da cota parlamentar para fins particulares por meio de pagamentos a um escritório de advocacia.; A defesa do deputado afirma que os pagamentos se referem a relatórios produzidos pelo	"""Ministro do STF autoriza inquérito para investigar deputado Stefano Aguiar""Procuradoria quer apurar suposto uso de verba pública para pagamento de despesa privada. Defesa do deputado diz que escritório contratado subsidia atuação legislativa dele. O ministro Alexandre de Moraes, do Supremo Tribunal Federal (STF), autorizou abertura de um inquérito para investigar o deputado federal Stefano Aguiar (PSD-MG).Alexandre de Moraes atendeu a um pedido da Procuradoria Geral da República (PGR). Este foi o primeiro pedido de abertura de inquérito referente à nova legislatura, que começou em 1º de fevereiro.De acordo com a Procuradoria da República de Minas Gerais, há indícios de que o deputado utilizou parte da cota parlamentar para fins particulares por meio de pagamentos a um escritório de advocacia. Os procuradores afirmam que R$ 867.520 foram repassados ao escritório entre agosto de 2012 e dezembro de 2018.A defesa do deputado afirma que os pagamentos se referem a relatórios produzidos pelo escritório que contêm análises sobre projetos de lei entregues à Câmara dos Deputados. Acrescentam que esses relatórios subsidiam a atuação legislativa de Aguiar.Os advogados disseram, ainda, que os serviços particulares prestados pelo escritório são pagos com recursos do deputado.A PGR afirma que os pareceres não têm data e poderiam ser elaborados ""por um secretário parlamentar sem formação jurídica"", o que ""sugere que podem ter sido confeccionados apenas para justificar o dispêndio do recurso público"".A procuradora-geral da República, Raquel Dodge, pediu ao STF a instauração do inquérito, a oitiva de testemunhas e o envio de todas as notas fiscais para o desembolso da verba pela Câmara. As diligências foram autorizadas pelo ministro. "	-1
120	Presidente teve alta da unidade semi-intensiva nesta segunda. Uma pneumonia foi diagnosticada no último dia 7 e está quase sanada, segundo a equipe médica. Presidente teve alta da unidade semi-intensiva nesta segunda. Uma pneumonia foi diagnosticada no último dia 7 e está quase sanada, segundo a equipe médica. Presidente teve alta da unidade semi-intensiva nesta segunda. Uma pneumonia foi diagnosticada no último dia 7 e está quase sanada, segundo a equipe médica.	"""Bolsonaro está sem dor abdominal e quadro pulmonar encontra-se em resolução, diz boletim médico ""Presidente teve alta da unida semi-intensiva nesta segunda. Uma pneumonia foi diagnosticada no último dia 7 e está quase sanada, segundo a equipe médica.  O presidente Jair Bolsonaro (PSL) mantém ""boa evolução clínica, está sem febre, sem dor abdominal e o quadro pulmonar encontra-se em resolução"", segundo boletim médico divulgado nesta terça-feira (12) pelo Hospital Albert Einstein onde ele está internado desde o dia 27 de janeiro.De acordo com a equipe médica, exames mostraram que ele está quase curado da pneumonia que foi diagnosticada no último dia 7.""Segue com dieta leve e suplemento nutricional, com boa tolerabilidade. Prossegue realizando exercícios respiratórios e de fortalecimento muscular, alternados a períodos de caminhada. Por ordem médica, as visitas permanecem restritas"", diz o texto.Nesta segunda-feira (11), Bolsonoro recebeu alta da unidade de terapia semi-intensiva. Ele teve a nutrição parenteral suspensa com a introdução da dieta leve, sendo mantido o suplemento nutricional.Segunda-feira (28/1)Jair Bolsonaro foi submetido a uma cirurgia para retirada da bolsa de colostomia no Hospital Albert Einstein, na Zona Sul de São Paulo. O procedimento terminou após sete horas e ocorreu ""com êxito"", segundo informou o Palácio do Planalto. O vice-presidente Hamilton Mourão assumiu a Presidência da República por dois dias.De acordo com o boletim médico divulgado pelo hospital, a cirurgia foi realizada ""sem intercorrências e sem necessidade de transfusão de sangue"". Foi realizada uma ""anastomose do íleo com o cólon transverso"", que é a união do intestino delgado com uma parte do intestino grosso. Foram retirados de 20 a 30 centímetros do intestino grosso de Bolsonaro na parte que ligava o intestino delgado à bolsa de colostomia.Terça-feira (29/1)Bolsonaro seguiu na UTI do Hospital Albert Einstein após a retirada da bolsa de colostomia. Ele recebeu analgésicos para controle da dor e não apresentou sangramentos ou complicações, ficando sem febre ou sinais de infecção.Quarta-feira (30/1)Bolsonaro reassumiu a Presidência da República e passou a despachar de um escritório que foi montado no mesmo andar onde está internado no Hospital Albert Einstein, na Zona Sul de São Paulo.Quinta-feira (31/1)O porta-voz da presidência, Otávio do Rêgo Barros, disse que Bolsonaro estava tentando se manter sem falar, mas a recomendação médica era difícil de ser acolhida: ""O presidente é difícil, ele está falando já. A despeito do médico dizer para ele ficar calado, ele já está falando"".Sexta-feira (1º/2)O boletim médico do dia informou que Bolsonaro teve boa evolução clínica. ""Já apresenta sinais de início dos movimentos intestinais"". ""Segue com dieta parenteral (endovenosa) exclusiva, sem infecção ou outras complicações. Realiza fisioterapia respiratória e períodos de caminhada fora do quarto. Por ordem médica, o paciente segue com visitas restritas.""Sábado (2/2)O presidente teve náuseas e vômito, e os médicos precisaram colocar uma sonda nasogástrica.Domingo (3/2)Bolsonaro continuou usando uma sonda nasogástrica aberta, com evolução clínica estável. De acordo com o boletim médico, o presidente ficou sem dor e sem sinais de infecção. Bolsonaro foi submetido a uma tomografia de abdômen que descartou complicações cirúrgicas. Ele ficou em jejum oral e nutrição parenteral exclusiva.Segunda-feira (4/2)Bolsonaro teve elevação na temperatura, passou a tomar antibiótico e a alta prevista para quarta-feira (6) foi adiada. O boletim médico informou que o presidente passou a tomar antibióticos e foram realizados novos exames de imagem. Identificou-se uma coleção líquida ao lado do intestino na região da antiga colostomia. Foi submetido à punção guiada por ultrassonografia e permaneceu com dreno no local. O presidente apresentou movimentos intestinais e teve dois episódios de evacuação.Terça-feira (5/2)O presidente teve melhora do seu estado de saúde e começou a receber líquido por via oral. Bolsonaro apresentou aumento da movimentação intestinal, o que possibilitou o início de injeção de líquido por via oral. ""Os exames laboratoriais apresentam melhora. O paciente segue com antibióticos e dreno no abdome"", disse o boletim médico.Quarta-feira (6/2)O presidente apresentou quadro clínico estável, sem dor ou febre, com melhora dos exames laboratoriais e de imagem. Ele também voltou a caminhar no corredor do Hospital Albert Einstein.Quinta-feira (7/2)Segundo boletim médico, Bolsonaro teve um episódio de febre e uma tomografia no tórax detectou uma pneumonia. Segundo os exames, a pneumonia teve origem bacteriana. Foi acrescentado um novo antibiótico no tratamento do presidente.Sexta-feira (8/2)Bolsonaro retirou o dreno colocado no seu abdômen e a sonda nasogástrica. Ele também se alimentou pela primeira vez.Sábado (9/02)Bolsonaro começa dieta cremosa e tem melhora nos resultados do raio-x dos pulmões.Domingo (10/02)Presidente mantém boa evolução clínica, não tem febre e o quadro pulmonar apresenta melhora significativa. Ele prosseguiu com os mesmos antibióticos e iniciou a redução gradativa da nutrição parenteral (endovenosa), mantendo dieta cremosa associada ao suplemento nutricional especializado por via oral. ""Segue realizando exercícios respiratórios e de fortalecimento muscular, alternados a períodos de caminhada"", dizia o boletim médico.Segunda (11/02)Bolsonaro tem alta da unidade semi-intensiva e vai para o quarto. "	-1
121	"""Previdência: proposta é de idade mínima de 65 anos para homens e 62 para mulheres, diz secretário.""Previdência: proposta é de idade mínima de 65 anos para homens e 62 para mulheres, diz secretário.Previdência: proposta é de idade mínima de 65 anos para homens e 62 para mulheres, diz secretário."	"""Previdência: proposta é de idade mínima de 65 anos para homens e 62 para mulheres, diz secretário""Bolsonaro tomou decisão em reunião com ministros, informou Rogério Marinho. Período de transição previsto é de 12 anos. Presidente assinará proposta no dia 20. O secretário de Previdência e Trabalho do Ministério da Economia, Rogério Marinho, afirmou nesta quinta-feira (14) que a proposta do governo de reforma da Previdência Social vai prever idade mínima de aposentadoria de 65 anos para homens e de 62 anos para mulheres ao final de um período de transição de 12 anos.Segundo ele, a proposta será assinada pelo presidente Jair Bolsonaro e enviada ao Congresso Nacional na próxima quarta-feira (20).Por se tratar de proposta de emenda à Constituição (PEC), a reforma precisa do apoio mínimo de três quintos dos deputados (308 dos 513) para ser aprovada e enviada ao Senado.Atualmente, é possível se aposentarSegundo Rogério Marinho, Bolsonaro tomou ""a decisão final"" sobre a proposta em reunião na tarde desta quinta, no Palácio da Alvorada, com os ministros Paulo Guedes (Economia), Onyx Lorenzoni (Casa Civil) e Carlos Alberto dos Santos Cruz (Secretaria de Governo).""Hoje o presidente diante das informações que recebeu tomou a decisão final. O texto está pronto"", disse o secretário.Segundo Marinho, Bolsonaro pediu que, em princípio, fossem divulgadas apenas ""algumas"" informações. O inteiro teor do texto será conhecido no dia 20, informou o secretário.""O presidente defendia 65 [anos para homens] e 60 anos [para mulheres] e uma transição mais longa. Nós conversamos com ele, e o presidente tem sensibilidade. Entendeu também as condições da economia. E fez a distinção do gênero. Ele acha importante que a mulher se aposente com menos tempo de contribuição e trabalho do que o homem e nós conseguimos encurtar um pouco essa questão da transição"", afirmou Marinho.Marinho afirmou esperar que a proposta seja ""brevemente"" aprovada pelo Congresso Nacional. ""O Brasil precisa e tem pressa de voltar a crescer"", declarou.No último dia 5, o ministro ministro Paulo Guedes afirmou que a intenção com a reforma da Previdência é obter uma economia de R$ 1 trilhão em dez anos. Mas Marinho não informou se, de fato, a cifra estimada no projeto será mesmo essa. "	-1
122	PF abre inquérito para investigar suposta candidata-laranja do PSL em PE. A candidata recebeu R$ 400 mil de verba pública nas eleições de 2018, mais do que o repassado para a campanha de Jair Bolsonaro à Presidência. Ela obteve 274 votos.	"""PF abre inquérito para investigar suposta candidata-laranja do PSL em PE""Candidata recebeu R$ 400 mil de verba pública nas eleições de 2018, mais do que o repassado para a campanha de Jair Bolsonaro à Presidência. Ela obteve 274 votos. A Polícia Federal (PF) abriu inquérito para investigar o caso de Maria de Lourdes Paixão, candidata do PSL a deputada federal nas eleições 2018 suspeita de ter atuado como ""laranja"".A candidata recebeu R$ 400 mil de verba eleitoral doada pelo PSL nacional nas eleições de 2018, mais do que o repassado para a campanha de Jair Bolsonaro à Presidência. Ela obteve 274 votos.As investigações serão conduzidas pela Polícia Federal de Pernambuco. Em casos de apuração de crimes eleitorais, a PF somente inicia as investigações após requisições feitas pela Justiça Eleitoral.A partir de agora, a Polícia Federal terá acesso a depoimentos e documentos da investigação iniciada pelo Ministério Público Eleitoral.Lourdes prestou depoimento à PF no Recife no dia 20 de fevereiro. A candidata também é investigada pela Polícia Civil de Pernambuco, que apura o possível desvio de dinheiro público.A denúncia sobre suspeita do uso de ""laranja"" foi o estopim de uma crise no governo federal, que resultou na demissão de Gustavo Bebianno da Secretaria-Geral da Presidência.Durante as eleições, Bebianno era presidente nacional do PSL, mas ele negou que tenha sido responsável pela escolha dos candidatos que receberam dinheiro do fundo partidário em Pernambuco. "	-1
123	O corregedor volta a proibir pagamento de auxílios a juízes sem autorização do CNJ. A medida foi tomada após o Tribunal de Justiça de Pernambuco determinar o pagamento imediato e integral de auxílio-alimentação retroativo a 2011 a desembargadores e juízes, sem qualquer restrição aos períodos de licença e férias. O corregedor suspendeu os pagamentos até decisão final do CNJ sobre o caso e determinou que o presidente do tribunal, desembargador Adalberto de Oliveira Melo, apresente informações sobre os valores no prazo de dez dias.	"""Corregedor volta a proibir pagamento de auxílios a juízes sem autorização do CNJ"" O corregedor nacional de Justiça, ministro Humberto Martins, decidiu nesta quinta-feira (21) voltar a proibir pagamento de auxílios a magistrados e servidores de todo o país sem prévia autorização do Conselho Nacional de Justiça (CNJ).A medida foi tomada após o Tribunal de Justiça de Pernambuco determinar o pagamento imediato e integral de auxílio-alimentação retroativo a 2011 a desembargadores e juízes, sem qualquer restrição aos períodos de licença e férias.O corregedor suspendeu os pagamentos até decisão final do CNJ sobre o caso e determinou que o presidente do tribunal, desembargador Adalberto de Oliveira Melo, apresente informações sobre os valores no prazo de dez dias.Em dezembro, o CNJ editou uma recomendação para que tribunais se abstivessem de pagar verbas sem autorização prévia do conselho, incluindo auxílio-moradia, transporte, alimentação ou qualquer outra que viesse a ser instituída ou majorada, ou ainda relacionada a valores atrasados, mesmo baseada em lei estadual.Na semana passada, o ministro Humberto Martins concedeu liminar (decisão temporária) para suspender a recomendação a pedido da Associação dos Magistrados Brasileiros (AMB).Segundo Martins, embora não viole a autonomia dos tribunais, podem gerar efeitos sobre leis estaduais, que gozam de validade.A suspensão valeria até a análise do pedido de providências pelo plenário do CNJ, mas o corregedor decidiu revogá-la com base nos casos levados pelos conselheiros.O corregedor do CNJ afirma que a suspensão tem sido interpretada erroneamente pelos tribunais.""Diante dessa constatação, impõe-se que seja mesmo revogada a liminar, devolvendo-se à recomendação 31 seus integrais efeitos, até que seja analisada pelo plenário do CNJ"", escreveu. "	-1
124	Governo propõe idade mínima de 60 anos para aposentadoria de professores. A regra atual não determina idade mínima de aposentadoria para a categoria. Governo também quer unificar em 30 anos tempo de contribuição mínimo de professores e professoras. A proposta de reforma da Previdência apresentada nesta quarta-feira (20) pelo governo Jair Bolsonaro quer fixar em 60 anos a idade mínima para professores se aposentarem.	"""Governo propõe idade mínima de 60 anos para aposentadoria de professores""\nRegra atual não determina idade mínima de aposentadoria para a categoria. Governo também quer unificar em 30 anos tempo de contribuição mínimo de professores e professoras. A proposta de reforma da Previdência apresentada nesta quarta-feira (20) pelo governo Jair Bolsonaro quer fixar em 60 anos a idade mínima para professores se aposentarem. Atualmente, as regras previdenciárias não preveem idade mínima para a aposentadoria da categoria.A proposta também pretende unificar em 30 anos o tempo de contribuição necessário para a aposentadoria de professores e professoras. Até o momento, o tempo de contribuição previsto em lei para os docentes é de 25 anos para mulheres e de 30 anos para homens.Em entrevista na qual técnicos do governo explicaram nesta quarta-feira a Proposta de Emenda Constitucional (PEC), o secretário de Previdência do Ministério da Economia, Leonardo Rolin, defendeu que a aposentadoria de categorias especiais não deve diferenciar a questão de gênero.""A aposentadoria tem regras especiais por conta da atividade em si, e não por conta do gênero. Vários países têm regras especiais para professores, o Brasil não é o único, mas é o único que trata professores e professoras de forma diferente"", enfatizou o secretário.Regra atualRegra propostaAinda de acordo com Leonardo Rolin, se a proposta de reforma da Previdência for aprovada, o professor que atingir a idade mínima para se aposentar pelo regime geral _ que passará a ser de 62 anos para mulheres e 65 para homens _ poderá se aposentar com menos de 30 anos de contribuição. O tempo mínimo de contribuição no regime geral é de 20 anos.""Ele [professor] pode optar por se aposentar pelas regras do regime geral [com tempo de contribuição de 20 anos], mas aí precisa atingir a idade mínima necessária [62 anos para mulheres e 65 anos para homens]"", explicou o secretário de Previdência.A proposta de reforma da Previdência apresentada pelo governo Bolsonaro também quer alterar as regras de aposentadoria para os professores da rede pública de ensino.O texto prevê que, além de alcançar idade mínima de 60 anos, para se aposentar os docentes terão que ter 30 anos de contribuição e 10 anos de atuação no serviço público. Também será necessário 5 anos no cargo efetivo.A regra atual para professores da rede pública de ensino prevê idade mínima de 50 anos para mulheres e 55 anos para homens, com 10 anos de serviço público e 5 anos no cargo efetivo. "	-1
125	"""Os dependentes legais do médico intercambista estrangeiro não poderão exercer atividades remuneradas, com emissão de Carteira de Trabalho e Previdência Social pelo Ministério do Trabalho e Emprego"". "	" #Verificamos: É verdade que Bolsonaro quis impedir familiares de médicos estrangeiros de trabalhar no BrasilNa emenda, ele argumentou que objetivo era limitar o estabelecimento de vínculos permanentesCircula na internet a imagem de um documento que aparenta ser uma emenda à medida provisória apresentada em abril de 2016 pelo então deputado federal Jair Bolsonaro (na época do PSC-RJ), propondo que os familiares dos médicos estrangeiros participantes do programa Mais Médicos não pudessem tirar carteira de trabalho no Brasil. Por meio do projeto de verificação de notícias, usuários do Facebook solicitaram que esse material fosse analisado. Confira a seguir o trabalho de verificação da Lupa:""Os dependentes legais do médico intercambista estrangeiro não poderão exercer atividades remuneradas, com emissão de Carteira de Trabalho e Previdência Social pelo Ministério do Trabalho e Emprego""Texto que está na imagem que até as 18h30 do dia 19 de novembro de 2018 já tinha sido compartilhado mais de 30 vezes no Facebook (aqui e aqui, por exemplo)VERDADEIROO documento avaliado pela Lupa é real e pode ser encontrado no site da Câmara Federal. Trata-se de uma emenda que Jair Bolsonaro, então filiado ao PSC-RJ, apresentou para tentar alterar a Medida Provisória n° 723 de 2016. Nele, o parlamentar propunha que os dependentes legais do médico intercambista estrangeiro integrante do programa Mais Médicos fossem proibidos de exercer atividades remuneradas no Brasil e de ter a Carteira de Trabalho e Previdência Social emitida pelo Ministério do Trabalho e Emprego. A emenda foi rejeitada.Na justificativa, Bolsonaro escreveu que ""o intuito da presente emenda é limitar o estabelecimento de vínculos permanentes, por parte dos dependentes dos médicos intercambistas estrangeiros, vez que esses exercerão suas atividades em caráter temporário, conforme prevê o Programa Mais Médicos, instituído pela Lei n° 12.871, de 22 de outubro de 2013, do qual discordo em sua totalidade"".Na semana passada, o hoje presidente eleito informou que, entre outros itens, condicionava a continuidade de Cuba ao programa Mais Médicos à liberdade para [os médicos] trazerem suas famílias [para o Brasil]. Veja o tuíte a seguir:Condicionamos à continuidade do programa Mais Médicos a aplicação de teste de capacidade, salário integral aos profissionais cubanos, hoje maior parte destinados à ditadura, e a liberdade para trazerem suas famílias. Infelizmente, Cuba não aceitou.- Jair M. Bolsonaro (@jairbolsonaro) 14 de novembro de 2018Vale ressaltar que a Lei 12.871/2013, que instituiu e regulamentou o programa em questão indica que ""os dependentes legais do médico intercambista estrangeiro poderão exercer atividades remuneradas, com emissão de Carteira de Trabalho e Previdência Social (CTPS) pelo Ministério do Trabalho e Emprego"" e que ""o Ministério das Relações Exteriores poderá conceder o visto temporário (...) aos dependentes legais do médico intercambista estrangeiro, incluindo companheiro ou companheira, pelo prazo de validade do visto do titular"".*Nota: esta reportagem faz parte do projeto de verificação de notícias no Facebook. Dúvidas sobre o projeto? Entre em contato direto com o Facebook.Editado por: Chico Marés"	-1
126	Fábio Schvartsman apresentou atestado médico e solicitou nova data para comparecer à comissão do Senado. Depoimento estava previsto para a próxima quinta-feira (21). A convocação do executivo foi aprovada na última quarta-feira (13) na comissão parlamentar de inquérito criada para apurar o rompimento da barragem da Vale em Brumadinho (MG). A barragem da Mina Córrego do Feijão, na cidade de Brumadinho, se rompeu no dia 25 de janeiro.	"""Presidente afastado da Vale pede para adiar data de depoimento na CPI de Brumadinho ""Fábio Schvartsman apresentou atestado médico e solicitou nova data para comparecer à comissão do Senado. Depoimento estava previsto para a próxima quinta-feira (21). O presidente afastado da Vale, Fábio Schvartsman, encaminhou nesta segunda-feira (18) à CPI de Brumadinho um atestado médico e um documento em que pede à presidente da comissão, senadora Rose de Freitas (Pode-ES), o adiamento de depoimento inicialmente previsto para a próxima quinta-feira (21).A convocação do executivo foi aprovada na última quarta-feira (13) na comissão parlamentar de inquérito criada para apurar o rompimento da barragem da Vale em Brumadinho (MG). A comissão volta a se reunir nesta terça-feira (19) e deve analisar o pedido do executivo.A barragem da Mina Córrego do Feijão, na cidade de Brumadinho, se rompeu no dia 25 de janeiro. Centenas de pessoas morreram no desastre. Os rejeitos da mineradora também contaminaram o Rio Paraopeba, um dos afluentes do Rio São Francisco.Neste domingo (17), subiu para 206 o número de mortos identificados. De acordo com a Defesa Civil, outras 102 pessoas continuam desaparecidas.No documento apresentado à CPI, Schvartsman declarou que, apesar da ""disposição"" e do ""interesse"" em prestar depoimento, está ""impossibilitado"" de comparecer ao colegiado na próxima quinta. Ele afirmou que passou por uma cirurgia de catarata no último dia 14 de março.""Fui submetido à cirurgia de facetomia por facoemulsificação com implante de lente intra-ocular (LIO) no olho direito, necessitando, por recomendação médica, ficar em repouso durante sete dias contados a partir da data do procedimento"", diz o executivo.""Dessa forma, encareço a vossa excelência, [Rose de Freitas], a gentileza de reagendar a citada reunião para data futura, em oportunidade na qual, recuperado, estarei à disposição dessa CPI para prestar os devidos esclarecimentos referentes ao tema investigado"", completa Schvartsman.O atestado médico anexado ao pedido de adiamento é assinado pelo médico Walter Takahashi. Segundo o atestado, datado do dia 8 de março, o procedimento estava marcado para acontecer no dia 14 de março, no Hospital Albert Einstein.Na reunião da última quarta-feira, além do depoimento de Fábio Schvartsman, a CPI aprovou a convocação do presidente interino da Vale, Eduardo Bartolomeo. Ainda não há uma data agendada para o colegiado ouvir Bartolomeo. "	-1
127	Aliados de Bebianno dizem que ministro permanecerá no governo. A definição se deu pela manhã, após uma reunião dos ministros Onyx Lorenzoni (Casa Civil), Augusto Heleno (Segurança Institucional), Santos Cruz (Secretaria de Governo) e da deputada Joice Hasselmann (PSL-SP) com o presidente Jair Bolsonaro no Palácio da Alvorada.Também avaliaram que não se justificaria a	"""Aliados de Bebianno dizem que ministro permanecerá no governo"" Aliados do ministro Gustavo Bebianno, da Secretaria Geral da Presidência, disseram ao blog que ele permanecerá no governo.A definição se deu pela manhã, após uma reunião dos ministros Onyx Lorenzoni (Casa Civil), Augusto Heleno (Segurança Institucional), Santos Cruz (Secretaria de Governo) e da deputada Joice Hasselmann (PSL-SP) com o presidente Jair Bolsonaro no Palácio da Alvorada.Depois dessa reunião, o grupo se dirigiu ao Palácio do Planalto, onde se reuniu com Bebianno e informou o ministro da decisão presidencial.Ao sair do palácio para almoçar, Bebianno afirmou que não há crise no governo e disse não saber se permanecerá. Mas um dos participantes das duas reuniões informou que ele ficará no governo.Bolsonaro cedeu aos argumentos dos ministros, segundo os quais a saída de Bebianno neste momento dificultaria as negociações no Congresso para aprovação da reforma da Previdência.Também avaliaram que não se justificaria a dispensa de um aliado de primeira hora sem ouvir as explicações dele.A crise envolvendo Bebianno teve origem em reportagem do jornal ""Folha de S.Paulo"", que revelou a transferência durante a campanha eleitoral de R$ 400 mil de verba pública do fundo partidário para uma candidata ""laranja"" do PSL, partido do ministro e do presidente. Na ocasião, Bebianno era o presidente nacional da legenda. Em nota, ele disse que escolheu a candidata para receber o dinheiro.Depois, o vereador Carlos Bolsonaro, filho do presidente, postou mensagem em uma rede social dizendo que é uma ""mentira absoluta"" a afirmação de Bebianno ao jornal ""O Globo"" de que na última terça-feira (12) conversou três vezes com Jair Bolsonaro enquanto ele estava internado em um hospital em São Paulo. "	-1
128	"""Polícia prende suspeitos de matar Marielle, mas sem mandantes; MPF recua da ideia de criar fundação. Jornais de quarta (13)"" ""A prisão de Ronnie e Élcio Queiroz aconteceu após a deflagração da Operação Lume. Para a polícia, Ronnie foi o autor dos disparos contra Marielle e Anderson. Já Élcio Queiroz era o motorista do veículo Cobalt usado durante o ataque."""	"""Polícia prende suspeitos de matar Marielle, mas sem mandantes; MPF recua da ideia de criar fundação. Jornais de quarta (13)""Veja quais são as notícias de destaque nos matutinos brasileiros Os principais jornais repercutem a prisão do policial militar reformado Ronnie Lessa e do ex-policial militar Élcio Queiroz realizada nesta terça-feira (13) sob a acusação de serem os assassinos da vereadora Marielle Franco e de seu motorista, Anderson Gomes.O Globo enfatiza que o crime completa um ano nesta quinta (14) e, segundo o delegado Giniton Lages, a apuração de possíveis mandantes do crime será feita na segunda fase da investigação, ainda em curso.O matutino carioca explica que a prisão de Ronnie e Élcio aconteceu após a deflagração da Operação Lume. Para a polícia, Ronnie foi o autor dos disparos contra Marielle e Anderson. Já Élcio Queiroz era o motorista do veículo Cobalt usado durante o ataque.A Operação Lume também contou com 36 mandados de busca e apreensão. Em uma das casas, a de um amigo de Ronnie Lessa, foram encontrados 117 fuzis desmontados, a maior apreensão desse armamento já realizada no estado do Rio de Janeiro. ""Polícia prende acusados de matar Marielle, mas não aponta mandantes"", diz a manchete do Globo.O Estado de S.Paulo também dá destaque à prisão de Ronnie Lessa e de Élcio Queiroz e destaca que os dois foram denunciados por homicídio qualificado e tentativa de homicídio contra Fernanda Chaves, assessora de Marielle. O Estadão ressalta que, além da identificação de possíveis mandantes, a polícia ainda tenta descobrir a motivação do crime.Durante entrevista coletiva o delegado Giniton Lages afirmou que o crime pode ter sido motivado por ódio. Na mesma coletiva, o governador do Rio de Janeiro, Wilson Witzel, declarou que os dois presos serão convidados a fechar um acordo de delação premiada e enfatizou que as prisões são uma resposta do Estado para a sociedade.""É uma resposta importante que nós estamos dando para a sociedade: a elucidação de um crime bárbaro cometido contra uma parlamentar, uma mulher, no exercício de sua atividade democrática"", disse Witzel. ""Polícia prende 2 por morte de Marielle e busca mandante"", sublinha o título principal do Estadão.A Folha de S.Paulo mostra imagens dos policiais civis que participaram da operação carregando caixas com possíveis evidências que podem ajudar nas investigações. O matutino mostra que Ronnie Lessa foi preso em sua casa em um condomínio fechado, na Barra da Tijuca, zona oeste do Rio, onde o presidente Jair Bolsonaro também possui casa.Além disso, Ronnie Lessa tem foto com Bolsonaro em uma rede social. Questionado, o presidente afirmou que tem foto com milhares de policiais de todo o Brasil. Bolsonaro também afirmou que espera que as investigações cheguem ao mandante do crime. ""Espero que realmente a apuração tenha chegado de fato a esse, se é que foram eles os executores, e o mais importante, quem mandou matar"", disse o presidente. ""Polícia prende dois suspeitos do assassinato de Marielle"", destaca a manchete da Folha.Na sua primeira página, o Estadão repercute ainda a demissão do secretário executivo do Ministério da Educação (MEC), Luiz Antonio Tozi, realizada ontem após determinação do presidente Jair Bolsonaro. De acordo com o matutino, a demissão é resultado da guerra política instalada na pasta entre militares e seguidores do filósofo Olavo de Carvalho, grupos que lutam pelo poder dentro do ministério.O Estadão afirma que a guerra se intensificou após a carta enviada pelo MEC pedindo que alunos fossem filmados cantando o hino nacional. Na ocasião, o ministro Ricardo Vélez foi criticado e demitiu alguns integrantes do grupo de Olavo de Carvalho, os chamados olavistas.O matutino paulista lembra que, desde a última semana, sete funcionários já foram afastados do MEC e nem mesmo Ricardo Vélez está garantido no cargo depois de receber críticas por declarações polêmicas.Também na primeira página, o Estadão destaca que os procuradores da força-tarefa da Lava Jato desistiram da criação de uma fundação para gerir os R$ 2,5 bilhões pagos pela Petrobras aos Estados Unidos em multa. Segundo o jornal, a ideia da fundação gerou reações negativas e levantou questionamentos sobre a atuação do Ministério Público Federal e dos procuradores no operação.Diante da polêmica envolvendo o assunto, os procuradores recuaram e informaram que os procedimentos de criação da fundação foram suspensos. ""A força-tarefa da Lava Jato no MPF/PR informa que vem mantendo tratativas com a Advocacia-Geral da União e a Petrobras e optou por propor, ao juízo que homologou o acordo, a suspensão dos procedimentos para constituição da fundação que daria uma destinação de interesse público para os recursos depositados em conta judicial"", informaram os procuradores.ufffc "	-1
129	"Reunião ministerial desta terça discutirá Política de Segurança de Barragens, diz Mourão. Na semana passada, barragem rompeu em Brumadinho, levando à morte 65 pessoas; 279 estão desaparecidas. O objetivo, afirmou Mourão, é identificar eventuais ""falhas"" na política. A discussão sobre mudanças na política de segurança de barragens acontece em razão da tragédia em Brumadinho (MG)."	"""Reunião ministerial desta terça discutirá Política de Segurança de Barragens, diz Mourão""Presidente em exercício, Mourão disse que objetivo é identificar falhas. Na semana passada, barragem rompeu em Brumadinho, levando à morte 65 pessoas; 279 estão desaparecidas. O presidente da República em exercício, Hamilton Mourão, informou nesta segunda-feira (28) que a reunião ministerial desta terça (29) discutirá a Política Nacional de Segurança de Barragens. O objetivo, afirmou Mourão, é identificar eventuais ""falhas"" na política.Mourão deu a declaração em uma entrevista coletiva ao deixar o Palácio do Planalto. Ele está no exercício da Presidência porque o presidente Jair Bolsonaro se recupera da cirurgia à qual foi submetido nesta segunda (28).A discussão sobre mudanças na política de segurança de barragens acontece em razão da tragédia em Brumadinho (MG). Na semana passada, uma barragem da mineradora Vale rompeu na cidade, levando à morte mais de 60 pessoas; outras 279 estão desaparecidas. Uma enxurrada de lama invadiu a região.""Amanhã [terça-feira], nós vamos começar a olhar aquela política nacional de controle [segurança] de barragens. Vamos ver quais as falhas que ela tem para a gente tentar corrigir"", disse Mourão nesta segunda.A reunião ministerial acontece semanalmente. O Conselho de Governo é composto por Bolsonaro, Mourão e por todos os ministros de Estado. Bolsonaro ainda se recupera da cirurgia e não participará do encontro.Inicialmente, a reunião trataria sobre governança, em uma apresentação feita pelo Tribunal de Contas da União (TCU). A tragédia em Brumadinho modificou o assunto do encontro.Criada em 2010, a PNSB tem entre as metas garantir a observância de padrões de segurança para reduzir a possibilidade de acidentes em barragens.Entre outras obrigações que devem ser cumpridas pelas empresas, a lei prevê:A necessidade de modificar a política foi apontada pelo ministro do Desenvolvimento Regional, Gustavo Canuto, após reunião com técnicos na Agência Nacional de Águas (ANA).Um projeto que propunha mudanças para endurecer a lei não prosperou no Senado e foi arquivado no final do ano passado, em razão do término da legislatura iniciada em 2015.""A política nacional de segurança de barragens foi editada em 2010. É uma lei que precisa de revisão. Após o acidente de Mariana, vários projetos foram apresentados, a gente ainda não conseguiu finalizar a alteração dessa lei, mas ela é essencial. Foi consenso aqui entre os técnicos que isso precisa ser feito"", disse Canuto no domingo (27).Na semana passada, uma barragem da mineradora Vale rompeu na cidade de Brumadinho (MG), levando uma enxurrada de lama à região. A barragem de rejeitos, que ficava na mina do Córrego do Feijão, se rompeu na sexta-feira (25)Ao todo, já foram confirmadas as mortes de 65 pessoas; outras 292 estão desaparecidas; e muitos moradores tiveram de deixar as casas.As buscas entraram em seu quarto dia nesta segunda-feira (28).Para auxiliar a população da região, o governo diz que vai antecipar o pagamento do Bolsa Família aos beneficiários que moram na cidade e permitir o saque do FGTS aos atingidos pelo desastre.Sobre a possibilidade de afastar a diretoria da Vale durante a apuração do rompimento da barragem em Minas Gerais, Mourão declarou que a prerrogativa cabe ao conselho de administração da empresa.Segundo o presidente em exercício, o governo federal pode convocar uma reunião do conselho, porém a opção ""não está em estudo"" no momento.Mais cedo, ao ser questionado sobre o tema, Mourão afirmou que o gabinete de crise criado por Bolsonaro estuda o afastamento da diretoria da mineradora. "	-1
130	"""Enfim, mas não se pode comparar a ditadura da Coreia do Norte e a situação da Venezuela, país cujo regime, segundo o chanceler, ""está oprimindo seu povo de uma maneira brutal, fazendo seu povo passar fome""."" "	"""Não se pode comparar ditadura da Coreia do Norte e da Venezuela, diz ministro das Relações Exteriores brasileiro""À GloboNews, Ernesto Araújo afirmou que regime venezuelano está oprimindo seu povo de maneira brutal. Ele disse não saber se situação na Coreia do Norte necessariamente é com esse grau de brutalidade. O ministro das Relações Exteriores, Ernesto Araújo, disse nesta segunda-feira (25) que não se pode comparar a ditadura da Coreia do Norte e a situação da Venezuela, país cujo regime, segundo o chanceler, ""está oprimindo seu povo de uma maneira brutal, fazendo seu povo passar fome"".Em entrevista ao repórter Victor Ferreira, da GloboNews, nesta segunda-feira (25) logo após a reunião do Grupo de Lima na Colômbia para discutir a crise humanitária na Venezuela, Araújo foi questionado se a situação no país asiático não seria semelhante. E respondeu: ""Enfim, mas não sei se necessariamente é com esse grau de brutalidade que se viu neste final de semana [na Venezuela]. São situações que não necessariamente se podem comparar"".Assista à entrevista no vídeo acima.O vice-presidente da República, Hamilton Mourão, também participou da entrevista. Ele foi perguntado sobre o fato de o presidente dos Estados Unidos, Donald Trump, manter diálogo com o ditador da Coreia do Norte, Kim Jong-un, com quem vai se encontrar nesta semana, mas não com Nicolás Maduro, presidente da Venezuela.""São situações distintas, né? A questão entre os Estados Unidos e a Coreia do Norte está muito centrada na questão nuclear, uma vez que a Coreia do Norte é uma potência nuclear. O caso da Venezuela é distinto. Não sei se o presidente Trump, em algum momento, gostaria de ter uma conversa com Maduro; e também não sei se o Maduro aceitaria conversar com ele"", disse Mourão.Araújo completou: ""São situações diferentes _ são situações geopolíticas muito diferentes. O caso da Venezuela realmente é um caso onde o regime está oprimindo o seu povo de uma maneira brutal, fazendo seu povo a passar fome, inclusive a tirar as pessoas que tentam ter acesso a ajuda humanitária"".A crise na Venezuela se agravou na sexta-feira (22), em razão do fechamento da fronteira com o Brasil após ordem de Maduro. O objetivo do bloqueio é impedir a entrada de suprimentos enviados por países que apoiam Juan Guaidó, presidente autoproclamado e líder opositor da Venezuela.Maduro afirma que a ajuda humanitária é um pretexto para uma invasão militar à Venezuela e subsequente golpe para tirar o chavismo do poder. Ele acusa os Estados Unidos de formarem um complô com Brasil e Colômbia. "	-1
131	Governo vai anunciar ampliação da validade da CNH, diz Bolsonaro. Presidente publicou em rede social neste sábado (9) que o ministro da Infraestrutura, Tarcísio Freitas, vai anunciar medidas de desburocratização e economia para o trânsito. Bolsonaro mencionou algumas medidas como a ampliação da validade da carteira nacional de habilitação (CNH) e fim da obrigatoriedade de aulas em auto-escolas com simuladores.	"""Governo vai anunciar ampliação da validade da CNH, diz Bolsonaro""Presidente publicou em rede social neste sábado (9) que o ministro da Infraestrutura, Tarcísio Freitas, vai anunciar medidas de desburocratização e economia para o trânsito. O presidente Jair Bolsonaro afirmou neste sábado em rede social que o ministro da Infraestrutura, Tarcísio Freitas, vai anunciar medidas de desburocratização e economia para o trânsito.Bolsonaro mencionou algumas medidas como a ampliação da validade da carteira nacional de habilitação (CNH) e fim da obrigatoriedade de aulas em auto-escolas com simuladores. Sem dar detalhes das mudanças, o presidente também afirmou que ""medidas que afetam caminhoneiros serão extintas ou revistas"" e falou em simplificação do emplacamento.A resolução do Conselho Nacional de Trânsito (Contran) que tornou obrigatório o uso de simuladores pelas auto-escolas é de 2015.Na mesma publicação, o presidente afirmou que o Contran atrapalha a vida de quem transporta no Brasil.""O Contran emite cerca de 100 resoluções/ano atrapalhando a vida de quem transporta no Brasil"", disse Bolsonaro.No fim do ano passado, o presidente já havia falado em estender a validade da CNH. Atualmente, a CNH tem validade de cinco anos.Com a reforma ministerial feita em janeiro, o Contran passou a ser subordinado ao Ministério da Infraestrutura, comandado pelo ministro Tarcísio Gomes de Freitas. Até então, o conselho estava ligado ao extinto Ministério das Cidades. "	-1
132	"""Agora é hora de esfriar a cabeça"", afirmou o ministro. Integrantes do governo dão como certa a demissão do ministro. Aos jornalistas que o aguardavam no hotel, Bebianno disse que, por ora, não vai se pronunciar sobre o caso."	"""Agora é hora de esfriar a cabeça, diz Bebianno""Ministro da Secretaria-Geral da Presidência foi abordado por jornalistas quando saía do hotel onde mora, para almoçar. Integrantes do governo dão como certa a demissão do ministro.   O ministro da Secretaria-Geral da Presidência, Gustavo Bebianno, disse neste domingo (17) que o momento é de ""esfriar a cabeça"".Ele foi abordado por jornalistas no hotel onde mora, em Brasília, quando saía para o almoço. Bebianno deu a declaração diante de perguntas sobre se falaria a respeito de sua eventual demissão do cargo.""Agora é hora de esfriar a cabeça"", afirmou o ministro.Bebianno viveu uma semana de crise dentro do governo, após denúncias de candidaturas ""laranjas"" no PSL e um episódio de atrito entre ele e o filho do presidente Jair Bolsonaro, Carlos Bolsonaro. Integrantes do governo dão como certo que o presidente vai exonerar o ministro.Aos jornalistas que o aguardavam no hotel, Bebianno disse que, por ora, não vai se pronunciar sobre o caso. ""Daqui a alguns dias"", afirmou.Entenda: o que são candidatos ""laranjas""Reportagem da ""Folha de S.Paulo"" publicada na semana passada revelou repasse do PSL de R$ 400 mil de recursos públicos do fundo partidário para uma candidata de Pernambuco suspeita de ser ""laranja"". Bebianno era o presidente do partido durante as eleições e, segundo a reportagem, autorizou os repasses.Dias depois, para negar que houvesse crise por causa da denúncia do jornal, Bebianno disse que tinha conversado três vezes com Jair Bolsonaro enquanto o presidente ainda estava internado em São Paulo.Em uma rede social, o vereador Carlos Bolsonaro classificou a afirmação de Bebianno como ""mentira absoluta"". Depois, Jair Bolsonaro compartilhou as mensagens do filho na mesma rede social.Na sexta-feira (15), Bolsonaro e Bebianno se encontraram pela primeira vez depois do episódio. Apesar dos apelos de ministros para que a crise fosse encerrada, o clima continuou tenso, mesmo depois de um encontro reservado entre os dois. Bolsonaro apontou Bebianno como o responsável por vazamentos de informações do governo para a imprensa.Na madrugada de sábado, o ministro reproduziu um texto sobre lealdade em uma rede social. Bolsonaro recebeu ministros no Palácio da Alvorada ao longo do dia. Entre eles, não estava Bebianno.Sobre os repasses do PSL para candidatos supostamente ""laranjas"", Bebianno disse que não escolhia os candidatos do partido nos estados. Essa atribuição, segundo ele, cabia aos diretórios regionais. "	-1
133	PGR arquivou pedido que tentava impedir Gilmar Mendes de julgar ações de Aloysio e Paulo Vieira; Procuradoria-Geral da República (PGR) arquivou nesta segunda-feira (11) um pedido em que a força-tarefa da Lava Jato tentava impedir o ministro Gilmar Mendes, do Supremo Tribunal Federal, de julgar ações sobre o ex-senador Aloysio Nunes (PSDB-SP) e o ex-diretor da Dersa Paulo Vieira de Souza.	"""PGR arquiva pedido que tentava impedir Gilmar Mendes de julgar ações de Aloysio e Paulo Vieira""Lava Jato solicitou a Raquel Dodge que avaliasse pedir impedimento do ministro porque Gilmar teria falado com Aloysio antes de decisão. PGR frisou que há situações específicas para pedido. A Procuradoria-Geral da República (PGR) arquivou nesta segunda-feira (11) um pedido em que a força-tarefa da Lava Jato tentava impedir o ministro Gilmar Mendes, do Supremo Tribunal Federal, de julgar ações sobre o ex-senador Aloysio Nunes (PSDB-SP) e o ex-diretor da Dersa Paulo Vieira de Souza.Conforme a procuradora-geral, Raquel Dodge, há casos específicos para apresentar esse tipo de pedido (leia detalhes da decisão mais abaixo).Os procuradores da Lava Jato argumentaram que Aloysio Nunes se valeu da relação pessoal com Gilmar Mendes para atrasar o andamento de um processo na Justiça de São Paulo (saiba ao final desta reportagem o que os citados disseram).Segundo os procuradores da força-tarefa, Gilmar Mendes determinou o reinício da fase de coleta de provas em uma ação sobre Paulo Vieira, na qual Aloysio Nunes é testemunha, dois dias antes de o ministro conversar com o ex-senador tucano.Na ocasião, a ação já estava na etapa das alegações finais, última fase antes do julgamento.Aloysio Nunes e Paulo Vieira de Souza, apontado como suposto operador do PSDB, foram alvos da 60ª fase da Operação Lava Jato.Ao analisar o pedido da força-tarefa, a procuradora-geral Raquel Dodge destacou que a lei prevê hipóteses claras e específicas sobre impedimento ou suspeição de magistrado, acrescentando que, neste caso, Gilmar Mendes não se enquadra nas hipóteses.""O ordenamento jurídico brasileiro estabelece hipóteses claras e específicas de impedimento e de suspeição do juiz, para proteger objetivamente o curso da jurisdição de ingerências subjetivas que a desvirtue da lei e do justo, estabelecendo ser dever do próprio magistrado afirmar sua suspeição e exercer o juízo primário da sua imparcialidade"", escreveu.Segundo a procuradora, em caso de ""amizade íntima"", cabe ao juiz decidir se tem independência ou de prova clara de que existe a relação. Dodge, contudo, informou não ter visto prova de amizade entre Aloysio Nunes e Gilmar Mendes.""O fato narrado na representação, inclusive, de ele se valer de terceiros para pedir o telefone pessoal do ministro e conseguir acesso a ele evidencia que, concretamente, não há prova da amizade íntima entre Aloysio Nunes e o ministro Gilmar Mendes"", escreveu.Quando a força-tarefa da Lava Jato apresentou o pedido:O gabinete do ministro do STF informou que Gilmar Mendes não iria se pronunciar sobre o caso. Informou, também, que só se manifestaria em um eventual processo, caso a PGR apresentasse algum questionamento ou pedido de suspeição.A assessoria de Aloysio Nunes declarou que ele não iria se manifestar até se informar sobre os fatos. "	-1
134	Petrobras não aprova promoção de amigo de Bolsonaro para cargo de gerente executivo. Apesar de sua sólida formação acadêmica e atuação na área, seu nome não foi aprovado porque ele não possui a experiência requerida em posição gerenial que é necessária à função, considerada de elevada sensibilidade para a companhia. A Petrobras informou nesta sexa-feira (15) que o nome de Carlos Victor Guerra Nagem, funcionário da empresa e amigo do presidente Jair Bolsonaro, não foi aprovado para o cargo de Gerente Executivo de Inteligência e Segurança Corporativa da estatal.	"""Petrobras não aprova promoção de amigo de Bolsonaro para cargo de gerente executivo""Presidente havia defendido a nomeação de Carlos Victor Guerra Nagem, mas a estatal disse que a indicação não foi aprovada porque ele não possui a experiência requerida em posição gerencial.  A Petrobras informou nesta sexa-feira (15) que o nome de Carlos Victor Guerra Nagem, funcionário da empresa e amigo do presidente Jair Bolsonaro, não foi aprovado para o cargo de Gerente Executivo de Inteligência e Segurança Corporativa da estatal.""Apesar de sua sólida formação acadêmica e atuação na área, seu nome não foi aprovado porque ele não possui a experiência requerida em posição gerencial que é necessária à função, considerada de elevada sensibilidade para a companhia"", disse a estatal em nota.Em janeiro, Bolsonaro postou em uma rede social sobre a indicação de Nagem para o cargo de gerente-executivo de Inteligência e Segurança Corporativa da Petrobras. Junto a essa informação, Bolsonaro disse que ""a era do indicado sem capacitação técnica acabou"". Mas essa parte do texto foi apagada logo em seguida.Na ocasião, a nomeação ainda precisava passar pela aprovação do Conselho de Administração e de outras instâncias da direção da empresa.Carlos Victor Guerra Nagem é capitão da reserva da Marinha e funcionário concursado da Petrobras há 11 anos. Ele vinha atuando na área de segurança nos últimos seis anos.Nesse período, tentou duas vezes a carreira política. Se licenciou da Petrobras para se candidatar, com o apoio de Bolsonaro, a vereador em 2016 e a deputado estadual no ano passado. Mas não se elegeu. Em um vídeo de campanha, Bolsonaro o chama de ""amigo"". "	-1
135	"Conversar significa ""ficar às voltas com"". Na comunicação interpessoal é comum a existência de barreiras, ruídos que atrapalham ou bloqueiam por completo a fluidez das tro. "	"""Reaprender a conversar""O artigo do ensaísta Davi Lago para o blog nesta semana Conversar significa ""ficar às voltas com"". Em uma conversa não precisamos necessariamente concordar ou chegar ao mesmo entendimento. Mas o ato em si da conversa é civilizador. O poder da conversa pode ser exemplificado pelo belo ""Livro sobre nada"", de Manoel de Barros. Nesta obra o poeta disse que se divertia na infância inventando brinquedos com as palavras. Juntamente com seu irmão e avô eles inventavam ""coisas desúteis"" como um ""alarme para o silêncio"", um ""abridor de amanhecer"" e um ""parafuso de veludo"".As conversas literalmente viabilizaram a civilização. Afinal, o ser humano é eminentemente social e a comunicação é o sustentáculo da sociedade. Através dos processos comunicativos, o ser humano desenvolve ideias sobre a realidade, sobre os outros, sobre si, e constrói o mundo. Na comunicação interpessoal é comum a existência de barreiras, ruídos que atrapalham ou bloqueiam por completo a fluidez das trocas comunicacionais. Tradicionalmente as barreiras na comunicação podem ser físicas, culturais, pessoais ou psicossociais. A permanência das barreiras gera uma situação de incomunicabilidade.Assusta hoje a incomunicabilidade como tomada de posição. Se por um lado as barreiras na comunicação fazem parte dos processos comunicativos, por outro lado, a incomunicabilidade como tomada de posição inviabiliza a coexistência das pessoas em sociedade. O eminente jurista Piero Calamandrei, por exemplo, escreveu um texto clássico chamado ""Eles, os juízes, vistos por nós, os advogados"" para explicar a importância de uma comunicação honesta e respeitosa entre juízes e advogados: ""Juiz que falta ao respeito devido ao advogado, ignora que beca e toga obedecem à lei dos líquidos em vasos comunicantes: não se pode baixar o nível de um, sem baixar igualmente o nível do outro"".Assumir a incomunicabilidade como conduta é subverter o fundamento de qualquer sociedade entre as pessoas. A atrofia comunicacional leva o sujeito a jamais pedir licença a ninguém, a ser incapaz de respeitar tanto os processos históricos que nos trouxeram até aqui, como as demandas e necessidades contemporâneas. Sem conversa, tudo é negócio, tudo é política, tudo é briga, e o ser humano é esmagado pelo pragmatismo. Diversos teóricos da comunicação, sociólogos, educadores observam tal postura sobretudo nas jovens gerações. O filósofo Umberto Galimberti, por exemplo, no ensaio ""Os vícios capitais e os novos vícios"" afirmou: ""talvez o Ocidente não desapareça por não deter os processos migratórios contra os quais todos gritam, mas por não ter atribuído sentido e identidade e, portanto, por ter jogado fora suas próprias jovens gerações"".Comunicação autêntica é bem de interesse de todos. Insistir na incomunicabilidade é cair em relações irracionais e impositivas. A sociedade fica sujeita à ditadura de emoções distorcidas. Reações emocionais tendem a brotar da ignorância dos fatos, ou são o resultado da seleção de fatos que se ajustam à própria causa. É necessário reafirmar a centralidade da comunicação no debate público brasileiro, o que implica em sairmos de bolhas incomunicáveis. Como disse Noemi Ja"	-1
136	"""Discurso do governo sobre flexibilização das armas saiu enfraquecido após tragédia em Suzano. O comentário desta sexta-feira (15) no clube do café, da Rádio Globo, abordou o terrível massacre em Suzano, na grande São Paulo, que terminou com 10 mortos em uma escola e obrigou a sociedade brasileira a pensar sobre as várias facetas da tragédia, entre elas a flexibilização das armas. Ouça aqui.O senador Major Olimpio (PSL), da base do governo Bolsonaro, disse, logo após o ocorrido, que _ se os professores estivessem armados _ o crime não aconteceria. A ideia de armar professores para proteger as escolas parece completamente sem sentido. Quem tem que proteger os cidadãos é o Estado.Um estudo feito pelo FBI em 2014, por exemplo, analisando 160 casos envolvendo atiradores no período de 2000 a 2013 nos Estados Unidos, mostrou que cidadãos não armados conseguiram interromper mais ataques do que aqueles armados.Aliás, o discu"	"""Discurso do governo sobre flexibilização das armas saiu enfraquecido após tragédia em Suzano""Comentário na Rádio Globo sobre os principais acontecimentos da semana O comentário desta sexta-feira (15) no clube do café, da Rádio Globo, abordou o terrível massacre em Suzano, na grande São Paulo, que terminou com 10 mortos em uma escola e obrigou a sociedade brasileira a pensar sobre as várias facetas da tragédia, entre elas a flexibilização das armas. Ouça aqui.O senador Major Olimpio (PSL), da base do governo Bolsonaro, disse, logo após o ocorrido, que _ se os professores estivessem armados _ o crime não aconteceria. A ideia de armar professores para proteger as escolas parece completamente sem sentido. Quem tem que proteger os cidadãos é o Estado.Um estudo feito pelo FBI em 2014, por exemplo, analisando 160 casos envolvendo atiradores no período de 2000 a 2013 nos Estados Unidos, mostrou que cidadãos não armados conseguiram interromper mais ataques do que aqueles armados.Aliás, o discurso do governo, e dos aliados de Bolsonaro nesta questão, saiu enfraquecido após esta tragédia. O presidente lamentou a tragédia somente seis horas depois do ocorrido mostrando mais uma vez que as teses de campanha são um peso, tornando o governo atual menos ágil, além do fato de gerar polêmicas desnecessárias.O comentário também fez uma reflexão sobre o um ano do assassinato da ex-vereadora Marielle Franco. Mesmo com a prisão dos suspeitos de terem executado ela e o ex-motorista Anderson Gomes, a sociedade brasileira aguarda a informação sobre o mandante desse crime bárbaro.Outro ponto abordado no comentário foi a derrota imposta sobre a Lava Jato pelo Supremo Tribunal Federal (STF), que decidiu, por seis a cinco, que processos de corrupção ligados a caixa dois serão enviados para a Justiça Eleitoral. "	-1
137	Ao todo, tomaram posse 54 senadores, que representam dois terços do total da Casa. A reunião de posse foi conduzida por Davi Alcolumbre (DEM-A. A eleição que escolherá presidente da Casa está marcada para as 17h desta sexta-feira. Os 54 senadores eleitos em outubro do ano passado tomaram posse na tarde desta sexta-feira (1º) em cerimônia realizada no plenário da Casa.	"""Senadores eleitos em outubro tomam posse em cerimônia no Senado""Ao todo, tomaram posse 54 senadores, que representam dois terços do total da Casa. Eleição que escolherá presidente da Casa está marcada para as 17h desta sexta-feira. Os 54 senadores eleitos em outubro do ano passado tomaram posse na tarde desta sexta-feira (1º) em cerimônia realizada no plenário da Casa. Os senadores empossados terão mandatos de oito anos, que se encerram em janeiro de 2027.Desde a redemocratização, a eleição de 2018 foi a que teve o maior índice de renovação no Senado. Dos 54 eleitos, 46 não estavam na Casa no ano passado.No entanto, entre os eleitos em 2018, há parlamentares que já tiveram mandato no Senado ou na Câmara em legislaturas anteriores.Até o momento, os 81 senadores que exercerão mandato em 2019 estão divididos entre 16 partidos. O número de siglas pode mudar ao longo da legislatura. Em 2018, o Senado encerrou o ano com 17 legendas.A reunião de posse foi conduzida por Davi Alcolumbre (DEM-AP), único senador remanescente e em exercício de mandato da Mesa Diretora de 2018, presidida por Eunício Oliveira (MDB-CE).Após a cerimônia, foi anunciado um intervalo na sessão, que deve ser retomada às 17h, horário em que terá início a votação que definirá o presidente do Senado pelos próximos dois anos.A cerimônia de posse foi breve. Os parlamentares eleitos foram empossados na mesma reunião, e cada parlamentar realizou um juramento individual.A chamada para o juramento foi feita de acordo com a ordem de criação dos estados. Com isso, o primeiro a ser chamado foi Jaques Wagner (PT-BA), o mais idoso entre os dois parlamentares baianos eleitos.Davi Alcolumbre, que presidiu a sessão e é candidato à presidência do Senado, afirmou antes do juramento dos senadores que ""a renovação da política nacional impõe momentos importantes e decisivos"".Depois, Alcolumbre convidou Jaques Wagner (PT-BA) para ler a íntegra do juramento, que diz: ""Prometo guardar a Constituição Federal e as leis do país, desempenhar fiel e lealmente o mandato de senador que o povo me conferiu e sustentar a união, a integridade e a independência do Brasil"".Depois, Alcolumbre cha"	-1
138	MPF pede para interrogar Paulo Vieira de Souza sobre cartas e diários da prisão. Textos foram escritos durante a 1ª prisão do operador do PSDB, em 2018. O ex-diretor da Dersa é investigado por desvios em obra do Rodoanel, em SP. Os procuradores pediram à Justiça, nesta quarta-feira (27), para interrogá-lo sobre os textos, que ainda não tiveram o conteúdo analisado. Eles querem saber quem são as pessoas citadas e o que significam as anotações.	"""MPF pede para interrogar Paulo Vieira de Souza sobre cartas e diários da prisão""Textos foram escritos durante a 1ª prisão do operador do PSDB, em 2018. O ex-diretor da Dersa é investigado por desvios em obra do Rodoanel, em SP. Em cartas, parentes dele falam sobre delação premiada e citam o ex-ministro Aloysio Nunes.  A força-tarefa da Operação Lava Jato investiga documentos encontrados na casa de Paulo Vieira de Souza, operador financeiro ligado ao PSDB, em São Paulo, que compõem uma espécie de ""diário de prisão"", e cartas enviadas por familiares com menções a nomes cifrados.Os procuradores pediram à Justiça, nesta quarta-feira (27), para interrogá-lo sobre os textos, que ainda não tiveram o conteúdo analisado. Eles querem saber quem são as pessoas citadas e o que significam as anotações.Paulo Vieira de Souza foi diretor da Dersa, uma empresa estatal paulista de construção e manutenção de rodovias, de 2005 a 2010, durante os governos de Geraldo Alckmin e José Serra, do PSDB.Alvo de investigações sobre desvios em obra do Rodoanel, Paulo Vieira foi preso duas vezes em 2018. Nas duas ele conseguiu decisão liminar para soltura, ambas dadas pelo ministro do Supremo Tribunal Federal (STF) Gilmar Mendes. Foi numa delas, quando ficou na penitenciária de Tremembé (SP), que Paulo Vieira escreveu e recebeu os documentos apreendidos neste ano.Em 19 de fevereiro de 2019, o ex-diretor da Dersa voltou a ser preso _ desta vez, por envolvimento na Lava Jato. Na 60ª fase da operação, Paulo foi investigado por operar propina da Odebrecht.Em um dos trechos do diário, o operador financeiro faz referência ao ""Anjo Protetor Gi"". ""Fui informado sobre HC (habeas corpus) Liminar ao Ministro (do STF) Gilmar Mendes e fui à missa pedir ajuda se possível do meu Anjo Protetor Gi, para relaxamento da minha prisão, por motivos da injustiça impetrados pelo MPF/SP e Juíza Maria Isabel, foi minha 1ª Comunhão na Igreja da Penitenciária"".Em uma breve explicação, a força-tarefa diz que no trecho ""observa-se a referência ao habeas corpus então impetrado pela defesa de Paulo Vieira de Souza junto ao eminente Ministro Gilmar Mendes, e a busca de ajuda do Anjo Protetor Gi"". O MPF não informou quem seria ""Gi"", mas segundo informação do jornal ""O Globo"", confirmada pelo G1, seria referência a uma filha de Paulo Vieira, já falecida.O ex-diretor da Dersa foi preso pela primeira vez em 6 de abril de 2018 e obteve liminar (decisão provisória) de Gilmar Mendes em 11 de maio para ser solto. Voltou a ser preso em 30 de maio de 2018 e conseguiu liminar para soltura no mesmo dia, também por decisão de Mendes.No ""diário de prisão"", Paulo Vieira de Souza também cita cartas recebidas das filhas Tatiana e Priscila, fala da possibilidade de fazer uma delação e de um ""pedido para Gi interferir com Deus a respeito de acalentar a minha Mini Family, Big Family e Amigos"". O texto não detalha quem faz parte da família e quem são os amigos.""O criador atendeu meu pedido e logo às 19h o ministro Gilmar Mendes aceitou o HC de liminar por uma ameaça falsificada pelo MPF/SP e Juíza Maria Isabel do Prado"", relata.O gabinete de Gilmar Mendes informou que o ministro não vai comentar o assunto.O MPF diz que um dos trechos do diário mostra a proximidade de Paulo Souza com Aloysio Nunes Ferreira, ex-ministro das Relações Exteriores, que extrapola um ""alegado empréstimo de recursos em 2007"". A filha de Paulo Souza teria emprestado, naquele ano, R$ 300 mil para Nunes comprar um apartamento, segundo notícia citada pelo MPF. O ex-ministro disse que pagou o empréstimo sem juros. Leia o trecho do diário:""Às 10h30 fui falar com Advs (Santoro e Edgard Leite) sobre o andamento do processo e dúvida com respeito a minha posição sobre ""DELAÇÃO PREMIADA"", caso eu permaneça em Tremembé até 03/2019, por conta da prescrição na dosimetria dos 70 anos, cujos dados eu tenho dúvida através do C.P.P., e irei pedir esclarecimentos, esta pergunta foi feita pelo Edgard e Santoro me questionou a respeito de por pilha no Adv. Daniel, com versão antagônica, não creio nessa versão do Governador, minha posição foi: não tenho o que e a quem delatar.Solicitei ao Adv Santoro para falar com Aloysio ligar para minha casa e dar um apoio moral, contei a conversa da Pri e Ana Flávia na carta"".Priscila Arana é filha de Paulo Vieira de Souza. Não há mais informações, na petição, sobre quem seria Ana Flávia. Na mesma operação que prendeu Paulo Vieira de Souza neste ano, a PF fez buscas na casa de uma mulher chamada Ana Flávia Pescuma, que foi assessora de Aloysio Nunes no Senado.Aloysio Nunes é investigado pela Lava Jato. Segundo a força-tarefa, ele pode ter sido beneficiário de propina por meio de um cartão de crédito vinculado a uma conta na Suíça. Paulo Vieira é acusado de ter 11 cartões de crédito ligados a contas no exterior.Quando esse trecho do diário foi escrito, Vieira tinha sido alvo de investigação por desvios de R$ 7,7 milhões de programa de reassentamento do Rodoanel Trecho Sul, obra de governos do PSDB, que teria favorecido um grupo de construtoras. Nessa época, Aloysio era secretário da Casa Civil de São Paulo, na gestão José Serra.Quando foi citado na Lava Jato, Aloysio negou ter recebido um cartão de crédito. Em carta enviada ao governador João Doria, na qual anunciou a saída da presidência da Investe SP, agência paulista de promoção de investimentos, Aloysio disse que não teve acesso aos autos do inquérito em que é investigado. Ele afirmou ainda que acionou seus advogados e que irá colaborar com as autoridades para ""cabal esclarecimentos dos fatos. Tenho certeza que a verdade me beneficiará, embora somente ao final de um processo de duração imprevisível.""A reportagem do G1 procurou a assessoria do ex-senador para falar sobre a menção a ele nos diários de Paulo Vieira, mas não obteve resposta até a publicação deste texto.Há ainda trechos cifrados de cartas enviadas por familiares. O MPF não identifica, na petição, quem escreveu essas cartas, quem são as pessoas citadas, como ""Alô al"	-1
139	O governo brasileiro reconheceu a advogada e professora venezuelana Maria Teresa Belandria como representante diplomática da Venezuela no Brasil. Ela foi indicada para o posto pelo autodeclarado presidente da Venezuela, Juan Guaidó. O país passa por uma crise política, com confrontos entre oposicionistas e apoiadores do governo de Nicolás Maduro.	"""Governo reconhece indicada por Guaidó como representante da Venezuela no Brasil""Posto estava vago desde dezembro de 2017, quando governo de Nicolás Maduro determinou a expulsão do embaixador brasileiro da Venezuela. O governo brasileiro reconheceu nesta segunda-feira (11) a advogada e professora venezuelana Maria Teresa Belandria com representante diplomática da Venezuela no Brasil. Ela foi indicada para o posto pelo autodeclarado presidente da Venezuela, Juan Guaidó.O país passa por uma crise política, com confrontos entre oposicionistas e apoiadores do governo de Nicolás Maduro. A crise provocou um exôdo _ centenas de milhares de venezuelanos deixaram o país em busca de refúgio em países vizinhos. Mais de 40 países, entre os quais o Brasil, declararam apoio ao oposicionista Guaidó. Quatorze países manifestaram apoio a Maduro, entre os quais Rússia e China.O cargo na embaixada da Venezuela em Brasilia estava vago desde dezembro de 2017, quando o governo de Nicolás Maduro determinou a expulsão do embaixador brasileiro do país.Acompanhada do coordenador de ajuda humanitária, também designado por Guaidó, Lester Toledo, Teresa falou com jornalistas ao final da cerimônia no Palácio do Itamaraty.De acordo com a embaixadora reconhecida, as credenciais não configuram apenas apoio político.""Estamos avançando rapidamente não só para uma relação política plena, como uma relação fundamental para uma ajuda humanitária"", afirmou.Teresa Belandria afirmou que a prioridade a partir de agora será ajudar os venezuelanos da fronteira que, segundo ela, necessitam de medicamentos para câncer, coração, diálises e estão cruzando a fronteira com enfermidades que já haviam sido erradicadas. "	-1
140	"""Otávio Rêgo Barros afirmou que governo mantém previsão de enviar alimentos e remédios para Roraima no sábado."" ""Otávio Rêgo Barros informou nesta quinta-feira (21) que o limite de ação do Brasil em relação à Venezuela é a faixa de fronteira."" ""Otávio Rêgo Barros explicou, a partir da fronteira, os medicamentos e os alimentos deverão ser transportados por motoristas venezuelanos."""	"""Venezuela: limite de ação do Brasil para levar ajuda humanitária é a faixa de fronteira, diz porta-voz""Otávio Rêgo Barros afirmou que governo mantém previsão de enviar alimentos e remédios para Roraima no sábado. Mais cedo, nesta quinta, Nicolás Maduro anunciou fechamento da fronteira. O porta-voz do presidente Jair Bolsonaro, Otávio Rêgo Barros, informou nesta quinta-feira (21) que o limite de ação do Brasil em relação à Venezuela é a faixa de fronteira.Rêgo Barros convocou uma entrevista coletiva no Palácio do Planalto para falar sobre a ajuda humanitária que o Brasil pretende enviar à Venezuela no sábado (23), com alimentos e medicamentos.De acordo com o porta-voz, a ajuda será transportada até Boa Vista e Pacaraima por motoristas brasileiros. A partir da fronteira, explicou, os medicamentos e os alimentos deverão ser transportados por motoristas venezuelanos.Mais cedo, nesta quinta, porém, o presidente venezuelano Nicolás Maduro informou que iria fechar a fronteira do país com o Brasil, em Roraima. A fronteira foi fechada às 21h desta quinta.Rêgo Barros afirmou que uma aeronave da Força Aérea Brasileira (FAB) saiu de Porto Alegre (RS) com 22,8 toneladas de leite em pó. A aeronave pousou em Brasília na noite desta quinta para ser abastecida com 500 kits de primeiros-socorros e seguirá até Boa Vista.Segundo Rêgo Barros, os caminhões venezuelanos serão conduzidos por cidadãos venezuelanos e deverão entrar no Brasil, pegar os itens da ajuda humanitária e levá-los ao país.O porta-voz afirmou que, segundo relatos de militares brasileiros em Roraima, a fronteira estava ""aberta e com fluxo normal"" nesta quinta-feira.Segundo Rêgo Barros, o Brasil mantém a programação de enviar a ajuda humanitária no próximo dia 23.""Estamos disponibilizando os meios logísticos na região de operações, inicialmente em Boa Vista, depois uma subárea de apoio logístico em Pacaraima, e depois nos quedamos a vinda dos caminhões de transporte dirigidos por venezuelanos"", declarou o porta-voz.Questionado se o governo teme algum tipo de conflito na região da fronteira, respondeu: ""O governo brasileiro não identifica, neste momento, possibilidade de fricção na região porque o ponto focal é a ajuda humanitária.""Rêgo Barros também informou que, se os caminhões venezuelanos não puderem entrar no Brasil para buscar a ajuda, os alimentos e medicamentos ficarão estocados em Boa Vista e Pacaraima.Ele acrescentou, ainda, que os alimentos não são perecíveis e podem ficar estocados por um tempo ""bastante alongado"".Segundo o porta-voz, a situação na fronteira com a Venezuela já foi discutida pelo presidente Jair Bolsonaro em uma reunião na tarde desta quinta com os ministros Onyx Lorenzoni (Casa Civil), Augusto Heleno (Gabinete de Segurança Institucional) e Carlos Alberto dos Santos Cruz (Secretaria de Governo).De acordo com Rêgo Barros, o vice-presidente Hamilton Mourão e o ministro Ernesto Araújo (Relações Exteriores) irão à Colômbia participar de uma reunião do Grupo de Lima.A Venezuela enfrenta uma profunda crise política, social e econômica.A inflação no país já ultrapassa 1.000.000% ao ano; milhares de cidadãos têm fugido do país para outras regiões da América Latina; e líderes de oposição têm denunciado perseguição política por parte do regime Maduro.O Brasil já declarou que não reconhece a legitimidade de Maduro como presidente do país e passou a considerar o líder oposicionista Juan Guaidó como presidente interino da Venezuela, assim como Estados Unidos, Colômbia e o Parlamento Europeu, por exemplo.Nicolás Maduro diz ser vítima de uma tentativa de golpe de Estado, comandada pelos Estados Unidos. "	-1
141	Governo propõe idade mínima de 70 anos para benefício integral a idosos sem meios de se sustentar. Benefício de Prestação Continuada (BPC), de um salário mínimo, é pago mensalmente à pessoa com deficiência e ao idoso que comprove não possuir meios de se sustentar. A proposta de reforma da Previdência Social do governo, entregue ao Congresso Nacional nesta quarta-feira (20), determina que idosos sem meios de se sustentar terão de aguardar até os 70 anos para receber integralmente o Benefício de Prestação Continuada (BPC). 	"""Governo propõe idade mínima de 70 anos para benefício integral a idosos sem meios de se sustentar""Benefício de Prestação Continuada (BPC), de um salário mínimo, é pago mensalmente à pessoa com deficiência e ao idoso que comprove não possuir meios de se sustentar. A proposta de reforma da Previdência Social do governo, entregue ao Congresso Nacional nesta quarta-feira (20), determina que idosos sem meios de se sustentar terão de aguardar até os 70 anos para receber integralmente o Benefício de Prestação Continuada (BPC).Atualmente, o benefício, no valor de um salário mínimo, é pago mensalmente à pessoa com deficiência e ao idoso com 65 anos ou mais que comprove não possuir meios de se sustentar, e nem de ter auxílio da família.O governo propõe o pagamento de um valor menor, de R$ 400, a partir dos 60 anos de idade.Se esse idoso não tiver o tempo mínimo de contribuição para se aposentar pelo regime geral ao atingir 65 anos, ele continuará recebendo R$ 400 até completar 70 anos.A partir dos 70 anos passaria a receber um salário mínimo.""Se ele conseguir se aposentar, sai da assistência e vai para a Previdência. Se não, aos 70 anos passa a ganhar um salário mínimo"", afirmou o secretário de Previdência do Ministério da Economia, Leonardo Rolin.O secretário explicou ainda que o valor de R$ 400 estará indexado à inflação, ou seja, será reajustado pela inflação.O secretário especial de Previdência e Trabalho, Rogério Marinho, afirmou que os beneficiários do Bolsa Família, com mais de 60 anos, recebem, em média, R$ 130 por mês e serão beneficiados pela regra proposta na reforma de pagamento de R$ 400 por mês a partir dessa idade.Questionado sobre a perda de renda para quem tem entre 65 e 70 anos (idade mínima a partir do qual será pago um salário mínimo no benefício de prestação continuada se a proposta do governo for aprovada), ele declarou que a ideia é não fragilizar o regime de contribuição, ou seja, desestimular as contribuições por parte dos trabalhadores.""Isso precisa ficar claro para a sociedade. Hoje, não há nitidez entre o que é assistência e previdência. Metade da força de trabalho não contribui [para a Previdência] e terá de ser ajudada com 65 anos. Temos de ajudar, e um pacto moral; Mas não podemos ajudar a fragilizar o sistema contributivo [desestimulando contribuições]"", declarou ele.O BPC está previsto na Lei Orgânica da Assistência Social (LOAS). Para ter direito, é necessário que a renda por pessoa do grupo familiar seja menor que 1/4 do salário-mínimo vigente.Pela proposta de reforma, apresentada ao Legislativo pelo presidente Jair Bolsonaro, permanece a exigência de que os beneficiários tenham renda mensal per capita inferior a 1/4 do salário mínimo, e determina também que tenham patrimônio inferior a 98 mil (Faixa 1 do Minha Casa Minha Vida).Para as pessoas com deficiência, o governo não propôs alterar a regra _ eles continuam tendo direito ao benefício de um salário mínimo sem limite de idade. "	-1
142	"""O presidente Jair Bolsonaro se reuniu no fim da tarde desta sexta-feira (15) com o ministro da Secretaria-Geral, Gustavo Bebianno."" ""A avaliação no Planalto é que, mesmo depois do encontro, a situação de Bebianno no governo é considerada difícil."" ""O próprio Bebianno reconheceu para esses mesmo interlocutores que a situação ficou ""insustentável""."" ""O presidente foi aconselhado por auxiliareis a esperar o fim de semana, para a temperatura do caso baixar e anunciar uma decisão na segunda-feira (18)."""	"""Situação de Bebianno segue difícil mesmo após ministro se reunir com Bolsonaro"" O presidente Jair Bolsonaro se reuniu no fim da tarde desta sexta-feira (15) com o ministro da Secretaria-Geral, Gustavo Bebianno.A avaliação no Planalto é que, mesmo depois do encontro, a situação de Bebianno no governo é considerada difícil.Segundo interlocutores, a reunião foi tensa e se manteve o clima de animosidade. À noite, o próprio Bebianno reconheceu para esses mesmo interlocutores que a situação ficou ""insustentável"".Mas o presidente foi aconselhado por auxiliares a esperar o fim de semana, para a temperatura do caso baixar e anunciar uma decisão na segunda-feira (18).Antes do encontro com o presidente, Bebianno havia alertado aliados de que só deixaria o governo se houver uma ""saída honrosa"".O encontro desta sexta foi organizado por ministros palacianos. Participaram, num primeiro momento, o vice-presidente Hamilton Mourão e os ministros Augusto Heleno (Gabinete de Segurança Institucional) e Onyx Lorenzoni (Casa Civil).Depois, num dado momento, Bolsonaro e Bebianno tiveram uma conversa reservada.A conversa já havia sido pedida por Bebianno, que argumentava que precisava ter um diálogo franco com o presidente sobre o que estava acontecendo. "	-1
143	Deputados federais eleitos tomam posse nesta sexta; saiba como será a cerimônia. Os 513 deputados federais eleitos e reeleitos em outubro passado tomarão posse nesta sexta-feira (1º), em Brasília, para mandatos de quatro anos. A sessão, marcada para começar às 10h, será no plenário da Câmara dos Deputados. De acordo com o regimento interno, a cerimônia de posse será conduzida por Rodrigo Maia (DEM-RJ), presidente da Câmara no biênio anterior.	"""Deputados federais eleitos tomam posse nesta sexta; saiba como será a cerimônia\n""Sessão no plenário da Câmara está marcada para começar às 10h. PT e PSL elegeram as maiores bancadas em outubro, e partidos na Casa articulam a formação de blocos. Os 513 deputados federais eleitos e reeleitos em outubro passado tomarão posse nesta sexta-feira (1º), em Brasília, para mandatos de quatro anos.A sessão, marcada para começar às 10h, será no plenário da Câmara dos Deputados.De acordo com o regimento interno, a cerimônia de posse será conduzida por Rodrigo Maia (DEM-RJ), presidente da Câmara no biênio anterior.Na sessão, ele fará a leitura do compromisso solene dos parlamentares, previsto no regimento: ""Prometo manter, defender e cumprir a Constituição, observar as leis, promover o bem geral do povo brasileiro e sustentar a união, a integridade e a independência do Brasil"".Um a um, os deputados serão chamados pelo nome para irem até um dos microfones no plenário confirmar o juramento. Os primeiros serão os da região Norte e os últimos, da região Sul.Ao serem chamados, deverão responder: ""Assim o prometo"". O ritual oficializa o início do mandato parlamentar, que terá duração até 31 de janeiro de 2023.Os deputados empossados não poderão fazer discursos. Quem não puder comparecer na cerimônia desta sexta, terá prazo de até 60 dias para tomar posse durante qualquer outra sessão do plenário.Entre os deputados federais reeleitos, quatro se tornaram ministros do governo Jair Bolsonaro: Onyx Lorenzoni (DEM-RS), Casa Civil; Tereza Cristina (DEM-MS), Agricultura; Osmar Terra (MDB-RS), Cidadania; e Marcelo Álvaro Antônio (PSL-MG), Turismo.Onyx, Tereza e Terra pediram exoneração dos cargos para tomar posse como parlamentares e garantir a vaga na Câmara.Depois de empossados, devem pedir licença do mandato de deputado para reassumirem os respectivos postos no governo.Nesse caso, suplentes do partido ou da coligação ficarão com as cadeiras deixadas por eles. Se saírem do governo Bolsonaro, poderão retomar o mandato.Nas eleições de outubro, 30 partidos conseguiram eleger deputados. Desses, porém, 9 não cumpriram os requisitos mínimos previstos na cláusula de desempenho, também chamada de cláusula de barreira.Pela regra aplicada na eleição de 2018, cada partido tinha que ter obtido ao menos 1,5% dos votos válidos, distribuídos em, no mínimo, nove unidades da federação, com pelo menos 1% dos votos válidos em cada uma delas.Ou então deveria eleger pelo menos nove deputados, distribuídos em, no mínimo, nove estados do país.Quem não cumpre a cláusula fica sem acesso ao Fundo Partidário (dinheiro público destinado à manutenção dos partidos) e tempo de rádio e TV no horário eleitoral, o que, na prática, pode inviabilizar a sobrevivência do partido.Para contornar essa situação, algumas legendas planejam se fundir a outras e já entraram com pedido no Tribunal Superior Eleitoral (TSE). O PCdoB pretende incorporar o PPL. O Patriota quer abrigar o PRP. E o PHS vai se juntar ao Podemos.Se isso se confirmar, 27 partidos terão representatividade na Câmara.Também são esperadas mudanças no tamanho das bancadas, uma vez que deputados de siglas que se fundirem ou forem incorporadas a outras poderão migrar para outros partidos, sem risco de perder mandato.De olho nisso, alguns parlamentares já anunciaram que deixarão sua legenda de origem, como Bia Kicis, eleita pelo PRP no Distrito Federal e que irá para o PSL, do presidente da República, Jair Bolsonaro.Considerando o resultado das eleições de outubro, o PT saiu das urnas com a maior bancada: 56 _ embora o número seja menor do que o da legislatura passada no dia da eleição (61).O PSL foi o que mais cresceu. Tinha oito deputados, subiu para 52, a segunda maior bancada.O PP elegeu a terceira bancada, mesmo caindo de 50 para 37 deputados.Vários partidos, porém, articulam a formação de blocos parlamentares, o que mudará a configuração de forças dentro da Câmara. Isso porque a distribuição de vagas na Mesa Diretora e nas comissões permanentes é proporcional ao tamanho da bancada ou do bloco. "	-1
144	Em primeira agenda nos EUA, Bolsonaro janta com embaixador e ministros; Presidente chegou a Washington na tarde deste domingo (17); Na próxima terça-feira (19), Bolsonaro terá encontro privado com Donald Trump na Casa Branca.	"""Em primeira agenda nos EUA, Bolsonaro janta com embaixador e ministros ""Presidente chegou a Washington na tarde deste domingo (17). Na próxima terça-feira (19), Bolsonaro terá encontro privado com Donald Trump na Casa Branca.  O presidente Jair Bolsonaro participou, na noite deste domingo (17), de um jantar promovido pelo embaixador brasileiro em Washington, Sérgio Amaral.Sete ministros participaram do jantar, que teve, entre os convidados, lideranças conservadoras e jornalistas.Esta foi a primeira agenda do presidente em sua visita oficial aos Estados Unidos. Bolsonaro desembarcou na capital norte-americana na tarde deste domingo.A comitiva brasileira ficará em Washington até a próxima terça-feira, quando Bolsonaro terá encontro privado com o presidente dos Estados Unidos, Donald Trump, na Casa Branca.O embaixador brasileiro nos EUA é um dos chefes de representação diplomática no exterior que Bolsonaro pretende substituir nos próximos meses.Em conversa com jornalistas na semana passada, o presidente afirmou que está com uma imagem ruim no exterior e que, além de Amaral, representantes em outros países também serão trocados.O porta-voz de Bolsonaro, Otávio do Rêgo Barros, conversou com a imprensa durante o jantar e comentou a situação do embaixador brasileiro em Washington.Rêgo Barros afirmou que o embaixador Sérgio Amaral é uma ""pessoa especial"", mas declarou que Bolsonaro fará estudos para escolher um novo representante diplomático em Washington.""A intenção do presidente é fazer o estudo necessário para identificar as possibilidades de mudança"", disse.Em entrevista a jornalistas, o porta-voz declarou que a visita é um ""reconhecimento"" do Brasil como um líder da América Latina e uma das principais economias do mundo.Rêgo Barros destacou, entre os pontos da visita de Bolsonaro, a assinatura de um acordo de salvaguardas tecnológicas para o uso comercial da base de lançamento de Alcântara, no Maranhão.O acordo preserva a tecnologia usada pelos dois países e prevê que os Estados Unidos poderão lançar satélites e foguetes da base maranhense, mas o território continuará sob jurisdição brasileira.Questionado sobre o projeto com mudanças na previdência de militares, o porta-voz afirmou que a proposta está ""pronta"" e sob análise do ministro da Economia, Paulo Guedes.""Ele [Paulo Guedes] confia no nosso ministro da Defesa [Fernando Azevedo e Silva, responsável pela elaboração do texto], já discutiu sobre os pontos que são essenciais e a partir daí, apresentada que seja à nossa Câmara, ao nosso Congresso, ele dará o toque e a liderança que lhe é peculiar para aprovação, não apenas à proposta referente aos militares, mas principalmente da proposta amplo espectro que é tão importante para o nosso país"", afirmou Rêgo Barros.Ainda segundo o porta-voz, a previsão do governo é enviar o projeto de lei ao Congresso Nacional na próxima quarta-feira (20).Bolsonaro desembarcou por volta das 16h40 na base aérea de Andrews, próxima à capital Washington, onde a comitiva brasileira ficará hospedada e terá compromissos até a terça-feira (19), dia do retorno ao Brasil.Em uma rede social, depois do desembarque, Bolsonaro afirmou que, ""pela primeira vez em muito tempo"", chega a Washington um presidente brasileiro que não é antiamericano.""É o começo de uma parceria pela liberdade e prosperidade, como os brasileiros sempre desejaram"", disse.O presidente viajou com uma comitiva de ministros, entre os quais, Paulo Guedes (Economia), Sérgio Moro (Justiça e Segurança Pública) e Ernesto Araújo (Relações Exteriores). Entre os temas que serão abordados, além da base de Alcântara, estão:Bolsonaro está hospedado na Blair House, residência utilizada pelo governo norte-americano para receber chefes de Estado em visitas oficiais.Esta é a segunda viagem internacional de Bolsonaro como presidente _ a primeira foi a estreia no Fórum Econômico Mundial, em Davos (Suíça). A agenda do presidente nos EUA prevê ainda compromissos com líderes conservadores, lideranças religiosas e empresários.Na terça-feira, após o encontro com Trump, Bolsonaro e o presidente norte-americano farão uma declaração à imprensa no Rose Garden, seguida de uma visita do chefe de Estado brasileiro ao cemitério de Arlington.Bolsonaro tem previsão de desembarcar em Brasília na quarta-feira (20) e, no dia seguinte, partirá para uma visita ao Chile. Ainda no mês de março, o presidente fará sua primeira visita oficial a Israel. "	-1
145	"Técnicos que assinaram documento contra tabela do frete serão exonerados, diz ministério. Documento apresentado ao STF chamou grevistas de conspiradores. Os dois técnicos que assinaram uma manifestação do Ministério da Economia contra o tabelamento do frete rodoviário e que classificou os caminhoneiros grevistas de ""conspiradores"" serão exonerados no próximo dia 30, informou nesta sexta-feira (25) a assessoria de imprensa do Ministério da Economia. "	"""Técnicos que assinaram documento contra tabela do frete serão exonerados, diz ministério""Documento apresentado ao STF chamou grevistas de conspiradores. Assessoria disse que técnicos são remanescentes do governo anterior e enviaram documento sem autorização. Os dois técnicos que assinaram uma manifestação do Ministério da Economia contra o tabelamento do frete rodoviário e que classificou os caminhoneiros grevistas de ""conspiradores"" serão exonerados no próximo dia 30, informou nesta sexta-feira (25) a assessoria de imprensa do Ministério da Economia.O documento foi protocolado na quinta-feira (24) e criticou o governo Michel Temer por instituir os preços mínimos de frete.Conforme a assessoria, os dois técnicos que assinaram o documento não tinham autorização do ministro Paulo Guedes para enviar a peça ao Supremo. A assessoria disse que ambos são servidores remanescentes da gestão anterior.Além disso, o ministério afirma que uma nova manifestação será elaborada e enviada ao STF.O documento foi assinado eletronicamente por um dos técnicos no dia 14 de janeiro e pelo outro no dia 15 de janeiro, e protocolado no Supremo nesta quinta com o logotipo do Ministério da Economia.Conforme a assessoria de imprensa, trata-se de um documento elaborado em 6 de dezembro, ainda no governo Temer, e lançado em um sistema interno do ministério. Em 14 de janeiro, o documento foi editado, conforme a assessoria.No documento, os técnicos afirmaram que o governo Temer foi coagido a instituir preços mínimos.""A situação de calamidade por que passou o país naqueles dias colocou as autoridades públicas sem alternativa senão atender às demandas do movimento grevista, ainda que em detrimento do bem-estar social. (...) A ação legislativa do governo brasileiro na edição das MPs número 831 e 832, ulteriormente convertidas nas leis 13.703 e 13.713, todas de 2018, não teve natureza pública, e sim privada, em razão de materializar a vontade dos conspiradores"", afirmou o texto.Ainda segundo o texto, o tabelamento provoca reserva de mercado e ""institucionaliza um cartel"".A tabela com os preços mínimos para os fretes rodoviários foi estabelecida por uma medida provisória editada pelo presidente Michel Temer durante a greve dos caminhoneiros. A MP foi aprovada pelo Congresso Nacional e virou lei.A edição da tabela foi uma das reivindicações dos caminhoneiros, que protestavam contra o aumento no preço do óleo diesel. A paralisação da categoria, em maio, deixou postos de combustível sem gasolina; aeroportos sem querosene de aviação; e supermercados sem produtos.Três ações no Supremo questionam a tabela. As entidades argumentam que a MP fere a iniciativa do livre mercado e é uma interferência indevida do Estado na atividade econômica e na iniciativa privada.No começo de dezembro, o ministro Luiz Fux suspendeu a possibilidade de multas a quem descumprisse o tabelamento, o que esvaziava a medida e gerou protestos de caminhoneiros.Dias depois, o ministro derrubou a própria decisão e voltou a permitir as multas. A validade do tabelamento ainda será julgada pelo plenário do STF, mas não há previsão de data para isso. "	-1
146	"""Turma do STJ nega recurso do MPF sobre decisão que soltou o ex-governador Beto Richa."" ""A Sexta Turma do Superior Tribunal de Justiça (STJ) nega na terça-feira (12) o recurso do Ministério Público Federal (MPF) sobre a decisão que concedeu liberdade ao ex-governador do Paraná Beto Richa (PSDB)."" ""A investigação que originou o mandado de prisão apura supostos crimes na concessão de rodovias no estado."""	"""Turma do STJ nega recurso do MPF sobre decisão que soltou o ex-governador Beto Richa""No recurso, negado na terça-feira (12), procurador afirma que habeas corpus que concedeu liberdade a Richa deveria ter sido analisado pelo TRF-4 antes de passar pelo STJ. A Sexta Turma do Superior Tribunal de Justiça (STJ) negou na terça-feira (12) o recurso do Ministério Público Federal (MPF) sobre a decisão que concedeu liberdade ao ex-governador do Paraná Beto Richa (PSDB).Ele deixou a prisão no dia 1º de fevereiro, após decisão do presidente do STJ, ministro João Otávio de Noronha. Richa tinha sido preso por tempo indeterminado no dia 25 de janeiro, na deflagração da 58ª fase da Operação Lava Jato.A investigação que originou o mandado de prisão apura supostos crimes na concessão de rodovias no estado. O recurso do MPF contra o habeas corpus foi apresentado no dia 4 de fevereiro.O voto do relator Antonio Saldanha Palheiro não tinha sido divulgado até a publicação desta reportagem. Os ministros Laurita Vaz, Sebastião Reis Júnior, Rogerio Schietti Cruz e Nefi Cordeiro acompanharam o voto de Palheiro, conforme certidão de julgamento.No recurso, o subprocurador-geral da República Hindemburgo Chateaubriand Filho afirmou que o habeas corpus deveria ter sido analisado antes pelo Tribunal Regional Federal da 4ª Região, uma instância inferior ao STJ.Além disso, disse que depoimentos, imagens de câmeras de segurança e registros de ligações comprovam que uma pessoa diretamente vinculada a Beto Richa teria agido para influenciar e coagir uma testemunha em agosto de 2018.Ao mandar soltar Richa, Noronha concedeu ainda um salvo-conduto que impede que ele e o irmão José Richa Filho, conhecido como Pepe Richa, ex-secretário estadual, sejam presos novamente no âmbito da mesma operação, exceto se houver motivo concreto previsto em lei.A Justiça Federal do Paraná considerou que a prisão era necessária por ""conveniência"" do andamento do processo em razão da suspeita de ação de obstrução, por supostamente coagir testemunha.Noronha considerou que não havia motivos para uma nova prisão de Beto Richa e mencionou que os fatos atribuídos ao ex-governador do Paraná são antigos, pois se referem ao período de 2011 e 2012.Veja mais notícias do estado no G1 Paraná."	-1
147	A Operação Lava Jato completa cinco anos neste domingo (17) com novo juiz, mudanças na composição das equipes de investigação da Polícia Federal (PF) e a polêmica sobre a criação de um fundo com R$ 2,567 bilhões devolvido pela Petrobras devido a um acordo fechado com as autoridades norte-americanas.Da deflagração da primeira fase, em uma segunda-feira de 2014, decorreram outras 59 etapas, 49 sentenças e mais de 150 condenados.Da deflagração da primeira fase, em uma segunda-feira de 2014, decorreram outras 59 etapas, 49 sentenças e mais de 150 condenados. 	"""Lava Jato completa cinco anos com novo juiz, mudanças nas equipes de investigação e polêmica sobre fundo ""Primeira fase da operação foi deflagrada em 17 de março de 2014. Desde então, já foram outras 59 fases e mais de 150 condenados. A Operação Lava Jato completa cinco anos neste domingo (17) com novo juiz, mudanças na composição das equipes de investigação da Polícia Federal (PF) e a polêmica sobre a criação de um fundo com R$ 2,567 bilhões devolvido pela Petrobras devido a um acordo fechado com as autoridades norte-americanas.Da deflagração da primeira fase, em uma segunda-feira de 2014, decorreram outras 59 etapas, 49 sentenças e mais de 150 condenados. Ao todo, R$ 13 bilhões são alvo de recuperação por meio de leniências, acordos e Termos de Ajustamento de Conduta (TAC).Depois de mais de quatro anos e meio como o juiz frente às ações penais da Lava Jato do Paraná, na primeira instância, Sérgio Moro pediu exoneração do cargo ao aceitar o convite do presidente Jair Bolsonaro (PSL) para assumir o Ministério da Justiça e Segurança Pública.Desde a deflagração da operação, a 13ª Vara Criminal de Curitiba passou a julgar exclusivamente processos decorrentes da operação, mas permaneceu com aqueles que já tramitavam antes da Lava Jato.De 2014 até deixar o cargo, Moro sentenciou 45 processos da operação. Entre os condenados pelo juiz federal, que teve sua imagem retratada em bonecos infláveis gigantes durante manifestações contra a corrupção, estão doleiros, ex-diretores da Petrobras, empresários ligados a grandes empreiteiras do país, ex-deputados federais e um ex-presidente da República.Foi Moro quem condenou Luiz Inácio Lula da Silva pelos crimes de corrupção passiva e de lavagem de dinheiro, no caso do triplex em Guarujá. A sentença foi confirmada na segunda instância e levou o ex-presidente à prisão, em abril de 2018. Lula nega as acusações.A juíza substituta Grabriela Hardt assumiu os processos da Lava Jato interinamente após o pedido de afastamento de Moro. A primeira sentença dela foi publicada três dias após o pedido de exoneração de Moro.Entre as quatro sentenças de Hardt no período em que esteve frente à 13ª Vara Federal de Curitiba, está a que condenou Lula pela segunda vez na Lava Jato, no caso do sítio de Atibaia. O ex-presidente disse que é inocente e que vai recorrer.Em resposta à sentença, as defesas, o MPF e a assistência de acusação pediram algumas alterações no texto. Um dos erros apontados foi o fato de a magistrada ter colocado, em um trecho do documento, o termo ""apartamento"" no lugar de ""sítio"".Em documento publicado 22 dias após a sentença, Hardt atribuiu o erro ao fato de ter usado, como ""modelo"" para a redação daquele trecho específico, o texto referente ao triplex do Guarujá.""Acato apontamentos feitos pelas partes, corrigindo omissões e erros materiais, justificando-os pelo excesso de volume de trabalho durante o período de elaboração da sentença, boa parte do qual exigindo urgência desta magistrada em razão do número de investigados/réus presos em inquéritos e ações penais em tramitação, com a concomitante redução momentânea do número de servidores na unidade"", diz o documento.Em 6 de março, o juiz federal Luiz Antônio Bonat assumiu a 13ª Vara Federal de Curitiba. Entre os 25 candidatos inscritos para o lugar de Moro frente aos processos da Lava Jato, Bonat, de 64 anos, era o que tinha mais tempo de magistratura _ ingressou em 1993. Ele deixou a 21ª Vara Federal, também em Curitiba, especializada em casos da área previdenciária.O magistrado herdou 41 processos criminais em andamento, 12 dos quais já passaram pela fase de instrução e aguardam a sentença.Na primeira audiência da Lava Jato, um dia após ter assumido, Bonat ouviu os depoimentos do doleiro Alberto Youssef, do ex-diretor da Odebrecht Fernando Migliaccio e da auditora fiscal da Receita Federal do Brasil (RFB) Ana Paula Souza da Silva, na ação que apura superfaturamento na construção de uma sede da Petrobras em Salvador.Outro nome que deixou Curitiba com Moro foi Flávia Maceno Blanco, que durante a Lava Jato o assessorou. Ela foi diretora de secretaria na 13ª Vara da Justiça Federal e, atualmente, é chefe de gabinete do ministro.A PF em Curitiba, onde três equipes atuam exclusivamente na Lava Jato, teve alterações significativas de pessoal neste ano. Ao menos cinco nomes deixaram a capital paranaense, a maioria rumo a Brasília:No lugar de Valeixo, assumiu Luciano Flores, que já tinha atuado em fases importantes da Lava Jato e avalia como positivas as mudanças ocorridas na equipe. Em entrevista ao G1, Flores disse que espera chegar, em 2019, a 50 profissionais trabalhando exclusivamente na operação.""Então, se nós conseguirmos atingir esse objetivo, de pessoas que têm perfil para isso, de formar entre oito a dez equipes policiais, nós chegaríamos a um número de 50 profissionais dedicados exclusivamente à Lava Jato em Curitiba. Esse seria um número ideal para que a gente pudesse dar vazão às nossas necessidades"", declarou.Flores falou sobre a necessidade de realização de concursos públicos para a contratação de policiais e de agentes administrativos para atender a demanda da PF. Ele disse acreditar que o ministro da Justiça e da Segurança Pública Sérgio Moro, que atuou por mais de quatros anos como juiz da operação, tem conhecimento das carências da corporação.O G1 entrou em contato com o Ministério da Justiça e Segurança Pública para saber se há previsão de realização de concurso público para contratação de policiais e agentes administrativos e aguarda retorno.A força-tarefa da Lava Jato do MPF do Paraná se envolveu, recentemente, em uma polêmica sobre a criação de um fundo privado bilionário para gerir recursos recuperados na operação.O projeto previa a constituição de uma fundação de direito privado para destinar parte dos recursos a iniciativas sociais, em áreas como saúde, educação e meio ambiente.O primeiro passo foi dado em 25 de janeiro, quando a Justiça Federal homologou acordo entre MPF e Petrobras na qual a estatal se comprometeu a depositar US$ 682,56 milhões como restituição dos crimes identificados na Lava Jato. Em 30 de janeiro, a Petrobras depositou o equivalente em reais (R$ 2,567 bilhões) em conta vinculada à 13ª Vara Federal de Curitiba, que julga os casos da operação.Desse valor, cerca de R$ 1,25 bilhão seria aplicado em um fundo patrimonial gerido por uma fundação independente e distribuídos os rendimentos para projetos de combate à corrupção e promoção da cidadania e da integridade.Porém, na terça-feira (12), o MPF pediu a suspensão da criação do fundo. No mesmo dia, a procuradora-geral da República, Raquel Dodge, pediu ao Supremo Tribunal Federal (STF) a anulação de todo o acordo. Na quarta-feira (13), o juiz Luiz Antônio Bonat decidiu suspender, por 90 dias, os procedimentos para a criação do fundo privado.Na sexta-feira (15), o ministro do Supremo Tribunal Federal Alexandre de Moraes suspendeu o acordo de criação do fundo e determinou ainda o bloqueio dos valores já depositados pela Petrobras em uma conta ligada à 13ª Vara Federal de Curitiba.Moraes também deu prazo de dez dias aos envolvidos no acordo para prestarem informações.A Lava Jato também tem uma operação especial instaurada na Receita Federal, que participa das investigações desde o início, fazendo o cruzamento e análise de dados de pessoas e empresas alvos.No decorrer dos cinco anos da Lava Jato, a Receita Federal teve um papel importante e fez descobertas como as divergências nas declarações de Imposto de Renda do marqueteiro João Santana e da mulher dele, Monica Moura. De acordo com o levantamento, o patrimônio de Santana aumentou de R$ 1 milhão em 2004, para R$ 59 milhões em 2014, em valores não corrigidos.O G1 tentou contato com a defesa de João Santana e Monica Moura mas não obteve retorno.Também foi a Receita que identificou o recebimento de R$ 1,4 milhão pela empresa JD Consultoria, do ex-ministro da Casa Civil, José Dirceu. Segundo o órgão, o valor foi recebido de uma empresa que pertence a um dos operadores do esquema de corrupção na Petrobras.Dirceu foi condenado por corrupção passiva, organização criminosa e lavagem de dinheiro em ação penal da Lava Jato que tratou dessas transações financeiras.De acordo com o advogado Roberto Podval, que defende José Dirceu, não foi encontrado nenhum valor significativo nas contas do ex-ministro.""O que ficou claro no final desse episódio é de que não foi encontrada nenhuma conta ou movimentação financeira no Brasil ou no exterior com qualquer valor significativo, diferentemente do que foi encontrado do Milton Pascowitch"", afirmou Podval.MudançaRoberto Leonel, que era chefe do Escritório de Pesquisa e Investigação da Receita Federal no Paraná e sempre participou da Lava Jato, neste ano assumiu o Conselho de Controle de Atividades Financeiras (Coaf). No lugar dele, assumiu o auditor-fiscal Edson Shinia Suzuki.EstruturaNo órgão, a atuação se divide basicamente em duas partes:Uma estrutura foi criada na Receita para identificar contribuintes citados e apurar eventuais crimes tributárias e fiscais a partir de crimes como a lavagem de dinheiro, investigados pela Lava Jato.A EEF tem uma estrutura que permite chegar aos diferentes núcleos do esquema de corrupção, com o objetivo de que os envolvidos sejam cobrados pelos crimes tributários. Até o início de dezembro de 2018, últimos dados disponíveis no site da Receita Federal, a EEF tinha instaurado 2.971 procedimentos, sendo 610 fiscalizações e mais de 2,3 mil diligências e perícias.De 2014 a dezembro de 2018, as fiscalizações da EEF da Lava Jato na Receita Federal geraram autuações que somam R$ 17,8 bilhões.Além das 91 denúncias criminais, o Ministério Público Federal ajuizou outras dez ações por improbidade administrativa, que têm como alvos 18 empresas, três partidos (PP, PSB e MDB) e 63 pessoas físicas _ incluindo o ex-presidente da Câmara dos Deputados Eduardo Cunha e ex-diretores da Petrobras.Nessas ações, são cobrados _ entre danos materiais, danos morais coletivos e multa civil _ R$ 18.393.206.732,57 dos envolvidos.Dos dez processos por improbidade administrativa, nenhum tinha sido sentenciado até a tarde de sexta-feira (15). Um deles está com a tramitação suspensa desde julho de 2018.No entanto, em alguns casos já houve a determinação de bloqueio de bens para garantir o ressarcimento aos cofres públicos em caso de condenação.A última ação do tipo apresentada à Justiça, em dezembro de 2018, pede a responsabilização por atos de improbidade administrativa contra o Partido Socialista Brasileiro (PSB), o Movimento Democrático Brasileiro (MDB) e cinco políticos.A força-tarefa pede o pagamento de mais de R$ 3 bilhões, perda dos cargos, suspensão de direitos políticos por dez anos e perda dos direitos de contagem e fruição da aposentadoria pelo regime especial.À época do pedido, o MDB disse em nota que todos os recursos recebidos como doação pelo partido foram contabilizados e todas as contas foram aprovadas.Em nota, o PSB informou que sempre foi favorável a toda investigação, ""sobre quem quer que seja, desde que respeitado o amplo direito de defesa e o devido processo legal, conforme estabelece a Constituição Federal"".O G1 não conseguiu contato com o PP.O advogado Diego Campos, coordenador da pós-graduação na Academia Brasileira de Direito Constitucional, explica que a ação de improbidade administrativa tramita independentemente da existência de uma ação penal, com tiro processual diferente e com punições previstas na Constituição Federal.""Em especial, a finalidade dela é a punição, a aplicação de algumas penas (...) para aqueles que causam prejuízos à administração pública, que pode ser tanto um agente público, como eventualmente pessoas [físicas] e entidades privadas que de alguma forma participem de atos que venha a prejudicar a administração pública"", detalha Campos.Entre as penas previstas, estão a perda da função pública e bloqueio de bens e valores antes da sentença, para garantir o ressarcimento ao poder público em caso de condenação e suspensão dos direitos políticos.Nos casos de ações de improbidade, a apresentação pode ser pelo MPF e os entes prejudicados pelo ato de improbidades, como a Advocacia Geral da União (AGU), nos casos de danos à União. De acordo com o advogado, não pode haver duplicidade no valor do ressarcimento de danos entre ações penais e ações de improbidade.""A reparação tem que ser na exata medida do dano, quando eu falo de reparação, de ressarcimento. Então eu estabeleço um valor do dano e não pode haver condenação além do dano efetivo. Mas quando eu falo de penalidades, aí sim pode ser acumulado multa civil e assim por diante"", afirma Campos.Ele explica ainda que o dano ao erário não prescreve.""Já atuei em casos em que, no âmbito da ação penal, o crime prescreveu. E lá eles também têm uma medida cautelar de bloqueio de bens, para garantir um eventual ressarcimento e multa lá na frente. O que acontece? A ação penal prescreve e no âmbito da ação de improbidade o Ministério Público pede a indisponibilidade para garantir um possível ressarcimento no âmbito da ação de improbidade.""Veja mais notícias da região no G1 Paraná. "	-1
148	O presidente Rodrigo Maia me disse que instalação [da CCJ] deve ser entre terça [12] e quarta [13]. Se a CCJ não for instlada na semana que vem, a reforma da Previdência pode ser votada no plenário da Câmara somente no segundo semestre deste ano. O presidente Jair Bolsonaro em 22 de fevereiro, e será analisada primeiro pela CCJ.	"""Previdência pode ficar para 2º semestre se CCJ não for instalada na semana que vem, diz deputado"" O deputado Felipe Francischini (PSL-PR), futuro presidente da Comissão de Constituição e Justiça, afirmou nesta quarta-feira (6) que, se a CCJ não for instalada na próxima semana, a reforma da Previdência pode ser votada no plenário da Câmara somente no segundo semestre deste ano, informa o repórter Nilson Klava, da GloboNews.A proposta foi entregue pelo presidente Jair Bolsonaro em 22 de fevereiro, e será analisada primeiro pela CCJ. Depois, a discussão caberá a uma comissão especial. Por fim, o texto será enviado ao plenário da Câmara, onde precisará dos votos de pelo menos 308 dos 513 deputados, em dois turnos de votação. Se aprovada, seguirá para o Senado.""O presidente Rodrigo Maia me disse que instalação [da CCJ] deve ser entre terça [12] e quarta [13]. Ainda estamos esperando as indicações dos líderes para a comissão. Se não instalar na semana que vem, acho difícil que o texto final da reforma seja votado no plenário ainda no primeiro semestre. A CCJ vai ser o grande termômetro"", afirmou o futuro presidente da comissão.Pelo acordo do presidente da Câmara, Rodrigo Maia (DEM-RJ), com os partidos, o PSL comandará a CCJ. O presidente do partido, Luciano Bivar, anunciou a indicação de Felipe Francischini.O deputado afirmou nesta quarta que fará a escolha do relator da reforma um dia após a CCJ ser instalada.Alguns líderes de partidos aliados ao governo têm protelado a indicação de integrantes com o objetivo de enviar ao Palácio do Planalto uma sinalização de descontentamento diante da falta de articulação e da divisão de espaços.Outra questão colocada por deputados é o envio do projeto com mudanças na aposentadoria dos militares.O líder do PRB, Jhonatan de Jesus (RR), por exemplo, disse que o partido já definiu os integrantes para a CCJ, mas só vai apresentar os nomes após o governo enviar o texto.""Nós não vamos iniciar o processo da Comissão Especial sem o envio das mudanças na aposentadoria dos militares. O PRB não indicará seus integrantes"", afirmou o líder. "	-1
149	Declarações do ministro da Educação causam polêmica e provocam reações no Congresso. Parlamentares querem que ele vá ao Congresso para se explicar. Declarações e propostas do ministro da Educação, Ricardo Vélez Rodríguez, têm causado polêmica e já provocaram reações no Congresso. Declarações e propostas do ministro da Educação, Ricardo Vélez Rodríguez, têm causado polêmica e já provocaram reações no Congresso.	"""Declarações do ministro da Educação causam polêmica e provocam reações no Congresso""Ricardo Vélez Rodríguez defendeu a volta da educação moral e cívica nas escolas e disse que universidade não é para todos. Parlamentares querem que ele vá ao Congresso para se explicar. Declarações e propostas do ministro da Educação, Ricardo Vélez Rodríguez, têm causado polêmica e já provocaram reações no Congresso _ parlamentares defendem que o ministro vá ao Congresso para dar explicações.Entre outros assuntos, Rodríguez disse que a universidade não é para todos e defendeu incluir a disciplina educação moral e cívica no currículo do ensino fundamental _ para os estudantes aprenderem o que é ser brasileiro e quais são ""os nossos heróis"".Na edição do último fim de semana, a revista ""Veja"" publicou entrevista concedida pelo ministro.Vélez Rodríguez disse que a volta da disciplina educação moral e cívica nas escolas é uma forma de ensinar ao adolescente que viaja ""que há contextos sociais diferentes e que as leis de outros países devem ser respeitadas"".Rodríguez afirmou que, viajando, o brasileiro é um ""canibal"". ""Rouba coisas dos hotéis, rouba o assento salva-vidas do avião; ele acha que sai de casa e pode carregar tudo. Esse é o tipo de coisa que tem de ser revertido na escola"", disse o ministro.Na noite desta segunda-feira (4), o ministro voltou a defender o ensino de moral e cívica em um vídeo na página do Ministério da Educação.""Eu vou dar muita ênfase a isso, à retomada desse processo de ensino de valores fundamentais, fundantes da nossa vida cidadã. Tanto no ensino infantil quanto no ensino fundamental, ao longo de todo o ensino fundamental e _ por que não? _ continuando no nível universitário"", afirmou.O senador Major Olímpio, do PSL, partido do presidente Jair Bolsonaro, apoia a proposta do ministro.""Isso vai valorizar, vai ampliar a formação e a visão do cidadão brasileiro a partir da escola, coisas mínimas que hoje, se observa: que as pessoas não sabem mais cantar o Hino Nacional, não conhecem o símbolo pátrio. Então, isso é importante. Não conhecem minimamente a estrutura de funcionamento do estado brasileiro"", disse o senador.Ainda na entrevista à revista ""Veja"", Ricardo Vélez Rodríguez criticou a atriz e cineasta Carla Camuratti porque, segundo afirmou, ela colocou ""Dom Joãozinho"" _ referindo-se ao príncipe regente d. João VI, que chegou ao Brasil com a família real em 1808 _ ""como um reles comedor de frango, sem nenhuma serventia"".O ministro se referia ao filme ""Carlota Joaquina"", que, na verdade, não é um documentário, mas uma paródia de um momento histórico. Carla Camuratti preferiu não comentar a crítica do ministro.Na entrevista, Rodríguez também repetiu que a universidade não é para todos, que representa uma elite intelectual, ""para a qual nem todo mundo está preparado ou para a qual nem todo mundo tem disposição ou capacidade"".Ricardo Velez Rodríguez elogiou o programa Escola Sem Partido e fez críticas ao que chama de ""ideologização precoce de crianças na escola"".Ele afirmou que a escola não serve para fazer política e que a ideologização nas escolas é ""um abuso, um atentado ao pátrio poder e uma invasão da militância em um aspecto que não lhe compete"". E ameaçou: quem praticar isso ostensivamente vai responder à legislação.Sobre a liberdade de ensino, disse que liberdade não é fazer o que se deseja. ""Liberdade é agir, fazer escolhas dentro dos limites da lei e da moralidade. Fazer o que dá vontade não é ser livre. Isso é libertinagem. No Brasil, por força de ciclos autoritários, temos uma visão enviesada da liberdade. Liberdade não é o que pregava Cazuza, que dizia que liberdade é passar a mão no guarda. Não! Isso é desrespeito à autoridade, vai para o xilindró"", afirmou.A mãe de Cazuza, Lucinha Araújo, afirmou que o filho nunca disse isso e esclareceu que a frase é de autoria dos humoristas do Casseta e Planeta.Em uma carta aberta, Lucinha cobrou uma retratação. Nesta terça, Vélez Rodríguez ligou para ela a fim de pedir desculpas.""Eu achei que ele além de ser mal informado, ele foi leviano de dar uma declaração dessas"", afirmou Lucinha Araújo. ""Como é que o senhor pôs na boca do meu filho? Ele disse: Ah! senhora, mil perdões. Eu não sei como eu vou me desculpar. Eu falei: Quero que o senhor se desculpe publicamente"", relatou.No fim da tarde, o ministro da Educação se desculpou em uma rede social. Disse que a conversa foi tocante e que combinou uma visita a Lucinha Araújo quando for ao Rio. E finalizou: ""O amor do coração de uma mãe por seu filho é algo valoroso"".A presidente do movimento Todos Pela Educação, Priscila Fonseca da Cruz, também criticou declarações do ministro. Ela disse que o país precisa identificar e enfrentar os problemas reais da educação.""O problema central da educação brasileira é que a gente não tem conseguido garantir aprendizagem dos nossos alunos. Esse é o principal desafio. E como que a gente resolve esse desafio? Com formação de professores, escolas bem geridas, com tempo integral, com material didático de qualidade, com uma boa base nacional curricular. É assim que se resolve"", declarou.As declarações do ministro da Educação também provocaram reações no Congresso.Na Câmara e no Senado, já estão prontos pedidos para que Ricardo Vélez Rodríguez explique as declarações, consideradas desrespeitosas, preconceituosas e que atacam direitos garantidos na Constituição.No Senado, Randolfe Rodrigues (Rede-AP), líder do partido, contestou o ministro e disse que a educação é direito de todos.""Não se pode, a despeito de querer banir uma pretensa ideologização, tentar impor uma outra ideologia nas escolas. Na verdade, o que ele argumenta fere um princípio constitucional que é o princípio da liberdade de cátedra. E do pluralismo de ideias pelo qual está assentada a nossa educação"", disse o senador.""Está na nossa Constituição: educação é dever de todos, é direito de todos e é dever do estado. Ele, ao se referir à universidade só para alguns, desconhece um princípio constitucional elementar"", afirmou Randolfe Rodrigues.O deputado Alessandro Molon (PSB-RJ) quer que o ministro vá ao plenário da Câmara dar explicações.""Ele atacou de forma inaceitável a honra dos brasileiros, chamando a todos de ladrões. E nós não aceitamos isso. Ele tem que vir à Câmara se explicar e pedir desculpas aqui ao povo brasileiro"", disse Molon.A assessoria de Vélez Rodriguez divulgou uma nota em que declara que, ao falar sobre as universidades, o ministro queria dar ênfase à valorização do ensino básico e técnico.Para ele, segundo a nota, o ensino superior está aberto a todos os estudantes que quiserem ingressar por livre escolha, e não por imposição do mercado.Sobre a declaração de que o brasileiro viajando é um canibal, a assessoria do ministro afirmou que ele estava se referindo a casos específicos de determinados jovens e não quis generalizar. "	-1
150	Juiz aceita denúncia e torna réus 17 investigados em apuração sobre propina no Banco Brasília. Operação Circus Maximus apura irregularidades em fundos de investimento. Os procuradores pediram a condenação dos 17 investigados por supostas ilegalidades envolvendo investimentos realizados pelo BRB. Uma organização criminosa atuava no banco desde 2014.	"""Juiz aceita denúncia e torna réus 17 investigados em apuração sobre propina no Banco Brasília""Operação Circus Maximus apura irregularidades em fundos de investimento. Acusações são sobre crimes contra o sistema financeiro, corrupção, lavagem de dinheiro e gestão temerária. O juiz Vallisney de Oliveira, da 10ª Vara de Justiça Federal em Brasília, aceitou denúncia oferecida pelo Ministério Público Federal contra 17 pessoas investigadas na operação Circus Maximus _ que apura crimes cometidos por dirigentes do Banco de Brasília (BRB).A operação investiga um esquema de pagamento de propinas a diretores e ex-diretores do BRB em troca de investimentos em projetos como o do extinto Trump Hotel, no Rio de Janeiro, atualmente LSH Lifestyle. De acordo com os investigadores, uma organização criminosa atuava no banco desde 2014.Na denúncia, aceita pela Justiça, os procuradores pediram a condenação dos 17 investigados por supostas ilegalidades envolvendo investimentos realizados pelo BRB. Os denunciados se tornaram réus por crimes contra o sistema financeiro, gestão fraudulenta, corrupção, lavagem de dinheiro, entre outros.Segundo as investigações, o esquema gerou um prejuízo de aproximadamente R$ 348 milhões ao BRB, participantes de fundos de pensão e regimes de previdência, poupadores e ao sistema financeiro nacional.Na denúncia, os procuradores pedem, além da condenação dos envolvidos, o confisco de valores, bem como uma indenização correspondente ao triplo das quantias desviadas por cada um, por danos materiais, morais e sociais causados.Na decisão, o juiz federal Vallisney de Oliveira afirmou que ""está demonstrada até agora a plausibilidade das alegações contidas na denúncia em face da circunstanciada exposição dos fatos tidos por criminosos e as descrições das condutas em correspondência aos elementos que instruem a denúncia"".À época da denúncia, o BRB informou por meio de nota que ""colabora integralmente com todas autoridades competentes"" e que está adotando ""todas as medidas judiciais cabíveis visando preservar o banco e suas controladas"".Com a decisão do juiz federal, se tornaram réus no caso: Adonis Assumpção Pereira Júnior, Adriana Fernandes Bijara Cuoco, Arthur César de Menezes Soares Filho, Dilton Castro Junqueira Barbosa, Diogo Rodrigues Cuoco, Felipe Bedran Calil, Felipe Bedran Calil Filho, Henrique Domingues Neto, Henrique Leite Domingues, Nathana Martins Bedran Calil, Nilban de Melo Júnior, Paul Elie Altit, Paulo Renato de Oliveira Figueiredo Filho, Paulo Ricardo Baqueiro de Melo, Ricardo Luís Peixoto Leal, Ricardo Siqueira Rodrigues, Vasco Cunha Gonçalves. "	-1
151	Governo avalia reduzir contribuição previdenciária de trabalhadores de baixa renda. A equipe econômica do governo avalia incluir na reforma da Previdência Social uma proposta para reduzir de 8% para 7,5% a alíquota da contribuição previdenciária de trabalhadores de baixa renda. Paralelamente a isso, o governo avalia aumentar a alíquota dos trabalhadores de alta renda, aplicando o seguinte princípio: quem ganha mais paga mais.	"""Governo avalia reduzir contribuição previdenciária de trabalhadores de baixa renda"" A equipe econômica do governo avalia incluir na reforma da Previdência Social uma proposta para reduzir de 8% para 7,5% a alíquota da contribuição previdenciária de trabalhadores de baixa renda.Paralelamente a isso, o governo avalia aumentar a alíquota dos trabalhadores de alta renda, aplicando o seguinte princípio: quem ganha mais paga mais.A tabela atual de contribuição prevê as seguintes alíquotas:A proposta, em fase de finalização pela equipe econômica, procura ""desmontar os privilégios e desigualdades"" do sistema, conforme tem dito o ministro da Economia, Paulo Guedes.Nas simulações mais recentes, a economia com a reforma poderia ficar entre R$ 700 bilhões e R$ 1,3 trilhão. Por isso o ministro tem falado em uma economia de ""pelo menos R$ 1 trilhão"" com a reforma.Se houver alívio em uma das pontas da reforma, como idade mínima diferente para homens e mulheres, ou um período de transição mais longo, isso terá que ser compensado em outros pontos da reforma.Em princípio, as simulações serão levadas ao presidente Jair Bolsonaro assim que ele deixar o hospital. Uma vez aprovada, a proposta será divulgada e encaminhada ao Congresso imediatamente. "	-1
152	Governo revisa decreto sobre nomeações para prever regras a partir de 1º de janeiro. Agora, as regras para nomeações passam a valer desde 1º de janeiro deste ano, e não a partir 15 de maio, como previa o decreto original do governo. O ministro Onyx Lorenzoni, da Casa Civil, afirmou que haverá um novo decreto, com o novo prazo. Segundo o ministro, as regras do decreto valerão para todos os nomeados a partir de 1º de janeiro.	"""Governo revisa decreto sobre nomeações para prever regras a partir de 1º de janeiro""Decreto publicado pelo governo na segunda-feira (18) aplica critérios da lei da Ficha Limpa para nomeação de cargos em comissão no Executivo Federal. O governo federal decidiu revisar nesta terça-feira (19) o decreto que aplica critérios da lei da Ficha Limpa para nomeação de cargos em comissão no Executivo Federal. Agora, as regras para nomeações passam a valem desde 1º de janeiro deste ano, e não a partir 15 de maio, como previa o decreto original do governo.Apresentado como uma das medidas dos primeiros 100 dias de governo, o decreto foi publicado nesta segunda (18), no ""Diário Oficial da União"". Atualmente, a nomeação para cargos de comissão é livre e fica a cargo do ministro responsável pela área.O ministro Onyx Lorenzoni, da Casa Civil, afirmou que haverá um novo decreto, com o novo prazo. Segundo o ministro, as regras do decreto valerão para todos os nomeados a partir de 1º de janeiro deste ano.""O governo quer que os critérios valham para todos de maneira universal, e amanhã o presidente assina, tá aqui o documento, já com vigência imediata, de tal forma que os critérios que foram determinados pelo decreto publicado na sexta-feira, que tratam da incorporação aos atos da administração federal dos critérios da ficha limpa, valerão para todos aqueles que estão nomeados designados, desde primeiro de janeiro de 2019"", afirmou o ministro.Mais cedo, nesta terça, o presidente da Câmara, Rodrigo Maia (DEM-RJ), afirmou que o decreto do governo é ""muito bom"" e ""vai na linha correta"", mas continha o ""erro"" de não prever as regras desde 1º de janeiro.Rodrigo Maia disse, ainda, que os líderes partidários passaram a ""cobrar"" uma mudança na data de vigência do decreto.""O decreto é muito bom, acho que vai na linha correta. Só acho que tem um erro. Ele tem que valer a partir de primeiro de janeiro. É uma coisa até meio impactante _ fazer uma uma publicação de um decreto, chamar tanta atenção pra uma coisa que é fundamental. E que já é assim, de certa forma, só não tem uma regulação por decreto, mas a Casa Civil já faz assim há muitos anos, filtrando a qualificação. Mas valer só daqui pra frente? Parece que os de trás não precisam ter qualificação - os que foram nomeados a partir de primeiro de janeiro?"", afirmou Rodrigo Maia.Os cargos em comissão de que trata o texto são os conhecidos como DAS e FCPE. São cargos da administração pública tidos como de confiança e não são preenchidos por concurso público. Isso não significa que servidores concursados não podem ocupá-los.Pela nova norma, não poderão exercer cargos em comissão pessoas que caírem nos critérios de inelegibilidade da Ficha Limpa.A Ficha Limpa torna inelegível, por exemplo, quem for condenado por órgão colegiado por crimes como: formação de quadrilha, lavagem de dinheiro, crimes contra a administração pública, entre outros.De acordo com o texto, são critérios gerais para as nomeações:Há também outros requisitos estabelecidos no decreto, que são mais rígidos quanto maior for a remuneração do cargo em comissão.O texto prevê, de acordo com o nível do cargo, exigências relacionadas a tempo de experiência e especialidades profissionais. O nomeado deve cumprir no mínimo um dos requisitos a seguir:DAS e FCPE níveis 2 e 3Nível 4Nível 5 e 6O texto ainda prevê que, em casos excepcionais, poderão ser dispensados os critérios específicos relacionados ao tempo de experiência e especialidades profissionais. De acordo com o decreto, o ministro deve justificar a dispensa dos critérios em casos de ""peculiaridades do cargo ou do número limitado de postulantes para a vaga"". "	-1
153	"O governo edita decreto que cria possibilidades para cidadão usar CPF no lugar de outros documentos. CPF poderá ser usado em órgãos do Executivo Federal para, por exemplo, obtenção de benefícios do governo. O governo publicou no ""Diário Oficial da União"" (DOU) desta terça-feira (12) um decreto que permite ao cidadão usar o CPF para substituir outros documentos em situações específicas. O CPF poderá ser usado no lugar de outros documentos em situações em que o cidadão tiver que apresentar, perante o poder público federal, dados para exercer obrigações ou direitos."	"""Governo edita decreto que cria possibilidades para cidadão usar CPF no lugar de outros documentos""CPF poderá ser usado em órgãos do Executivo Federal para, por exemplo, obtenção de benefícios do governo. Medida faz parte de preparação para adoção de documento digital único.  O governo publicou no ""Diário Oficial da União"" (DOU) desta terça-feira (12) um decreto que permite ao cidadão usar o CPF para substituir outros documentos em situações específicas.De acordo com o decreto, o CPF poderá ser usado no lugar de outros documentos em situações em que o cidadão tiver que apresentar, perante o poder público federal, dados para exercer obrigações ou direitos. Também valerá para recebimento de benefícios. O texto não dispensa, por exemplo, a obrigatoriedade de o motorista dirigir portando a Carteira Nacional de Habilitação (CNH).Os órgãos do governo federal terão três meses para adequar o atendimento ao cidadão com base no decreto. Terão ainda o prazo de um ano para unificar cadastros e as bases de dados a partir do número do CPF.Os documentos que poderão ser substituídos nesses casos são:De acordo com o governo, a medida faz parte de um processo preparatório para a adoção do Documento Nacional de Identidade, espécie de documento único digital. O projeto-piloto do documento único foi apresentado pelo governo no ano passado. "	-1
154	Bebianno avisa que só deixa o governo se tiver saída honrosa. Em conversas reservadas, Bebianno tem dito que faz parte do jogo o presidente mudar os integrantes da sua equipe em qualquer momento. Mas não esteve com o presidente Jair Bolsonaro. A expectativa de Bebianno é a de ser recebido pelo presidente em breve para uma conversa franca.	"""Bebianno avisa que só deixa o governo se tiver saída honrosa "" Em conversa com colegas de governo, o ministro-chefe da Secretaria Geral da Presidência, Gustavo Bebianno, deixou claro que para deixar o cargo terá que ser construída ""uma saída honrosa"". Na noite desta quinta-feira (14), Bebianno chegou a se encontrar com os colegas de Palácio do Planalto, os ministros Onyx Lorenzoni (Casa Civil) e Carlos Alberto dos Santos Cruz (Secretaria de Governo).Mas não esteve com o presidente Jair Bolsonaro. A expectativa de Bebianno é a de ser recebido pelo presidente em breve para uma conversa franca. Para interlocutores, Bolsonaro ainda resistia até a noite desta quinta em fazer esse encontro, e preferia que Bebianno pedisse demissão até segunda-feira (18).Em conversas reservadas, Bebianno tem dito que faz parte do jogo o presidente mudar os integrantes da sua equipe em qualquer momento. Mas que não pode aceitar o tratamento dispensado por Bolsonaro, que acabou avalizando a fala do seu filho, o vereador Carlos Bolsonaro, ao chamá-lo de mentiroso.Depois de uma forte atuação de integrantes da área militar do governo, a temperatura da crise política baixou nas últimas horas. Na avaliação de um ministro próximo ao presidente, isso possibilitará encontrar uma solução negociada para o impasse, evitando sequelas maiores desse episódio.Como revelou o blog, Bebianno chegou a fazer um desabafo com integrantes do governo. ""Não se dá um tiro na nuca do seu próprio soldado. É preciso ter um mínimo de consideração com quem esteve ao lado dele o tempo todo"", alertou. ""Não vou sair escorraçado pela porta dos fundos"", relatou o ministro a colegas, em uma demonstração de que, se Bolsonaro quiser demiti-lo, terá que assumir o desgaste público de ter que mandar o auxiliar embora com pouco mais de um mês de governo.No último domingo, reportagem do jornal ""Folha de S.Paulo"" informou que Bebianno liberou R$ 400 mil de dinheiro público, do fundo partidário, para uma candidata ""laranja"" de Pernambuco, que concorreu a uma vaga de deputada federal e recebeu 274 votos. A ""Folha"" também noticiou caso semelhante envolvendo o ministro do Turismo, Marcelo Álvaro Antonio, que dirigia o diretório do PSL em Minas Gerais. "	-1
155	Impasses na democracia. Nesses tempos de desagregação política, líderes cheios de si apostam no conflito e no impasse como forma de impor sua vontade, inconformados com a resistência propiciada pelos canais da democracia. Donald Trump recorreu ao estado de emergência para impor seu caprichoso e inútil desejo de construir um muro na fronteira com o México. Sofreu duas derrotes com voto de Republicanos. A Câmara de maioria Democrata e o Senado de maioria Republicana aprovaram resolução anulando sua decisão de usar poderes de emergência para financiar o muro que o Congresso lhe negara. Contrariado, vetou a resolução. Vai escalar o conflito e pode, eventualmente, ter seu veto rejeitado, o que só é possível com maior número de votos contra de seu partido. Difícil, mas possível. Nesses tempos de desagregação política, líderes cheios de si apostam no conflito e no impasse como forma de impor sua vontade, inconformados com a resistência propiciada pelos canais da democracia. Donald Trump recorreu ao estado de emergência para impor seu caprichoso e inútil desejo de construir um muro na fronteira com o México. Sofreu duas derrotes com voto de Republicanos. A Câmara de maioria Democrata e o Senado de maioria Republicana aprovaram resolução anulando sua decisão de usar poderes de emergência para financiar o muro que o Congresso lhe negara. Contrariado, vetou a resolução. Vai escalar o conflito e pode, eventualmente, ter seu veto rejeitado, o que só é possível com maior número de votos contra de seu partido. Difícil, mas possível.	"""Impasses na democracia""O artigo do cientista político Sérgio Abranches para o blog neste domingo  Nesses tempos de desagregação política, líderes cheios de si apostam no conflito e no impasse como forma de impor sua vontade, inconformados com a resistência propiciada pelos canais da democracia. Donald Trump recorreu ao estado de emergência para impor seu caprichoso e inútil desejo de construir um muro na fronteira com o México. Sofreu duas derrotas com voto de Republicanos. A Câmara de maioria Democrata e o Senado de maioria Republicana aprovaram resolução anulando sua decisão de usar poderes de emergência para financiar o muro que o Congresso lhe negara. Contrariado, vetou a resolução. Vai escalar o conflito e pode, eventualmente, ter seu veto rejeitado, o que só é possível com maior número de votos contra de seu partido. Difícil, mas possível.No Reino Unido, Theresa May, nunca aceitou a rejeição de seu acordo para a Brexit. Sofreu três derrotas seguidas. Agarrada ao cargo, recusa-se a renunciar e obteve o direito de apresentar sua proposta pela terceira vez. Os analistas concordam que ela tem riscos para a economia britânica. Provavelmente será novamente rejeitada. James Corbyn orientou o Partido Trabalhista a abster-se de votar, para ajudar os Conservadores a derrubar um novo referendo proposto pelo grupo independente, formado por defecções de Trabalhistas e Conservadores. Corbyn, como May, joga no impasse. A primeira-ministra aposta que sua teimosa insistência terminará por convencer a maioria a bancar seu projeto por duas vezes rejeitado. É mais um blefe que qualquer coisa. Corbyn colabora para o bloqueio decisório na esperança de que desague em novas eleições e maioria para os trabalhistas. May teme as eleições que Corbyn deseja. Na anterior, que ela mesma antecipou a buscar um mandato forte para conduzir a Brexit, saiu mais fraca. Corbyn ilude-se com as pesquisas que indicam ter apoio popular para ganhar. As pesquisas, nessas conjunturas nebulosas, podem enganar. Enquanto o impasse político se agrava, a economia do Reino Unido patina e seu peso geopolítico definha.Nos Estados Unidos, o impasse político estimula a competição no partido Democrata. São muitos a querer enfrentar Trump no ano que vem. Os três candidatos mais conhecidos são o ex-vice de Obama, Joe Biden, e os senadores Elizabeth Warren e Bernie Sanders. Mas, o querido atual da mídia é o ex-deputado Beto ORourke, que anunciou sua candidatura. Ele perdeu a eleição para o senado para o republicano Ted Cruz, mas não desanimou. Ao contrário, continuou fazendo comícios e reuniões em escolas, universidades e locais públicos, reunindo multidões. Sua popularidade cresceu depois das eleições, o que o animou a inscrever-se nas primárias do partido. Trump está cada vez mais isolado, confinado ao grupo sectário do partido Republicano, de ideias extremadas, que não lhe garante a eleição. A queda de braço permanente com o Congresso, irrita os republicanos moderados e pode levá-lo a uma derrota eleitoral tão histórica quanto sua eleição.Todos aproveitam falhas inevitáveis dos respectivos modelos políticos. Theresa May se aproveita da faculdade de manter-se no poder, mesmo perdendo a maioria em votações cruciais para o destino do Reino Unido. Evita um voto formal de confiança, que a derrubaria, e agarra-se ao poder por meio de todos os expedientes a seu dispor. É uma particularidade contemporânea do modelo inglês, que enfraquece um dos mecanismos mais eficazes do parlamentarismo para romper impasses, a perda do mandato associada a derrotas relevantes no parlamento. Recusa-se a convocar eleições, outro recurso do sistema parlamentarista de resolução de conflitos e paralisia governamental.May e Corbyn estão comprometendo o interesse coletivo em nome de interesses políticos pessoais e partidários. A melhor saída para o dilema da saída seria um novo referendo. A Brexit seria muito provavelmente rejeitada e o Reino Unido reconquistaria prestígio e influência suficientes para participar da deliberação sobre a necessária reforma institucional da União Europeia. A institucionalidade da Europa é insuficiente para lidar com os desafios e dilemas que ela enfrenta. Será preciso rediscutir o papel do parlamento europeu, da estrutura de regulação macroeconômica, comercial e de imigração entre países-membros. Discussões inevitáveis, que eventualmente levarão, em algum momento futuro, a decisões que afetariam diretamente o Reino Unido. Fora da UE, Londres sofrerá as consequências sem poder participar dos debates e do processo decisório.Trump usou expedientes legais que aumentaram os poderes constitucionais originais da Presidência. Parte da reação republicana tem a ver com o risco de uma Presidência cada vez mais autocrática, pela usurpação de poderes do Legislativo. Mitt Romney, um dos senadores que votou contra Trump, usou exatamente o desequilíbrio decorrente de poderes como justificativa para seu voto contra. Foi um voto pela Constituição, ele disse, e pelo equilíbrio de poderes que é seu ponto central. Não foi um voto sobre Trump. Para o senador, dar ao Executivo o poder de anular uma lei aprovada pelo Congresso equivaleria a torna-lo a última instância de poder, imune ao sistema de freios e contrapesos. Trump dobrou a aposta e usou o poder de veto. A derrubada de vetos presidenciais é rara nos Estados Unidos e o voto que rejeitou a medida presidencial, 59 a 41, é insuficiente para derrubar o veto. Serão precisos 2/3 dos votos dos senadores presentes. No caso de casa cheia, seriam 63 votos. Até agora apenas um senador que votou com Trump anunciou que recusará o veto. Menos de 10% dos vetos presidenciais foram derrubados nos EUA. Mas, as derrubadas ocorrem. George W. Bush teve quatro vetos rejeitados, de 12. Obama, apenas um recusado, também de 12 vetos. Trump dependerá crucialmente do apoio do senador Mitch McConnell, líder Republicano no Senado. Ele confronta o Congresso em questões menores, por caprichos pessoais. Os impasses que tem criado já provocaram o fechamento do governo e grande prejuízo ao país e aos cidadãos americanos.Em suma, não existe modelo político democrático que não tenha suas disfuncionalidades e que não possa ser manipulado por governantes com tendências autocráticas e mentalidades autoritárias. Como não existe um estágio final de democracia. Democracia é um alvo móvel, que pede aperfeiçoamento e aprofundamento recorrentes, num processo sujeito a avanços e retrocessos.* Sérgio Abranches é cientista político, escritor e comentarista da CBN. É colaborador do blog com análises do cenário político internacional "	-1
156	STF suspende ações que pedem adicional de 25% a aposentados que precisam de cuidadores. Decisão da Primeira Turma vale até que plenário da Corte analise o caso. Não há data marcada para a análise dessa questão. Com a decisão do STJ, foi esquerdo a todos os outros que necessitam de cuidadores.	"""STF suspende ações que pedem adicional de 25% a aposentados que precisam de cuidadores""Decisão da Primeira Turma vale até que plenário da Corte analise o caso. Sem suspensão, impacto fiscal das ações seria de R$ 7,15 bilhões por ano, segundo INSS. A Primeira Turma do Supremo Tribunal Federal (STF) decidiu nesta terça-feira (12), por unanimidade, suspender as ações que pedem na Justiça o adicional de 25% na aposentadoria de idosos que precisam de cuidadores até que a Corte se pronuncie definitivamente sobre o tema. Não há data marcada para a análise dessa questão.Em agosto do ano passado, o Superior Tribunal de Justiça (STJ) reconheceu o direito a todos os aposentados, permitindo o pagamento adicional de 25% sobre o vencimento.Até então, o adicional só era pago aos aposentados por invalidez. Com a decisão do STJ, foi estendido a todos os outros que necessitam de cuidadores. Esse benefício passou a ser pedido na Justiça por aposentados nessas condições com base no entendimento do tribunal.O governo então foi ao STF para pedir a suspensão desses processos até o plenário se pronuncie sobre o tema. Segundo o INSS, o impacto fiscal é de R$ 7,15 bilhões por ano.Em fevereiro, o ministro Luiz Fux negou o pedido de suspensão das ações e o governo recorreu para levar o caso à Primeira Turma.Na decisão desta terça, o colegiado atendeu ao pedido do governo e suspendeu a tramitação das ações que requerem o benefício, sejam individuais ou coletivas, em todo o país.""Em termos de repercussão econômica, a informação do Ministério da Fazenda é no sentido de que essa utilização imoderada do adicional leva a um benefício de R$ 7,15 bilhões por ano, em um ano em que se discute a reforma da Previdência e se antevê as dificuldades da Previdência. Então, realmente, essa benesse judicial me pareceu extremamente exagerada"", afirmou Fux, relator do pedido, que mudou de entendimento e votou pela suspensão dos processos.""O risco de lesão grave a ser afastado com a suspensão dos processos que versam sobre a controvérsia debatidas nos autos, consiste no impacto bilionário causado aos já combalidos cofres públicos"", completou o relator.O ministro justificou que o primeiro pedido de suspensão foi negado por ele, porque se tratava de uma petição ""sem elementos robustos de convicção"". Fux considerou que, no recurso apresentado, o poder público conseguiu comprovar a repercussão da decisão, o que levou à mudança de entendimento.Para o ministro Alexandre de Moraes, benefícios da Previdência não podem continuar sendo concedidos judicialmente.""Se o tratamento previdenciário continuar sendo judicialmente dado como vem sendo, nem mil reformas da previdência vão dar certo. Ou todos os poderes tomam consciência da necessidade de estancar a sangria da Previdência ou não vamos conseguir chegar nunca a um resultado bom"", disse Moraes.Os ministros Luís Roberto Barroso, Marco Aurélio e Rosa Weber seguiram o relator e também votaram pela suspensão. "	-1
157	Gilmar Mendes arquiva inquérito que investigava o ex-senador Lindbergh Farias. Fatos se referem a período que ex-senador era prefeito de Nova Iguaçu. Ministro do STF atendeu a pedido da Procuradoria Geral da República, que viu falta de indícios e prescrição de crimes. O ministro Gilmar Mendes, do Supremo Tribunal Federal (STF), determinou o arquivamento de inquérito aberto para investigar o ex-senador Lindbergh Farias (PT-RJ) por fatos relacionados ao mandato de prefeito de Nova Iguaçu (RJ), entre 2005 e 2010. 	"""Gilmar Mendes arquiva inquérito que investigava o ex-senador Lindbergh Farias""Fatos se referem a período que ex-senador era prefeito de Nova Iguaçu. Ministro do STF atendeu a pedido da Procuradoria Geral da República, que viu falta de indícios e prescrição de crimes. O ministro Gilmar Mendes, do Supremo Tribunal Federal (STF), determinou o arquivamento de inquérito aberto para investigar o ex-senador Lindbergh Farias (PT-RJ) por fatos relacionados ao mandato de prefeito de Nova Iguaçu (RJ), entre 2005 e 2010.Mendes atendeu a pedido da Procuradoria Geral da República, que apontou prescrição de parte das crimes e falta de indícios mínimos para prosseguimento do caso em relação às outras suspeitas.Em agosto do ano passado, a Procuradoria havia pedido envio do caso para a primeira instância em razão de os fatos não terem relação com o mandato de senador. A turma, no entanto, rejeitou o pedido e deu prazo de 30 dias para a conclusão das investigações.O caso se refere a suspeitas de irregularidades em licitações e execuções de obras públicas da prefeitura.Gilmar Mendes, relator do caso, destacou que diversas medidas foram adotadas durante o inquérito, como quebra de sigilo bancário. E que a própria PGR entendeu que não havia elementos para continuidade e que uma parte prescreveu, ou seja, não podia mais ser punida.O ministro, então, arquivou o caso e afirmou que, caso surjam novos elementos, o inquérito poderá ser reaberto.""Declaro a prescrição dos crimes previstos nos arts. 89 e 90 da Lei nº 8.666/93 (sobre licitações) (...) e acolho as razões da Procuradoria-Geral da República quanto à ausência de elementos mínimos de materialidade e autoria delitiva em relação aos demais crimes, razão pela qual determino o arquivamento deste inquérito instaurado em face do investigado Luiz Lindbergh Farias sem prejuízo da reabertura das investigações em relação aos crimes não prescritos, caso surjam novos elementos de prova"", afirmou Gilmar Mendes. "	-1
158	"Ministérios da Educação e da Justiça assinam acordo para investigar indícios de corrupção no MEC. Em comunicado, MEC afirmou que acordo é marco inicial de uma ampla investigação interministerial sobre possíveis atos de corrupção em programas da pasta. O Ministério da Educação anunciou, na tarde desta quinta-feira (14), o início de uma ""ampla investigação interministerial"" de indícios de corrupção em ações da pasta. O Ministério da Educação anunciou, na tarde desta quinta-feira (14), o início de uma ""ampla investigação interministerial"" de indícios de corrupção em ações da pasta."	"""Ministérios da Educação e da Justiça assinam acordo para investigar indícios de corrupção no MEC""Em comunicado, MEC afirmou que acordo é marco inicial de uma ampla investigação interministerial sobre possíveis atos de corrupção em programas da pasta. O Ministério da Educação anunciou, na tarde desta quinta-feira (14), o início de uma ""ampla investigação interministerial"" de indícios de corrupção em ações da pasta. Em um comunicado, o MEC afirmou que o ministro Ricardo Vélez Rodríguez assinou um ""protocolo de intenções"" com o Ministério da Justiça para ""apurar indícios de corrupção, desvios e outros tipos de atos lesivos à administração pública no âmbito do MEC e de suas autarquias nas gestões anteriores"".Ainda segundo a nota, o documento foi assinado por Vélez e pelo ministro da Justiça, Sérgio Moro, além de representantes da Controladoria Geral da União (CGU) e da Advocacia Geral da União (AGU). ""Também participou da reunião o diretor-geral da Polícia Federal, Maurício Valeixo"", disse o MEC.""Queremos apurar todos os desvios praticados por pessoas que usaram o MEC e as suas autarquias como instrumentos para desvios"", afirmou o ministro da Educação, via assessoria de imprensa.Entre ""exemplos emblemáticos"" que o MEC afirmou ter apresentado na reunião estão supostos ""favorecimentos indevidos no Programa Universidade para Todos (ProUni), desvios no Programa Nacional de Acesso ao Ensino Técnico e Emprego (Pronatec), envolvendo o sistema S, concessão ilegal de bolsas de ensino a distância e irregularidades em universidades federais"". "	-1
159	"""Não poder haver um endurecimento geral do sistema, o sistema carcerário não comporta, diz Moro"", afirmou. ""Nós sabemos que nossos presídios estão superlotados, nós sabemos que isso é um problema"", disse Moro. ""Então esse endurecimento tem que ser um endurecimento seletivo"", acrescentou. ""Os políticos que me perdoem, mas caixa 2 é trapaça, é inaceitável"", concluiu Moro."	"""Não poder haver um endurecimento geral do sistema, o sistema carcerário não comporta, diz Moro""Ministro da Justiça participou de almoço do Instituto dos Advogados de São Paulo e afirmou que está aberto a sugestões e críticas ao seu pacote anticorrupção. E disse: Os políticos que me perdoem, mas caixa 2 é trapaça, é inaceitável.  O ministro da Justiça e Segurança Pública, Sérgio Moro, afirmou nesta quinta-feira (7) que o endurecimento do sistema penitenciário tem de ser seletivo, porque as cadeias não seriam capazes de absorver uma quantidade maior de presos. A declaração, feita durante uma palestra em São Paulo, foi dada três dias depois de o ministro apresentar um pacote anticrime.""Nós sabemos que nossos presídios estão superlotados, nós sabemos que isso é um problema. Então esse endurecimento tem que ser um endurecimento seletivo.""Moro também falou sobre caixa dois. ""Os políticos que me perdoem, mas caixa 2 é trapaça, é inaceitável"", disse Moro.O ministro participou de almoço e reunião promovidos pelo Instituto dos Advogados de São Paulo (Iasp) em hotel na Zona Sul de São Paulo.Na segunda-feira (4), em Brasília, ele havia apresentado um projeto anticorrupção e antiviolência que prevê alterações em 14 leis. O objetivo é ter mais efetividade no combate a três frentes principais:O ministro disse que a corrupção, o crime violento e o crime organizado estão relacionados. Moro mencionou os ataques das facções criminosas no Ceará e afirmou que é preciso combatê-las. ""Se o estado brasileiro não reagir de uma maneira incisiva contra essas organizações elas ficarão mais poderosas e cada vez mais audazes"", declarou.O pacote, que dentre outros pontos prevê a criminalização do caixa 2, prisão após condenação em segunda instância como regra no processo penal e punições mais rigorosas, tem de ser aprovado por deputados e senadores para entrar em vigor.Na palestra desta quinta em São Paulo, Moro ressaltou a ineficiência do Estado na manutenção do sistema carcerário. ""A situação nos nossos presídios demanda mais investimentos e investimentos mais eficientes"", disse.Questionado se está disposto a conversar ou recuar em algum ponto do pacote, Moro declarou estar aberto ao diálogo.""O espaço de democracia liberal é o espaço da tolerância e do debate. Estamos apresentando o projeto, estamos esperando o presidente se restabelecer de saúde para apresentar esse projeto ao Congresso. E a todo momento estamos abertos ao diálogo. [...] Há sugestões e críticas que podem ser levadas em consideração"", afirmou.Sobre a declaração do presidente da Câmara dos Deputados, Rodrigo Maia (DEM-RJ), a respeito ddo fato de a Reforma da Previdência ser prioridade do governo Bolsonaro, Moro disse que seu pacote anticorrupção e antiviolência não ""contamina"".""Acho que a prioridade do governo é a Reforma da Previdência, porque existe uma crise fiscal"", respondeu, citando que isso precisa ser ""debelado"". ""Mas, como o próprio presidente disse, as duas questões podem ser tratadas em paralelo. Ao meu ver, uma não prejudica a outra.""O ministro citou também o ""empenho do governo do presidente Bolsonaro em enfrentar essas duas questões"". Para ele, trata-se ""das duas principais questões que afligem a população brasileira"".""Existe um problema fiscal, que afeta a qualidade dos serviços públicos, que os recursos começam a faltar. E por outro lado, a questão da segurança pública e da própria corrupção. Então, essas questões podem ser enfrentadas em conjunto como bem colocou o presidente da Câmara, Rodrigo Maia.""Durante seu discurso, Moro lamentou que um julgamento composto por um júri leve mais de dez anos para ser realizado e mencionou que, muitas vezes, os jurados podem se sentir ameaçados pelos réus.""O sistema não está funcionando e o sistema não está aí para servir juízes, advogados, advogadas, promotores ou mesmo o ministro da Justiça. Está aí para servir o cidadão e nós temos que reconhecer a falência desse nosso modelo que não permite o julgamento de um homicídio ocorra em um prazo mais razoável"".No pacote anticrime, ele propõe que a decisão tomada pelo tribunal do júri seja imediatamente executada.""Os criminosos mais poderosos são aqueles que conseguem escapar da Justiça, que conseguem manipular o sistema judicial"", diz o ministro.Morro disse que é preciso reconhecer a falência do governo que não permite que o julgamento de um homicídio seja em um prazo razoável. ""É necessário retirar homicidas, feminicidas de circulação. Por mais que a corrupção seja grave, por mais que organizações criminosas sejam perigosas, ainda são o homicídio e o feminicídio os crimes mais graves, privar alguém da sua vida"", ressaltou ele.Sobre a segunda condenação do ex-presidente Luiz Inácio Lula da Silva na Lava Jato, agora por corrupção ativa e passiva e lavagem de dinheiro na ação que investiga reforma de sítio em Atibaia, interior de São Paulo, Moro não quis comentar e disse que o ""caso pertence ao meu passado"".Na apresentação do projeto, Moro disse que os três eixos centrais da proposta (corrupção, crime organizado e delitos violentos) devem ser tratados no mesmo pacote porque ""os três problemas estão estão vinculados; não adianta tratar de um sem tratar dos demais"".""O crime organizado utiliza a corrupção para ganhar impunidade. Por outro lado, o crime organizado está vinculado a boa parte dos homicídios do país"", disse Moro. ""Um grande porcentual de homicídios está vinculado às disputas do tráfico e às dívidas do tráfico, usuários que não conseguem pagar a sua dependência acabam sendo cobrados por essas organizações.""Moro ainda afirmou: ""O crime contra a administração pública, como a corrupção, esvazia os cofres públicos, diminui os recursos disponíveis para que o Estado, a União Federal possam adotar políticas mais eficientes contra a criminalidade organizada, contra a criminalidade violenta"".Entre os itens de destaque do texto, estão criminalização do caixa 2, prisão após condenação em segunda instância como regra no processo penal e punições mais rigorosas. "	-1
160	Justiça questiona PF sobre prisão de Beto Richa em unidade da PM, em Curitiba. O juiz federal Paulo Sérgio Ribeiro, da 23ª Vara da Justiça Federal de Curitiba, intimou a PF para informar as razões para Richa estar preso no local. O prazo para resposta termina na quarta-feira (30), às 14h.	"""Justiça questiona PF sobre prisão de Beto Richa em unidade da PM, em Curitiba""Ofício da polícia diz que foi necessário alocar um policial a mais por dia na guarda do quartel; PF tem até quarta-feira (30) para explicar local da custódia. A Justiça Federal questionou nesta terça-feira (29) a Polícia Federal (PF) sobre a prisão do ex-governador do Paraná Beto Richa (PSDB) no Regimento de Polícia Montada, unidade da Polícia Militar (PM), no bairro Tarumã, em Curitiba.Ele foi levado da Superintendência da PF para o local no mesmo dia da prisão, na sexta-feira (25). O juiz federal Paulo Sérgio Ribeiro, da 23ª Vara da Justiça Federal de Curitiba, intimou a PF para informar as razões para Richa estar preso no local.O prazo para resposta termina na quarta-feira (30), às 14h. O juiz também intimou o Ministério Público Federal (MPF) para se manifestar sobre o assunto em até dois dias.O MPF já havia questionado o fato de Beto não estar na sede da PF ou no Complexo Médico-Penal (CMP), em Pinhais, na Região de Curitiba. Após o questionamento, o juiz afirmou que era uma decisão que caberia à autoridade policial.Na segunda-feira (28), a PM encaminhou um ofício à Justiça Federal relatando que a guarda e vigilância de presos não é uma missão fundamental da unidade e que foi necessário alocar um policial a mais por dia na guarda do quartel.Conforme o ofício, Beto Richa está acomodado no alojamento para oficiais mulheres, que é um ""espaço de pequenas dimensões que dispões de beliche e de um precário banheiro"".O documento da polícia diz ainda que o ex-governador faz as refeições, recebe visitas e advogados no refeitório da unidade em horário diferente do utilizado pelos policiais.Quando foi preso por quatro dias pelo Gaeco, em setembro de 2018, ele também ficou no Regimento de Polícia Montada. O G1 aguarda retorno da defesa do ex-governador sobre a situação.O ex-governador foi preso na deflagração da 58ª fase da Operação Lava Jato por tempo indeterminado. O juiz justificou a prisão alegando que Richa e o contador da família tentaram influenciar os depoimentos de testemunhas da investigação.A fase da operação apura crimes na concessão de rodovias do Anel de Integração do Paraná. Na segunda, o MPF apresentou denúncia contra o ex-governador por corrupção passiva e pertencimento a organização criminosa em um esquema de propina em contratos de pedágio.Segundo o MPF, o esquema desviou R$ 8,4 bilhões por meio do aumento de tarifas de pedágio do Anel de Integração, e de obras rodoviárias não executadas. A propina paga em troca dos benefícios, conforme os procuradores, foi estimada em pelo menos R$ 35 milhões.Os procuradores dividiram as acusações em duas denúncias. Uma delas envolve agentes públicos, como Beto Richa, e mais outras oito pessoas. Já a outra denúncia é relacionada aos empresários envolvidos no esquema.Seis ex-presidentes de empresas concessionárias de pedágio foram acusados de crimes como corrupção ativa, pertencimento a organização criminosa e lavagem de dinheiro.A defesa de Beto Richa afirmou que apenas uma das denúncias apresentadas pelo MPF é contra o ex-governador - a outra é contra os empresários - e que a Justiça ainda não deu à defesa acesso à denúncia.Os advogados também reafirmam que o ""cliente não cometeu nenhuma irregularidade, e que sempre esteve à disposição para prestar esclarecimentos"".Veja mais notícias do estado no G1 Paraná."	-1
161	Leilão dos aeroportos vai diminuir bloqueio de gastos do governo, União esperava arrecarar R$ 220 milhões, mas obteve R$ 2,377 bilhões com a concessão dos terminais, Isso porque o Ministério da Economia não conta com os recursos de	"""Leilão dos aeroportos vai diminuir bloqueio de gastos do governo""União esperava arrecadar R$ 220 milhões, mas obteve R$ 2,377 bilhões com a concessão dos terminais. Com isso, congelamento das despesas com investimentos será menor, mas ainda superará os  R$ 10 bilhões. O leilão dos aeroportos feito na sexta-feira (15) terá impacto no corte no Orçamento que o governo deve anunciar no final desta semana. Os R$ 2,377 bilhões obtidos, à vista, com as concessões no setor aeroportuário demandarão um bloqueio menor nos gastos neste começo de ano, já que a previsão inicial de receita era de apenas R$ 220 milhões.Contingenciamentos, em geral, são feitos no primeiro semestre do ano. A equipe econômica os formata para adequar a previsão de receita às despesas e, dessa forma, cumprir a meta fiscal.Embora o governo tenha comemorado, porque ganhou ""pouco mais de R$ 2 bilhões"", o corte no Orçamento deve ficar acima dos R$ 10 bilhões. Isso porque o Ministério da Economia não conta com os recursos de capitalização da Eletrobras, de cerca de R$ 12 bilhões, que devem ficar apenas para 2020.O fundo da Lava Jato, de cerca de R$ 2,5 bilhões, também poderia contribuir para que o contingenciamento fosse menor, caso tivesse sido transferido para a Conta Única do Tesouro. Ocorre que os valores estão congelados por decisão do Supremo Tribunal Federal, tomada pelo ministro Alexandre de Moraes na última sexta-feira (15).A despesa primária total deste ano, aprovada na Lei Orçamentária Anual (LOA), é de R$ 1,43 trilhão. Desse total, o contingenciamento recai sobre os R$ 129,38 bilhões, que são os valores destinados a investimento, já que não se pode mexer nas despesas obrigatórias (previdência, pessoal, o mínimo de gastos com saúde etc.). No ano passado, o investimento foi de R$ 53 bilhões de um total da despesa de R$ 1.351,75 bilhões _ ou seja, o investimento foi apenas 3,9% da despesa primária.No passado, eram mais comuns os contingenciamentos porque o Orçamento acabava saindo do Congresso inflado. Com o teto dos gastos, aprovado em 2017, isso mudou. Os bloqueios, agora, são menores que nos anos anteriores porque o Orçamento está ajustado à regra - em 2018, a despesa discricionária do governo central voltou ao mesmo valor real de 2010. ""Mas como já cortamos muito da despesa discricionária, qualquer contingenciamento de R$ 1 é bem doloroso"", declarou um técnico da Economia.O problema da despesa do governo central é o crescimento das despesas obrigatórias e, em especial, pessoal e previdência, que são dois terços (67%) da despesa primária (que não leva em consideração o pagamento de juros). Ao longo do ano, o contingenciamento pode ser revisto se a receita ajudar. Mas, para isso, o crescimento não pode continuar decepcionando, alegou o técnico da Economia. "	-1
162	Após ser sorteado relator, Lewandowski nega pedido de liberdade de João de Deus. O médium está preso desde 16 de dezembro e é acusado de abuso sexual, o que ele nega. Fux e Gilmar Mendes se declararam suspeitos de julgar o caso alegando razão de foro íntimo. Lewandowski também decidiu pedir informações sobre a movimentação financeira do médium ao Conselho de Controle de Atividades Financeiras (Coaf).	"""Após ser sorteado relator, Lewandowski nega pedido de liberdade de João de Deus""Médium está preso desde 16 de dezembro e é acusado de abuso sexual, o que ele nega. Fux e Gilmar Mendes se declararam suspeitos de julgar o caso alegando razão de foro íntimo. O ministro Ricardo Lewandowski negou nesta sexta-feira (1º) o pedido de liberdade apresentado pelo médium João de Deus ao Supremo Tribunal Federal (STF). Ele negou o pedido após ser sorteado relator do caso.Lewandowski também decidiu pedir informações sobre a movimentação financeira do médium ao Conselho de Controle de Atividades Financeiras (Coaf).Réu na Justiça por abusos sexuais, João de Deus está preso desde 16 de dezembro e nega ter cometido os crimes.Relator do caso, Lewandowski foi o terceiro ministro a receber o processo. Isso porque os ministros Luiz Fux e Gilmar Mendes se declararam suspeitos de julgar o pedido por razão de ""foro íntimo"".A suspeição é prevista em lei para situações em que o juiz não se sente confortável para julgar algum tema por razões pessoais, mas ele não precisa explicar a motivação. Já o impedimento tem motivação definida, como nos casos de já ter julgado o mesmo processo em outros tribunais, por exemplo.No pedido de liberdade, a defesa de João de Deus alegava que a conduta atribuída ao médium tem mais de dois anos, e, portanto, não há motivo que justifique prisão preventiva.Os advogados pedem ainda que o STF, caso não libere, conceda prisão domiciliar porque João de Deus tem 77 anos e poderia ser monitorado com tornozeleira eletrônica.Durante o recesso do STF, em janeiro, a defesa de João de Deus desistiu de pedido de liberdade feito logo após a prisão do médium.No último dia 15 de fevereiro, um novo pedido foi apresentado e enviado para o ministro Gilmar Mendes, que havia sido sorteado relator do primeiro pedido.Na última quinta (21), Gilmar se declarou suspeito de analisar o caso por questões pessoais.Nesta quinta (28), Fux também preferiu não analisar por motivos íntimos e pediu que a presidência do tribunal definisse o relator. "	-1
163	Depois de ensaiar um envio imediato da Proposta de Ementa à Constituição (PEC) do Pacto Federativo ao Congresso, a equipe do presidente Jair Bolsonaro decidiu deixar a medida para um segundo momento, quando a reforma da Previdência ganhar velocidade. Depois de ensaiar um envio imediato da Proposta de Ementa à Constituição (PEC) do Pacto Federativo ao Congresso, a equipe do presidente Jair Bolsonaro decidiu deixar a medida para um segundo momento, quando a reforma da Previdência ganhar velocidade.	"""Depois de ensaiar envio da PEC do Pacto Federativo, governo decide deixar medida para um segundo momento "" Depois de ensaiar um envio imediato da Proposta de Emenda à Constituição (PEC) do Pacto Federativo ao Congresso, a equipe do presidente Jair Bolsonaro decidiu deixar a medida para um segundo momento, quando a reforma da Previdência ganhar velocidade. Existia uma disposição de acelerar a elaboração do pacto, que ainda não está fechado, para encaminhá-lo no início de abril aos parlamentares.Seria uma forma de atrair com mais força o apoio de governadores e prefeitos para aprovação da mudança nas regras de aposentadoria. Uma ideia era que as duas medidas tramitassem praticamente em conjunto, uma na Câmara e outra no Senado.Mas a avaliação é que, apesar de o pacto federativo contar com o apoio de estados e municípios, começou a gerar muito ruído e poderia prejudicar a prioridade do governo neste momento, que é a reforma da Previdência. As bancadas da saúde e educação, por exemplo, já começavam a manifestar suas resistências à medida.A justificativa oficial é que a proposta ainda nem está elaborada. O que é verdade. Não passou pela aprovação final do ministro Paulo Guedes nem do presidente Bolsonaro. Agora, porém, a medida entra num ritmo mais normal, segundo assessores, o que significa que não irá ao Congresso nos próximos dois meses.A proposta de emenda constitucional que proporá o pacto federativo vai descentralizar, desvincular e desindexar as verbas do Orçamento da União e terá alcance também para estados e municípios. A equipe de Paulo Guedes reforça que a medida segue prioritária dentro da agenda liberal do governo Bolsonaro e que não vai desistir da ideia.Um assessor direto de Paulo Guedes diz que apenas o ritmo volta a ser o inicialmente programado. Primeiro, permitir que a reforma da Previdência ganhe velocidade e garantir que será aprovada com uma economia na casa de R$ 1 trilhão num período de dez anos.Aí, destaca esse auxiliar, a reforma dará potência fiscal para que o Ministério da Economia dê continuidade à sua agenda liberal, que passa pela PEC do Pacto Federativo, a reforma tributária e a implantação do sistema de capitalização para garantir a aposentadoria dos jovens no futuro. "	-1
164	Sistema da PF é utilizado para identificar vítimas de Brumadinho por meio de biometria. Equipamento cruza dados disponíveis em sistemas de outros órgãos com impressão digital das vítimas; PF já havia utilizado o sistema depois do acidente da Chapecoense e nas Olimpíadas. Um sistema desenvolvido pelo Instituto Nacional de Identificação (INI) da Polícia Federal está sendo utilizado para identificar vítimas na região atingida pelo rompeminto da barragem I da Mina do Feijão, em Brumadinho (MG).Denominado Alethia, o equipamento faz o cruzamento das impressões digitais das vítimas encontradas com impressões armazenadas em diversos bancos de dados existentes. Até a tarde desta quinta-feira (31), 99 mortes já haviam sido confirmadas _ dessas, 57 já haviam sido identificadas. Com base na lista de desaparecidos, policiais abastecem o sistema com informações de diversos bancos biométricos, como do Detran, Polícia Militar, Secretaria de Segurança Pública.	"""Sistema da PF é utilizado para identificar vítimas de Brumadinho por meio de biometria""Equipamento cruza dados disponíveis em sistemas de outros órgãos com impressão digital das vítimas; PF já havia utilizado o sistema depois do acidente da Chapecoense e nas Olimpíadas. Um sistema desenvolvido pelo Instituto Nacional de Identificação (INI) da Polícia Federal está sendo utilizado para identificar vítimas na região atingida pelo rompimento da barragem I da Mina do Feijão, em Brumadinho (MG).Denominado Alethia, o equipamento faz o cruzamento das impressões digitais das vítimas encontradas com impressões armazenadas em diversos bancos de dados existentes.Até a tarde desta quinta-feira (31), 99 mortes já haviam sido confirmadas _ dessas, 57 já haviam sido identificadas.Com base na lista de desaparecidos, policiais abastecem o sistema com informações de diversos bancos biométricos, como do Detran, Polícia Militar, Secretaria de Segurança Pública. O equipamento portátil utiliza as digitais das vítimas e, em cerca de dois segundos, localiza a identidade da pessoa.Quando não há possibilidade de colher a biometria da vítima, os corpos podem ser identificados de outras duas maneiras: pela arcada dentária e pelo DNA. Nesses outros métodos, o tempo para identificação é maior.Equipes de papiloscopistas e peritos criminais da Polícia Federal foram enviadas ao local para colaborar com as demais forças de segurança nas identificações.O Alethia foi lançado em 2016 e utilizado, no mesmo ano, para identificar todas as vítimas brasileiras no acidente com o avião que levava a delegação da Chapecoense para a Colômbia.O sistema também foi usado nos aeroportos de todas cidades-sede nas Olimpíadas do Rio de Janeiro para o controle de entrada de estrangeiros, verificando a biometria com as listas de difusão de procurados e terroristas da Interpol. Duas pessoas tiveram a entrada barrada no Brasil após o alerta do sistema.Além disso, peritos criminais da Polícia Federal também participam das buscas com auxílio do sistema Inteligeo, que processa imagens aéreas do local e auxilia a Defesa Civil fornecendo mapas com informações atualizadas. "	-1
165	"""Câmara dá urgência a proposta que revoga Lei de Licitações e cria novo marco legal"", ""Na prática, com urgência, proposta poderá ser votada mais rapidamente pelo plenário"", ""O mérito do texto, ou seja, o conteúdo, ainda deverá ser analisado pelos parlamentares"", ""A Câmara dos Deputados aprovou nesta terça-feira (12) dar urgência à proposta que revoga a Lei de Licitações e cria novo marco legal para União, estados e municípios""."	"""Câmara dá urgência a proposta que revoga Lei de Licitações e cria novo marco legal""Na prática, com urgência, proposta poderá ser votada mais rapidamente pelo plenário; texto já foi aprovado por comissão da Câmara. Legislação atual sobre tema é de 1993. A Câmara dos Deputados aprovou nesta terça-feira (12) dar urgência à proposta que revoga a Lei de Licitações e cria um novo marco legal para União, estados e municípios.Na prática, com a decisão, a proposta poderá ser votada mais rapidamente pelo plenário. O mérito do texto, ou seja, o conteúdo, ainda deverá ser analisado pelos parlamentares.Se aprovado, o projeto será enviado ao Senado. O texto foi aprovado em comissão especial da Câmara em dezembro do ano passado.A proposta concentra todas as normas para as licitações, revogando a Lei de Licitações (1993), a Lei do Pregão (2002) e o Regime Diferenciado de Contratações (2011).Pela Constituição de 1988, o poder público é obrigado a fazer licitação quando precisa contratar obras, serviços ou fazer compras.Saiba o que prevê o projeto:SigiloComo é hoje: A lei atual deixa claro que a licitação não será sigilosa, sendo públicos e acessíveis os atos de seu procedimento. A exceção fica por conta do conteúdo das propostas realizadas pelos concorrentes, até a apresentação.O que diz o projeto: O texto do projeto em discussão pelos deputados estabelece que os atos são públicos, mas faz uma ressalva mais genérica, para ""as informações cujo sigilo seja imprescindível à segurança da sociedade e do Estado, na forma da lei"". A proposta permite, por exemplo, que o orçamento estimado pela Administração Pública seja sigiloso, ""havendo motivos relevantes devidamente justificados"". Mas este sigilo não vai valer para órgãos de controle interno e externo.Punição por fraudesComo é hoje: A lei atual estabelece pena de 3 a 6 anos para quem fraudar licitações.O que diz o projeto: A proposta em discussão amplia a pena, para 4 a 8 anos de prisão. Se houver sobrepreço ou superfaturamento, a pena passa a ser de 4 a 12 anos de prisão.Medidas cautelaresQuando os tribunais de contas suspenderem os processos de licitação, em decisão provisória, eles terão de se pronunciar definitivamente sobre o mérito das supostas irregularidades no prazo de 25 dias úteis, prorrogável pelo mesmo período uma única vez.Infrações administrativasComo é hoje: A lei atual prevê punições que variam de advertência, passando por multa até a declaração de inidoneidade para licitar ou contratar com a Administração.O que diz o projeto: O texto em discussão mantém estas hipóteses, mas também estabelece diretrizes a serem observadas no momento da punição: natureza e gravidade da infração, circunstâncias agravantes e atenuantes. E determina um valor mínimo e máximo para a aplicação de multas: não podem ser menores de 0,5% e nem maiores que 30% do valor do contrato licitado.Dispensa de licitaçãoComo é hoje: A lei atual permite a dispensa de licitação para serviços e compras até R$ 8 mil, além de obras e serviços de engenharia até R$ 15 mil.O que diz o projeto: A proposta em discussão aumenta estes limites: R$ 50 mil para compras e serviços e R$ 100 mil para obras e serviços de engenharia.Fases da licitaçãoA proposta prevê as seguintes fases: preparatória; divulgação do edital de licitação; apresentação de propostas e lances; julgamento; habilitação; recursal; homologação. Na prática, a habilitação passa a ser uma etapa posterior ao julgamento.Modalidades da licitaçãoA proposta nova altera as modalidades de licitação, excluindo o convite (previsto na lei atual) e incluindo o diálogo competitivo. Este diálogo competitivo pode ser usado na contratação de serviços que envolvam, por exemplo, inovação tecnológica.CritériosComo é hoje: A Lei de Licitações estabelece os seguintes critérios para julgamento das propostas concorrentes: menor preço; melhor técnica; técnica combinada com preço; maior lance ou oferta.O que diz o projeto: A proposta nova altera estes critérios, prevendo: menor preço; maior desconto; melhor técnica ou conteúdo artístico; técnica e preço; maior lance, no caso de leilão; maior retorno econômico.PrazosA proposta estabelece prazos mínimos para os interessados em participar das licitações apresentarem propostas e lances. Estes prazos variam de 8 a 60 dias, dependendo do critério de julgamento adotado.Divulgação na internetA proposta da Câmara cria o Portal Nacional de Contratações Públicas (PCNP), um site oficial que vai centralizar as informações sobre as licitações realizadas.Manifestação de interesseO novo texto cria a possibilidade de realização do procedimento de manifestação de interesse. Por este mecanismo, a Administração Pública pede à iniciativa privada a realização de estudos e projetos, que podem posteriormente serem usados em licitações - se isso ocorrer, a empresa que fizer o projeto poderá ser ressarcida.Mediação e arbitragemNa solução de controvérsias surgidas nas licitações, o texto novo vai permitir o uso de mediação e arbitragem, meios alternativos a processos judiciais.Obras paradasO projeto de lei proíbe a administração pública de retardar sem motivos a execução de obra e serviço. Se ocorrer paralisação ou suspensão do contrato, será elaborado um aviso de obra paralisada, a ser colocada no local onde o serviço está ocorrendo, informando a data prevista para o empreendimento ser retomado. "	-1
166	"General da reserva, novo ministro da Secretaria-Geral atuou no Haiti e é paraquedista como Bolsonaro. Além disso, há pouco mais de uma semana, o jornal ""Folha de S.Paulo"" informou que o PSL, quando Bebianno presidia o partido, repassou R$ 400 mil a uma candidata a deputada federal de Pernambuco."	"""General da reserva, novo ministro da Secretaria-Geral atuou no Haiti e é paraquedista como Bolsonaro""Floriano Peixoto Neto assume cargo no lugar de Gustavo Bebianno em meio à crise que atinge o governo. General é o atual secretário-executivo da pasta e terá gabinete no Planalto.  Anunciado nesta segunda-feira (18) como novo ministro da Secretaria-Geral, o general da reserva do Exército Floriano Peixoto Neto atuou na missão de paz no Haiti e é paraquedista como o presidente Jair Bolsonaro.Atual secretário-executivo da pasta, Floriano Peixoto Neto assume o cargo no lugar de Gustavo Bebianno em meio à crise que atinge o governo.Um dos principais coordenadores da campanha de Bolsonaro no ano passado, Bebianno se envolveu em uma crise com o vereador Carlos Bolsonaro (PSC-RJ), filho do presidente.Além disso, há pouco mais de uma semana, o jornal ""Folha de S.Paulo"" informou que o PSL, quando Bebianno presidia o partido, repassou R$ 400 mil a uma candidata a deputada federal de Pernambuco. Segundo o jornal, o repasse foi feito quatro dias antes das eleições, e ela recebeu 274 votos.Bebianno nega irregularidades, afirmando que não foi o responsável por escolher as candidatas que receberam dinheiro do partido. Isso porque, segundo ele, a decisão coube aos diretórios locais.Floriano Peixoto Neto ocupava o cargo de secretário-executivo da Secretaria-Geral, o segundo mais importante na hierarquia da pasta.O novo ministro iniciou a carreira militar em 1973 e concluiu a formação na Academia Militar das Agulhas Negras (AMAN) em 1976, na arma de infantaria.Paraquedista militar, assim como Bolsonaro, Floriano alcançou o posto de general de divisão (três estrelas), o penúltimo na hierarquia do Exército. Ele passou à reserva em março de 2014.Floriano participou duas vezes da Missão de Paz das Nações Unidas no Haiti, uma como oficial de operações e outra como o comandante das forças militares no país. Ele liderava a missão quando ocorreu o terremoto no Haiti, em 2010.Além do Haiti, o ministro teve como experiências internacionais na carreira militar:Durante a carreira, Floriano comandou o 62º Batalhão de Infantaria, em Joinville (SC), a 12ª Brigada de Infantaria Leve (Aeromóvel), em Caçapava (SP), chefiou a 5ª Subchefia do Estado-Maior do Exército e comandou a 2ª Divisão de Exército, em São Paulo.Floriano também é formado em Administração de Empresas e tem MBA em Gerência Executiva.Além da formação militar, com experiências na Suíça e nos Estados Unidos, Floriano é formado em Administração de Empresas e tem MBA em Gerência Executiva.Com a escolha do militar, o chefe da Casa Civil, Onyx Lorenzoni, será o único civil com cargo de ministro no Palácio do Planalto. Os demais ministros que despacham do Palácio (Santos Cruz na Secretaria de Governo e Augusto Heleno no GSI) também são generais da reserva do Exército.Nos governos Luiz Inácio Lula da Silva e Dilma Rousseff, a Secretaria-Geral era o órgão responsável pela interlocução entre o governo federal e os movimentos sociais. O gabinete do ministério fica no Palácio do Planalto.Extinta em 2015, e depois recriada no governo Michel Temer, a pasta passou a ser responsável, principalmente, pela Secretaria de Comunicação Social (Secom) e pelo Programa de Parcerias para Investimentos (PPI).No governo Bolsonaro, a Secretaria-Geral foi esvaziada ao perder o controle sobre a Secom e sobre o PPI. As duas áreas foram absorvidas pela Secretaria de Governo, comandada por Carlos Alberto dos Santos Cruz, general da reserva do Exército.Hoje, a Secretaria-Geral comanda as secretarias de Assuntos Estratégicos, de Controle Interno, de Administração e de Modernização do Estado. "	-1
167	Segundo Otávio Rêgo Barros, vice assumirá o cargo a partir do início do procedimento para retirada da bolsa de colostomia do presidente. Bolsonaro deve ficar internado por até dez dias. O porta-voz da Presidência, Otávio Rêgo Barros, informou nesta sexta-feira (25) que o vice-presidente, Hamilton Mourão, assumirá o comando do Palácio do Planalto na próxima segunda (28), em razão da cirurgia do presidente Jair Bolsonaro.Nesse interregno, cirurgia e recuperação, que os mé 	"""Mourão ocupará Presidência por 48 horas em razão da cirurgia de Bolsonaro, diz porta-voz""Segundo Otávio Rêgo Barros, vice assumirá o cargo a partir do início do procedimento para retirada da bolsa de colostomia do presidente. Bolsonaro deve ficar internado por até dez dias. O porta-voz da Presidência, Otávio Rêgo Barros, informou nesta sexta-feira (25) que o vice-presidente, Hamilton Mourão, assumirá o comando do Palácio do Planalto na próxima segunda (28), em razão da cirurgia do presidente Jair Bolsonaro.Na segunda, Bolsonaro será submetido a cirurgia para retirada da bolsa de colostomia, implantada devido ao procedimento a que foi submetido em setembro depois de ter sofrido uma facada, em um atentado durante ato de campanha eleitoral em Juiz de Fora.Rêgo Barros explicou que Mourão exercerá a Presidência no período da cirurgia e por 48 horas após o procedimento. O período foi recomendado pelos médicos para recuperação de Bolsonaro.""Nesse interregno, cirurgia e recuperação, que os médicos indicam e iluminam a necessidade de restrito descanso de 48 horas, o excelentíssimo senhor vice-presidente da República, estará como presidente da nossa República. Não é apenas no período da cirurgia, mas sim alongando-se por mais 48 horas"", afirmou o porta-voz.Durante a semana, a Casa Civil havia informado que Mourão ficaria na Presidência apenas durante a cirurgia de Bolsonaro. O governo optou por seguir a orientação médica e ampliar o período por mais 48 horas.O próprio Mourão afirmou mais cedo que deverá comandar uma reunião ministerial, do conselho de governo, na próxima terça-feira (29), no Palácio do Planalto.De acordo com o porta-voz, o presidente tem previsão de decolar às 8h de domingo (27) para São Paulo. Viajará acompanhado da primeira-dama, Michelle, de um grupo ""resumido"" de assessores, do ministro Augusto Heleno (GSI) e do próprio Rêgo Barros.A chegada a São Paulo está prevista para as 9h10 de domingo e ""imediatamente"" o presidente irá para o hospital Albert Einstein.Segundo Rêgo Barros, a previsão é de que Bolsonaro desça para cirurgia por volta das 6h de segunda-feira.A previsão dos médicos é que o período de recuperação dure cerca de dez dias. O porta-voz explicou que a Presidência montou uma estrutura em São Paulo para que Bolsonaro receba ministros e possa ""estabelecer governo efetivo e eficaz"".Ele informou que há previsão de briefings diários no próprio hospital para detalhar o estado de saúde do presidente e as atividades previstas para o dia seguinte.Os boletins médicos de Bolsonaro serão emitidos pelo Albert Einstein, porém a divulgação ficará sob ""tutela"" do porta-voz. "	-1
168	Projeto de Moro quer chefes de organizações criminosas armadas em prisões de segurança máxima. Pela proposta, chefes de milícias receberão as mesmas punições dos de facções criminosas. O projeto que busca endurecer o combate ao crime, à corrupção e à violência, apresentado nesta segunda-feira (4) pelo ministro da Justiça, Sérgio Moro, estabelece que chefes de organizações criminosas armadas iniciem cumprimento de pena em cadeias de segurança máxima. O texto estabelece que chefes de milícias (organizações integradas por policiais e ex-policiais a pretexto de combater o narcotráfico) recebam as mesmas punições dos chefes das facções criminosas.	"""Projeto de Moro quer chefes de organizações criminosas armadas em prisões de segurança máxima""Texto acaba com progressão de regime de condenados vinculados a grupos criminosos. Pela proposta, chefes de milícias receberão as mesmas punições dos de facções criminosas. O projeto que busca endurecer o combate ao crime, à corrupção e à violência, apresentado nesta segunda-feira (4) pelo ministro da Justiça, Sérgio Moro, estabelece que chefes de organizações criminosas armadas iniciem cumprimento de pena em cadeias de segurança máxima.O texto estabelece que chefes de milícias (organizações integradas por policiais e ex-policiais a pretexto de combater o narcotráfico) recebam as mesmas punições dos chefes das facções criminosas.Atualmente, a lei que define as organizações criminosas não exige a aplicação do encarceramento em estabelecimentos de segurança máxima.Segundo o te"	-1
169	"""Diantte das críticas, governo quer antecipar envio da reforma dos militares."" Depois da crítica de parlamentares, o governo resolveu antecipar o envio do projeto de lei que trata da reforma da previdência dos militares. A ideia era mandar o texto para a Câmara dos Deputados após o dia 20 de março, mas agora a equipe econômica pretende entregar as mudanças pouco depois do Carnaval. ""Um pouco antes do dia 20. No máximo, até duas semanas depois do Carnaval"", disse um dos envolvidos na confecção do projeto de lei. "	"""Diante das críticas, governo quer antecipar envio da reforma dos militares"" Depois da crítica de parlamentares, o governo resolveu antecipar o envio do projeto de lei que trata da reforma da previdência dos militares. A ideia era mandar o texto para a Câmara dos Deputados após o dia 20 de março, mas agora a equipe econômica pretende entregar as mudanças pouco depois do Carnaval. ""Um pouco antes do dia 20. No máximo, até duas semanas depois do Carnaval"", disse um dos envolvidos na confecção do projeto de lei.Entre as mudanças, está previsto o aumento no número de funcionários temporários (militares que não seguem carreira e que ficam no máximo 8 anos nas Forças Armadas), mas com a contribuição previdenciária deles destinada ao INSS _ hoje eles se aposentam pelo Regime Geral, mas o valor recolhido fica com o sistema dos militares.Descontentes com a articulação política do governo, líderes de diversos partidos do centrão disseram na semana passada que só passariam a analisar a PEC (Proposta de Emenda à Constituição), enviada na semana passada à Câmara dos Deputados, depois que o governo protocolasse também na Casa a proposta dos militares.Por isso, a equipe econômica quer neutralizar esse argumento e agilizar a entrega do texto. A ideia é votar o texto na Câmara ainda neste semestre, de modo que a tramitação no Senado, que passa apenas pela CCJ, ocorra até setembro.A mudança na aposentadoria dos integrantes das Forças Armadas (que, a rigor, não recebem benefício previdenciário, mas salário, porque saem da ativa, mas ficam à disposição na reserva até serem reformados) será enviada por meio de um projeto de lei que altera legislações ordinárias _ não foi, portanto, incluída na PEC, que altera a Constituição. A votação de projeto de lei demanda apenas maioria simples dos presentes, e não o quórum de 308 deputados necessários na PEC.No projeto de lei, o governo pretende alterar de 30 para 35 anos o tempo de serviço dos militares. Também aumentará a cobrança recolhida de 7,5% para 10,5%, instituindo ainda um valor a ser recolhido de 10,5% nas pensões. A previsão de déficit no sistema de aposentadoria das Forças Armadas, para 2019, é de R$ 20 bilhões, segundo dados divulgados pelo governo na apresentação da PEC da reforma da Previdência, na semana passada. "	-1
170	PF investigă esquema de pagamento de propina a diretores e ex-diretores do BRB. Segundo investigadores, a propina era paga em troca de investimentos em projetos como o extinto Trump Hotel, no RJ. Filho de ator e neto de ex-presidente estão entre os investigados. A operação, batizada de Circus Maximus, cumpriu mandados de prisão e de busca e apreensão.	"""PF investiga esquema de pagamento de propina a diretores e ex-diretores do BRB""Segundo investigadores, a propina era paga em troca de investimentos em projetos como o extinto Trump Hotel, no RJ. Filho de ator e neto de ex-presidente estão entre os investigados. A Polícia Federal (PF) deflagrou nesta terça-feira (29) operação que investiga esquema de pagamento de propinas a diretores e ex-diretores do Banco de Brasília (BRB) em troca de investimentos em projetos como o do extinto Trump Hotel, no Rio de Janeiro, atualmente LSH Lifestyle.A operação, batizada de Circus Maximus, cumpriu mandados de prisão e de busca e apreensão, autorizados pela 10ª Vara da Justiça Federal em Brasília, em endereços comerciais e residenciais no Distrito Federal, Espírito Santo, Rio de Janeiro e São Paulo.De acordo com investigadores, a operação tem o objetivo de desarticular uma organização criminosa instalada no BRB desde 2014. Empresários e agentes financeiros autônomos são suspeitos de cometer crimes contra o sistema financeiro, corrupção, lavagem de dinheiro, gestão temerária, entre outros.Em nota, o BRB informou que ""apoia e coopera integralmente"" com todos os órgãos que conduzem a operação. Segundo o banco, a investigação corre em segredo de Justiça e todas as informações foram repassadas ""exclusivamente"" às autoridades policiais.""O BRB adotará todas as medidas judiciais cabíveis visando preservar o banco e suas empresas controladas"", diz a nota.Entre os investigados estão Diogo Cuoco e Adriana Cuoco, parentes do ator Francisco Cuoco. No caso de Diogo, a Justiça decretou a sua prisão preventiva; já no caso de Adriana, foram decretadas buscas na casa e na empresa dela.Também estão entre os investigados o presidente licenciado do BRB, Vasco Cunha Gonçalves, cuja prisão preventiva foi decretada, e o neto do ex-presidente João Figueiredo, Paulo Renato de Oliveira Figueiredo Filho, que também teve a prisão preventiva decretada pela Justiça.O G1 busca contato com os investigados. Até a última atualização desta reportagem, ainda não havia resposta. "	-1
171	"""O ministro Luiz Fux, do Supremo Tribunal Federal (STF), negou um pedido do governo federal para suspender todas as ações que tramitam na Justiça relacionada ao adicional para aposentados que precisam de cuidadores. O governo ainda pode recorrer. Até então, o adicional só era pago aos aposentados por invalidez. Com a decisão do STJ, foi estendido a todos os outros que necessitam de cuidadores."""	"""Fux nega suspender ações sobre adicional para aposentados que precisam de cuidadores""STJ permitiu adicional de 25% nas aposentadorias, e STF ainda vai julgar caso. União argumenta que decisão representa custo adicional de R$ 5 bilhões por ano. O ministro Luiz Fux, do Supremo Tribunal Federal (STF), negou um pedido do governo federal para suspender todas as ações que tramitam na Justiça relacionadas ao adicional para aposentados que precisam de cuidadores. A decisão é de sexta-feira (15). O governo ainda pode recorrer.Em agosto do ano passado, o Superior Tribunal de Justiça (STJ) reconheceu o direito a todos os aposentados, permitindo o pagamento adicional de 25% sobre o vencimento.Até então, o adicional só era pago aos aposentados por invalidez. Com a decisão do STJ, foi estendido a todos os outros que necessitam de cuidadores.A Advocacia Geral da União (AGU) pediu ao STF para suspender os processos sobre o tema até uma decisão final do Supremo.O ministro Fux considerou em uma análise preliminar que trata-se de tema infraconstitucional, que não exigiria atuação do Supremo.Além disso, para o ministro, os elementos do processo são insuficientes para levar à suspensão de todas as ações sobre o tema.Apesar da decisão que negou suspender as ações, o STF ainda vai decidir sobre o caso em data ainda não prevista.Mesmo que não seja questão constitucional, os ministros poderão analisar o tema considerando a repercussão aos cofres públicos.Quando o adicional foi reconhecido pelo STJ, o Ministério da Fazenda informou que a medida resultaria em custo adicional de R$ 3,5 bilhões por ano para os cofres da Previdência Social.Conforme a AGU, porém, o custo poderia chegar a R$ 5 bilhões por ano e, por isso, seria necessário que a questão fosse paralisada em todos os tribunais até uma decisão final do STF.A decisão do STJ não obriga o INSS a fazer pagamentos de imediato, conforme a AGU. Por isso, o órgão entende que enquanto não houver decisão final do STF, os servidores não poderão atender aos cidadãos. "	-1
172	"""Quatro ministros votam por enquadrar homofobia como racismo; STF suspende julgamento. Até o momento, votaram nesse sentido Celso de Mello, Edson Fachin, Alexandre de Moraes e Luís Roberto Barroso. Julgamento, que teve início no último dia 13, não tem data para ser retomado. Com quatro votos a favor de enquadrar a homofobia e a transfobia como crime de racismo, o Supremo Tribunal Federal (STF) suspendeu nesta quinta-feira (21) o quarto dia de julgamento sobre a criminalização de condutae discriminações contra a comunidade LGBTI.As ações pedem a criminalização de todas as formas de ofensas, individuais e coletivas, homicídios, agressões e discriminações motivadas pela orientação sexual e/ou identidade de gênero, real ou suposta, da vítima.Relatore,s das ações, os ministros Celso de Mello e Edson Fachin entenderam que o Congresso Nacional foi omisso ao discutir o tema e que houve uma demora inconstitucional do Legislativo em aprovar uma lei para proteger homossexuais e transexuais."""	"""Quatro ministros votam por enquadrar homofobia como racismo; STF suspende julgamento""Até o momento, votaram nesse sentido Celso de Mello, Edson Fachin, Alexandre de Moraes e Luís Roberto Barroso. Julgamento, que teve início no último dia 13, não tem data para ser retomado. Com quatro votos a favor de enquadrar a homofobia e a transfobia como crime de racismo, o Supremo Tribunal Federal (STF) suspendeu nesta quinta-feira (21) o quarto dia de julgamento sobre a criminalização de condutas discriminatórias contra a comunidade LGBTI.As ações pedem a criminalização de todas as formas de ofensas, individuais e coletivas, homicídios, agressões e discriminações motivadas pela orientação sexual e/ou identidade de gênero, real ou suposta, da vítima.Relatores das ações, os ministros Celso de Mello e Edson Fachin entenderam que o Congresso Nacional foi omisso ao discutir o tema e que houve uma demora inconstitucional do Legislativo em aprovar uma lei para proteger homossexuais e transexuais. Por isso, segundo eles, cabe ao Supremo aplicar a lei do racismo para preencher esse espaço.Pouco antes das 18h30, após quatro votos, o julgamento foi suspenso pelo presidente do Supremo, ministro Dias Toffoli. Ainda não há data marcada para a retomada da análise do caso _ ainda faltam os votos de sete ministros para a conclusão do julgamento.O julgamento começou na última quarta-feira (13). As ações foram apresentadas pelo PPS e pela Associação Brasileira de Gays, Lésbicas e Transgêneros (ABGLT). Elas pedem para que a Corte fixe um prazo para o Congresso votar projetos de lei sobre o tema.Caso esse pedido não seja aceito, o pedido é para que o Supremo reconheça a omissão e demora inconstitucional do Legislativo em votar projetos de lei e equipare a lei do racismo para que ela passe a ser aplicada em casos de crimes cometidos contra homossexuais e transexuais.Celso de Mello decidiu não impor prazo e conceder o pedido secundário, para a lei do racismo ser aplicada em caso de homofobia. Ele foi acompanhado, até o momento, por Fachin, Moraes e Barroso (veja abaixo como votaram os ministros).Nesta quinta, o ministro Luiz Edson Fachin, apresentou seu voto e, assim como Celso de Mello, relator de outra ação que trata do tema, posicionou-se a favor de enquadrar a homofobia como racismo.Fachin argumentou que a proteção de direitos fundamentais permite ao Supremo a interpretação de crimes sem que haja interferência na atividade legislativa. Além disso, argumentou que falta uma lei específica, o que inviabiliza o exercício de direitos da comunidade LGBTI.O ministro afirmou ainda que há uma ""gritante ofensa a um sentido mínimo de justiça"" provocada pela ""omissão legislativa"".Segundo ele, isso indica que o sofrimento e a violência dirigida a uma pessoa homossexual ou transgênera é ""tolerada como se fosse uma pessoa não digna de viver em igualdade como as demais"".""Entendo ser atentatória ao estado democrático de direito qualquer tipo de discriminação, inclusive a que se fundamenta na orientação sexual das pessoas ou na sua identidade de gênero"", afirmou.O ministro Alexandre de Moraes foi o terceiro a votar e acompanhou os relatores para equiparar a homofobia ao crime de racismo. No voto, afirmou que a omissão do poder público em impor limites ao preconceito tem permitido que agressões verbais e físicas constantes evoluam para homicídios de homossexuais e transexuais.""Nada insufla mais o criminoso do que a impunidade"", afirmou Moraes.Moraes disse ainda que o Congresso já estabeleceu leis protetivas a todos os grupos vulneráveis, mas que está omisso em relação a grupos LGBTI.""O único grupo que ficou excluído foi o grupo relacionado a orientação sexual e identidade de gênero"", completou.O ministro Luís Roberto Barroso foi o terceiro a votar na sessão desta quinta, e quarto a se manifestar nas ações. Barroso acompanhou os demais votos. Ele também votou por incuir, em caso de homicídio cometidos contra homossexuais, agravante por motivo fútil ou torpe.Para o ministro, embora a criação de leis seja papel do Legislativo, a interpretação constitucional é papel do Supremo.""Se o Congresso atuou, a sua vontade deve prevalecer. Se o Congresso não atuou, é legítimo que o Supremo atue para fazer valer o que está previsto na Constituição"", afirmou Barroso. ""Há omissão"", completou.Nesta quarta (20), um dos relatores do caso, ministro Celso de Mello, que iniciou seu voto na semana passada, afirmou que há ""omissão"" e demora inconstitucional por parte do Poder Legislativo ao não votar a criminalização da homofobia.Segundo o ministro, ""mostra-se indispensável que o Estado proteja os grupos vulneráveis"".Ao apresentar o voto, o ministro argumentou que, caso determine a criminalização da homofobia, o Supremo não criará nenhuma norma penal _ competência exclusiva do Legislativo _, somente enquadrará a discriminação contra homossexuais em uma lei já existente. "	-1
173	Presidente desde julho de 2016, Maia tenta novo mandato, até fevereiro de 2021. Somos parceiros do Rodrigo; deputado do MDB-MG diz ser candidato. O MDB está nessa composição com o Rodrigo Maia, inclusive discutindo bloco parlamentar a partir do dia 2.	"""Jucá diz que MDB apoiará reeleição de Rodrigo Maia como presidente da Câmara""Presidente desde julho de 2016, Maia tenta novo mandato, até fevereiro de 2021. Ao comunicar decisão, Jucá afirmou: Somos parceiros do Rodrigo; deputado do MDB-MG diz ser candidato. O presidente do MDB, senador Romero Jucá (RR), afirmou nesta terça-feira (29) que o partido apoiará a reeleição do atual presidente da Câmara dos Deputados, Rodrigo Maia (DEM-RJ).A eleição para presidente da Câmara está marcada para a próxima sexta-feira (1º), e Maia está no comando da Casa desde 14 de julho de 2016.Atual vice-presidente da Câmara, Fábio Ramalho (MDB-MG), afirma que disputará a presidência da Casa na eleição do dia 1º. Questionado sobre o assunto, Jucá respondeu:""Fabinho [Ramalho] é um candidato que já se colocou, tem todo direito de ser candidato, é uma figura expressiva do MDB. Mas, na composição partidária, o MDB está nessa composição com o Rodrigo Maia, inclusive discutindo bloco parlamentar a partir do dia 2 de fevereiro"", afirmou Jucá nesta terça.""O que levou [à decisão] foi o entendimento politico, amadurecimento. Nós somos parceiros do Rodrigo. Houve desencontro na questão da Câmara num certo momento, mas eu acho que o Rodrigo soube recompor bem, teve talento, teve competência. Acho que ele ajustou uma grande chapa, aí que acredito que não vá ter dificuldades"", acrescentou o presidente do MDB.Atualmente segunda maior bancada da Câmara, com 51 deputados, o MDB passará a ter a quarta maior da Casa (34) a partir de 1º de fevereiro, quando os deputados eleitos tomarão posse.Para ser eleito presidente da Câmara, um deputado precisa contar com o apoio da maioria dos parlamentares, desde que estejam presentes à sessão de votação ao menos 257 deputados, o que configura maioria entre os 513.Além do MDB, outros 12 partidos já anunciaram oficialmente apoio a Rodrigo Maia. Juntas, as legendas somam 262 deputados. "	-1
174	"""O documento por si só não é suficiente."" Um dia depois de assumir o comando dos processos em primeira instância da Operação Lava Jato no Paraná, o juiz federal Luiz Antônio Bonat indeferiu o pedido de viagem para os Estados Unidos de uma inves tigada de um processo da 56ª fase da operação.Na decisão publicada na noite desta quinta-feira (7), Luiz Antônio Bonat negou o pedido da defesa de Marcia Mileguir, que solicitou autorização para viajar para os Estados Unidos com o intuito de acompanhar o tratamento médico do filho que, segundo os advogados, possui doença agravada após tratamento frustrado no Brasil.O juiz afirmou que apenas um dos documentos apresentados pela defesa é relevante para tentar justificar a necessidade da viagem e, ainda assim, trata-se de um laudo emitido há 10 meses, o que, segundo Bonat, não é suficiente."	"""Novo juiz da Lava Jato nega pedido de investigada para ir aos Estados Unidos acompanhar tratamento do filho"" Um dia depois de assumir o comando dos processos em primeira instância da Operação Lava Jato no Paraná, o juiz federal Luiz Antônio Bonat indeferiu o pedido de viagem para os Estados Unidos de uma investigada de um processo da 56ª fase da operação.Na decisão publicada na noite desta quinta-feira (7), Luiz Antônio Bonat negou o pedido da defesa de Marcia Mileguir, que solicitou autorização para viajar para os Estados Unidos com o intuito de acompanhar o tratamento médico do filho que, segundo os advogados, possui doença agravada após tratamento frustrado no Brasil.O juiz afirmou que apenas um dos documentos apresentados pela defesa é relevante para tentar justificar a necessidade da viagem e, ainda assim, trata-se de um laudo emitido há 10 meses, o que, segundo Bonat, não é suficiente para confirmar a importância do tratamento no exterior.""O documento por si só não é suficiente para confirmar que o filho da acusada já realizou tratamento frustrado no Brasil, que possui problema sério ou urgente, e que somente poderia ser tratado nos Estados Unidos da América"", argumentou o magistrado.Ao indeferir o pedido, Luiz Antônio Bonat adotou o mesmo posicionamento do Ministério Público Federal (MPF), que também se manifestou contrário à autorização da viagem. Márcia Mileguir teve seu passaporte retido como medida cautelar alternativa à prisão e precisa da autorização da Justiça para sair do Brasil.Além de afirmar que Marcia Mileguir não comprovou a necessidade da viagem, o juiz acompanha os procuradores da força-tarefa da Lava Jato ao lembrar que a investigada é suspeita de operar contas de offshore no exterior e que seu marido, David Arazi, é corréu no processo, possui residência nos Estados Unidos e encontra-se foragido da Justiça com prisão preventiva decretada em outra ação penal.Em documento enviado no dia 8 de fevereiro, os advogados de Marcia Mileguir pediram autorização para que a investigada faça viagem aos Estados Unidos para acompanhar o tratamento médico do filho que, segundo a defesa, possui uma patologia que foi agravada por cirurgia realizada recentemente.Em resposta ao pedido, a juíza substituta Gabriela Hardt _ que respondeu pelos processos por um tempo após a saída de Sérgio Moro - pediu que os advogados dessem mais esclarecimentos sobre o tempo de duração da viagem e se Marcia precisaria de dispensa das oitivas das testemunhas de defesa e acusação no processo. Os advogados afirmaram que a viagem duraria de 20 a 30 dias e que não implicaria em ausência da investigada nas oitivas.Na manifestação contrária ao pedido, o MPF reiterou que a afirmação ""vaga"" do período da viagem mostra que não há compromissos médicos agendados.""Acenou a requerente, vagamente, tão somente que ""o período de viagem teria a duração aproximada de 20 a 30 dias"", o que, por si só, denuncia a ausência de agendamento de compromissos médicos concretos e mesmo de um plano real para o declarado tratamento médico"", afirmou o MPF.Marcia Mileguir é uma das investigadas na 56ª fase da Operação Lava Jato, deflagrada pela Polícia Federal em novembro de 2018, que apura o superfaturamento na construção da sede da Petrobras em Salvador, na Bahia. O Ministério Público Federal denunciou 42 pessoas suspeitas de atuar no esquema de corrupção. "	-1
175	"""Versão de Queiroz ao MP causa desconforto em setores do governo"" Integrantes do governo demonstraram desconforto inicial com a versão apresentada ao Ministério Público por Fabrício Queiroz. Ele disse que gereniava salário de servidores para ampliar a base eleitoral do então deputado estadual e agora senador Flávio Bolsonaro (PSL-RJ), filho do presidente Jair Bolsonaro.A primeira reação é de que, apesar do ex-assesor tentar blindar Flávio Bolsonaro, a resposta ao Ministério Público ainda levanta várias dúvidas.Segundo Queiroz, os funcionários devolviam parte de sua remuneração, e o dinheiro era usado para a contratação de colaboradores informais. Ele afirmou que Flávio não sabia disso.Na avaliação de um integrante da ala militar do governo, a explicação veio tarde e, mesmo assim, com admissão de uma ilegalidade, já que não é permitido se apropriar de salários de servidores.Um outro interlocutor do presidente Jair Bolsonaro reconheceu que essa segunda versão também traz problemas."	"""Versão de Queiroz ao MP causa desconforto em setores do governo"" Integrantes do governo demonstraram desconforto inicial com a versão apresentada ao Ministério Público por Fabrício Queiroz. Ele disse que gerenciava salário de servidores para ampliar a base eleitoral do então deputado estadual e agora senador Flávio Bolsonaro (PSL-RJ), filho do presidente Jair Bolsonaro.A primeira reação é de que, apesar do ex-assessor tentar blindar Flávio Bolsonaro, a resposta ao Ministério Público ainda levanta várias dúvidas.Segundo Queiroz, os funcionários devolviam parte de sua remuneração, e o dinheiro era usado para a contratação de colaboradores informais. Ele afirmou que Flávio não sabia disso.Na avaliação de um integrante da ala militar do governo, a explicação veio tarde e, mesmo assim, com admissão de uma ilegalidade, já que não é permitido se apropriar de salários de servidores.Um outro interlocutor do presidente Jair Bolsonaro reconheceu que essa segunda versão também traz problemas, porque coloca Flávio Bolsonaro como alguém que desconhecia o funcionamento de seu próprio gabinete.Na primeira versão, dada em uma entrevista no final de 2018, Queiroz alegou que era um homem de negócios e que comprava e vendia carros. Essa foi a justificativa inicial para explicar o fato de o Conselho de Controle de Atividades Financeiras (Coaf) ter observado movimentação financeira atípica em sua conta bancária. "	-1
176	"""A ideia é que chegue a R$ 1 trilhão [de economia] em dez anos. Há simulações em que é R$ 1 trilhão em 15 anos. Isso é o que está sendo calibrado. O importante é que tenh"	"""Guedes diz que intenção é economizar R$ 1 trilhão em dez anos com reforma da Previdência""Em 2018, déficit da Previdência atingiu R$ 290 bilhões. Ministro da Economia diz que, após deixar hospital, presidente Jair Bolsonaro definirá formato da reforma a ser enviada ao Congresso. O ministro da Economia, Paulo Guedes, afirmou nesta terça-feira (5) que a intenção da equipe econômica é obter uma economia de R$ 1 trilhão em dez anos com a proposta de reforma da Previdência a ser encaminhada pelo governo ao Congresso Nacional.Segundo o ministro, que concedeu entrevista no ministério após receber a visita do presidente da Câmara, deputado Rodrigo Maia (DEM-RJ), também há simulações de uma economia de R$ 1 trilhão em 15 anos. Em 2018, o déficit da Previdência bateu recorde e alcançou R$ 290 bilhões, segundo números do governo.""A ideia é que chegue a R$ 1 trilhão [de economia] em dez anos. Há simulações em que é R$ 1 trilhão em 15 anos. Isso é o que está sendo calibrado. O importante é que tenha potência fiscal [de economia de recursos] para resolver o problema, que se inaugure um período novo para a Previdência"", declarou o ministro.Ele afirmou que, pelas propostas em estudo, o Brasil terá um novo regime trabalhista e previdenciário. ""Tem várias possibilidades"", afirmou.Segundo Guedes, o desafio é ""salvar"" a previdência antiga e também impedir o que classificou de ""mecanismo perverso"" de transferência de renda dos pobres para os ricos _ o que, segundo ele, acontece atualmente.""[Queremos] salvar as futuras gerações dessa armadilha, de um sistema que piora desigualdades e destrói empregos em massa. A reforma é uma construção democrática nossa"", afirmou.Para ele, o atual sistema previdenciário brasileiro é uma ""fábrica de desigualdades"", no qual os pobres, em sua grande maioria, se aposentam por idade, aos 65 anos, e com benefícios menores, geralmente com um salário mínimo, enquanto que os mais ricos se aposentam mais cedo e ganhando bem mais.""Estamos tentando estruturar uma reforma que atenue, que reduza. Isso. Com um período de transição. Muita coisa é paramétrica"", disse o ministro.De acordo com o ministro, a decisão sobre o formato final do texto da proposta de emenda constitucional da reforma da Previdência será do presidente Jair Bolsonaro, depois que ele deixar o hospital, em São Paulo, onde se recupera de uma cirurgia.""O presidente, voltando, vai olhar as propostas"", afirmou Guedes. ""Já temos duas ou três versões alternativas simuladas"", declarou.Guedes declarou que é importante enviar uma proposta que seja aceita pelos parlamentares e, por isso, os parâmetros do texto ainda estão sendo calibrados.Ele lembrou que Bolsonaro chegou a citar, em entrevista recente concedida a jornalistas, a possibilidade de a idade mínima de aposentadoria ser de 57 anos para as mulheres de 62 para homens.Nesse caso, Guedes lembrou que a transição do antigo para o novo regime teria de ser mais rápida, como disse recentemente o presidente da Câmara dos Deputados, Rodrigo Maia.De acordo com o ministro da Economia, a instituição de um regime de capitalização no sistema previdenciário seria um ""segundo capítulo"" da reforma da previdência.No sistema de capitalização, os benefícios são pagos pelas contribuições feitas no passado pelo próprio trabalhador. "	-1
177	"""Guerra no MEC pode fazer segunda baixa no primeiro escalão do governo Bolsonaro"" Depois da demissão de Gustavo Bebianno da Secretaria-Geral da Presidência, outro ministro do governo Bolsonaro está na corda bamba e pode cair em breve. O ministro da Educação, Ricardo Vélez Rodríguez, está sendo alvo de pressões para deixar o posto. Para tentar acabar com a guerra interna, o presidente Jair Bolsonaro determinou que o ministro demitisse não só assessores ligados a Olavo de Carvalho mas também militares que estavam gerando insatisfeito no escritor."	"""Guerra no MEC pode fazer segunda baixa no primeiro escalão do governo Bolsonaro"" Depois da demissão de Gustavo Bebianno da Secretaria-Geral da Presidência, outro ministro do governo Bolsonaro está na corda bamba e pode cair em breve. O ministro da Educação, Ricardo Vélez Rodríguez, está sendo alvo de pressões para deixar o posto.Se cair, será a segunda baixa do novo governo em menos de três meses de existência.Rodríguez foi indicado para o posto pelo guru do governo Bolsonaro, Olavo de Carvalho. O escritor, de direita, bancou sua nomeação e indicou vários assessores para ocupar cargos dentro do Ministério da Educação. Só que o ministro também nomeou para sua equipe militares, que entraram em confronto com o grupo de seguidores de Olavo de Carvalho, chamados de ""olavetes"".Para tentar acabar com a guerra interna, o presidente Jair Bolsonaro determinou que o ministro demitisse não só assessores ligados a Olavo de Carvalho mas também militares que estavam gerando insatisfação no escritor e guru do governo atual.Foram seis exonerações no ministério e outras podem ser feitas, porque Olavo de Carvalho segue cobrando novas demissões.Dentro do Palácio do Planalto, há um sentimento de insatisfação em relação ao desempenho de Ricardo Vélez Rodríguez, que até agora gerou muito mais polêmica e pouca ação efetiva na linha desejada pelo presidente.Bolsonaro, inclusive, chegou a destacar recentemente que seu governo está fazendo uma ""Lava Jato da Educação"", investigação em contratos que seriam suspeitos realizados em administrações anteriores. "	-1
178	Collor é interrogado no STF em ação penal da Lava Jato. Ele réu por corrupção, lavagem de dinheiro e organização criminosa no processo. Collor é acusado de receber mais de R$ 30 milhões em propina por negócios da BR Distribuidora. A defesa de Collor afirma que a denúncia não traz provas concretas de que o senador recebeu o dinheiro de propina.	"""Collor é interrogado no STF em ação penal da Lava Jato""Senador é réu por corrupção, lavagem de dinheiro e organização criminosa. Collor é acusado de receber mais de R$ 30 milhões em negócios da BR Distribuidora. Defesa diz que não há provas. O ex-presidente da República e senador Fernando Collor (Pros-AL) foi interrogado na manhã desta quarta-feira (13) no Supremo Tribunal Federal (STF), em ação penal da Operação Lava Jato. Ele réu por corrupção, lavagem de dinheiro e organização criminosa no processo.Collor é acusado de receber mais de R$ 30 milhões em propina por negócios da BR Distribuidora, subsidiária da Petrobras na venda de combustíveis. Segundo a denúncia da Procuradoria-Geral da República (PGR), ele pediu e recebeu o dinheiro entre 2010 e 2014 em três negócios envolvendo a subsidiária, que tinha dois diretores indicados pelo senador.A defesa de Collor afirma que a denúncia não traz provas concretas de que o senador recebeu o dinheiro de propina. Além disso, questiona que contrapartida o senador teria dado para viabilizar os negócios da BR.A Segunda Turma do STF aceitou a denúncia, por unanimidade, em agosto de 2017. Ao final do processo, o senador poderá ser condenado ou absolvido em julgamento na Corte.Responde como réu na mesma ação Pedro Paulo Leoni Ramos, ex-ministro do governo Collor e considerado operador do ex-presidente em diversos negócios. Leoni Ramos também será interrogado nesta quarta. Luís Pereira Duarte de Amorim, diretor da Gazeta de Alagoas, apontado como testa de ferro e recebedor de propina para Collor, também é réu no processo e será ouvido em 18 de fevereiro. "	-1
179	"Frente parlamentar criada após desastre de Mariana terminará mandato sem nenhuma reunião. O requerimento de criação contou com o apoio de 226 deputados, o mínimo exigido é de 198 assinaturas (equivalente a um terço do Poder Legislativo). O documento dizia que o objetivo da frente era difundir ""a importância da mineraria no Brasil, defendendo a política de incentivos e desenvolvimento do setor minerário, medidas de prevenção e a conservação do potencial minerário em todo o território nacional"". "	"""Frente parlamentar criada após desastre de Mariana terminará mandato sem nenhuma reunião""Grupo foi criado na Câmara com o apoio de 226 deputados e, entre os objetivos, estava o de difundir a importância de medidas de prevenção no setor. Colegiado, porém, não saiu do papel. Uma frente parlamentar criada na Câmara dos Deputados logo após o desastre de Mariana (MG), no final de 2015, para discutir o setor de mineração será arquivada nos próximos dias, quando o atual mandato se encerra, sem nunca ter se reunido ao longo de três anos.O requerimento de criação contou com o apoio de 226 deputados _ o mínimo exigido é de 198 assinaturas (equivalente a um terço do Poder Legislativo).O documento dizia que o objetivo da frente era difundir ""a importância da mineração no Brasil, defendendo a política de incentivos e desenvolvimento do setor minerário, medidas de prevenção e a conservação do potencial minerário em todo o território nacional"".O protocolo de registro da frente foi feito em 25 de fevereiro de 2016, três meses e meio depois do rompimento da barragem, que causou o maior desastre ambiental do país até então e matou 19 pessoas.As frentes parlamentares são grupos suprapartidários que reúnem deputados (e, no caso das mistas, também senadores) interessados em determinado assunto. Podem tratar de qualquer tema e promover reuniões, usando inclusive espaços da Câmara, desde que não gerem nenhum custo para o poder público.Em alguns casos, as frentes acabam funcionando como um grupo de pressão dentro do Congresso Nacional em prol de certas matérias e de setores representados por lobistas.Entre as mais organizadas estão a da bancada ruralista e a da segurança pública, que se autointitula ""bancada da bala"".No entanto, diferentemente de uma comissão parlamentar de inquérito (CPI), por exemplo, que precisa cumprir ritos e prazo e aprovar um parecer ao final das atividades, a frente parlamentar não tem qualquer obrigação do ponto de vista legislativo nem pode apresentar projetos de lei.Pelas regras da Câmara, a criação de frente parlamentar não precisa ser votada em plenário, basta ser protocolada.No entanto, a sua instalação efetiva se dá quando a primeira reunião é realizada _ o que nunca aconteceu em relação à frente parlamentar da mineração.Segundo o deputado Sérgio Souza (MDB-PR), que articulou a frente e consta como seu coordenador, a frente nunca se reuniu porque a criação se deu em um ano de eleições municipais, que acabam demandando a atenção dos parlamentares. Além disso, apontou como outro motivo o fato de os deputados terem se ocupado de outras atividades.Ele próprio se justificou listando as comissões das quais participava à época e disse que ofereceu o lugar a quem se dispusesse coordenar a frente, mas que ninguém o quis.""Não deu tempo de tocar. Eu era presidente da frente parlamentar do setor sucroenergético, estava na diretoria da frente do biocombustível, na diretoria da frente do cooperativismo, na presidência da Comissão de Agricultura. E aí falei para o pessoal que eu não tinha condições de tocar, que não tinha tempo. Falei: Vamos achar alguém que se interesse para tocar. Mas aí, naquele momento, era eleição municipal. Depois, ficou para o ano seguinte e foi um período conturbado. No segundo ano, eu ainda estava na relatoria de CPI"", explicou.Souza explicou que a intenção era debater o setor de forma mais articulada.""Ela foi costurada para ser criada justamente na época do acidente em Mariana e também para fazer um mapeamento da questão de recursos minerais no Brasil, para ter um pouco mais de atuação de organização, porque é um setor gigante e que falta representatividade [no Congresso]"", afirmou.Segundo ele, já há um movimento de coleta de assinatura para a criação de uma nova frente parlamentar da mineração para atuar a partir da próxima legislatura, que começa em 1º de fevereiro. "	-1
180	"""Enentend a crise que atinge o PSL, partido de Jair Bolsonaro"" Crisé política envolve suspeita de irregularidades em razão do financiamiento de candidaturas de ""laranjas"" nas eleições. Controvérsia agraçou-se depois que filho do presidente desmentiu ministro. O PSL, partido do presidente Jair Bolsonaro, está no centro de uma crise política por suspeita de irregularidades em razão do financiamiento de candidaturas de ""laranjas"" nas eleições de 2018. A controvérsia agraçou-se quando um dos filhos de Bolsonaro, o vereador Carlos Bolsonaro, desmentiu o ministro da Secretaria-Geral da Presidência, Gustavo Bebianno, depois de este dizer que havia conversado com o presidente sobre o caso _ Bebianno presidia o PSL na época da disputa eleitoral do ano passado. Nesta quarta-feira (13), o blog de Valdo Cruz informou que havia pressões no Palácio do Planalto pela demissão de Bebianno do cargo de ministro, em razão da crise entre ele e o filho do presidente. Já nesta sexta-feira (15), o colunista noticiou"	"""Entenda a crise que atinge o PSL, partido de Jair Bolsonaro""Crise política envolve suspeita de irregularidades em razão do financiamento de candidaturas de laranjas nas eleições. Controvérsia agravou-se depois que filho do presidente desmentiu ministro. O PSL, partido do presidente Jair Bolsonaro, está no centro de uma crise política por suspeita de irregularidades em razão do financiamento de candidaturas de ""laranjas"" nas eleições de 2018.A controvérsia agravou-se quando um dos filhos de Bolsonaro, o vereador Carlos Bolsonaro, desmentiu o ministro da Secretaria-Geral da Presidência, Gustavo Bebianno, depois de este dizer que havia conversado com o presidente sobre o caso _ Bebianno presidia o PSL na época da disputa eleitoral do ano passado.Nesta quarta-feira (13), o blog de Valdo Cruz informou que havia pressões no Palácio do Planalto pela demissão de Bebianno do cargo de ministro, em razão da crise entre ele e o filho do presidente. Já nesta sexta-feira (15), o colunista noticiou que, segundo aliados, Bebianno permanecerá no cargo.Além disso, o próprio Bebianno afirmou que ""não há crise nenhuma"" no governo, mas declarou que não sabe se ficará no cargo. De acordo com o Blog do Camarotti, ele ganhou sobrevida no cargo após intensa atuação de outros ministros. No fim da tarde de sexta, Bebianno reuniu-se com Bolsonaro. A avaliação do Planalto é que, mesmo após o encontro, a situação do chefe da Secretaria-Geral é considerada difícil.A Polícia Federal vai investigar as supostas irregularidades do PSL. Nesta quinta-feira (14), o ministro da Justiça e Segurança Pública, Sérgio Moro, disse que a suspeita está sendo apurada e que ""eventuais responsabilidades"" serão ""definidas"" após as investigações.Nesta quinta, o presidente da Câmara, Rodrigo Maia (DEM-RJ), afirmou ao blog de Andréia Sadi no G1 que Bolsonaro precisa ""comandar a solução"" para a crise política. ""A impressão que dá é que o presidente está usando o filho para pedir para o Bebianno sair"", declarou.Para ele, o governo corre um ""risco muito grande"" se transformar o episódio em crise. Sobre a suspeita envolvendo Bebianno, Maia afirmou que ""qualquer presidente de partido poderia passar por isso"".Entenda, abaixo, a crise que atinge o PSL:Em 4 de fevereiro, uma reportagem da ""Folha de S.Paulo"" apontou que o ministro do Turismo, Marcelo Álvaro Antônio (PSL), que é presidente do partido em Minas Gerais, direcionou verbas de campanha a quatro candidatas no estado que são suspeitas de serem laranjas.Em 10 de fevereiro, o mesmo jornal informou que o PSL repassou R$ 400 mil a uma candidata a deputada federal em Pernambuco que teve 274 votos, três dias antes da eleição. De acordo com a reportagem, isso é indício de uma candidatura de fachada.O jornal diz que Maria de Lourdes Paixão se tornou candidata por iniciativa do grupo do atual presidente do PSL, Luciano Bivar.O repasse, ainda segundo a ""Folha de S.Paulo"", aconteceu no período em que Gustavo Bebianno era o presidente do PSL. Um dos principais coordenadores da campanha de Bolsonaro, Bebbiano deixou o comando da legenda após o período eleitoral e hoje é ministro da Secretaria Geral da Presidência.Segundo a reportagem, Maria de Lourdes Paixão foi beneficiária do terceiro maior volume de recursos transferidos para um candidato _ mais do que receberam as campanhas do próprio Jair Bolsonaro e de Joice Hasselmann (PSL-SP), deputada mais votada do país entre as mulheres candidatas.Na terça-feira (12), Gustavo Bebianno negou, em entrevista ao jornal ""O Globo"", que seja o pivô de uma crise no governo. Ele afirmou: ""Não existe crise nenhuma. Só hoje falei três vezes com o presidente"". Segundo Bebianno, ele se comunicou com o presidente por meio de um aplicativo de mensagens.Já na quarta-feira (13), um dos filhos do presidente, o vereador do Rio de Janeiro Carlos Bolsonaro (PSC), criticou Bebianno em uma rede social. Segundo Carlos Bolsonaro, era uma ""mentira absoluta"" a alegação de Bebianno na qual o ministro disse ter falado três vezes com Jair Bolsonaro enquanto o presidente ainda estava internado no hospital Albert Einstein, em São Paulo. Bolsonaro recebeu alta nesta quarta e voltou para Brasilia.""Ontem estive 24h do dia ao lado do meu pai e afirmou: É uma mentira absoluta de Gustavo Bebbiano que ontem teria falado 3 vezes com Jair Bolsonaro para tratar do assunto citado pelo Globo e retransmitido pelo Antagonista, escreveu Carlos Bolsonaro.Para sustentar o que chamou de ""mentira"", o filho do presidente divulgou uma gravação em áudio do pai na qual ele supostamente conversa por telefone com Bebbiano. A gravação reproduz somente a voz de Bolsonaro.""Ô Gustavo, está complicado eu conversar ainda. Então, não vou falar, não vou falar com ninguém, a não ser estritamente o essencial. Estou em fase final de exames para possível baixa hoje, tá ok? Boa sorte aí"", afirma Jair Bolsonaro na gravação.""Não há roupa suja a ser lavada! Apenas a verdade: Bolsonaro não tratou com Bebiano o assunto exposto pelo O Globo como disse que tratou"", afirmou Carlos Bolsonaro na rede social.Ao blog de Andréia Sadi no G1, o ministro da Secretaria Geral da Presidência, Gustavo Bebianno, disse nesta quarta que não pretende pedir demissão em razão do episódio.Questionado se tem a intenção de deixar o cargo, Bebianno respondeu:""Não tenho essa intenção porque não fiz nada de errado. Meu trabalho continua sendo em benefício do Brasil. O presidente, se entender que eu não deva mais continuar, ele certamente vai me comunicar. Mas até aqui minha relação com ele foi sempre a melhor possível, da minha parte tudo foi feito com honestidade, correção e vamos esperar para ver o que acontece.""Nesta sexta, em entrevista exclusiva à TV Globo, Bebianno disse que ""não tem crise nenhuma"" no governo mas que não sabe se ficará no cargo.Além disso, o Blog do Camarotti informou que, em conversas com interlocutores, o ministro-chefe da Secretaria-Geral da Presidência demonstrou forte mágoa com o episódio. ""Não se dá um tiro na nuca do seu próprio soldado. É preciso ter um mínimo de consideração com quem esteve ao lado dele o tempo todo"", desabafou Bebianno.Já o ministro do Turismo, Marcelo Álvaro Antônio (PSL) _ que foi o deputado federal mais votado em Minas Gerais _, comentou, em entrevista ao jornal ""O Globo"", a suspeita de que teria usado candidatos laranjas na campanha do ano passado:""Fazem esse tipo de ilação maldosa, dizer que a candidata é laranja porque gastou R$ 50 mil do fundo partidário e teve 800 votos _ isso é surreal. Não tem como medir o número de votos pelo que a pessoa gastou. Então quer dizer que o presidente tinha que ser o [Fernando] Haddat [PT], que gastou 20 vezes mais que o presidente Jair Bolsonaro"".Ao jornal, Álvaro Antônio disse que todas as suas contas foram aprovadas pelo Tribunal Regional Eleitoral: ""O PSL em Minas agiu 100% dentro da legislação eleitoral. Dizer que as pessoas são laranjas, atrelando a quantidade de voto com o valor gasto, é subestimar a democracia brasileira. Não tem como fazer uma analogia dessas"".O presidente Jair Bolsonaro compartilhou na noite de quarta três mensagens nas quais um de seus filhos, o vereador Carlos Bolsonaro, acusou o ministro da Secretaria-Geral, Gustavo Bebianno, de mentir. Bolsonaro não acrescentou comentário nas postagens, somente republicou o mesmo conteúdo publicado pelo filho.Também nesta quarta, Bolsonaro afirmou em entrevista à TV Record que Bebianno terá de ""voltar às origens"" se estiver envolvido nas supostas irregularidades do PSL.""Se estiver envolvido, logicamente, e responsabilizado, lamentavelmente o destino não pode ser outro a não ser voltar às suas origens. Em nenhum momento conversei com ele"", afirmou o presidente.Questionado se havia conversado com Bebianno por telefone na terça, respondeu:""Isso é mentira. Sabe por que é mentira? Porque eu determinei que a Polícia Federal investigasse. Eu podia ter dado um telefonema para o Sérgio Moro, sou chefe dele. Mas jamais farei isso, muito pelo contrário. Determinei ao Sérgio Moro que, dentro da sua esfera de atribuição, se fosse possível investigar, isso está sendo investigado. Essa é a resposta que dou para todos aqueles que tentam praticar corrupção no Brasil"".Bolsonaro disse ainda ser ""mentira"" que tenha tratado do assunto com o ministro e acrescentou que mandou a Polícia Federal investigar as suspeitas.O líder do PSL na Câmara, deputado Delegado Waldir (PSL-GO), afirmou nesta quarta que é ""zero"" a chance de o ministro da Secretaria-Geral, Gustavo Bebianno, ser demitido.O deputado deu a declaração durante uma entrevista coletiva antes de participar de reunião da bancada do PSL, partido do presidente Jair Bolsonaro.""Zero. Zero de risco. Nós somos um governo correto. Para correr risco, tem que roubar, tem que ser corrompido que nem a esquerda fazia"", afirmou Waldir após ser questionado se Bebianno ""corre risco"" no cargo.Depois, o deputado concedeu outra entrevista, na qual disse que, se Bebianno perdeu a confiança do presidente, ""cabe ao presidente tomar a decisão que ele entender mais legítima"". ""Só acho que um ministro tem que ser afastado se ele cometeu um crime grave"", acrescentou.A Polícia Federal vai investigar as suspeitas de que o PSL usou recursos públicos para financiar candidaturas de ""laranjas"".O ministro da Justiça e da Segurança Pública, Sérgio Moro, disse nesta quinta: ""O senhor presidente Jair Bolsonaro proferiu uma determinação e a determinação está sendo cumprida. Os fatos vão ser apurados e eventuais responsabilidades, após as investigações, vão ser definidas"".Moro não especificou, no entanto, quantos inquéritos foram abertos para investigar o caso nem deu detalhes sobre os trabalhos.Com relação ao caso da candidata a deputada federal Maria de Lourdes Paixão, a Polícia Civil de Pernambuco investiga denúncias de desvio de dinheiro. A investigação está a cargo do Departamento de Repressão ao Crime Organizado e Corrupção (Draco).De acordo com a assessoria da Polícia Civil em Pernambuco, o procedimento é chamado de Verificação Preliminar de Investigação (VPI), que acontece antes da abertura do inquérito.A Polícia Federal (PF) também apura o caso e intimou Lourdes a depor. O depoimento estava marcado para esta quinta, às 11h, mas houve um pedido para adiamento, feito pelo advogado da candidata. Uma nova data ainda não foi marcada.Maria de Lourdes Paixão deve ser ouvida no que a PF chama de ""registro especial"", um procedimento anterior à abertura de inquérito, para verificar se há indícios suficientes para justificar uma investigação.""Ela vem na condição de colaboradora. Não tem ainda nenhum tipo de investigação instaurada contra ela"", afirmou o assessor da PF em Pernambuco, Giovani Santoro.De acordo com ele, a iniciativa da intimação foi da Polícia Federal, em conjunto com a Justiça Eleitoral. ""Tomamos conhecimento da veiculação de uma matéria sobre esse caso e achamos oportuno checar os fatos em andamento. Ela vai ser ouvida aqui como colaboradora, para prestar esclarecimentos. Ela não é investigada nesse momento"", disse Santoro.Em nota, a Procuradoria Regional Eleitoral em Pernambuco (PRE-PE) informou que propôs ação de impugnação de contas eleitorais contra Lourdes Paixão. A ação é sigilosa. "	-1
181	"Tão pequenas que não merecem nem comentário, diz Bivar sobre denúncias de candidatos laranjas. A crise dos candidatos ""laranja"" levou à queda. O presidente do PSL, deputado Luciano Bivar (PE), disse nesta terça-feira (19) que as denúncias de candidatos ""laranjas"" no partido são ""tão pequenas que não merecem nem comentário""."	"""Tão pequenas que não merecem nem comentário, diz Bivar sobre denúncias de candidatos laranjas""Presidente do PSL almoçou com Bolsonaro no Palácio do Planalto. Denúncias de candidatos laranjas no PSL levaram à crise que culminou com a demissão do ex-ministro Gustavo Bebianno.  O presidente do PSL, deputado Luciano Bivar (PE), disse nesta terça-feira (19) que as denúncias de candidatos ""laranjas"" no partido são ""tão pequenas que não merecem nem comentário"".Bivar deu a declaração ao voltar para a Câmara, após um almoço com o presidente Jair Bolsonaro no Palácio do Planalto. O PSL também é o partido do presidente.Reportagens do jornal ""Folha de S.Paulo"" relataram repasse do PSL de dinheiro do fundo partidário para uma candidata do partido em Pernambuco, suspeita de ter ser sido uma ""laranja"" nas eleições. Ainda de acordo com o jornal, ela se tornou candidata por iniciativa do grupo ligado a Bivar.A crise dos candidatos ""laranja"" (há suspeitas também no PSL de Minas Gerais), levou à queda do ministro Gustavo Bebianno, que ocupava a Secretaria-Geral da Presidência. Ele foi presidente nacional do PSL durante as eleições.""São coisas tão pequenas que não merecem nem comentário"", afirmou Bivar ao ser questionado por jornalistas sobre o tema, na chegada à Câmara.Em seguida, ele falou de como foi o encontro com Bolsonaro. ""Foi um almoço muito cordial. Levei um presente para o meu presidente. Comi um peixe delicioso. Então foi ótimo"", disse o deputado.Segundo ele, todas as contas do partido foram aprovadas ""sem ressalva"" pela Justiça eleitoral.Bivar, que é também segundo vice-presidente da Câmara, foi questionado se as denúncias inviabilizariam a permanência dele no cargo.""Não, está tudo muito bem. Está formidável. Foi tudo aprovado, sem nenhum problema"", respondeu. "	-1
182	Hamilton Mourão representará Bolsonaro em reunião na Colômbia que discutirá situação da Venezuela. Além disso, o vice-presidente informou que viajará à Colômbia na próxima semana para representar o presidente, Jair Bolsonaro, na reunião do Grupo de Lima. O embarque está previsto para domingo (24) à tarde. O encontro será na segunda-feira (25) pela manhã e Mourão retornará ao Brasil no mesmo dia.	"""Mourão representará Bolsonaro em reunião na Colômbia que discutirá situação da Venezuela""Vice-presidente participará de encontro do Grupo de Lima, marcado para a próxima segunda-feira. Nesta quinta, Nicolás Maduro anunciou fechamento de fronteira com o Brasil. O vice-presidente, Hamilton Mourão, informou nesta quinta-feira (21) que viajará à Colômbia na próxima semana para representar o presidente, Jair Bolsonaro, na reunião do Grupo de Lima. O embarque está previsto para domingo (24) à tarde. O encontro será na segunda-feira (25) pela manhã e Mourão retornará ao Brasil no mesmo dia.Além de Mourão, o ministro das Relações Exteriores, Ernesto Araújo, também irá à reunião.O Grupo de Lima foi criado em 2017 por iniciativa do governo peruano com o objetivo de pressionar para o restabelecimento da normalidade na Venezuela. Além do Brasil e do Peru, mais 11 países integram o grupo _ Argentina, Canadá, Colômbia, Costa Rica, Chile, Guatemala, Guiana, Honduras, México, Panamá e Paraguai.O Brasil está entre os países que não reconhecem o mandato presidencial de Nicolás Maduro e consideram que o líder opositor Juan Guaidó é o presidente interino da Venezuela, que se autodeclarou presidente em janeiro. A intenção da pressão internacional é pela convocação de novas eleições no país governado por chavistas.Também nesta quinta, Maduro anunciou que irá fechará a fronteira do país com o Brasil esta noite, a partir das 20h, pela hora local - 21h em Brasília. Segundo Maduro, a fronteira ""fica fechada total e absolutamente até novo aviso"".Segundo anunciou Mourão nas redes sociais, a discussão sobre ""os desdobramentos da crise na Venezuela, que fechou sua fronteira hoje com nosso país"", estão entre as pautas. A informação também foi confirmada pela assessoria do vice-presidente.O anúncio ocorreu no momento em que o governo brasileiro prepara o envio de ajuda humanitária, por meio de medicamentos e alimentos, aos venezuelanos. A iniciativa se deu após pedido de Guaidó.A logística preparada em Brasília prevê que a ajuda será levada até Boa Vista e Pacaraima, cidades em Roraima, e buscada por venezuelanos, em veículos do país vizinho. Assim, brasileiros não precisariam cruzar a fronteira. Ainda não se sabe, porém, se a entrega da ajuda será possível com o fechamento da fronteira. "	-1
183	Ex-diretor da Dersa é acusado de formação de cartel, enriquecimento ilícito e desvio de dinheiro. Paulo Vieira de Souza, preso na 60ª fase da Operação Lava Jato, é apontado como peça-chave na lavagem de milhões de reais em favor da empreiteira Odebrecht. Esta é a terceira vez que o ex-diretor da Dersa é preso desde o ano passado _nas duas anteriores, foi solto por decisão do ministro do Supremo Gilmar Mendes.Souza, apontado como operador financeiro ligado ao PSDB, é alvo de ações do Ministério Público Federal (MPF) por desvio de dinheiro e propina.	"""Entenda as suspeitas contra Paulo Vieira, operador financeiro ligado ao PSDB""Ex-diretor da Dersa é acusado de formação de cartel, enriquecimento ilícito e desvio de dinheiro. Defesa nega os crimes. Paulo Vieira de Souza, preso na 60ª fase da Operação Lava Jato, é apontado como peça-chave na lavagem de milhões de reais em favor da empreiteira Odebrecht. Esta é a terceira vez que o ex-diretor da Dersa é preso desde o ano passado _nas duas anteriores, foi solto por decisão do ministro do Supremo Gilmar Mendes.Souza, apontado como operador financeiro ligado ao PSDB, é alvo de ações do Ministério Público Federal (MPF) por desvio de dinheiro e propina. Veja abaixo as principais acusações contra ele:- Formação de cartel: Souza é acusado de participar entre 2004 e 2013, com mais 32 pessoas (entre servidores públicos e representantes de 14 empresas), de um acordo para combinar e definir preços na concorrência do Rodoanel Sul e de outras sete grandes obras, o que é ilegal.De acordo com delatores da Odebrecht, representantes da Dersa, à época comandada por Souza, exigiram repasses ilegais do consórcio vencedor, sob pretexto de doação a campanhas eleitorais do PSDB.Souza confirmou que trabalhou em duas obras citadas na denúncia pelo MP, mas salientou que elas foram feitas corretamente. ""Eu executei as obras da Marginal, Jacu Pêssego e o Rodoanel Sul - que lógico é a maior obra da América Latina, feita no prazo, sem fraude, sem corrupção"", disse.- Desvio de dinheiro: segundo a Promotoria, entre 2009 e 2011, nas gestões José Serra e Geraldo Alckmin (ambos do PSDB), ele participou de esquema de desvio de R$ 7,7 milhões (valores à época) de obras públicas.Sobre essa acusação, seu advogado, Daniel Bialski, disse que ela vai ""contra a investigação interna e auditoria feita pela própria Dersa, que inocentou Paulo de qualquer ato ilícito ou favorecimento a quem quer que seja"".- Enriquecimento ilícito: investigação do Ministério Público estadual paulista, com auxílio da Promotoria da Suíça, aponta que Souza mantinha o equivalente a R$ 113 milhões em contas fora do Brasil.O dinheiro estava em quatro contas bancárias, abertas em 2007, por uma offshore sediada no Panamá. Em fevereiro de 2017, o dinheiro foi transferido da Suíça para um banco nas Bahamas.- Propina: investigação da Lava Jato aponta que, entre 2010 e 2011, Souza atuou junto a Odebrecht para que a empreiteira desse dinheiro a campanhas eleitorais e pagasse propina a agentes públicos e políticos do país, entre eles gerentes e dirigentes da Petrobras.De acordo com o MPF, ele disponibilizou R$ 100 milhões em espécie a Adir Assad, um dos operadores do esquema. Assad, por sua vez, repassava o dinheiro ao doleiro Álvaro Novis, que realizava os pagamentos a agentes públicos e políticos, a mando da Odebrecht.Segundo o procurador do MPF Roberson Henrique Pozzobom, Souza mantinha um apartamento somente para guardar o dinheiro em espécie.Sobre essa ação, o advogado de Paulo Vieira de Souza, André Gerheim, informou ao G1 que ""não teve acesso a qualquer documentação"" e não vai comentar.Em nota, o PSDB diz que ""não é parte no processo em questão e não mantém qualquer tipo de vinculo com o sr. Paulo Vieira, jamais recebeu qualquer contrapartida de empresas nem autorizou terceiros a fazê-lo em seu nome"".""Os recursos recebidos pelo partido, em período eleitoral ou não, foram doados de maneira absolutamente legal e declarados à Justiça Eleitoral, respeitando a legislação vigente"", completa o comunicado. "	-1
184	"""Ex-executivo da Odebrecht pede suspensão de parte de processo sobre Comperj"". A defesa de Rogério Santos de Araújo, ex-executivo da Odebrecht, pediu nesta terça-feira (29) à Justiça do Paraná para suspensão de parte do processo que apura um suposto esquema de corrupção no Complexo Petroquímicco do Rio de Janeiro (Comperj). A defesa ressalta que Rogério Araújo fechou acordo de delação premiada e que o ex-executivo já foi condenado em outras três ações penais e acumula penas que ultrapassam os 30 anos de pena privativa de liberdade. Seja determinado o sobrestamento da presente ação penal em relação ao peticionário, tendo em vista que as condenações que lhe foram impostas já ultrapassam 30 anos de pena privativa de liberdade. Em alegações finais apresentadas em janeiro, o Ministério Público Federal (MPF) também recomendou a suspensão da ação em relação a Rogério Santos por causa das outras condenções do ex-executivo."	"""Ex-executivo da Odebrecht pede suspensão de parte de processo sobre Comperj"" A defesa de Rogério Santos de Araújo, ex-executivo da Odebrecht, pediu nesta terça-feira (29) à Justiça do Paraná para suspender parte do processo que apura um suposto esquema de corrupção no Complexo Petroquímico do Rio de Janeiro (Comperj).No pedido, a defesa ressalta que Rogério Araújo fechou acordo de delação premiada e que o ex-executivo já foi condenado em outras três ações penais e acumula penas que ultrapassam os 30 anos de pena privativa de liberdade.""Seja determinado o sobrestamento da presente ação penal em relação ao peticionário, tendo em vista que as condenações que lhe foram impostas já ultrapassam 30 anos de pena privativa de liberdade"", argumentam os advogados.Em alegações finais apresentadas em janeiro, o Ministério Público Federal (MPF) também recomendou a suspensão da ação em relação a Rogério Santos por causa das outras condenações do ex-executivo.Neste processo, Rogério é investigado pela suposta participação em esquema de corrupção envolvendo obras de mais de R$ 1,8 bilhão do Consórcio Pipe-Rack, no Complexo Petroquímico do Rio de Janeiro (Comperj).O ex-executivo já foi condenado em duas ações relacionadas à Lava Jato com trânsito em julgado. A terceira e última condenação em relação ao ex-executivo foi proferida em dezembro de 2018 pela juíza Gabriela Hardt em processo da 46ª fase da Operação Lava Jato que apurou esquema de corrupção nas obras no Complexo Petroquímico Suape, em Pernambuco.No processo, Rogério foi condenado a 9 anos e 11 meses de reclusão por corrupção ativa e lavagem de dinheiro. "	-1
185	A crise com Bebianno e os outros desafios da tramitação da reforma da Previdência no Congresso. A crise com Bebianno e os outros desafios da tramitação da reforma da Previdência no Congresso. A crise com Bebianno e os outros desafios da tramitação da reforma da Previdência no Congresso. 	"""A crise com Bebianno e os outros desafios da tramitação da reforma da Previdência no Congresso"" O comentário desta sexta-feira (22) no programa Café das 6, da Rádio Globo, abordou desde a exoneração do então secretário-geral da presidência Gustavo Bebianno, braço direito do presidente Jair Bolsonaro durante a campanha, até os eventuais impactos da primeira grande crise do governo na tramitação da Reforma da Previdência. Ouça aqui.No meio da confusão gerada pela demissão de Bebianno, teve muito menos destaque _ do que o governo gostaria _ a entrega do pacote anticrime do ministro da Justiça, Sérgio Moro, no Congresso.Durante a semana, dando um recado importante, a Câmara dos Deputados derrubou o decreto presidencial que aumentava o número de funcionários aptos a classificar documentos como sigilosos. O tema segue para o Senado com o carimbo de rejeição na Câmara, o que acabou acendendo um sinal amarelo na gestão Bolsonaro.Contudo, a primeira derrota do governo no Congresso ou mesmo a crise com a saída de Bebianno não necessariamente impactará a reforma a ponto de o resultado final ser uma rejeição. Hoje, há um consenso no país de que é preciso mudar a Previdência. "	-1
186	"""Sete deputados registraram candidatura; eleição está prevista para as 18h."" ""Votação será secreta; para ser eleito em primeiro turno, candidato precisará da maioria absoluta dos votos entre o total de deputados votantes."" ""Com o fim do prazo para registro de candidaturas para a presidência da Câmara, sete deputados estão oficializados na disputa."""	"""Saiba quem são os candidatos à presidência da Câmara""Sete deputados registraram candidatura; eleição está prevista para as 18h. Votação será secreta; para ser eleito em primeiro turno, candidato precisará da maioria absoluta dos votos. Com o fim do prazo para registro de candidaturas para a presidência da Câmara, sete deputados estão oficializados na disputa. São eles:A eleição está marcada para as 18h, e será feita por meio de votação secreta.Podem concorrer à Presidência deputados de qualquer partido, inclusive com candidaturas avulsas, sem o apoio oficial da própria legenda.Para ser eleito em primeiro turno, o deputado precisa obter a maioria absoluta dos votos entre o total de deputados votantes. Por exemplo, se 400 deputados votarem, serão necessários ao menos 201 votos para o novo presidente ser eleito.Se ninguém alcançar a maioria, haverá segundo turno entre os dois mais votados. Vencerá quem obtiver maioria entre os votantes.A votação será secreta. Portanto, embora vários partidos tenham declarado apoio a determinado candidato, não há a garantia de que todos os deputados das bancadas seguirão a orientação da legenda.Também nesta sexta-feira, os deputados vão escolher os demais integrantes da Mesa Diretora. Compõem a Mesa, além do presidente, vice-presidente e secretários.Mais cedo, no plenário da Câmara, foi realizada a cerimônia de posse dos deputados eleitos em outubro. Esta sexta-feira (1º) marca o primeiro dia de trabalho no Legislativo após o recesso.A legislatura que começa nesta sexta-feira tem o maior percentual de novatos e de mulheres em mais de 30 anos. O número de partidos com assento na Casa também é recorde: são 30 diferentes legendas representadas na Câmara a partir de agora.Veja os perfis dos candidatos à presidência da Câmara:Fábio Ramalho: Nasceu em 22 de dezembro de 1961 em Brasília. Formado em direito, começou a carreira política em 1997, quando foi prefeito de Malacacheta (MG) até 2004. Vai iniciar o terceiro mandato como deputado federal. Na legislatura que se encerrou na quinta-feira (31), foi o primeiro-vice-presidente da Câmara. Ele concorre como candidato avulso, pois o MDB decidiu apoiar Rodrigo Maia.General Peternelli: Nascido em 6 de agosto de 1954, é natural de Ribeirão Preto, interior de São Paulo. General do Exército, toda a sua trajetória profissional foi nas Forças Armadas. Está no seu primeiro mandato como deputado federal. Concorre em uma candidatura avulsa, já que o partido dele, o PSL, declarou apoio a Rodrigo Maia.JHC: Nasceu em 22 de julho de 1987 em Maceió (AL). É advogado e tem pós-graduação em direito digital. Já passou pelo Solidariedade e, em 2016, migrou para o PSB. Este será o seu segundo mandato como deputado federal. Nos últimos dois anos, foi terceiro secretário da Mesa Diretora da Câmara. Entre suas atribuições, estava a de analisar os requerimentos de licença e justificativa de faltas dos colegas deputados. Antes de ser federal, já havia sido deputado estadual. JHC disputa com o apoio do seu partido, o PSB.Marcel Van Hattem: Nasceu 8 de novembro de 1985 em São Leopoldo (RS). É formado em relações internacionais, com especialização em direito e mestrado em ciência política e jornalismo. Começou a carreira política como vereador em Dois Irmãos, à época filiado pelo PP. Foi deputado estadual e está no primeiro mandato como federal. Com perfil liberal, foi o mais votado no Rio Grande do Sul (349,8 mil votos).Marcelo Freixo: Nasceu em 12 de abril de 1967 em Niterói (RJ). Formado em história, começou sua militância como professor no sistema prisional. Deputado estadual por dois mandatos, chegou a disputar a prefeitura do Rio de Janeiro em 2016, mas não se elegeu. Ele assume agora o primeiro mandato como deputado federal. Já foi filiado ao PT e, desde 2005, está no PSOL.Ricardo Barros: Nasceu 15 de novembro de 1959 em Maringá (PR). Formado em engenharia civil, foi ministro da Saúde no governo Michel Temer e prefeito de Maringá pelo extinto PFL. Vai exercer agora o seu sexto mandato como deputado federal.Rodrigo Maia: Nasceu em 12 de junho de 1970, em Santiago do Chile, mas foi registrado no Consulado Geral do Brasil no país. Bancário, iniciou graduação de economia, mas não concluiu. Vai exercer agora o sexto mandato de deputado federal e tenta a reeleição a presidente da Câmara. É filho do ex-prefeito do Rio Cesar Maia (DEM). "	-1
187	"""Ex-ministro diz em depoimento que tentou mediar conflito entre Marcelo Calero e Geddel"", ""Gustavo Rocha prestou depoimento como testemunha em ação em que Geddel é réu por improbidade"", ""O ex-ministro dos Direitos Humanos Gustavo do Vale Rocha afirmou nesta sexta-feira (15) que atuou para tentar mediar em 2016 um ""conflito"" entre os ex-ministros Marcelo Calero (Cultura) e Geddel Vieira Lima (Secretaria de Governo)."""	"""Ex-ministro diz em depoimento que tentou mediar conflito entre Marcelo Calero e Geddel""Gustavo Rocha prestou depoimento como testemunha em ação em que Geddel é réu por improbidade. Calero disse ter recebido ligações de Rocha sobre impasse envolvendo obra na BA. O ex-ministro dos Direitos Humanos Gustavo do Vale Rocha afirmou nesta sexta-feira (15) que atuou para tentar mediar em 2016 um ""conflito"" entre os ex-ministros Marcelo Calero (Cultura) e Geddel Vieira Lima (Secretaria de Governo).Gustavo Rocha prestou depoimento à Justiça Federal na condição de testemunha em uma ação em que Geddel é réu por improbidade administrativa (leia detalhes sobre o depoimento mais abaixo).Em 2016, durante o governo do então presidente Michel Temer, Geddel e Calero se envolveram em uma crise que resultou no pedido de demissão dos dois.Atual secretário de Justiça do Distrito Federal, Gustavo Rocha era subchefe de Assuntos Jurídicos da Casa Civil quando a crise estourou.Na ocasião, Calero disse ter sido pressionado por Geddel e por Temer para liberar a obra de um prédio em Salvador (BA) no qual Geddel tem um apartamento. Disse também ter recebido ligações de Gustavo Vale para tratar do assunto.A obra havia sido embargada pelo Instituto do Patrimônio Histórico e Artístico Nacional (Iphan), subordinado ao Ministério da Cultura.Geddel compareceu à sessão desta sexta-feira mas, na condição de réu, tem a prerrogativa de ser o último a prestar depoimento. Sentados à mesma mesa, Geddel disse a Gustavo do Vale que estava ""sofrendo muito"" _ ele está preso desde 2017. ""Acabou a minha vida"", sussurrou, antes do início da gravação oficial da audiência.No depoimento, Gustavo Rocha disse que, como subchefe de Assuntos Jurídicos do governo, acompanhou uma reunião entre Geddel, Calero e Eliseu Padilha (à época ministro da Casa Civil) sobre o tema.Rocha disse, então, que não sabia, na ocasião, que Geddel tinha interesse próprio no empreendimento.Ao explicar o que tratou na conversa, disse ter informado a Geddel, Calero e Padilha que o Ministério da Cultura poderia apresentar um ""recurso hierárquico"" para contestar a decisão do Iphan. Em resposta, afirmou Gustavo Rocha, Calero disse que ""não decidiria, não colocaria a mão naquilo"".Rocha disse nesta sexta-feira ter respondido então que, se o então ministro da Cultura não decidisse, poderia encaminhar o caso à Advocacia-Geral da União (AGU).Segundo Gustavo Rocha, como havia ""conflito entre pessoas"" no caso, não entre ministérios, no entendimento dele a solução não cabia à área de Assuntos Jurídicos, mas, sim, à AGU.Sobre a participação de Temer no caso, Rocha disse que despachava de quatro a cinco vezes por dia com o presidente, e que Temer chegou a perguntar de ""modo amplo"" como o caso estava sendo tratado, mas não deu orientação. "	-1
188	"""Bolsonaro diz que não poupará esforços para restabelecer democracia na Venezuela."" ""Bolsanaro diz que não poupará esforços para restabelecer democracia na Venezuela."" ""Bolsanaro fez um pronunciamento no Palácio do Planalto ao lado do autodeclarado presidente da Venezuela, Juan Guaidó."" ""Bolsanaro fez um pronunciamento no Palácio do Planalto ao lado do autodeclarado presidente da Venezuela, Juan Guaidó."""	"""Bolsonaro diz que não poupará esforços para restabelecer democracia na Venezuela""Presidente fez pronunciamento no Planalto ao lado de Juan Guaidó, autodeclarado presidente interino da Venezuela. Guaidó diz que luta por democracia e liberdade no país é constitucional. O presidente Jair Bolsonaro afirmou nesta quinta-feira (28) que não poupará ""esforços"" para restabelecer a democracia na Venezuela.Bolsonaro fez um pronunciamento no Palácio do Planalto ao lado do autodeclarado presidente da Venezuela, Juan Guaidó, após os dois se reunirem na tarde desta quinta em Brasília.A Venezuela enfrenta uma profunda crise, e o Brasil considera Guaidó presidente interino do país vizinho (leia detalhes mais abaixo).""Nós não pouparemos esforços dentro _ obviamente _ da legalidade, da nossa Constituição e de nossas tradições, para que a democracia seja restabelecida na Venezuela. E todos nós sabemos que isso será possível através, não apenas de eleições, mas de eleições limpas e confiáveis"", afirmou o presidente brasileiro.Pouco antes da fala de Bolsonaro, Guaidó também fez um pronunciamento, no qual afirmou que a ""luta"" dele por democracia e liberdade na Venezuela é constitucional.O presidente autodeclarado também disse que o encontro desta quinta no Planalto marca um ""novo começo"" na relação entre Brasil e Venezuela.&gt;&gt; Assista à íntegra dos pronunciamentos de Bolsonaro e de Guaidó no vídeo abaixoEnquanto Guaidó estava no Planalto, um grupo de pessoas protestava contra a presença do líder oposicionista venezuelano. O grupo estava na Praça dos Três Poderes, em frente ao palácio.Também nesta quinta, o presidente paraguaio, Mario Abdo Benítez, afirmou em uma rede social que receberá Guaidó nesta sexta (1º), em Assunção.O Brasil está entre os países que não reconhecem a legitimidade de Maduro como presidente da Venezuela.O país enfrenta uma profunda crise política, econômica e social, com a inflação acima de 1.000.000% ao ano; milhares de pessoas fugindo do país para outras regiões da América do Sul; e líderes da oposição denunciando perseguição política.Na semana passada, Maduro determinou o fechamento da fronteira da Venezuela com o Brasil, em Pacaraima (RR).O presidente venezuelano se diz vítima de uma tentativa de golpe por parte do Grupo de Lima, do qual o Brasil faz parte, e afirma que os Estados Unidos comandam uma ""perseguição ilegal"" contra o governo dele.Na última segunda (25), durante uma reunião do Grupo de Lima, o vice-presidente Hamilton Mourão afirmou que o governo brasileiro acredita ser possível encontrar uma solução ""sem qualquer medida extrema"" para ""devolver a Venezuela ao convívio democrático das Américas"".Em outro trecho do pronunciamento desta quinta-feira, Jair Bolsonaro afirmou a Guaidó que pode ""contar"" com ele para ajudar a Venezuela.""Sabemos que, em um segundo tempo, seu país enfrentará a recuperação econômica. Podem contar conosco no que for possível, apesar dos problemas que enfrentamos aqui. Nos interessa uma Venezuela livre, próspera, democrática e economicamente pujante"", declarou o presidente.""Muito obrigado por confiar no povo brasileiro. Estamos juntos para que o sonho maior de qualquer homem ou mulher seja restabelecido, ou seja, a sua liberdade. Conte conosco. Deus é brasileiro e venezuelano"", acrescentou Bolsonaro.Ao se dirigir a Guaidó, Bolsonaro disse que faria um ""mea culpa"" porque dois ex-presidentes do Brasil (ele não citou quais) ""foram em parte responsáveis"" pela crise na Venezuela.Durante a campanha eleitoral do ano passado, Bolsonaro afirmou reiteradas vezes, ao pedir voto, que precisava derrotar Fernando Haddad (PT) para o Brasil não ficar em situação semelhante à do país vizinho.""O povo aqui acordou e, em parte, se mirou no que acontecia negativamente em seu país e resolveu dar um ponto final no populismo, na demagogia barata, que leva exatamente à situação que o país se encontra neste momento"", afirmou Bolsonaro a Guaidó.Durante o pronunciamento ao lado de Bolsonaro, Guaidó afirmou que seguirá ""lutando"" pela entrada, na Venezuela, da ajuda humanitária oferecida por países como o Brasil.O envio da ajuda estava previsto para o dia 23, mas, com a fronteira fechada, o governo brasileiro já informou que os alimentos e os medicamentos ficarão estocados em Roraima até a Venezuela autorizar caminhões do país a entrar no estado brasileiro.Segundo Guaidó, o objetivo dele e do grupo político que o apoia na Venezuela, é ""construir um governo de transição que gere estabilidade, governabilidade"" e que promova, de imediato, uma eleição livre para escolha de um novo presidente.""O Brasil poderá contar em breve com uma Venezuela próspera, com um sadio intercâmbio comercial [entre os dois países]"", disse Guaidó. "	-1
189	"Governodor diz acreditar que fechamento da fronteira não impedirá ajuda humanitária. Antonio Denarium afirma que fechamento da fronteira cria um clima tenso na região. Brasil anunciou que usará fronteira para enviar alimentos e medicamentos para venezuelanos. O governador de Roraima, Antonio Denarium (PSL), disse nesta quinta-feira (21) acreditar que, embora crie um ""clima tenso"" na região, a decisão do presidente da Venezuela, Nicolás Maduro de fechamento da fronteira com o Brasil não impedirá a entrega de alimentos e medicamentos aos cidadãos do país vizinho."	"""Governador diz acreditar que fechamento da fronteira não impedirá ajuda humanitária""Antonio Denarium afirma que fechamento da fronteira cria um clima tenso na região. Brasil anunciou que usará fronteira para enviar alimentos e medicamentos para venezuelanos. O governador de Roraima, Antonio Denarium (PSL), disse nesta quinta-feira (21) acreditar que, embora crie um ""clima tenso"" na região, a decisão do presidente da Venezuela, Nicolás Maduro de fechar a fronteira com o Brasil não impedirá a entrega de alimentos e medicamentos aos cidadãos do país vizinho.Denarium deu a declaração depois que o presidente da Venezuela anunciou o fechamento da fronteira com o Brasil a partir das 20h (21h pelo horário de Brasília) desta quinta. Até as 17h30, a fronteira permanecia aberta.Até a última atualização desta reportagem, não havia manifestação oficial do Brasil sobre a decisão do governo venezuelano de fechar a fronteira. Consultada, a Secretaria de Comunicação da Presidência informou que o assunto é analisado pelo Ministério das Relações Exteriores. Procurado, o ministério não se manifestou.O estado de Roraima fica na fronteira com a Venezuela e se tornou nos últimos anos a principal porta de entrada de imigrantes que fogem da crise política, econômica e social que vive o país.Denarium está em Brasília, onde discutiu com o governo federal a entrega de ajuda humanitária aos venezuelanos, anunciada pelo Palácio do Planalto na terça-feira (19).Para o governador, um dos reflexos do fechamento da fronteira será a entrada de venezuelanos no Brasil por fora dos pontos oficiais de controle.""Vai é inibir aquelas pessoas que querem entrar de forma legalizada. Elas não vão entrar, vão ficar esperando a fronteira abrir"", declarou.O governo brasileiro enviará alimentos e medicamentos até as cidades de Boa Vista e Pacaraima, em Roraima. A intenção é que os produtos sejam retirados no Brasil por venezuelanos, que para isso cruzariam a fronteira em caminhões.""Não vai impedir a distribuição da ajuda humanitária. Acredito que, mesmo que esses gêneros alimentícios e medicamentos estejam em território brasileiro, não teria dificuldades em distribuir isso entre os venezuelanos, mesmo com a fronteira fechada. É atravessar e pegar a ajuda"", disse o governador ao G1.O Brasil anunciou o envio de ajuda humanitária à Venezuela ao atender um pedido do autodeclarado presidente do país, Juan Guaidó.Presidente da Assembleia Nacional, Guaidó é um dos principais líderes de oposição a Maduro, cujo novo mandato presidencial não é reconhecido por parte da comunidade internacional.O Brasil, junto com os Estados Unidos, está entre os países que considera Guaidó o presidente interino da Venezuela. Entre os países que reconhecem a presidência de Maduro, estão China e Rússia.Questionado se teme algum confronto no estado, Denarium reconheceu que o clima fica ""tenso"" com o fechamento da fronteira, mas afirmou que o Brasil é um ""país pacífico"".""Na verdade, fica um clima tenso, vamos dizer assim. O Brasil é um país pacífico, nós não temos nenhum problema com a Venezuela. O que nós estamos fazendo é ajuda humanitária, é para aquelas pessoas que precisam de medicação e alimentos e estão morrendo"", afirmou. "	-1
190	Venezuela tem novo dia de violência na fronteira, e mais militares desertam; Venezuela tem novo dia de violência nas fronteiras; Venezuela tem novo dia de violência nas fronteiras; Venezuela tem novo dia de violência nas fronteiras.	"""Venezuela tem novo dia de violência nas fronteiras; Alcolumbre não declarou imóveis. Jornais de segunda (25)""Veja quais são as notícias de destaque nos matutinos brasileiros  Em sua manchete, O Globo dá detalhes sobre o domingo (24) na fronteira entre o Brasil e a Venezuela e afirma que militares leais a Nicolás Maduro entraram novamente em confronto com manifestantes no país. Segundo o matutino carioca, alguns militares estão abandonando seus postos em busca de refúgio no Brasil e na Colômbia. Três sargentos venezuelanos conseguiram entrar no Brasil por uma trilha e afirmaram que estão cansados da ditadura de Maduro.Os desertores admitiram que novos militares da Guarda Nacional Bolivariana devem abandonar seus postos e pedir refúgio. De acordo com o sargento Jean Carlos Cesar Parra, não há uma deserção em massa porque os militares temem uma perseguição de Nicolás Maduro. ""Venezuela tem novo dia de violência na fronteira, e mais militares desertam"", sublinha a manchete do Globo.A Folha de S.Paulo revela que o presidente do senado, Davi Alcolumbre (DEM-AP), ocultou parte de seu patrimônio em suas declarações à Justiça Eleitoral durante quase toda a sua carreira política. O matutino explica que a ocultação de informações é crime eleitoral e que, em 2012, por exemplo, quando já era deputado federal, Davi afirmou não ter patrimônio. Ele já tinha salário de R$ 26,7 mil e, segundo apuração da Folha, havia três lotes e uma casa em nome do senador em cartórios de Macapá.Durante sua carreira, iniciada em 1990, Davi ocupou cargos de vereador, deputado federal e, atualmente, é senador. Segundo a Folha, Davi é de uma família de grandes posses em Macapá, mas tem informado aos seus eleitores que tem poucas posses. A Folha afirma que tentou obter explicações do senador e recebeu apenas uma resposta genérica da assessoria afirmando que os bens foram declarados aos órgãos competentes. ""Novo presidente do Senado ocultou imóveis da Justiça"", destaca a manchete da Folha.O Estado de S.Paulo informa que, com o objetivo de tentar driblar a redução nas receitas com o fim da contribuição obrigatória determinada pela reforma trabalhista, os sindicatos planejam se fundir. A ideia é a forma encontrada para conseguir se manter financeiramente. O Estadão explica que, além de aumentar o número de demissões e a venda de imóveis, os sindicatos ainda tentam reequilibrar as contas.Em 2017, quando a reforma trabalhista ainda não estava vigente, 90% dos impostos arrecadados pelos sindicatos era composta pelas contribuições obrigatórias. Em 2018, após a reforma, o valor caiu 80%. De acordo com o Estadão, além de ajudar na questão financeira, a fusão de sindicatos fortalecerá as negociações salariais. ""Sindicatos fazem fusões para driblar queda na receita"", mostra o título principal do Estadão. "	-1
191	"""Após visita a Bolsonaro, Alcolumbre diz que presidente volta a trabalhar no Palácio do Planalto na segunda-feira."" ""Vim deixar meu abraço de solidariedade e desejar pronta recuperação. Ele me disse que a partir de segunda vai retornar as suas atividades no Pa"""	"""Após visita a Bolsonaro, Alcolumbre diz que presidente volta a trabalhar no Palácio do Planalto na segunda-feira\n""Davi Alcolumbre foi recebido por Bolsonaro na residência oficial do Palácio da Alvorada. Bolsonaro retornou na quarta a Brasília, após 18 dias internado em São Paulo. O presidente do Senado, Davi Alcolumbre (DEM-AP), afirmou nesta sexta-feira (15) que o presidente Jair Bolsonaro voltará a trabalhar no Palácio do Planalto a partir da próxima segunda-feira (18).Alcolumbre deu a informação a jornalistas após se reunir com Bolsonaro na residência oficial do Palácio da Alvorada. O presidente da República retornou a Brasília na quarta-feira (13), após 18 dias de internação no Hospital Albert Einstein, em São Paulo, onde passou por uma cirurgia no intestino.Alcolumbre disse que a visita era para desejar uma boa recuperação ao presidente.""Vim deixar meu abraço de solidariedade e desejar pronta recuperação. Ele me disse que a partir de segunda vai retornar as suas atividades no Palácio do Planalto], vai despachar"", afirmou o senador.Por recomendação médica, Bolsonaro tem recebido ministros e assessores na residência oficial, onde mora com a primeira-dama, Michelle, com a filha, Laura, e com a enteada, Letícia.Foi no Alvorada que o presidente definiu a versão final da reforma da Previdência que será enviada ao Congresso Nacional.Bolsonaro decidiu que a proposta, que precisará ser aprovada por Câmara e Senado, estabelecerá uma idade mínima de aposentadoria de 65 anos para homens e de 62 anos para mulheres, ao final de um período de 12 anos de transição.Alcolumbre relatou que conversou com Bolsonaro sobre a reforma da Previdência. O presidente do Senado disse que a Casa está preparada para debater o tema e ""tirar o convencimento dos parlamentares"".""Enfim, saiu uma decisão do governo. O governo tomou a sua decisão, agora o Congresso, soberanamente, ouvindo a sociedade, vai tomar sua decisão"", declarou.Alcolumbre relatou aos jornalistas que destacou para Bolsonaro a importância de definir o líder do governo no Senado. Segundo ele, a decisão deve sair na próxima semana.Até o momento, o presidente da República anunciou apenas o líder na Câmara, o deputado Major Vitor Hugo (PSL-GO). Os líderes do governo articularam com deputados e senadores a aprovação de projetos de interesse do Palácio do Planalto.Alcolumbre lembrou que as comissões do Senado foram instaladas e que na próxima segunda-feira a Casa funcionará normalmente. Conforme o senador, Bolsonaro avalia ""vários nomes"" para a função de líder. "	-1
192	O ministro Edson Fachin pede que a PGR avalie arquivamento de inquérito sobre Jucá ou envio à primeira instância. Relator do inquérito, Fachin pede que a PGR opine sobre o destino que deve ser dado ao inquérito, já que Romero Jucá não é mais senador e, por isso, não possui mais foro privilegizado. Na ocasião, a PGR reforçou pedido de prorrogação do inquérito que investiga se o ex-senador teria recebido cerca de R$ 10 milhões em propina da Odebrecht e da Andrade Gutierrez para beneficiar empresas na licitação do Projeto Madeira (Usinas Hidrelétrica de Santo Antônio).	"""Fachin pede que PGR avalie arquivamento de inquérito sobre Jucá ou envio à primeira instância "" O ministro Edson Fachin, do Supremo Tribunal Federal (STF), pediu que a Procuradoria Geral da República (PGR) se manifeste sobre um possível arquivamento de inquérito envolvendo o ex-senador Romero Jucá (MDB-RR).Relator do inquérito, Fachin pede que a PGR opine sobre o destino que deve ser dado ao inquérito, já que Romero Jucá não é mais senador e, por isso, não possui mais foro privilegiado.O ministro dá três possibilidades para que a PGR se posicione sobre o caso: se o inquérito deve ser arquivado; se deve ser enviado à primeira instância; ou se as investigações devem continuar sob a supervisão do STF.Em outubro de 2018, a PGR reforçou pedido de prorrogação do inquérito que investiga se o ex-senador teria recebido cerca de R$ 10 milhões em propina da Odebrecht e da Andrade Gutierrez para beneficiar empresas na licitação do Projeto Madeira (Usina Hidrelétrica de Santo Antônio).Na ocasião, o ministro Edson Fachin concedeu o pedido feito pela PGR e prorrogou o inquérito por mais 60 dias. Jucá sempre negou as acusações feitas contra ele no inquérito. "	-1
193	STJ considera ilegal cobrança de taxa de conveniência na venda de ingresse. A T terceira Turma do STJ decidiu nesta terça-feira (12), por unanimidade, que é ilegal a cobrança de taxa de conveniência nas vendas de ingresse. A turma decidiu ainda que as empresas deverão devolver taxas de conveniência cobradas nos últimos cinco anos. A decisão vale para todo o território nacional.	"""STJ considera ilegal cobrança de taxa de conveniência na venda de ingressos pela internet""Decisão desta terça-feira (12) da Terceira Turma do STJ vale para todo território nacional. Ainda cabe recurso da decisão à própria turma e ao Supremo Tribunal Federal. A Terceira Turma do Superior Tribunal de Justiça (STJ) decidiu nesta terça-feira (12), por unanimidade, que é ilegal a cobrança de taxa de conveniência nas vendas de ingressos de shows e eventos pela internet. A turma decidiu ainda que as empresas deverão devolver taxas de conveniência cobradas nos últimos cinco anos. A decisão vale para todo o território nacional.No mercado, empresas terceirizadas e especializadas cobram valores que representam cerca de 15% do valor do ingresso em taxa de conveniência.Os ministros entenderam que a conveniência de vender um ingresso antecipado pela internet é de quem produz ou promove o evento, e não do consumidor. E que repassar esse custo ao consumidor é uma espécie de ""venda casada"", o que é vedado pela legislação.Cabe recurso da decisão à própria turma e ao Supremo Tribunal Federal (caso haja questão constitucional a ser discutida).A decisão que considerou a cobrança de taxa ilegal foi unânime. Dois ministros discordaram do efeito nacional da decisão, mas ficaram vencidos.O STJ analisou um pedido da Associação de Defesa dos Consumidores do Rio Grande do Sul contra a empresa Ingresso Rápido.A relatora do caso, ministra Nancy Andrighi, destacou em seu voto que a venda pela internet ajuda as empresas a vender mais rápido os ingressos e ter retorno dos investimentos. E que o custo de terceirizar a venda dos ingressos não pode ser transferido para o consumidor porque é uma forma de ""venda casada"".""Deve ser reconhecida a abusividade da prática de venda casada imposta ao consumidor em prestação manifestamente desproporcional, devendo ser admitido que a remuneração da recorrida mediante a taxa de conveniência deveria ser de responsabilidade das promotoras e produtoras de espetáculos"", ponderou a ministra durante o voto.Na primeira instância, a Justiça ordenou o fim da cobrança de taxa de conveniência sob pena de multa diária e condenou as empresas a devolverem valores nos últimos cinco anos. A segunda instância reverteu a decisão, e a associação de consumidores recorreu ao STJ.No recurso, a associação afirmou que a cobrança é abusiva porque não traz nenhuma vantagem ao consumidor.""Mesmo pagando a taxa de conveniência pela venda do ingresso na internet, o consumidor é obrigado a se deslocar ao ponto de venda, no dia do espetáculo ou em dias anteriores, enfrentando filas, ou a pagar uma taxa de entrega"", argumentou no recurso a Associação de Defesa dos Consumidores do Rio Grande do Sul.A relatora do caso também ressaltou no julgamento que a venda de ingresso é parte do risco da atividade empresarial cultural e que a modalidade beneficia as empresas.""A venda pela internet, que alcança interessados em número infinitamente superior do que a venda por meio presencial, privilegia os interesses dos produtores e promotores do espetáculo cultural de terem, no menor prazo possível, vendidos os espaços destinados ao público e realizado o retorno dos investimentos"", frisou a ministra.Nancy Andrighi afirmou ainda que entendimentos consolidados do Judiciário admitem que a decisão tenha efeito em todo o país por ser uma ação coletiva.O STJ não detalhou como será o processo de devolução, por parte das empresas promotoras dos eventos, dos valores dos últimos cinco anos. Em tese, os consumidores poderão solicitar esses valores às produtoras. Isso também poderá ser tratado nos embargos de declaração, recursos para esclarecer pontos da decisão do STJ. "	-1
194	"""CCJ da Câmara aprova convite para Paulo Guedes esclarecer pontos da reforma da Previdência"" ""Por se tratar de convite, ministro da Economia não é obrigado a comparecer."" ""O presidente da CCJ, deputado Felipe Franc"""	"""CCJ da Câmara aprova convite para Paulo Guedes esclarecer pontos da reforma da Previdência""Por se tratar de convite, ministro da Economia não é obrigado a comparecer. Também nesta quarta (20), comissão de Educação da Câmara aprovou convite para o ministro Ricardo Vélez. A Comissão de Constituição e Justiça (CCJ) da Câmara aprovou nesta quarta-feira (20) requerimento para convidar o ministro da Economia, Paulo Guedes, a participar de uma audiência pública no colegiado para esclarecer dúvidas dos deputados em relação à reforma da Previdência.Além da CCJ, as comissões de Fiscalização Financeira e Controle e a de Desenvolvimento Econômico, Indústria, Comércio e Serviços também aprovaram nesta quarta convites para o ministro da Economia ir aos colegiados. No entanto, nessas outras duas comissões, a proposta é de que Paulo Guedes apresente seu plano de trabalho à frente do ministério.Por se tratar de convite, o ministro não é obrigado a comparecer. O presidente da CCJ, deputado Felipe Francischini (PSL-PR), disse que vai sugerir que o titular da Economia compareça na Câmara na próxima terça-feira (26), às 14h.Colegiado mais importante da Câmara, a CCJ é a primeira etapa de tramitação da reforma da Previdência no Legislativo. A comissão será a responsável pela análise da chamada admissibilidade da Proposta de Emenda à Constituição (PEC) que altera as regras previdenciárias. Ou seja, cabe aos integrantes da CCJ apreciar se o texto está de acordo com a Constituição e as leis do país.Coordenadores de bancadas na CCJ acertaram nesta terça-feira (19) um calendário para análise da reforma da Previdência na comissão.O Palácio do Planalto tem pressa para aprovar as regras previdenciárias, porém, a própria base aliada do presidente Jair Bolsonaro condicionou o início da apreciação do texto à entrega, por parte do governo do projeto de lei que vai mexer na aposentadoria de integrantes das Forças Armadas. A previsão é de que a proposta seja encaminhada ao Congresso ainda nesta quarta.Felipe Francischini informou nesta semana que escolherá até quinta (21) o relator da reforma da Previdência. Segundo o presidente da CCJ, o relator que vier a ser escolhido deverá apresentar seu parecer na próxima quarta-feira (27).Ao blog da colunista do G1 Andréia Sadi, Francischini disse que a reforma da Previdência depende de Paulo Guedes para tramitar no parlamento.""Foi unânime a posição dos coordenadores da comissão, que querem a vinda de Paulo Guedes para explicar a reforma. Falei com o Major Vitor Hugo [líder do governo na Câmara] e ficou marcado para terça-feira (26) que vem, às 14h. A reforma depende de Paulo Guedes para tramitar, combinamos com os partidos que só vamos apresentar relatório após a vinda dele"", disse o deputado ao blog.Após ser analisada pelos integrantes da Comissão de Constituição e Justiça, o texto seguirá para uma comissão especial, que ainda vai ser criada pelo presidente da Câmara, Rodrigo Maia (DEM-RJ). O colegiado terá até 40 sessões para apresentar um parecer sobre as propostas de mudanças na Previdência.Além de ser submetida à comissão especial, a PEC da reforma da Previdência também precisa passar por duas votações no plenário da Câmara. Para ser aprovada, são necessários, pelo menos, 308 votos a favor da proposta.No dia 28, outra audiência pública será realizada na Comissão de Constituição e Justiça, desta vez com juristas. Um dos convidados é ex-presidente do Supremo Tribunal Federal (STF) Carlos Ayres Britto. Ao todo, seis especialistas vão participar da audiência: dois indicados pelo governo, dois pela oposição e dois por deputados independentes.Também nesta quarta-feira, as comissões de Educação e Fiscalização Financeira e Controle da Câmara também aprovaram convites para o ministro da Educação, Ricardo Vélez Rodrigues, apresentar aos integrantes dos dois colegiados os planos e as recentes ações desenvolvidas pelo Ministério da Educação (MEC). A previsão é de que Vélez compareça na Comissão de Educação em 3 de abril.Líder da oposição, o deputado Alessandro Molon (PSB-RJ) afirmou que, na avaliação dele, é necessário que Ricardo Vélez esclareça as recentes demissões no MEC e também a criação de uma comissão, por parte do Instituto Nacional de Estudos e Pesquisas Educacionais Anísio Teixeira (Inep), para analisar se as questões do Exame Nacional do Ensino Médio (Enem) têm pertinência com a realidade social.No ano passado, em meio à transição, o presidente Jair Bolsonaro criticou uma das questões do Enem e disse que, na gestão dele, tomaria conhecimento do conteúdo da prova antes da aplicação do exame.""Não é razoável que a educação do país seja tocada desse jeito. Ele tem que vir aqui apresentar porque escolheu o seu número dois, o seu número três, qual o projeto de cada uma das pastas, dos seu ministério, das suas secretarias. Explicar que comissão é essa para analisar viés ideológico do Enem"", afirmou Molon.Já o deputado Diego Garcia (PODE-PR) disse que é de ""extrema importância"" a presença do ministro da Educação na Câmara para que os deputados possam ouvi-lo e avaliar quais são as metas, os planos e também o que ele pensa sobre a temática da alfabetização no nosso país.Ao todo, incluindo Paulo Guedes e Ricardo Vélez, 15 dos 22 ministros do governo Jair Bolsonaro foram alvo de convites para comparecer a oito diferentes comissões da Câmara. Nenhum deles é obrigado a comparecer, em razão de se tratar de convite, e não convocação.Veja a lista completa de ministros convidados a comparecer a comissões da Câmara: "	-1
195	De acordo com MPF, Leonardo José Muniz de Almeida era o principal auxiliar do empresário Raul Schmidt, acusado de ser operador de propinas da Petrobras. Os dois tem nacionalidade portuguesa e estão fora do país. Raul Schimidt chegou a ser preso em Portugal, mas teve seu processo de extradição suspenso pelo Tribunal Regional Feder.	"""Interpol prende advogado procurado pela Lava Jato""De acordo com MPF, Leonardo José Muniz de Almeida era o principal auxiliar do empresário Raul Schmidt, acusado de ser operador de propinas da Petrobras.  A Interpol prendeu na Itália o advogado Leonardo José Muniz de Almeida. Segundo o Ministério Público Federal (MPF), ele era o principal auxiliar do empresário Raul Schmidt, acusado de ser operador de propinas de ex-diretores da Petrobras.De acordo com o MPF, Almeida foi o principal responsável pela lavagem das propinas movimentadas por Raul Schmidt.Schmidt é investigado pelo suposto pagamento de propinas aos ex-diretores da Petrobras Renato de Souza Duque, Nestor Cerveró e Jorge Luiz Zelada.Segundo o pedido de prisão, Leonardo Muniz Almeida emprestava seu nome e suas contas bancárias para Schmidt e familiares.Os dois tem nacionalidade portuguesa e estão fora do país. Raul Schimidt chegou a ser preso em Portugal, mas teve seu processo de extradição suspenso pelo Tribunal Regional Federal da 1ª Região (TRF1).Segundo o MPF, Leonardo Muniz de Almeida utilizou dinheiro de propina da estatal para comprar imóveis em Lisboa para Raul Schmidt.As investigações da Lava Jato apontam que Almeida se utilizou de uma empresa registrada na Nova Zelândia para fazer as operações imobiliárias.De acordo com o Ministério Público, a empresa que tinha o advogado como procurador comprou um apartamento por 2 milhões de euros e uma sobreloja por 1,025 milhão de euros.""Os recursos financeiros utilizados nos negócios vieram de contas ocultas em nome de empresas offshores controladas por Raul Schmidt Felippe Junior no exterior. Estas contas foram abastecidas integralmente com os valores de propinas recebidas em contratos da norueguesa Sevan com a Petrobras"", informou o MPF.Os investigadores apontaram que Leonardo Muniz Almeida também atuava com o ex-diretor da área de Internacional da Petrobras, Jorge Luiz Zelada.Segundo informações do Ministério Público, os trâmites para extradição de Leonardo Muniz Almeida devem começar nos próximos dias.Caso extraditado, ele deve responder pelos crimes de organização criminosa, corrupção passiva e lavagem de dinheiro transnacional, de acordo com o MPF.Schmidt é investigado pelo suposto pagamento de propinas aos ex-diretores da Petrobras Renato de Souza Duque, Nestor Cerveró e Jorge Luiz Zelada - todos envolvidos no esquema de corrupção, lavagem de dinheiro e organização criminosa instalado na estatal.Além de atuar como operador financeiro no pagamento de propinas aos agentes públicos da Petrobras, o luso-brasileiro também aparece como preposto de empresas internacionais na obtenção de contratos de exploração de plataformas da Petrobras.Veja mais notícias da região no G1 Paraná. "	-1
196	O conselheiro do CNJ proíbe TJ-SP de executar contrato de R$ 1,32 bilhão com a Microsoft. A decisão é liminar (provisória) e terá que ser referençada pelo plenário do conselho. A proibição vale até que o conselho se manifeste. A decisão é liminar (provisória) e terá que ser referençada pelo plenário do conselho.	"""Conselheiro do CNJ proíbe TJ-SP de executar contrato de R$ 1,32 bilhão com a Microsoft""Decisão terá de ser referendada pelo plenário do CNJ.  Presidente do TJ diz que contratação foi pautada pela total e irrestrita observância aos princípios da moralidade. O conselheiro Márcio Schiefler Fontes, do Conselho Nacional de Justiça (CNJ), proibiu nesta quinta-feira (21) o Tribunal de Justiça de São Paulo de fechar contrato ou executar contrato já firmado com a Microsoft.Em um dos contratos já firmados, o valor estimado é de R$ 1,32 bilhão para o desenvolvimento de uma plataforma digital de processos.A decisão é liminar (provisória) e terá que ser referendada pelo plenário do conselho, mas ainda não há data para isso. A proibição vale até que o conselho se manifeste.O presidente do Tribunal de Justiça de São Paulo, Manoel De Queiroz Pereira Calças, disse que a contratação foi pautada ""pela total e irrestrita observância aos princípios da moralidade, economicidade, legalidade, ética e respeito ao erário e que teve o objetivo de melhorar o serviço da justiça à população"".Schiefler determinou ainda que o tribunal paulista preste informações sobre o contrato em até dez dias.Na decisão de três páginas, ele afirmou que a notícia sobre o contrato foi divulgada no site do próprio tribunal e que o TJ apontou que se tratava da ""criação de uma estratégia de longo prazo para a completa transformação digital das atividades do Tribunal e inclui o desenvolvimento de novo sistema de tramitação processual"".Segundo o conselheiro, resolução do CNJ que instituiu o processo eletrônico definiu que os tribunais somente adotarão providências aprovadas pelo conselho.Ele também frisou que a contratação foi feita sem licitação e que uma empresa estrangeira passará a ter acesso a dados judiciais do Brasil, o que colocaria em risco a segurança nacional.""Empresa estrangeira, em solo estrangeiro, manterá guarda e acesso a dados judiciais do Brasil, onde a intensa judicialização reúne, nos bancos de dados dos tribunais, uma infinidade de informações sobre a vida, a economia e a sociedade brasileira, o que, ressalvadas as cautelas certamente previstas, pode vir a colocar em risco a segurança e os interesses nacionais do Brasil, num momento em que há graves disputas internacionais justamente acerca dessa matéria"", afirmou Schiefler. "	-1
197	"""STF julga ilegal uso de informação de policial infiltrado em ação sobre protestos de 2013""Ativistas foram condenados pelo TJ-RJ por atos violenos em protestos de 2013. Segunda Turma do STF entendeu que não havia autorização para infiltração e anulou condenação de advogada. A Segunda Turma do Supremo Tribunal Federal (STF) decidiu nesta terça-feira (26) que foi ilegal a utilização em processo judicial de dados e depoimentos de um policial infiltrado sem autorização judicial em grupo de ativistas durante os protestos de 2013.Por unanimidade, a turma determinou que atos relacionados a esse agente não sejam válidos como prova em processo ao qual responderam 23 ativistas, condenados no Rio de Janeiro por associação criminosa.A turma atendeu a um pedido da Ordem dos Advogados do Brasil (OAB), em nome da advogada Eloisa Samy, que participou dos atos e foi condenada junto com o grupo a sete anos de prisão.Em relação à advogada, como a infiltração foi considerada relevante para a condenação,"	"""STF julga ilegal uso de informação de policial infiltrado em ação sobre protestos de 2013""Ativistas foram condenados pelo TJ-RJ por atos violentos em protestos de 2013. Segunda Turma do STF entendeu que não havia autorização para infiltração e anulou condenação de advogada. A Segunda Turma do Supremo Tribunal Federal (STF) decidiu nesta terça-feira (26) que foi ilegal a utilização em processo judicial de dados e depoimentos de um policial infiltrado sem autorização judicial em grupo de ativistas durante os protestos de 2013.Por unanimidade, a turma determinou que atos relacionados a esse agente não sejam válidos como prova em processo ao qual responderam 23 ativistas, condenados no Rio de Janeiro por associação criminosa.A turma atendeu a um pedido da Ordem dos Advogados do Brasil (OAB), em nome da advogada Eloisa Samy, que participou dos atos e foi condenada junto com o grupo a sete anos de prisão.Em relação à advogada, como a infiltração foi considerada relevante para a condenação, a turma decidiu pela anulação da sentença.Os demais casos, dos outros 22 ativistas condenados no processo, serão reavaliados pelo juiz do Tribunal de Justiça do Rio de Janeiro a fim de verificar se a infiltração foi relevante para as condenações.Relator do caso, o ministro Gilmar Mendes entendeu que o testemunho do policial infiltrado não pode fazer parte do processo porque não houve autorização da Justiça. Ele foi acompanhado no voto pelos ministros Luiz Edson Fachin, Cármen Lúcia e Ricardo Lewandowski.Conforme Gilmar Mendes, o agente relatou em depoimentos ter participado do convívio de grupos ""black blocs"", indo a bares e até às casas de alguns integrantes do movimento.Ao votar, Fachin destacou que não há problema na infiltração do agentes para se obter dados para a polícia. Ele só frisou que, sem aval da Justiça, isso não pode integrar o processo. Os demais ministros concordaram. "	-1
198	Governo recomenda a órgãos federais fiscalização imediata de todas as barragens. Recomendação, informou conselho ministerial, valerá para órgãos reguladores. Medida é anunciada três dias após a tragédia em Brumadinho (MG). Conforme o texto da resolução, será	"""Governo recomenda a órgãos federais fiscalização imediata de todas as barragens""Recomendação, informou conselho ministerial, valerá para órgãos reguladores. Medida é anunciada 3 dias após tragédia em Brumadinho; barragem rompeu e levou 65 pessoas à morte. O governo federal informou nesta segunda-feira (28) que recomendará aos órgãos reguladores a fiscalização ""imediata"" de todas as barragens, com ênfase para as que apresentam risco de ""dano potencial"" à vida humana.Em nota, o Conselho Ministerial de Supervisão de Respostas a Desastres informou que a recomendação será publicada nesta terça (29) no ""Diário Oficial da União"" _ leia a íntegra da resolução do conselho mais abaixo.A medida é anunciada três dias após a tragédia em Brumadinho (MG). Na semana passada, uma barragem da mineradora Vale rompeu na cidade, levando uma enxurrada de lama à região.Segundo as autoridades locais, já há a confirmação de 65 mortes; outras 279 pessoas estão desaparecidas.Conforme o texto da resolução, será criado um Grupo de Trabalho com o objetivo de ""promover a atualização"" da Política Nacional de Segurança de Barragens.Mais cedo, nesta segunda, o presidente da República em exercício, Hamilton Mourão, informou que a reunião ministerial desta terça (29) discutirá a política.Segundo Mourão, o objetivo é identificar eventuais ""falhas"" na política e definir o que pode ser feito.Criada em 2010, a PNSB tem entre as metas garantir a observância de padrões de segurança para reduzir a possibilidade de acidentes em barragens.Leia abaixo a íntegra da resolução do Conselho Ministerial:CONSELHO MINISTERIAL DE SUPERVISÃO DE RESPOSTAS A DESASTRESRESOLUÇÃO Nº 1, DE 28 DE JANEIRO DE 2019O CONSELHO MINISTERIAL DE SUPERVISÃO DE RESPOSTAS A DESASTRES, no uso de suas atribuições e, tendo em vista o disposto no artigo 2º do Decreto nº 9.691, de 25 de janeiro de 2019, RESOLVE: Art. 1ºRecomendar a todos os órgãos da Administração Pública Federal que continuem a priorizar esforços para o pronto atendimento às vítimas diretas e indiretas do desastre em referência, mobilizando recursos humanos e financeiros nesse sentido.Art. 2ºReforçar o apoio institucional dos órgãos e entidades da Administração Pública Federal ao Governo do Estado de Minas Gerais e do Município de Brumadinho, no âmbito das ações de resposta ao desastre em decorrência da ruptura da barragem do Córrego Feijão, no Município de Brumadinho, Estado de Minas Gerais, e de suas repercussões na Bacia do Rio Paraopeba.Art. 3ºRecomendar aos órgãos reguladores federais que aprovem imediatamente moção , nos termos da Lei nº 12.334, de 20 de setembro de 2010, recomendando que:I _ realizem imediatamente auditorias em seus procedimentos e revisem os atos normativos orientadores da fiscalização de segurança de barragens;II _ atualizem as informações sob sua responsabilidade no Sistema Nacional de Informações sobre Segurança de Barragens (SNISB), de modo a mitigar o potencial de novos incidentes com barragens;III _ realizem imediatamente fiscalização nas barragens sob sua responsabilidade, com ênfase naquelas classificadas como possuidoras de ""Dano Potencial Associado"" à vida humana de nível alto ou, ainda, como de ""Risco Alto""; eArt. 4ºDeterminar aos órgãos fiscalizadores federais e recomendar aos demais entes federativos que exijam dos agentes fiscalizados a imediata atualização de seus respectivos Planos de Segurança de Barragem de que trata a Lei nº 12.334, de 2010.Art. 5ºCriar Grupo de Trabalho com o objetivo de promover a atualização da Lei nº 12.334, de 2010, que estabeleceu a Política Nacional de Segurança de Barragens a ser instituído por Resolução deste Conselho.Art. 6º Determinar que os órgãos fiscalizadores do Governo Federal avaliem, de imediato, a necessidade de remoção de instalações de suporte aos empreendimentos localizados na área de influência das barragens identificadas no inciso III do art. 3º, com vistas a resguardar a integridade dos trabalhadores desses empreendimentos.Art. 7º Esta Resolução entra em vigor na data de sua publicação.ONYX DORNELLES LORENZONIMinistro de Estado-Chefe da Casa Civil Coordenador do Conselho "	-1
199	Senado retomará as atividades com maior índice de renovação da história da Casa desde a redemocratização. Dos 54 senadores que tomam posse, na sessão prevista para iniciar às 15h, somente oito foram reeleitos.Mulheres representarão 14,8% da nova configuração: serão 12 senadoras.O Senado retomará as atividades com maior índice de renovação da história da Casa desde a redemocratização.	"""Senado retoma as atividades com maior índice de renovação desde a redemocratização""MDB, PSD e PSDB são os partidos com mais senadores; dos 54 eleitos que tomam posse, apenas 8 foram reeleitos. Mulheres representarão 14,8% da nova configuração: serão 12 senadoras. O Senado retomará as atividades nesta sexta-feira (1º) com a posse dos parlamentares eleitos e a escolha do novo presidente da Casa.Esta será o maior índice de renovação da história da Casa desde a redemocratização. Dos 54 senadores que tomam posse, na sessão prevista para iniciar às 15h, somente oito foram reeleitos.O número de mulheres na nova composição é menor do que o da legislatura passada: 12, o que representa 14,8% dos 81 senadores. Em 2018, havia 13 senadoras.Outra novidade é que, em 2019, o Senado terá o primeiro parlamentar declaradamente homossexual: Fabiano Contarato (Rede-ES).Desde a eleição de outubro de 2018, o tamanho das bancadas sofreu mudanças. Isso porque, até o momento, sete senadores eleitos trocaram de legenda, e o número de partidos que terão representantes na Casa caiu de 21 para 16, um partido a menos em relação às siglas que encerraram 2018 com representantes titulares.Outras mudanças ainda podem acontecer, uma vez que, diferentemente de deputados, senadores podem trocar de partido quando e quantas vezes quiserem.Apesar de ter perdido senadores, o MDB continua a legenda com maior número de parlamentares. O partido, que encerrou 2018 com 19 integrantes na bancada, retoma as atividades legislativas com 13.Outro exemplo é o PSD, que tinha cinco parlamentares em 2018 e contará com 10 integrantes na bancada.O PSDB, por outro lado. caiu de 13 para oito senadores na comparação entre 2018 e 2019 e fecha a lista das siglas que, até o momento, terão as maiores bancadas da Casa.PT, DEM e Progressistas devem ficar com seis senadores cada nos próximos anos. Podemos, cinco. PDT e PSL iniciam o ano com quatro senadores cada.Com as trocas partidárias, três partidos que teriam representantes _ de acordo com as eleições de outubro _ não vão ter mais senadores no início das atividades legislativas: SD, PRP e PTC.Constituir uma bancada numerosa é importante para o papel que uma legenda pretende desempenhar no Senado.Quanto maior a bancada, mais chances o partido tem de ocupar funções na Mesa Diretora e de presidir as principais comissões da Casa.Isso porque a ocupação dos principais cargos, tradicionalmente, respeita a proporcionalidade (tamanho) das bancadas.O MDB, maior legenda da Casa, por exemplo, tem conquistado a cadeira da presidência do Senado desde 2001.Saiba como inicia a composição partidária do Senado em 2019:MDB (13 senadores)PSD (10 senadores)PSDB (8 Senadores)DEM (6 senadores) PT (6 senadores)PP (6 senadores)Pode (5 senadores)Rede (4 senadores)PDT (4 senadores) PROS (3 senadores)PSL (4 senadores)PSB (3 senadores)PPS (3 senadores)PR (2 senadores)PHS (1 senador)PSC (1 senador)PRB (1 senador)Sem partido (1 senador) "	-1
