	Model Answer	news	label
0	Pesquisa mostra Bolsonaro na liderança com 86,57% das intenções.	"Pesquisa que mostra Bolsonaro com 86,57% é enquete de Facebook sem rigor estatísticoPesquisa que mostra Bolsonaro com 86,57% é enquete de Facebook sem rigor estatísticoTwitterFacebookE-mailWhatsAppPesquisa que mostra Bolsonaro com 86,57% é enquete de Facebook sem rigor estatísticoPor Alexandre Aragão 23 de agosto de 2018, 14h52TwitterFacebookEmailWhatsAppApresentada como uma pesquisa eleitoral legítima, enquete publicada no Facebook mostra o candidato Jair Bolsonaro (PSL) à frente de Luiz Inácio Lula da Silva (PT), com 86,57% das intenções de voto na disputa presidencial deste ano. O levantamento foi feito com base em comentários de Facebook e, ao contrário do que dá a entender, não tem lastro estatístico e nem pode ser considerada formalmente uma pesquisa eleitoral, pois não está registrada no TSE (Tribunal Superior Eleitoral).A página responsável pela enquete e pela imagem, que foi compartilhada centenas de vezes no Facebook e também no Twitter, se autointitula IPOF (Instituto de Pesquisa Oficial do Face), mas não tem nenhuma relação institucional com a rede social. Esta não foi a primeira vez que a página publicou enquetes para se contrapor a pesquisas eleitorais devidamente registradas no TSE e favorecer Bolsonaro.Denunciada por usuários do Facebook, a publicação foi marcada como FALSA na ferramenta de verificação disponibilizada pela rede social (entenda como funciona).Confira abaixo, em detalhes, o que verificamos.FALSOPesquisa mostra Bolsonaro na liderança com 86,57% das intenções.É falso que uma pesquisa eleitoral mostra Jair Bolsonaro com 86,57% das intenções de voto entre os eleitores brasileiros. Esse resultado foi obtido em uma enquete realizada no Facebook pela página IPOF (Instituto de Pesquisa Oficial do Face) e não em pesquisa eleitoral devidamente registrada na Justiça Eleitoral.Um usuário que se identifica como Sylvio Montenegro é o responsável pela enquete, apresentada falsamente como pesquisa eleitoral, que infla e favorece o desempenho de Jair Bolsonaro. E este não é um episódio isolado.Em um post publicado em 20 de agosto, Montenegro promete ""desmascarar"" a pesquisa CNT/MDA divulgada naquela semana, que mostra Lula (37,3% das intenções) à frente de Bolsonaro (18,8%) no primeiro turno. Cenários do levantamento também mostram o petista à frente do presidenciável do PSL nas simulações espontânea, em que não é apresentado o nome do candidato, e de segundo turno.Esse post de Sylvio Montenegro teve 64 mil compartilhamentos e foi visto por milhões de usuários do Facebook. Ao todo, 956 mil pessoas participaram da enquete. Bolsonaro foi o mais votado, mas o resultado não tem base estatística.Durante o período de campanha, todas as pesquisas eleitorais feitas com o intuito de serem publicadas em veículos de mídia devem ser, obrigatoriamente, registradas no TSE (Tribunal Superior Eleitoral), que disponibiliza em seu site as informações sobre cada pesquisa.Esse registro é feito pelos institutos de pesquisa, que precisam se cadastrar junto ao TSE para ter acesso ao sistema para incluir as informações sobre as pesquisas. ""Salienta-se que a Justiça Eleitoral não realiza qualquer controle prévio sobre o resultado das pesquisas, tampouco gerencia ou cuida de sua divulgação, atuando conforme provocada por meio de representação"", diz texto do tribunal.Nível de confiança. As informações divulgadas pelo TSE incluem detalhes sobre a metodologia usada na pesquisa - como a quantidade de pessoas entrevistadas, o método de entrevistas (por telefone ou pessoalmente) e a divisão da amostra por categorias, como gênero, idade, região.Esse detalhamento é relevante porque o nível de confiança de cada pesquisa eleitoral depende diretamente do método e da amostra utilizados. A amostragem existe para garantir que o conjunto de pessoas entrevistadas reproduza, em menor escala, as divisões do eleitorado brasileiro em relação a região, idade, gênero e renda, entre outros critérios possíveis. Todos esses fatores influenciam na maneira como cada pessoa vota.Em enquetes do Facebook, pelo caráter aberto - qualquer usuário pode votar -, não é possível garantir que as proporções de eleitores em relação a todos esses critérios sejam respeitadas. E, portanto, as enquetes não têm o mesmo rigor estatístico que uma pesquisa eleitoral.Além das informações técnicas, o TSE também informa quanto cada pesquisa eleitoral custou e quem pagou por ela, e disponibiliza uma cópia da nota fiscal. A pesquisa nacional do Datafolha divulgada nesta semana, por exemplo, custou R$ 398 mil - valor que foi pago meio a meio pela TV Globo e pelo jornal Folha de S.Paulo, conforme as notas fiscais.Outro exemplo é a mais recente pesquisa da MDA, que custou R$ 179 mil e foi paga pela CNT (Confederação Nacional dos Transportes). No campo sobre a metodologia utilizada, o instituto registrou: ""Será adotada a metodologia quantitativa do tipo survey, com entrevistas pessoais, do tipo face a face, domiciliar ou em pontos de fluxo, por meio da utilização de questionário estruturado, sendo o universo representado pelos eleitores do Brasil"".Questionado por um seguidor sobre a diferença entre o método do IPOF e os dos institutos de pesquisa, assim como a falta de registro no TSE, Sylvio Montenegro escreveu: ""Que eles continuem com a verdade deles. Continuaremos com a nossa verdade, essa sim, tem o registro e o respaldo popular"".Aos Fatos tentou contato com Sylvio Montenegro e com a página IPOF, mas, até o momento, não obteve resposta.Procurado por Aos Fatos, o Facebook também não respondeu até a publicação da checagem.TwitterFacebookEmailWhatsAppLeia tambémCinco fatos sobre migraçãoNão é verdade que Moro afastou promotor do caso Queiroz e delegado que investiga morte de MarielleHomem em foto com Flávio Bolsonaro é assessor do senador, não acusado de matar Marielle]"	1
1	O vídeo em que Pezão pega carona em um carro foi apreendido em operação policial e os homens que aparecem no vídeo são milicianos.	"""É #FAKE que vídeo em que Pezão pega carona em carro foi apreendido com milicianos em operação policial ""Segundo a assessoria do governador, é mentira que o vídeo foi apreendido em operação policial. Uma mensagem que circula na internet junto a um vídeo que mostra o governador do Rio de Janeiro, Luiz Fernando Pezão, de carona num carro diz que as imagens foram apreendidas em poder de milicianos durante uma operação policial. A mensagem é #FAKE.O vídeo é verdadeiro, como a assessoria de Pezão confirma, mas a informação de que as imagens foram apreendidas durante operação policial é falsa, assim como não se sustenta a acusação de que os homens são milicianos.O vídeo que circula pelas redes sociais mostra o governador de carona num carro com três homens. Pezão está no banco de trás. A assessoria do governo afirma que o vídeo foi gravado no último sábado em Piraí, no Sul do estado, onde Pezão tem uma casa. A assessoria do governador diz que ele aceitou carona de desconhecidos.Nas redes sociais, comenta-se que o vídeo foi apreendido em poder de milicianos, mas a assessoria do governador nega os relatos e diz que a informação de que o vídeo foi apreendido numa operação policial é mentirosa.Nesta quinta-feira (16), o dono do bar Rei do Torresmo, em Piraí, Luiz Geraldo, disse que Pezão esteve no local no sábado. O G1 conversou com Greidomar Soares dos Santos, que dirigia o carro e confirmou que deu carona para o governador. Ele afirmou que é motorista de uma empresa terceirizada da Petrobras e informou as profissões dos colegas.Greidomar disse que o vídeo foi gravado no último sábado, por volta de meio-dia. Ele contou que mora em Pinheiral e que tinha ido a Piraí visitar amigos que moram em um sítio. Na volta, combinou de buscar a mulher na rodoviária e passou em frente à casa do governador.""Ele estava na calçada da casa dele. Brincamos e gritamos botafoguense, e ele pediu carona até o bar do Torresmo. Era caminho pra rodoviária"", disse Greidomar.No caminho, o amigo, que estava sentado no banco da carona, resolveu gravar o vídeo. ""Era um caminho de um quilômetro e meio mais ou menos. No interior, é comum a gente dar carona para quem está passando na rua. O segurança dele até viu o governador entrando no carro"", comentou.Greidomar também disse que um dos amigos enviou o vídeo a um grupo do WhatsApp, mas não imaginou que ele ia viralizar nem sabe quem foi a pessoa que disse que eles têm ligação com a milícia.""Não conheço ninguém da milícia. Foi uma manipulação, é mentira. Por ele ser um cara conhecido, querem prejudicar a imagem dele, aproveitando as eleições"", disse. O autor do vídeo, do banco de carona, segundo ele, chamado Nelson Wallace, trabalha na área de construção civil e o que aparece no banco de trás, ao lado do governador, Anderson Daniel da Silva, é açougueiro e músico.Questionado sobre o vídeo, Pezão confirma que pegou carona no último sábado em Pinheiral, no Sul fluminense, e diz que os homens não faziam parte de nenhum grupo paramilitar. ""Preconceito"", afirma.Segundo ele, o mais ""difícil é acreditar que um governador anda pela rua e pede carona para ir para o bar"".A Polícia Civil diz que os homens que aparecem no vídeo foram até a 101ª Delegacia de Pinheiral na noite de quarta-feira (15), receberam orientação, mas ainda não registraram o boletim de ocorrência porque ficaram de decidir que providências irão tomar. De acordo com a polícia, eles ficaram de retornar à DP. Se for feito o boletim, de acordo com a polícia, será provavelmente por injúria. "	1
2	"O texto apresenta um resumo detalhado da história do regime militar no Brasil, desde o golpe de 1964 até a transição para a democracia. Aqui está um resumo dos pontos principais e uma análise da declaração falsa de Jair Bolsonaro:  **Resumo da História do Regime Militar (1964-1985):**  * **Golpe de 1964:** Deposição do presidente João Goulart, marcando o início do regime militar. * **Governos:**     * **Castello Branco (1964-1967):** Implementação de medidas econômicas e institucionais, como o bipartidarismo.     * **Costa e Silva (1967-1969):** Aumento da repressão e endurecimento do regime.     * **Junta Militar de 1969:** Período de transição após o afastamento de Costa e Silva.     * **Emílio Garrastazu Médici (1969-1974):** ""Anos de Chumbo"", com repressão política intensa, tortura e censura. Crescimento econômico, mas com desigualdade social.     * **Ernesto Geisel (1974-1978):** Início da ""abertura lenta e gradual"", com redução da censura e reconhecimento de alguns resultados eleitorais, mas mantendo a repressão.     * **João Figueiredo (1979-1985):** Continuação da abertura, com a Lei da Anistia e a criação de novos partidos. Tentativas de garantir a continuidade do poder militar. * **Transição para a Democracia:**     * **Movimento Diretas Já:** Mobilização popular pela volta das eleições diretas.     * **Anistia:** Lei que perdoa crimes políticos cometidos durante o regime militar.     * **Eleições Indiretas:** Tancredo Neves eleito, mas morre antes de assumir, sendo substituído por José Sarney.  **Análise da Declaração Falsa de Jair Bolsonaro:**  A declaração de Jair Bolsonaro, afirmando que o programa Mais Médicos foi para atender à ditadura cubana, é **falsa**. O texto demonstra que:  * **Objetivo do Programa:** O programa Mais Médicos foi criado para suprir a falta de médicos na atenção básica no Brasil, especialmente em áreas remotas e carentes. * **Prioridade aos Médicos Brasileiros:** O programa prioriza a contratação de médicos brasileiros, e os médicos cubanos são contratados apenas quando não há brasileiros disponíveis. * **Dados Estatísticos:** Os dados mostram que a maioria dos médicos que participaram do programa foram brasileiros.  **Em resumo, a declaração de Bolsonaro é uma desinformação que tenta associar o programa Mais Médicos a uma agenda política e desvirtua o seu propósito original.**  O texto é bem informativo e fornece um contexto histórico importante para entender a complexidade do regime militar brasileiro e a transição para a democracia."	"Na TV, Bolsonaro nega fatos que mostram que houve ditadura no BrasilNa TV, Bolsonaro nega fatos que mostram que houve ditadura no BrasilTwitterFacebookE-mailWhatsAppNa TV, Bolsonaro nega fatos que mostram que houve ditadura no BrasilPor Tai Nalon, Ana Rita Cunha, Bárbara Libório e Luiz Fernando Menezes 29 de outubro de 2018, 21h10TwitterFacebookEmailWhatsAppUm dia depois de ser eleito presidente, Jair Bolsonaro concedeu nesta segunda-feira (29) uma série de entrevistas a telejornais dos canais Record, Band, RedeTV! e TV Globo. Em rede nacional, negou que houve ditadura no Brasil durante o período militar (1964-1985), apesar de os fatos apontarem o contrário. Também afirmou que o Mais Médicos, do governo federal, foi criado para atender interesses de Cuba, sendo que a imensa maioria dos médicos que atuam no programa não tem nacionalidade cubana. Além disso, Bolsonaro voltou a repetir a afirmação falsa de que o ex-ministro da Educação Fernando Haddad (PT) criou o que ele chamou de ""kit gay"".Aos Fatos chegou algumas das afirmações de Bolsonaro na noite desta segunda-feira. Veja, abaixo, o resultado. FALSOO período militar não foi ditadura. - Jair Bolsonaro, em entrevista ao Jornal da BandExiste consenso entre historiadores e cientistas políticos que de 1964 a 1985, o Brasil viveu sob um regime autoritário não-democrático. Como resume o jornalista e autor da série de livros sobre o regime militar, Elio Gaspari, no livro ""A ditadura Envergonhada"", os 21 anos do ciclo militar tiveram épocas de ""aberturas"" e ""endurecimentos"". Na classificação de Gaspari: de 1964 a 1967, Castello Branco exerceu uma ""ditadura temporária"", de 1967 a 1968, Costa e Silva ""tentou governar dentro de um sistema constitucional"", de 1968 a 1974, o país esteve sob ""um regime escancaradamente ditatorial"" e de 1974 a 1985, inicia-se ainda debaixo da ditadura a tentativa de sair desse regime. Ou seja, não há qualquer dúvida de que houve períodos mais ou menos radicalizados de governos autoritários - e que, portanto, houve ditadura.O regime militar - que começou com caráter provisório e apoio civil - foi alterando as leis sem escrutínio popular com os Atos Institucionais para garantir sua continuidade no poder por 21 anos. A oposição foi suprimida violentamente, o Congresso Nacional foi fechado três vezes, houve extinção dos partidos e imposição de um bipartidarismo, além de torturas, prisões e exílios. Ao longo do período, o presidente da República foi acumulando poder, inclusive o de legislar e confiscar bens. Mesmo o processo de transição entre os presidentes, que inicialmente tinha ares constitucionais de eleição indireta no Congresso Nacional, foi se tornando um processo de indicação.""O exército dormiu janguista e acordou revolucionário"", afirmou o general Cordeiro de Farias, ministro de Estado no governo Castello Branco. A frase resume a sequência conturbada de acontecimentos que levaram ao golpe militar de 1964. O governo de João Goulart, último presidente antes da ditadura militar, teve uma gestão conflituosa que levou a uma conspiração para tirá-lo do poder. No começo de 1964, Jango acreditava que conseguiria base para se manter no poder, inclusive entre os militares. No entanto, a oposição ganhou força e culminou na derrubada do governo em 1° de abril de 1964 pelas Forças Armadas com apoio de civis e João Goulart se exilou no Uruguai.O presidente da Câmara dos Deputados Pascoal Ranieri Mazzilli assume o poder em caráter provisório, entre 2 e 15 de abril. Nesse período, quem exerceu o poder de fato foi uma junta militar formada pelos ministros militares - o vice-almirante Augusto Rademaker Grünewald, da Marinha, o tenente-brigadeiro Francisco de Assis Correia de Melo, da Aeronáutica, e o general Artur da Costa e Silva, da Guerra - e autodenominada Comando Supremo da Revolução. Essa junta lança o primeiro Ato Institucional de muitos que serão utilizados para alterar a constituição. O AI-1, que valia até 1966, permitia a suspensão por dez anos dos direitos políticos de opositores ao regime, incluindo congressistas, militares e governadores. Segundo memorando da embaixada americana enviado à Casa Branca, pouco mais de 5 mil pessoas foram presas nas primeiras semanas após a deposição de Jango. Entre 1964 e 1966, cerca de 2 mil funcionários públicos foram demitidos ou aposentados compulsoriamente, 386 pessoas tiveram mandatos políticos cassados ou sofreram suspensão dos direitos e 421 oficiais das Forças Armadas foram enviados compulsoriamente para a reserva, de acordo com documentos oficiais citados no livro ""Ditadura Envergonhada"" de Gaspari (p. 130-131)Nos nove primeiros meses, o regime contava com um saldo de 20 mortos, sendo nove registrados como suicídios. Entre os casos noticiados na imprensa, estava a morte do dirigente comunista Gregório Bezerra que foi arrastado por um jipe e espancado por um oficial em praça pública, em Recife, no dia 2 de abril de 1964. Durante a instauração do regime militar, até mesmo oficiais foram torturados, como foi o caso do almirante Cândido Aragão, comandante dos fuzileiros navais durante o governo de João Goulart, como relatou o jornalista Carlos Cony em entrevista com o filho do militar em 7 de maio de 1964.A junta militar transferiu os poderes para o marechal Humberto Castello Branco, que foi eleito indiretamente pelo Congresso Nacional, conforme previa o AI-1. Castello Branco assumiu com o compromisso de entregar o cargo a um civil em 1966. O general não apenas descumpriu o prazo como entregou a faixa presidencial a outro militar, Artur da Costa e Silva. Com isso, ele frustrou as expectativas dos vários apoiadores civis do golpe militar, como Carlos Lacerda.Ao longo do governo Castello Branco houve um recrudescimento do regime que, de transição para a democracia, foi se tornando ponte para continuidade. Em 1965, após vitória da oposição nas eleições estaduais, o ditador promulgou o AI-2, cessando a vigência da Constituição de 1946, instituindo eleição indireta para presidente, extinguindo partidos políticos, fechando o Congresso, ampliando os poderes do presidente e da Justiça Militar, que passou a poder julgar civis, e aumentando o número de ministros no Supremo Tribunal Militar. Em 1966, ele promulga o AI-3 tornando também indireta as eleições estaduais e, em seguida, o AI-4, convocando a abertura extraordinária do Congresso Nacional para aprovar a Constituição de 1967.Costa e Silva assume em 1967, no mesmo dia em que a nova Constituição entrou em vigor, e fica até 1969. Com o fortalecimento dos movimentos de oposição ao regime militar, o presidente promulga, em 1968, o AI-5, sem prazo de validade. O texto dava amplos poderes ao presidente de fechar o Congresso Nacional e todas as casas legislativas estaduais e municipais, fazer leis, cassar mandatos, suspender direitos políticos, demitir funcionário civis, militares e juízes, confiscar bens, decretar estado de sítio, além de suspender o direito a habeas corpus para acusados de crime contra a segurança nacional. Nos restante do governo, Costa e Silva ainda baixou outros 9 atos institucionais.Após o AI-5, se intensificou o processo de perseguição a opositores, a censura de jornais, revistas, músicas e filmes. Inicialmente, a justificativa era conter os avanços comunistas, mas ao longo do tempo qualquer crítico ao governo passou a virar inimigo do estado, como é o caso do advogado anticomunista e conservador Heráclito Sobral Pinto.Ao final do governo, Costa e Silva acenou para uma abertura da ditadura, com retomada das eleições diretas nos estados e reabertura do Congresso. O presidente sofreu um derrame sem poder cumprir qualquer dessas medidas e foi sucedido por uma junta militar. A junta baixou o AI-14, instituindo as penas de morte e de prisão perpétua para os casos de ""guerra psicológica adversa"" e de ""guerra revolucionária ou subversiva"", definidos pela Lei de Segurança Nacional.Por votação indireta, o general Emílio Garrastazu Médici foi conduzido à presidência na qual ficou até 1973. O período foi marcado por crescimento econômico e tortura. Dos mais de 420 assassinatos e desaparecimentos imputados à ditadura, a maioria ocorreu durante o governo do general, de acordo com a Comissão Nacional da Verdade.Ernesto Geisel (1974-1978) assumiu o poder no período de fim do crescimento econômico e novo fortalecimento de críticas ao governo militar. Ele assume prometendo uma abertura lenta e gradual. A abertura acontecia com a redução da censura e com reconhecimento do resultado das eleições legislativas, mas convivia com ações repressivas como a que levou à morte do jornalista Vladimir Herzog, que se apresentou voluntariamente ao DOI-Codi, em novembro de 1975.O último presidente militar João Figueiredo (1979-1985) concluiu a lenta abertura iniciada por Geisel. A deterioração da situação econômica fragiliza o poder militar durante esse processo. Em 1980, a inflação bate a simbólica marca de 100% ao ano. Em 1981, o país entrou em uma recessão que durou até o segundo semestre de 1982.Uma das principais medidas da abertura foi a Lei de Anistia, que instituiu uma ampla e geral anistia incluindo os crimes realizados pelos militares e o retorno dos anistiados aos seus postos e funções através da Lei nº 6.683, de 28 de agosto de 1979, regulamentada pelo Decreto nº 84.143, de 31 de outubro do mesmo ano. Outra medida importante na transição foi o fim do bipartidarismo, sistema instituído no governo Castello Branco, e a autorização da criação de novos partidos, medida aprovada pelo Congresso Nacional a contragosto dos militares.O final do governo militar não ocorreu de forma tranquila. Entre os militares havia uma ala radical que defendia a retomada do poder, inclusive praticando atos terroristas, e uma outra ala tentava articular a garantia de um presidente alinhado com o atual regime. Com a força dos movimentos a favor da volta de eleições diretas, Figueiredo se antecipou e enviou ao Congresso, ainda em abril de 1984, proposta de emenda constitucional restabelecendo eleições diretas, cabendo aos parlamentares definir se a ela passaria a valer para 1985 ou apenas em 1988. O Congresso definiu que as eleições de 1985 deveriam ser indiretas: o Colégio Eleitoral deu vitória a Tancredo Neves, opositor ao regime militar. Neves morreu por problemas de saúde antes da posse e o primeiro presidente civil depois de 21 anos foi José Sarney (1985-1988).FALSOO programa Mais Médicos, criado pelo PT, foi para atender à ditadura cubana. - Jair Bolsonaro, em entrevista à TV RecordA declaração é FALSA porque, entre outros motivos, a quantidade de médicos cubanos no programa é minoritária. Na verdade, o programa Mais Médicos, instituído em 2013 no governo da ex-presidente Dilma Rousseff (PT), tinha como finalidade a formação de recursos humanos na área médica para o Sistema Único de Saúde e o provimento emergencial de médicos na atenção básica, em regiões prioritárias para o SUS, de difícil acesso e/ou de populações de maior vulnerabilidade.Além disso, o programa prioriza os profissionais brasileiros - os médicos cubanos são convocados apenas se as vagas dos editais não forem preenchidas. Em janeiro do ano passado, por exemplo, na primeira chamada do edital do programa, 99% das vagas foram preenchidas por brasileiros. Dos 1.378 profissionais selecionados, todos eles formados no país, cerca de 900 preencheram vagas antes ocupadas por cubanos.Segundo dados obtidos por Aos Fatos via Lei de Acesso à Informação, 20.273 médicos estrangeiros vieram para o Brasil atuarem diretamente na atenção básica através do projeto Mais Médicos de 2013 até outubro de 2018. De acordo com o DEPREPS (Departamento de Planejamento e Regulação da Provisão de Profissionais de Saúde), que forneceu os da"	1
3	Jair Bolsonaro disse em vídeo que teria se alistado ao exército de Hitler.	"""É #FAKE que Bolsonaro disse em vídeo que teria se alistado ao exército de Hitler""Mensagem falsa circula nas redes sociais com vídeo editado. Em vídeo original, candidato afirma que alistamento era obrigatório e que ninguém quer ir para a guerra. Circula nas redes uma mensagem falsa afirmando que Jair Bolsonaro, candidato à Presidência pelo PSL, disse que teria se alistado ao exército nazista de Adolf Hitler. O texto é acompanhado por um vídeo editado que mostra os bastidores de uma entrevista que Bolsonaro concedeu ao programa ""CQC"", da Band. O vídeo é incompleto e as informações são #FAKE.No vídeo editado, que mostra os bastidores da entrevista, Bolsonaro fala sobre o período da Alemanha nazista e afirma que Hitler foi um grande estrategista.Depois, alguém que não aparece no enquadramento do vídeo pergunta: ""Sabendo da história da Segunda Guerra Mundial, você teria se alistado, se você fosse alemão, você teria se alistado ao exército nazista?"".Rafael Cortez, do CQC, pergunta baixo para Bolsonaro se pode fazer essa pergunta, ao que o político responde: ""Pode, sem problema nenhum. Eu tenho uma resposta muito boa para te dar inclusive"".Cortez repete o questionamento, e Bolsonaro conta que seu bisavô foi soldado de Hitler. O vídeo, então, sofre um corte de edição e mostra um trecho em que ele fala sobre cotas raciais.No vídeo original, após falar do bisavô, Bolsonaro afirma que o alistamento era obrigatório, então não era uma questão de opção. ""A pergunta não cabe, pois você não tinha direito de se alistar ou não, você era alistado automaticamente"". Cortez insiste e Bolsonaro completa: ""Na verdade, ninguém quer ir para a guerra. Nem nós, militares, queremos ir para a guerra"". "	1
4	Exército exige perícia nas urnas eletrônicas antes e depois das eleições.	"""É #FAKE documento atribuído ao Exército que exige perícia nas urnas eletrônicas antes e depois das eleições""Mensagem tem viralizado no WhatsApp. Exército e TSE negam a informação. Circula nas redes sociais um texto afirmando que o Comando das Forças Armadas enviou à presidente do Tribunal Superior Eleitoral (TSE), ministra Rosa Weber, um documento oficial exigindo perícia nas urnas eletrônicas antes e depois das eleições deste ano. O texto diz que militares de última patente do Exército, Marinha e Aeronáutica desconfiam que o crescimento do presidenciável Fernando Haddad (PT) nas pesquisas eleitorais seja a preparação do terreno para uma megafraude eleitoral. É #FAKE.O texto com o título ""Exclusivo: Alto Comando do Exército Brasileiro encurrala TSE e exige perícia nas urnas antes e depois das eleições"" foi publicado na terça-feira (25) pelo advogado Edesio do Carmo Adorno, de 56 anos, que administra a plataforma. O link e o texto da publicação estão sendo amplamente compartilhados em páginas nas redes sociais e grupos de mensagens.A informação de que as Forças Armadas enviaram um documento sobre a necessidade de perícia nas urnas é atribuída a uma fonte não identificada. Ainda segundo o site, a ministra Rosa Weber ""engoliu a seco a exigência, considerada intromissão indevida no Judiciário"".Em nota, o Exército diz que não solicitou ao TSE nem recebeu qualquer determinação para participar de perícia, avaliação ou auditoria técnica do funcionamento e segurança dos equipamentos eletrônicos de apuração.""A Instituição será empregada nas eleições de 2018, a pedido da Justiça Eleitoral, no apoio logístico (transporte de urnas e de fiscais dos TSE/TRE) e na garantia da votação e apuração (GVA)"", diz o Exército.Procurado, o TSE diz que a mensagem que está circulando em grupos de WhatsApp não procede. De acordo com o tribunal, o documento ""nunca existiu"".A equipe do Fato ou Fake tentou contato com Edesio, responsável pelo site ""A Bronca Popular"", onde o texto foi publicado originalmente, mas não conseguiu falar com ele. "	1
5	2% de toda arrecadação do veículo do Mercosul será destinado para a Entidade Internacional do Mercosul, a RENAC. RENAC é Reconstrucción Nacional de Cuba.	" #Verificamos: Receita das placas do Mercosul não vai para organização cubanaFoto divulgada na internet é montagem e instituição citada não existeCircula nas redes sociais imagem que mostra uma placa de trânsito do Mercosul na qual a sigla Renac, supostamente Reconstrucción Nacional Cubana, está presente. Por meio do projeto de verificação de notícias, usuários do Facebook solicitaram que esse material fosse analisado. Confira a seguir o trabalho de verificação da Lupa:""Você sabia que 2% de toda arrecadação do veículo do Mercosul será destinado para a Entidade Internacional do Mercosul, a RENAC, você sabe o que é a RENAC? (...) RENAC é Reconstrucción Nacional de Cuba.""Imagem publicada no Facebook com 1,9 mil compartilhamentos até as 14h10 do dia 28 de novembroFALSOA foto é uma montagem. É possível ver a mesma imagem da mesma placa em outros sites, incluindo o G1, o jornal O Dia e a empresa pública Serpro. Em todas essas imagens, a sigla ""Renac"" não aparece.As novas placas do Mercosul contam com as seguintes informações: o emblema do Mercosul, o nome do país, a bandeira do país e, no caso brasileiro, a bandeira do estado e o emblema do município onde a placa foi registrada. Elas contam também com um QR Code abaixo do emblema da organização e as iniciais do país no canto inferior esquerdo.Além de a foto ser uma montagem, não existe nenhum registro de instituição oficial chamada ""Reconstrucción Nacional de Cuba"". Há várias instituições com a sigla ou o nome Renac, incluindo uma empresa de créditos brasileira, a Rede Nacional de Anomalias Congênitas da Argentina, a Academia de Energia Renovável (Renewables Academy) da Alemanha, e um município da França. Nenhuma delas tem qualquer relação com o governo cubano ou com o Mercosul. *Nota: esta reportagem faz parte do projeto de verificação de notícias no Facebook. Dúvidas sobre o projeto? Entre em contato direto com o Facebook.Editado por: Clara Becker e Leandro Resende"	1
6	"""Pastor Silas Malafaia critica Jair Bolsonaro no 2º turno das eleições de 2018."""	"""É #FAKE que vídeo em que Malafaia critica Bolsonaro seja do 2° turno das eleições de 2018""Postagem usa vídeo de 2017 para sugerir que pastor rompeu com presidente eleito. Circula nas redes sociais um vídeo publicado no dia 10 de outubro de 2018 em um canal de apoio à campanha petista no YouTube cuja descrição diz que o pastor Silas Malafaia ""abriu os olhos"" e ""atacou"" o candidato à presidência do PSL, Jair Bolsonaro, às vésperas da eleição de segundo turno. A mensagem que acompanha as imagens é #FAKE.O pequeno texto que acompanha o vídeo também traz a hashtag #EleNão, nome de um movimento criado por eleitores contra Bolsonaro às vésperas do primeiro turno da eleição de 2018. Como verificado pelo Comprova, o vídeo é verdadeiro, mas foi publicado pelo canal neste pleito de forma enganosa e fora de contexto, já que a filmagem é de mais de um ano atrás - e a informação sobre a data não é disponibilizada ao espectador de forma clara.O próprio pastor desmentiu que rompeu recentemente com Bolsonaro. Malafaia, que hoje faz campanha aberta para Bolsonaro, publicou um vídeo, em seu canal no YouTube, dizendo que o PT está ""espalhando notícia falsa"".""O PT pegou um vídeo meu lá de trás, quando eu tive um entrevero com o Bolsonaro, e espalhou agora para os evangélicos do Brasil como se meus olhos foram abertos e eu mudei de lado.""No vídeo enganoso publicado neste pleito, Malafaia aparece dizendo "	1
7	INSS determina indenização de R$ 750 mil à família de ladrão morto por uma mãe PM	" #Verificamos: INSS não pagou indenização de R$ 750 mil à família de ladrão morto por mãe-PMNotícia que circulou no WhatsApp e teve mais de 29 mil interações no Facebook erra ao falar de pensãoCircula no WhatsApp e no Facebook a ""notícia"" de que a família do assaltante morto por uma mãe-PM na porta de uma escola de São Paulo no mês passado teria recebido indenização de R$ 750 mil por danos morais. A ""notícia"" também indica que o INSS teria concedido à família do criminoso uma pensão mensal no valor de R$2.999. Por meio do projeto de verificação de notícias do Facebook, usuários da plataforma denunciaram essas postagens, solicitando que elas fossem checadas. Confira a análise da Lupa:""INSS determina indenização de R$ 750 mil à família de ladrão morto por uma mãe PM""Texto que foi publicado no site GShowPlay.com e que tinha 29 mil interações até as 8h20 do dia 6 de junho de 2018FALSOProcurado, o Instituto Nacional de Segurança Social esclareceu que Elivelton Moreira não possuía qualidade de segurado da Previdência Social, o que impossibilitaria a concessão de qualquer benefício previdenciário a ele ou a seus dependentes, inclusive a pensão por morte. Portanto, a pensão no valor de R$2.999 mensais, citada na ""notícia"" é falsa. Além disso, até o dia 4 de junho de 2018, o INSS também não tinha informações oficiais sobre o pagamento de qualquer indenização. Vale lembrar que não é a primeira vez que a Lupa checa rumores envolvendo o assaltante e sua família. Já foram checadas outras duas informações: os familiares do morto não pediram a prisão da mãe-PM e o programa de Fátima Bernardes, na TV Globo, não reformou a casa da família do assaltante. *Nota: os sites EdsonJr7, ACGNews e PortalVejaAgora também postaram ""notícias"" sobre a suposta indenização. Esta checagem faz parte do projeto de verificação de notícias no Facebook.*Dúvidas sobre o projeto? Entre em contato direto com o Facebook.Editado por: Cristina Tardáguila e Chico Marés"	1
8	Indígenas estão sendo assassinados no Mato Grosso do Sul.	" #Verificamos: Imagens de massacre contra índios que circulam no Facebook são antigasFotos, com mais de 1,8 mil compartilhamentos, foram tiradas no Amazonas em 2008 Circulam nas redes sociais duas imagens que mostram índios sendo agredido por policiais. A legenda de uma das fotos diz que a foto é atual e teria sido tirada no Mato Grosso do Sul, enquanto outra coloca a culpa no ""psicopata"" eleito para governar o país. Por meio do projeto de verificação de notícias, usuários do Facebook solicitaram que esse material fosse analisado. Confira a seguir o trabalho de verificação da Lupa:""Está ocorrendo um verdadeiro massacre no Mato Grosso do Sul. Os indígenas estão sendo assassinados""Imagem que até as 14h30 do dia 7 de janeiro de 2019 tinha mais de 300 compartilhamentos no FacebookFALSOA foto em questão é real, mas foi tirada há 10 anos no estado do Amazonas, e não no Mato Grosso do Sul. Em 2008, policiais retiraram à força um grupo de 400 indígenas em uma reintegração de posse em Lagoa Azul, nas proximidades de Manaus. Houve confronto entre índios e policiais, 12 pessoas foram detidas e três policiais ficaram feridos. O registro é do fotógrafo Luiz Vasconcelos, da Agência Estado.Foto de mãe indígena sendo agredida por policiaisImagem compartilhada no Facebook que até as 14h30 do dia 7 de janeiro de 2019 tinha mais de 1,5 mil compartilhamentosFALSOEsta foto também foi feita na reintegração de posse em Lagoa Azul, em 2008, e não atualmente.*Nota: esta reportagem faz parte do projeto de verificação de notícias no Facebook. Dúvidas sobre o projeto? Entre em contato direto com o Facebook.Editado por: Natália Leal"	1
9	Só o Haddad teve 9909 votos em uma seção com 777 eleitores.	" #Verificamos: Boletim de urna que mostra Haddad com 9 mil votos é montagemPresença de candidatos com zero votos e distorções na imagem comprovam que informação é falsaCircula nas redes sociais a foto de um boletim de urna no qual o candidato Fernando Haddad (PT) aparece com 9.909 votos, embora o número total de votos na urna seja de 477. Jair Bolsonaro (PSL) e Geraldo Alckmin (PSDB) aparecem com zero votos. Por meio do projeto de verificação de notícias, usuários do Facebook solicitaram que esse material fosse analisado. Confira a seguir o trabalho de verificação da Lupa:""Só o Haddad teve 9909 votos em uma seção com 777 eleitores. Como assim?""Imagem publicada no Facebook (ver aqui, aqui e aqui) com mais de 101 mil compartilhamentos até as 15h30 do dia 8 de outubro de 2018FALSOTrata-se de uma montagem. A Lupa contatou a assessoria de comunicação do Tribunal Superior Eleitoral (TSE), que enviou o boletim original, com os mesmos códigos de verificação mostrados na imagem. Na urna em questão, que fica na cidade japonesa de Nagóia, Haddad teve nove votos, Bolsonaro teve 372 e Alckmin teve 11.Há indícios óbvios de manipulação: os dígitos 9 estão desalinhados do resto dos números, o que sugere alteração digital da foto. Além disso, segundo o TSE, boletins de urna não registram o nome de candidatos que receberam zero votos. Na imagem, Bolsonaro e Alckmin aparecem com zero votos. Em nota, a assessoria de comunicação do TSE confirmou que ""a imagem fornecida não corresponde ao boletim de urna real""*Nota: esta reportagem faz parte do projeto de verificação de notícias no Facebook. Dúvidas sobre o projeto? Entre em contato direto com o Facebook.Editado por: Leandro Resende e Clara Becker"	1
10	"""Os presos no Brasil recebem salário sem trabalhar."""	"""Declaração Universal dos Direitos Humanos: veja frases #FAKE sobre o tema nos 70 anos de aniversário do documento""Documento foi adotado pela Organização das Nações Unidas (ONU) em 1948. Ao menos cinco mitos recorrentes são propalados. A Declaração Universal dos Direitos Humanos completa 70 anos nesta segunda-feira (10), mas muita desinformação ainda circula sobre o tema nas redes sociais e no WhatsApp. O Fato ou Fake desfaz agora alguns mitos em torno do assunto, envolvendo minorias, impunidade, presidiários, índios e até a própria ONU, organização que congrega hoje 193 nações e sancionou a declaração em 1948.A Declaração Universal dos Direitos Humanos dispõe de 30 artigos que detalham direitos universais que devem ser respeitados e garantidos a todos os seres humanos, do direito à vida aos direitos à alimentação, educação, trabalho, saúde e liberdade. Já no seu segundo artigo, o documento esclarece justamente que ""todo ser humano tem capacidade para gozar os direitos e as liberdades estabelecidos nesta Declaração, sem distinção de qualquer espécie, seja de raça, cor, sexo, idioma, religião, opinião política ou de outra natureza, origem nacional ou social, riqueza, nascimento, ou qualquer outra condição"". Ou seja, os direitos humanos se aplicam a todos os indivíduos.A declaração prevê ainda que não deve ser feita distinção com base na condição política, jurídica ou internacional do país ou território a que pertença uma pessoa, quer se trate de um território independente, sob tutela, sem governo próprio, quer sujeito a qualquer outra limitação de soberania.O texto é claro ao dizer que todos os seres humanos devem cumprir a lei e que as vítimas têm direito à proteção da legislação. Quem comete um crime também tem direito a um julgamento justo. ""No exercício de seus direitos e liberdades, todo ser humano estará sujeito apenas às limitações determinadas pela lei, exclusivamente com o fim de assegurar o devido reconhecimento e respeito dos direitos e liberdades de outrem e de satisfazer as justas exigências da moral, da ordem pública e do bem-estar de uma sociedade democrática"", diz trecho do artigo 29.A declaração também garante o direito à proteção contra qualquer discriminação ou incitamento à discriminação, no seu artigo 7. Já os artigos 5, 9, 10 e 11 condenam excessos como prisões arbitrárias, torturas ou aplicação de penas maiores que as previstas para uma ação e destacam o direito a um julgamento com garantia de defesa dos acusados.A Organização das Nações Unidas (ONU), responsável pela Declaração Universal dos Direitos Humanos, foi criada com a Carta de São Francisco em 26 de junho de 1945 com a assinatura de 51 nações, entre elas Brasil, Estados Unidos, Argentina, Arábia Saudita, França e Reino Unido. Atualmente são 193 nações-membro, com diferentes sistemas de governo e ideologias políticas, e a organização é chefiada pelo secretário-geral António Guterres.Guterres foi primeiro-ministro de Portugal pelo Partido Socialista e chefe do Alto Comissariado das Nações Unidas para os Refugiados (Acnur) de 2005 a 2015, mas foi escolhido para o cargo por unanimidade em 2016 durante a Assembleia-Geral da ONU, em uma eleição com a participação de todos os estados-membro, que tomam decisões em conjunto. Antes dele, o posto foi ocupado pelo sul-coreano Ban Ki-Moon e pelo ganês Kofi Annan.A indicação do secretário-geral é feita antes pelo Conselho de Segurança, um dos principais órgãos da ONU atualmente que tem 15 membros, sendo cinco deles permanentes e com direito a veto, representando diferentes matizes políticos: Estados Unidos, Rússia, Reino Unido, França e China. O Reino Unido, por exemplo, já tinha como primeira-ministra a conservadora Theresa May, que sucedeu seu colega do Partido Conservador, David Cameron.Os presos no Brasil não recebem salário sem trabalhar. O que existe é o auxílio-reclusão, um benefício previsto em lei desde 1960 e destinado aos dependentes dos detentos. É importante destacar que não são todos que têm direito ao benefício, mas apenas aqueles que eram contribuintes da Previdência antes da reclusão, que tinham um salário menor ou igual ao limite de R$ 1.319,18, e que cumprem pena regime fechado ou semiaberto. No caso deste último, só tem direito ao benefício o preso que cumpra a pena em colônia agrícola, industrial ou similar.Caso o segurado seja posto em liberdade, fuja da prisão ou passe a cumprir pena em regime aberto, o benefício é cancelado. Além disso, o preso não pode receber remuneração de nenhuma empresa ou já ser beneficiado por auxílio-doença ou aposentadoria.O benefício será dividido em partes iguais por todos os dependentes habilitados: cônjuge ou companheiro de união estável com mais de dois anos de relacionamento, filhos, enteados, menor tutelado ou irmãos que comprovem a dependência e tenham menos de 21 anos. Pais e irmãos precisam comprovar dependência econômica.A idade do dependente influencia a duração do auxílio. Para os menores de 21 anos, a duração máxima é de 3 anos, exceto em casos de invalidez ou deficiência. Para aqueles com idade entre 21 e 26 anos, a duração passa a ser de 6 anos. Já para dependentes de 27 e 29 anos, são 10 anos de recebimento. O auxílio-reclusão pode durar 15 anos para dependentes de 30 a 40 anos, e 20 anos para aqueles que têm entre 41 e 43 anos. Apenas a partir de 44 anos, o benefício é vitalício.Segundo a Fundação Nacional do Índio (Funai), há hoje no Brasil 556 terras indígenas homologadas ou em processo de demarcação, que somam 1,171 milhões de km2. Esta área representa 13,8% dos 8,5 milhões de km2 do território brasileiro. Trata-se de uma extensão bem menor do que a área destinada para a agropecuária no Brasil, de 3,5 milhões de km2, o que representa 41% das terras brasileiras. Os dados são do Censo Agropecuário 2017, realizado pelo IBGE.Segundo o Instituto Socioambiental (ISA), a maioria das terras indígenas está em áreas de preservação. No território da Amazônia Legal estão 59% delas e, na região de Mata Atlântica, 30%. O cálculo do ISA inclui também as terras em fase de identificação. "	1
11	"## Análise e Resumo do Texto ""Aos Fatos: Um Ano de Desafios e Conquistas no Combate à Desinformação""  O texto apresenta um panorama do trabalho da agência de checagem de fatos ""Aos Fatos"" nos últimos anos, destacando seus sucessos, desafios e planos futuros.  A seguir, um resumo detalhado, dividido em seções:  **1. Introdução e Contexto:**  *   O texto celebra um ano de trabalho da agência, reconhecendo a importância do combate à desinformação, especialmente no contexto político polarizado do Brasil. *   Aos Fatos se posiciona como um produtor de conteúdo de excelência, dedicado a verificar informações e combater a disseminação de notícias falsas.  **2. Iniciativas e Conquistas (2017-2018):**  *   **Parcerias Estratégicas:**     *   Facebook Journalism Project: Desenvolvimento de inteligência artificial (chatbot Fátima).     *   Facebook: Verificação de conteúdo marcado por usuários como potencialmente falso (projeto com 26 veículos em 10+ países).     *   UOL: Checagem do discurso de candidatos às eleições de 2018.     *   Nova Escola: Projeto ""Mentira na educação"" com checagens sobre políticas públicas educacionais. *   **Desenvolvimento de Ferramentas:**     *   @fatimabot (Twitter): Distribuição de checagens para perfis que compartilham conteúdo falso.     *   Manual ilustrado em HQ (""Fábio Fato não dá mole para notícias falsas"") traduzido para diversos idiomas. *   **Impacto e Alcance:**     *   Checagem sobre a vereadora Marielle Franco gerou mais de 1 milhão de acessos ao site.     *   Investigação sobre consumo de notícias online em parceria com Volt Data Lab.     *   Crescimento significativo nas redes sociais (Instagram, Facebook, Twitter). *   **Reconhecimento:**     *   Certificação pela IFCN (International Fact-Checking Network).     *   Prêmio de R$ 100 mil para desenvolvimento da versão Twitter da Fátima.  **3. Desafios Enfrentados:**  *   **Resistência à Checagem:** Dificuldade em superar a polarização política e a desconfiança em relação à checagem de fatos. *   **Campanha de Ódio:** A equipe foi alvo de campanhas de ódio e perseguição nas redes sociais. *   **Volume de Desinformação:**  A quantidade de notícias falsas na internet é imensa, tornando difícil acompanhar e verificar tudo. *   **Consenso Interno:**  Dificuldade em chegar a um consenso sobre a classificação de determinadas declarações. *   **Sustentabilidade Financeira:**  Em 2017, a agência enfrentou dificuldades financeiras e esteve perto de fechar.  **4. Planos Futuros:**  *   Aprimorar o método de checagem para lidar com a complexidade da desinformação. *   Encontrar soluções para verificar o grande volume de informações falsas. *   Comunicar melhor o esforço da equipe aos leitores. *   Buscar novas parcerias para garantir a sustentabilidade financeira.  **5. Conclusão:**  O texto demonstra o compromisso de ""Aos Fatos"" em combater a desinformação, apesar dos desafios.  A agência reconhece a importância de sua missão e busca constantemente aprimorar seus métodos e ampliar seu alcance para contribuir para um ambiente informacional mais confiável.  **Pontos Chave:**  *   **Missão:** Combater a desinformação e promover a veracidade das informações. *   **Modelo de Negócio:** Reinvestimento total dos recursos em pessoal e estrutura (sem fins lucrativos). *   **Desafios:** Polarização política, volume de desinformação, sustentabilidade financeira. *   **Estratégia:** Parcerias, desenvolvimento de ferramentas, comunicação transparente.    Espero que esta análise seja útil!"	"Aos Fatos faz três anos com três novidades na mangaAos Fatos faz três anos com três novidades na mangaTwitterFacebookE-mailWhatsAppAos Fatos faz três anos com três novidades na mangaPor Tai Nalon 7 de julho de 2018, 02h00TwitterFacebookEmailWhatsAppHá três anos, Aos Fatos ia ao ar com a ambição de restabelecer o diálogo perdido entre leitores e políticos ao separar fato de ficção no discurso público. Nesse período, a equipe cresceu de dois para dez colaboradores; de zero para mais de 1.500 checagens publicadas; de zero para três principais fontes de financiamento. Entretanto, o saldo neste 7 de julho de 2018 ainda é preocupante.Como disse em junho passado o diretor da IFCN (International Fact-Checking Network), Alexios Mantzarlis, ""uma nuvem negra paira sobre nós"". A fala do diretor da entidade norte-americana que agrega checadores do mundo inteiro servia de alerta para tempos difíceis: ""o descontentamento e a desconfiança que atormentam a mídia tradicional estão atingindo os checadores"". Não só no Brasil, mas também em outros países, esta técnica jornalística que se presume isenta e plural tem sido alvo de ataques de políticos e de extremistas de ambos os lados do espectro político. A preocupação é única: anular de maneira irreversível aquela tentativa de diálogo preconizada na criação do Aos Fatos.A crescente radicalização não impediu que o número de iniciativas de checagem de fatos crescesse. Até fevereiro deste ano, de acordo com o Reporters Lab da Universidade Duke, nos Estados Unidos, havia 149 projetos de checagem ativos em 53 países - o triplo em relação há quatro anos.Grandiosos, os números são cortina de fumaça para uma atividade tanto necessária quanto pouco rentável. No mês passado, encontraram-se em Roma 42 plataformas de checagem de todos os continentes. Todavia, 26 delas operaram em 2017 com um orçamento abaixo de US$ 100 mil (cerca de R$ 386 mil). Aos Fatos é uma dessas iniciativas.A fragilidade financeira dessas plataformas não impediu que elas fossem alçadas à presunçosa função de arbitrar a verdade factual nas redes sociais. Também não foi entrave para que assumissem protagonismo político na luta contra uma das epidemias do nosso tempo histórico: a da desinformação. Assim, criou-se um problema de assimetria entre o ofício e a expectativa em torno dele.Na Europa, mesmo subfinanciados e sobrecarregados, checadores de fatos foram instados a cooperar em reuniões de alto nível para estabelecer diretrizes de combate a boatos inflados pelas redes sociais. Já no Brasil, viraram alvo do ódio de políticos cujos vencimentos anuais superam com folga os supracitados US$ 100 mil.Em vez de construir políticas públicas de ampliação do acesso à informação e à educação para a mídia, legisladores têm preferido usar seus mais de R$ 400 mil anuais para agendar reuniões, audiências e sessões que defendem a intimidação de jornalistas, a violação da liberdade de expressão e a criminalização da produção de notícias falsas. As eleições deste ano devem impor uma folga à sanha autoritária de alguns projetos de lei que tentam resolver o problema da desinformação, mas o assunto não morrerá com o fechamento das urnas.Ao completar esses intensos três anos de história, Aos Fatos prega serenidade. Esta plataforma pretende fazer sua parte e construir estratégias transformadoras para uma sociedade bem informada. Não há mistério: a ideia é aliar jornalismo, tecnologia e educação para, passadas as eleições, investir em tecnologia educacional para a mídia, por meio de publicações digitais, aplicativos, plug-ins e robôs educativos. Aos Fatos acredita que só com a tecnologia é possível municiar jovens com as melhores ferramentas de identificação de conteúdo confiável. Este site está aberto a parcerias nesse sentido.Antes de tantos planos para o futuro, porém, vamos aos fatos? O título deste texto promete três novidades em comemoração aos três anos deste site. Nesta e nas próximas três semanas, Aos Fatos deve publicar nas redes uma série de iniciativas cujo objetivo é promover transparência e ampliar o nosso alcance. Veja, abaixo, quais são elas.1. @fatimabotNa próxima semana, a @fatimabot, a robô checadora do Aos Fatos no Twitter, sairá de sua fase beta. O aplicativo mapeia na rede social links com conteúdo checado e cadastrado por Aos Fatos num banco de dados de notícias falsas ou distorcidas. Ao identificar a URL (endereço do site) desse conteúdo problemático, @fatimabot dispara uma resposta para o perfil que compartilhou a URL com o link para a informação correta: a checagem do Aos Fatos. Desse modo, todos aqueles usuários do Twitter que foram expostos a uma informação falsa também terão acesso à informação verificada.A iniciativa, mesmo em fase de teste, já tem resultados relevantes. Até este 7 de julho, em menos de um mês, @fatimabot havia detectado a distribuição de 625 links com notícias falsas. Ao menos 30 usuários deletaram o tweet com a informação falsa como resultado do alerta emitido pela robô. Há até mesmo usuários satisfeitos com o alerta.2. Manual Aos Fatos de ChecagemProduzido pela equipe de editores do Aos Fatos, o Manual Aos Fatos de Checagem é a primeira edição do nosso manual de redação e será lançado nas próximas semanas. A publicação será digital, de livre distribuição e trará dezenas de páginas explicativas com todos os procedimentos adotados pela equipe editorial do Aos Fatos ao checar uma informação. O objetivo é tornar a rotina da redação deste site mais clara para o nosso leitor mais exigente.O Manual Aos Fatos de Checagem vai abordar desde o processo de escolha de uma informação a ser checada até o tratamento editorial final. Também publicará parâmetros mais objetivos para a escolha dos selos de classificação de informações, deixará claro com quantas fontes se constrói uma checagem robusta e quais os procedimentos adotados durante uma cobertura em tempo real.3. Fátima no MessengerFátima é nosso chatbot para Messenger, fruto de uma colaboração do Aos Fatos Lab com o Facebook Journalism Project. A partir da segunda quinzena de julho, Fátima dará dicas sob demanda sobre checagem e verificação de fatos por meio do aplicativo de mensagens do Facebook. Bastará acioná-la na página do Aos Fatos na rede social ou procurar por Aos Fatos no aplicativo do Messenger para começar a conversar.Quer saber como checar uma informação em vídeo? Fátima vai poder ajudar. Quer saber identificar uma notícias falsa? Fátima vai saber orientar. Quer entender a diferença entre notícia e opinião? Fátima terá a resposta.Com essas iniciativas, Aos Fatos acredita estar na vanguarda do combate à desinformação nas redes sociais ao mesmo tempo em que presta contas ao seu leitor mais entusiasta. O objetivo dessas experiências é, a longo prazo, tornar o consumidor de informações online mais maduro, de modo que ele tenha autonomia para saber o que é verdadeiro e o que é falso nas redes sociais e, com isso, tomar decisões bem informadas.Aos Fatos acredita também que a melhora do ambiente informativo passa por mais transparência. Precursor na tarefa de separar fato de ficção no discurso público, também é nossa função listar o que são nossos feitos, de modo que não haja suspeita ou conspiração sobre a nossa capacidade organização, nosso financiamento e nossa conduta.Fatos importam. Veja, abaixo, uma boa lista deles. OS SUCESSOS DO ÚLTIMO ANOPor meio do Aos Fatos Lab, firmamos uma parceria com o Facebook Journalism Project para desenvolver um dos braços de inteligência artificial do Aos Fatos: o chatbot Fátima.Também na seara da automação, ganhamos um prêmio de R$ 100 mil para desenvolver a versão da Fátima para o Twitter. A @fatimabot distribui checagens para todos aqueles perfis que compartilharem uma URL com conteúdo falso ou distorcido.Iniciamos uma parceria com o Facebook para verificar conteúdo marcado por usuários como potencialmente falsos. O projeto tem hoje 26 veículos envolvidos em mais de dez países com o objetivo de combater a desinformação na rede social.Renovamos nossa certificação pela IFCN (International Fact-Checking Network) após uma auditoria que reconheceu nosso compromisso com apartidarismo, transparência e correção.Em parceria com a mesma IFCN, lançamos no Dia Internacional da Checagem, em 2 de abril, um manual ilustrado em formato HQ com dicas de verificação voltadas a jovens. ""Fábio Fato não dá mole para notícias falsas"" foi traduzido para o inglês, o espanhol, o italiano, o francês e o suaíli.Com uma checagem que desmentia boatos sobre a vereadora Marielle Franco, morta em março deste ano, tivemos mais de um milhão de acessos em nosso site em apenas um fim de semana e contribuímos para diminuir a disseminação de desinformação sobre o caso.Em parceria com o Volt Data Lab, produzimos uma investigação inédita sobre consumo de notícias online. Verificamos que leitores desconfiam das informações que recebem via ferramentas como o WhatsApp, mas não checam.Por meio do Aos Fatos Lab, firmamos uma parceria com a revista Nova Escola para o projeto Mentira na educação, não!, com checagens temáticas sobre as políticas públicas educacionais no país.Seguimos de vento em popa com o UOL, nosso primeiro parceiro editorial, para checar o que os candidatos às eleições 2018 andam falando por aí.Ampliamos nossas equipes editorial e de tecnologia. Hoje somos sete jornalistas e três desenvolvedores - alguns em meio período e outros com carga horária completa. Quando foi lançado, em 7 de julho de 2015, Aos Fatos tinha apenas dois integrantes.Usamos as redes sociais como catalisadores de audiência: criamos um perfil bem sucedido no Instagram, com mais de 2,5 mil seguidores. Acumulamos desde 2015 mais de 47 mil curtidas na nossa página do Facebook e 143 mil seguidores no Twitter.Repercutimos em veículos nacionais e internacionais, sobretudo para dar dicas de checagem e comentar a crise de desinformação acentuada pelas redes sociais. OS DESAFIOS DO ÚLTIMO ANOAos Fatos considera ter alcançado entre 2017 e 2018 um número inédito de pessoas com suas checagens. No entanto, não conseguiu superar a barreira de resistência de alguns leitores à checagem de fatos como consequência da forte polarização política que se impõe no país. Por conta disso também, foi alvo de campanha de ódio e perseguição nas redes sociais.Aos Fatos se percebe um produtor de conteúdo de excelência, mas ainda não amadureceu seu método para dar conta de verificar o número incomensurável de inverdades produzidas e reproduzidas na internet - e suas nuances. Não raro, é difícil chegar a um consenso interno sobre qual selo dar a uma determinada declaração. Apesar disso, esta equipe entende a limitação dos nossos recursos editoriais e tenta encontrar soluções para eles. Acreditamos que nossos leitores não estão suficientemente cientes desse esforço cotidiano. Sabemos também que comunicar esse esforço não nos isenta de intenso escrutínio.Estivemos perto de fechar em meados do segundo semestre de 2017. Embora Aos Fatos não siga um modelo lógico de lucro, pois absolutamente todos os recursos geridos são reinvestidos em pessoal e estrutura, em setembro de 2017 este site esteve próximo de não conseguir cobrir seus próprios custos. Foi, contudo, circunstancial: a partir de outubro daquele ano, firmou novas parcerias, que permitiram que a equipe fosse ampliada e a estrutura, mantida.TwitterFacebookEmailWhatsAppLeia tambémCinco fatos sobre migraçãoNão é verdade que Moro afastou promotor do caso Queiroz e delegado que investiga morte de MarielleHomem em foto com Flávio Bolsonaro é assessor do senador, não acusado de matar Marielle]"	1
12	"Lula teria sido ""desmascarado"" pela imprensa internacional após a divulgação de que o petista mantinha uma poupança de US$ 108 milhões em Luxemburgo."	" #Verificamos: É falso que imprensa internacional denunciou poupança de US$ 108 milhões de LulaEm nota, a Procuradoria-Geral da República informou que não tem informação sobre o casoCircula pelas redes sociais a ""informação"" de que o ex-presidente Lula teria sido ""desmascarado"" pela imprensa internacional após a divulgação de que o petista mantinha uma poupança de US$ 108 milhões em Luxemburgo. Por meio do projeto de verificação de notícias, usuários do Facebook solicitaram que esse material fosse analisado. Confira a seguir o trabalho de verificação da Lupa:""Imprensa internacional desmascara Lula e divulga poupança de U$ 108 milhões em Luxemburgo, caiu a casa de vez""Publicação que, até as 18h do dia 14 de janeiro de 2019, tinha cerca de 1,5 mil compartilhamentos (aqui, aqui, aqui e aqui) no FacebookFALSONão há reportagens publicadas na ""imprensa internacional"" sobre uma suposta poupança do ex-presidente Lula em Luxemburgo no valor de US$ 108 milhões. O próprio conteúdo compartilhado em redes sociais não se refere a nenhuma publicação em específico para embasar a suposta ""denúncia"".Segundo a Procuradoria-Geral da República, não há investigações ou denúncias sobre uma suposta poupança de Lula no valor de US$ 108 milhões em Luxemburgo. Em nota, a PGR indicou que fossem procuradas as procuradorias-regionais do Paraná, de São Paulo e do Distrito Federal (aqui, aqui e aqui), que também informaram não haver investigação ou denúncia sobre o fato. A Polícia Federal informou apenas que ""não comenta casos que eventualmente estejam sob investigação, mesmo que eles não existam"".Essa informação começou a ser divulgada em 2016 e reapareceu durante as eleições de 2018. Ela também foi verificada pelo site Boatos.org e pelo projeto Comprova. *Nota: esta reportagem faz parte do projeto de verificação de notícias no Facebook. Dúvidas sobre o projeto? Entre em contato direto com o Facebook.Editado por: Natália Leal"	1
13	Maria Amélia Teles matou e esquartejou militares.	"""É #FAKE que Maria Amélia Teles, presa política durante a ditadura, matou e esquartejou militares""Documentos oficiais da ditadura militar mostram que ela era responsável pela gráfica e por publicações do PCdoB. Circula nas redes sociais e no WhatsApp uma mensagem que acusa Maria Amélia Teles, presa e torturada pela ditadura militar em 1972, de matar e esquartejar militares. A mensagem apareceu após Maria Amélia participar da propaganda eleitoral do candidato à Presidência pelo PT, Fernando Haddad. Nos vídeos, ela relatou episódios de tortura que sofreu na Operação Bandeirante, em São Paulo, comandada pelo coronel, já falecido, Carlos Alberto Brilhante Ustra. Amelinha, como é conhecida, é citada no texto como ""guerrilheira muito conhecida na Guerrilha do Araguaia"" e ""presa juntamente com o marido César por ter matado e esquartejado 2 militares"". As informações são #FAKE.Não há qualquer registro de homicídios cometidos por Maria Amélia ou seu marido durante a ditadura em registros oficiais sobre seus casos. Nos documentos da Ação Penal 866/73 e na apelação ao Superior Tribunal Militar 40.912, de 1978, compilados ainda na década de 1980 pelo projeto ""Brasil: Nunca Mais"", Maria Amélia e o marido César Augusto Teles estão entre os acusados por ""agrupamento prejudicial à segurança nacional e agrupamento perigoso à segurança nacional"".""Esta indiciada militava no PCdoB e era, juntamente com seu espôso o co-indiciado Cezar Augusto Teles, responsável pelo setor de imprensa, com a tarefa de auxiliá-lo em todas as publicações. Sua residência passou a ser aparelho do Partido, onde foi apreendido vasto material subversivo"", diz o Ministério Público Militar na denúncia apresentada contra ela e outros integrantes do PCdoB em junho de 1973. ""Os documentos apreendidos em seu poder são altamente subversivos e bastariam para uma condenação"", completa o documento.Maria Amélia acabou condenada a sete meses de reclusão em março de 1975. A pena foi extinta em agosto de 1979, após a edição da Lei de Anistia. Em 2007, ela foi reconhecida como anistiada política, e seu caso é citado no relatório final da Comissão Nacional da Verdade.Mesmo o responsável por sua prisão não fez qualquer referência a possíveis homicídios. No livro ""A Verdade Sufocada"", o ex-coronel Brilhante Ustra faz referência ao processo movido contra ele por Maria Amélia Teles, César Augusto Teles, seus filhos e a cunhada. Em 2008, a família Teles conseguiu que Ustra fosse reconhecido pela Justiça como torturador em uma ação que pedia indenização por danos morais.Na página 546 do livro, Ustra atribui a Maria Amélia e César Augusto Teles a responsabilidade pelo ""aparelho de imprensa"" do Partido Comunista do Brasil, incluindo uma gráfica clandestina. O coronel lembra que Maria Amélia e César Augusto foram presos quando a gráfica foi descoberta pelo regime. Ustra não faz qualquer referência, ao tratar dos dois, a outros crimes que possam ter sido cometidos por eles. "	1
14	França legalizou a pedofilia	" #Verificamos: França não aprovou lei da pedofiliaSão falsos posts, vídeos e imagens que têm mais de 2,6 mil interações no Facebook e falam de consentimento infantilCirculam na internet posts, imagens e vídeos com a ""notícia"" de que a França teria aprovado uma ""lei da pedofillia"", autorizando crianças a consentir sexo com adultos. Por meio do projeto de verificação de notícias, usuários do Facebook solicitaram que essas informações - que já somavam mais de 2,6 mil interações na rede social - fossem analisadas. Confira a seguir o trabalho da Lupa:""França aprova a lei da pedofilia""Título de postagens feitas pelos sites CatolicaConect, PoliticaeDireito, SempreQuestione, Redepress e Conexão Política, além de vídeos no Youtube e imagens no FacebookFALSOA notícia de que a França teria legalizado a pedofilia ao promulgar, em 3 de agosto deste ano, a lei 2018-703 é falsa. A chamada Lei Schiappa - por conta de Marlu00e8ne Schiappa, secretária de Estado encarregada de buscar a igualdade entre mulheres e hom"	1
15	O presidente da Venezuela, Nicolás Maduro, cumpriu o anúncio feito horas antes e fechou na noite desta quinta-feira (21) a fronteira do país com o Brasil por tempo indeterminado. Maduro fecha fronteira com o Brasil. Funcionalismo ameaça ir à Justiça caso alíquota suba.	"""Maduro manda blindados e fecha fronteira; Funcionalismo ameaça ir à Justiça contra alta de contribuição. Jornais de sexta (22)""Veja quais são as notícias de destaque nos matutinos brasileiros\n O presidente da Venezuela, Nicolás Maduro, cumpriu o anúncio feito horas antes e fechou na noite desta quinta-feira (21) a fronteira do país com o Brasil por tempo indeterminado. O Globo dá destaque ao assunto em sua manchete e afirma que Maduro decidiu fechar a fronteira para evitar o envio de ajuda humanitária pelos Estados Unidos e por países vizinhos, incluindo o Brasil.Para o presidente venezuelano, a ajuda é uma interferência externa na política do país. Após o anúncio de fechamento da fronteira, venezuelanos foram para Pacaraima (RR) em busca de mantimentos. ""Maduro fecha fronteira com o Brasil"", sublinha a manchete do Globo.O Estado de S.Paulo também dá destaque ao fechamento da fronteira e afirma que o governo brasileiro já disponibilizou um estoque de alimentos e remédios para transporte à Venezuela. A ajuda humanitária está prevista para acontecer neste sábado (23) e foi mantida mesmo após o fechamento da fronteira.O vice-presidente Hamilton Mourão afirmou que o Brasil não entrará na Venezuela ""em hipótese alguma"" e o porta-voz do presidente Jair Bolsonaro, Otávio Rêgo Barros, informou que a ação de ajuda humanitária terá como limite a faixa de fronteira entre os dois países. ""Maduro fecha fronteira; Brasil mantém ajuda humanitária"", destaca o título principal do Estadão.Em sua manchete, a Folha de S.Paulo destaca que a previsão de aumento da alíquota de contribuição previdenciária inserida na proposta de reforma da Previdência pelo governo não agradou as associações de servidores que ganham altos salários. Pelo projeto entregue pelo governo, a contribuição previdenciária pode chegar a 22% no caso de servidores com grandes remunerações.A Associação Nacional dos Magistrados da Justiça do Trabalho (Anamatra) afirmou que pode ir ao Supremo Tribunal Federal (STF) se as alíquotas se confirmarem nesses termos. Para algumas associações, a cobrança de uma alta alíquota corresponderia a um confisco.A Folha lembra que, no passado, o STF já suspendeu ato do ex-presidente Fernando Henrique Cardoso que havia determinado alíquotas maiores para servidores. ""Funcionalismo ameaça ir à Justiça caso alíquota suba"", destaca a manchete da Folha. "	-1
16	"""Senado retomou sessão para eleger presidente após ministro do STF determinar voto secreto.""Na madrugada, MDB e Solidariedade ingressaram no Supremo contra votação que, por 50 votos a 2, estabeleceu voto aberto. Às 3h45, o ministro Dias Toffoli, presidente do tribunal, declarou nulo o processo de votação da noite de sexta-feira, determino voto secreto e mandou comunicar a decisão ao senador José Maranhão (MDB-PB), a quem caberá, ""conformemente anunciado publicamente"", comandar a sessão que escolherá o presidente do Senado."	"""Senado retoma sessão para eleger  presidente após ministro do STF determinar voto secreto""Na madrugada, MDB e Solidariedade ingressaram no Supremo contra votação que, por 50 votos a 2, estabeleceu voto aberto. Ao analisar pedido, ministro Dias Toffoli decidiu anular votação. Com um atraso de 45 minutos em relação ao horário programado, o plenário do Senado retomou às 11h45 deste sábado (2), sob a presidência do senador José Maranhão (MDB-PB), a sessão destinada a escolher o novo presidente da Casa, suspensa na noite anterior.Na madrugada, o ministro Dias Toffoli determinou que a eleição será feita por meio de voto secreto, embora na véspera, por 50 votos a 2, o plenário tenha aprovado o voto aberto (conheça a decisão em detalhes mais abaixo).Antes da sessão, um grupo de parlamentares favoráveis ao voto aberto se reuniu no gabinete do senador Tasso Jereissati (PSDB-CE). Entre os presentes, além de Tasso, estavam Simone Tebet (MDB-MS), Lasier Martins (PSD-RS), Antonio Anastasia (PSDB-MG), Roberto Rocha (PSDB-MA), Major Olímpio (PSL-SP), Soraya Thronicke (PSL-MS), Davi Alcolumbre (DEM-AP), Randolfe Rodrigues (Rede-AP), Eduardo Girão (Pros-CE) e Rodrigo Cunha (PSDB-AL).O grupo estudava hipóteses de atuação, entre as quais esvaziar a sessão, cumprir as regras determinadas pelo STF apostando na união de adversários de Renan Calheiros (MDB-AL), e declaração de voto, quando chamados para votar.Quando chegou ao Senado, o senador Lasier Martins (PSD-RS), autor de um dos pedidos sobre votação aberta, afirmou que os adversários de Renan Calheiros (MDB-AL) estudavam três principais hipóteses de ação na retomada da sessão: cumprir a decisão do STF, declarar os votos durante a eleição ou abandonar a reunião, forçando um adiamento.""Uma hipótese é abandonar o plenário, uma outra é cumprir como foi determinado, porque o grupo acha aqueles que se comprometeram vão ser fiéis ao compromisso assumido, o outro é declarar o voto"", disse.Lasier lembrou que a decisão pelo voto aberto foi tomada por 50 senadores. ""O que vale mais? Cinquenta senadores ou um ministro? Um ministro que desde o começo se mostrou contra o voto aberto"", declarou.Esse grupo também avaliava a possibilidade de convergir em torno de uma única candidatura. Segundo a senadora Soraya Trhonicke, os nomes em análise eram Alvaro Dias (Pode-PR), Davi Alcolumbre (DEM-AP) e Simone Tebet (MDB-MS).Antes de entrar no plenário, Renan Calheiros, candidato à presidência do Senado, afirmou: ""Não há eleição sem voto secreto"".""O voto secreto é um pressuposto universal de qualquer eleição. Do presidente da República ao governador de Alagoas, do Corinthians ao CSA, do Supremo ao STJ, ao Ministério Público Federal"", disse. Para ele, se as eleições fossem com voto aberto, haveria ""influência deletéria da mídia, do poder econômico, do poder político e do poder judicial"".A sessão foi suspensa no final da noite de sexta (1º) após tumulto motivado pela contestação à presença de Davi Alcolumbre (DEM-AP) _ que é candidato _ na condução dos trabalhos.Enquanto presidiu a sessão, Alcolumbre colocou em votação uma questão de ordem sobre voto aberto para a eleição, aprovada por 50 votos a 2 e uma abstenção _ 28 senadores não votaram.Aliados do senador Renan Calheiros (MDB-AL) _ também candidato _ se insurgiram contra a decisão, sob o argumento de que a votação violava a Constituição e o regimento do Senado, que prevê voto secreto.Por proposta do senador Cid Gomes (PDT-CE), aprovada por votação simbólica, a sessão foi suspensa pouco depois das 22h e remarcada para a manhã deste sábado. Alcolumbre concordou em deixar a presidência da sessão desde que o resultado da votação fosse respeitado.Mas na madrugada os partidos Solidariedade e MDB ingressaram com ação no Supremo Tribunal Federal (STF) com uma ação para anular a votação conduzida por Alcolumbre e para impedir que candidatos a presidente do Senado comandassem a sessão.Às 3h45, o ministro Dias Toffoli, presidente do tribunal, declarou nulo o processo de votação da noite de sexta-feira, determinou votação secreta e mandou comunicar a decisão ao senador José Maranhão (MDB-PB), a quem caberá, ""conforme anunciado publicamente"", comandar a sessão que escolherá o presidente do Senado. A decisão foi tomada por Toffoli porque o tipo de ação apresentada é de competência do presidente do Supremo.""Estou convencido da nulidade do resultado da questão de ordem, que operou verdadeira metamorfose casuística à norma do art. 60 do RISF [Regimento Interno do Senado Federal], pois, ainda que tenha ocorrido por maioria, a superação da norma em questão, por acordo, demanda deliberação nominal da unanimidade do Plenário, o que não ocorreu naquela reunião meramente preparatória"", escreveu o ministro na decisão.Ele também apontou na decisão ""conflito de interesses"" se um candidato conduzir o processo de votação.""A conclusão lógica a que se chega é de que, por imperativo constitucional e regimental, candidato declarado à Presidência do Senado, como na espécie, não pode presidir reunião preparatória, já que interesses particulares não devem se sobrepor às finalidade republicanas das reuniões preparatórias. Há inegavelmente verdadeiro conflito de interesses"", afirmou.No último dia 9, durante o recesso de fim de ano do Judiciário, Toffoli já havia derrubado decisão do ministro Marco Aurélio Mello, que em dezembro atendeu a pedido do senador Lasier Martins (PSD-RS).O senador reivindicou ao Supremo o reconhecimento da votação aberta para presidente do Senado. No entendimento de Marco Aurélio Mello, a transparência é uma exigência para o poder público. Ao derrubar a decisão, Toffoli argumentou que a questão precisa ser analisada em julgamento no plenário do Supremo.No momento mais tenso da sessão de sexta-feira, a senadora Kátia Abreu (PDT-TO) chegou a ocupar a Mesa Diretora e tomou das mãos de Alcolumbre a pasta na qual estavam os documentos referentes à sessão.Ela disse que, se Alcolumbre podia conduzir a sessão, ela também poderia. Kátia Abreu pegou a pasta, se dirigiu às cadeiras do plenário e fez um discurso contra o senador. Depois, retornou à Mesa Diretora e sentou na cadeira ao lado da do presidente.Em outro momento da sessão, enquanto Kátia Abreu discutia com Alcolumbre, Renan Calheiros e o senador Tasso Jereissati (PSDB-CE) discutiram asperamente. Adversários políticos, eles bateram boca e quase partiram para a agressão física, contidos por outros senadores. "	-1
17	"""Proposta de nova previdência para militares aumenta tempo de serviço e alíquota de contribuição."" O Ministério da Defesa já entregou ao Ministério da Economia proposta de mudança na previdência dos militares. O governo garante que o texto estará pronto para ser enviado ao Congresso até a próxima quarta-feira (20). Para compernsar as alterações nos tempos mínimos de serviço e nas alíquotas de contribuição, o Ministério da Defesa quer reajustes e uma reestruturação da carreira."	"""Proposta de nova previdência para militares aumenta tempo de serviço e alíquota de contribuição""Prazo prometido pelo governo para enviar o projeto de lei ao Congresso termina na quarta-feira (20). Militares querem contrapartidas, como reajustes e reestruturação da carreira. O Ministério da Defesa já entregou ao Ministério da Economia proposta de mudança na previdência dos militares. O texto prevê maior tempo de serviço, aumento da alíquota de contribuição, mas também propõe contrapartidas aos militares, como reajustes e uma reestruturação da carreira.Os técnicos da equipe econômica estão calculando o impacto financeiro da proposta do Ministério da Defesa e fazendo ajustes no texto. O governo garante que o texto estará pronto para ser enviado ao Congresso até a próxima quarta-feira (20).Em fevereiro, o governo entregou ao Congresso proposta de emenda constitucional (PEC) da reforma da Previdência, com mudanças nas regras para trabalhadores do setor privado e servidores públicos. As regras para os militares ficaram de ser apresentadas pelo governo em um texto separado.A proposta de reforma da previdência dos militares prevê um aumento escalonado na alíquota de contribuição. Os atuais 7,5% subiriam um ponto percentual por ano a partir do ano que vem, chegando a 10,5% em 2022.Essa contribuição também passa a ser paga a partir do ano que vem pelos pensionistas. A lista de beneficiados do sistema de pensões fica mais restrita, só a maridos, mulheres, filhos e pais sem renda.Outra mudança é no tempo de serviço mínimo para entrar na reserva, que passa dos atuais 30 para 35 anos. Pela proposta, esta regra só vai valer para quem entrar nas forças armadas com a lei já em vigor. Quem já tem 30 anos ou mais de serviço vai se aposentar com as regras atuais. Quem já está nas forças se aposenta também pelo modelo em vigor, mas com um pedágio de 17%.Por exemplo: um militar com 10 anos de serviço, que pelas regras atuais precisaria trabalhar mais vinte anos, passaria a ter de trabalhar 23 anos, quatro meses e 24 dias.Para compensar as alterações nos tempos mínimos de serviço e nas alíquotas de contribuição, o Ministério da Defesa quer reajustes e uma reestruturação da carreira.A proposta cria mais um nível hierárquico na carreira militar, o de sargento-mor. Também prevê a edição em até 90 dias de uma política de remuneração com reajustes anuais para a categoria.Os militares querem ainda reajuste no salário de algumas patentes mais baixas e em adicionais e gratificações. Em algumas delas, o percentual adicionado ao salário mais que dobraria em relação ao valor atual. Os militares pedem também criação de um novo adicional, com valores entre cinco e quarenta e um por cento do salário, e que seria incluído no cálculo da aposentadoria.De acordo com a proposta, também ficam mantidas a integralidade do benefício e a paridade entre os salários da ativa e os valores destinados a quem está na reserva.Entre as ideias em discussão, está a redução do intervalo de tempo para o aumento da alíquota e menores reajustes nas gratificações e adicionais. Com isso, o governo quer evitar que as mudanças gerem mais custos nos próximos 10 anos. "	-1
18	Presidente viajou no domingo para a primeira visita oficial aos EUA e terá encontro com Donald Trump na terça-feira (19). Visita à CIA não estava prevista na agenda. O presidente Jair Bolsonaro fez uma visita na manhã desta segunda-feira (18) à sede da Agência Central de Inteligência dos Estados Unidos (CIA), em Washington.A agenda do presidente, divulgada pelo Palácio do Planalto, previa para esta segunda compromissos apenas à tarde: uma audiência com o ex-secretário do Tesometro dos EUA Henry Paulson, uma cerimônia de assinatura de atos e um jantar oferecido pelo Conselho Empresarial Brasil-EUA.	"""Bolsonaro visita sede da CIA em Washington na manhã desta segunda""Presidente viajou no domingo para a primeira visita oficial aos EUA e terá encontro com Donald Trump na terça-feira (19). Visita à CIA não estava prevista na agenda. O presidente Jair Bolsonaro fez uma visita na manhã desta segunda-feira (18) à sede da Agência Central de Inteligência dos Estados Unidos (CIA), em Washington.O compromisso não estava previsto na agenda do presidente, que chegou na tarde de domingo à capital norte-americana para sua primeira visita oficial aos Estados Unidos. Ele terá um encontro na terça-feira (19) com o presidente norte-americano Donald Trump.O ministro da Justiça, Sérgio Moro, que faz parte da comitiva brasileira, acompanhou Bolsonaro na visita à CIA.A agenda do presidente, divulgada pelo Palácio do Planalto, previa para esta segunda compromissos apenas à tarde: uma audiência com o ex-secretário do Tesouro dos EUA Henry Paulson, uma cerimônia de assinatura de atos e um jantar oferecido pelo Conselho Empresarial Brasil-EUA.Acompanhado de sete ministros, entre os quais Paulo Guedes (Economia) e Sérgio Moro (Justiça e Segurança Pública), Bolsonaro viajou no domingo (17) para Washington.O presidente chegou à capital dos EUA à tarde e participou de um jantar na residência do embaixador brasileiro, Sérgio Amaral, com ministros e intelectuais de direita norte-americanos e brasileiros.Bolsonaro fez um discurso no jantar. O presidente disse que era uma ""alegria e satisfação"" visitar o país e que deseja ter um Brasil ""grande"", a exemplo dos planos de Trump para os EUA.Bolsonaro também declarou que o Brasil ""não é um terreno"" no qual pretende ""construir coisas para o nosso povo"".""Nós temos que descontruir muita coisa, desfazer muita coisa para, depois, começarmos a fazer"", disse, sem especificar o que pretende desconstruir. "	-1
19	O presidente Jair Bolsonaro postou um vídeo com conteúdo pornográfico em sua conta no Twitter nesta terça-feira (5). É isto que tem virado muitos blocos de rua no carnaval brasileiro. Twitter não comenta o caso, mas diz que eventuais violações às políticas da rede social estão sujeitas às medidas cabíveis.	"""\nBolsonaro posta vídeo com pornografia, e conteúdo tem acesso restringido ""Imagens mostram homem dançando em cima de ponto de táxi com o dedo no ânus. É isto que tem virado muitos blocos de rua no carnaval brasileiro, diz presidente. Post passou a ter alerta de conteúdo sensível. Twitter não comenta o caso, mas diz que eventuais violações às políticas da rede social estão sujeitas às medidas cabíveis O presidente Jair Bolsonaro postou um vídeo com conteúdo pornográfico em sua conta no Twitter nesta terça-feira (5). A cena mostra dois homens dançando sobre um ponto de táxi em um bloco de rua no carnaval paulistano. Um deles coloca o dedo no ânus e se abaixa para o outro urinar nele. Posteriormente, a visualização do vídeo foi restringida, com alerta de conteúdo sensível, mas segue disponível. A conta de Bolsonaro tem 3,45 milhões de seguidores.O presidente tuitou: ""Não me sinto confortável em mostrar, mas temos que expor a verdade para a população ter conhecimento e sempre tomar suas prioridades. É isto que tem virado muitos blocos de rua no carnaval brasileiro. Comentem e tirem suas conslusões (sic)"". A polêmica cena foi gravada no desfile do Blocu, em São Paulo, na segunda-feira (4).Inicialmente, o vídeo era exibido automaticamente a quem acessasse a conta. Foi só algumas horas depois que a sequência passou a ter a visualização restrita: em vez do vídeo, a rede social exibe um alerta de que a mídia pode conter material sensível. A sequência, desde então, só é exibida caso o usuário clique em ""ver"".A postagem foi criticada tanto por apoiadores como por críticos de Bolsonaro, que usa o Twitter intensamente para anunciar medidas do governo e se comunicar com a população.O Palácio do Planalto foi procurado, mas não se manifestou até as 9h30.O G1 também procurou o Twitter, para saber se a visualização foi restringida por Bolsonaro ou pela própria rede social. A companhia disse que não faz comentários sobre contas específicas, mas informou ter regras sobre os conteúdos permitidos na plataforma e que ""eventuais violações estão sujeitas a medidas cabíveis.""As regras do Twitter impedem a publicação de conteúdo adulto em vídeos ao vivo, em imagens de capa ou de perfil. Nos demais casos _ como vídeos gravados ou fotos _, as mídias devem ser marcadas com a opção ""sensível"".Quando isso não é feito, outros usuários podem denunciar. A rede social, então, inclui o alerta de conteúdo sensível. Além disso, se o Twitter considerar o conteúdo inapropriado, o autor do post pode ser notificado, com exigência de remoção do conteúdo e até bloqueio a conta. "	-1
20	A Câmara dos Deputados aprovou nesta terça-feira (12) um projeto que determina a apreensão de armas de agressores de mulheres.A proposta inclui a apreensão na Lei Maria da Penha como medida protetiva de urgência, a ser determinada pelo juiz em até 48 horas após o pedido da vítima.São medidas que buscam evitar que ainda mais mulheres se torne vítimas fatais de violência doméstica.	"""Câmara aprova projeto que prevê apreensão de armas de agressores de mulheres""Texto altera Lei Maria da Penha e estabelece apreensão em até 48h como medida protetiva de urgência. Proposta segue para o Senado. A Câmara dos Deputados aprovou nesta terça-feira (12) um projeto que determina a apreensão de armas de agressores de mulheres.A proposta inclui a apreensão na Lei Maria da Penha como medida protetiva de urgência, a ser determinada pelo juiz em até 48 horas após o pedido da vítima.O projeto também determina que a polícia deve, no registro de ocorrência, identificar se o agressor tem posse e porte de arma. E enviar a informação à Justiça.Houve acordo entre os partidos para que o texto não fosse alterado e pudesse ser imediatamente votado nesta terça-feira.O autor do projeto é o deputado Alessandro Molon (PSB-RJ). Na justificativa da proposta, o deputado afirmou que a intenção do texto é prevenir o feminicídio.""São medidas que buscam evitar que ainda mais mulheres se tornem vítimas fatais de violência doméstica"", afirmou o deputado. "	-1
21	O ministro Luiz Edson Fachin, do Supremo Tribunal Federal (STF), enviou à primeira instância da Justiça duas denúncias apresentadas pela Procuradoria Geral da República (PGR) contra o ex-presidente Michel Temer. Mais cedo, o ministro Luís Roberto Barroso remeteu outra denúncia contra o ex-presidente para a primeira instância da Justiça: a do caso conhecido como inquérito dos portos, no qual ele foi acusado pela Procuradoria Geral da República de integrar um suposto esquema para favorecer empresas com a edição de um decreto sobre o setor portuário. Temer perdeu direito ao foro ao deixar Planalto. Nos três casos, Temer negou envolvimento em irregulidades.	"""Após Barroso mandar uma, Fachin envia à 1ª instância outras duas denúncias da PGR contra Temer""Ex-presidente foi denunciado por corrupção passiva, obstrução de Justiça e organização criminosa; ele sempre negou irregularidades. Temer perdeu direito ao foro ao deixar Planalto. O ministro Luiz Edson Fachin, do Supremo Tribunal Federal (STF), enviou à primeira instância da Justiça duas denúncias apresentadas pela Procuradoria Geral da República (PGR) contra o ex-presidente Michel Temer. As decisões foram tomadas por Fachin na última sexta-feira (1º) e divulgadas nesta segunda (4).Mais cedo, o ministro Luís Roberto Barroso remeteu outra denúncia contra o ex-presidente para a primeira instância da Justiça: a do caso conhecido como inquérito dos portos, no qual ele foi acusado pela Procuradoria Geral da República de integrar um suposto esquema para favorecer empresas com a edição de um decreto sobre o setor portuário. Temer sempre negou a acusação.Os dois ministros enviaram as denúncias para a primeira instância porque desde que deixou de ser presidente, em 1º de janeiro, Temer perdeu o direito ao chamado foro privilegiado, pelo qual tinha a prerrogativa de responder a processo somente no Supremo Tribunal Federal.Na sexta-feira (1º), Fachin também remeteu à justiça Eleitoral um inquérito em que Temer é investigado por envolvimento no suposto repasse ilícito pela Odebrecht a políticos do MDB.Ainda como presidente da República, Temer foi denunciado pela Procuradoria Geral da RepúblicaNos dois primeiros casos, o Supremo só poderia analisar as denúncias se a Câmara dos Deputados autorizasse. Mas a maioria dos deputados, nas duas denúncias, rejeitou o prosseguimento dos processos. Com isso, os processos ficaram parados até o fim do mandato de Temer, em 31 de dezembro.No terceiro, a denúncia não foi analisada pela Câmara porque a denúncia foi apresentada em data próxima do fim do mandato e não havia tempo para os deputados analisarem.Caso da mala - O ex-presidente foi denunciado por corrupção passiva no caso da mala com R$ 500 mil recebida da JBS por Rodrigo Rocha Loures, ex-assessor de Temer.Caso do MDB - Temer também foi acusado pelo Ministério Público de ser o líder de uma quadrilha do MDB que fraudava estatais; também foi denunciado por obstrução à Justiça por supostamente ter tentado comprar o silêncio do ex-deputado Eduardo Cunha (MDB-RJ).Caso dos portos - O ex-presidente foi denunciado pelos crimes de corrupção passiva e lavagem de dinheiro por integrar um suposto esquema para favorecer empresas específicas na edição de um decreto sobre o setor portuário.Nos três casos, Temer negou envolvimento em irregularidades. Em pronunciamentos à imprensa, sempre disse não estar envolvido com os fatos narrados pela acusação. "	-1
22	O presidente Jair Bolsonaro começou a ser operado na manhã desta segunda-feira (28) no Hospital Albert Einstein, em São Paulo. Agora, quatro meses depois, a bolsa de colostomia será retirada. De acordo com o Palácio do Planalto, o vice-presidente Hamilton Mourão vai assumir a presidência por 48 horas, após a cirurgia de Bolsonaro, mas o presidente vai reassumir o cargo e despachar de dentro do hospital.	"""Médicos podem optar entre dois procedimentos na cirurgia de Bolsonaro nesta segunda-feira""Primeira opção após retirar bolsa de colostomia é religar o intestino grosso. A segunda é retirar parte ligada à bolsa e ligar a outra ponta diretamente ao intestino delgado. O presidente Jair Bolsonaro começou a ser operado na manhã desta segunda-feira (28) no Hospital Albert Einstein, em São Paulo. Agora, quatro meses depois, a bolsa de colostomia será retirada. A assessoria de imprensa da Presidência da República informou que o procedimento começou às 6h30.Os médicos devem religar o intestino de Bolsonaro. Para isso, será preciso abrir o abdômen do presidente pela terceira vez. Essa cirurgia é considerada mais simples do que as anteriores porque, agora, não há emergência. O quadro é estável e o estado de saúde do presidente é bom.O Fantástico preparou uma arte especial para mostrar como deverá ser a cirurgia desta segunda-feira (veja vídeo acima).Dois procedimentos podem ser usados.Uma opção é unir as duas pontas do intestino grosso. A fixação pode ser feita com sutura - agulha e linha cirúrgicas - ou com um grampeador cirúrgico.Mas, se o cirurgião avaliar que a parte do intestino grosso ligada à bolsa foi muito afetada pelas operações anteriores e pela colostomia, ele pode decidir retirar esse pedaço - que mede de 15 a 20 centímetros.Nesse caso, a ponta que está isolada será diretamente ligada ao intestino delgado, que têm mais irrigação sanguínea do que o intestino grosso. Quanto mais sangue circulando, mais fácil e rápida é a cicatrização.Esse segundo procedimento é o mais provável, porque ajuda a prevenir complicações futuras.Jair Bolsonaro sofreu um atentado, no dia 6 de setembro, quando fazia campanha no centro Juiz de Fora. Ele levou uma facada na barriga. A expressão de dor anunciava a gravidade do ferimento.Bolsonaro foi levado de carro para a Santa Casa de Misericórdia. O trajeto levou dez minutos. A rapidez para chegar ao hospital foi fundamental para salvar a vida do então candidato. Os médicos fizeram uma primeira avaliação e descobriram uma grande hemorragia interna.No momento da facada, a lâmina - que media vinte centímetros - atingiu ramos da artéria e da veia mesentéricas. Bolsonaro perdeu muito sangue, que se espalhou entre os órgãos e ficou contido no abdômen.A pressão sanguínea de Bolsonaro caiu a níveis muito perigosos e ele teve que ser estabilizado. Recebeu quatro bolsas de sangue.Havia pouco tempo para agir. Os médicos abriram o abdômen numa cirurgia de emergência. Eles descobriram que a faca provocou três perfurações no intestino delgado. Elas foram limpas e fechadas.No intestino grosso, o dano foi maior. A lâmina atravessou de um lado ao outro e provocou vazamento de fezes. Foi preciso limpar todo o abdômen e retirar a parte atingida, que media dez centímetros. Uma extremidade do intestino grosso foi isolada. A outra foi ligada à bolsa de colostomia, que Bolsonaro usa desde então.No dia seguinte, ele foi transferido para o Hospital Albert Einstein, em São Paulo. E, cinco dias depois, precisou passar por mais uma cirurgia.Um bloqueio numa das alças do intestino delgado impediu a passagem do suco entérico, que vem do estômago. O líquido começou a se acumular e a pressionar o intestino delgado de dentro para fora, até romper os pontos de um dos cortes. Uma pequena quantidade do suco entérico vazou.O cirurgião conseguiu desbloquear a alça do intestino e liberar a passagem do líquido para normalizar o fluxo. Refez os pontos e limpou o local novamente.Os outros cortes também foram checados e as suturas estavam em ordem.Bolsonaro teve alta no dia 29 de setembro, 23 dias depois do atentado.Bolsonaro publicou um vídeo em seu perfil no Twitter na tarde deste domingo. O vídeo foi gravado no quarto do hospital com o presidente usando a roupa de paciente. ""Bem, hoje, domingo, voamos de manhã para SP, estou aqui em SP no Albert Einstein, onde amanhã a partir das 7h eu devo ser submetido a cirurgia de retirada da bolsa de colostomia. Deve durar por volta de 3 horas, mas se Deus quiser correrá tudo muito bem. Muito obrigado a todos vocês, mais uma vez. E obrigado também pelas orações. O Brasil é nosso"", disse Bolsonaro no vídeo.De acordo com o Palácio do Planalto, o vice-presidente Hamilton Mourão vai assumir a presidência por 48 horas, após a cirurgia de Bolsonaro, mas o presidente vai reassumir o cargo e despachar de dentro do hospital.Foi montado um escritório no mesmo andar onde Bolsonaro está internado para que ele possa receber ministro de estado. "	-1
23	"""O juiz Luiz Antônio Bonat assume a Operação Lava Jato no Paraná."" ""Ele se encarrega dos processos da Lava Jato na 1ª instância a partir desta quarta-feira (6)."" ""Bona ocupar a vaga de Sérgio Moro, que assumiu como ministro da Justiça no governo de Jair Bolsonaro."" ""Bona é considerado por colegas como um juiz de perfil discreto."""	"""Juiz Luiz Antônio Bonat assume a Operação Lava Jato no Paraná""Ele se encarrega dos processos da Lava Jato na 1ª instância a partir desta quarta-feira (6).  O juiz Luiz Antônio Bonat assume, nesta quarta-feira (6), os processos em 1ª instância da Operação Lava Jato no Paraná.Bonat ocupa a vaga de Sérgio Moro, que assumiu como ministro da Justiça no governo de Jair Bolsonaro. A juíza Gabriela Hardt, que estava comandando as ações penais desde a saída de Moro, volta a ser substituta.A primeira audiência conduzida por Bonat na Lava Jato será nesta quinta-feira (7). Na nova função, ele deve julgar, pelo menos, 40 ações penais da operação.Ao ficar na 13ª Vara da Justiça Federal do Paraná, onde tramitam os processos da Lava Jato, Bonat deixa a 21ª Vara Federal, também em Curitiba _ especializada em casos da área previdenciária.Bonat tem 64 anos e ingressou na magistratura em 1993. Ele trabalhou como servidor da Justiça antes de receber a toga.Nascido na capital paranaense, ele se formou em direito em 1979, na Faculdade de Direito de Curitiba. O juiz tem especialização em Direito Público pela Universidade Federal do Paraná (UFPR).Um ano antes de se formar, ele começou a trabalhar como servidor da Justiça, passando pelas funções de auxiliar, técnico judiciário e diretor de secretaria.Há 25 anos, Bonat assumia a 1ª Vara Federal de Foz do Iguaçu, no oeste do Paraná. Ele também atuou na 3ª Vara Criminal Federal de Curitiba e na 1ª Vara Federal de Criciúma (SC).O juiz já trabalhou no Tribunal Regional Federal da 4ª Região (TRF-4) em vários momentos da carreira em substituição a desembargadores.Ele é coautor do livro ""Importação e Exportação no Direito Brasileiro"", que tem como tema os crimes relacionados com o comércio exterior.Em um vídeo institucional, Bonat chegou a classificar a Justiça Federal como parte da família. Ele é considerado por colegas como um juiz de perfil discreto.Durante grande parte da carreira, Bonat julgou processos envolvendo matéria criminal.Vinte e cinco candidatos se inscreveram para assumir a vaga deixada por Sérgio Moro. Bonat era o mais antigo entre os candidatos.Apenas juízes da 4ª Região, que abrange do Sul do país, podiam participar da seleção. O nome de Bonat passou por julgamento pelo Conselho de Administração do TRF-4.Veja mais notícias do estado no G1 Paraná. "	-1
24	Um dos principais coordenadores da campanha de Bolsonaro, Gustavo Bebianno deixa o governo em meio a uma crise com o filho do presidente. O porta-voz da Presidência da República, Otávio Rêgo Barros, anunciou nesta segunda-feira (18) a demissão do ministro da Secretaria-Geral, Gustavo Bebianno (PSL). Bebianno deixa o cargo em meio a uma crise política que atinge o governo.	"""Repercussão: saiba o que políticos disseram sobre a demissão do ministro Gustavo Bebianno""Um dos principais coordenadores da campanha de Bolsonaro, Gustavo Bebianno deixa o governo em meio a uma crise com o filho do presidente.  O porta-voz da Presidência da República, Otávio Rêgo Barros, anunciou nesta segunda-feira (18) a demissão do ministro da Secretaria-Geral, Gustavo Bebianno (PSL). O substituto será o general da reserva do Exército Floriano Peixoto Neto.Bebianno deixa o cargo em meio a uma crise política que atinge o governo.Um dos principais coordenadores da campanha de Bolsonaro no ano passado, Bebianno se envolveu em uma crise com o vereador Carlos Bolsonaro (PSC-RJ), filho do presidente.Além disso, há pouco mais de uma semana, o jornal ""Folha de S.Paulo"" informou que o PSL, quando Bebianno presidia o partido, repassou R$ 400 mil a uma candidata a deputada federal de Pernambuco. Segundo o jornal, o repasse foi feito quatro dias antes das eleições, e ela recebeu 274 votos.Bebianno nega irregularidades, afirmando que não foi o responsável por escolher as candidatas que receberam dinheiro do partido. Isso porque, segundo ele, a decisão coube aos diretórios locais.Saiba o que políticos disseram sobre a demissão de Gustavo Bebianno: "	-1
25	"""Líderes partidários da Câmara fecharam um acordo na noite desta segunda-feira (11) no qual condicionaram a votação da reforma da Previdência na Comissão de Constituição e Justiça (CCJ) da Casa à entrega, por parte do governo federal, da proposta que irá sugerir mudanças na aposentadoria de militares.A reforma dos militares tem que estar junto com a reforma dos demais servidores. Está combinado entre todos os líderes de que, quando a proposta dos militares chegar, aí pode ser votada a admissibilidade do pacote da Previdência."""	"""CCJ só votará Previdência após governo enviar proposta sobre militares, dizem líderes""Decisão anunciada na noite desta segunda (11) foi tomada em reunião de líderes realizada na residência oficial de Rodrigo Maia (DEM-RJ). Líder do partido de Jair Bolsonaro avalizou acordo. Líderes partidários da Câmara fecharam um acordo na noite desta segunda-feira (11) no qual condicionaram a votação da reforma da Previdência na Comissão de Constituição e Justiça (CCJ) da Casa à entrega, por parte do governo federal, da proposta que irá sugerir mudanças na aposentadoria de militares.A decisão foi tomada em uma reunião realizada no início da noite na residência oficial do presidente da Câmara, Rodrigo Maia (DEM). O acordo foi confirmado à imprensa pelo líder da oposição, Alessandro Molon (PSB-RJ), e pelos líderes das bancadas de PPS e PMN.Líder na Câmara do PSL _ partido do presidente Jair Bolsonaro _, o deputado Delegado Waldir (GO) também avalizou o acordo. O parlamentar goiano defendeu tratamento igualitário entre os setores civis e militares.""A reforma dos militares tem que estar junto com a reforma dos demais servidores. O PSL não é diferente dos demais partidos. Nós queremos mostrar ao cidadão que todos estão estão sendo tratados de forma igualitária e todos terão seu sacrifício"", disse Delegado Waldir ao final da reunião na casa de Rodrigo Maia.""Está combinado entre todos os líderes de que, quando a proposta dos militares chegar, aí pode ser votada a admissibilidade do pacote da Previdência. Então, começa a se debater, a CCJ funcionando, mas só vota a admissibilidade quando chegar a proposta pros militares"", complementou o líder do PPS, Daniel Coelho (PE).A CCJ é a primeira etapa de tramitação da reforma da Previdência na Câmara. O colegiado será o responsável por analisar a chamada admissibilidade da Proposta de Emenda à Constituição (PEC), ou seja, se o texto está de acordo com a Constituição e as leis do país.Uma vez aprovada na comissão, a proposta de mudanças nas regras previdenciárias seguirá para uma comissão especial, que vai ser criada exclusivamente para apreciar o conteúdo do texto.Está programada para quarta-feira (13) a instalação da nova composição da Comissão de Constituição e Justiça da Câmara. A instalação é marcada pela eleição do presidente e dos três vice-presidentes do colegiado.A instalação da CCJ está atrasada em razão da pressão dos líderes partidários para que o governo Jair Bolsonaro apresente suas propostas de mudança nas regras de aposentadoria dos integrantes das Forças Armadas. Até mesmo parlamentares de partidos alinhados com o Palácio do Planalto exigem que as reformas previdenciárias de civis e militares tramitem simultaneamente no Legislativo.Em 20 de fevereiro, Rodrigo Maia chegou a dizer que pretendia instalar a nova composição da CCJ na semana anterior ao Carnaval. Dias depois, advertido por líderes de que os deputados só aceitariam apreciar a PEC depois que o projeto dos militares tivesse sido apresentado pelo governo, o presidente da Câmara informou que a instalação do colegiado ficaria para depois do feriado.A indicação dos 66 integrantes titulares da Comissão de Constituição e Justiça teve início nesta segunda-feira, a dois da instalação do colegiado.Os primeiros partidos a apresentar a lista com os nomes de seus representantes na principal comissão da Câmara foram PSDB, PPS, Novo, PR e PRB.Os nomes dos indicados, informou a Secretaria-Geral da Mesa Diretora, devem ser encaminhados até esta terça (12) para a direção da CCJ.O bloco formado pelo PSL tem 11 partidos e vai ter maioria na comissão: 39 deputados. Já o bloco formado pelo PT e mais três partidos de oposição vai ter 12 vagas no colegiado.Por acordo, o PSL indicou para a presidência da CCJ o deputado de primeiro mandato Felipe Francischini (PSL-PR), filho do delegado aposentado da Polícia Federal (PF) e deputado estadual do Paraná Fernando Francischini (PSL).Líderes de partidos aliados vão indicar para Comissão de Constituição e Justiça deputados que apoiam a reforma da Previdência. E elogiaram a decisão de Bolsonaro de começar a receber indicações para cargos de segundo e terceiro escalões.Esse acerto, feito numa reunião entre Bolsonaro e o presidente da Câmara no último sábado, ajudaria a quebrar resistências e a estimular a formação de uma base. A líder do governo no Congresso, deputada Joice Hasselmann (PSL-SP), disse que serão publicadas na edição desta terça (12) do ""Diário Oficial da União"" nomeações de aliados do Palácio do Planalto.""Atende o processo de articulação política, que é saudável, que é bem-vinda. Esse é o princípio do próximo Diário Oficial. Ou de uma informação que vai tá no Diário Oficial. Vai ter uma composição do que serão os vice-líderes no Congresso Nacional e essas vice-lideranças não serão pessoas figurativas"", declarou Joice.Muitos deputados avaliam que, após sofrer muitas críticas por falta de diálogo com a base, o presidente da República começa a se aproximar e a negociar com as bancadas aliadas. Além de indicar nomes, os partidos que apoiam Bolsonaro querem ver as nomeações no ""Diário Oficial"".""Não é toma lá, dá cá. É a necessidade que nós temos de entregar obras nos estados, de entregar aquilo que todos os governos fizeram com o parlamento"", defendeu o líder do PRB, deputado Jhonatan de Jesus (RR). "	-1
26	O presidente Jair Bolsonaro deu posse nesta quinta-feira (28) ao economista Roberto Campos Neto como presidente do Banco Central. Campos Neto substituirá Ilan Goldfajn, presidente da instituição durante o governo do ex-presidente Michel Temer. Campos Neto teve a indicação para presidir o BC aprovada na terça-feira (26) pela Comissão de Assuntos Econômicos (CAE) do Senado e pelo plenário da Casa. O economista trabalhou no Banco Bozano Simonsen de 1996 a 1999, onde ocupou os cargos de Operador de Derivativos de Juros e Câmbio (1996), Operador de Dívida Externa (1997), Operador da área de Bolsa de Valores (1998) e Executivo da Área de Renda Fixa Internacional (1999).	"""Bolsonaro dá posse a Roberto Campos Neto, novo presidente do Banco Central\n""Assinatura do termo de posse ocorreu no Palácio do Planalto. Economista, Campos Neto teve a indicação aprovada na terça-feira pelo Senado.\n O presidente Jair Bolsonaro deu posse nesta quinta-feira (28) ao economista Roberto Campos Neto como presidente do Banco Central. O cargo tem status de ministro.A assinatura do termo de posse ocorreu em cerimônia no Palácio do Planalto foi fechada à imprensa.Campos Neto substituirá Ilan Goldfajn, presidente da instituição durante o governo do ex-presidente Michel Temer. Segundo o BC, a transmissão do cargo será realizada depois do feriado de Carnaval.Campos Neto teve a indicação para presidir o BC aprovada na terça-feira (26) pela Comissão de Assuntos Econômicos (CAE) do Senado e pelo plenário da Casa. A indicação foi aprovada em plenário com 55 votos favoráveis, 6 contrários e uma abstenção.Antes da aprovação, o economista foi sabatinado por senadores. Na oportunidade, ele defendeu a redução do tamanho do Estado brasileiro, a autonomia do Banco Central e avaliou que o sistema bancário do país não é mais ""concentrado"" do que em outras economias desenvolvidas.O Banco Central tem, entre suas atribuições, a responsabilidade de fiscalizar e autorizar o funcionamento de instituições financeiras; estabelecer as condições para o exercício de quaisquer cargos de direção nas instituições financeiras; e vigiar a interferência de outras empresas nos mercados financeiros e de capitais.Outra atribuição do BC é cuidar da política cambial, por meio de intervenções no mercado.Próximo ao ministro da Economia, Paulo Guedes, Roberto Campos Neto foi indicado para a presidência do Banco Central em novembro do ano passado, após a vitória de Bolsonaro na eleição presidencial.Campos Neto participou da posse de Bolsonaro e das reuniões com ministros do conselho de governo, realizadas no Planalto, porém ainda aguardava ter o nome aprovado pelo Senado.O novo presidente do BC é neto do economista Roberto Campos, expoente do pensamento liberal no Brasil e ministro no governo Castelo Branco, o primeiro dos cinco presidentes da ditadura militar.Campos Neto é formado em Economia pela Universidade da Califórnia, com especialização em Economia com ênfase em Finanças, pela Universidade da Califórnia, em Los Angeles.O economista trabalhou no Banco Bozano Simonsen de 1996 a 1999, onde ocupou os cargos de Operador de Derivativos de Juros e Câmbio (1996), Operador de Dívida Externa (1997), Operador da área de Bolsa de Valores (1998) e Executivo da Área de Renda Fixa Internacional (1999).De 2000 a 2003, Campos Neto, segundo o perfil que consta no site do Santander, trabalhou como Chefe da área de Renda Fixa Internacional no Santander Brasil.Em 2004, ocupou a posição de Gerente de Carteiras na Claritas. Ingressou no Santander Brasil em 2005 como Operador e em 2006 foi Chefe do Setor de Trading. Em 2010, passou a ser responsável pela área de Proprietária de Tesouraria e Formador de Mercado Regional &amp; Internacional. "	-1
27	"Governo busca ampliar apoio a reformas. Após vitória, governo busca ampliar apoio a reformas. Para o político estrategista, debater temas como o projeto Escola sem Partido _ ou seja, a paute de costumes do novo governo _ poderá criar ""um ambiente de guerra"" no plenário, inviabilizando discussões que são mais urgentas."	"""Governo busca apoio para reformas; Maia diz que agenda de costumes atrasará Previdência. Jornais de segunda (4)""Veja quais são as notícias de destaque nos matutinos brasileiros Em sua manchete, O Globo informa que a equipe do presidente Jair Bolsonaro se prepara para colocar em prática uma articulação mais eficiente no Congresso para ajudar na aprovação de reformas de interesse do governo. Apesar de a vitória de Rodrigo Maia (DEM-RJ) na presidência da Câmara e de Davi Alcolumbre (DEM-AP) na presidência do Senado serem consideradas vitórias para o governo, a equipe sabe que precisa de uma articulação mais eficiente para garantir as reformas.Segundo o matutino carioca, aliados de Rodrigo Maia já pensam em estratégias para aumentar seu poder de barganha com o governo e tentam esvaziar o poder do deputado Major Vitor Hugo (PSL-GO), escolhido por Bolsonaro para ser líder na Câmara. ""Após vitória, governo busca ampliar apoio a reformas"", mostra a manchete do Globo.O Estado de S.Paulo mostra que o Brasil vai abrir mão de R$ 54 bilhões de arrecadação do INSS em 2019 por causa das isenções concedidas a micro e pequenas empresas, entidades filantrópicas e exportadoras agrícolas. De acordo com o matutino, em 2018 as isenções custaram R$ 46,3 bilhões aos cofres públicos, equivalente a um quarto do rombo da Previdência.O Estadão lembra que, em 2017, o deputado Arthur Oliveira Maia, relator da reforma da Previdência, afirmou que tiraria esses benefícios na proposta da reforma. No entanto, o texto foi enviado sem citar as isenções. ""Isenções vão fazer INSS abrir mão de R$ 54 bi no ano"", sublinha o título principal do Estadão.A Folha de S.Paulo destaca que o ministro do Turismo, Marcelo Álvaro Antônio, patrocinou candidaturas laranjas em Minas Gerais em 2018 e direcionou verbas públicas de campanha para empresas ligadas ao seu gabinete na Câmara. O matutino explica que o comando do PSL repassou R$ 279 mil a quatro candidatas que, juntas, tiveram pouco mais de 2 mil votos.A Folha enfatiza que o baixo número de votos indica que as candidaturas foram de fachada e afirma que pelo menos R$ 85 mil dos R$ 279 mil foram repassados a empresas ligadas ao ministro de Bolsonaro. Questionado, o ministro nega irregularidades na distribuição das verbas. ""Ministro deu verbas públicas para candidatura de laranjas"", revela a manchete da Folha.Em entrevista ao matutino paulista, o presidente da Câmara, Rodrigo Maia, relativizou diferenças com o Executivo, e explicou que a reforma da Previdência não pode dar errado sob pena de haver uma ruptura definitiva da política.Para o político estrategista, debater temas como o projeto Escola sem Partido _ ou seja, a paute de costumes do novo governo _ poderá criar ""um ambiente de guerra"" no plenário, inviabilizando discussões que são mais urgentes. "	-1
28	A dívida pública federal em títulos, que inclui os débitos no Brasil e no exterior, teve redução de 1,77% em janeiro e chegou ao patamar de R$ 3,808 trilhões. A dívida pública é a emitida pelo Tesouro para financiar o déficit orçamentário do governo federal. A redução em janeiro ocorreu porque o resgate de títulos públicos superou as emissões de novos papéis em R$ 85,99 bilhões.	"""Dívida pública cai 1,77% em janeiro e vai a R$ 3,808 trilhões\n""Resgates de títulos superou a emissão de novos papéis em R$ 85,9 bilhões. Dívida pública é emitida pelo governo para financiar despesas que extrapolam a arrecadação.  A dívida pública federal em títulos, que inclui os débitos no Brasil e no exterior, teve redução de 1,77% em janeiro e chegou ao patamar de R$ 3,808 trilhões, informou a Secretaria do Tesouro Nacional nesta terça-feira (26).A dívida pública é a emitida pelo Tesouro para financiar o déficit orçamentário do governo federal. Isso significa que a dívida se refere a despesas que ficam acima da arrecadação com impostos e tributos.A redução em janeiro ocorreu porque o resgate de títulos públicos superou as emissões de novos papéis em R$ 85,99 bilhões. Por outro lado, houve R$ 17,45 bilhões em despesas com juros.A dívida pública federal fechou o ano de 2018 em R$ 3,877 trilhões, maior patamar da série histórica, iniciada em 2004.Quando os pagamentos e recebimentos são realizados em Real, a dívida é chamada de interna. Quando tais operações ocorrem em moeda estrangeira (dólar, normalmente), é classificada como externa.Os números do Tesouro Nacional também revelam que a participação dos investidores estrangeiros na dívida pública interna registrou aumento em janeiro.No mês passado, os não residentes detinham 11,80% da dívida total, o equivalente a R$ 433,12 bilhões. Em dezembro, esse índice era de 11,22% (R$ 418,41 bilhões).Com isso, os estrangeiros seguem na quarta colocação de principais detentores da dívida pública interna, atrás de: "	-1
29	"""Toffoli suspende liminar que travava tramitação de processo sobre Mantega."" Na decisão, Toffoli concordou com manifestação feita pela Procuradoria-Geral da República (PGR) em outubro de 2018 e declara a ""perda do objeto"" de reclamação feita pelos advogados de Mantega. Com a decisão desfavorável ao ex-ministro, uma liminar do próprio Toffoli que mantinha o caso suspenso desde setembro de 2018 perdeu os efeitos e a ação deve voltar a tramitar normalmente em Curitiba."	"""Toffoli suspende liminar que travava tramitação de processo sobre Mantega"" Uma decisão apresentada na quarta-feira (27) pelo ministro Dias Toffoli, do Supremo Tribunal Federal (STF), destravou um processo suspenso há mais de 5 meses envolvendo o ex-ministro da Fazenda Guido Mantega e a suposta edição de medidas provisórias para beneficiar empresas do grupo Odebrecht.Na decisão, Toffoli concorda com manifestação feita pela Procuradoria-Geral da República (PGR) em outubro de 2018 e declara a ""perda do objeto"" de reclamação feita pelos advogados de Mantega.Com a decisão desfavorável ao ex-ministro, uma liminar do próprio Toffoli que mantinha o caso suspenso desde setembro de 2018 perdeu os efeitos e a ação deve voltar a tramitar normalmente em Curitiba.O processo em questão é sobre Mantega, outros 10 suspeitos e teve início em agosto de 2018, quando o então juiz federal Sérgio Moro recebeu denúncia feita pelo Ministério Público Federal (MPF).Segundo o MPF, Guido Mantega teria pedido propina de R$ 50 milhões para a construtora Odebrecht em troca da edição de medidas provisórias, além de ter aprovado o uso do dinheiro para custear despesas da campanha presidencial de 2014.Em reclamação protocolada pela defesa de Mantega, os advogados argumentaram que o processo contra o ex-ministro deveria ser enviado para a Justiça Eleitoral.A defesa explicou que os termos de depoimento prestados por João Cerqueira de Santana Filho, Mônica Regina Cunha Moura e André Luís Reis de Santana foram enviados à Justiça Eleitoral e pediu que a ação contra Mantega tivesse o mesmo destino.Em setembro de 2018, após uma análise preliminar, Toffoli concedeu liminar favorável aos advogados e suspendeu o processo em relação a Mantega, ao casal João Santana e Mônica Moura e ao funcionário do casal, André Santana.Ao suspender o processo, Toffoli afirmou que o juízo do Paraná tentou ""burlar"" o entendimento do Supremo de que doações eleitorais são crimes julgados pela Justiça Eleitoral.Em seguida, no mês de outubro, a juíza eleitoral Mônica Iannini Malgueiro determinou o arquivamento do caso em relação aos crimes eleitorais e o encaminhamento do processo sobre os demais crimes para a primeira instância federal, ou seja, para a Vara de Curitiba.Ao citar a decisão da Justiça Eleitoral, a PGR pediu que Toffoli determinasse a ""perda do objeto"" da reclamação da defesa de Mantega e revogação da liminar que suspendia o andamento do processo em Curitiba.Na ocasião, a PGR ressaltou que o caso merecia urgência pois Guido Mantega completa 70 anos em abril deste ano e, com a idade, terá em seu favor prazos prescricionais mais curtos.""É importante informar, todavia, que, em 7 abril de 2019, Guido Mantega completa 70 anos de idade, o que fará incidir, em relação a ele, a causa de redução de pena prevista no art. 115 do Código Penal. Ou seja: em breve, Guido Mantega terá em seu favor prazos prescricionais mais curtos"", argumentou a PGR. "	-1
