	Model Answer	news	label
0	Padre e fiéis da Catedral de Campinas simulando revólveres com os dedos.	" #Verificamos: Foto de padre e fiéis fazendo sinal de arma com dedos não tem relação com Catedral de CampinasArquidiocese da cidade confirmou que desconhece o sacerdote e a origem da imagem que viralizouCircula nas redes sociais uma foto que supostamente mostra um padre e um grupo de fiéis da Catedral de Campinas simulando revólveres com as pontas dos dedos. No dia 11 de dezembro, um homem armado disparou contra diversas pessoas na citada catedral e, em seguida, se suicidou no local. Por meio do projeto de verificação de notícias, usuários do Facebook solicitaram que a conexão entre a imagem e o atentado de Campinas fosse analisado. Confira a seguir o trabalho de verificação da Lupa:""Uma bela foto feita pelo padre e paroquianos da Catedral de Campinas (SP)""Imagem publicada no Facebook (aqui e aqui) e que, até as 14h40 do dia 13 de dezembro de 2018, já tinha sido compartilhada mais de 6,5 mil vezes no FacebookFALSOA foto analisada pela Lupa não foi tirada na Catedral de Campinas, onde um homem atirou contra fiéis e acabou matando seis pessoas na última terça-feira (11). Os estilos arquitetônicos dos dois espaços são completamente diferentes. Veja imagem a seguir:Além disso, o padre que aparece na imagem acima não é da cidade de Campinas. Em sua página oficial no Facebook, a Pastoral de Comunicação da Arquidiocese publicou duas notas (aqui e aqui) explicando que não sabe a origem da foto que circula nas redes sociais e acrescentando que desconhece os padres nela retratados. ""A Igreja é e sempre foi a favor da vida, por isso, reiteramos e solicitamos as pessoas que não compartilhem essa publicação"".O padre que rezava a missa quando o atentado aconteceu se chama Amauri Ribeiro Thomazzi. Ele gravou um vídeo sobre o ocorrido e, nele, é possível ver, pela fisionomia, que não se trata do mesmo padre da foto postada no Facebook.*Nota: esta reportagem faz parte do projeto de verificação de notícias no Facebook. Dúvidas sobre o projeto? Entre em contato direto com o Facebook.Editado por: Cristina Tardáguila"	1
1	"""Funcionária do Datafolha e Ibope afirma que pesquisas mostravam Bolsonaro com 70% dos votos e que as questões são enviesadas para favorecer o candidato."""	"""Fraudes apontadas por suposta funcionária de Ibope e Datafolha são falsas  ""São falsas as afirmações de uma mulher que se apresenta como Conceição Duarte, engenheira e pastora, em vídeo que... São falsas as afirmações de uma mulher que se apresenta como Conceição Duarte, engenheira e pastora, em vídeo que circula por redes sociais com acusações contra os institutos de pesquisa. Ela diz trabalhar para o Datafolha e o Ibope e que os resultados dos levantamentos são fraudados. A mulher afirma que a mesma pesquisa era feita por telefone ""há um mês e meio"", nas suas palavras, e que o resultado apontava o candidato do PSL, Jair Bolsonaro, com ""cerca de 70% dos votos"".Todas as acusações feitas por ela são falsas. Em nenhuma das pesquisas divulgadas por Ibope e Datafolha neste ano o candidato do PSL chegou a 70% das intenções de voto. Os levantamentos realizados pelos dois institutos são feitos presencialmente. No Ibope, o pesquisador visita a casa do entrevistado. No Datafolha, a pesquisa é feita em pontos de fluxo.A mulher do vídeo também afirma que as questões dos institutos de pesquisa são feitas de forma enviesada. Segundo ela, na pesquisa estimulada, quando são apresentados os nomes dos candidatos ao entrevistado, o nome de Jair Bolsonaro aparece por último, o que não é verdade. Tanto Ibope como Datafolha oferecem opções de resposta em um disco, em que o nome de cada presidenciável aparece em uma ""fatia"". Desta forma, diminui uma possível influência que o ordenamento dos nomes dos candidatos poderia exercer sobre a resposta.A pergunta sobre rejeição também é feita de forma diferente do que descreve Conceição. Conforme os questionários dos últimos levantamentos Ibope e Datafolha registrados no TSE (Tribunal Superior Eleitoral), o pesquisador pergunta ""em qual desses nomes você não votaria de jeito nenhum"". Em seguida, o funcionário do instituto mostra mais uma vez o disco com os nomes dos presidenciáveis.O Ibope ainda apresenta aos entrevistados uma pergunta exclusiva sobre o apoio do ex-presidente Luiz Inácio Lula da Silva ao candidato à Presidência do PT, Fernando Haddad. Porém, mais uma vez, a questão não é feita da forma descrita no vídeo viral. Segundo documento registrado no TSE, o pesquisador fala ""O candidato do PT, Lula, foi impedido de disputar a eleição para presidente da República. Considerando que Lula declarou seu apoio a Fernando Haddad, o(a) sr(a) com certeza votaria em Fernando Haddad, poderia votar nele ou não votaria em Fernando Haddad de jeito nenhum?""Ibope e Datafolha negaram que Conceição Duarte trabalhe ou tenha trabalhado em qualquer nos institutos. O Datafolha comunicou ainda que a empresa não utiliza nenhum funcionário terceirizado, como Conceição alega ser. Todos os pesquisadores que vão a campo são treinados pelo próprio instituto de pesquisa, segundo o Datafolha.O Comprova não conseguiu localizar a mulher do vídeo nem confirmar sua identidade.Até a tarde desta terça-feira (2), uma das versões do vídeo no YouTube tinha 726 mil visualizações. Segundo a ferramenta CrowdTangle, a gravação teve 18,3 mil compartilhamentos no Facebook.O vídeo enganoso foi verificado pela ""Folha de S.Paulo"", pelo ""Estadão"", pela ""BandNews FM"" e pela ""Gazeta Online"", além do UOL, do ""Poder360"" e do jornal ""O Povo"", todos integrantes do projeto Comprova. "	1
2	O governo Temer cortou recursos do programa Bolsa Família.	"Ao lado de Lula, Renan distorce dados sobre cortes no Bolsa FamíliaAo lado de Lula, Renan distorce dados sobre cortes no Bolsa FamíliaTwitterFacebookE-mailWhatsAppAo lado de Lula, Renan distorce dados sobre cortes no Bolsa FamíliaPor Luiz Fernando Menezes 23 de agosto de 2017, 19h25TwitterFacebookEmailWhatsAppO ex-presidente Luiz Inácio Lula da Silva, que está fazendo uma caravana pelo Nordeste, foi recebido pelo senador Renan Calheiros (PMDB) e pelo governador do Alagoas, Renan Filho (PMDB), quando passou pelo estado na última terça-feira (22).Enquanto Renan Filho apenas elogiou o ex-presidente, Renan subiu ao palanque do petista para atacar o governo do presidente Michel Temer e suas reformas. Durante o discurso, falou do programa Bolsa Família - e Aos Fatos checou suas declarações.EXAGERADO[Lula,] O governo do senhor é do povo, para o povo, diferentemente do governo de agora, com o qual não podemos concordar, que tem um deficit, um buraco, um rombo de R$ 139 bilhões e vai elevar para R$ 159 bilhões, enquanto corta recurso do programa Bolsa Família.O governo federal de fato reviu o deficit fiscal para 2017: de R$ 139 bilhões previstos na Lei de Diretrizes Orçamentárias, irá para R$ 159 bilhões. Entretanto, conforme Aos Fatos apurou, isso não teve impacto verificável nas contas do Bolsa Família até agosto deste ano, apesar dos cortes promovidos pelo Palácio do Planalto no número de beneficiários.De acordo com dados dos Relatórios de Informações Sociais e da Matriz de Informação Social do Ministério do Desenvolvimento Social e Agrário, mesmo com a crise econômica, os investimentos federais no Bolsa Família não sofreram cortes. Em 2016, a totalidade dos gastos ficou em R$ 28,5 bilhões. Até os dados de agosto de 2017, o governo tinha repassado R$ 19,2 bilhões - valor proporcional ao gasto no ano passado para o período.Além disso, no ano passado, tanto o governo Dilma Rousseff quanto o governo Temer autorizaram reajustes nos vencimentos do programa.É fato, entretanto, que houve cortes no número de beneficiários. Até 2016, havia 13.569.576 famílias recebendo mensalidades do Bolsa Família. Já em agosto de 2017, o governo computa 13.495.513 famílias. Isso acontece porque 828 mil famílias foram retiradas do programa entre os meses de junho e o de julho.A explicação do governo para esses cortes é que, com a crise econômica, era necessário fazer um ""pente-fino"" nos cadastros para descobrir eventuais irregularidades e cancelar benefícios de pessoas que não deveriam estar recebendo o benefício. Se a família estivesse com o cadastro desatualizado, ela teria que corrigir as pendências ou seria cortada do programa. Ou seja, o governo alega que os cortes em questão foram desligamentos voluntários ou cancelamentos por conta de inconsistência cadastral.Ao analisar os dados de 2008 a 2017, percebemos também que o número de famílias contempladas pelo benefício vem diminuindo desde 2013 (14,08 milhões), caindo em 2014 (14 milhões), em 2015 (13,93 milhões), em 2016 (13,56 milhões) e chegando ao número de agosto de 2017 (13,49 milhões).Os números não se associam com a elevação da pobreza no Brasil. De acordo com os dados do IBGE, por mais que a quantidade de pessoas pobres tenha diminuído desde 2004 (22,4%) a 2014 (8,7%), os índices voltaram a subir em 2015 (10%) e em 2016 (11,2%), segundo pesquisa da FGV.EXAGERADOAlagoas era um dos mais expressivos nesse programa e perdeu 21 mil famílias. Se multiplicarmos por três, são mais de 60 mil pessoas diretamente beneficiadas.Ainda de acordo com os dados do Ministério do Desenvolvimento Social e Agrário, 18.365 famílias alagoanas tiveram seus benefícios cortados nos sete primeiro meses deste ano - e não 21 mil, como afirma o senador. Em relação aos valores, o Estado recebeu R$ 854 milhões para o Bolsa Família em 2016 e, até julho de 2017, foram repassados R$ 509 milhões.Se levarmos em conta o mês de agosto, então, o cenário muda: de 376 mil famílias, foi para 395 mil e mais R$ 73 milhões foram repassados ao Estado, totalizando R$ 582 milhões.Além disso, Renan também cometeu um equívoco ao propor uma multiplicação por três para estimar quantas pessoas não estavam sendo beneficiadas. A média brasileira, na última atualização do Censo do IBGE, de 2010, era de 1,77 filho por família. Alagoas, que era um dos Estados com a maior média de filhos por família em 2010 (2,22 filhos), só vai chegar nesse número em 2020. Renan, portanto, deveria ter multiplicado por quatro para ter um resultado mais próximo da realidade alagoana.TwitterFacebookEmailWhatsAppLeia tambémCinco fatos sobre migraçãoNão é verdade que Moro afastou promotor do caso Queiroz e delegado que investiga morte de MarielleHomem em foto com Flávio Bolsonaro é assessor do senador, não acusado de matar Marielle]"	1
3	Lula realmente foi o primeiro ex-presidente a ser condenado criminalmente pela Justiça.	"O que dizem os fatos e os políticos que comentaram a condenação de LulaO que dizem os fatos e os políticos que comentaram a condenação de LulaTwitterFacebookE-mailWhatsAppO que dizem os fatos e os políticos que comentaram a condenação de LulaPor Luiz Fernando Menezes 14 de julho de 2017, 17h40TwitterFacebookEmailWhatsAppLogo após a condenação do ex-presidente Luiz Inácio Lula da Silva pelo juiz Sérgio Moro nesta quarta-feira (12), muitos políticos, principalmente os cotados para as eleições presidenciais do ano que vem, se posicionaram nas redes sociais.Para o prefeito de São Paulo, João Doria (PSDB), a sentença significa que ""o maior cara de pau do Brasil foi condenado"". Jair Bolsonaro (PSC-RJ) parabenizou Sérgio Moro ""pelo trabalho maravilhoso"" que a equipe vêm fazendo em prol de um Brasil melhor. Já a ex-senadora Marina Silva (Rede) apenas disse que ""ninguém é grande demais, poderoso demais, importante demais para estar acima da lei"". Ciro Gomes (PDT) também comentou a condenação e afirmou que, apesar de também acreditar que ninguém está ""imune ao alcance da Justiça"", não há provas cabais de corrupção.Aos Fatos checou as publicações nos perfis de alguns dos deputados e senadores mais influentes nas redes sociais. Quanto à condenação, já checamos as declarações feitas pelo PT, pela defesa e pelo próprio Lula.VERDADEIRONunca antes na história desse país um ex-presidente foi condenado criminalmente. - deputado federal Eduardo Bolsonaro (PSC-SP)Lula realmente foi o primeiro ex-presidente a ser condenado criminalmente pela Justiça, como afirma Eduardo Bolsonaro em uma declaração em seu perfil no Twitter. Apesar de Dilma Rousseff também ter sido condenada por crime de responsabilidade, de acordo com a a lei 1.079/1950, sua sentença foi dada pelo plenário do Senado, não pela Justiça. A condenação da ex-presidente implicou na perda de seu mandato e poderia tê-la tornado inelegível a qualquer cargo público por oito anos. Por decisão do Supremo Tribunal Federal durante a votação do impeachment no Senado, no entanto, Dilma não perdeu os direitos políticos.Já Michel Temer foi o primeiro presidente em mandato acusado de corrupção. A denúncia foi feita pelo procurador-geral da República, Rodrigo Janot, no dia 26 de junho. O presidente aguarda a Câmara decidir se dará prosseguimento à acusação.Porém, se Lula vier a ser condenado em segunda instância, ele não será o primeiro ex-presidente preso. Hermes da Fonseca ficou meses na prisão em 1922 por envolvimento na revolta tenentista. Washington Luís e Artur Bernardes também foram encarcerados por apoiar revoltosos constitucionalistas no governo de Getúlio Vargas. Nenhum deles foi condenado.FALSOAtenção: além de condenar Lula, Moro proibiu o ex-presidente de exercer cargos públicos por 18 anos! - Movimento Brasil LivreApesar de ter sido condenado pelo juiz Sérgio Moro, o ex-presidente Lula não perdeu seus direitos políticos e ainda pode se candidatar a cargos públicos, inclusive à Presidência da República. A declaração que afirmava o contrário foi publicada no perfil do Twitter do MBL (Movimento Brasil Livre).Com a condenação, Lula agora deve ser julgado em segunda instância pelos desembargadores do Tribunal Regional Federal da 4ª Região. Uma condenação nessa instância enquadraria Lula na Lei da Ficha Limpa, o que o tornaria inelegível. Portanto, o ex-presidente só perde os direitos políticos se a condenação for mantida pelos desembargadores.Além disso, se a pena de nove anos e seis meses for mantida, Lula se tornará inelegível pelo dobro do tempo de acordo com a lei 9.613/1998, o que totalizaria 19 anos, não 18.EXAGERADOCom sua sentença cínica, Moro colabora com a mídia e arruma assunto para que a reforma trabalhista e Temer desapareçam do noticiário. - senador Lindbergh Farias (PT-RJ)Ao contrário do que afirma o senador em sua conta no Twitter, a denúncia de corrupção contra o presidente Michel Temer e notícias a respeito da aprovação da reforma trabalhista não desapareceram do noticiário. Na página princial do site da Folha, por exemplo, cerca de 24 horas depois da condenação de Lula, na última quinta-feira (13), a manchete explicitava a manobra do governo para derrubar parecer favorável à denúncia contra Michel Temer sob a vinheta ""Governo Encurralado"". Na lateral, ocupando também posição de destaque, está a notícia de que Temer sancionou a reforma trabalhista, que altera a CLT.É apenas mais embaixo, em segundo plano, que vem a informação de que o presidente do Tribunal Regional Federal afirma que o caso de Lula será julgado antes da eleição.No Estadão, a disposição das notícias era semelhante na tarde de quinta-feira. Na manchete estava o parecer favorável à denúncia derrotado na CCJ e, em segundo plano, a notícia sobre Lula.A condenação de Lula pode ter ocupado posição de grande destaque do ponto de vista editorial, mas ela de forma alguma fez com que Temer ou a reforma trabalhista desaparecessem do noticiário. A afirmação é, portanto, exagerada.É verdade ainda que ambos os jornais defenderam, em editorial, mudanças na reforma trabalhista. O Estadão diz que ""a aprovação da reforma trabalhista é um alento para o país"" e dá espaço para a defesa do mandato de Temer em sua editoria de opinião. A Folha também considerou positivos avanços na tramitação do projeto no Legislativo no início deste mês. O jornal, entretanto, tem publicado editoriais críticos a Temer, como o de 28 de junho, em que relembra ter pedido a renúncia tanto de Dilma quanto de Temer no ano passado. IMPRECISO[Moro condenou] quem tirou o Brasil do Mapa da Fome e foi reconhecido pelos líderes mundiais. - senador Renan Calheiros (PMDB-AL)Em declaração publicada em sua conta no Twitter, o senador se refere ao ano de 2014, quando a ONU (Organização das Nações Unidas) divulgou que o Brasil tinha apenas 1,7% da sua população (3,4 milhões) com um consumo diário abaixo de 2,2 mil calorias e, com isso, havia conseguido sair do Mapa da Fome. Dilma Rousseff era a então presidente do Brasil.Segundo a FAO (Organização das Nações Unidas para a Alimentação e a Agricultura), o resultado só foi possível graças a ""um conjunto de ações de políticas de segurança alimentar e nutricional com transferência condicional de renda"".Uma dessas políticas, por exemplo, é o Bolsa Família, criado durante o governo Lula e que unificou, aperfeiçoou e deu escala a alguns programas sociais originários também no governo Fernando Henrique Cardoso: o Bolsa Escola, o Bolsa Alimentação, o Auxílio-Gás e o Cadastramento Único do Governo Federal.Porém, há discordâncias sobre quando o Brasil efetivamente foi retirado do Mapa da Fome: em 2014, a FAO adotou uma nova metodologia que passou a considerar a alimentação fora de casa na radiografia da segurança alimentar do país. De acordo com o Ministério do Desenvolvimento, se essa metodologia tivesse sido adotada antes, o Brasil teria passado a pertencer à lista de países que superaram a fome em 2006. Ou seja, no governo Lula mesmo.É importante ressaltar, no entanto, que o Brasil pode voltar a fazer parte do Mapa da Fome, de acordo com novo relatório da ONU, devido aos cortes nos Programas de Aquisição de Alimentos da Agricultura Familiar e na exclusão de famílias do Bolsa Família.TwitterFacebookEmailWhatsAppLeia tambémCinco fatos sobre migraçãoNão é verdade que Moro afastou promotor do caso Queiroz e delegado que investiga morte de MarielleHomem em foto com Flávio Bolsonaro é assessor do senador, não acusado de matar Marielle]"	1
4	Lula é eleito pela revista inglesa The Economist como o maior ladrão do mundo	" #Verificamos: É falsa capa da The Economist que coloca Lula como político mais corrupto do mundoRevista britânica jamais fez o levantamento indicado na publicação que circula em redes sociaisCircula em redes sociais a imagem de uma capa da revista britânica The Economist que coloca o ex-presidente Luiz Inácio Lula da Silva (PT) como o político mais corrupto do mundo. Por meio do projeto de verificação de notícias, usuários do Facebook solicitaram que esse material fosse analisado. Confira a seguir o trabalho de verificação da Lupa:""Lula é eleito pela revista inglesa The Economist como o maior ladrão do mundo""Trecho de legenda de post que, até as 16h30 do dia 26 de abril de 2019, tinha sido compartilhado mais de 1,1 mil vezes no FacebookFALSOA capa da revista é falsa. A The Economist nunca publicou uma primeira página acusando Lula de ser o político mais corrupto do mundo. A imagem exibida nas redes sociais é uma montagem, que circula desde 2017. No site da publicação estão reunidas todas as reportagens publicadas sobre o ex-presidente brasileiro. Não há entre os textos qualquer matéria que coloque Lula como o líder em um ranking de corrupção do planeta.A edição de 20 de agosto de 2017, que aparece no post, jamais existiu. A revista publicada na data mais próxima, em 19 de agosto de 2017, traz uma charge com o presidente dos Estados Unidos, Donald Trump, falando em um megafone que também é um chapéu da organização racista Ku Klux Klan.Uma checagem semelhante foi feita pelos sites Estadão Verifica, Boatos.org, UOL Confere e E-farsas.Nota: esta reportagem faz parte do projeto de verificação de notícias no Facebook. Dúvidas sobre o projeto? Entre em contato direto com o Facebook.Editado por: Natália Leal"	1
5	"Donald Trump posando com uma camiseta branca em que se lê ""Bolsanaro"" e o número ""17""."	" #Verificamos: É falsa foto de Trump com camiseta pró-BolsonaroNa imagem original, americano posa com camiseta da seleção de futebol dos EUA, mostra o ChequeadoPor Lucía Martinez, jornalista do Chequeado.comA página de Facebook Jair Bolsonaro 2018, a Última Esperança da Nação, seguida por mais de 850 mil pessoas, compartilhou uma foto do presidente dos Estados Unidos, Donald Trump, posando com uma camiseta branca em que supostamente se lê ""Bolsonaro"" e o número ""17"". O ""17"" é o número de urna do candidato do PSL à Presidência da República. Por meio do projeto de verificação de notícias, usuários do Facebook solicitaram que essa foto fosse analisada. Confira a seguir o trabalho de verificação da plataforma de checagem argentina Chequeado, que, neste domingo (28), trabalha em regime de plantão junto com a Lupa: ""Trump mostra camiseta pró-Bolsonaro""Imagem que até às 16h do dia 28 de outubro de 2018 já tinha quase 30 mil compartilhamentos no FacebookFALSOO conteúdo analisado pelo Chequeado também foi reproduzido por outras páginas no Facebook e é falso. A imagem foi editada para indicar um apoio explícito do presidente americano ao candidato do PSL. Até às 16h do dia 28 de outubro de 2018, o post já tinha sido compartilhado quase 30 mil e recebido mais de 16 mil reações.A imagem original foi registrada em agosto, quando o presidente da Fifa, Gianni Infantino, visitou a Casa Branca. O motivo da visita foi a escolha dos Estados Unidos como sede da Copa de 2026, junto com o Canadá e o México.Infantino presenteou Trump com uma camiseta branca da seleção americana de futebol, com o número 45 às costas (porque Trump é o 45° presidente da história americana) e outra azul, com o número 26, em referência ao ano em que ocorrerá o Mundial em que os três países da América do Norte organizarão o evento em conjunto.Além das camisetas, Infantino levou outros objetos relacionados ao futebol. Trump aproveitou a oportunidade e mostrou um cartão vermelho ao repórteres que acompanhavam a visita do presidente da FIFA.Neste sábado e domingo a equipe da Agência Lupa se uniu a outras cinco agências de checagens de notícias no Brasil para checar as mensagens de conteúdo suspeito nesta reta final das eleições. A ideia de juntar forças é para ganhar mais agilidade e aumentar o alcance das checagens. A parceria reúne o Fato ou Fake, Projeto Comprova, Lupa, Boatos.org, E-Farsas e Aos Fatos.*Nota: esta reportagem faz parte do projeto de verificação de notícias no Facebook. Dúvidas sobre o projeto? Entre em contato direto com o Facebook.**Tradução Natália LealEditado por: Cristina Tardáguila"	1
6	Dilma Rousseff aparece em foto ao lado de Fidel Castro em 1959.	" #Verificamos: Dilma não aparece em foto de 1959 ao lado de Fidel CastroImagem foi montada a partir de registro jornalístico feito quando a ex-presidente tinha 11 anosCircula na internet uma foto em que Fidel Castro aparece sorrindo ao lado de uma mulher de cabelos escuros e óculos e que, segundo as redes sociais, seria a ex-presidente Dilma Rousseff. Por meio do projeto de verificação de notícias, usuários do Facebook solicitaram que essa informação fosse analisada. Confira a seguir o trabalho de verificação da Lupa:""Dilma e Fidel Castro (papo antigo!)""Texto que acompanha imagem que, até as 17h do dia 12 de outubro de 2018, tinha mais de 1,2 mil compartilhamentos no FacebookFALSOA foto analisada pela Lupa é uma montagem feita a partir de registro de John Duprey para o jornal ""NY Daily News"", em 1959. Naquele ano, Castro foi aos Estados Unidos no mês de abril para celebrar o resultado da revolução cubana. Dilma, por sua vez, tinha 11 anos. Ela nasceu em dezembro de 1947. A reportagem não conseguiu localizar nem identificar a mulher loira presente na imagem real.Verificação semelhante foi feita anteriormente pelo UOL Confere.*Nota: esta reportagem faz parte do projeto de verificação de notícias no Facebook. Dúvidas sobre o projeto? Entre em contato direto com o Facebook.Editado por: Clara Becker e Chico Marés"	1
7	Vereadores, deputados, governadores, senadores não pagam imposto de renda! Nem contribuem com a previdência!	"É falso que políticos não pagam IR nem contribuem para a PrevidênciaÉ falso que políticos não pagam IR nem contribuem para a PrevidênciaTwitterFacebookE-mail<a href=""#"" data-text=*É falso que políticos não pagam IR nem contribuem para a Previdência*https://aosfatos.org/noticias/e-falso-que-politicos-nao-pagam-IR-nem-contribuem-para-a-previdencia/Não é verdade que vereadores, deputados, governadores e senadores não pagam Imposto de Renda nem contribuem para a Previdência Social. Hoje, o IR desses políticos é descontado em folha de pagamento e eles também repassam parte dos salários em contribuições ao INSS, ao PSSC (Plano de Seguridade Social dos Congressistas) ou a regimes previdenciários próprios.No Facebook, a desinformação foi publicada em um post neste domingo (24) que já conta com mais de 21 mil compartilhamentos. Esta e outras publicações com o conteúdo enganoso foram marcados por Aos Fatos com o selo FALSO na ferramenta de verificação da rede social (entenda como funciona).FALSO_""Você sabia que vereadores, deputados, governadores, senadores não pagam imposto de renda! Nem contribuem com a previdência!""_Não há qualquer isenção prevista para políticos na Instrução Normativa 1500/2014 da Receita Federal, que dispõe sobre as normas gerais de tributação relativas ao Imposto de Renda. Vereadores, deputados, governadores e senadores têm o IR descontado diretamente na folha de pagamentos (os dados da Câmara e do Senado, por exemplo, podem ser verificados aqui e aqui, respectivamente). Auxílios e indenizações, como os de alimentação e transporte, são isentos de tributação.Já em relação à Previdência, deputados e senadores podem optar por contribuir com o PSSC (Plano de Seguridade Social dos Congressistas), de participação facultativa, ou com o INSS, obrigatório em caso de não adesão ao primeiro. O PSSC, regido pela Lei 9.506/97, determina uma contribuição de 11% do subsídio e prevê benefícios como pensão por morte do segurado e aposentadoria com salário integral.Os vereadores e governadores também são obrigados a contribuir com o INSS, desde que não estejam vinculados a regime próprio de previdência social. Segundo a Previdência Soc"	1
8	"""A intenção é arruinar Flávio Bolsonaro e o governo."""	"Sites desinformam ao atribuir a repórter do Estadão falsa declaraçãoSites desinformam ao atribuir a repórter do Estadão falsa declaraçãoTwitterFacebookE-mailWhatsAppSites desinformam ao atribuir a repórter do Estadão falsa declaração 10 de março de 2019, 21h55TwitterFacebookEmailWhatsAppÉ falso que a repórter do jornal O Estado de S. Paulo, Constança Rezende, afirmou que ""a intenção é arruinar Flávio Bolsonaro e o governo"". Alvo de uma notícia falsa que ganhou tração neste domingo (10), Constança é apontada de modo equivocado como a responsável por uma série de reportagens como a que apontou movimentação atípica de R$ 1,2 milhão em uma conta no nome de um ex-assessor do senador Flávio Bolsonaro (PSL-RJ) - filho mais velho do presidente Jair Bolsonaro - entre janeiro de 2016 e janeiro de 2017. Essas informações constam de documentos oficiais. Em sua conta no Twitter, o próprio presidente amplificou o factóide.A notícia falsa foi publicada originalmente pelo site Terça Livre neste domingo (10) e acumulava, quando da publicação desta reportagem, cerca de 6 mil compartilhamentos. A peça de desinformação também foi reproduzida pelo site República de Curitiba e acumulava, até a publicação desta reportagem, quase 11.500 compartilhamentos. Além dessas, outras publicações com informações falsas foram marcadas por Aos Fatos com o selo FALSO na ferramenta de verificação do Facebook (entenda como funciona).FALSOJornalista do Estadão: ""a intenção é arruinar Flávio Bolsonaro e o governo""O site Terça Livre, publicou na tarde deste domingo (10) um texto em que falsamente atribui à repórter do Estadão Constança Rezende a seguinte declaração: ""a intenção é arruinar Flávio Bolsonaro e o governo"". Segundo o site, a declaração foi dada, conforme ""denúncia"" de um jornalista francês, em uma conversa gravada. No entanto, no material em questão, sequer há registro dessa afirmação.Em diálogo gravado, Constança não fala em ""intenção"" de arruinar o governo ou o presidente. A repórter, em vez disso, avalia que ""o caso pode comprometer"" e ""está arruinando Bolsonaro"". Constança não relaciona seu trabalho a qualquer intenção de ""arruinar"" o senador ou o governo. A gravação, que tem pausas e trechos editados, também não foi divulgada na íntegra.O Estadão publicou na noite deste domingo um desmentido. Segundo o jornal, o texto tem base na ""denúncia"" do jornalista francês Jawad Rhalib e falsamente atribui à repórter a publicação da primeira reportagem sobre as investigações do Coaf (Conselho de Controle de Atividades Financeiras) sobre a movimentação atípica de R$ 1,2 milhão nas contas do ex-assessor de Flávio Bolsonaro. O autor da primeira reportagem foi o jornalista Fábio Serapião, do mesmo jornal.Diz o site Terça Livre: ""Desde que Constança iniciou a temporada de caça aos Bolsonaro no Estadão, emissoras como a Rede Globo e jornais como Folha de São Paulo seguiram o mesmo caminho"". ""Uma enxurrada de acusações em horário nobre, capas de revistas e nas primeiras páginas de jornais colocaram a integridade moral do filho do presidente em xeque.""Constança Rezende não deu entrevista nem dialogou com o jornalista francês citado pelo Terça Livre, informou o Estadão. As frases da gravação foram retiradas de uma conversa que ela teve em 23 de janeiro com uma pessoa que se apresentou como Alex MacAllister, suposto estudante interessado em fazer um estudo comparativo entre Donald Trump e Jair Bolsonaro.Com base nas falsas informações publicadas pelo Terça Livre, outro site, o República de Curitiba, amplificou a fraude. Ambos os sites já publicaram desinformação checada por Aos Fatos seis vezes.No domingo à noite, próprio presidente publicou no Twitter o seguinte: ""Constança Rezende, do O Estado de SP diz querer arruinar a vida de Flávio Bolsonaro e buscar o Impeachment do Presidente Jair Bolsonaro. Ela é filha de Chico Otavio, profissional do O Globo. Querem derrubar o Governo, com chantagens, desinformações e vazamentos.""Outro Lado. Allan dos Santos, responsável pelo site Terça Livre, disse no Twitter que as informações que publicou eram de um blogue francês. Segundo ele , trata-se de uma ""entrevista por áudio entre a jornalista e o blogueiro"" e que ""tudo que nossa jornalista fez foi divulgar em português o que fora publicado em francês"".O blogue ao qual dos Santos se refere, na verdade, é a página de um leitor no Mediapart, jornal independente francês. O texto, intitulado ""Para onde vai a imprensa?"", foi publicado por Jawad Rhalib no dia 6 de março. Nele, Rhalib conta como montou com um de seus alunos uma ""investigação"" contra ""uma jornalista virulenta anti-Bolsonaro"" que ""revela que a real motivação por trás da cobertura negativa da mídia é a de arruinar o presidente Jair Bolsonaro e provocar sua destruição"".O texto traz uma transcrição dos áudios que, segundo o autor, deixava claro que ""Rezende declara resoluta que só escreve sobre o caso Flavio Bolsonaro para arruinar o presidente Jair Bolsonaro"" e que ela ""teme que a investigação sobre Flavio Bolsonaro nunca se concretize, porque neste caso não haveria um processo de destituição do presidente Jair Bolsonaro"". Mas, como explicado anteriormente, Constança não fala sobre uma intenção de arruinar o presidente, mas sim que o caso de Flavio ""pode"" comprometer Bolsonaro.No Twitter, o site Mediapart publicou uma nota de solidariedade à repórter do Estadão e confirmou serem falsas as informações publicadas no blog hospedado em seu site: ""o artigo é de responsabilidade do autor e o blog é independente da redação do jornal"".A notícia falsa do blog francês também foi republicada em 8 de março no The Washington Times. O jornal, fundado em 1982 pelo Reverendo Sun Myung Moon, da Igreja da Unificação, já publicou diversas textos controversos, como o que chamava o ex-presidente Barack Obama de ""primeiro presidente muçulmano da América"" e o que dizia que fumantes passivos não têm sua saúde afetada pelo cigarro. O jornal não tem relação com o Washington Post.O site República de Curitiba, contatado por Aos Fatos via email, disse que reproduziu o conteúdo do site Terça Livre e que retirou o texto do ar após terem ""verificado melhor a informação e a qualidade da gravação ser duvidosa"": ""De fato, ela não fala em intenção, no máximo demonstra uma certa empolgação com um possível resultado da investigação"".Esta checagem foi atualizada no dia 11 de março de 2019 às 10h40 para acrescentar a resposta de Allan dos Santos publicada no Twitter e também a contextualização da publicação original no Mediapart.Esta checagem foi atualizada no dia 11 de março de 2019 às 12h40 para acrescentar informações referentes ao The Washington Times.Esta checagem foi atualizada no dia 11 de março de 2019 às 14h10 para acrescentar o Outro Lado do site República de Curitiba.Esta checagem foi atualizada no dia 11 de março de 2019 às 17h32 para inclusão de informações sobre o tweet do site Mediapart.TwitterFacebookEmailWhatsAppLeia tambémCinco fatos sobre migraçãoNão é verdade que Moro afastou promotor do caso Queiroz e delegado que investiga morte de MarielleHomem em foto com Flávio Bolsonaro é assessor do senador, não acusado de matar Marielle]"	1
9	Juiz federal Sérgio Moro, responsável pela Operação Lava-Jato em Curitiba, está muito ruim de saúde.	" #Verificamos: Juiz Sérgio Moro não está muito ruim de saúdeNotícia foi publicada duas vezes por um mesmo site e compartilhada por sete páginas de Facebook em 24 horasCircula no Facebook a ""notícia"" de que o juiz federal Sérgio Moro, responsável pela Operação Lava-Jato em Curit"	1
10	Bolsonaro decreta o fim da obrigatoriedade do exame da OAB.	" #Verificamos: É falso que Bolsonaro tenha decretado o fim da obrigatoriedade do exame da OABExigência do exame é garantida por lei, e não pode ser alterada por decretoCircula nas redes sociais a notícia de que o presidente Jair Bolsonaro teria decretado o fim do exame da Ordem de Advogados do Brasil (OAB). A aprovação neste exame, atualmente, é condição obrigatória para o exercício da advocacia no país. Por meio do projeto de verificação de notícias, usuários do Facebook solicitaram que esse material fosse analisado. Confira a seguir o trabalho de verificação da Lupa:""Presidente Jair Bolsonaro assina decreto que acaba com a obrigatoriedade de bacharel em direito prestar exame [d]a OAB""Conteúdo publicado pelos sites SJNotíciasMA e A Voz das Cidades, com mais de 200 compartilhamentos no Facebook segundo a ferramenta BuzzsumoFALSOÉ falso que o presidente tenha decretado o fim do exame da OAB. Atualmente, a lei 8.906/1994 inclui a aprovação no exame da OAB como pré-condição para o exercício da advocacia. Pela legislação brasileira, decretos presidenciais, considerados atos infralegais, não podem contrariar a lei. O conteúdo analisado pela Lupa cita o decreto 9.745/2019 como fonte da ""informação"". Na realidade, este decreto apenas estabelece a ""regulação profissional"" entre as 37 áreas de competência do Ministério da Economia, ou seja, não acaba com a obrigatoriedade do exame. Em nota oficial, a OAB reiterou que a informação é falsa:""É falsa a informação de que o governo editou um decreto que acaba com a obrigatoriedade da inscrição nos quadros da OAB para o exercício da advocacia, bem como a necessidade de realização do Exame de Ordem para tal registro. Trata-se de fake news o texto que circula pelas redes sociais apontando o decreto 9.745, de 8 de abril de 2019, como instrumento disso. O referido decreto trata apenas e tão somente da aprovação da estrutura regimental e do quadro demonstrativo dos cargos em comissão e das funções de confiança do Ministério da Economia e sequer cita a OAB, o Exame de Ordem ou qualquer outro conselho profissional apontado no texto mentiroso.""Checagens semelhantes foram publicadas pelos sites Estadão Verifica e Aos Fatos. Nota: esta reportagem faz parte do projeto de verificação de notícias no Facebook. Dúvidas sobre o projeto? Entre em contato direto com o Facebook.Editado por: Chico Marés"	1
11	Janot favorece petistas nas investigações da Operação Lava Jato.	"Janot é seletivo ao denunciar políticos na Lava Jato? Cunha acha que simJanot é seletivo ao denunciar políticos na Lava Jato? Cunha acha que simTwitterFacebookE-mailWhatsAppJanot é seletivo ao denunciar políticos na Lava Jato? Cunha acha que simPor Tai Nalon 22 de junho de 2016, 17h01TwitterFacebookEmailWhatsAppO presidente da Câmara afastado, Eduardo Cunha (PMDB-RJ), insinuou nesta terça-feira (21) que o procurador-geral da República, Rodrigo Janot, favorece petistas nas investigações da Operação Lava Jato. Às vésperas de novo julgamento no Supremo Tribunal Federal, que analisará indícios de fraudes relativas a contas mantidas secretamente no exterior, ele negou ter mentido sobre seu patrimônio fora do país.Segundo Cunha, ao pedir a abertura de nova denúncia contra ele, Janot age ""com seletividade"". Aos Fatos checou, a partir da lista de todos os políticos com mandato implicados nos casos de corrupção na Petrobras, quantos são investigados, quantos são denunciados e quantos foram condenados em algum momento dos últimos dois anos de Operação Lava Jato.A reportagem verificou, por exemplo, que a maioria dos políticos envolvidos no escândalo é do PP-o que resulta em mais pepistas denunciados também. Só que Janot tem denunciado mais petistas do que peemedebistas, proporcionalmente. Hoje, há seis filiados ao PT de alguma forma implicados, contra sete do PMDB. Todavia, quanto ao número de denunciados, há empate: dois a dois. Sem contar os dois congressistas ex-PT já condenados: o ex-senador Delcídio do Amaral e o ex-deputado André Vargas. Ambos foram investigados quando ainda integravam a legenda.Veja abaixo como chegamos a essa conclusão.FALSOQuantos petistas estão denunciados? [Janot] age com seletividade e só se concentra no que lhe interessa.Conforme levantamento de Aos Fatos nas bases do Supremo Tribunal Federal e do Ministério Público Federal, há, hoje, 36 políticos com mandato sob algum grau de implicação na Operação Lava Jato. Seriam 39, se o ex-senador Delcídio do Amaral (sem partido, ex-PT), o ex-deputado Luiz Argôlo (SD-BA) e André Vargas (PT-PR) não tivessem perdido seus cargos em função das investigações. (Aos Fatos considerou apenas políticos com mandato porque só eles precisam passar obrigatoriamente por Janot para serem denunciados ao STF.)Desses 36, 11 já foram denunciados pela Procuradoria Geral da República ao STF, dentre os quais nove deputados e dois senadores. Seriam 12 parlamentares se considerássemos, novamente, Delcídio, que aguarda julgamento em liberdade condicional.Nesse grupo de denunciados com mandato, há dois petistas: a senadora Gleisi Hoffmann (PR), que é acusada de corrupção passiva e lavagem de dinheiro por supostos desvios da Petrobras para financiar sua campanha ao Senado em 2010; e o deputado federal Vander Loubet (MS), que é acusado de integrar organização criminosa em um esquema ligado ao senador Fernando Collor de Mello (PTC-AL)-outro denunciado-na BR Distribuidora, subsidiária da Petrobras.A maioria de denunciados é do PP: cinco. A sigla é, também, a que tem o maior número de políticos citados no escândalo: 32. O deputado José Otávio Germano (RS) foi acusado de ter recebido dinheiro desviado da Petrobras por meio de doações oficiais de campanha; o deputado Luiz Fernando Faria (MG) foi acusado de corrupção passiva e ocultação de bens; o deputado Mário Negromonte Jr. (BA), de corrução passiva, ocultação de bens, organização criminosa e obstrução de justiça; e o deputado Nelson Meurer (PR), de corrupção passiva e lavagem de dinheiro. Este último virou réu no Supremo nesta terça-feira (21).Do partido de Eduardo Cunha, o PMDB, há dois denunciados: o deputado Aníbal Gomes (CE), que é acusado de corrupção passiva e lavagem de dinheiro; e o próprio Cunha, que tem três denúncias contra ele no STF com acusações como corrupção e lavagem de dinheiro. Em uma dessas ações, ele já é réu. A corte decide nesta quarta-feira (22) se ele poderá virar réu numa segunda denúncia.Conforme a queixa de Cunha, Janot agiria ""com seletividade"" ao acusar envolvidos na Lava Jato. Ele insinua que o procurador-geral da República protege políticos do PT em detrimento de filiados aos demais partidos-sem especificar quais.Dentre os denunciados, há, portanto, de acordo com o que Aos Fatos checou, dois do PT e dois do PMDB-isso se a intenção de Cunha for apenas a de defender seus correligionários. O PP, nesse caso, é maioria: cinco.Dentre os investigados, que são 22, há três políticos do PT, contra cinco do PMDB. Os representantes do PP, novamente, agregam a maior parcela: 14 têm inquérito aberto contra eles. Há ainda um membro do DEM.Já que a maioria dos políticos envolvidos nos inquéritos que investigam corrupção na Petrobras é do PP, o mesmo se reflete nos desdobramentos jurídicos da Lava Jato: há mais pepistas denunciados. Não há, entretanto, nenhum político do PP condenado.Na proporção, Janot, na verdade, tem denunciado mais petistas do que peemedebistas. Há seis filiados ao PT (sete, se contar Delcídio) de alguma forma implicados no escândalo, contra sete do PMDB. No entanto, na quantidade de denunciados, há empate: dois a dois.Veja o status de cada um dos políticos com mandato implicados na Lava JatoOutros casos. Os ex-deputados André Vargas e Luiz Argôlo são os únicos condenados nesse grupo de políticos atingidos pela Lava Jato durante seus mandatos. Enquanto o primeiro foi cassado por seus pares em dezembro de 2014 na Câmara, Argôlo conseguiu se livrar da perda de mandato porque não foi julgado em plenário antes do fim de seu mandato, também em 2014. O ex-senador Delcídio do Amaral, que tem trajetória parecida, ainda não foi julgado. Ele foi cassado em abril deste ano no Senado.O senador Antonio Anastasia (PSDB-MG) e o deputado Simão Sessim (PP-RJ) tiveram seus inquéritos arquivados.TwitterFacebookEmailWhatsAppLeia tambémCinco fatos sobre migraçãoNão é verdade que Moro afastou promotor do caso Queiroz e delegado que investiga morte de MarielleHomem em foto com Flávio Bolsonaro é assessor do senador, não acusado de matar Marielle]"	1
12	Moro deixou o Brasil em escombros, diz jornal de Curitiba.	"Jornal paranaense não publicou que Moro deixou o Brasil em escombrosJornal paranaense não publicou que Moro deixou o Brasil em escombrosTwitterFacebookE-mail<a href=""#"" data-text=""*Jornal paranaense não publicou que Moro deixou o Brasil em escombros*https://aosfatos.org/noticias/jornal-paranaense-nao-publicou-que-moro-deixou-o-brasil-em-escombros/Uma reportagem da Gazeta do Povo, do Paraná, foi distorcida para atribuir ao jornal a afirmação de que o juiz federal Sergio Moro ""gerou desemprego e deixou o Brasil em escombros"". Na verdade, a reportagem do jornal paranaense trata da venda de duas plataformas incompletas que estavam sendo construídas pela Engevix, empresa envolvida na Lava Jato. A construtora entrou em recuperação judicial e não conseguiu concluir as obras. A matéria sequer cita o nome de Moro.A informação distorcida é compartilhada na internet desde janeiro, quando publicações como o blog Esmael Moraes e o site Urbs Magna a postaram. Desde então, acumula pouco mais de 5.000 compartilhamentos, de acordo com a plataforma de monitoramento Crowdtangle. A informação enganosa se disseminou por várias outras fontes e voltou a circular nesta semana. A afirmação falsa também foi reproduzida por páginas como Brasil 247 e o blog Luíz Müller, e o conteúdo foi denunciado como enganoso por usuários do Facebook (entenda como funciona).Veja, abaixo, o que Aos Fatos classificou como DISTORCIDO.DISTORCIDO_&quot;Moro deixou o Brasil em escombros, diz jornal de Curitiba&quot;_O título do blog Luíz Müller tira de contexto uma reportagem publicada em janeiro pelo colunista Lúcio Vaz, da Gazeta do Povo. O texto fala da venda de duas carcaças de plataformas de petróleo inacabadas. As plataformas estavam sendo construídas no estaleiro Rio Grande pela Ecovix, braço de construção naval da Engevix, que entrou em recuperação judicial após a Operação Lava Jato e não conseguiu cumprir o contrato firmado com uma subsidiária da Petrobras, a Tupi BV.Os textos que atribuem a declaração falsa à Gazeta do Povo misturam trechos da reportagem original com opiniões e dados tirados de contexto. As publicações receberam o selo de DISTORCIDO por misturar elementos factualmente correstos, que constam da reportagem do jornal paranaense, com elementos que não fazem parte do seu repertório.""Até a vetusta Gazeta do Povo, blog de extrema-direita, reconhece que o juiz Sergio Moro e sua Lava Jato destruíram milhares de empregos e deixaram escombros em todo o país"", diz trecho do post de Esmael Morais. O blog Luíz Müller afirma que, no caso reportado pela Gazeta do P"	1
13	Jean Wyllys seria o futuro ministro da Educação de Haddad, caso o petista seja eleito.	"Jean Wyllys não foi convidado para ser ministro da Educação de Haddad nem disse que a Bíblia é uma piadaJean Wyllys não foi convidado para ser ministro da Educação de Haddad nem disse que a Bíblia é uma piadaTwitterFacebookE-mailWhatsAppJean Wyllys não foi convidado para ser ministro da Educação de Haddad nem disse que a Bíblia é uma piadaPor Bárbara Libório 6 de outubro de 2018, 17h55TwitterFacebookEmailWhatsAppCircula nas redes sociais a informação de que o deputado federal e candidato à reeleição Jean Wyllys, do PSOL, seria o futuro ministro da Educação do atual candidato à Presidência pelo PT, Fernando Haddad, caso o petista seja eleito. O texto é acompanhado de uma imagem que traz à tona novamente um boato antigo, de que o deputado teria dado declarações contra cristãos. ""A bíblia é uma piada, quem crê nela é palhaço, e as igrejas são um circo"", teria dito. Ambas as informações são FALSAS.O candidato disputa a reeleição pelo PSOL, que tem um candidato próprio à Presidência, Guilherme Boulos, e que não fez coligação com o PT no primeiro turno. Também não houve qualquer menção, nem de Haddad nem de Wyllys, a um eventual cargo em um governo petista. Essa informação é muito parecida com a que circulou em setembro sobre o mesmo convite: um montagem de uma matéria do G1 afirmava falsamente que o convite já teria sido feito por Haddad. Esse boato, no entanto, foi desbancado pelo Comprova. A equipe de imprensa do PT também desmentiu a informação.Além disso, essas declarações contra os cristãos são erroneamente atribuídas ao candidato desde 2011. Em 2014, quando voltaram a ganhar força, o site Boatos.org desbancou o boato. Não há registro de entrevista, discurso ou mesmo post na rede social em que o deputado tenha declarado isso.A imagem com o texto enganoso já teve mais de 97 mil compartilhamentos no Facebook desde setembro, e foi marcada com o selo FALSO na ferramenta de verificação da rede social (entenda como funciona).Leia abaixo, em detalhes, o que checamos.FALSOJean Wyllys é o futuro ministro da Educação do governo [Fernando] Haddad do PTHá algumas semanas, circulou nas redes sociais uma imagem que imitava uma reportagem do G1 que dizia que Jean Wyllys teria aceitado convite de Fernando Haddad para ser ministro da Educação em seu eventual governo. O Comprova fez a verificação dessa montagem. Apesar de ser atribuída ao G1, a reportagem era assinada por um jornalista que trabalhava na Folha de S.Paulo. Além disso, o texto da montagem foi feito com padrões de escrita diferentes daqueles usados pelo portal. Por fim, as assessorias de imprensa de Haddad e de Wyllys negaram qualquer convite.Ao Aos Fatos, a equipe de imprensa da campanha do PT afirmou neste-domingo (6) que ""Fernando Haddad não se debruçou até o momento em nenhum nome para o seu ministério"".FALSOA bíblia é uma piada, quem crê nela é palhaço, e as igrejas são um circo. - Jean Wyllys (PSOL)Essas declarações foram atribuídas ao candidato pela primeira vez em 2011, por uma nota na JB Wiki, seção colaborativa do Jornal do Brasil. À época, Wyllys publicou uma nota em seu site oficial negando as declarações. ""É mentirosa a afirmação de que o deputado declarou guerra aos cristãos. Wyllys tem uma história de envolvimento com trabalhos em favor da justiça social, de uma educação para a cidadania e para a valorização da vida, e em favor das liberdades civis (...) O deputado reitera sua luta pela laicidade do Estado, levando a sério sua responsabilidade como porta-voz de milhões de brasileiros que, como ele nessa infeliz situação, não têm e não tiveram direito de resposta.""Em 2014, quando o boato voltou a ganhar força, Wyllys voltou a posicionar-se em seu Facebook, dizendo que a movimentação ocorria em retaliação à uma denúncia que ele fizera sobre um material que utilizava a imagem de Marina Silva ""para propagar o ódio e a intolerância"". À época, o Boatos.org também desbancou o boato. Segundo a apuração, não há nenhum registro dessa fala em entrevistas, vídeos da Câmara ou redes sociais. Aos Fatos também não os encontrou.Hoje, em seu site oficial, o deputado mantém uma seção chamada ""Verdade ou Mentira?"" onde também desmente sua relação com essas declarações.TwitterFacebookEmailWhatsAppLeia tambémCinco fatos sobre migraçãoNão é verdade que Moro afastou promotor do caso Queiroz e delegado que investiga morte de MarielleHomem em foto com Flávio Bolsonaro é assessor do senador, não acusado de matar Marielle]"	1
14	Ciro Gomes se declara INIMIGO da Igreja Católica!	"Vídeo editado de Ciro Gomes engana ao dizer que ele é inimigo da Igreja CatólicaVídeo editado de Ciro Gomes engana ao dizer que ele é inimigo da Igreja CatólicaTwitterFacebookE-mailWhatsAppVídeo editado de Ciro Gomes engana ao dizer que ele é inimigo da Igreja CatólicaPor Bernardo Moura e Tai Nalon 6 de outubro de 2018, 21h55TwitterFacebookEmailWhatsAppUm trecho da participação de Ciro Gomes num debate na Universidade de Oxford no ano passado tem sido usado de maneira enganosa no Facebook para dizer que o presidenciável do PDT declarou-se ""inimigo da Igreja Católica"". No entanto, a versão completa do vídeo mostra que, na verdade, o pedetista fazia comparações da relação entre os poderes político e econômico nos países que têm ""formação moral luterana, anglo-saxã"", como os EUA, e em nações que foram forjadas na ""moral católica, que nós [Brasil] herdamos dos lusitanos"".Publicado em um perfil pessoal, o vídeo com a versão editada da fala de Ciro Gomes já tem mais de 50 mil compartilhamentos e 822 mil visualizações. O conteúdo foi denunciado neste sábado (6) por usuários do Facebook, e foi marcado por Aos Fatos como FALSO na ferramenta de verificação disponibilizada pela rede social (entenda como funciona).Confira abaixo, em detalhes, o que checamos.FALSOCiro Gomes se declara INIMIGO da Igreja Católica!Não é verdade que Ciro Gomes declarou-se ""inimigo da Igreja Católica"" como sustenta um vídeo editado publicado em perfil pessoal no Facebook. A prova disso, segundo o post, seria o trecho de uma declaração de Ciro mostrada nas imagens em que ele diz: ""eu não quero estatização, eu quero controle social e o fim da ilusão moralista católica. O fim da ilusão. A humanidade precisa de controle"". Entretanto, o contexto da fala é outro, que não tem a ver com a Igreja Católica: o presidenciável do PDT comentava as diferenças na relação entre dinheiro e política nos países com formação protestante e católica.As declarações foram proferidas em debate realizado na Universidade de Oxford, no Reino Unido, em maio do ano passado. Na ocasião, Ciro comentava propostas para combater a corrupção no Brasil quando afirmou ""isso não vale de nada se a gente não resolver uma equação. Moral luterana, moral anglo-saxã: dinheiro é um dom de Deus"".E continuou: ""E aí, na América do Norte, celebrada por [Alexis de] Tocqueville como expressão de democracia, na América do Norte recentemente chegou à Suprema Corte e foi aceita pela Suprema Corte refletir sobre isso, se o dinheiro abusivo das grandes corporações americanas estava deformando o sistema democrático. E a Suprema Corte, por esmagadora maioria, entendeu que isso era uma cláusula pétrea porque o dinheiro na política seria uma extensão do direito à expressão"".Pelo raciocínio de Ciro na ocasião, uma aceitação do poder econômico e do poder político na sociedade, como aconteceria nos EUA, facilitaria a adoção de medidas de transparência e de controle social das empresas por parte dos cidadãos.Mais adiante, Ciro comenta: ""a moral católica, que nós herdamos dos lusitanos, diz que é mais fácil um camelo passar num buraco de uma agulha do que um rico ganhar o reino dos céus. Então, você tem uma presunção moralista de que a relação entre política e dinheiro ela é fraudulenta, [visão essa que é a da] a média esmagadora da sociedade [brasileira], que não é trivial, é respeitabilíssima, e é a nossa formação"".Na sequência, ele cita exemplos, como as punições aplicadas por autoridades dos EUA e da Alemanha nos casos de corrupção envolvendo bancos e a Volkswagen, em que foram punidos os indivíduos e não as instituições. É aí que alguém da plateia o questiona: ""Você quer estatização das empresas?"" e Ciro responde o trecho que é usado no vídeo do Facebook: ""eu não quero estatização, eu quero controle social e o fim da ilusão moralista católica. O fim da ilusão. A humanidade precisa de controle. Não adianta alguém imaginar que um anjo vingador vai descer do céu, vai estalar o chicote e resolver o problema nacional brasileiro. Não vai"".Em nenhum outro momento do debate Ciro Gomes declara-se inimigo da Igreja Católica. É por isso que o vídeo que circula no Facebook foi classificado como FALSO.Acusações. Na publicação com maior número de engajamentos que acompanha o vídeo, com origem em um perfil pessoal no Facebook, há acusações contra o candidato. Diz que ele é ""um abortista, corrupto, espanca mulheres"", o que também não é verdade.Em relação ao aborto, uma das declarações mais recentes do candidato foi dada durante um ato de campanha em agosto passado, em que disse que não iria ""confrontar a população cristã, católica do Brasil, introduzindo uma tarefa que não é do presidente da República, é do Congresso"". Ele respondia a questionamentos a respeito de uma declaração de sua candidata a vice-presidente, Kátia Abreu, que disse, em entrevista à Folha, ser contra o aborto.Em maio, quando entrevistado no programa Roda Viva, da TV Cultura, disse não querer ser ""guru de costumes"". ""Eu acho que o aborto é uma tragédia, fundamentalmente uma tragédia humana, uma tragédia emocional, uma tragédia de saúde, e não vejo qual é o sentido de você ainda pesar o peso do Estado sobre essa tragédia"", declarou.Seu programa de governo protocolado no TSE (Tribunal Superior Eleitoral) diz que irá estabelecer ""garantia de condições legais e de recursos para a interrupção da gravidez quando ocorrer de forma legal, combatendo a criminalização das mulheres atendidas nos pontos de atendimento na saúde"".Ciro Gomes também não responde a processos por corrupção. Segundo o site jurídico Jota, ele respondeu até 2016 a uma ação civil pública por improbidade administrativa, proposta pelo Ministério Público Federal, que alegava haver irregularidades na implantação do Samu (Serviço de Atendimento Móvel de Urgências) no interior do Ceará, quando Ciro Gomes era secretário da Saúde. A ação foi extinta em 2016 na primeira instância da Justiça Federal sem resolução do mérito. À epoca, a Justiça Federal entendeu que não seria de sua competência o julgamento do caso. Ciro responde a mais de 70 processos, dos quais a imensa maioria pede indenização por dano moral.Em relação à acusação de bater em mulher, trata-se também de uma falsidade. Circulou nas redes sociais em setembro passado um meme que atribuía à atriz Patrícia Pillar a seguinte frase: ""gente, eu nunca fui casada com Bolsonaro. Quem me batia era o Ciro Gomes"". Ela, porém, nunca disse isso. A atriz chegou a publicar um vídeo nas redes sociais em que desmentia o boato: ""Nunca sofri nenhum tipo de violência da parte de ninguém. Isso é totalmente falso"", disse.Dentre os processos a que Ciro responde na Justiça, nenhum deles trata de violência doméstica ou de gênero.TwitterFacebookEmailWhatsAppLeia tambémCinco fatos sobre migraçãoNão é verdade que Moro afastou promotor do caso Queiroz e delegado que investiga morte de MarielleHomem em foto com Flávio Bolsonaro é assessor do senador, não acusado de matar Marielle]"	1
15	"""Esta imagem foi criada pelo professor de Neurologia Dr Yamamoto. Se ela não se movimenta, significa que você está saudável e dormiu bem. Se ela está se movimentando bem devagar, mostra que você está estressado ou cansado. Se ela está se movendo continuamente e rápido, mostra que você está muito estressado, e pode haver alterações de ordem psicológica."""	"""É #FAKE que imagem com ilusão de ótica é teste para estresse""Mensagem viral diz que desenho foi criado por neurologista japonês. Não é verdade. ""Esta imagem foi criada pelo professor de Neurologia Dr Yamamoto. Se ela não se movimenta, significa que você está saudável e dormiu bem. Se ela está se movimentando bem devagar, mostra que você está estressado ou cansado. Se ela está se movendo continuamente e rápido, mostra que você está muito estressado, e pode haver alterações de ordem psicológica"". O inofensivo teste para estresse atribuído a um professor japonês circulou em vários grupos de WhatsApp e pelo Facebook nas últimas semanas. A ilusão de ótica formada na imagem, porém, nada tem a ver com cansaço e o desenho nem sequer foi criado por um neurologista chamado Yamamoto. O texto compartilhado é #FAKE.A mensagem viral acompanhada do desenho com a ilusão de ótica circula em vários países e em diferentes idiomas ao menos desde o fim de novembro. Também já foi checada por diversos veículos estrangeiros, como a inglesa BBC.O designer gráfico ucraniano Yurii Perepadia diz ter criado o desenho em setembro de 2016, usando um programa de edição de imagens. Ao jornal ""O Globo"", Perepadia conta que seu trabalho foi influenciado pelas obras de Akiyoshi Kitaoka, professor de Psicologia da Universidade Ritsumeikan, de Kioto, no Japão, conhecido por estudar ilusões de ótica, que pode ser a origem do Dr. Yamamoto citado na mensagem viral.""Foi Akiyoshi Kitaoka quem afirmou que, com a ajuda de suas ilusões visuais, é possível determinar o estado mental de uma pessoa. Eu aprendi e entendi como desenhar ilusões de ótica com seus exemplos. Então criei uma variedade de texturas em movimento e a envolvi em formas: esferas, buracos. Eu fiz até mesmo as cartas se moverem"", afirma o designer.O desenho de Yurii Perepadia começou a viralizar nas redes sociais em outubro a partir de uma postagem feita pela professora de neurociência cognitiva da Universidade de Milão Alice Proverbio no Twitter. Na ocasião, a pesquisadora descreveu como funciona a ilusão de ótica provocada pela imagem estática. De acordo com Proverbio, neurônios que processam cor e forma ficam saturados e dão espaço para outros neurônios responsáveis por processar movimentos, o que causa o efeito.""V5 (ou MT) é a área cortical dedicada ao processamento de movimento, enquanto V4 é dedicada ao processamento de cor e forma (como o pentágono). Os neurônios V4 estão tão saturados que a taxa de disparo basal / repouso dos neurônios MT é interpretada como um sinal sensorial real"", explica a professora no Twitter.Procurada pelo G1, a professora diz que a mensagem que circula associando a imagem a um teste de estresse é ""fake news"". ""Absolutamente não [é verdade]! É fake news! É saudável ver a ilusão no movimento. Isso reflete a maneira como as áreas visuais V4 e V5 interagem."" "	1
16	Enchente em Cubatão foi provocada por abertura de barragem	"É #FAKE que enchente em Cubatão foi provocada por abertura de barragemPost no Facebook tem sido bastante compartilhado. Mensagem é falsa. Circula pelas redes sociais um texto que diz que a enchente em Cubatão, em São Paulo, foi provocada pela abertura de comportas da barragem de Rio das Pedras. A mensagem é #FAKE.O texto utiliza imagens verídicas sobre os bairros atingidos pela cheia. O Rio Pilões realmente transbordou em Cubatão e as sirenes que soam toda vez que o rio enche tocaram três vezes avisando que os moradores precisavam sair de suas casas.A Prefeitura de Cubatão esclarece, no entanto, que não existe qualquer previsão de abertura de comportas da barragem de Rio das Pedras.A nota diz que, apesar dos amplos esclarecimentos dados à população, uma onda de desinformação está sendo disseminada nas redes sociais, em clara atitude de má-fé para com a população da cidade, que já tem muitos problemas em decorrência das chuvas.Em um aviso anterior contra informações falsas, funcionários da Prefeitura informaram que não há abertura de comportas sem prévio planejamento, aviso da Defesa Civil e monitoramento.A Empresa Metropolitana de Águas e Energia (EMAE) nega que tenha havido a abertura alardeada na mensagem e diz que a última abertura das comportas na barragem de Rio das Pedras ocorreu em 2010.Segundo a empresa, a medida só é utilizada quando os reservatórios de Rio das Pedras e da Billings atingem o limite operacional.""Os níveis destes equipamentos são monitorados 24 horas. Em caso de necessidade da abertura, a EMAE segue o protocolo estabelecido que prevê o aviso prévio aos órgãos como Sabesp, Fundação Florestal, CETESB e Defesa Civil Municipal, entre outros"", diz a nota.Vídeo: Veja como identificar uma mensagem falsa "	1
17	TSE troca empresa responsável pela divulgação da apuração	" #Verificamos: TSE não trocou empresa responsável pela divulgação da apuraçãoÓrgão apenas substituiu a empresa que permite acessos simultâneos a seu siteCircula nas redes sociais a ""notícia"" de que o Tribunal Superior Eleitoral (TSE) teria substituído a empresa responsável pela ""divulgação dos resultados"" das eleições deste ano. Por meio do projeto de verificação de notícias, usuários do Facebook solicitaram que esse material fosse analisado. Confira a seguir o trabalho de verificação da Lupa:""TSE troca empresa responsável pela divulgação da apuração""Informação publicada nos sites O Antagonista, MBL News, Jornal 21 Brasil, Ataque Aberto, Renova Mídia, IgNews, Cleuber Carlos e que tinha mais de 88,5 mil interações no Facebook até o dia 26 de outubro de 2018FALSONo último dia 20 de outubro, o TSE trocou a empresa responsável por gerenciar a rede de distribuição de conteúdos. ""O serviço não faz parte do processo de apuração e de totalização das eleições, sendo uma ferramenta para ampliar a capacidade de acessos [simultâneos] às páginas na internet dos tribunais eleitorais"", diz o TSE.Em julho, o TSE abriu licitação para a realização desse serviço. O pregão eletrônico 62/2018 pode ser consultado no site do tribunal. A empresa vencedora foi a BRCloud.Segundo o TSE, no dia 7 de outubro, data do primeiro turno da eleição, o site do tribunal experimentou problemas de sobrecarregamento por causa de acessos simultâneos. Durante o horário de votação, por exemplo, eleitores de todo o país tiveram dificuldade de acessar a página. Por causa disso, a empresa BRCloud teve seu contrato rescindido.No pregão eletrônico, o segundo lugar havia ficado com a empresa CPD - Consultoria, Planejamento e Desenvolvimento de Sistemas. Ela prestará o serviço no segundo turno das eleições. Assim como ocorria com a BRCloud, a CPD não é responsável pela ""divulgação da apuração"" nem tem qualquer ingerência sobre os dados do TSE.Uma consulta o Sistema de Acompanhamento de Contratos do TSE revela que a BRCloud havia sido contratada por R$ 1.065.524,20 e que devolveu ao tribunal R$ 880.688. O contrato da CPD foi assinado no dia 20 de outubro, no valor de R$ 532.762,20.O site O Antagonista, avaliado nesta checagem, publicou nota relatando erroneamente que a empresa responsável pela ""divulgação da apuração"" tinha sido alterada. Posteriormente, publicou esclarecimento do TSE, mas, até às 21h20 do dia 26 de outubro, mantinha no ar o conteúdo original sem correção.Neste sábado e domingo a equipe daAgência Lupase uniu a outras cinco agências de checagens de notícias no Brasil para checar as mensagens de conteúdo suspeito nesta reta final das eleições. A ideia de juntar forças é para ganhar mais agilidade e aumentar o alcance das checagens. A parceria reúne o Fato ou Fake, Projeto Comprova, Lupa, Boatos.org, E-Farsas e Aos Fatos.*Nota: esta reportagem faz parte do projeto de verificação de notícias no Facebook. Dúvidas sobre o projeto? Entre em contato direto com o Facebook.Editado por: Cristina Tardáguila e Clara Becker"	1
18	Drauzio Varella seria ministro da Saúde nos governos de Haddad e Bolsonaro.	"""É #FAKE que prints revelam futuras equipes ministeriais de Haddad e Bolsonaro""Ambas as imagens colocam o médico Drauzio Varella como ministro da Saúde em eventuais governos. Ele nega que tenha sido convidado por qualquer um dos candidatos e diz que, mesmo se fosse, não aceitaria o cargo. Dois prints que circulam pela internet e têm viralizado nos últimos dias mostram os futuros ministros dos eventuais governos Haddad e Bolsonaro. Ambos são #FAKE.Tanto na imagem que lista os ministeriáveis de Fernando Haddad como na que aponta os ocupantes de pastas de Jair Bolsonaro o médico Drauzio Varella aparece como o futuro ministro da Saúde. Procurado pelo G1, ele nega que tenha sido sondado por qualquer um dos candidatos. E diz, que se houvesse um convite, seja do presidenciável do PT seja do PSL, não aceitaria. ""Não aceitara jamais ser ministro da Saúde de quem quer que fosse.""A imagem que circula como se fosse da campanha de Haddad não foi feita pelo comitê do petista, apesar do logo e da identidade visual. Haddad, de fato, sugeriu a possibilidade de Mário Sérgio Cortella para um eventual ministério e já teve conversas com Joaquim Barbosa. Nenhum dos dois nomes foi confirmado, porém.""Não estamos negociando nesse momento os ministérios. Nós temos conversado com algumas pessoas, inclusive algumas dessa lista, que são pessoas que estão alinhadas ideologicamente com o candidato e que podem contribuir para um possível governo. Mas não houve convites"", afirma a assessoria do PT.Em entrevista à CBN, Cortella disse: ""Não posso recusar um convite que não foi feito. Em nenhum momento o professor Haddad me convidou"". O filósofo disse que foi apenas chamado para conversar. ""Aliás, eu aceitaria dialogar com qualquer candidato.""No caso da imagem que circula com os eventuais nomes de Bolsonaro, apenas dois já foram confirmados pelo candidato (Paulo Guedes e General Heleno). Nenhum outro da lista foi mencionado. O print também não é oficial da campanha.A assessoria do ator, apresentador e diretor Marcio Garcia, um dos que constam da mensagem, diz que se trata de ""fake news"". ""O Márcio nem está com cabeça para isso. Está focado na gravação de um filme.""A assessoria de Maurício Lopes, presidente da Embrapa, que aparece na lista como futuro ministro da Agricultura e Pecuária, também afirma que ""ele nunca foi convidado nem consultado sobre o assunto"". "	1
19	OAB cobra punição dos responsáveis pela tragédia em Brumadinho, mas ameaça expulsar quem advogar de graça para as vítimas do desastre.	"OAB não ameaçou expulsar quem advogar de graça para famílias de vítimas de BrumadinhoOAB não ameaçou expulsar quem advogar de graça para famílias de vítimas de BrumadinhoTwitterFacebookE-mailWhatsAppOAB não ameaçou expulsar quem advogar de graça para famílias de vítimas de BrumadinhoPor Luiz Fernando Menezes 6 de fevereiro de 2019, 16h26TwitterFacebookEmailWhatsAppÉ falsa a informação trazida em publicações nas redes sociais de que a OAB (Ordem dos Advogados do Brasil) ameaça expulsar os inscritos que advogarem de graça para vítimas da tragédia de Brumadinho (MG). Além da advocacia gratuita para pessoas sem recursos e instituições sem fins lucrativos ser regulamentada desde 2015, a OAB nega ter feito qualquer ameaça.A notícia falsa ganhou força nas redes sociais após o deputado federal André Janones (Avante-MG) publicar dois posts (um em vídeo outro em texto) em seu perfil oficial no Facebook denunciando uma suposta ação da OAB contra ele por ter oferecido assistência gratuita aos atingidos pelo desastre em postagens na rede social.Ao Aos Fatos, o parlamentar informou ter recebido a informação por meio de um deputado estadual aliado, que, por sua vez, havia sido alertado por um correligionário em um áudio de WhatsApp. Na mensagem, o homem afirma participar de um grupo no aplicativo em que estão membros da OAB. Após a publicação de Janone oferecendo a ajuda gratuita, um integrante da ordem teria dito no grupo que a inscrição de advogado do deputado poderia ser suspensa, já que a OAB veda a advocacia pro bono com fins político-partidários ou eleitorais. O parlamentar nega que tenha sido essa sua motivação.Publicações que trazem essa desinformação foram marcadas com o selo FALSO na ferramenta de verificação do Facebook (entenda como funciona).FALSOURGENTE: OAB não cobra punição dos responsáveis pela tragédia em Brumadinho, mas ameaça EXPULSAR quem advogar de graça para as vítimas do desastre.O recém-eleito deputado federal André Janones (Avante-MG) gravou, de dentro de seu carro, um vídeo no qual acusa a OAB (Ordem dos Advogados do Brasil) de ter ameaçado tirar sua inscrição por oferecer advocacia gratuita às vítimas do desastre de Brumadinho. ""Eu recebi uma notícia de que a OAB está ameaçando me expulsar porque eu fiz a postagem [sobre a oferta]. E ela me mandou um recado, um tal de Adriano, um sei lá quem é (...) que diz que se eu não apagar a postagem, que se eu exercer advocacia de graças para essas famílias, eu vou ser expulso da OAB"", diz Janones na gravação.Minutos antes de gravar o vídeo, o deputado já tinha publicado em seu Facebook que ""a desgraça da OAB, que sempre se acovarda quando o Brasil precisa dela, tá me processando por estar advogando de graça para as famílias de Brumadinho. 2019 promete"".André Janones é advogado inscrito na OAB-MG desde maio de 2009, como é possível verificar no site da ordem.Aos Fatos enviou o vídeo para a OAB-MG na última segunda-feira (4) em busca de respostas sobre a veracidade das afirmações feitas pelo deputado. Quem se manifestou, por meio de nota publicada na noite de terça-feira (5), foi a seção nacional da Ordem: ""é falsa a notícia de que a OAB ameaça expulsar quem advogar de graça para familiares de vítimas da tragédia de Brumadinho"". A nota da entidade explica ainda que a advocacia pro bono - quando é exercida gratuitamente em favor de instituições sociais sem fins lucrativos e pessoas sem recursos - é regulamentada no Brasil desde julho de 2015.De fato, no Artigo 30 do Código de Ética da OAB, está determinado que ""no exercício da advocacia pro bono, e ao atuar como defensor nomeado, conveniado ou dativo, o advogado empregará o zelo e a dedicação habituais, de forma que a parte por ele assistida se sinta amparada e confie no seu patrocínio"".Por outro lado, o mesmo artigo diz que ""a advocacia pro bono não pode ser utilizada para fins político-partidários ou eleitorais, nem beneficiar instituições que visem a tais objetivos, ou como instrumento de publicidade para captação de clientela"".A origem. O deputado federal André Janones informou ao Aos Fatos que tomou conhecimento da ""ameaça"" por meio de uma mensagem encaminhada pelo deputado estadual Cleitinho Azevedo (PPS-MG): um áudio gravado por um advogado que se apresenta como Adriano. ""Escuta aí. Quando der. Se isso tiver fundamento. Fica ligado aí."", escreveu Azevedo no WhatsApp. Na gravação, enviada ao Aos Fatos pela assessoria de Janones, Adriano afirma participar de um grupo no aplicativo em que estão conselheiros da OAB. Lá, um dos integrantes teria dito que ""tomaria providências junto à OAB"", pois as publicações de Janone seriam ""ilegais"" e poderiam ""render até suspensão"", segundo o advogado no áudio. ""Eu sei que a manobra do Janones foi extremamente humana, mas infelizmente as normas éticas da OAB não permitem esse tipo de manifestação pública"", diz Adriano, em um trecho da mensagem.Ele recomenda ainda que o deputado faça uma retratação e continue oferecendo a assistência gratuita, mas sem alarde, para que ""não possa sofrer nenhum tipo de represália lá na OAB"". O advogado não informa na mensagem o nome do integrante que se pronunciou no grupo de WhatsApp nem qual seria o seu posto na Ordem. Tampouco diz que Janones ou outros advogados poderiam ser expulsos da OAB ou processados por oferecerem ajuda aos atingidos pelo desastre em Brumadinho.Janones nega que tenha havido motivação político-partidária nas suas publicações no Facebook. Em nota enviada ao Aos Fatos, ele se disse indignado com o relato recebido na mensagem e que isso o levou a gravar o vídeo. A publicação que suscitou o áudio do advogado no WhatsApp permanecia no Facebook até a tarde desta quinta-feira (7).Já as publicações que denunciam a ""ação da OAB"" renderam ao deputado até agora mais de 12 mil compartilhamentos no Facebook. A disseminação levou a informação falsa a outros formatos, tendo sido até embalada como meme em páginas identificadas com a direita. Esta checagem foi atualizada às 10h55 de 7 de fevereiro de 2019 para acrescentar as informações referentes ao áudio recebido por Janones.TwitterFacebookEmailWhatsAppLeia tambémCinco fatos sobre migraçãoNão é verdade que Moro afastou promotor do caso Queiroz e delegado que investiga morte de MarielleHomem em foto com Flávio Bolsonaro é assessor do senador, não acusado de matar Marielle]"	1
20	"Viviane Senna autorizou o uso do ""Tema da Vitória"" no último programa eleitoral de Jair Bolsonaro."	"Instituto Ayrton Senna não autorizou música para campanha de BolsonaroInstituto Ayrton Senna não autorizou música para campanha de BolsonaroTwitterFacebookE-mailWhatsAppInstituto Ayrton Senna não autorizou música para campanha de BolsonaroPor Ana Rita Cunha 27 de outubro de 2018, 22h13TwitterFacebookEmailWhatsAppÉ FALSA a informação que Viviane Senna, irmã do piloto de Fórmula 1 Ayrton Senna e diretora do Instituto Ayrton Senna, autorizou o uso do ""Tema da Vitória"" no último programa eleitoral do candidato do PSL, Jair Bolsonaro. Em nota, o Instituto Senna informou que não detém os direitos autorais da música e não autorizou o uso da imagem de Senna nem a associação da imagem do piloto em campanhas eleitorais.A informação foi verificada por Aos Fatos e pelo Fato ou Fake, iniciativa de checagem do Grupo Globo. O vídeo que circula nas redes sociais, inclusive sendo compartilhado por páginas de apoio ao candidato do PSL, contém trechos de duas peças de propaganda eleitoral de Bolsonaro que foram veiculadas na primeira semana de campanha do segundo turno das eleições.O vídeo circula no WhatsApp e nas redes sociais desde quinta-feira (25). Em uma das publicações, na página Bolsonaro Ribeirão Preto, o vídeo, publicado na última sexta-feira (27) tinha 15 mil visualizações e 1,5 mil compartilhamentos. O conteúdo foi denunciado por usuários do Facebook e classificadas com o selo FALSO na ferramenta de verificação da rede social (entenda como funciona). FALSO Despedida do horário eleitoral do Bolsonaro, onde foi autorizado pela Viviane Senna a usar o ""Tema da Vitória"" no piano.É FALSA a informação que Viviane Senna, irmã do piloto de Fórmula 1 Ayrton Senna e diretora do Instituto Senna, autorizou o uso do ""Tema da Vitória"" no último programa eleitoral de Jair Bolsonaro. A informação aparece no texto que acompanha vídeo falsamente apresentado como ""despedida do horário eleitoral do Bolsonaro"" e foi compartilhado por perfis pessoais e páginas do Facebook de apoio ao político como a Bolsonaro Ribeirão Preto.Em nota publicada na página oficial do Instituto Senna, a organização informou que não detém os direitos autorais da música e não autorizou o uso da imagem de Senna nem a associação da imagem do piloto em campanhas eleitorais.A música ""Tema da Vitória"" foi usada como trilha sonora pela Globo nas vitórias do Grande Prêmio do Brasil de Fórmula 1 em 1983 e a partir de 1986 passou a ser usada para as vitórias de pilotos brasileiros. A música foi tocada nos três títulos de Ayrton Senna e ficou popularizada como música do Senna.O vídeo que circula nas redes sociais contém trechos de peças de propaganda eleitoral de Bolsonaro que foram veiculadas na primeira semana de campanha do segundo turno das eleições. Partes do vídeo tem imagens da campanha divulgada no dia 12 de outubro e parte é de imagens da campanha no dia 13.Neste sábado e domingo, a equipe do Aos Fatos se uniu a outras cinco agências de checagens de notícias no Brasil para verificar as mensagens de conteúdo suspeito nesta reta final das eleições. A ideia de juntar forças é para ganhar mais agilidade e aumentar o alcance das checagens. A parceria reúne o Fato ou Fake, Projeto Comprova, Lupa, Boatos.org e e-Farsas.TwitterFacebookEmailWhatsAppLeia tambémCinco fatos sobre migraçãoNão é verdade que Moro afastou promotor do caso Queiroz e delegado que investiga morte de MarielleHomem em foto com Flávio Bolsonaro é assessor do senador, não acusado de matar Marielle]"	1
21	A Globo admitiu ao vivo que a manifestação pró Bolsonaro é a maior da história.	"""É #FAKE mensagem que cita a Globo e diz que manifestação pró-Bolsonaro é a maior da história""Mensagem compartilhada no WhatsApp mostra vídeo da GloboNews como se fosse de ato de apoio a Bolsonaro. Na verdade, o vídeo foi ao ar em março de 2015 e a frase que fala de uma manifestação \""sem precedentes\"", \""a maior de SP de todos os tempos\"", se referia ao protesto contra Dilma Rousseff. Circulam pelas redes sociais mensagens que apresentam um vídeo da GloboNews sobre um protesto com 1 milhão de pessoas na Avenida Paulista com o seguinte comentário: ""A Globo admitiu ao vivo que a manifestação pró Bosonaro é a maior da história"". É #FAKE.O vídeo, na verdade, foi ao ar em 15 de março de 2015, no auge das manifestações contra a ex-presidente Dilma Rousseff, quando o número de manifestantes na Avenida Paulista atingiu 1 milhão de pessoas, de acordo com informações da Polícia Militar.Na ocasião, a comentarista de política Renata Lo Prete falava sobre a concentração de pessoas em comparação com os protestos de junho de 2013. ""A gente tem mais de 1 milhão de pessoas na rua em São Paulo. Isso não tem precedentes. Nem se a gente tomar aquele 1 milhão lá das Diretas como um número que tenha sido aquilo mesmo, do que muita gente duvida hoje em dia, porque foi uma manifestação de fato muito grande, mas a medição naquela época era muito precária. Então a gente já tem a maior manifestação de São Paulo de todos os tempos, provavelmente."" "	1
22	Ficou provado no autoteste do TRE-SP que os teclados das urnas (Diebold) adulteraram os votos que eram digitados.	"Não é verdade que o TRE-SP identificou urnas que adulteraram os votos digitadosNão é verdade que o TRE-SP identificou urnas que adulteraram os votos digitadosTwitterFacebookE-mailWhatsAppNão é verdade que o TRE-SP identificou urnas que adulteraram os votos digitadosPor Alexandre Aragão 28 de outubro de 2018, 14h45TwitterFacebookEmailWhatsAppUm post no Facebook afirma, de maneira falsa, que um teste feito pelo TRE-SP (Tribunal Regional Eleitoral de São Paulo) identificou que o teclado de algumas urnas eletrônicas ""adulteraram os votos que eram digitados"".O post parte de uma informação verdadeira para criar uma falsa versão. Segundo o TRE-SP, o sucesso de uma auditoria pública feita em 20 de outubro foi contestado por um engenheiro presente. As críticas foram baseadas em um defeito detectado no teclado de uma única urna, diz o tribunal. ""O defeito indicado foi pontual e causou falhas aleatórias nas teclas, sem que a falha prejudicasse algum cargo ou número de candidato específico.""Publicado em um perfil pessoal, o post de Facebook foi compartilhado mais de 1.700 vezes. Denunciado por usuários da rede social, o conteúdo foi marcado por Aos Fatos com o selo FALSO na ferramenta de checagem (entenda como funciona).Leia abaixo, em detalhes, o que checamos.FALSOFicou provado no autoteste do TRE-SP que os teclados das urnas (Diebold) adulteraram os votos que eram digitados.A imagem publicado no Facebook diz que ""ficou provado no autoteste do TRE-SP que os teclados das urnas (Diebold) adulteraram os votos que eram digitados"". A informação é FALSA. Na verdade, o TRE-SP realizou um teste público em 20 de outubro, com quatro urnas. Uma delas, segundo o tribunal, apresentou falha aleatória no teclado. Diebold é a empresa que produz urnas eletrônicas.""Nessa urna específica, foram observados defeitos aleatórios em teclas diversas durante a digitação após sucessivas repetições do autoteste"", afirmou o tribunal. ""A urna eletrônica auditada foi substituída no início da manhã (às 9h42) do dia da eleição [teste], tão logo se tomou conhecimento da ocorrência de defeitos, o que pode ser verificado tanto na ata da seção eleitoral preenchida pelos mesários quanto nos registros de log da urna eletrônica.""Ainda de acordo com o TRE-SP, a auditoria foi feita ""com o acompanhamento da Polícia Federal, do Ministério Público, de representantes da Ordem dos Advogados do Brasil, de partidos políticos e demais interessados, além de um observador técnico internacional da Organização dos Estados Americanos"".O problema na tecla de uma das urnas fez com que a auditoria fosse questionada pelo engenheiro Amilcar Brunazo, que acompanhou o procedimento. O tribunal afirma que ""as críticas apresentadas foram baseadas em um defeito detectado no teclado de uma das urnas. Ou seja, a alegação é infundada quando associa a falha à segurança no sistema eletrônico de votação"".TwitterFacebookEmailWhatsAppLeia tambémCinco fatos sobre migraçãoNão é verdade que Moro afastou promotor do caso Queiroz e delegado que investiga morte de MarielleHomem em foto com Flávio Bolsonaro é assessor do senador, não acusado de matar Marielle]"	1
23	Homem disfarçado de padre visitava Lula e foi preso.	" #Verificamos: É falso que homem disfarçado de padre visitava Lula e foi presoFoto que circula nas redes sociais é de 2007 e mostra suspeito de tráfico internacional de drogas detido em GuarulhosCircula pelas redes sociais a imagem de um falso padre algemado, que teria sido preso. De acordo com o post, o homem visitava o ex-presidente Luiz Inácio Lula da Silva (PT) e também viajava para Venezuela e Cuba. Por meio do projeto de verificação de notícias, usuários do Facebook solicitaram que esse material fosse analisado. Confira a seguir o trabalho de verificação da Lupa:""O falso padre que visitava Lula, depois ia pra Venezuela e Cuba""Legenda de post que, até as 11h do dia 30 de abril de 2019, tinha mais de 7,7 mil compartilhamentos no FacebookFALSOA informação verificada pela Lupa é falsa. A imagem do falso padre algemado foi feita em 2007 _ 11 anos antes da prisão do ex-presidente Lula, portanto. Na ocasião, Rubens Miguel da Silva, então com 27 anos, foi preso em flagrante por tráfico internacional de drogas no Aeroporto Internacional de Cumbica, em Guarulhos (SP). Ele transportava cerca de 2 quilos de cocaína dentro de uma cinta modeladora feminina e nos sapatos. A foto foi tirada pela fotógrafa Valéria Gonçalvez, da Agência Estado. Silva foi detido quando estava na fila do check-in, tentando embarcar para Joanesburgo, na África do Sul, segundo notícias publicadas na época pelos sites G1, Terra e Agora São Paulo. Ele foi treinado para agir como um padre, o que dificultaria a sua abordagem pela polícia. Silva carregava livros religiosos na mala, além de usar calça e blusa pretas, e se apresentava como padre Miguel.Checagem semelhante foi feita pelo site Boatos.org.Nota: esta reportagem faz parte do projeto de verificação de notícias no Facebook. Dúvidas sobre o projeto? Entre em contato direto com o Facebook.Editado por: Natália Leal"	1
24	"""Se tocarem em Guaidó, em duas horas tropas aéreas chilenas entrarão na Venezuela"""	" #Verificamos: É falso que presidente do Chile tenha prometido atacar Venezuela caso Guaidó seja tocadoEm pronunciamento nesta terça-feira, Piñera ressaltou apoio a Guaidó, mas pediu solução pacífica*Com reportagem do Ecuador ChequeaCircula nas redes sociais uma declaração supostamente feita pelo presidente do Chile, Sebastián Piñera, na qual ele ameaça invadir a Venezuela caso o presidente autodeclarado do país, Juan Guaidó, seja tocado pelas tropas leais a Nicolás Maduro. Por meio do projeto de verificação de notícias, usuários do Facebook solicitaram que esse material fosse analisado. Confira a seguir o trabalho de verificação da Lupa:""Se tocarem em Guaidó, em duas horas tropas aéreas chilenas entrarão na Venezuela""Declaração atribuída ao presidente do Chile, Sebastián Piñera, em imagem que circula no Whatsapp e no FacebookFALSONesta terça-feira (30), o presidente do Chile, Sebastián Piñera, realizou um pronunciamento no qual falou, entre outros assuntos, sobre a situação da Venezuela (assista aquia partir do sexto minuto). Em momento, algum ele fez qualquer ameaça de invasão ao país, com o qual, aliás, o Chile nem sequer faz fronteira.No pronunciamento, Piñera declarou ""sólido e inquebrantável"" apoio a Juan Guaidó, a quem se referiu como ""presidente democrático"" da Venezuela. O chileno chamou Nicolás Maduro de ""ditador"" e defendeu uma transição pacífica para a democracia. ""A forma que essa ditadura termina deve ser pacífica, dentro do marco da Constituição venezuelana"", reforçou.[EN VIVO] Punto de Prensa https://t.co/CE24aBwnXI- Sebastian Piñera (@sebastianpinera) April 30, 2019No Twitter, Piñera também defendeu uma solução pacífica para a Venezuela. ""Reiteramos nosso total apoio ao presidente Guaidó e a democracia na Venezuela. A ditadura de Maduro deve terminar pela força pacífica, e dentro da Constituição do povo venezuelano. Assim se restabelecerão as liberdades, a democracia, os direitos humanos e o progresso na Venezuela"", tuitou o presidente chileno na manhã desta terça.Reiteramos Ntro total apoyo al Pdte Guaido y democracia en https://t.co/2y0dWEm4jU dictadura de Maduro debe terminar por la fuerza pacífica, ydentro de la constitución, del pueblo venezolano. Así se restablecerán las libertades, la democracia,los DDHH y el progreso en #Venezuela.- Sebastian Piñera (@sebastianpinera) April 30, 2019Nota 1: Nas próximas horas, um grupo de checadores da América Latina trabalhará de forma colaborativa na análise de notícias relacionadas aos eventos da Venezuela. Acompanhe a publicação desse material nas redes sociais, pela hashtag #VENfacts.Nota 2: esta reportagem faz parte do projeto de verificação de notícias no Facebook. Dúvidas sobre o projeto? Entre em contato direto com o Facebook.Editado por: Natália Leal"	1
25	Lula e Dilma mandaram R$ 30 bilhões para fora do país.	" #Verificamos: É falso que Lula e Dilma mandaram R$ 30 bilhões para fora do BrasilTexto afirma que BNDES financiou países que deram calote no Brasil, o que também não é verdadeiroCircula nas redes sociais a informação de que o ex-presidente Luiz Inácio Lula da Silva e a ex-presidente Dilma Rousseff, ambos do PT, teriam enviado R$ 30 bilhões para fora do Brasil. Por meio do projeto de verificação de notícias, usuários do Facebook solicitaram que esse material fosse analisado. Confira a seguir o trabalho de verificação da Lupa:""Lula e Dilma mandaram R$ 30 bilhões para fora do país""Título de matéria do site ""Política e Poder"" que, até as 15h do dia 18 de abril, já tinha sido compartilhada 616 vezesFALSOO título distorce a informação que consta no conteúdo publicado. O texto não se refere a remessas de dinheiro ao exterior pelos ex-presidentes, mas sim a financiamentos de exportação de serviços de empresas brasileiras executado pelo BNDES.""A lista de países que mais receberam financiamentos do BNDES nos governos Lula e Dilma mostra onde foi parar o dinheiro""Texto de matéria do site ""Política e Poder"" que, até as 15h do dia 18 de abril, já tinha sido compartilhada 616 vezesFALSOSegundo o próprio BNDES, o banco não envia dinheiro a outros países, nem financia obras em países estrangeiros. O financiamento feito pelo BNDES contempla a exportação de bens e serviços de engenharia brasileiros para empreendimentos em outros países. Ainda assim, o banco não financia toda a obra, mas apenas a parte de bens e serviços brasileiros que são exportados para uso nela. Diz o BNDES em seu site: ""Essas operações funcionam da seguinte maneira: o BNDES desembolsa recursos no Brasil, em Reais, à empresa brasileira exportadora à medida que as exportações são realizadas e comprovadas. Quem paga o financiamento ao BNDES, com juros, em dólar ou euro, é o país ou empresa que importa os bens e serviços do Brasil. Assim, é falso dizer que há envio de dinheiro do BNDES para o exterior. Pelo contrário: o financiamento à exportação gera entrada de recursos no Brasil, contribuindo para melhorar o desempenho do balanço de pagamentos externos do nosso país"".""Apenas quatro países _ Angola, Argentina, Venezuela e República Dominicana _ levaram do Brasil US$ 8 bilhões em financiamentos sem retorno""Texto de matéria do site ""Política e Poder"" que, até as 15h do dia 18 de abril, já tinha sido compartilhada 616 vezesFALSOÉ falso que esses quatro países tenham levado do Brasil ""financiamentos sem retorno."" Segundo a tabela dos principais destinos dos financiamentos executados pelo BNDES, Angola recebeu US$ 3,2 bilhões, a Argentina recebeu US$ 2 bilhões, Venezuela, US$ 1,5 bilhão e República Dominicana, US$ 1,2 bilhão. Somados os valores, chega-se a US$ 7,9 bilhões. Mas apenas a Venezuela tem saldo em aberto, no valor de US$ 352 milhões. Todos os outros países estão quitando seus empréstimos em dia.Além disso, esses empréstimos foram feitos no período de 1998 até 2019, ou seja, nos governos de Fernando Henrique Cardoso, Luis Inácio Lula da Silva, Dilma Rousseff e Michel Temer _ e não apenas nas administrações petistas.""Pior: o avalista do empréstimo é o governo brasileiro, ou seja, o contribuinte. O contribuinte pagará tanto o que o BNDES tomou do Tesouro para financiar a Odebrecht lá fora quanto o calote dos países financiados""Texto de matéria do site ""Política e Poder"" que, até as 15h do dia 18 de abril, já tinha sido compartilhada 616 vezesFALSODe acordo com o BNDES, o avalista de qualquer empréstimo feito pelo banco não é o contribuinte brasileiro, mas sim o Fundo de Garantia à Exportação (FGE), através do Seguro de Crédito à Exportação (SCE). Esse seguro funciona como qualquer outro: cobra um valor do país que pede o empréstimo proporcional ao risco que representa ao banco emprestar o dinheiro solicitado. Quando o país paga, o dinheiro vai para o caixa único do Tesouro Nacional, logo se há necessidade de uma indenização ao BNDES pelo atraso de algum pagamento, esse valor sai do mesmo caixa. Mas isso não significa dizer que o contribuinte é quem paga a indenização, porque o FGE é um fundo superavitário, ou seja, desembolsa menos dinheiro do que recebe. ""Desde a criação do FGE, há 20 anos, até outubro/2018, foram arrecadados US$ 1,35 bilhão em prêmios e pagos US$ 388 milhões em indenizações (US$ 160 milhões para outros bancos), tendo recuperado US$ 18,9 milhões. Portanto, ainda que os recursos para cobertura de dívidas precisem transitar pelo OGU, eles são provenientes dos prêmios pagos pelos devedores do financiamento, como é a lógica de qualquer seguro."", diz o site do banco.""Lula mandou o BNDES dar R$ 12,6 bilhões do Tesouro para financiar obras da Odebrecht em Angola. O prejuízo é o dobro desse valor""Texto de matéria do site ""Política e Poder"" que, até as 15h do dia 18 de abril, já tinha sido compartilhada 616 vezesFALSOO BNDES, em seu site, informa que emprestou a Angola US$ 3,2 bilhões de 1998 a 2019. Não é correto, portanto, usar a cotação atual do dólar _ R$ 3,93 _ para sustentar um valor de financiamento tomado ao longo dos anos. Ainda assim, o BNDES afirma que o saldo devedor de Angola é de US$ 708 milhões, e os pagamentos do país ao banco estão em dia. Não há prejuízo.""Somente a bolivariana Venezuela aplicou um beiço [calote] de US$ 1,5 bilhão no Brasil. Equivalem a R$ 5,7 bilhões""Texto de matéria do site ""Política e Poder"" que, até as 15h do dia 18 de abril, já tinha sido compartilhada 616 vezesFALSOEm seu site, o BNDES informa que a Venezuela tomou emprestado US$ 1,5 bilhão de 1998 a 2019 e que o saldo devedor do país com o banco é de US$ 438 milhões. Desses, estão em aberto, ou seja, não foram pagos, US$ 352 milhões. Este é o valor correto da inadimplência do país.Além disso, os R$ 5,7 bilhões mencionados na publicação equivalem ao valor do empréstimo feito corrigido pelo valor atual do dólar _ R$ 3,93. Isso não é correto, porque o empréstimo não foi tomado somente neste ano.Todas as operações de exportação de serviços de engenharia estão disponíveis para download aqui.Nota: esta reportagem faz parte do projeto de verificação de notícias no Facebook. Dúvidas sobre o projeto? Entre em contato direto com o Facebook.Editado por: Nathália Afonso e Natália Leal"	1
26	Vídeo mostra verme sendo retirado de galinha.	"""É #FAKE que vídeo mostra verme sendo retirado de galinha""Imagens circulam pela internet há mais de um ano. Especialista nega mensagem passada. Imagens de uma internauta ensinando outras pessoas a ""tirar o verme do frango"" que circulam pelas redes há mais de um ano têm voltado a viralizar. Durante o tutorial, são extraídas da ave duas estruturas de formato comprido, identificadas pela narradora como um parasita que deve ser retirado antes do preparo da comida. Mas a mensagem é #FAKE.A estrutura retirada do frango não é um verme. Segundo a professora Maria Angélica da Costa Pereira, do Laboratório de Sanidade Animal do Centro de Ciências e Tecnologias Agropecuárias na Universidade Estadual do Norte Fluminense, a parte retirada do corpo da galinha não tem semelhança com um verme nem mesmo a coloração de um parasita. O mais provável é que tenha sido retirado da ave apenas um pedaço da estrutura muscular do animal, que não causa danos à saúde.""Várias características mostram que não se trata de um verme. A primeira é a cor. Normalmente, esses parasitas têm uma coloração branca, um pouco amarelada, e com um efeito perolado. Neste vídeo, a cor é a mesma da carne do animal. Além disso, o que é retirado não tem nenhuma estrutura. Não há ali uma cabeça, uma cauda ou algo que pareça um tubo digestivo"", afirma Maria Angélica, acrescentando ainda que dificilmente vermes têm o mesmo tamanho ou espessura, como mostra o vídeo.A especialista destaca ainda que as contaminações por bactérias, ainda que nem sempre frequentes, podem ser mais comuns que a proliferação de vermes em frangos. Por isso, segundo ela, os consumidores devem ficar sempre atentos à procedência da carne que consomem, com a cautela de não criar alardes desnecessários.""Todos devemos sempre ficar de olho na procedência, conservação e data de validade de um alimento, para evitar riscos de contaminação e proliferação de bactérias, situações mais comuns que o aparecimento de vermes em frangos"", diz a especialista. "	1
27	Segurança do Carrefour suspeito de matar cachorro foi espancado por moradores.	"""É #FAKE que foto de homem espancado mostra funcionário do Carrefour suspeito de matar cachorro""Suspeito deu depoimento à polícia nesta quinta (6); ele não foi espancado por moradores. Texto falso tem circulado na web.  Circula pelas redes sociais uma publicação que diz que o segurança do Carrefour suspeito de matar um cachorro foi espancado. O texto é acompanhado de uma foto de um homem ferido. A publicação é #FAKE.O segurança prestou depoimento à polícia na tarde desta quinta-feira (6). Ele não foi espancado/linchado, como diz o texto falso que circula na web. A Secretaria da Segurança Pública diz que a publicação viral é ""fake news"".A imagem que ilustra a publicação apontada como sendo a do segurança espancado é, na verdade, de um suspeito que foi agredido no interior da Bahia após ser apontado como autor de uma tentativa de estupro de uma criança de quatro anos.A publicação falsa começou a circular na internet após a notícia de que a polícia investiga a morte de um cachorro por um funcionário do Carrefour em Osasco, na Grande São Paulo.Segundo ativistas, o funcionário envenenou e espancou o animal a pedido do dono da unidade, na última quinta-feira (28). O suspeito foi intimado pela polícia na terça (4).O Ministério Público de São Paulo instaurou, na tarde desta quarta-feira (5), um inquérito civil para apurar a ocorrência e os responsáveis pelos maus tratos.Em nota, o Carrefour afirma que o animal circulava pela unidade havia alguns dias e que o Centro de Zoonoses foi acionado diversas vezes para que o cachorro fosse retirado do local, mas o chamado só foi atendido na sexta (30).A rede afirma ainda que o funcionário envolvido foi previamente afastado. Mas diz que o animal perdeu os sentidos após a abordagem de profissionais do Centro de Zoonoses de Osasco.A Prefeitura de Osasco, por sua vez, diz que recolheu o animal ferido e sangrando, com escoriações múltiplas. "	1
28	Aposentadoria: José Sarney, R$ 109.982. Temer, R$ 68.985. FHC, 67.450. Joaquim Barbosa, R$ 46.320. Eliseu Padilha: R$ 32.467. Alvaro Dias, R$ 29.481. Dona Antônia, R$ 965.	" #Verificamos: Meme que denuncia aposentadoria de políticos apresenta dados falsosDe todos os citados, apenas Sarney recebe mais do que o teto do funcionalismoCircula nas redes sociais quadro comparando o suposto valor da aposentadoria de vários políticos, incluindo o presidente Michel Temer (MDB) e o ex-presidente José Sarney (MDB), com o do brasileiro médio. Por meio do projeto de verificação de notícias, usuários do Facebook solicitaram que esse material fosse analisado. Confira a seguir o trabalho de verificação da Lupa:""Aposentadoria: José Sarney, R$ 109.982. Temer, R$ 68.985. FHC, 67.450. Joaquim Barbosa, R$ 46.320. Eliseu Padilha: R$ 32.467. Alvaro Dias, R$ 29.481. Dona Antônia, R$ 965. Mas quem ferra o Brasil é a Dona Antônia""Imagem publicada no Facebook, com cerca de 250 compartilhamentos, também presente entre as mais compartilhadas nos grupos de WhatsApp monitorados pela UFMG entre os dias 5 e 6 de novembroFALSOTodos os valores estão incorretos. Dos políticos citados, o ex-presidente da República José Sarney (MDB) é o único que recebe aposentadoria acima do teto constitucional do funcionalismo público, hoje em R$ 33.763 - e, ainda assim, ganha muito menos do que diz a imagem. Ele acumula uma aposentadoria de senador, no valor de R$ 29.036,18, e outra de analista judiciário no Tribunal de Justiça do Maranhão, de R$ 14.033,58. Nem o portal da Transparência do Senado, nem o do TJ-MA mostram retenção por teto. Somadas, essas aposentadorias chegam a R$ 43.069,76.Há vários relatos jornalísticos de que Sarney recebe, ainda, uma pensão vitalícia por ser ex-governador do Maranhão. O mais recente, do Portal R7, é de setembro deste ano. O valor dessa pensão seria de R$ 30.471,11. Somada com as outras duas aposentadorias, o total bruto recebido pelo ex-presidente seria de R$ 73.540,87 por mês, ou seja, inferior ao citado na imagem. Entretanto, essa informação não estava disponível no Portal da Transparência do governo do Maranhão. A Lupa contatou a assessoria de comunicação do governo do estado para esclarecer essa discrepância, mas não recebeu retorno até as 20h do dia 9 de novembro.Já o presidente Michel Temer (MDB) tem direito a uma aposentadoria de R$ 45.626,89 pelo estado de São Paulo, pois foi procurador do estado. Entretanto, a previdência paulista retém R$ 15.155,78 por causa do teto do funcionalismo- que, em São Paulo, é de R$ 30.471,11. Ele também recebe parte de seu salário como presidente, até o limite do teto do funcionalismo federal.O ex-presidente Fernando Henrique Cardoso (PSDB) se aposentou como professor da Universidade de São Paulo (USP), e recebe R$ 25.089,67. Ele foi senador entre 1983 e 1992, mas não recebe aposentadoria do Senado.O ex-ministro do Supremo Tribunal Federal (STF) Joaquim Barbosa recebe exatamente o teto federal, R$ 33.763. Ministros aposentados recebem valor equivalente aos ativos, e é justamente o salário dos ministros do STF que determina o teto federal, segundo a Constituição. Barbosa também foi professor na Universidade Estadual do Rio de Janeiro (UERJ) e procurador no Ministério Público Federal (MPF), mas não recebe aposentadoria por seu trabalho nessas instituições.Ex-deputado, o ministro-chefe da Casa Civil Eliseu Padilha (MDB) recebe uma aposentadoria de R$ 19.386,91 da Câmara Federal. Assim como Temer, ele também recebe parte de seu salário de ministro.Por fim, o senador Alvaro Dias (Podemos) não recebe aposentadoria. Ele tem direito a benefício pago pelo Senado. Porém, pelas regras da Casa, senadores ativos não podem acumular o benefício com seu salário. Logo, o pagamento está suspenso. Ele também tem direito a uma pensão por ser ex-governador do Paraná, mas opta por não receber. Como senador, seu salário é exatamente o teto do funcionalismo.Ou seja, de todos os valores citados, o único que está próximo do correto é o da ficcional Dona Antônia, supondo que ela representa o aposentado que recebe o piso do INSS. Hoje, este valor é equivalente a um salário mínimo, de R$ 954 - e não R$ 965.Este conteúdo já havia circulado no início de 2018 e, à época, foi checado pelo jornal O Globo.*Nota: esta reportagem faz parte do projeto de verificação de notícias no Facebook. Dúvidas sobre o projeto? Entre em contato direto com o Facebook.Editado por: Clara Becker e Nathália Afonso"	1
29	"""Aos Fatos é uma dessas iniciativas."""	"Aos Fatos faz três anos com três novidades na mangaAos Fatos faz três anos com três novidades na mangaTwitterFacebookE-mailWhatsAppAos Fatos faz três anos com três novidades na mangaPor Tai Nalon 7 de julho de 2018, 02h00TwitterFacebookEmailWhatsAppHá três anos, Aos Fatos ia ao ar com a ambição de restabelecer o diálogo perdido entre leitores e políticos ao separar fato de ficção no discurso público. Nesse período, a equipe cresceu de dois para dez colaboradores; de zero para mais de 1.500 checagens publicadas; de zero para três principais fontes de financiamento. Entretanto, o saldo neste 7 de julho de 2018 ainda é preocupante.Como disse em junho passado o diretor da IFCN (International Fact-Checking Network), Alexios Mantzarlis, ""uma nuvem negra paira sobre nós"". A fala do diretor da entidade norte-americana que agrega checadores do mundo inteiro servia de alerta para tempos difíceis: ""o descontentamento e a desconfiança que atormentam a mídia tradicional estão atingindo os checadores"". Não só no Brasil, mas também em outros países, esta técnica jornalística que se presume isenta e plural tem sido alvo de ataques de políticos e de extremistas de ambos os lados do espectro político. A preocupação é única: anular de maneira irreversível aquela tentativa de diálogo preconizada na criação do Aos Fatos.A crescente radicalização não impediu que o número de iniciativas de checagem de fatos crescesse. Até fevereiro deste ano, de acordo com o Reporters Lab da Universidade Duke, nos Estados Unidos, havia 149 projetos de checagem ativos em 53 países - o triplo em relação há quatro anos.Grandiosos, os números são cortina de fumaça para uma atividade tanto necessária quanto pouco rentável. No mês passado, encontraram-se em Roma 42 plataformas de checagem de todos os continentes. Todavia, 26 delas operaram em 2017 com um orçamento abaixo de US$ 100 mil (cerca de R$ 386 mil). Aos Fatos é uma dessas iniciativas.A fragilidade financeira dessas plataformas não impediu que elas fossem alçadas à presunçosa função de arbitrar a verdade factual nas redes sociais. Também não foi entrave para que assumissem protagonismo político na luta contra uma das epidemias do nosso tempo histórico: a da desinformação. Assim, criou-se um problema de assimetria entre o ofício e a expectativa em torno dele.Na Europa, mesmo subfinanciados e sobrecarregados, checadores de fatos foram instados a cooperar em reuniões de alto nível para estabelecer diretrizes de combate a boatos inflados pelas redes sociais. Já no Brasil, viraram alvo do ódio de políticos cujos vencimentos anuais superam com folga os supracitados US$ 100 mil.Em vez de construir políticas públicas de ampliação do acesso à informação e à educação para a mídia, legisladores têm preferido usar seus mais de R$ 400 mil anuais para agendar reuniões, audiências e sessões que defendem a intimidação de jornalistas, a violação da liberdade de expressão e a criminalização da produção de notícias falsas. As eleições deste ano devem impor uma folga à sanha autoritária de alguns projetos de lei que tentam resolver o problema da desinformação, mas o assunto não morrerá com o fechamento das urnas.Ao completar esses intensos três anos de história, Aos Fatos prega serenidade. Esta plataforma pretende fazer sua parte e construir estratégias transformadoras para uma sociedade bem informada. Não há mistério: a ideia é aliar jornalismo, tecnologia e educação para, passadas as eleições, investir em tecnologia educacional para a mídia, por meio de publicações digitais, aplicativos, plug-ins e robôs educativos. Aos Fatos acredita que só com a tecnologia é possível municiar jovens com as melhores ferramentas de identificação de conteúdo confiável. Este site está aberto a parcerias nesse sentido.Antes de tantos planos para o futuro, porém, vamos aos fatos? O título deste texto promete três novidades em comemoração aos três anos deste site. Nesta e nas próximas três semanas, Aos Fatos deve publicar nas redes uma série de iniciativas cujo objetivo é promover transparência e ampliar o nosso alcance. Veja, abaixo, quais são elas.1. @fatimabotNa próxima semana, a @fatimabot, a robô checadora do Aos Fatos no Twitter, sairá de sua fase beta. O aplicativo mapeia na rede social links com conteúdo checado e cadastrado por Aos Fatos num banco de dados de notícias falsas ou distorcidas. Ao identificar a URL (endereço do site) desse conteúdo problemático, @fatimabot dispara uma resposta para o perfil que compartilhou a URL com o link para a informação correta: a checagem do Aos Fatos. Desse modo, todos aqueles usuários do Twitter que foram expostos a uma informação falsa também terão acesso à informação verificada.A iniciativa, mesmo em fase de teste, já tem resultados relevantes. Até este 7 de julho, em menos de um mês, @fatimabot havia detectado a distribuição de 625 links com notícias falsas. Ao menos 30 usuários deletaram o tweet com a informação falsa como resultado do alerta emitido pela robô. Há até mesmo usuários satisfeitos com o alerta.2. Manual Aos Fatos de ChecagemProduzido pela equipe de editores do Aos Fatos, o Manual Aos Fatos de Checagem é a primeira edição do nosso manual de redação e será lançado nas próximas semanas. A publicação será digital, de livre distribuição e trará dezenas de páginas explicativas com todos os procedimentos adotados pela equipe editorial do Aos Fatos ao checar uma informação. O objetivo é tornar a rotina da redação deste site mais clara para o nosso leitor mais exigente.O Manual Aos Fatos de Checagem vai abordar desde o processo de escolha de uma informação a ser checada até o tratamento editorial final. Também publicará parâmetros mais objetivos para a escolha dos selos de classificação de informações, deixará claro com quantas fontes se constrói uma checagem robusta e quais os procedimentos adotados durante uma cobertura em tempo real.3. Fátima no MessengerFátima é nosso chatbot para Messenger, fruto de uma colaboração do Aos Fatos Lab com o Facebook Journalism Project. A partir da segunda quinzena de julho, Fátima dará dicas sob demanda sobre checagem e verificação de fatos por meio do aplicativo de mensagens do Facebook. Bastará acioná-la na página do Aos Fatos na rede social ou procurar por Aos Fatos no aplicativo do Messenger para começar a conversar.Quer saber como checar uma informação em vídeo? Fátima vai poder ajudar. Quer saber identificar uma notícias falsa? Fátima vai saber orientar. Quer entender a diferença entre notícia e opinião? Fátima terá a resposta.Com essas iniciativas, Aos Fatos acredita estar na vanguarda do combate à desinformação nas redes sociais ao mesmo tempo em que presta contas ao seu leitor mais entusiasta. O objetivo dessas experiências é, a longo prazo, tornar o consumidor de informações online mais maduro, de modo que ele tenha autonomia para saber o que é verdadeiro e o que é falso nas redes sociais e, com isso, tomar decisões bem informadas.Aos Fatos acredita também que a melhora do ambiente informativo passa por mais transparência. Precursor na tarefa de separar fato de ficção no discurso público, também é nossa função listar o que são nossos feitos, de modo que não haja suspeita ou conspiração sobre a nossa capacidade organização, nosso financiamento e nossa conduta.Fatos importam. Veja, abaixo, uma boa lista deles. OS SUCESSOS DO ÚLTIMO ANOPor meio do Aos Fatos Lab, firmamos uma parceria com o Facebook Journalism Project para desenvolver um dos braços de inteligência artificial do Aos Fatos: o chatbot Fátima.Também na seara da automação, ganhamos um prêmio de R$ 100 mil para desenvolver a versão da Fátima para o Twitter. A @fatimabot distribui checagens para todos aqueles perfis que compartilharem uma URL com conteúdo falso ou distorcido.Iniciamos uma parceria com o Facebook para verificar conteúdo marcado por usuários como potencialmente falsos. O projeto tem hoje 26 veículos envolvidos em mais de dez países com o objetivo de combater a desinformação na rede social.Renovamos nossa certificação pela IFCN (International Fact-Checking Network) após uma auditoria que reconheceu nosso compromisso com apartidarismo, transparência e correção.Em parceria com a mesma IFCN, lançamos no Dia Internacional da Checagem, em 2 de abril, um manual ilustrado em formato HQ com dicas de verificação voltadas a jovens. ""Fábio Fato não dá mole para notícias falsas"" foi traduzido para o inglês, o espanhol, o italiano, o francês e o suaíli.Com uma checagem que desmentia boatos sobre a vereadora Marielle Franco, morta em março deste ano, tivemos mais de um milhão de acessos em nosso site em apenas um fim de semana e contribuímos para diminuir a disseminação de desinformação sobre o caso.Em parceria com o Volt Data Lab, produzimos uma investigação inédita sobre consumo de notícias online. Verificamos que leitores desconfiam das informações que recebem via ferramentas como o WhatsApp, mas não checam.Por meio do Aos Fatos Lab, firmamos uma parceria com a revista Nova Escola para o projeto Mentira na educação, não!, com checagens temáticas sobre as políticas públicas educacionais no país.Seguimos de vento em popa com o UOL, nosso primeiro parceiro editorial, para checar o que os candidatos às eleições 2018 andam falando por aí.Ampliamos nossas equipes editorial e de tecnologia. Hoje somos sete jornalistas e três desenvolvedores - alguns em meio período e outros com carga horária completa. Quando foi lançado, em 7 de julho de 2015, Aos Fatos tinha apenas dois integrantes.Usamos as redes sociais como catalisadores de audiência: criamos um perfil bem sucedido no Instagram, com mais de 2,5 mil seguidores. Acumulamos desde 2015 mais de 47 mil curtidas na nossa página do Facebook e 143 mil seguidores no Twitter.Repercutimos em veículos nacionais e internacionais, sobretudo para dar dicas de checagem e comentar a crise de desinformação acentuada pelas redes sociais. OS DESAFIOS DO ÚLTIMO ANOAos Fatos considera ter alcançado entre 2017 e 2018 um número inédito de pessoas com suas checagens. No entanto, não conseguiu superar a barreira de resistência de alguns leitores à checagem de fatos como consequência da forte polarização política que se impõe no país. Por conta disso também, foi alvo de campanha de ódio e perseguição nas redes sociais.Aos Fatos se percebe um produtor de conteúdo de excelência, mas ainda não amadureceu seu método para dar conta de verificar o número incomensurável de inverdades produzidas e reproduzidas na internet - e suas nuances. Não raro, é difícil chegar a um consenso interno sobre qual selo dar a uma determinada declaração. Apesar disso, esta equipe entende a limitação dos nossos recursos editoriais e tenta encontrar soluções para eles. Acreditamos que nossos leitores não estão suficientemente cientes desse esforço cotidiano. Sabemos também que comunicar esse esforço não nos isenta de intenso escrutínio.Estivemos perto de fechar em meados do segundo semestre de 2017. Embora Aos Fatos não siga um modelo lógico de lucro, pois absolutamente todos os recursos geridos são reinvestidos em pessoal e estrutura, em setembro de 2017 este site esteve próximo de não conseguir cobrir seus próprios custos. Foi, contudo, circunstancial: a partir de outubro daquele ano, firmou novas parcerias, que permitiram que a equipe fosse ampliada e a estrutura, mantida.TwitterFacebookEmailWhatsAppLeia tambémCinco fatos sobre migraçãoNão é verdade que Moro afastou promotor do caso Queiroz e delegado que investiga morte de MarielleHomem em foto com Flávio Bolsonaro é assessor do senador, não acusado de matar Marielle]"	1
30	A vacina contra a febre amarela leva à morte por causa da presença de mercúrio que causa intoxicação.	"""Boato diz que vacina contra a febre amarela é mortal; saiba por que é falso  ""Um falso boato dizendo que a vacina contra a febre amarela leva à morte está circulando na internet. O texto,... Um falso boato dizendo que a vacina contra a febre amarela leva à morte está circulando na internet. O texto, publicado em site que possui a aparência de um portal de notícias, reproduz de forma idêntica as informações de outra falsa publicação que circulou anos atrás dizendo que a vacina contra a gripe H1N1 era um ""veneno mortal"".A falsa notícia diz que a presença de mercúrio na vacina causa intoxicação. À época em que era propagado o boato sobre a vacina contra o vírus H1N1, a Fiocruz (Fundação Oswaldo Cruz) esclareceu que o mercúrio está presente em vacinas como a da gripe e da febre amarela, mas em baixíssima concentração (25 microgramas por dose de 0,5ml, ou 0,01% da dose), o que não causa nenhum tipo de intoxicação.O Ministério da Saúde diz que ""a vacina contra febre amarela é altamente eficaz e segura para o uso"". Sua eficácia é superior a 90%. A vacina, desenvolvida pelo laboratórioBio-ManguinhosdaFiocruz, é produzida no Brasil desde 1937.Conservante antigoDe acordo com a Fiocruz, o timerosal, conservante que contém mercúrio, é usado desde 1930 em vacinas, como na tetravalente, indicada contra difteria, tétano, coqueluche e meningite, e na tríplice viral, que combate a caxumba, rubéola e sarampo. Segundo o órgão, ele serve para ""evitar crescimento de fungos ou bactérias, no caso de a vacina ser contaminada acidentalmente na hora da punção repetida no frasco multi-dose"".A OMS (Organização Mundial da Saúde) também indica o uso do conservante timerosal em vacinas, informa a Fiocruz. Estudos sobre o timerosal não encontraram evidências de contaminação em crianças ou adultos expostos à substância. O mercúrio presente nas vacinas é expelido pelo organismo e não se acumularia em repetidas injeções, diz a fundação.Quem não deve tomar a vacina de febre amarela?Por se tratar de um vírus vivo atenuado, a vacina oferece riscos para pessoas que possuem baixa imunidade ou que tenham alergia a ovo, que é usado em sua fabricação. Nessas pessoas, ela pode causar reações alérgicas, reações no sistema nervoso central e o desenvolvimento da própria doença.Assim, ela não é recomendada para quem é portador de HIV, pessoas que possuem doenças que diminuem a imunidade natural do corpo (como câncer), para bebês com menos de seis meses, mulheres grávidas ou que estejam amamentando e idosos com mais de 60 anos. Pessoas com esse perfil até podem tomar a vacina, mas precisam passar antes por avaliação médica.Há reações adversas à vacina?Cerca de 10% das pessoas vacinadas podem ter febre e dor de cabeça após tomarem a vacina. Há, contudo, uma reação rara, mas grave, em que vírus atenuado da vacina ataca o fígado e desencadeia complicações semelhantes à da doença.Essa reação acomete cerca de 1 pessoa a cada 1 milhão que toma a vacina. O problema não está na vacina, e sim em características do indivíduo, mas os cientistas não sabem ainda explicar as causas dessa reação. "	1
31	"""Deu no Charlie Hebdo: um mar de corrupção"""	" #Verificamos: É falsa a capa da revista Charlie Hebdo criticando censura do STF à CrusoéA última edição da publicação francesa trata sobre o incêndio da catedral de Notre DameCircula nas redes sociais a imagem de uma suposta capa da revista satírica francesa Charlie Hebdo, com caricaturas do presidente do Supremo Tribunal Federal (STF), Dias Toffoli, e do ministro do STF Alexandre de Moraes. Segundo a postagem, a publicação teria criticado a censura imposta por Moraes à revista Crusoé e ao site O Antagonista, na semana passada. Por meio do projeto de verificação de notícias, usuários do Facebook solicitaram que esse material fosse analisado. Confira a seguir o trabalho de verificação da Lupa:""Deu no Charlie Hebdo: um mar de corrupção""Legenda depost que, até as 10h do dia 24 de abril de 2019, tinha sido compartilhado mais de 13,5 mil vezes no FacebookFALSOA imagem analisada pela Lupa é falsa. A decisão de Alexandre de Moraes determinando que a revista Crusoé e o site O Antagonista retirassem do ar a reportagem ""O amigo do amigo de meu pai"", que ligava o ministro Dias Toffoli a uma delação de Marcelo Odebrecht, foi feita na sexta-feira (12). De lá até esta quarta-feira (24), a Charlie Hebdo publicou apenas uma capa, e nela trata sobre o incêndio da catedral de Notre Dame, em Paris _ não da censura do STF. Além disso, vale destacar que a foto foi adulterada. No registro original, feito pelo fotógrafo da Reuters Eric Gaillard, um homem de fato lê a Charlie Hebdo. No entanto, trata-se de uma edição de janeiro de 2015 _ a primeira publicada após o ataque que deixou onze mortos na redação do semanário satírico. Checagem semelhante foi feita pelos sitesAos Fatose Estadão Verifica. Nota: esta reportagem faz parte do projeto de verificação de notícias no Facebook. Dúvidas sobre o projeto? Entre em contato direto com o Facebook.Editado por: Maurício Moraes e Cristina Tardáguila"	1
32	Instituto Ayrton Senna autorizou uso de música tema da vitória e que ela foi usada na última propaganda de Bolsonaro.	"""É #FAKE que Instituto Ayrton Senna autorizou uso de música tema da vitória e que ela foi usada na última propaganda de Bolsonaro""Vídeo, que não foi exibido na TV, usa música associada ao piloto Ayrton Senna com imagens da campanha do candidato. Instituto comandado pela irmã do piloto nega autorização para uso da música. Um vídeo que circula há alguns dias na internet é apresentado como a ""despedida do horário eleitoral do Bolsonaro"" e utiliza o chamado ""Tema da Vitória"", música que era utilizada nas comemorações de corridas vencidas pelo piloto Ayrton Senna, morto em 1994. Na apresentação do vídeo, é dito que o uso da música foi ""autorizado pela Viviane Senna"", irmã do diretor e diretora do instituto Ayrton Senna. A informação é #FAKE.A despeito da legenda, o vídeo também não foi utilizado no último programa eleitoral de Bolsonaro, transmitido na noite de sexta-feira (26). Em nota publicada no perfil oficial do Facebook, o Instituto Ayrton Senna esclarece que ""a mensagem que acompanha o vídeo trata-se de fake news"". ""A imagem e toda a associação com o piloto Ayrton Senna não têm autorização do instituto para uso em campanhas eleitorais e seus respectivos candidatos"".A nota também informa que ""os direitos da música não pertencem ao instituto, mas o combate à circulação de notícias falsas é papel de todos nós"".O vídeo tem milhares de visualizações no Youtube, postado por diferentes usuários. Ele não consta dos canais oficiais nem do candidato Jair Bolsonaro nem de qualquer um de seus filhos, mas foi postado por apoiadores do presidenciável como a deputada federal eleita pelo PRP no Distrito Federal, Bia Kicis, que se apresenta como ""a federal do Bolsonaro no DF.""Neste sábado e domingo a equipe do Fato ou Fake se uniu a outras cinco agências de checagens de notícias no Brasil para checar as mensagens de conteúdo suspeito nesta reta final das eleições. A ideia de juntar forças é para ganhar mais agilidade e aumentar o alcance das checagens. A parceria reúne o Fato ou Fake, Projeto Comprova, Lupa, Aos Fatos, Boatos.org e E-Farsas "	1
33	"""O Brasil inteiro sabe que eu sempre fui rival do PT. Mas agora não há saída: entre Haddad e Bolsonaro, vou de Haddad."""	"Não é verdade que FHC declarou apoio a Fernando HaddadNão é verdade que FHC declarou apoio a Fernando HaddadTwitterFacebookE-mailWhatsAppNão é verdade que FHC declarou apoio a Fernando HaddadPor Bárbara Libório 27 de outubro de 2018, 12h55TwitterFacebookEmailWhatsAppCircula pelas redes sociais uma imagem do ex-presidente Fernando Henrique Cardoso (PSDB) acompanhado de uma declaração de apoio ao candidato Fernando Haddad (PT) no segundo turno das eleições presidenciais. A informação, no entanto, é FALSA. O presidente de honra do PSDB já declarou diversas vezes que nem o PT nem Jair Bolsonaro, candidato do PSL, explicitaram compromisso com o que ele crê. Em suas redes sociais, o ex-presidente também reclamou de ser vítima de boatos que tentam vinculá-lo a algum dos candidatos.No Facebook, a imagem foi postada por perfis pessoais e já teve mais de 1.500 compartilhamentos até a manhã deste sábado (27). O conteúdo foi denunciado por usuários do Facebook e classificadas com o selo FALSO na ferramenta de verificação da rede social (entenda como funciona).Confira abaixo, em detalhes, o que foi verificado.FALSOO Brasil inteiro sabe que eu sempre fui rival do PT. Mas agora não há saída: entre Haddad e Bolsonaro, vou de Haddad. - Fernando Henrique Cardoso (PSDB)A imagem com a foto do ex-presidente tucano Fernando Henrique Cardoso e os dizeres ""O Brasil inteiro sabe que eu sempre fui rival do PT. Mas agora não há saída: entre Haddad e Bolsonaro, vou de Haddad"" é FALSA. Desde o início da campanha para o segundo turno das eleições presidenciais, FHC declarou que não se sentia representado pelas ideias de nenhum dos candidatos.Em 8 de outubro, segunda-feira seguinte à votação do primeiro turno, ele disse em seu Twitter que não apoiaria nenhum dos dois. ""Por que haveria de me pronunciar sobre candidaturas que ou são contra ou não se definem sobre temas que prezo para o país e o povo?"".As redes divulgam que apoiarei Haddad. Mentira: nem o PT nem Bolsonaro explicitaram compromisso com o que creio. Por que haveria de me pronunciar sobre candidaturas que ou são contra ou não se definem sobre temas que prezo para o país e o povo?- Fernando Henrique Cardoso (@FHC) 8 de outubro de 2018No dia 14, em entrevista ao Estadão, o presidente de honra do PSDB afirmou que um apoio a Jair Bolsonaro, do PSL, estava excluído. ""O Bolsonaro pelas razões políticas está excluído. O outro eu quero ver o que vai dizer"", afirmou. Quando perguntado se haveria uma porta aberta para Fernando Haddad, ele respondeu: ""Eu não diria aberta, mas há uma porta. O outro não tem porta. Um tem um muro, o outro uma porta. Figura por figura, eu me dou com Haddad. Nunca vi o Bolsonaro.""FHC também usou o Twitter para criticar declarações de Jair Bolsonaro e de seu filho, o deputado Eduardo Bolsonaro. Disse que elas lembravam o ""fascismo"" e ""outros tempos"", e afirmou que Brasil precisa de coesão.As declarações do dep. E Bolsonaro merecem repudio dos democratas. Prega a ação direta, ameaça o STF. Não apoio chicanas contra os vencedores, mas estascruzaram a linha, cheiram a fascismo. Têm meu repúdio, como quaisquer outras, de qualquer partido, contra leis, a Constituição.- Fernando Henrique Cardoso (@FHC) 21 de outubro de 2018Inacreditável: um candidato à Presidência pedir às pessoas que se ajustem ao que ele pensa ou pagarão o preço: cadeia ou exílio. Lembra outros tempos. O que o Brasil precisa é de coesão no rumo do crescimento e diminuição da desigualdade.- Fernando Henrique Cardoso (@FHC) 22 de outubro de 2018Por fim, na última sexta-feira (24), o tucano se posicionou em relação aos boatos que tentam relacioná-los a um dos candidatos à Presidência. Disse que tudo o que afirmou, por ora, é que não votará em Jair Bolsonaro. ""Nada além disso"", completou.Há um lado horroroso do mundo novo, o da conexão: notícias fakes, com minha foto e tudo, afirmam que declarei apoio a um dos candidatos presidenciais.Mentira. O que penso declaro no Twitter e na mídia. Por ora disse que no Bolsonaro não voto e dei as razões. Nada além disso.- Fernando Henrique Cardoso (@FHC) 26 de outubro de 2018TwitterFacebookEmailWhatsAppLeia tambémCinco fatos sobre migraçãoNão é verdade que Moro afastou promotor do caso Queiroz e delegado que investiga morte de MarielleHomem em foto com Flávio Bolsonaro é assessor do senador, não acusado de matar Marielle]"	1
34	Lewandowski quer sessão secreta para julgar libertação de Lula.	"""É #FAKE que Lewandowski quer sessão secreta para julgar libertação de Lula""Mensagem falsa circula nas redes. STF ressalta que todos os julgamentos são públicos. Uma postagem compartilhada nas redes sociais afirma que o ministro do Supremo Tribunal Federal (STF) Ricardo Lewandowski pretende realizar uma sessão secreta para julgar a libertação do ex-presidente Luiz Inácio Lula da Silva no dia 26 de novembro. O ex-presidente está preso em Curitiba, no âmbito da Operação Lava Jato. A mensagem, porém, é #FAKE.A assessoria de imprensa do STF afirma que o conteúdo da mensagem é ""totalmente improcedente"" e ressalta que todas as sessões de julgamento realizadas pelo tribunal são públicas e com pauta previamente definida. Além disso, não há sessão prevista para o dia 26 de novembro.Uma imagem semelhante já havia circulado nas redes neste ano, quando a 2° turma do STF agendou o julgamento de um recurso do petista para junho. O próprio ministro, na ocasião, desmentiu que havia a intenção de realizar uma sessão secreta .""Essas notícias não só não me intimidam como reforçam minha convicção de cumprir a Constituição e as leis do país"", declarou Lewandowski ao fim de um julgamento sobre artigos da lei eleitoral que proibiam sátiras de políticos na imprensa.Diferentemente dos julgamentos do plenário da Corte, as sessões das turmas do STF não são transmitidas pela TV Justiça, mas é permitida a entrada da imprensa, de fotógrafos e do público em geral. "	1
35	"""Lula relaciona o PT ao fascismo e ao nazismo, menos à democracia."""	"""É #FAKE que Lula, em vídeo, relaciona o PT ao fascismo e ao nazismo, menos à democracia""Vídeo foi totalmente editado e frases não foram ditas por Lula da forma como aparecem. Gravação original foi publicada no Facebook de Lula no dia 22 de setembro de 2017. Circula nas redes sociais um vídeo acompanhado da seguinte frase: ""Vídeo guardado a sete chaves pelo PT, entregue pelo Palocci"". Nas imagens, o ex-presidente Lula diz que ""queria sugerir ao partido qualquer coisa, menos democracia, mas sim fascismo e nazismo"". A gravação passou por cortes e é #FAKE.No vídeo editado, que já tem quase 3 milhões de visualizações, Lula destaca a importância de convencer a juventude em relação ao que querem fazer: ""Assim a gente vai convencer muita gente a vir pro PT"". E ""convencer as pessoas a mudarem para destruírem tudo o que o Estado faz"".A gravação editada circula desde 2017, mas voltou a ser compartilhada com força após o 1° turno das eleições, realizado no último dia 7 de outubro.Um dos cortes pode ser percebido após o trecho ""Eu penso que as pessoas devem se filiar ao PT primeiro porque o PT precisa convencer as pessoas"". Assim que Lula termina de falar esse trecho, é encaixada a fala ""a negação da política"". Há ainda outro corte e a fala que vem na sequência é: ""Fascismo, nazismo. Qualquer outra coisa, menos democracia"".Também é possível notar que, devido aos cortes, Lula muda repentinamente de posição no espaço em que circula.A coligação O Brasil Feliz de Novo, que inclui PT, Pros e PCdoB, se manifestou sobre o vídeo fake: ""O vídeo original é completamente diferente disso! Lula fala sobre a criação do partido, suas origens e seu compromisso com a democracia e o respeito entre as pessoas e suas diferenças"".O vídeo original e sem cortes foi publicado nas redes sociais do ex-presidente no dia 22 de setembro de 2017 na ocasião em que ocorreu o lançamento da campanha de filiação ao PT e tem 44 minutos de duração.Em um dos trechos da versão original, ele diz: ""Eu penso que as pessoas devem se filiar ao PT primeiro porque o PT precisa convencer as pessoas de que não existe saída para o Brasil e para qualquer país do mundo fora da política. O PT tem que ser o partido que enfrenta essa discussão, sabe, contra a negação da política. Fora da política, nós teremos fascismo, nazismo, qualquer outra coisa, menos democracia"". "	1
36	"""Em 2003, ocorreram no Brasil mais de 50 mil homicídios, número semelhante ao verificado em 2004 e não divergente dos registrados nos anos seguintes."""	"Projeto de lei para revogar Estatuto do Desarmamento falseia dadosProjeto de lei para revogar Estatuto do Desarmamento falseia dadosTwitterFacebookE-mailWhatsAppProjeto de lei para revogar Estatuto do Desarmamento falseia dadosPor Ana Rita Cunha e Luiz Fernando Menezes 6 de março de 2018, 17h30TwitterFacebookEmailWhatsAppO projeto de lei 3722/2012, do deputado Rogério Peninha Mendonça (PMDB-SC), propõe a revogação do Estatuto do Desarmamento, mas usa dados errados ou descontextualizados para justificar as mudanças legais.No texto de justificativa que acompanha o projeto, o deputado apresentou dados falsos sobre homicídios e campanha de desarmamento, mencionou dados imprecisos sobre venda de armas, além de mencionar de forma equivocada que a ONU reconheceu a ausência de correlação entre armas e aumento de homicídio.O texto, que propõe substituir o Estatuto do Desarmamento pelo Estatuto de Controle de Armas de Fogo, já foi aprovado em todas as comissões e está pronto para ser pautado para votação em plenário. Junto ao projeto foram apensados outros 21 que também propõem alterações no Estatuto do Desarmamento.Dentre as principais mudanças está o afrouxamento nas regras para obtenção e porte de arma de fogo, como a redução da idade mínima e o fim de restrições para portá-las na rua.FALSOEm todo o ano de 2004 e nos dez meses de 2005, período em que as restrições à posse e ao porte de arma vigoraram antes do referendo, mesmo com forte campanha de desarmamento, (...) os índices de homicídio não sofreram redução. Em 2003, de acordo com o Mapa da Violência 2011, estudo nacional mais completo disponível sobre o assunto, ocorreram no Brasil mais de 50 mil homicídios, número semelhante ao verificado em 2004 e não divergente dos registrados nos anos seguintes.Os dados sobre homicídios mencionados na justificativa do projeto de lei estão errados. No estudo mencionado pelo autor do projeto, o Mapa da Violência 2011, tanto o número de homicídios quanto a taxa de homicídios por 100 mil habitantes vinham em trajetória crescente desde 1998 e passaram a cair a partir de 2004, ao contrário do que afirma o deputado Rogério Mendonça.Segundo o mapa, em 2003, houve 51.043 homicídios no Brasil. Em 2004, diminuiu para 48.374 homicídios. Em 2005, para 47.578 homicídios. Na afirmação, o deputado arredonda os números considerando a redução de 3.465 homicídios em dois anos pouco relevante.O relatório citado por Mendonça apresenta os dados de homicídios de 1998 a 2008. Durante esse período, o número de homicídios, mesmo com um aumento em 2006, fica sempre abaixo dos valores de 2003. Além disso, o documento apresenta apenas os dados anuais, não tendo nenhum número referente apenas aos dez primeiros meses de 2005, como mencionado pelo deputado.Além da queda nos números absolutos, a taxa de homicídios por 100 mil habitantes no país também sofreu redução no período mencionado pelo deputado. Em 2003, foram 28,9 homicídios por 100 mil habitantes, em 2004, essa taxa caiu para 27,0 e em 2005, 25,8.O Mapa da Violência de 2013 especial sobre armas de fogo também aponta redução nas mortes no período mencionado pelo deputado. Em 2003, ocorreram 39.325 mortes por arma de fogo no Brasil, no ano seguinte foram 37.113 mortes e, em 2005, foram 36.060. Essa queda foi impulsionada principalmente pela redução dos homicídios, que passaram de 36.111, em 2003, para 33.419, em 2005.VERDADEIRO(...) mesmo com forte campanha de desarmamento, na qual se recolheu aproximadamente meio milhão de armas (...)Na afirmação sobre os dados de homicídio de 2004 e 2005, o deputado Roberto Mendonça cita de forma correta o número de armas recolhidas na campanha do desarmamento antes do referendo sobre o desarmamento. De acordo com estudo da ONG Viva Rio, durante a campanha de desarmamento (entre julho de 2004 e outubro de 2005), foram recolhidas 459.855 armas de fogo - ou seja ""aproximadamente meio milhão"". A campanha foi coordenada pelo Ministério da Justiça e conduzida pela Polícia Federal.Ao todo, entre 2004 e 2005, foram recolhidas 464 mil armas de fogo, segundo a Diretoria de Fiscalização de Produtos Controlados do Exército.IMPRECISOVoltando aos números do Mapa da Violência, desta vez em sua edição mais recente, edição 2012, tem-se que, dos 27 brasileiros, os homicídios, depois da vigência do estatuto, cresceram em nada menos do que 20.O deputado Rogério Mendonça não especificou o período de comparação, nem o indicador utilizado. Por isso, a declaração foi considerada IMPRECISA. Dependendo do recorte temporal e da variável selecionada, o comportamento da curva de homicídios por unidade da federação é diferente.O Estatuto do Desarmamento entrou em vigor em dezembro de 2003 e, desde então, a trajetória de homicídios oscilou. Logo no primeiro ano de implementação da lei, houve crescimento no número de homicídios em 10 das 27 unidades da federação, segundo Mapa da Violência de 2012, documento usado como referência pelo deputado.Em 2010, de acordo com dados preliminares, o número de homicídios cresceu em 21 unidades da federação, na comparação com 2003, número próximo ao apontado pelo deputado. Em 2009, de acordo com dados consolidados, houve aumento no número de homicídios em 22 unidades da federação.Porém, a variação da taxa de homicídios por 100 mil habitantes nos estados mostra resultado diferente. A taxa de homicídios é um indicador que leva em conta oscilações na demografia da região e, de 2003 para 2004, a aumentou em apenas oito estados. Na comparação dos dados preliminares de 2010 com 2003, 16 unidades da federação tiveram aumento na taxa de homicídio por 100 mil habitantes. Em 2009, quando comparado com 2003, 17 unidades da federação tiveram aumento na taxa de homicídio.Vale ressaltar que o Estatuto do Desarmamento sofreu mudanças ao longo desse período. Entre as mudanças mais relevantes, passou a ser permitido o porte de arma no trabalho para pessoas com armas registradas, agentes públicos de segurança passaram a poder portar arma particular e também foi estabelecida a idade mínima de 25 anos para porte de arma para moradores de área rural que a usam para subsistência familiar.VERDADEIRORealizada tal consulta, a proibição foi rejeitada pela população brasileira, com esmagadora maioria de votos, num total de quase 60 milhões, marca superior às alcançadas pelos presidentes eleitos pelo voto democrático.O referendo sobre a proibição do comércio de armas de fogo e munição aconteceu em outubro de 2005 e realmente os votos ""Não"" superaram os votos ""Sim"". Foram cerca de 59 milhões de votos (63,94%) contra cerca de 33 milhões (36,06%). De acordo com o TSE, 78,16% dos 123 milhões de eleitores na época participaram da consulta.O ex-presidente Lula ainda é o presidente com o maior número de votos alcançados: foram 58 milhões nas eleições de 2006. Portanto, a declaração acerta ao dizer que os votos contrários à proibição do comércio de armas de fogo superaram os de qualquer presidente eleito.O referendo estava previsto no próprio texto do estatuto e ocorreu em outubro de 2005. Os votantes foram questionados sobre o artigo 35 do estatuto que proibia ""a comercialização de arma de fogo e munição em todo o território nacional"", salvo exceções previstas em lei, como agentes de segurança.Hoje, segundo a última pesquisa do Datafolha, a maioria dos brasileiros - 56% - é contrária à ampliação do porte de armas legal. Mas essa posição vem diminuindo a cada ano: enquanto em 2013, 68% se diziam contrários à medida, em 2014, esse número diminuiu para 62% e, por fim, chegou a 55% em 2017.INSUSTENTÁVELApós a promulgação do Estatuto do Desarmamento, o comércio de armas de fogo e munição caiu 90% no país, dadas às quase intransponíveis dificuldades burocráticas que foram impostas para a aquisição desses produtos. Dos 2.400 estabelecimentos especializados registrados pela polícia federal no ano 2000, sobravam apenas 280 em 2008.A informação apresentada pelo deputado provavelmente se refere a um dado mencionado em uma reportagem do jornal O Estado de S. Paulo, em que diretor regional da Associação Nacional dos Proprietários e Comerciantes de Armas (ANPCA), Misael Antonio de Sousa, afirmou que, depois da "	1
37	Fernando Haddad defendeu em livro sexo entre pais e filhos	"É falso que Fernando Haddad defendeu em livro sexo entre pais e filhosÉ falso que Fernando Haddad defendeu em livro sexo entre pais e filhosTwitterFacebookE-mail<a href=""#"" data-text=""*É falso que Fernando Haddad defendeu em livro sexo entre pais e filhos*https://aosfatos.org/noticias/e-falso-que-fernando-haddad-defendeu-em-livro-sexo-entre-pais-e-filhos/Não é verdade que Fernando Haddad, presidenciável do PT, escreveu em livro que o incesto deve ser aceito pela sociedade, como tem sido disseminado em diversos posts nas redes sociais após publicação do filósofo Olavo de Carvalho no Facebook neste domingo (14). Ele se corrigiu e apagou o post horas depois, mas isso não impediu a disseminação da informação falsa na internet.O livro a que Olavo fez referên"	1
38	Água de coco quente libera substância anti-câncer e pode salvar vidas.	" #Verificamos: É falso que água de coco quente cura todos os tipos de câncerBoato antigo, já desmentido pelo Ministério da Saúde, voltou a circular no Facebook e no WhatsAppVoltou a circular nas redes sociais a ""informação"" de que água de coco quente ""libera substância anti-câncer"" e pode salvar vidas. Por meio do projeto de verificação de notícias, usuários do Facebook solicitaram que esse material fosse analisado. Confira a seguir o trabalho de verificação da Lupa:""A água quente de coco pode poupar uma vida!""Texto publicado no Facebook e que até as 16h do dia 18 de janeiro de 2019 tinha sido compartilhada mais de 150 vezes no Facebook e também circulava no WhatsAppFALSOA informação analisada pela Lupa é falsa. Não existe qualquer pesquisa que mostre que ""água de coco quente"" mate células cancerígenas. Segundo o texto, o responsável por essa ""descoberta"" seria um pesquisador chinês chamado Chen Hui-Ren - que é real e tem pesquisas relacionadas ao câncer. Mas, em seus estudos publicados em inglês, não há nada relacionado à ""água de coco quente"". Como outros boatos do tipo, este texto começou a circular em inglês. Uma outra versão atribui a cura milagrosa do câncer à ""limonada quente"", algo igualmente falso. Ainda vale pontuar que há mais de 200 tipos específicos de câncer e que cada um deles requer tratamento específico - isso quando há um tratamento disponível. Ou seja, é importante desconfiar de qualquer substância que prometa a curar de ""qualquer tipo de câncer"".Nos últimos meses, esse boato também foi verificado pelo Ministério da Saúde, que emitiu uma nota ""Essa mensagem é falsa! Não compartilhe! Não existe um alimento específico ou milagroso para a prevenção e/ou cura do câncer. Não existem evidências científicas que atribuam tal capacidade a água de coco quente"". Também checaram essa postagem os sites Boatos.org, e-Farsas e Fato ou Fake.*Nota: esta reportagem faz parte do projeto de verificação de notícias no Facebook. Dúvidas sobre o projeto? Entre em contato direto com o Facebook.Editado por: Cristina Tardáguila e Nathália Afonso"	1
39	Lula anuncia candidatura à presidência após decisão judicial.	"Após condenação, Lula comenta sua trajetória com contradiçõesApós condenação, Lula comenta sua trajetória com contradiçõesTwitterFacebookE-mailWhatsAppApós condenação, Lula comenta sua trajetória com contradiçõesPor Ana Rita Cunha e Luiz Fernando Menezes 26 de janeiro de 2018, 02h00TwitterFacebookEmailWhatsAppHoras depois de saber de sua condenação em segunda instância no caso tríplex, o ex-presidente Luiz Inácio Lula da Silva discursou na última quarta-feira (24) na praça da República, em São Paulo, e fez críticas à decisão da 8ª Turma do Tribunal Regional Federal de Porto Alegre de também ampliar para 12 anos e um mês sua pena.Aos Fatos checou algumas de suas declarações, que envolveram a defesa de seu legado como presidente e críticas ao atual governo. Veja abaixo o que checamos.CONTRADITÓRIOEu até já nem queria mais fazer política. [...] Essa provocação me deu uma coceirinha e eu agora quero ser candidato à Presidência da República.Ao contrário do que ele declarou em seu discurso, a ideia de se tornar presidente pela terceira vez não é nova: a candidatura de Lula para as eleições de 2018 começou a ser articulada antes de junho de 2015. A intenção de lançá-lo à Presidência em 2018 foi anunciada durante o 5º Congresso do Partido dos Trabalhadores. Naquela época, o ex-presidente chegou a ser chamado de ""nossa grande liderança"" e que sua candidatura era ""um processo quase natural"" pelo secretário de organização do PT, Florisvaldo de Souza.O anúncio da candidatura é anterior à publicação de uma reportagem do jornal O Globo, de agosto de 2015, que ligava um doleiro condenado pela Lava Jato ao prédio onde Lula tinha um apartamento. Foi a primeira vez que o assunto ganharia os contornos que suscitaram a investigação de Lula pela Lava Jato. Conforme o jornal, um grupo empresarial que recebeu R$ 3,7 milhões da GFD, empresa usada para lavagem de dinheiro pelo doleiro Alberto Youssef, repassou quase a mesma quantia para a construtora OAS durante a finalização das obras do prédio onde o ex-presidente Lula teria o apartamento no Guarujá.Em muitas ocasiões, Lula disse que não tentaria mais o terceiro mandato. Em agosto de 2017, com sua pré-candidatura anunciada, o ex-presidente demonstrou que não veria problemas em um plano B: ""se eu não puder ser candidato, a gente vai arrumar alguém para ser"".Lula também chegou a dizer, um dia depois do TRF-4 marcar seu julgamento, que desistiria da candidatura caso fosse culpado: ""se apresentarem provas contra mim de todas as acusações, terei a satisfação de vir aqui e dizer que não posso ser candidato"".FALSOO Fies, que foi uma revolução nesse país, está acabando.Embora tenha sido reduzido, não há qualquer indício de que o Fundo de Financiamento ao Estudante do Ensino Superior, o Fies, está próximo do fim. Embora tenha sofrido uma redução orçamentária de 11% em 2018, deve aumentar o número de contratos. No ano passado, o governo federal alterou as regras do programa, mas sinalizou que as mudanças eram para garantir a continuidade do Fies.Isso não significa que o Fies não tem problemas. Em 2016, o governo do presidente Michel Temer atrasou os repasses de financiamento estudantil às universidades. Em julho de 2017, o governo anunciou mudanças nas regras do financiamento e o ministério da Fazenda publicou um estudo afirmando que ""o alto valor e a trajetória crescente do ônus fiscal com o programa Fies indicam claro problema de falta de sustentabilidade fiscal do programa"". Em dezembro de 2017, o ministro da Educação Mendonça Filho (DEM-PE) sancionou as novas regras dizendo que ""as mudanças visam à sustentabilidade do programa a médio e longo prazos"".O orçamento do governo federal prevê R$ 17,7 bilhões para custear o programa, incluindo os 310 mil novos contratos que devem ser assinados esse ano. Em 2017, o governo assinou 225 mil contratos do Fies e gastou R$ 19,9 bilhões com o financiamento estudantil.FALSOO Prouni está diminuindo.Ao contrário do que afirmou o ex-presidente Lula, o Prouni (Programa Universidade para Todos) ampliou a concessão de bolsas de estudo integrais e parciais em cursos de graduação em instituições de ensino superior privadas, conforme dados do Ministério da Educação.Em 2017, foram ofertadas cerca de 362 mil bolsas Prouni, o maior número de bolsas desde a criação do programa. Com isso, a concessão de bolsas teve uma alta de 10% em relação a 2016.Entre 2015 e 2016, a oferta de bolsas ficou praticamente estagnada, porém houve um corte importante nas bolsas integrais. A concessão de bolsas integrais caiu 19%, enquanto as bolsas parciais aumentaram em 31%, em 2016, comparado com o ano anterior.Desde 2005, ano da criação do Prouni, os dois momentos de redução na oferta total de bolsas ocorreram durante os governos petistas. Em 2010, último ano de mandato do ex-presidente Lula, houve queda de 3% na oferta e, em 2013, no fim do primeiro mandato da ex-presidente Dilma Rousseff, a concessão de bolsas recuou 11%.IMPRECISOA massa salarial está diminuindo.Houve de fato recuo de 5,7% na massa salarial brasileira real no penúltimo trimestre móvel de 2017 em relação ao primeiro trimestre móvel do ano passado, segundo dados mais recentes da Pnad (Pesquisa Nacional por Amostra de Domicílios), desenvolvida pelo IBGE.A massa salarial é a soma de todos os salários pagos aos trabalhadores durante um determinado período. No trimestre móvel de janeiro a março de 2017, a massa salarial somou R$ 203,481 bilhões. No trimestre móvel de setembro a novembro de 2017, a massa salarial alcançou R$ 191,917 bilhões.Observar apenas a oscilação de um trimestre para outro é uma interpretação simplista dos dados. Na comparação anual entre o penúltimo trimestre móvel de 2017 com o mesmo período do ano anterior, a massa salarial cresceu 4,6% no período. Se levarmos em conta toda a série histórica desde 2012, a massa salarial mais recente fica acima da média apurada no período (equivalente a R$189 bilhões por trimestre móvel). Além disso, tem havia uma modesta melhora em relação ao trimestre encerrado em abril de 2017. Dessa forma, ainda é inconclusivo falar em queda.É importante notar os dados de longo prazo da massa salarial por conta de possíveis distorções causadas por novas coletas de dados da Pnad. No ano passado, a entrada de um milionário na pesquisa distorceu em R$ 2 bilhões a massa salarial brasileira.O rendimento médio real dos trabalhadores também teve queda em 2017, segundo a Pnad. No primeiro trimestre de 2017, o rendimento médio foi de R$ 2.333. De julho a setembro, o rendimento médio caiu para R$ 2.129.O selo foi de IMPRECISO porque o ex-presidente não especificou a base de comparação.VERDADEIRO Um presidente sem diploma universitário vai passar para a história como o presidente que mais fez universidade no país.Até 2006, que é até quando vão os dados da linha do tempo Criação de Universidades do MEC, Lula tinha criado 10 universidades, o mesmo número que Juscelino Kubitschek. No entanto, o presidente também foi o responsável pela inauguração de outras quatro instituições de ensino superior: a UFFS (Universidade Federal da Fronteira do Sul) e a Ufopa (Universidade Federal do Oeste do Paraná) em 2009 e a Unila (Universidade Federal da Integração Latino-Americana) e a Unilab (Universidade da Integração Internacional da Lusofonia Afro-Brasileira) em 2010. No total, Lula criou 14 universidades, o maior número da história.Vale ressaltar que, durante o governo Dilma, foram criadas quatro universidades federais: a UFSB (Universidade Federal do Sul da Bahia), a Ufob (Universidade Federal do Oeste da Bahia), a UNIFESSPA (Universidade Federal do Sul e Sudeste do Pará) e a UFCA (Universidade Federal do Cariri), todas em 2013.Também foi no governo Lula, mais precisamente em 2007, que foi criado o Reuni, programa de expansão da educação superior que, entre outras coisas, aumentou o número de vagas nos cursos de graduação, ampliou as ofertas de cursos. Isso fez com que o número de matrículas em cursos de graduação saltou de 4 milhões em 2003 para 7,8 milhões em 2016 (um salto de 96,5%), como mostrou Aos Fatos.Outro lado. Questionada a respeito de Lula ter voltado atrás e decidido concorrer a um terceiro mandato, a assessoria de imprensa do ex-presidente disse que ""da mesma forma, várias vezes declarou que achava que não cabia mais ser candidato a presidente"". ""É uma suposta checagem de fatos das opiniões e vontade de Lula ao longo de sete anos. Isso não é checagem de fatos, é uma tentativa de psicanálise à distância"", completou.Sobre a afirmação a respeito do Fies e do Prouni, afirmou que a reportagem está apontando erro onde não existe pois ""a frase está no sentido correto ou no futuro"".TwitterFacebookEmailWhatsAppLeia tambémCinco fatos sobre migraçãoNão é verdade que Moro afastou promotor do caso Queiroz e delegado que investiga morte de MarielleHomem em foto com Flávio Bolsonaro é assessor do senador, não acusado de matar Marielle]"	1
40	Bolsanaro autoriza regulamentar decreto que acaba o exame da OAB.	"É falso que decreto de Bolsonaro extingue Exame da OABÉ falso que decreto de Bolsonaro extingue Exame da OABTwitterFacebookE-mail<a href=""#"" data-text=*É falso que decreto de Bolsonaro extingue Exame da OAB*https://aosfatos.org/noticias/e-falso-que-decreto-de-bolsonaro-extingue-exame-da-oab/Não é verdade que um decreto assinado pelo presidente Jair Bolsonaro (PSL) extinguiu o Exame da OAB (Ordem dos Advogados do Brasil). A informação falsa foi publicada pelos sites Portal Pauta Judicial e Notícias Brasil Online e reproduzida por vários posts nas redes sociais.O decreto presidencial mencionado apenas organiza e regulamenta funções do Ministério da Economia, entre elas a ""regulação profissional"", que já era uma atribuição do Ministério do Trabalho, hoje incorporado à pasta chefiada por Paulo Guedes. O Exame da Ordem também não poderia ser extinto por uma canetada de Bolsonaro, pois está previsto em lei federal. Ao Aos Fatos, por e-mail, a OAB também rechaçou essa possibilidade.A desinformação acumulava 1.400 compartilhamentos no Facebook até a tarde desta quarta-feira (24). Denunciada por usuários daquela rede social, ela foi marcada com o selo FALSO na ferramenta de verificação (entenda como funciona). A peça de desinformação também foi enviada ao Aos Fatos por leitores no WhatsApp, onde também circula (veja como participar).FALSO_""Bolsonaro autoriza regulamentar decreto que acaba o exame da OAB.""_O texto do site Portal Pauta Judicial, publicado nesta segunda-feira (22), afirma que está ""tudo pronto para pôr fim ao famigerado Exame da Ordem"". Segundo a publicação, o decreto presidencial nº 9.745/2019 determinaria ao Poder Executivo a prerrogativa de regular as profissões do país, restando aos conselhos de classe, como a OAB (Ordem dos Advogados do Bras"	1
41	No Governo Dilma foi assinado um tratado onde o Brasil cedeu por 25 anos parte da costa brasileira para pesca chinesa	" #Verificamos: Brasil não cedeu área costeira à China durante o governo Dilma RousseffPublicação atribui também falsa declaração a embaixador chinês no BrasilCircula nas redes sociais texto que afirma que a ex-presidente Dilma Rousseff cedeu parte da costa brasileira por 25 anos para a China, e que ataque a barco pesqueiro brasileiro na costa potiguar por navio chinês teria ocorrido porque os brasileiros ""invadiram"" essa área.Por meio do projeto de verificação de notícias, usuários do Facebook solicitaram que esse material fosse analisado. Confira a seguir o trabalho de verificação da Lupa:""Segundo o embaixador da China no Brasil, Li Jinzhang, quem invadiu área de pesca Chinesa foi o barco brasileiro Oceano Pesca I""Texto publicado no Facebook com 3,9 mil compartilhamentos até as 16h do dia 27 de novembroFALSONaúltima quinta-feira (22), uma embarcação pesqueira brasileira, Oceano Pesca I, foi atacada por um navio chinês há 676 quilômetros do litoral brasileiro. A motivação seria uma disputa por área de pesca de atum. O ataque aconteceu em águas internacionais. O embaixador chinês, entretanto, não afirmou que o barco brasileiro invadiu território chinês.A Lupa contatou a embaixada da China no Brasil, que informou que a declaração do embaixador ""não procede"". Segundo a embaixada, Li Jinzhang ainda não se pronunciou oficialmente sobre o caso, mas deve falar sobre o assunto em breve. É possível verificar que não há, até as 17h do dia 27 de novembro, manifestação de Li sobre o assunto no site da embaixada chinesa.""No Governo Dilma foi assinado um tratado onde o Brasil cedeu por 25 anos parte da costa brasileira para pesca chinesa""Texto publicado no Facebook com 3,9 mil compartilhamentos até as 16h do dia 27 de novembroFALSONo site do Ministério das Relações Exteriores, é possível checar todos os acordos assinados pelo Brasil com a China pelo sistema Concórdia. Atualmente, há oito atos em vigor entre Brasil e China assinados pela presidente Dilma Rousseff, incluindo acordo multilateral envolvendo também Índia, Rússia e África do Sul. Nenhum deles trata, em momento algum, de cessão de áreas de pesca. Confira a lista aqui.Vale destacar, ainda, que há regulamentos internacionais para a pesca de atum e outros peixes, incluindo a Convenção Internacional para a Conservação do Atum e Afins doAtlântico, de 1969, e a Convenção das Nações Unidas sobre o Direito do Mar, de 1982. A informação também foi verificada pelo site Aos Fatos.*Nota: esta reportagem faz parte do projeto de verificação de notícias no Facebook. Dúvidas sobre o projeto? Entre em contato direto com o Facebook.Editado por: Clara Becker e Leandro Resende"	1
42	Foto de padre e fiéis fazendo gesto com as mãos registrada em Catedral de Campinas, associada a um ataque com cinco mortos.	"""É #FAKE que foto de padre e fiéis fazendo gesto com as mãos foi registrada em Catedral de Campinas ""Mensagens #FAKE nas redes sociais dizem que foto foi feita em igreja onde atirador matou cinco pessoas no interior de SP. Não é verdade. Circula nas redes sociais uma foto que mostra um grupo de jovens e um padre dentro de uma igreja que fazem com as mãos um gesto, com dedos indicadores apontados e os polegares levantados. Diversas postagens afirmam que a imagem foi feita no interior da Catedral de Campinas, onde um homem atirou contra fiéis e matou cinco pessoas na última terça-feira (11). ""Uma bela foto feita pelo padre e paroquianos da catedral de Campinas/SP. Isso custou cinco vidas"", diz uma delas. A mensagem, porém, é #FAKE.A foto não mostra a Catedral de Campinas, que, em nota, diz que a imagem não corresponde ao interior da igreja e que nenhum dos padres estão presentes na imagem.O Fato ou Fake descobriu a origem da foto. A imagem foi feita durante o evento Cerco de Jericó, em outubro, na Paróquia São Vicente Palotti, de Arapongas, no Paraná.O padre em questão é o monge beneditino Dom Bento, de Ponta Grossa, também no Paraná, de acordo com a assessoria de imprensa da Diocese de Ponta Grossa.Dom Bento não quis dar entrevista. Ele informa, por meio da assessoria, porém, que ficou muito chateado com a vinculação da foto ao incidente em Campinas.Ainda de acordo com a assessoria, o gesto dos jovens com as mãos, repetido pelo padre, é apenas uma brincadeira, sem alusão alguma a política.Além da foto usada para criar a mensagem falsa sobre Campinas, Dom Bento aparece em outras imagens ao lado de jovens fazendo o mesmo gesto com as mãos.O Globo localizou outra imagem compartilhada em uma rede social em outubro deste ano.Um dos adolescentes que está na foto afirma, no entanto, que todos fizeram referência a Jair Bolsonaro, inclusive o padre.O Globo também teve acesso a um vídeo em que Dom Bento faz várias referências ao número 17, que identifica a campanha de Bolsonaro, e termina com o mesmo gesto com as mãos.u200bu200b""Eu quero um Brasil que tenha 17 possibilidades de você crescer, 17 possibilidades de você ser feliz, 17 dias por mês para você rezar, adorar ao senhor, e o que sobrar para continuar fazendo a mesma coisa. 17 é um número bom. Acho que vou mudar a dezena do terço para 17. Tamo junto"", diz Bom Bentou200b.O gesto com as mãos feito pelos dos jovens e pelo padre chegou a ser compreendido também como uma referência ao movimento TLC - Treinamento de Liderança Cristã, que nada tem a ver com armas.Maycon Leite, do Secretariado Nacional do movimento, diz, em nota, que o símbolo, usado nacionalmente pelos integrantes do grupo em mais de 45 dioceses no Brasil (em cerca de 240 núcleos), se refere ao que chamam de ""Positivão"" ou ""check"", um sinal que representa uma certeza e, para os tlcistas, também é uma marca do lema ""Sempre Mais Alto"", visto que, quando desenhado, o ícone tende a ser finalizado no sentido de subir.""O Positivão é, sim, um sinal dos membros do TLC, seja no Brasil, na Itália ou na Argentina e deve ser usado pelos representantes do movimento no sentido de identificação quando se referem ao Sempre Mais Alto. O Secretariado Nacional do TLC informa que, em momento algum, usa o referido símbolo como sinal de quaisquer objetos ou atos que incitem à violência, uma vez que, como cristãos e membros do movimento, somos chamados ao amor e a amar."" "	1
43	Decreto que aumenta de 27,5% para 35% a alíquota do imposto de renda.	"""É #FAKE que há um decreto que aumenta alíquota do Imposto de Renda de 27,5% para 35%""Ministério da Fazenda diz que informação é falsa; especialistas contestam teor do texto que circula nas redes. Circula pelo Facebook e em mensagens de WhatsApp um texto com a expressão: ""Decreto que aumenta de 27,5% para 35% a alíquota do imposto de renda"". É #FAKE. O G1 consultou a assessoria do Ministério da Fazenda, que diz que a informação é falsa.Existem atualmente quatro alíquotas de Imposto de Renda Pessoa Física para os rendimentos sujeitos à tabela de incidência mensal/anual, que são 7,5%, 15%, 22,5% e 27,5%.A mensagem convoca os leitores para uma mobilização na internet contra os gastos do governo. O texto com os mesmos argumentos já circulou em 2015, mas voltou a circular.""*IMPOSTO DE RENDA* - Decreto que aumenta de *27,5* para *35%* , a aliquota do Imposto de Renda. - Este reajuste atinge diretamente a classe média. - Sem querer cortar gastos, o governo com sua exuberante incompetência, quer como sempre, repassar para a populacão. - Assim é moleza, roubam, administram mal, e nos dão a conta para pagar. Passe adiante... - Se cada pessoa passar para 10 amigos de setores diferentes, no 6º repasse atingiremos milhões de brasileiros . - Vamos tirar 5 minutos para mudar o Brasil e defender nossas famílias e nosso suado dinheiro. Eu fiz minha parte ! Faça a sua!""O advogado tributarista Roberto Pasqualin deixa claro que a palavra ""decreto"" na mensagem já deixa claro que o texto é um boato. Mudanças na alíquota do imposto de renda precisam passar por projeto de lei. ""Isso é mais uma confirmação de que a notícia é falsa"", disse. Pasqualin diz que a ideia de mudança na tabela é antiga e já foi alvo, no passado, de propostas de parlamentares e estudiosos e entidades da sociedade civil.O advogado tributarista Raul Husni Haidar afirma também que o aumento depende de lei. Ele não acredita que o atual governo faça a proposta, de difícil aprovação no Congresso. Para ele, a ideia de reajuste da tabela é muito antiga. ""Da forma como se faz hoje há muitas oportunidades de injustiça, tanto na aplicação da tabela quanto nos abatimentos."" "	1
44	Guilherme Boulos deu entrada em hospital após overdose em boate.	"É #FAKE que Boulos deu entrada em hospital após overdose em boateImagem com publicação falsa circula em redes sociais. Polícia Civil e hospital de Juiz de Fora desmentem a informação; político se diz vítima de fake news. Circula pelas redes sociais um imagem de um jornal que diz que Guilherme Boulos, candidato do PSOL à Presidência da República em 2018, deu entrada em um hospital de Juiz de Fora, em Minas Gerais, após ter uma overdose. A publicação é #FAKE.O falso texto diz que ""a Polícia Civil informou que o político e ativista deu entrada em estado grave no Hospital de Pronto Socorro de Juiz de Fora, onde fez palestra na universidade"".Procurada pelo Fato ou Fake, a Polícia Civil em Juiz de Fora nega ter feito qualquer divulgação semelhante à imprensa.A assessoria de comunicação da Secretaria de Saúde da Prefeitura de Juiz de Fora, responsável pelo Hospital de Pronto Socorro Dr Mozart Teixeira, também reforça que Guilherme Boulos não deu entrada na unidade.O político publicou um desmentido em suas redes sociais. ""A máquina de Fake News não tem limites.""Vídeo: Veja como identificar uma mensagem falsa "	1
45	Comissão de Direitos Humanos manda prender jovem que agrediu assaltante em MG	"É falso que Comissão de Direitos Humanos mandou prender estudante que bateu em assaltante em MGÉ falso que Comissão de Direitos Humanos mandou prender estudante que bateu em assaltante em MGTwitterFacebookE-mailWhatsAppÉ falso que Comissão de Direitos Humanos mandou prender estudante que bateu em assaltante em MGPor Alexandre Aragão 29 de novembro de 2018, 17h59TwitterFacebookEmailWhatsAppNão é verdade que o estudante que agrediu um assaltante em Belo Horizonte, na última quinta-feira (22), foi preso a pedido de uma Comissão de Direitos Humanos em Minas Gerais em decorrência dos socos e chutes que desferiu no ladrão.As agressões foram registradas por uma câmera de segurança e também pela própria vítima do assalto, que entrou em luta corporal ao perceber que a arma do ladrão era falsa. Conforme registrou o jornal Estado de Minas, após trocar socos e dar chutes na cabeça do assaltante, o rapaz chamou a polícia. O assaltante foi atendido no hospital e, depois, preso em flagrante.Diferentes versões da notícia falsa foram publicados em sites como Blog do Alex Ramos, Poções 24 Horas e O Congresso e, juntas, foram compartilhadas mais de 40 mil vezes no Facebook. Denunciados por usuários da rede social, os conteúdos foram classificados por Aos Fatos com o selo FALSO na ferramenta de checagem (entenda como funciona).Leia abaixo, em detalhes, o que checamos.FALSOComissão de Direitos Humanos manda prender jovem que agrediu assaltante em MGA notícia falsa afirma que a ""Comissão de Direitos Humanos de Minas Gerais, por meio de um pedido feito junto à promotoria de Belo Horizonte, conseguiu autorizar a prisão do estudante de 21 anos que reagiu a um assalto com arma de brinquedo e espancou o bandido"". A informação é falsa: o estudante não foi preso.Além disso, não há nenhum órgão chamado ""Comissão de Direitos Humanos de Minas Gerais"". O mais próximo disso seria a Comissão de Direitos Humanos da Assembleia Legislativa de Minas Gerais ou a Secretaria de Direitos Humanos do governo de Minas Gerais, que não se manifestaram nesse sentido.Na versão falsa também é citado o nome de uma mulher que seria presidente dessa comissão. Segundo os textos falsas, ela se chamaria Gizelle Rosário Leitte e teria defendido o assaltante. Porém, não há nenhum membro com esse nome nos órgãos estaduais de direitos humanos citados acima.De acordo com o Estado de Minas, o estudante de 20 anos estava indo para a aula na faculdade quando foi abordado pelo assaltante, de 21 anos. Os nomes de ambos não foram divulgados. As imagens da câmera de segurança mostram que o estudante entra em luta corporal com o assaltante que, após levar um soco no rosto, cai no chão.Em seguida, o estudante dá chutes na cabeça do assaltante. ""É isso aqui que nós faz com ladrão aqui no [bairro] Camargos. Tá pensando o quê? Vai roubar o quê? Vem com réplica [de arma] pro meu lado aqui que vai tomar é toda hora. Aqui não tem bobo não"", afirma o estudante em um vídeo gravado por ele próprio.Após a polícia chegar, o assaltante foi levado para uma Unidade de Pronto Atendimento a fim de checar se ele havia sofrido alguma fratura. Ele foi liberado depois de receber sutura nos cortes e fazer exames, que não apontaram nenhuma lesão grave. Ele foi preso em flagrante por tentativa de assalto.Outros sites de checagem, como o Boatos, o e-farsas, e a agência Lupa, também desmentiram os textos falsos.TwitterFacebookEmailWhatsAppLeia tambémCinco fatos sobre migraçãoNão é verdade que Moro afastou promotor do caso Queiroz e delegado que investiga morte de MarielleHomem em foto com Flávio Bolsonaro é assessor do senador, não acusado de matar Marielle]"	1
46	O número de Jair Bolsonaro é 13.	" #Verificamos: cuidado com santinhos com números de urna trocadosImagens que circulam na internet mostram o rosto de um político e o número de outro. Não seja enganadoCirculam na internet e por mensagens de WhatsApp imagens de presidenciáveis com números de urna trocados. Por meio do projeto de verificação de notícias, usuários do Facebook solicitaram que algumas dessas informações fossem analisadas. Confira a seguir o trabalho da Lupa (que poderá ser atualizado ao longo de toda a campanha eleitoral):""Só passando para lembrar a vocês que o número de Jair Bolsonaro é 13""Imagens que circulam no Facebook (aqui,aquie aqui) e que até as 14h do dia 20 de agosto de 2018 já tinham mais de 10 mil interações na rede socialFALSOAo contrário do que informa a imagem acima, o número de Jair Bolsonaro, candidato do PSL à Presidência da República, na urna eletrônica é 17 - não 13.""Não vamos desistir do Brasil. Presidente Marina 17""Imagem que circula no Facebook eno WhatsAppFALSOAo contrário do que informa a imagem acima, o número de Marina Silva, candidata da Rede ao Palácio do Planalto, na urna eletrônica é 18 - não 17. ""Geraldo Alckmin 17 Presidente""Imagens que circulam no Facebook (aqui) no WhatsAppFALSOAo contrário do que informa a imagem acima, o número de Geraldo Alckmin, candidato do PSDB à presidência, na urna eletrônica é 45 - não 17. ""Guilherme Boulos presidente - PSOL 17""Imagem que circula no WhatsAppFALSOAo contrário do que informa a imagem acima, o número de Guilherme Boulos, presidenciável do PSOL, na urna eletrônica é 50 - não 17.O que diz o FacebookA Agência Lupaprocurou o Facebook para que comentasse esse material, e a empresa emitiu a seguinte nota, informando sobre a remoção do conteúdo:""Os conteúdos (acima linkados) foram removidos por ferir os Padrões da Comunidade do Facebook, que não permitem declarações de intenção ou apoio a fraude"".Esta medida não tem qualquer relação com o projeto de verificação de notícias do qual a Lupa faz parte.Confira a seguir os números corretosAlvaro Dias (Podemos): 19Cabo Daciolo (Patriota): 51Ciro Gomes (PDT): 12Eymael (DC): 27Geraldo Alckmin (PSDB): 45Guilherme Boulos (PSol): 50Henrique Meirelles (MDB): 15Jair Bolsonaro (PSL): 17João Amoêdo (Novo): 30João Vicente Goulart (PPL): 54Lula (PT): 13Marina Silva (Rede): 18Vera Lúcia (PSTU): 16*Nota: esta reportagem faz parte do projeto de verificação de notícias no Facebook. Dúvidas sobre o projeto? Entre em contato direto com o Facebook.Editado por: Clara Becker e Leandro Resende"	1
47	"""Estamos prestes a iniciar uma nova era na China e no mundo, você estando preparado ou não. A nossa economia nunca esteve tão boa. Nosso exército não para de crescer em quantidade e qualidade. No ar, no mar e no céu nós venceremos! A China nunca mais vai ser humilhada, como foi na Segunda Guerra Mundial. Ninguém vai fazer."""	" #Verificamos: É falsa legenda de vídeo na qual Xi Jinping ameaça Guerra MundialPronunciamento em questão era uma mensagem de Ano Novo feita pelo presidente da China no fim de 2018Circula nas redes sociais um vídeo do presidente da China, Xi Jinping, discursando em seu gabinete. Na legenda, o presidente ""diz"" que uma ""nova era"" está começando no mundo, e que o país está preparado para defender seus interesses. Por meio do projeto de verificação de notícias, usuários do Facebook solicitaram que esse material fosse analisado. Confira a seguir o trabalho de verificação da Lupa:""Urgentíssimo: China manda recado aos EUA e ao mundo, preparem-se para tudo, iremos entrar em uma Terceira Guerra Mundial""Vídeo publicado no Facebook com cerca de 300 compartilhamentos até as 16h do dia 8 de fevereiro de 2019FALSOA legenda do vídeo analisado pela Lupa é falsa. Nada do que é dito pelo presidente corresponde ao que está escrito na tela.O pronunciamento utilizado na publicação foi realizado pelo presidente chinês no dia 31 de dezembro de 2018, e é uma mensagem de Ano Novo. Embora fale de ""mudanças no cenário internacional"" e sobre ""defender a soberania e segurança nacionais"" em determinado momento, na maior parte do discurso, Jinping comenta realizações da China no ano de 2018. O discurso completo, em português, pode ser lido aqui. A tradução original foi feita pela Rádio Internacional da China (CRI), veículo estatal de notícias do país. Abaixo, vídeo legendado em inglês pela China Global Television Network (CGTN), outro canal de notícias estatal:O vídeo analisado pela Lupa reproduz o primeiro minuto do discurso. Inicialmente, é informado que Jinping diz o seguinte: ""Estamos prestes a iniciar uma nova era na China e no mundo, você estando preparado ou não. A nossa economia nunca esteve tão boa. Nosso exército não para de crescer em quantidade e qualidade. No ar, no mar e no céu nós venceremos! A China nunca mais vai ser humilhada, como foi na Segunda Guerra Mundial. Ninguém vai fazer o que tem que ser feito aqui. Você vai entender essa mensagem brevemente.""No trecho, o que Jinping, de fato, diz é: ""Caramadas, amigos, senhoras e senhores: O tempo não para por ninguém, e as estações se mudam constantemente. Com 2019 à porta, gostaria de apresentar aqui em Beijing votos de felicidade a todos vocês. 2018 foi um ano pelo que passamos com determinação e muitas realizações. Neste ano, ao superar diversos riscos e desafios, nós promovemos o desenvolvimento econômico de alta qualidade, aceleramos a substituição das forças motrizes velhas pelas novas, e mantivemos a operação econômica numa faixa razoável.""Após um corte no vídeo, a legenda traduz outro trecho da fala da seguinte maneira: ""Queremos sempre o diálogo, mas eles querem a guerra. Isso vai acontecer, será fatal! Não nos curvaremos jamais.""Jinping, de fato, diz: ""Nós dedicamos esforços na luta em defesa do céu azul, da água limpa e da terra despoluída, aceleramos o desenvolvimento de diversos programas relacionados ao bem-estar da população e elevamos constantemente o seu padrão de vida.""Com uma música ao fundo, a versão legendada informa que o presidente chinês conclui seu discurso da seguinte maneira: ""Não nos curvaremos, jamais. A China é inevitável. Somos inevitável! (sic) Se você quer saber como foi seu passado, olhe para quem você é hoje. Espere o melhor, prepare-se para o pior e aceite o que vier.""Na realidade, o pronunciamento de Xi Jinping não foi interrompido neste momento, mas prosseguiu por mais dez minutos. Essa fala, especificamente, foi traduzida pela CRI da seguinte maneira: ""Ainda foram implementadas de forma estável as estratégias nacionais como o desenvolvimento coordenado da região Beijing-Tianjin-Hebei, o desenvolvimento do Cinturão Econômico do Rio Yangtzé e a construção da Área da Grande Baía Guangdong-Hong Kong-Macau. Durante as viagens de inspeção pelo país, tenho visto com muita alegria as duas margens arborizadas do rio Yangtzé.""Nota: esta reportagem faz parte do projeto de verificação de notícias no Facebook. Dúvidas sobre o projeto? Entre em contato direto com o Facebook.Editado por: Natália Leal"	1
48	Che Guevara executando duas mulheres.	" #Verificamos: Che Guevara não aparece em imagem executando duas mulheresFotografia é de uma montagem de peça teatral realizada nos Estados Unidos em 1989Circula nas redes sociais uma foto que supostamente mostra o líder da Revolução Cubana, Ernesto Che Guevara, executando duas mulheres. Por meio do projeto de verificação de notícias, usuários do Facebook solicitaram que esse material fosse analisado. Confira a seguir o trabalho de verificação da Lupa:""Che Guevara lutando contra um inimigo perigoso e armado!""Imagem que, até as 14h do dia 10 de dezembro de 2018, já tinha sido compartilhada diversas vezes no FacebookFALSO Ernesto Che Guevara não está na imagem analisada pela Lupa. A foto, na verdade, é de uma peça de teatro encenada na Universidade Emory, na cidade de Atlanta, nos Estados Unidos. O registro foi feito em março de 1989. Checagem feita pelo portal Snopes, dos EUA, mostrou que a imagem também já foi usada como se fosse registro da guerra civil em El Salvador, conflito iniciado em 1980, e dos confrontos na Iugoslávia, na década de 1990.O argentino Ernesto Che Guevara é um dos personagens mais polêmicos do século XX. Médico, ele participou da revolução que levou Fidel Castro ao poder em Cuba. Che Guevara foi morto na Bolívia, em 1967. *Nota: esta reportagem faz parte do projeto de verificação de notícias no Facebook. Dúvidas sobre o projeto? Entre em contato direto com o Facebook.Editado por: Clara Becker e Cristina Tardáguila"	1
49	Fernando Haddad virou em todas as capitais do Brasil, até em Florianópolis, onde Bolsonaro chegou a ter 80%.	"""É #FAKE áudio que diz que Haddad virou em todas as capitais do país""Na gravação, mulher diz que informação foi passada por jornalista da GloboNews. Mensagem é falsa. Um áudio que tem circulado no WhatsApp diz que o candidato do PT, Fernando Haddad, virou em todas as capitais do Brasil. A informação é atribuída a um jornalista da GloboNews. É #FAKE.No áudio, uma mulher identificada como ""Roberta"" diz que conversou com um amigo jornalista que trabalha na GloboNews e que ele informou que Haddad ""virou em todas as capitais, até em Florianópolis, onde Bolsonaro chegou a ter 80%"".Não há nenhuma pesquisa que indique isso. Em Florianópolis, por exemplo, segundo o Ibope divulgado na última sexta (19), Bolsonaro tem 52% e Haddad, 48%, das intenções de voto (considerando os válidos). Na pesquisa desta sexta (26), não houve alteração nos índices.A equipe do Fato ou Fake desmentiu um boato similar em relação a pesquisas Datafolha nas principais capitais do país.No áudio, a mulher ainda diz que o ""Datafolha não corresponde à realidade"", porque o método é conservador e ultrapassado.Nenhum outro instituto, no entanto, divulgou resultados de todas as capitais do país. O Datafolha fez isso em São Paulo, no Rio de Janeiro e Belo Horizonte apenas. Já o Ibope tem dados das capitais onde fez pesquisas para o governo neste 2° turno. São 13 estados e o DF. Bolsonaro lidera na maioria.Não há esses índices por capital divulgados nos levantamentos nacionais dos institutos. "	1
50	Lula ajoelhado ante Chávez	"Foto de Lula ajoelhado ante Chávez é montagem; na original, os dois se abraçamFoto de Lula ajoelhado ante Chávez é montagem; na original, os dois se abraçamTwitterFacebookE-mailWhatsAppFoto de Lula ajoelhado ante Chávez é montagem; na original, os dois se abraçamPor Bernardo Moura 4 de dezembro de 2018, 17h53TwitterFacebookEmailWhatsAppTrata-se de uma montagem a foto em que Luiz Inácio Lula da Silva (PT) aparece de joelhos diante do ex-presidente venezuelano Hugo Chávez (1954-2013) e o mandatário boliviano Evo Morales. A foto original foi feita durante uma cúpula do Mercosul no Uruguai em 2007. Nela, Lula e Chávez estão abraçados, mas o petista não está ajoelhado.A imagem modificada tem circulado no Facebook para tentar rebater críticas direcionadas ao presidente eleito Jair Bolsonaro (PSL) depois que ele prestou continência a John Bolton, assessor de Donald Trump que o visitou em casa na semana passada.Denunciadas por usuários do Facebook, cinco publicações com a foto adulterada reuniam, juntas, mais de 66 mil compartilhamentos até a tarde desta terça-feira (4). Aos Fatos marcou os posts com o selo FALSO na ferramenta de verificação da rede social (entenda como funciona).Confira abaixo, em detalhes, o que verificamos.FALSOPetistas disseram que Jair Messias Bolsonaro PRESTAR continência ao Sr. John Bolton, da Agência Nacional de Segurança dos EEUU era subserviência aos americanos. Ajoelhar e fazer um ""boquete"" para Hugo Chávez seria o que então???A montagem que circula nas redes é uma versão adulterada de uma foto feita durante a cúpula de chefes de Estado do Mercosul, realizada em Montevidéu, no Uruguai, em dezembro de 2007. A fotografia original consta de uma galeria de imagens publicada à época pelo site Portal Montevideo. Nela, Lula não está ajoelhado, mas abraçado a Chávez.Compare a montagem, à esquerda, com a foto verdadeira, à direita:Além da posição e da expressão de Lula em ambas fotos serem as mesmas, é possível notar na montagem uma mancha no paletó do ex-presidente venezuelano Chávez, num claro sinal de que a imagem foi adulterada.Este mesmo conteúdo também foi checado recentemente pelo site Boatos.org.TwitterFacebookEmailWhatsAppLeia tambémCinco fatos sobre migraçãoNão é verdade que Moro afastou promotor do caso Queiroz e delegado que investiga morte de MarielleHomem em foto com Flávio Bolsonaro é assessor do senador, não acusado de matar Marielle]"	1
51	É falso que um episódio de Malhação sobre aula de fascismo tenha relação com a eleição.	"""É #FAKE que episódio sobre aula de fascismo em Malhação tenha relação com a eleição""O episódio, que tem viralizado na web, foi ao ar em 21 de março, muito antes do processo eleitoral. A cena não faz alusão a nenhum candidato na disputa. É uma aula de história apenas. Viralizou nos aplicativos de mensagem e no Facebook um trecho de um episódio de ""Malhação - Vidas Brasileiras"", da TV Globo, em que a professora Gabriela, interpretada por Camila Morgado, ensina aos alunos o que é o fascismo. As mensagens dão a entender que ele foi feito agora, em razão da disputa eleitoral no país. Elas são #FAKE.A cena, na verdade, foi escrita em outubro de 2017, um ano antes da eleição. O episódio foi gravado em 28 de fevereiro, exibido no dia 21 de março de 2018 e não faz alusão a nenhum candidato que hoje disputa a eleição no país. "	1
52	PT propôs limpar nome de endividados primeiro	"No Jornal da Globo, Haddad erra ao dizer que PT propôs limpar nome de endividados primeiroNo Jornal da Globo, Haddad erra ao dizer que PT propôs limpar nome de endividados primeiroTwitterFacebookE-mailWhatsAppNo Jornal da Globo, Haddad erra ao dizer que PT propôs limpar nome de endividados primeiroPor Ana Rita Cunha, Luiz Fernando Menezes e Alexandre Aragão 20 de setembro de 2018, 20h48TwitterFacebookEmailWhatsAppFernando Haddad, candidato do PT à Presidência da República, errou ao dizer que seu partido foi o primeiro a apresentar solução para endividamento das famílias no programa de governo, um dos carros-chefe da campanha do adversário Ciro Gomes (PDT). Em entrevista ao Jornal da Globo na noite desta quarta-feira (19), o petista também cometeu uma imprecisão ao afirmar que Ciro não propõe reforma bancária.Aos Fatos vem checando ao longo da semana as entrevistas dos presidenciáveis ao telejornal da Rede Globo. Além de Haddad, já foram verificadas declarações de Ciro Gomes (PDT) e Geraldo Alckmin (PSDB). Marina Silva (Rede) será entrevistada nesta sexta-feira (21) e Jair Bolsonaro (PSL) não participou por ainda estar internado no hospital Albert Einstein, em São Paulo, devido a um ataque à faca sofrido em Juiz de Fora (MG) no início deste mês.FALSOO nosso programa [Dívida Zero], antes do registro do TSE, vazou para a Folha de S. Paulo (...), antes do Ciro sequer mencionar esse programa [Nome Limpo].Na entrevista, Haddad citou uma reportagem da Folha de S.Paulo de 26 de julho para sustentar que a proposta de oferecer linhas de crédito para sanar dívidas de quem está inadimplente, chamada Dívida Zero, foi criada e divulgada antes de Ciro Gomes (PDT) propôr o programa Nome Limpo, que tem o mesmo propósito. Entretanto, a reportagem mencionada lista a criação de linhas de crédito, mas não fala que a intenção era limpar o nome de quem está no SPC ou Serasa e nem que o nome seria Dívida Zero. Desta forma, a declaração do candidato é FALSA.A reportagem da Folha de S.Paulo revelou trechos do programa de governo petista antes que o documento fosse registrado na Justiça Eleitoral. O texto diz que ""entre as medidas para recuperar produção, emprego e renda, o PT propõe (...) [a] criação de linhas de crédito com juros e prazo acessíveis"", mas não cita que a medida seria voltada aos brasileiros inadimplentes e nem traz o nome Dívida Zero. Esse termo, aliás, também não consta da primeira versão do plano de governo do PT, apresentada quando o ex-presidente Luiz Inácio Lula da Silva ainda era tratado como o candidato do partido.Ciro citou publicamente a proposta do programa Nome Limpo pela primeira vez no debate da Band, em 9 de agosto, quando fez uma pergunta ao adversário Jair Bolsonaro (PSL). Após Haddad passar à cabeça da chapa petista, uma nova versão do plano de governo da sigla foi apresentada ao TSE (Tribunal Superior Eleitoral) com a inclusão do nome Dívida Zero, como mostrou reportagem do G1 na semana passada. A mudança que incluiu a citação nominal à proposta ocorreu em 13 de setembro, dia em que Haddad foi oficializado candidato do PT e mais de um mês após Ciro Gomes apresentar o Nome Limpo.Outro lado. Aos Fatos entrou em contato com a assessoria do candidato, que preferiu não comentar a checagem.FALSOFoi recentemente arquivado um processo do José Serra dizendo ó, tá prescrito porque é só caixa dois.A declaração foi considerada FALSA porque não há, nas argumentações de Dodge e Rosa Weber, o entendimento de que o processo deveria prescrever apenas por causa da natureza do crime. Ao contrário do que sugere o petista, a prescrição não ocorreu porque era ""só caixa dois"", mas pela idade de José Serra aliada ao pequeno tempo de prescrição e pena prevista pelo crime. Como o senador do PSDB tem mais de 70 anos, o inquérito que apura o recebimento de caixa dois prescreveu em 2016 e ele não poderia mais ser condenado.Em sua declaração, Haddad referia-se ao último inquérito (nº 4597) que investigava Serra, e que foi arquivado em março deste ano. O processo foi aberto em agosto de 2017 e apurava denúncia de que o senador teria recebido R$ 7 milhões para sua campanha presidencial de 2010 via caixa dois de Joesley Batista, executivo da JBS. A investigação era baseada em depoimentos do empresário em colaboração premiada com o Ministério Público Federal.O pedido de arquivamento do inquérito foi feito pela procuradora-geral da República, Rachel Dodge, em janeiro deste ano. No entendimento dela, como Serra tem mais de 70 anos de idade, a lei prevê que o tempo de prescrição caia pela metade (de 12 anos foi para seis), o que faria com que ele só pudesse ser eventualmente punido pelo crime até 2016: ""desde o requerimento de abertura de inquérito, o fato estava prescrito. Por evidente, não há como prosseguir com a investigação. Ante o exposto, manifesto-me pelo arquivamento do presente inquérito"".Então, Rosa Weber, ministra do STF (Supremo Tribunal Federal) e relatora do processo, decidiu arquivar o inquérito e decretar extinta a punibilidade de Serra em relação ao crime de falsidade ideológica eleitoral ""supostamente ocorrido em 2010"".Sobre o caso, a assessoria de José Serra disse, na época, que ""a determinação de arquivamento do inquérito pela ministra Rosa Weber, atendendo requerimento da defesa de José Serra, vem colocar um fim a uma investigação que já nasceu morta porque despida de qualquer fundamento ou elemento indicativo da prática de crime"".Logo, dizer que a prescrição se deu ""porque é só caixa dois"" não leva em conta o contexto do inquérito: Serra, por ter mais de 70 anos, só poderia ser condenado pelo crime até 2016, mas o inquérito só foi aberto em 2017. Assim, o tucano não poderia mais ser julgado e o processo acabou arquivado.Outro lado. Aos Fatos entrou em contato com a assessoria do candidato, que preferiu não comentar a checagem.IMPRECISOO Ciro não propõe uma reforma bancária.O programa de governo de Ciro Gomes (PDT) pode até não citar expressamente o termo ""reforma bancária"", mas é fato que constam lá medidas nesse sentido, como desregulamentação bancária, estímulo ao desenvolvimento de instituições financeiras e reforma monetária. Tais medidas, inclusive, vão no mesmo sentido das propostas no plano de Fernando Haddad (PT). É por isso que a declaração dele foi considerada IMPRECISA.Na página 13 do programa de governo, a chapa do PDT defende a ""desregulamentação bancária para possibilitar a maior oferta de serviços financeiros por parte de instituições de pequeno e médio porte e ampliar a rede bancária"".Mais à frente, o plano de Ciro Gomes prega ""maior controle da concentração bancária por parte dos órgãos de regulação"" e ""participação do Cade [Conselho Administrativo de Defesa Econômica] juntamente com o Banco Central nesse processo"".Por fim, a candidatura pedetista também defende uma ""reforma monetária acompanhada de um conjunto de medidas que possibilite diminuir tanto a taxa de juros básica, definida pelo Banco Central, como aquela que é cobrada nos financiamentos a consumidores e empresas"".Essas propostas são semelhantes às que o PT, em seu plano de governo, pôs sob o guarda-chuva de ""reforma bancária"". ""No sentido da democratização do crédito, propõe-se a transformação profunda do sistema bancário e financeiro"", diz um trecho da plataforma de Haddad.Ainda segundo o plano do"	1
53	"Homem preso com drogas vestindo camiseta ""Lula Livre""."	" #Verificamos: É montagem foto que mostra homem preso usando camiseta do Lula LivreNa foto original, homem vestia uma camiseta vermelha sem menção ao ex-presidenteCircula nas redes sociais foto que mostra um homem encostado em um veículo com drogas ilícitas no porta-malas. Ele estaria vestindo uma camisa vermelha com os dizeres ""Lula Livre"". Por meio do projeto de verificação de notícias, usuários do Facebook solicitaram que esse material fosse analisado. Confira a seguir o trabalho de verificação da Lupa:""Já imaginaram se esse cidadão tivesse com a camisa do Bolsonaro? Seria matéria para um Globo Repórter inteiro!""Texto que acompanha imagem que, até às 14h30 do dia 18 de março de 2019, já tinha mais de 17 mil compartilhamentos no FacebookFALSOA imagem analisada pela Lupa é uma montagem. A foto original mostra que o homem estava vestindo uma camisa vermelha (aqui e aqui) sem qualquer menção ao ex-presidente Luiz Inácio Lula da Silva. Em outubro de 2018, a Polícia Rodoviária Estadual do Ceará prendeu Ricelio Vieira de Figueiredo, que transportava cerca de 200 kg de maconha em um fundo falso dentro de um carro. Veja foto tirada na ocasião: Na época, o homem confessou que comprou a droga no Distrito Federal e estava transportando a carga para o Paraíba. Checagem semelhante foi feita pelo site Aos Fatos. Nota: esta reportagem faz parte do projeto de verificação de notíciasno Facebook. Dúvidas sobre o projeto? Entre em contato direto com o Facebook.Editado por: Chico Marés"	1
54	Urnas estão programadas para horário de verão e não irão computar votos após as 16h no 2° turno.	"""É #FAKE que urnas estão programadas para horário de verão e não irão computar votos após as 16h no 2° turno""Mensagem falsa com essa afirmação circula em grupos de WhatsApp e no Facebook. Horário de verão só começa uma semana após eleições Circula pelas redes sociais uma mensagem que diz que as urnas estão programadas para trabalhar em horário de verão e, por isso, não irão computar votos após as 16h. A mensagem é #FAKE.O segundo turno das eleições ocorre no próximo dia 28, das 8h às 17h. O horário de verão neste ano começa apenas no dia 4 de novembro. Somente a partir desse dia é que os relógios deverão ser adiantados em uma hora em parte dos estados do país.Em geral, o horário de verão começa em outubro. Mas, para não coincidir com a data das eleições, o presidente Michel Temer assinou um decreto no fim de 2017 adiando o período para novembro.Atualmente, adotam o horário de verão os estados de São Paulo, Rio de Janeiro, Minas Gerais, Espírito Santo, Rio Grande do Sul, Santa Catarina, Paraná, Goiás, Mato Grosso, Mato Grosso do Sul e Distrito Federal.Além disso, a mensagem alardeia novamente outro boato já checado pela equipe do Fato ou Fake, que diz que as urnas eletrônicas anularam mais de 7 milhões de votos no 1° turno.""Como não haverá nenhuma mudança no final de semana dos dias 27 e 28 de outubro, os eleitores poderão votar no horário normal. As urnas não estão programadas para entrar no horário de verão antecipadamente, mas, sim, para funcionar no horário oficial.Por solicitação do TSE, o início do horário de verão foi alterado para depois do 2° turno das Eleições 2018. Portanto, as urnas estarão preparadas para funcionar no mesmo horário que funcionaram no 1° turno.O Código Eleitoral determina o dia e a hora em que devem ocorrer as eleições ordinárias: o primeiro turno deve ser das 8h às 17h do primeiro domingo do mês de outubro; o segundo turno, no mesmo horário do último domingo do mesmo mês.Ocorre que, devido aos quatro fusos horários observados no país, a votação não se inicia nem se encerra de modo concomitante em todo o território nacional, e o horário de verão contribui para agravar essa situação.Adotado em 10 estados e no Distrito Federal, o horário de verão foi adiado em 2018 para o início de novembro, ou seja, só começará após as eleições."" "	1
55	O cristianismo vai desaparecer. Vai diminuir e encolher. (...) Nós, somos mais populares que Jesus neste momento - Manuela DÁvila	"Somos mais populares que Jesus é uma frase de John Lennon; não de Manuela DÁvilaSomos mais populares que Jesus é uma frase de John Lennon; não de Manuela DÁvilaTwitterFacebookE-mailWhatsAppSomos mais populares que Jesus é uma frase de John Lennon; não de Manuela DÁvilaPor Bernardo Moura 5 de outubro de 2018, 17h20TwitterFacebookEmailWhatsAppTrechos de uma célebre e polêmica declaração do beatle John Lennon (1940-1980) proferida em 1966 têm sido atribuídos falsamente a Manuela DÁvila (PC do B), candidata a vice-presidente na chapa de Fernando Haddad (PT). Uma imagem que vem sendo compartilhada no WhatsApp e em outras redes sociais engana ao dizer que é da candidata o comentário: ""o cristianismo vai desaparecer. Vai diminuir e encolher. (...) Nós, somos mais populares que Jesus neste momento"".Com algumas modificações, mas o mesmo sentido, a declaração foi extraída de um comentário maior feito pelo integrante dos Beatles ao jornal inglês London Evening Standard em 4 de março de 1966. Na publicação original, o músico disse: ""o cristianismo irá embora. Vai desaparecer e encolher. Eu não preciso discutir sobre isso; eu estou certo e ficará provado que estou certo. Somos mais populares que Jesus agora. Eu não sei quem vai acabar primeiro, rockoll ou cristianismo. Jesus era legal, mas seus discípulos são grossos e medíocres. São eles distorcendo isso o que estraga, pra mim"".No Twitter, Manuela DÁvila negou nesta quinta-feira (4) a autoria da frase. Ela disse que é cristã e defende ""o mais absoluto respeito com todas as religiões"".A imagem com a frase falsa foi enviada por leitores do Aos Fatos no WhatsApp como uma sugestão de checagem (saiba mais). Para participar, adicione o número (21) 99956-5882 na sua lista de contatos e envie uma mensagem com o seu nome.Confira abaixo, em detalhes, o que checamos.FALSOO Cristianismo vai desaparecer. Vai diminuir e encolher. (...) Nós, somos mais populares que Jesus neste momento - Manuela DÁvilaAs frases falsamente atribuídas a Manuela DÁvila nos remetem a 4 de março de 1966, quando foi publicado um perfil do músico e líder dos Beatles John Lennon no jornal inglês London Evening Standard.A reportagem, que tinha o objetivo de mostrar como era o cotidiano do integrante de uma das bandas de rock mais famosas do mundo, trazia a seguinte declaração de Lennon: ""o cristianismo irá embora. Vai desaparecer e encolher. Eu não preciso discutir sobre isso; eu estou certo e ficará provado que estou certo. Somos mais populares que Jesus agora. Eu não sei quem vai acabar primeiro, rockoll ou cristianismo. Jesus era legal, mas seus discípulos são grossos e medíocres. São eles distorcendo isso o que estraga, pra mim"".O comentário foi feito em meio a vários outros, e nem mesmo recebeu destaque no título da reportagem, que era ""Como vive um Beatle? John Lennon vive assim"". Também não aparece entre as frases destacadas na edição. A imprensa inglesa também não deu atenção à declaração.A situação mudou meses depois, quando a revista americana Datebook reproduziu a reportagem e usou na capa o trecho ""Eu não sei quem vai acabar primeiro, rockoll ou cristianismo"". Repercutida por outros veículos de comunicação dos EUA, a declaração de John Lennon gerou forte reação de grupos cristãos, com protestos em que materiais dos Beatles foram queimados e até ameaças de morte feitas, como relata reportagem da revista Rolling Stone sobre o episódio. Ao ser repetida por décadas, a declaração original sofreu alterações até ganhar o sentido que foi usado contra Manuela DÁvila.Na última quinta-feira (4), a candidata a vice-presidente negou, em um tweet, a autoria da frase na imagem que viralizou nas redes sociais: ""É assim, mentindo descaradamente que eles querem ganhar as eleições. Não vão conseguir. Sou cristã, defendo e pratico o mais absoluto respeito com todas as religiões. Mais uma mentira propagada por quem não tem ideias dignas para apresentar. Nossa arma é a verdade. Ajude a compartilhar"".Em 2008, o jornal LOsservatore Romano, órgão oficial do Vaticano, anunciou que a Igreja Católica havia perdoado John Lennon - já falecido - pela declaração feita em 1966.TwitterFacebookEmailWhatsAppLeia tambémCinco fatos sobre migraçãoNão é verdade que Moro afastou promotor do caso Queiroz e delegado que investiga morte de MarielleHomem em foto com Flávio Bolsonaro é assessor do senador, não acusado de matar Marielle]"	1
56	Miss Brasil Mayra Dias grita Lula Livre durante o Miss Universo e é desclassificada.	"Brasileira não saiu do Miss Universo por gritar Lula Livre; sátira é tratada como verdadeBrasileira não saiu do Miss Universo por gritar Lula Livre; sátira é tratada como verdadeTwitterFacebookE-mailWhatsAppBrasileira não saiu do Miss Universo por gritar Lula Livre; sátira é tratada como verdadePor Luiz Fernando Menezes 18 de dezembro de 2018, 14h43TwitterFacebookEmailWhatsAppA amazonense Mayra Dias, atual Miss Brasil, não foi desclassificada do concurso Miss Universo após gritar Lula Livre. A história, falsa, é uma sátira postada pela página de humor Portal do Rolanda, mas que passou a ser reproduzida por várias outras páginas e perfis pessoais no Facebook como se tivesse de fato acontecido. Juntos, os posts identificados por Aos Fatos já acumulam mais de 2.000 compartilhamentos.Denunciados por usuários do Facebook, esses conteúdos foram marcados com o selo FALSO na ferramenta de verificação da rede social (entenda como funciona).Confira abaixo, em detalhes, o que checamos.FALSOMayra Dias grita Lula Livre durante Miss Universo e é desclassificada.A Miss Brasil Mayra Dias realmente não conseguiu ser selecionada para a fase final do Miss Universo, tendo ficado entre as 20 primeiras colocadas do concurso realizado no domingo (16). No entanto, ela não gritou Lula Livre durante o evento nem há evidências de que a desclassificação tenha razões políticas.Isso porque a origem do boato é uma sátira publicada pela página de humor Portal do Rolanda, que se intitula como ""Perfil não oficial, apenas uma sátira, não leve nada a sério o que você vir por aqui, todas as notícias são fictícias"". O nome da página faz alusão a um site noticioso do Amazonas chamado Portal do Holanda, que, por sua vez, publicou o discurso de apenas 15 segundos proferido por Mayra na segunda fase do Miss Universo:Olá, Tailândia. Eu sou Mayra Dias, Miss Brasil 2018, e eu tenho orgulho de dizer que eu sou da Amazônia do Brasil. A missa missão é conscientizar as pessoas sobre a importância do meio ambiente. É crucial garantir o futuro das próximas gerações. Conservar a Amazônia é crucial. Obrigada.Além disso, esta não foi a única história inventada pelo Portal do Rolanda sobre o Miss Universo: um outro post com a foto da Miss Espanha, Angela Ponce, primeira modelo transgênero a concorrer ao prêmio, trazia o título ""Homem rouba a cena do Miss Universo e Feminazis ameaçam suicídio coletivo"".Porém, as evidências de que a história da desclassificação da Miss Brasil era uma piada não foram suficientes para evitar que a publicação fosse reproduzida por páginas e perfis pessoais no Facebook como se fosse verdade.""Hoje aquele ditado popular fez mais sentido do que nunca, que beleza não é sinônimo de inteligência. Parabéns pra você, desclassificada do concurso por defender um ladrão, é uma idiota"", postou uma usuária do Facebook, cuja publicação já tem 159 compartilhamentos. ""Foi gritar nome de bandido"", advertiu a página Bolsonaro Mito ao reproduzir o boato (874 compartilhamentos até a tarde desta terça-feira, 18).O evento. O Miss Universo 2018 foi realizado na Tailândia na noite do último domingo (16) e terminou com a vitória da modelo filipina Catriona Gray. Ela é a quinta Miss Filipinas a ganhar o prêmio. Tamaryn Green, Miss África do Sul, e Sthefany Gutiérrez, Miss Venezuela, ficaram em segundo e terceiro lugares, respectivamente. A Miss Brasil, que garantiu a vaga no Top 20 após a repescagem, não conseguiu se classificar entre as dez primeiras.TwitterFacebookEmailWhatsAppLeia tambémCinco fatos sobre migraçãoNão é verdade que Moro afastou promotor do caso Queiroz e delegado que investiga morte de MarielleHomem em foto com Flávio Bolsonaro é assessor do senador, não acusado de matar Marielle]"	1
57	Cuba tem apenas duas escolas de medicina que formam 300 médicos por ano.	"Escolas de medicina de Cuba formam mais de 3.600 médicos por ano, e não 300, como diz memeEscolas de medicina de Cuba formam mais de 3.600 médicos por ano, e não 300, como diz memeTwitterFacebookE-mailWhatsAppEscolas de medicina de Cuba formam mais de 3.600 médicos por ano, e não 300, como diz memePor Bernardo Moura 21 de novembro de 2018, 18h39TwitterFacebookEmailWhatsAppUma imagem que circula nas redes sociais engana ao afirmar que Cuba tem apenas duas escolas de medicina, que, juntas, formam 300 médicos por ano. Na verdade, a ilha caribenha tem 12 universidades que ofertam o curso e, somente das duas citadas na montagem - Universidade de Ciências Médicas de Havana e Escola Latinoamericana de Medicina -, saem mais de 3.600 novos profissionais por ano, em média.O meme usa as informações falsas para levantar suspeitas sobre a formação dos médicos cubanos que foram enviados ao Brasil dentro do programa Mais Médicos. Ele foi encaminhado por leitores do Aos Fatos no WhatsApp como sugestão de checagem. Para participar, basta enviar uma mensagem para (21) 99956-5882.Leia abaixo, em detalhes, o que verificamos.FALSORaciocinem! Existem apenas duas Universidades de Medicina em Cuba. ""La Habana"": forma em média 200 médicos por ano; ""Elam - Escuela Latinoamericana de Medicina"": forma em média 100 alunos por ano.Existem em Cuba dez universidades que ofertam cursos de medicina em diferentes cidades: Havana, Santiago de Cuba, Cienfuegos, Camagüey, Holguín, Las Tunas, Pinar del Rio, Sancti Spiritus, Villa Clara e Artemisa. Há ainda na ilha a Elam (Escola Latino Americana de Medicina) e a Escola Nacional de Saúde Pública. As informações são do Infomed, rede de serviços de saúde de Cuba.A de Havana é a maior e a mais tradicional das escolas de medicina do país e, em seu site, diz já ter formado mais de 100 mil médicos cubanos e estrangeiros nos últimos 50 anos, o que daria uma média de 2.000 estudantes graduados por ano, e não 200, como informa a montagem que circula nas redes sociais.Já a Elam, que também é citada na peça de desinformação, informou ter graduado 27.500 estudantes de medicina de mais de cem países em 17 anos de existência, o que daria uma média anual aproximada de 1.635 novos médicos, e não cem.Juntas, portanto, as duas instituições formam, em média, 3.635 novos médicos ao ano, e não 300.Há mais dados que ajudam a desmontar os argumentos expostos na montagem. Um estudo divulgado em 2004 pelo Ministério da Saúde Pública de Cuba aponta que, entre 1959 - ano da revolução - e 2003, as universidades do país formaram 80.607 médicos cubanos e estrangeiros, uma média anual de 2.015 novos profissionais, segundo o Ministério da Saúde Pública de Cuba.Em 2015, estudo da OMS (Organização Mundial da Saúde) atestou a presença de 76.506 médicos em atividade em Cuba, sendo 36.478 deles médicos de família.De 2013 a 2018, cerca de 20 mil médicos cubanos passaram pelo Brasil dentro do Mais Médicos, segundo nota do Ministério da Saúde Pública de Cuba. Hoje, 8.332 profissionais do país atuam em unidades de saúde brasileiras, de acordo com o Ministério da Saúde, e devem deixar o país. Aos Fatos tem checado, ao longo da última semana, informações equivocadas sobre o programa. Veja mais aqui e aqui.TwitterFacebookEmailWhatsAppLeia tambémCinco fatos sobre migraçãoNão é verdade que Moro afastou promotor do caso Queiroz e delegado que investiga morte de MarielleHomem em foto com Flávio Bolsonaro é assessor do senador, não acusado de matar Marielle]"	1
58	Líder oposicionista venezuelano Juan Guaidó terá encontro com Bolsonaro nesta quinta-feira. O líder oposicionista e autodeclarado presidente da Venezuela, Juan Guaidó, visitará Brasília e terá encontro com o presidente Jair Bolsonaro. O Brasil não reconhece a legitimidade de Nicolás Maduro como presidente da Venezuela e considera Guaidó o presidente interino do país. Presidente da Assembleia Nacional da Venezuela, Guaidó faz oposição ao governo de Nicolás Maduro, que determinou na semana passada o fechamento da fronteira com o Brasil, no estado de Roraima.	"""Líder oposicionista venezuelano Juan Guaidó terá encontro com Bolsonaro nesta quinta-feira""Presidente autodeclarado da Venezuela e líder da oposição a Nicolás Maduro chegará em avião da Força Aérea da Colômbia. Maduro mandou fechar fronteira com o Brasil. O líder oposicionista e autodeclarado presidente da Venezuela, Juan Guaidó, visitará Brasília e terá encontro com o presidente Jair Bolsonaro, afirmou na tarde desta quarta-feira (27) o vice-presidente da República, Hamilton Mourão.A assessoria da representante diplomática no Brasil indicada por Guaidó, Maria Teresa Belandria, informou que o líder de oposição chega a Brasília na noite desta quarta-feira (27) em um avião da Força Aérea da Colômbia.A previsão, segundo ela, é que ele se encontre com Bolsonaro na tarde desta quinta-feira, informação confirmada à noite pelo porta-voz da Presidência, Otávio Rêgo Barros.Segundo o porta-voz, será um encontro ""pessoal"", às 14h, no gabinete de Bolsonaro, no Palácio do Planalto. Oficialmente, informou Rêgo Barros, Guaidó será recebido oficialmente pelo ministro das Relações Exteriores, Ernesto Araújo.A assessoria da representante diplomática de Guaidó disse ainda que o líder oposicionista também se reunirá com representantes diplomáticos de outros países com embaixada em Brasília que o reconhecem como presidente da Venezuela.O Brasil não reconhece a legitimidade de Nicolás Maduro como presidente da Venezuela e considera Guaidó o presidente interino do país. Parte da comunidade internacional cobra a convocação de novas eleições na Venezuela.Presidente da Assembleia Nacional da Venezuela, Guaidó faz oposição ao governo de Nicolás Maduro, que determinou na semana passada o fechamento da fronteira com o Brasil, no estado de Roraima.Desde então, está proibida a passagem de veículos e pedestres, mas ambulâncias passam pelo bloqueio e pessoas têm usado rotas clandestinas para cruzar os dois países.O bloqueio da fronteira impediu a entrega de alimentos e remédios a venezuelanos. Militares brasileiros levaram ajuda humanitária até Roraima, para que veículos e motoristas venezuelanos tentassem cruzar a fronteira. "	-1
59	"Rodrigo Maia recebeu 334 dos 513 votos.Reeleito nesta sexta-feira (1º) presidente da Câmara, o deputado Rodrigo Maia (DEM-RJ) defendeu em discurso a ""modernização"" da Casa e reformas ""pactuadadas"".Ela [a Câmara] precisa de modernização, modernização e modernização.Sobre as reformas, afirmou:Entre as reformas defendidas pelo governo Jair Bolsonaro, e que precisam de aprovação do Poder Legislativo, está a da Previdência Social, considerada essencial pelo Palácio do Planalto para equilibrar as contas públicas."	"""Reeleito presidente da Câmara, Maia defende modernização da Casa e reformas pactuadas  ""Filho do ex-prefeito do Rio Cesar Maia, deputado comanda a Câmara desde 2016 e assume terceiro mandato como presidente, até 2021. Rodrigo Maia recebeu 334 dos 512 votos. Reeleito nesta sexta-feira (1º) presidente da Câmara, o deputado Rodrigo Maia (DEM-RJ) defendeu em discurso a ""modernização"" da Casa e reformas ""pactuadas"".Filho do ex-prefeito do Rio de Janeiro Cesar Maia, Rodrigo Maia é presidente da Câmara desde julho de 2016 e foi reeleito para o terceiro mandato, até fevereiro de 2021. O deputado recebeu 334 dos 512 votos.No discurso, Maia ressaltou que a Câmara precisa de ""modernização"" na relação com a sociedade e com os instrumentos de trabalho.""Ela [a Câmara] precisa de modernização, modernização e modernização. Na nossa relação com a sociedade, nos nossos instrumentos de trabalho, principalmente as novas ferramentas de comunicação, para que cada um de nós possa estar mais próximo do eleitor, do cidadão"", declarou.Sobre as reformas, afirmou:Entre as reformas defendidas pelo governo Jair Bolsonaro, e que precisam de aprovação do Poder Legislativo, está a da Previdência Social, considerada essencial pelo Palácio do Planalto para equilibrar as contas públicas.No primeiro discurso após reeleito, Maia destacou ter contado com o apoio de uma ampla aliança partidária, que reuniu siglas como PSL, de Jair Bolsonaro, o PCdoB e o MDB.Em entrevista à GloboNews, logo após a vitória no plenário da Câmara, Rodrigo Maia disse que é preciso ter ""diálogo"" no parlamento.Ele citou como exemplo reuniões que teve com os governadores petistas Camilo Santana (Ceará) e Wellington Dias (Piauí) nas quais teve ""aula"" sobre gestão pública e segurança.Rodrigo Maia ainda se posicionou na entrevista à GloboNews a favor da votação secreta para escolha dos presidentes da Câmara e do Senado. O deputado do DEM foi reeleito nesta sexta em votação secreta.A discussão sobre se a eleição para presidência do Senado seria por meio de voto secreto ou aberto provocou tumulto no plenário. Senadores bateram boca e quase houve agressão física.Na opinião de Maia, a eventual decisão de fazer uma eleição com votos abertos no Senado poderá gerar a ""nulidade"" das decisões da Casa.Para o presidente reeleito da Câmara, o voto secreto garante que os chefes das duas casas legislativas do Congresso se mantenham independentes do Palácio do Planalto.""Abrir voto para derrotar A, para derrotar B, isso não é bom. E mais: o governo Bolsonaro não tem o apetite de intervenção no Legislativo, pelo menos por enquanto. Então, para ele, o resultado vai ser sempre um resultado natural"", enfatizou.""Daqui pra frente, com o voto aberto na Câmara, no Senado, um presidente do Senado será 100% aliado com o governo, e não é isso o que diz a Constituição"", complementou Maia.Ao defender a ""pactuação"" para aprovar reformas, Rodrigo Maia mencionou a proposta sobre a Previdência Social, que será enviada pelo governo.Maia afirmou que há ""espaço"" para a Câmara intermediar o pacto em favor da reforma.""Tem espaço para que a Câmara possa intermediar uma grande pactuação, um texto junto com o governo, mas organizado pela Câmara, para que a gente possa unir todos aqueles que estão governando, de partidos ligados ao governo ou não, pra que a gente possa avançar de forma definitiva nesse tema"", disse.O parlamentar mencionou os problemas financeiros vividos por estados como Rio de Janeiro e Rio Grande do Norte para defender uma postura ""mais racional"" dos políticos na discussão da Previdência e demais reformas.Maia lembrou que, somente com os votos da base do governo, poderá ser difícil aprovar a reforma da Previdência, em especial porque o governo de Jair Bolsonaro mudou a forma como organiza a base de apoio.As mudanças nas aposentadorias e pensões serão analisadas em uma proposta de emenda à Constituição (PEC), que exige o voto de 308 dos 513 deputados em dois turnos.O presidente da Câmara explicou que é preciso um período de ""transição"" para assimilar o novo funcionamento da base governista. Na sua opinião, esse período poderá ""não gerar"" 308 votos ""no curto prazo"".Questionado sobre sobre como será a relação dele com o presidente Jair Bolsonaro, o deputado respondeu: ""Será sempre de muito diálogo e de construção de pautas"". "	-1
60	"Governo descarta ação agressiva contra Venezuela e diz que papel do Brasil é de caráter humanitário.A fronteira entre Brasil e Venezuela foi fechada após determinação de Nicolás Maduro.De acordo com o ministro do Gabinete de Segurança Institucional (GSI), Augusto Heleno, o Brasil ""não vai fazer nenhuma ação agressiva"" contra a Venezuela.Segundo o porta-voz de Bolsonaro, Otávio Rêgo Barros, o Brasil reforça que a ajuda à Venezuela tem caráter ""exclusivamente humanitário""."	"""Governo descarta ação agressiva contra Venezuela e diz que papel do Brasil é de caráter humanitário""Fronteira entre Brasil e Venezuela foi fechada após determinação de Nicolás Maduro. Ajuda do Brasil ao país com medicamentos e alimentos está prevista para ser enviada neste sábado (23). Integrantes do governo brasileiro afirmaram nesta sexta-feira (22) que o Brasil não tomará nenhuma iniciativa ""agressiva"" contra a Venezuela.A fronteira entre o os dois países em Pacaraima (RR) foi fechada por determinação do presidente Nicolás Maduro.Isso porque o Brasil, assim como vários outros países, não reconhece a legitimidade de Maduro como presidente do país e considera o líder oposicionista Juan Guaidó como presidente interino.Mais cedo, nesta sexta, o presidente Jair Bolsonaro comandou uma reunião no Palácio do Planalto com ministros para discutir a situação na fronteira. O governador de Roraima, Antônio Denarium, participou por videoconferência.O objetivo do Brasil é enviar neste sábado (23) à Venezuela a ajuda humanitária com medicamentos e alimentos. De acordo com o governo federal, caminhões venezuelanos, conduzidos por venezuelanos, transportarão os itens. Os veículos serão escoltados pela Polícia Rodoviária Federal e pelo Exército até a fronteira, em Pacaraima.De acordo com o ministro do Gabinete de Segurança Institucional (GSI), Augusto Heleno, o Brasil ""não vai fazer nenhuma ação agressiva"" contra a Venezuela.""É contra a Constituição, não é o nosso pensamento. Nós queremos que a situação se resolva da melhor maneira possível"", declarou o ministro.O vice-presidente Hamilton Mourão, por sua vez, afirmou que só vê risco de confronto se o Brasil for atacado. ""Mas Maduro não é louco a esse ponto"", declarou.Segundo o porta-voz de Bolsonaro, Otávio Rêgo Barros, o Brasil reforça que a ajuda à Venezuela tem caráter ""exclusivamente humanitário"".Em uma entrevista coletiva no Palácio do Planalto, também declarou, ao ser questionado sobre o tema, que o governo brasileiro ""não confirma o pré-posicionamento de mísseis"" por parte da Venezuela.Ele também afirmou que não há avaliações sobre combates. ""Nós não conjecturamos poder de combate"", disse.De acordo com o porta-voz, o limite da ação do governo brasileiro é a fronteira. "	-1
61	"""Governo observa situação do ministro do Turismo, mas não pensa em demiti-lo, diz Onyx"" Ministro é citado em caso de candidaturas de laranjas em MG. ""Claro que o governo observa, acompanha, mas não tem nada nesse sentido [de exonerar o ministro], nesse momento, não"". ""Tem que se dar o tempo também para que os esclarecimentos todos venham a público, aconteçam, aí claro, se houver alguma coisa de gravidade, de responsabilidade direta do ministro, o presidente vai analisar e tomar a decisão""."	"""Governo observa situação do ministro do Turismo, mas não pensa em demiti-lo, diz Onyx""Em entrevista a rádio, ministro da Casa Civil afirmou que, por enquanto, demissão de Marcelo Álvaro Antônio é boataria. Ministro é citado em caso de candidaturas de laranjas em MG. O ministro da Casa Civil, Onyx Lorenzoni, afirmou nesta quinta-feira (21) que o governo ""observa"" e ""acompanha"" a situação do ministro do Turismo, Marcelo Álvaro Antônio, mas não pretende demiti-lo no momento.Onyx deu a declaração em entrevista à Rádio Gaúcha, na qual foi perguntado se o presidente Jair Bolsonaro exonerará Álvaro Antônio, suspeito de envolvimento em candidaturas de ""laranjas"" do PSL em Minas Gerais. O Ministério Público do estado apura o caso, e o ministro nega envolvimento em irregularidades.""Claro que o governo observa, acompanha, mas não tem nada nesse sentido [de exonerar o ministro], nesse momento, não"", afirmou Onyx.Segundo o chefe da Casa Civil, comentários sobre uma eventual demissão do ministro do Turismo não passam de ""boataria"". Onyx declarou que é preciso dar tempo para que as investigações aconteçam, o que é observado pelo presidente Jair Bolsonaro.""Tem que se dar o tempo também para que os esclarecimentos todos venham a público, aconteçam, aí claro, se houver alguma coisa de gravidade, de responsabilidade direta do ministro, o presidente vai analisar e tomar a decisão"", declarou Onyx.Álvaro Antônio é um dos políticos do PSL, partido de Bolsonaro, envolvidos nas suspeitas de candidaturas laranjas nas eleições de 2018.Ao Jornal Nacional, a ex-candidata a deputada estadual em Minas Gerais Cleuzenir Barbosa declarou que assessores do ministro pediram a ela que transferisse dinheiro público de campanha para empresas.Clauzenir Barbosa disse, ainda, que recebeu verbas de campanha do ministro, que era presidente do PSL em Minas Gerais e disputava uma vaga de deputado federal. Em entrevista ao jornal ""Folha de S.Paulo"", Cleuzenir afirmou que o ministro do Turismo sabia do esquema para PSL para lavar dinheiro.Em nota, Marcelo Álvaro Antônio afirmou que jamais orientou qualquer assessor a praticar ato ilícito e que, ao tomar conhecimento da denúncia, determinou que fosse apurada. O ministro declarou ainda que Cleuzenir foi chamada a prestar esclarecimentos e nunca apresentou qualquer indício que atestasse a veracidade das acusações.Durante a entrevista, Onyx foi questionado se a permanência de Álvaro Antônio no cargo prejudica o governo, já que o caso das candidaturas laranjas contribuíram para a demissão de Gustavo Bebianno da Secretaria-Geral da Presidência.Bebianno presidiu o PSL durante a campanha eleitoral, na qual existe a suspeita de que o partido tenha usado candidaturas de laranjas para desviar recursos de financiamento de campanha. O ex-ministro nega envolvimento em irregularidades e diz que coube aos diretórios locais distribuir o dinheiro para os candidatos.Onyx argumentou que a ""ruptura"" na relação de amizade entre Bolsonaro e Bebianno resultou na saída do ministro. O caso dos laranjas do PSL pode ter influenciado, porém não foi determinante para a exoneração.""O problema do ministro que foi afastado foi muito mais uma ruptura em uma amizade de muitos anos por uma série de, como disse o presidente Bolsonaro, uma série de incompreensões e de mal-entendidos e foi isso que acarretou a saída do ministro Gustavo Bebianno"", explicou.O ex-ministro Gustavo Bebianno afirmou nesta terça-feira (19) em entrevista à rádio Jovem Pan que foi demitido do cargo pelo vereador Carlos Bolsonaro (PSC-RJ), filho do presidente.Carlos Bolsonaro divulgou um áudio em uma rede social para dizer que Bebianno havia mentido ao jornal ""O Globo"" ao afirmar que havia conversado três vezes com Bolsonaro sobre a crise que atinge o PSL.Nesta terça, áudios divulgados pelo site da revista ""Veja"" apontam que no último dia 12, quando ainda estava internado em um hospital em São Paulo, Bolsonaro trocou pelo menos três mensagens de áudio de WhatsApp com Bebianno. "	-1
62	"Em memorando enviado a superintendências regionais do Instituto Nacional de Colonização e Reforma Agrária (Incra), o ouvidor agrário nacional, coronel do Exército João Miguel Souza Aguiar Maia de Sousa, recomenda que os órgãos não recebam ""entidades que não possuam personalidade jurídica"" além de ""invasores de terras"".O Movimento dos Trabalhadores Rurais Sem Terra (MST) não tem personalidade jurídica.Em consonância com as diretrizes emanadas pela presidência do Incra, esta Ouvidoria Agrária Nacional recomenda informar a seus chefes de divisão e Executores de unidades avançadas a não atenderem entidades que não possuam personalidade jurídica, bem como seus representantes."	"""Ouvidor do Incra recomenda a superintendências regionais que não recebam invasores de terra""Em outro memorando, coronel que comanda o órgão informou que pretende regulamentar audiências com agentes públicos. Em memorando enviado a superintendências regionais do Instituto Nacional de Colonização e Reforma Agrária (Incra), o ouvidor agrário nacional, coronel do Exército João Miguel Souza Aguiar Maia de Sousa, recomenda que os órgãos não recebam ""entidades que não possuam personalidade jurídica"" além de ""invasores de terras"".O Movimento dos Trabalhadores Rurais Sem Terra (MST) não tem personalidade jurídica. Durante a campanha eleitoral, o presidente Jair Bolsonaro defendeu que ações do MST fossem classificadas como ""terrorismo"".A existência do memorando foi revelada nesta sexta-feira (22) pelo jornal ""Folha de S.Paulo"". No documento, o coronel recomenda que a orientação seja repassada pelos superintendentes a chefes de divisão e unidades do órgão no país.O Incra é responsável por executar a reforma agrária e o ordenamento fundiário nacional. Desde o início do governo Bolsonaro, passou a ser subordinado ao Ministério da Agricultura. Até então, estava dentro da estrutura da Casa Civil.""Em consonância com as diretrizes emanadas pela presidência do Incra, esta Ouvidoria Agrária Nacional recomenda informar a seus chefes de divisão e Executores de unidades avançadas a não atenderem entidades que não possuam personalidade jurídica, bem como seus representantes. Da mesma forma, não deverão ser atendidos invasores de terras (estes devem ser notificados conforme a lei)"", diz o memorando enviado por Maia de Sousa.Após a divulgação do conteúdo do texto, o ouvidor enviou um segundo memorando às superintendências no qual afirma que o Incra pretende regulamentar os procedimentos de audiência entre particulares e funcionários da autarquia ""no mais curto prazo"".Ele diz que o documento se refere ao primeiro comunicado e esclarece que os interessados em audiências no Incra que procurarem o órgão ""poderão ser recebidos e ouvidos, confirma previsão continua na legislação"".Segundo ele, porém, o indivíduo que solicitar audiências ""só representa a si mesmo, desde que devidamente identificado, na defesa de seus interesses, a não ser que possua procuração para fazê-lo em nome de outrem"".""O Incra pretende regulamentar, no mais curto prazo, os procedimentos de audiência concedidas a particulares por agentes públicos em exercício nesta autarquiaApós as informações do memorando serem divulgadas pela , o ouvidor enviou o novo documento em que afirma que o Incra só pode responder por outras pessoas, como um grupo e trabalhadores, caso ""possua procuração para fazê-lo em nome de outrem"".No final de janeiro, o então ouvidor do Incra foi exonerado do cargo por ser ligado ao PT, afirmou a ministra da Agricultura, Tereza Cristina, ao blog da Andréia Sadi. "	-1
63	"""Raquel Dodge denunciou nesta segunda-feira (28) o deputado federal Lúcio Vieira Lima (MDB-BA) por suposta corrupção passiva em um desdobramento da Operação Lava Jato.""Segundo a PGR, integrantes da empresa Odebrecht pagaram R$ 1,5 milhão ao parlamentar em 2013, em troca de vantagens indevidas.O oferecimento da denúncia não significa que Vieira Lima é considerado culpado.Além da condenação de Vieira Lima, Dodge pediu que ele pague R$ 4,5 milhões aos cofres públicos."	"""Raquel Dodge denuncia Lúcio Vieira Lima em desdobramento da Lava Jato""PGR acusou parlamentar de receber propina da Odebrecht em 2013. Empresa diz que colabora para esclarecer os fatos; defesa de Vieira Lima não havia sido localizada até última atualização da reportagem. A procuradora-geral da República, Raquel Dodge, denunciou nesta segunda-feira (28) o deputado federal Lúcio Vieira Lima (MDB-BA) por suposta corrupção passiva em um desdobramento da Operação Lava Jato.Segundo a PGR, integrantes da empresa Odebrecht pagaram R$ 1,5 milhão ao parlamentar em 2013, em troca de vantagens indevidas.O oferecimento da denúncia não significa que Vieira Lima é considerado culpado. Agora, a Justiça deverá decidir se vai abrir um processo e tornar o político réu. Só então ele será julgado e, por fim, declarado culpado ou inocente.Também foram denunciados quatro executivos da Odebrecht u2500 Marcelo Odebrecht, Cláudio Melo Filho, José de Carvalho Filho e Carlos José Fadigas de Souza Filho.O G1 procurou a defesa de Vieira Lima, que ainda não havia dado uma resposta até a última atualização desta reportagem.A Odebrecht informou por meio de nota que tem colaborado com as autoridades para esclarecer os fatos narrados e complementou: "" A Odebrecht já usa as mais recomendadas normas de conformidade em seus processos internos e segue comprometida com uma atuação ética, íntegra e transparente"".Além da condenação de Vieira Lima, Dodge pediu que ele pague R$ 4,5 milhões aos cofres públicos u2500 R$ 1,5 milhão pelo dinheiro supostamente recebido e mais R$ 3 milhões como indenização por dano moral coletivo ""considerando que os prejuízos decorrentes da corrupção são difusos e pluriofensivos (lesões à ordem econômica, à administração da justiça e à administração pública, inclusive à respeitabilidade do parlamento perante a sociedade brasileira)"", afirmou a procuradora-geral.Ela pediu ainda que Vieira Lima perca o mandato. Como ele não foi reeleito e deixará a Câmara em fevereiro, o caso deverá ser enviado à primeira instância da Justiça.Em dezembro de 2018, Dodge apresentou uma denúncia contra Lúcio e o irmão, o ex-ministro Geddel Vieira Lima, pelo crime de peculato (crime praticado por servidor público que se apropriar de dinheiro ou bem a que tenha acesso em razão do cargo).Segundo a assessoria da Procuradoria-Geral da República (PGR), os supostos crimes foram investigados em inquérito aberto para apurar a origem dos R$ 51 milhões que foram encontrados em 2017 em um apartamento de Salvador utilizado pelos irmãos Vieira Lima.Em razão da descoberta da fortuna em caixas de papelão e malas, Geddel e Lúcio Vieira Lima foram denunciados, em 2017, por lavagem de dinheiro e associação criminosa. Nesse caso, eles se tornaram réus em março de 2018. "	-1
64	"Ele está no comando do Planalto em razão da cirurgia de Jair Bolsonaro. O presidente em exercício Hamilton Mourão defendeu nesta segunda-feira (28) apuração para identificar e punir os responsáveis pela tragédia do rompimento de baragem da mineradora Vale em Brumadinho (MG). Ele recomendou punição econômica, que doa ""no bolso"", para a mineradora. ""É aquela velha frase que eu já disse outro dia aí: apurar e punir quem tiver que se punir. Agora, tem que punir mesmo, punir mesmo""."	"""Se houve imperícia, imprudência ou negligência, tem que punir, diz Mourão sobre Brumadinho""Presidente da República em exercício comentou nesta segunda-feira (28) desastre da barragem da mineradora Vale. Ele está no comando do Planalto em razão da cirurgia de Jair Bolsonaro. O presidente em exercício Hamilton Mourão defendeu nesta segunda-feira (28) apuração para identificar e punir os responsáveis pela tragédia do rompimento de barragem da mineradora Vale em Brumadinho (MG). Interinamente no comando do Palácio do Planalto, Mourão afirmou que, ""se houve imperícia, imprudência ou negligência"" de alguém da mineradora, tem que responder ""criminalmente"".Ele recomendou punição econômica, que doa ""no bolso"", para a mineradora. ""É aquela velha frase que eu já disse outro dia aí: apurar e punir quem tiver que se punir. Agora, tem que punir mesmo, punir mesmo"", afirmou o presidente em exercício.Mourão assumiu a Presidência da República na manhã desta segunda no momento em que o presidente Jair Bolsonaro entrou no bloco cirúrgico do Hospital Albert Einstein para ser submetido ao procedimento de retirada da bolsa de colostomia.Ao deixar o gabinete da Vice-Presidência para almoçar, o presidente em exercício disse a repórteres que, no caso da tragédia de Brumadinho, há necessidade de aplicação de multas e de eventual denúncia no âmbito criminal de funcionários da empresa que, eventualmente, tenham cometido erros que levaram ao rompimento da barragem.Mourão também foi questionado pelos jornalistas sobre se, na avaliação dele, a diretoria da Vale deveria ser afastada durante a investigação da tragédia. Ele disse que o gabinete de crise criado na última sexta-feira (25) por ordem de Bolsonaro estuda essa possibilidade.""Essa questão da diretoria da Vale está sendo estudada pelo grupo de crise. Vamos aguardar quais são as linhas de ação que eles estão levantando. [...] Eu tenho que estudar isso aí, não tenho certeza que possa fazer a recomendação"", ponderou Mourão.Na manhã desta segunda, ministros e técnicos voltaram a se reunir no Palácio do Planalto para discutir a tragédia de Brumadinho. Participaram da reunião no Planalto os ministros Fernando Azevedo e Silva (Defesa), Gustavo Bebianno (Secretaria-Geral), Bento Costa Lima (Minas e Energia), Onyx Lorenzoni (Casa Civil), Santos Cruz (Secretaria de Governo) e Gustavo Canuto (Desenvolvimento Regional).Bolsonaro assinou decreto que criou o Conselho Ministerial de Supervisão de Respostas a Desastre. O conselho é coordenado pelo chefe da Casa Civil e se reuniu pela primeira vez no último sábado (26). O objetivo é acompanhar e fiscalizar as atividades a serem desenvolvidas em decorrência da tragédia.Além da Casa Civil, participam do grupo os ministérios da Defesa, Cidadania, Saúde, Minas e Energia, Meio Ambiente, Desenvolvimento Regional e da Mulher e Direitos Humanos. Também compõem o conselho o Gabinete de Segurança Institucional da Presidência e a Advocacia-Geral da União.Também foi criado um Comitê de Gestão e Avaliação de Respostas, para acompanhar as ações de socorro, de assistência, de restabelecimento de serviços essenciais afetados, de recuperação de ecossistemas e de reconstrução. "	-1
65	Situação do ministro do Turismo gera desconforto e aumenta pressão para ele pedir demissão ou afastamento. Cresce a avaliação de que ele deve pedir para deixar o ministério para evitar um desgaste maior do governo. A situação do ministro do Turismo ficou extremamente delicada depois da demissão do agora ex-ministro Gustavo Bebianho, também citado neste caso de candidaturas laranjas pelo PSL. Por isso, já existe pressão para que Álvaro Antônio pelo menos peça um afastamento até a conclusão desse inquérito.	"""Situação do ministro do Turismo gera desconforto e aumenta pressão para ele pedir demissão ou afastamento"" Integrantes do governo e até mesmo parlamentares da bancada do PSL já não escondem mais o desconforto com a situação do ministro do Turismo, Marcelo Álvaro Antônio, com várias acusações de uso de candidatas laranjas nas últimas eleições para usar o repasse obrigatório de 30% para as mulheres do fundo eleitoral. Cresce a avaliação de que ele deve pedir para deixar o ministério para evitar um desgaste maior do governo.A situação do ministro do Turismo ficou extremamente delicada depois da demissão do agora ex-ministro Gustavo Bebianno, também citado neste caso de candidaturas laranjas pelo PSL. Álvaro Antônio foi indicado para o cargo pela bancada do partido.Apesar da situação de grande desconforto, alguns interlocutores do presidente Jair Bolsonaro avaliam se não seria melhor aguardar a conclusão da investigação iniciada pela Polícia Federal para tomar uma decisão definitiva. Por isso, já existe pressão para que Álvaro Antônio pelo menos peça um afastamento até a conclusão desse inquérito. "	-1
66	"""Ministro do STF determinou a transferência porque, como ex-presidente, Temer não tem mais o chamado foro privilegiado.O ministro Luiz Edson Fachin, relator da Operação Lava Jato no Supremo Tribunal Federal, determinou nesta terça-feira (26) a remessa para a Justiça Federal em Brasília de trecho da delação do empresário Joesley Batista que cita o ex-presidente Michel Temer e o ex-ministro da Agricultura Wagner Rossi.Acolho o pedido para (...) reconhecer, por causa superveniente, a incompetência deste Supremo Tribunal Federal."	"""Delação de Joesley Batista que citou Temer e Wagner Rossi vai para Justiça do DF, decide Fachin""Ministro do STF determinou a transferência porque, como ex-presidente, Temer não tem mais o chamado foro privilegiado. Outros quatro casos que o envolvem já foram para a 1ª instância.  O ministro Luiz Edson Fachin, relator da Operação Lava Jato no Supremo Tribunal Federal, determinou nesta terça-feira (26) a remessa para a Justiça Federal em Brasília de trecho da delação do empresário Joesley Batista que cita o ex-presidente Michel Temer e o ex-ministro da Agricultura Wagner Rossi.Ele transferiu o caso para a Justiça Federal porque Temer deixou a Presidência da República e, com isso, perdeu direito ao chamado foro privilegiado, pelo qual, em razão do cargo, só respondia a processo no STF.Conforme os depoimentos de Joesley Batista, Temer pediu em 2010 que a empresa pagasse mesada para que Rossi, após deixar o ministério, ajudasse a JBS em processos de seu interesse. De acordo com o empresário, ficou acertado o pagamento de R$ 100 mil.Wagner Rossi chegou a ser preso na Operação Skala, em março do ano passado, em razão da delação de Joesley.Na ocasião, tanto o ex-ministro da Agricultura quanto Temer negaram envolvimento em irregularidades.A Procuradoria Geral da República pediu o envio do caso à primeira instância depois do fim do mandato de Temer como presidente da República.A PGR lembrou que a Justiça Federal em Brasília já tem processos relacionados a suspeitas de propina e nomeação de cargos no Ministério da Agricultura envolvendo a JBS.Fachin atendeu ao pedido e destacou que Michel Temer não tem mais foro privilegiado.""Acolho o pedido para (...) reconhecer, por causa superveniente, a incompetência deste Supremo Tribunal Federal"", afirmou.Outros quatro casos que envolviam o ex-presidente já foram transferidos do STF para outros tribunais: "	-1
67	"""O ministro do Gabinete de Segurança Institucional (GSI), Augusto Heleno, delega para autoridades da Agência Brasileira de Inteligência (Abin) a competência para classificar informações nos graus ultrassecreto e secreto."" Antes, a classificação só podia ser feita pelo presidente e vice-presidente da República. O decreto de Mourão, publicado no dia 24 de janeiro, alterou as regras de aplicação da Lei de Acesso à Informação (LAI). O ministro Augusto Heleno autoriza o diretor-geral da Abin a classificar informações no grau ultrassecreto."	"""Ministro delega para diretor da Abin competência para classificar documentos ultrassecretos""Antes, a classificação só podia ser feita pelo presidente e vice-presidente da República. No mês passado, um decreto do governo autorizou servidor comissionado a classificar documentos. O ministro do Gabinete de Segurança Institucional (GSI), Augusto Heleno, delegou para autoridades da Agência Brasileira de Inteligência (Abin) a competência para classificar informações nos graus ultrassecreto e secreto. O GSI é vinculado à Presidência da República. A Abin é subordinada ao GSI.A decisão do ministro, publicada no ""Diário Oficial da União"" desta quarta-feira (6), foi tomada 14 dias depois de decreto assinado pelo vice-presidente Hamilton Mourão, que autorizou servidores comissionados e dirigentes de fundações, autarquias e empresas públicas a determinarem sigilo ultrassecreto a dados públicos. Mourão assinou o decreto no exercício da Presidência, enquanto o presidente Jair Bolsonaro participava do Fórum Econômico Mundial, em Davos, na Suíça.Na portaria publicada nesta quarta, o ministro Augusto Heleno autoriza o diretor-geral da Abin a classificar informações no grau ultrassecreto. Outros servidores da agência _ diretor-adjunto, secretário de Planejamento e Gestão, e diretores de unidades da agência de cargos em comissão _ podem classificar no grau secreto.O GSI responde pela coordenação da área de inteligência do governo. A estrutura ainda comanda a segurança pessoal do presidente da República.O decreto de Mourão, publicado no dia 24 de janeiro, alterou as regras de aplicação da Lei de Acesso à Informação (LAI). Antes, essa classificação dos documentos só podia ser feita pelo presidente e vice-presidente da República, ministros de Estado e autoridades equivalentes, além dos comandantes das Forças Armadas e chefes de missões diplomáticas no exterior.Segundo Mourão, informações consideradas ultrassecretas no país são ""raríssimas"". Ele também afirmou que o decreto diminui a burocracia.""O decreto única e exclusivamente ele diminui a burocracia na hora de você desqualificar alguns documentos sigilosos"", disse Mourão na ocasião da assinatura do decreto.A LAI, que entrou em vigor em 2012, criou mecanismos que possibilitam a qualquer pessoa (física ou jurídica) o acesso às informações públicas dos órgãos e entidades, sem necessidade de apresentar motivo.Nesta quarta, Mourão explicou a jornalistas que Heleno utilizou a prerrogativa estabelecida pelo decreto que alterou regras de aplicação da LAI. ""[Heleno] está usando o decreto"", disse Mourão.Classificação de informaçõesOs demais documentos, sem nenhuma dessas classificações, devem ser disponibilizados ao público. "	-1
68	"""STF suspende ações que pedem adicional de 25% a apoentados que precisam de cuidadores."" Sem suspensão, impacto fiscal das ações seria de R$ 7,15 bilhões por ano, segundo INSS. A Primeira Turma do Supremo Tribunal Federal (STF) decidiu nesta terça-feira (12), por unanimidade, suspender as ações que pedem na Justiça o adicional de 25% na apoentadoria de idosos que precisam de cuidadores até que a Corte se pronuncie definitivamente sobre o tema."	"""STF suspende ações que pedem adicional de 25% a aposentados que precisam de cuidadores""Decisão da Primeira Turma vale até que plenário da Corte analise o caso. Sem suspensão, impacto fiscal das ações seria de R$ 7,15 bilhões por ano, segundo INSS. A Primeira Turma do Supremo Tribunal Federal (STF) decidiu nesta terça-feira (12), por unanimidade, suspender as ações que pedem na Justiça o adicional de 25% na aposentadoria de idosos que precisam de cuidadores até que a Corte se pronuncie definitivamente sobre o tema. Não há data marcada para a análise dessa questão.Em agosto do ano passado, o Superior Tribunal de Justiça (STJ) reconheceu o direito a todos os aposentados, permitindo o pagamento adicional de 25% sobre o vencimento.Até então, o adicional só era pago aos aposentados por invalidez. Com a decisão do STJ, foi estendido a todos os outros que necessitam de cuidadores. Esse benefício passou a ser pedido na Justiça por aposentados nessas condições com base no entendimento do tribunal.O governo então foi ao STF para pedir a suspensão desses processos até o plenário se pronuncie sobre o tema. Segundo o INSS, o impacto fiscal é de R$ 7,15 bilhões por ano.Em fevereiro, o ministro Luiz Fux negou o pedido de suspensão das ações e o governo recorreu para levar o caso à Primeira Turma.Na decisão desta terça, o colegiado atendeu ao pedido do governo e suspendeu a tramitação das ações que requerem o benefício, sejam individuais ou coletivas, em todo o país.""Em termos de repercussão econômica, a informação do Ministério da Fazenda é no sentido de que essa utilização imoderada do adicional leva a um benefício de R$ 7,15 bilhões por ano, em um ano em que se discute a reforma da Previdência e se antevê as dificuldades da Previdência. Então, realmente, essa benesse judicial me pareceu extremamente exagerada"", afirmou Fux, relator do pedido, que mudou de entendimento e votou pela suspensão dos processos.""O risco de lesão grave a ser afastado com a suspensão dos processos que versam sobre a controvérsia debatidas nos autos, consiste no impacto bilionário causado aos já combalidos cofres públicos"", completou o relator.O ministro justificou que o primeiro pedido de suspensão foi negado por ele, porque se tratava de uma petição ""sem elementos robustos de convicção"". Fux considerou que, no recurso apresentado, o poder público conseguiu comprovar a repercussão da decisão, o que levou à mudança de entendimento.Para o ministro Alexandre de Moraes, benefícios da Previdência não podem continuar sendo concedidos judicialmente.""Se o tratamento previdenciário continuar sendo judicialmente dado como vem sendo, nem mil reformas da previdência vão dar certo. Ou todos os poderes tomam consciência da necessidade de estancar a sangria da Previdência ou não vamos conseguir chegar nunca a um resultado bom"", disse Moraes.Os ministros Luís Roberto Barroso, Marco Aurélio e Rosa Weber seguiram o relator e também votaram pela suspensão. "	-1
69	A primeira sessão de debates do ano na Câmara dos Deputados, realizada nesta terça-feira (5), teve bate-boca e troca de provocações entre parlamentares.O clima ficou tenso quando o deputado Valmir Assunção (PT-BA), que está em seu terceiro mandato, rebateu críticas aos governos petistas e cobrou explicações sobre o caso envolvendo o senador Flávio Bolsonaro (PSL-RJ) e seu motorista Fabrício Queiroz.O deputado Delegado Éder Mauro (PSD-PA) saiu em defesa de Bolsonaro.	"""Primeira sessão de debates do ano na Câmara tem bate-boca e provocação entre deputados""Pouco mais da metade dos 513 parlamentares compareceu ao primeiro compromisso da Câmara após o início dos trabalhos legislativos na segunda-feira (4).  A primeira sessão de debates do ano na Câmara dos Deputados, realizada nesta terça-feira (5), teve bate-boca e troca de provocações entre parlamentares.Dos 513 deputados, pouco mais da metade compareceu ao primeiro compromisso da Câmara após o início dos trabalhos legislativos. Por volta das 16h30, o registro de presença da Casa contava com 261 parlamentares. A sessão ainda não havia terminado até a última atualização desta reportagem.Em um plenário parcialmente ocupado, os deputados se revezavam na tribuna com agradecimentos aos eleitores e discursos sobre projetos.O clima ficou tenso quando o deputado Valmir Assunção (PT-BA), que está em seu terceiro mandato, rebateu críticas aos governos petistas e cobrou explicações sobre o caso envolvendo o senador Flávio Bolsonaro (PSL-RJ) e seu motorista Fabrício Queiroz, que são alvos de investigação do Ministério Público do Rio de Janeiro (MP-RJ) sobre movimentações financeiras consideradas ""atípicas"" pelo Conselho de Controle de Atividades Financeiras (Coaf).""Alguns deputados já hoje diziam que ficaram vários dias, meses aqui para tirar o governo mais corrupto que houve nesse país. Mas quero saber qual a posição desses deputados com a família Bolsonaro. Quero saber se esses deputados vêm pedir investigação, porque a família Bolsonaro _ todo mundo está sabendo e viu nas redes e nos meios de comunicação _ [está] envolvida com as milícias e, por outro lado, o dinheiro na conta de A, de B e até agora ninguém explica nada disso. Onde está a coerência?"", afirmou durante discurso da tribuna.O deputado Delegado Éder Mauro (PSD-PA) saiu em defesa de Bolsonaro. Na parte de baixo do plenário, começou a gritar em um dos microfones que ficam no meio dos parlamentares: ""Mas foi o teu PT que acabou com o país. Foi o teu partido que acabou com o país. Foi o Lula que acabou com o país"", disse.A deputada Geovânia Sá (PSDB-SC), suplente de secretário da Mesa Diretora, que presidia os trabalhos, pediu a Éder Mauro que respeitasse o colega.Mauro retrucou dizendo que o petista estava atacando o presidente da República. ""Estou respeitando, mas ele está atacando o presidente da República e ninguém está falando nada"", afirmou.Outros parlamentares se envolveram no bate-boca. A deputada Benedita da Silva (PT-RJ), que estava próxima a Éder Mauro, foi tirar satisfações. A deputada Érika Kokay (PT-DF) ficou dizendo que o país ""não tem mais capitania hereditária"".Enquanto isso, Mauro repetia no microfone que queria pedido de resposta. A deputada que presidia a sessão ficou pedindo calma até que os ânimos arrefecessem.A maior parte dos deputados aproveitou a sessão para defender projetos de sua autoria. Um deles foi Giovani Cherini (PR-RS), que informou a apresentação de uma proposta para obrigar que todos os deputados façam exame toxicológico anualmente para dar o ""bom exemplo"".""Estou apresentando um projeto que cria o teste toxicológico para todo cidadão que tem vínculo com o estado. Essa Casa aqui, os deputados terão que fazer todo ano teste toxicológico, senador, deputado, juiz, promotor para acabar com o uso da droga no Brasil. Se nós queremos mudar o Brasil, temos que começar em casa, dando o bom exemplo"", disse.Conforme as regras internas, a primeira sessão da Casa tem que ser destinada apenas a debates. A primeira deliberativa, com a possibilidade de votações de projetos, está prevista para quarta (6). A pauta anda será definida em uma reunião entre o presidente da Câmara, Rodrigo Maia (DEM-RJ), e os líderes dos partidos. "	-1
70	"Líderes partidários da Câmara fecharam um acordo na noite desta segunda-feira (11) no qual condicionaram a votação da reforma da Previdência na Comissão de Constituição e Justiça (CCJ) da Casa à entrega, por parte do governo federal, da proposta que irá sugerir mudanças na aposentadoria de militares.A CCJ é a primeira etapa de tramitação da reforma da Previdência na Câmara. ""Está combinado entre todos os líderes de que, quando a proposta dos militares chegar, aí pode ser votada a admissibilidade do pacote da Previdência."""	"""CCJ só votará Previdência após governo enviar proposta sobre militares, dizem líderes""Decisão anunciada na noite desta segunda (11) foi tomada em reunião de líderes realizada na residência oficial de Rodrigo Maia (DEM-RJ). Líder do partido de Jair Bolsonaro avalizou acordo. Líderes partidários da Câmara fecharam um acordo na noite desta segunda-feira (11) no qual condicionaram a votação da reforma da Previdência na Comissão de Constituição e Justiça (CCJ) da Casa à entrega, por parte do governo federal, da proposta que irá sugerir mudanças na aposentadoria de militares.A decisão foi tomada em uma reunião realizada no início da noite na residência oficial do presidente da Câmara, Rodrigo Maia (DEM). O acordo foi confirmado à imprensa pelo líder da oposição, Alessandro Molon (PSB-RJ), e pelos líderes das bancadas de PPS e PMN.Líder na Câmara do PSL _ partido do presidente Jair Bolsonaro _, o deputado Delegado Waldir (GO) também avalizou o acordo. O parlamentar goiano defendeu tratamento igualitário entre os setores civis e militares.""A reforma dos militares tem que estar junto com a reforma dos demais servidores. O PSL não é diferente dos demais partidos. Nós queremos mostrar ao cidadão que todos estão estão sendo tratados de forma igualitária e todos terão seu sacrifício"", disse Delegado Waldir ao final da reunião na casa de Rodrigo Maia.""Está combinado entre todos os líderes de que, quando a proposta dos militares chegar, aí pode ser votada a admissibilidade do pacote da Previdência. Então, começa a se debater, a CCJ funcionando, mas só vota a admissibilidade quando chegar a proposta pros militares"", complementou o líder do PPS, Daniel Coelho (PE).A CCJ é a primeira etapa de tramitação da reforma da Previdência na Câmara. O colegiado será o responsável por analisar a chamada admissibilidade da Proposta de Emenda à Constituição (PEC), ou seja, se o texto está de acordo com a Constituição e as leis do país.Uma vez aprovada na comissão, a proposta de mudanças nas regras previdenciárias seguirá para uma comissão especial, que vai ser criada exclusivamente para apreciar o conteúdo do texto.Está programada para quarta-feira (13) a instalação da nova composição da Comissão de Constituição e Justiça da Câmara. A instalação é marcada pela eleição do presidente e dos três vice-presidentes do colegiado.A instalação da CCJ está atrasada em razão da pressão dos líderes partidários para que o governo Jair Bolsonaro apresente suas propostas de mudança nas regras de aposentadoria dos integrantes das Forças Armadas. Até mesmo parlamentares de partidos alinhados com o Palácio do Planalto exigem que as reformas previdenciárias de civis e militares tramitem simultaneamente no Legislativo.Em 20 de fevereiro, Rodrigo Maia chegou a dizer que pretendia instalar a nova composição da CCJ na semana anterior ao Carnaval. Dias depois, advertido por líderes de que os deputados só aceitariam apreciar a PEC depois que o projeto dos militares tivesse sido apresentado pelo governo, o presidente da Câmara informou que a instalação do colegiado ficaria para depois do feriado.A indicação dos 66 integrantes titulares da Comissão de Constituição e Justiça teve início nesta segunda-feira, a dois da instalação do colegiado.Os primeiros partidos a apresentar a lista com os nomes de seus representantes na principal comissão da Câmara foram PSDB, PPS, Novo, PR e PRB.Os nomes dos indicados, informou a Secretaria-Geral da Mesa Diretora, devem ser encaminhados até esta terça (12) para a direção da CCJ.O bloco formado pelo PSL tem 11 partidos e vai ter maioria na comissão: 39 deputados. Já o bloco formado pelo PT e mais três partidos de oposição vai ter 12 vagas no colegiado.Por acordo, o PSL indicou para a presidência da CCJ o deputado de primeiro mandato Felipe Francischini (PSL-PR), filho do delegado aposentado da Polícia Federal (PF) e deputado estadual do Paraná Fernando Francischini (PSL).Líderes de partidos aliados vão indicar para Comissão de Constituição e Justiça deputados que apoiam a reforma da Previdência. E elogiaram a decisão de Bolsonaro de começar a receber indicações para cargos de segundo e terceiro escalões.Esse acerto, feito numa reunião entre Bolsonaro e o presidente da Câmara no último sábado, ajudaria a quebrar resistências e a estimular a formação de uma base. A líder do governo no Congresso, deputada Joice Hasselmann (PSL-SP), disse que serão publicadas na edição desta terça (12) do ""Diário Oficial da União"" nomeações de aliados do Palácio do Planalto.""Atende o processo de articulação política, que é saudável, que é bem-vinda. Esse é o princípio do próximo Diário Oficial. Ou de uma informação que vai tá no Diário Oficial. Vai ter uma composição do que serão os vice-líderes no Congresso Nacional e essas vice-lideranças não serão pessoas figurativas"", declarou Joice.Muitos deputados avaliam que, após sofrer muitas críticas por falta de diálogo com a base, o presidente da República começa a se aproximar e a negociar com as bancadas aliadas. Além de indicar nomes, os partidos que apoiam Bolsonaro querem ver as nomeações no ""Diário Oficial"".""Não é toma lá, dá cá. É a necessidade que nós temos de entregar obras nos estados, de entregar aquilo que todos os governos fizeram com o parlamento"", defendeu o líder do PRB, deputado Jhonatan de Jesus (RR). "	-1
71	"O Conselho Nacional de Justiça (CNJ) determinou nesta terça-feira (5) o afastamento do juiz Glicério de Angiólis Silva, do Tribunal de Justiça do Rio de Janeiro (TJ-RJ), por suposto assédio moral e sexual. A defesa do juiz, apresentada pela Associação dos Magistrados do Estado do Rio de Janeiro (Amaerj), alega que os servidores e as estagiárias não relataram assédio. ""[O juiz] pratica permanentemente assédio sexual contra as estagiárias que se veem sob constante ameaça"", afirmou a conselheira relatora do caso, Iracema Vale."	"""CNJ afasta juiz por suposto assédio moral e sexual; defesa nega acusação""Glicério de Angiólis Silva também passará a responder a processo administrativo disciplinar. Defesa alega que funcionários e estagiárias não relataram assédio, somente sindicato. O Conselho Nacional de Justiça (CNJ) determinou nesta terça-feira (5) o afastamento do juiz Glicério de Angiólis Silva, do Tribunal de Justiça do Rio de Janeiro (TJ-RJ), por suposto assédio moral e sexual.O CNJ também decidiu abrir um processo administrativo disciplinar (Pad) _ saiba detalhes sobre o processo mais abaixo.Em 2015, Glicério Angiólis Silva foi alvo de denúncias de assédio moral e sexual a servidores e estagiárias no fórum de Miracema (RJ).Durante a sessão do CNJ, a defesa do juiz, apresentada pela Associação dos Magistrados do Estado do Rio de Janeiro (Amaerj), alegou que os servidores e as estagiárias não relataram assédio. A denúncia, segundo a defesa, teria sido feita por um sindicato.De acordo com a conselheira relatora do caso, Iracema Vale, uma estagiária do juiz afirmou que ele a beijava no rosto, a chamava para sair e pedia fotos dela usando biquíni.""[O juiz] pratica permanentemente assédio sexual contra as estagiárias que se veem sob constante ameaça"", afirmou a conselheira.""[Glicério] obrigou alguns servidores a ficar no fórum, diversas vezes, até as 23h para reorganizar armários, sem qualquer fundamento emergencial. E, da mesma forma, deixa servidores sem almoço, pois exige providências infundadas e motivadas sempre por urgências desnecessárias. Muitos servidores estão vivendo à base de calmantes e ansiolíticos"", completou.Dos 15 conselheiros presentes à sessão, dois não acompanharam a decisão da relatora. Os demais, sim.Segundo o advogado Júlio Carvalho, o Fórum de Miracema já havia analisado o caso e entendido que não houve assédio.Mas, ainda de acordo com Carvalho, o Sindicato dos Servidores do Poder Judiciário do Estado do Rio de Janeiro pediu a revisão do processo.""O próprio órgão especial, no momento de apreciar essa situação, após tomar depoimento de 20 funcionários, das estagiárias, que em momento algum reclamaram assédio, o sindicato que alegou que elas tinham sido assediadas pelo magistrado"", afirmou.Segundo o advogado, o fórum de Miracema é ""pequeno"" e, quando o juiz passou a trabalhar no local, dos ""20 e tantos funcionários, dez eram da mesma família"".As denúncias de irregularidades praticadas por magistrados podem ser feitas por qualquer pessoa ou encaminhadas pelas corregedorias dos tribunais de Justiça.Se for constatada evidência de infração disciplinar por parte do magistrado, o corregedor de Justiça pode propor ao plenário do CNJ a instauração de um processo administrativo.O julgamento deve ser feito em sessão pública, e o processo pode resultar em uma das punições previstas na Lei Orgânica da Magistratura, como aposentadoria compulsória. O caso também pode ser arquivado. "	-1
72	"""Em depoimento, engenheiro disse ter se sentido pressionado a assinar declaração de estabilidade da barragem. Os e-mails foram identificados pela Polícia Federal. Os e-mails foram identificados pela Polícia Federal. Nas perguntas, o delegado diz que o assunto das mensagens ""di"	"""E-mails indicam que Vale soube de problemas em sensores de Brumadinho dois dias antes do rompimento de barragem""EXCLUSIVO: troca de e-mails foi identificada pela PF. Em depoimento, engenheiro disse ter se sentido pressionado a assinar declaração de estabilidade da barragem. Uma troca de e-mails entre profissionais da Vale e duas empresas ligadas à segurança da barragem de Brumadinho mostra que, dois dias antes do rompimento, a Vale já havia identificado problemas nos dados de sensores responsáveis por monitorar a estrutura.Os e-mails foram identificados pela Polícia Federal. Até esta quarta-feira, havia a confirmação de 150 mortos e 182 desaparecidos em decorrência do mar de lama liberado após o rompimento da barragem.A Vale informou em nota que, no segundo dia útil após o rompimento da barragem, entregou voluntariamente documentos e e-mails a procuradores da República e à Polícia Federal. ""A companhia se absterá de fazer comentários sobre particularidades das investigações de forma a preservar a apuração dos fatos pelas autoridades"", diz o texto da nota (leia a íntegra ao final desta reportagem).A TV Globo teve acesso aos depoimentos prestados por dois engenheiros da empresa TÜV SÜD, André Jum Yassuda e Makoto Namba, responsáveis por laudos de estabilidade da barragem.Os advogados Augusto de Arruda Botelho e Brian Alves Prado, que defendem os engenheiros, disseram que não vão comentar.Yassuda e Namba foram presos pela Polícia Federal na semana passado. Nesta terça-feira (5), o Superior Tribunal de Justiça (STJ) determinou que eles fossem libertados.Ao questionar Namba, o delegado Luiz Augusto Nogueira, da Polícia Federal, se refere à existência de e-mails trocados entre funcionários da Vale, da TÜV SÜD e da Tec Wise, outra empresa contratada pela Vale.As mensagens começaram a ser trocadas no dia 23 de janeiro, às 14h38, e se prolongaram até as 15h05 do dia seguinte. A barragem se rompeu em 25 de janeiro.Nas perguntas, o delegado diz que o assunto das mensagens ""diz respeito a dados discrepantes obtidos através da leitura dos instrumentos automatizados (piezômetros) no dia 10/01/2019, instalados na barragem B1 do CCF, bem como acerca do não funcionamento de 5 (cinco) piezômetros automatizados"".No depoimento não constam, no entanto, detalhes sobre as mensagens.O engenheiro afirma que só ficou sabendo das alterações dos dados fornecidos pelos sensores após o rompimento da barragem.Depois de lidas as mensagens para ele, Namba foi questionado sobre ""qual seria sua providência caso seu filho estivesse trabalhando no local da barragem"".Namba respondeu, segundo o relatório da Polícia Federal, que ""após a confirmação das leituras, ligaria imediatamente para seu filho para que evacuasse do local bem como que ligaria para o setor de emergência da Vale responsável pelo acionamento do PAEBM [Plano de Ação de Emergência de Barragens de Mineração] para as providências cabíveis"".A TÜV SÜD informou em nota que fará tudo o que estiver ao alcance ""para contribuir para uma investigação abrangente"", mas devido às investigações em andamento com as quais contribui, ""não está atualmente em posição de fornecer quaisquer informações adicionais"" (leia a íntegra da nota ao final desta reportagem).No depoimento, o engenheiro Makoto Namba também relatou uma reunião com funcionários da Vale sobre o laudo de estabilidade assinado por ele.Namba disse que um funcionário da Vale chamado Alexandre Campanha perguntou a ele: ""A TÜV SÜD vai assinar ou não a declaração de estabilidade?"".Namba disse à PF ter respondido que a empresa assinaria o laudo se a Vale adotasse as recomendações indicadas na revisão periódica de junho de 2018, mas assinou o documento.Segundo "	-1
73	Os 513 deputados federais eleitos e reeleitos em outubro de 2018 tomarão posse nesta sexta-feira (1º), em Brasília, para mandatos de quatro anos. Esse ano a composição está com o maior percentual de novatos e de mulheres em mais de 30 anos. Dos 513 deputados que tomam posse, 244 são estreantes na Câmara, o equivalente a 47,6%.	"""Posse dos deputados federais: veja os parlamentares de cada estado que assumem o mandato nesta sexta-feira""Sessão no plenário da Câmara está marcada para começar às 10h. Esse ano a composição está com o maior percentual de novatos e de mulheres em mais de 30 anos. Os 513 deputados federais eleitos e reeleitos em outubro de 2018 tomarão posse nesta sexta-feira (1º), em Brasília, para mandatos de quatro anos. A sessão está marcada para começar às 10h e ocorrerá no plenário da Câmara dos Deputados.Esse ano a composição está com o maior percentual de novatos e de mulheres em mais de 30 anos. Dos 513 deputados que tomam posse, 244 são estreantes na Câmara, o equivalente a 47,6%. O número de partidos também é recorde: 30.Veja os parlamentares de cada estado: "	-1
74	A procuradora-geral da República, Raquel Dodge, enviou ao Supremo Tribunal Federal (STF) nesta segunda-feira (18) um pedido para que a Caixa Econômica Federal (CEF) preste informações a respeito dos R$ 2,5 bilhões depositados pela Petrobras em uma conta vinculada à 13ª Vara da Justiça Federal em Curitiba. Parte do montante serviria para a criação de uma fundação da Lava Jato. O dinheiro vem de um acordo fechado entre Petrobras e autoridades americanas em setembro do ano passado, para encerrar investigações nos Estados Unidos de irregularidades na estatal.	"""Dodge quer informações da Caixa em processo sobre dinheiro para fundação da Lava Jato""Valores depositados em uma conta vinculada à Justiça Federal fazem parte de acerto da Petrobras com os EUA. Acordo para criação de fundo privado foi suspenso e valores bloqueados. A procuradora-geral da República, Raquel Dodge, enviou ao Supremo Tribunal Federal (STF) nesta segunda-feira (18) um pedido para que a Caixa Econômica Federal (CEF) preste informações a respeito dos R$ 2,5 bilhões depositados pela Petrobras em uma conta vinculada à 13ª Vara da Justiça Federal em Curitiba. Parte do montante serviria para a criação de uma fundação da Lava Jato.O pedido foi feito dentro de uma ação que questiona o acordo fechado pela estatal e a força-tarefa da Operação Lava Jato que permitiria a criação de uma fundação para gerir recursos acordados pela petroleira com autoridades americanas. A decisão sobre o envio ou não das informações cabe ao relator, ministro Alexandre de Moraes.""(...) destaco a necessidade de que a Caixa Econômica Federal seja intimada para apresentar, nestes autos, informações que possam retratar, de forma bastante objetiva, o elevado montante depositado, a data do depósito, o tipo e natureza da aplicação e rendimentos incidentes sobre estes valores; e se haverá alguma alteração nestas regras em razão do bloqueio ora determinado e manutenção em depósito judicial"", diz a PGR.O dinheiro vem de um acordo fechado entre Petrobras e autoridades americanas em setembro do ano passado, para encerrar investigações nos Estados Unidos de irregularidades na estatal.Ficou acertado na ocasião que 80% do montante seria depositado no Brasil, o que equivale a R$ 2,567 bilhões. O Ministério Público Federal no Paraná planejava criar um fundo privado para gerir esses recursos.O órgão então fechou um acordo com a Petrobras, homologado pela Justiça Federal no Paraná, que previa a constituição de uma fundação de direito privado para destinar parte dos recursos a iniciativas sociais, em áreas como saúde, educação e meio ambiente.Em 30 de janeiro, a estatal depositou os R$ 2,567 bilhões em conta da Caixa Econômica Federal vinculada à 13ª Vara Federal de Curitiba, que julga os casos da operação.Cerca de R$ 1,25 bilhão seria aplicado em um fundo patrimonial gerido por uma fundação independente e distribuídos os rendimentos para projetos de combate à corrupção e promoção da cidadania e da integridade.Na sexta-feira, entretanto o ministro Alexandre de Moraes, suspendeu a homologação e a eficácia do acordo firmado entre a força-tarefa da Lava Jato e a Petrobras. Ele determinou que os valores depositados pela Petrobras fossem bloqueados e mantidos em uma conta designada pela Justiça.""Nestes termos, ciente da decisão cautelar acima referida, esta PGR requer a Vossa Excelência que determine à Presidência da Caixa Econômica Federal que apresente a esta d. Relatoria, de forma documentada, todas as informações sobre o depósito efetuado pela empresa Petrobrás à disposição do Juízo da 13ª Vara Federal de Curitiba (que homologou o Acordo de Assunção de Compromissos), notadamente sobre a gestão financeira desta verba: o montante original, rendimentos, taxas incidentes, forma de remuneração, dentre outras informações cabíveis"", solicitou Dodge.Para a procuradora, as informações são necessárias, porque pode haver prejuízo financeiro em razão da alteração nas regras de aplicação e rendimentos incidentes sobre os valores.""A depender da alteração das regras de atualização monetária e dos rendimentos estabelecidas originariamente, poderá ocorrer uma perda significativa dessa correspondência, o que causará prejuízo ao interesse público"", afirmou a PGR. "	-1
75	"""Collor é interrogado no STF em ação penal da Lava Jato""Senador é réu por corrupção, lavagem de dinheiro e organização criminosa. Collor é acusado de receber mais de R$ 30 milhões em negócios da BR Distribuidora. Ao final do processo, o senador poderá ser condenado ou absolvido em julgamento na Corte."	"""Collor é interrogado no STF em ação penal da Lava Jato""Senador é réu por corrupção, lavagem de dinheiro e organização criminosa. Collor é acusado de receber mais de R$ 30 milhões em negócios da BR Distribuidora. Defesa diz que não há provas. O ex-presidente da República e senador Fernando Collor (Pros-AL) foi interrogado na manhã desta quarta-feira (13) no Supremo Tribunal Federal (STF), em ação penal da Operação Lava Jato. Ele réu por corrupção, lavagem de dinheiro e organização criminosa no processo.Collor é acusado de receber mais de R$ 30 milhões em propina por negócios da BR Distribuidora, subsidiária da Petrobras na venda de combustíveis. Segundo a denúncia da Procuradoria-Geral da República (PGR), ele pediu e recebeu o dinheiro entre 2010 e 2014 em três negócios envolvendo a subsidiária, que tinha dois diretores indicados pelo senador.A defesa de Collor afirma que a denúncia não traz provas concretas de que o senador recebeu o dinheiro de propina. Além disso, questiona que contrapartida o senador teria dado para viabilizar os negócios da BR.A Segunda Turma do STF aceitou a denúncia, por unanimidade, em agosto de 2017. Ao final do processo, o senador poderá ser condenado ou absolvido em julgamento na Corte.Responde como réu na mesma ação Pedro Paulo Leoni Ramos, ex-ministro do governo Collor e considerado operador do ex-presidente em diversos negócios. Leoni Ramos também será interrogado nesta quarta. Luís Pereira Duarte de Amorim, diretor da Gazeta de Alagoas, apontado como testa de ferro e recebedor de propina para Collor, também é réu no processo e será ouvido em 18 de fevereiro. "	-1
76	"""Fux mantém com Gilmar Mendes e Luís Roberto Barroso casos que envolvem Beto Richa no STF."" A PGR pediu para que processo envolvendo irmão de ex-governador saísse das mãos de Gilmar Mendes e fosse para Luís Roberto Barroso. Ministro Luiz Fux rejeitou pedido. O ministro Luiz Fux decidiu manter com os ministros Gilmar Mendes e Luís Roberto Barroso processos sobre o ex-governadore do Paraná Beto Richa que tramitam no Supremo Tribunal Federal (STF)."	"""Fux mantém com Gilmar Mendes e Luís Roberto Barroso casos que envolvem Beto Richa no STF""PGR pediu para que processo envolvendo irmão de ex-governador saísse das mãos de Gilmar Mendes e fosse para Luís Roberto Barroso. Ministro Luiz Fux rejeitou pedido. O ministro Luiz Fux decidiu manter com os ministros Gilmar Mendes e Luís Roberto Barroso processos sobre o ex-governador do Paraná Beto Richa que tramitam no Supremo Tribunal Federal (STF).Vice-presidente do STF, Fux tomou a decisão nesta última terça-feira (29), quando ainda era o responsável pelo plantão do tribunal durante o recesso _ nesta quarta (30), o presidente Dias Toffoli assumiu a função. Richa foi preso na semana passada pela Operação Integração.Fux tomou a decisão ao analisar _ e rejeitar _ um pedido da procuradora-geral da República, Raquel Dodge. Ela queria que um pedido do irmão de Richa, José Richa Filho, fosse retirado de Mendes e transferido para Barroso.Em outubro do ano passado, Pepe Richa entrou com ação no STF questionando a decretação da prisão dele.Na época, o presidente do STF, Dias Toffoli, decidiu que o relator seria Gilmar Mendes porque, no entendimento dele, o caso tinha relação com a Operação Rádio Patrulha.Nessa operação, o Ministério Público do estado apurou um suposto direcionamento de licitações de empresas e esquema de pagamentos de propina a agentes públicos no programa do governo estadual Patrulha do Campo, que faz a manutenção das estradas rurais. Gilmar Mendes determinou a soltura de Pepe Richa.A PGR alegou ao Supremo na semana passada, durante o recesso, que a prisão de Pepe Richa, na verdade, teve relação com a Operação Integração 2, do Ministério Público Federal do Paraná.Essa operação apurou suposto esquema de fraude na gestão das concessões rodoviárias federais no Paraná.A Procuradoria também argumentou que o ministro Barroso era o relator do caso porque já tinha recebido uma ação de um empresário investigado no mesmo processo em julho do ano passado.O ministro Fux não atendeu ao pedido para retirar a ação sobre Pepe Richa de Gilmar Mendes. Ele decidiu que Mendes fica com casos da Rádio Patrulha e Barroso com casos da Operação Integração 1 e 2.A defesa não apresentou ainda pedido de liberdade ao STF. No entanto, se o pedido for apresentado dentro do caso que já está com Gilmar Mendes, a PGR poderá, com base no entendimento de Fux, requerer que o pedido seja remetido para Barroso.Se chegar um novo processo mencionando a Operação Integração, a expectativa é de que já seja encaminhado a Barroso.Fux considerou que, no momento, as competências estão definidas entre os dois ministros e, portanto, não há razão para se atender ao pedido da PGR. "	-1
77	Congresso recebe nesta segunda-feira mensagem de Bolsonaro na primeira sessão do ano. É esperada a presença de ministros e autoridades. Na cerimônia, marcada para começar às 15h no plenário da Câmara, será lida uma mensagem do presidente da República, Jair Bolsonaro, com os planos do Poder Executivo para 2019.	"""Congresso recebe nesta segunda-feira mensagem de Bolsonaro na primeira sessão do ano""Sessão solene será a primeira com os deputados federais e senadores recém-empossados e marca o início dos trabalhos legislativos. É esperada a presença de ministros e autoridades. O Congresso Nacional dará início nesta segunda-feira (4) aos trabalhos legislativos do ano em uma sessão solene conjunta da Câmara e do Senado _ a primeira com os deputados federais e senadores recém-empossados.Na cerimônia, marcada para começar às 15h no plenário da Câmara, será lida uma mensagem do presidente da República, Jair Bolsonaro, com os planos do Poder Executivo para 2019.A mensagem costuma ser levada ao Congresso pelo chefe da Casa Civil da Presidência e quem deverá representar Bolsonaro é o titular da pasta, ministro Onyx Lorenzoni. O presidente está hospitalizado em São Paulo, recuperando-se de uma cirurgia para retirada da bolsa de colostomia.A data de início do ano legislativo é definida pela Constituição Federal, que estabelece que seja em 2 de fevereiro. No entanto, como neste ano a data foi um sábado, o início será no primeiro dia útil seguinte.A sessão inaugural será conduzida pelo recém-eleito presidente do Congresso, senador Davi Alcolumbre (DEM-AP), após cumprir um rito formal. Ele chegará ao Congresso conduzido por batedores, ouvirá a execução do Hino Nacional, assistirá a uma salva de 21 tiros de canhão e passará a tropa em revista.Além dos parlamentares, são convidadas autoridades como o presidente do Supremo Tribunal Federal (STF), Dias Toffoli, e a procuradora-geral da República, Raquel Dodge. A cerimônia também consta da agenda dos ministros Sergio Moro (Justiça) e Gustavo Bebianno (Secretaria-Geral da Presidência).O presidente da Câmara, Rodrigo Maia (DEM-RJ), reeleito para comandar a Casa por mais dois anos, também deve participar da sessão solene.Pelas regras da Casa, a leitura da mensagem presidencial será feita pela primeira-secretária do Congresso, a deputada Soraya Santos (PP-RJ).A pauta de votações na Câmara e no Senado ainda não está definida. Os líderes dos partidos no Senado deverão se reunir na terça-feira (5) para definir as primeiras propostas a serem analisadas pela Casa. Na Câmara, a reunião de líderes está marcada para quarta-feira (6) de manhã.Um dos temas sobre o qual os parlamentares deverão se debruçar nas próximas semanas e meses é a reforma da Previdência Social, apontada como prioridade do governo Bolsonaro para recuperar as contas do país.A expectativa é de que uma proposta com mudanças nas regras de aposentadoria seja enviada pelo Executivo ao Legislativo em breve. "	-1
78	"""O ministro Luiz Fux, do Supremo Tribunal Federal (STF), voltou a suspender nesta quinta-feira (7) todos os processos na Justiça que tratam da medida provisória (MP) que instituiu a tabela de fretes rodoviários."" Fux decidiu, ainda, manter a multa aplicada a quem não cumprir os preços previstos na tabela. Segundo o ministro, é preciso ""resguardar a segurança jurídica até que a controvérsia sobre a subsistência da mencionada lei seja solucionada por este Pretório Excelso""."	"""Fux volta a suspender ações sobre MP do frete e mantém multa a quem não cumprir tabela""MP que instituiu tabela com preços dos fretes rodoviários foi editada em 2017 por Temer para atender a uma reivindicação dos caminhoneiros. Ações na Justiça questionam criação da tabela. O ministro Luiz Fux, do Supremo Tribunal Federal (STF), voltou a suspender nesta quinta-feira (7) todos os processos na Justiça que tratam da medida provisória (MP) que instituiu a tabela de fretes rodoviários.Fux decidiu, ainda, manter a multa aplicada a quem não cumprir os preços previstos na tabela.Editada em 2017 pelo então presidente Michel Temer, a MP atendeu a uma reivindicação dos caminhoneiros. Em abril do ano passado, a categoria ficou em greve por 11 dias para protestar contra o aumento no preço do óleo diesel.Na ocasião, postos de combustíveis ficaram sem gasolina; aeroportos ficaram sem querosene; supermercados ficaram sem produtos nas prateleiras; as exportações caíram; e os Correios tiveram prejuízo estimado em mais de R$ 150 milhões.Em junho do ano passado, Fux suspendeu todos os processos no país que envolviam a tabela de fretes até o plenário do Supremo julgar o mérito da questão. A Confederação da Agricultura e Pecuária, por exemplo, entrou com ação na Corte afirmando que a medida prejudicava a livre concorrência.Após a suspensão da medida, a Advocacia-Geral da União pediu esclarecimentos ao Supremo argumentando que juízes de instâncias inferiores começaram a conceder liminares em favor de empresas e entidades para suspender a tabela do frete.Uma das decisões foi favorável à Federação das Indústrias do Estado de São Paulo (Fiesp), que conseguiu uma liminar a empresas ligadas à entidade.Na decisão desta quinta-feira, Fux afirma que as razões da decisão anterior ""permanecem hígidas"". Segundo o ministro, é preciso ""resguardar a segurança jurídica até que a controvérsia sobre a subsistência da mencionada lei seja solucionada por este Pretório Excelso"". "	-1
79	Bolsanaro em Washington. Presidente participa de evento na Câmara do Comércio dos Estados Unidos.	"""Bolsonaro em Washington""Presidente participa de evento na Câmara do Comércio dos Estados Unidos"	-1
80	"""Para ele, é preciso apurar se houve imperícia, imprudência, negligência para, então, punir."" ""Eu acho que a gente tem que ter cautela nessa hora."" ""Agora, você prender."""	"""Mourão pede cautela ao se apurar responsabilidade por desastre em Brumadinho""Presidente em exercício comentou prisão de cinco pessoas após rompimento de barragem. Para ele, é preciso apurar se houve imperícia, imprudência, negligência para, então, punir. O presidente em exercício, Hamilton Mourão, afirmou nesta terça-feira (29) que não se pode agir por ""impulsos"" ao se buscar responsáveis pelo rompimento da barragem 1 da Mina do Feijão, em Brumadinho, que deixou pelo menos 84 mortos.Nesta terça-feira, cinco pessoas foram presas suspeitas de responsabilidade na tragédia: dois engenheiros da empresa TÜV SÜD, que prestavam serviço para a mineradora Vale, e três funcionários da mineradora.Os investigadores do Ministério Público e da polícia apuram se documentos técnicos, feitos por empresas contratadas pela Vale e que atestavam a segurança da barragem que se rompeu, foram fraudados de alguma forma.Ao comentar o caso, Mourão disse que é preciso ter cautela e reafirmou a necessidade de se apurar o caso para identificar se houve ""imperícia, imprudência, negligencia"" na tragédia.""Eu acho que a gente tem que ter cautela nessa hora. Uma coisa é a gente agir pelos impulsos e pela situação que está ocorrendo com a quantidade de gente que perdeu a vida. A gente tem que apurar as responsabilidades, se houve alguma imperícia, imprudência, negligência. Uma vez apurada a responsabilidade, a gente vê o que pode ser feito"", disse o presidente em exercício à imprensa, ao deixar a Vice-Presidência em Brasília.Na mesma fala, Mourão declarou não ter ""elementos"" para dizer se as prisões foram ""corretas"", mas defendeu que é preciso ter ""provas"" ou ""indícios muito fortes"" para manter suspeitos presos preventivamente.""O Ministério Público vai agir. O próprio Ministério Público estadual tomou atitudes hoje, não sei se foram as mais corretas, mas foram tomadas. [...] Não é que eu não concorde [com as prisões]. Eu não tenho elementos para dizer se elas estão corretas ou não. Agora, você prender preventivamente dois engenheiros por 30 dias, tem que ter provas para isso aí ou indícios muito fortes, ou então que eles iriam apagar as provas"", defendeu. "	-1
81	"""Desde 2003, Bebianno é o segundo ministro que caiu mais rápido; primeiro foi Jucá."" ""Jucá deixou o cargo de ministro do Planejamento em 2016, uma semana e meia depois do início do governo Temer."" ""Gustavo Bebianno se manteve 48 dias como ministro de Bolsonaro."" ""Jucá caiu em maio de 2016, 11 dias após ter sido nomeado por Temer."""	"""Desde 2003, Bebianno é o segundo ministro que caiu mais rápido; primeiro foi Jucá""Jucá deixou o cargo de ministro do Planejamento em 2016, uma semana e meia depois do início do governo Temer. Gustavo Bebianno se manteve 48 dias como ministro de Bolsonaro. Demitido nesta segunda-feira (18) pelo presidente Jair Bolsonaro, Gustavo Bebianno é o segundo ministro que mais rapidamente caiu após o ínicio de um governo desde o primeiro mandato de Luiz Inácio Lula da Silva (2003-2006).Bebianno foi exonerado 48 dias após ter tomado posse. No governo Temer, Romero Jucá deixou o posto de ministro do Planejamento uma semana e meia depois de assumir.Jucá caiu em maio de 2016, 11 dias após ter sido nomeado por Temer. A saída se deu no mesmo dia em que o jornal ""Folha de S.Paulo"" divulgou uma conversa em que ele sugere um ""pacto"" para barrar a Lava Jato, ao falar com o ex-presidente da Transpetro Sérgio Machado.MINISTROS QUE CAÍRAM MAIS RÁPIDO (após início dos governos, desde 2003)Primeiro mandato de Lula - No primeiro mandato do ex-presidente Lula (2003-2006), a primeira a perder o cargo foi Benedita da Silva, que chefiava a Secretaria de Assistência e Promoção Social. Um ano e 21 dias depois de assumir, ela foi atingida por denúncias de mau uso de dinheiro público logo no primeiro ano de governo petista, ao pagar com recursos da União a hospedagem em um hotel de luxo na Argentina. Benedita deixou o governo em janeiro de 2004.Segundo mandato de Lula - No segundo mandato de Lula (2007-2010), a primeira baixa aconteceu em maio de 2007. Quatro meses e 22 dias após ter tomado posse, Silas Rondeau deixou o cargo de ministro de Minas e Energia. Ele foi apontado pela Polícia Federal como suspeito de ter recebido R$ 100 mil de uma construtora acusada de fraudes e desvios em obras públicas.Primeiro mandato de Dilma - Entre os ministros da equipe original do primeiro mandato da ex-presidente Dilma Rousseff (2011-2014), o primeiro a ser demitido foi Antonio Palocci, que permaneceu à frente da Casa Civil cinco meses e sete dias. A queda de Palocci aconteceu em junho de 2011, quase um mês após a publicação de uma reportagem pelo jornal ""Folha de S.Paulo"" segundo a qual ele teve o patrimônio aumentado em 20 vezes entre 2006 e 2010.Segundo mandato de Dilma - No segundo mandato de Dilma (2015-2016), o primeiro a deixar o cargo foi Cid Gomes, 2 meses e 18 dias depois de assumir o Ministério da Educação. Ele teve que deixar o governo após ter discutido com deputados e abandonado o plenário da Câmara, onde teve de comparecer para dar explicações sobre declarações de que deputados faziam achaque. "	-1
82	"""É um cara corretíssimo, diz presidente do PSL sobre ministro do Turismo"". O ministro é citado no caso das candidaturas laranjas, o mesmo que contribuiu para demissão de Gustavo Bebianno. O ministro do Turismo é um cara corretíssimo, é um cara da maior força. Recai sobre Marcelo Álvaro Antônio a suspeita de uso de candidatas laranja."	"""É um cara corretíssimo, diz presidente do PSL sobre ministro do Turismo""Segundo Luciano Bivar, Bolsonaro deve muito a Marcelo Álvaro Antônio. Ministro é citado no caso das candidaturas laranjas, o mesmo que contribuiu para demissão de Gustavo Bebianno. O presidente nacional do PSL, deputado Luciano Bivar (PSL-PE), afirmou nesta quarta-feira (20) que o ministro do Turismo, Marcelo Álvaro Antônio, ""é um cara corretíssimo"" e que o presidente Jair Bolsonaro ""deve muito"" ao esforço de seu auxiliar.Bivar deu a declaração na Câmara dos Deputados, ao ser perguntando se é a favor da saída do ministro do governo, já que Álvaro Antônio também foi citado em reportagens que apontam a suspeita de candidaturas laranjas no PSL nas eleições de 2018.Na segunda-feira (18), Bolsonaro decidiu exonerar Gustavo Bebianno, Secretaria-Geral da Presidência, envolvido no caso das candidaturas laranjas e que teve atritos públicos com o presidente e seu filho, o vereador do Rio de Janeiro Carlos Bolsonaro (PSC).Deputado federal mais votado de Minas Gerais, eleito pelo PSL, Álvaro Antônio recebeu a defesa do presidente do partido, também envolvido nas suspeitas de candidaturas laranjas.""O ministro do Turismo é um cara corretíssimo, é um cara da maior força. O Jair deve muito ao esforço dele, também em conjunto com outras pessoas, com outros agentes, para a gente mudar isso tudo"", disse Bivar.""Então, o governo está muito bem estruturado com seu ministério, e vai tocar daqui para a frente"", acrescentou o presidente da sigla.Recai sobre Marcelo Álvaro Antônio a suspeita de uso de candidatas laranja. Ex-candidata a deputada estadual em Minas Gerais, Cleuzenir Barbosa declarou ao ""Jornal Nacional"" que assessores do ministro pediram que ela transferisse para empresas dinheiro público de campanha.O caso está sendo investigado pelo Ministério Público de MG, que apura o uso de candidaturas de laranjas. Álvaro Antônio afirmou que jamais orientou qualquer assessor a cometer ato ilícitoClauzenir Barbosa diz que recebeu verbas de campanha do agora ministro, que era presidente do PSL em Minas Gerais e disputava uma vaga de deputado federal.Em entrevista ao jornal ""Folha de S.Paulo"", Cleuzenir afirmou que o ministro do Turismo sabia do esquema para PSL para lavar dinheiro.Já o atual presidente do PSL, Luciano Bivar, era dirigente da legenda em Pernambuco durante a campanha eleitoral do ano passado. Uma candidata do partido, Maria de Lourdes Paixão, recebeu do PSL R$ 400 mil para concorrer a uma vaga na Câmara Federal. Ela teve apenas 274 votos e não foi eleita. A suspeita é de que o dinheiro tenha sido desviado.É o mesmo caso de outra candidata, Érika Santos, ex-assessora do ex-ministro Gustavo Bebianno, na época presidente do PSL, que recebeu R$ 233 mil.Bivar se reuniu na terça-feira com o presidente Jair Bolsonaro, no Palácio do Planalto. Após o encontro, ele afirmou, sobre as candidaturas laranjas, que ""são coisas tão pequenas que não merecem nem comentário"".Nesta quarta, Bivar foi questionado sobre a saída de Bebianno, o primeiro ministro demitido no governo Bolsonaro _ o substituto na Secretaria-Geral é Floriano Peixoto Vieira Neto. Bivar disse que o ""assunto"" fica restrito ao Planalto.""É um assunto do Planalto, é um direito que tem o presidente de nomear ou exonerar um ministro, não cabe ao parlamento discutir sobre esse assunto"", afirmou.Questionado se avalia deixar o posto de presidente do PSL, em razão do caso dos laranjas, Bivar negou essa possibilidade.""Nem passa nem perto isso aí. Estamos vivendo em um Estado de direito, onde as instituições partidárias estão funcionando muito bem. Acho que o partido está muito bem, está muito unido"", afirmou.Segundo o presidente do PSL, o partido de Bolsonaro ""não está rachado"", pelo contrário, está unido. ""Há uma unicidade enorme do partido"", disse.A bancada do PSL será recebida na tarde desta quarta por Bolsonaro no Palácio do Planalto. "	-1
83	Acionistas da Vale pedem investigação na CVM por suposta omissão de riscos socioambientais.Os acionistas pedem, primordialmente, que seja instaurado inquérito administrativo para investigar se a Vale tem omitido informações acerca dos riscos socioambientais de seus empreendimentos em três estados: Pará, Maranhão e Minas Gerais.Eles lembram também a maior tragédia ambiental brasileira, o rompimento da barragem de Fundão, da mineradora Samarco, à época controlada pela anglo-australiana BHP Billiton Brasil e a Vale, em Mariana, região central do Estado.	"""Acionistas da Vale pedem investigação na CVM por suposta omissão de riscos socioambientais"" O rompimento da barragem da Vale em Brumadinho (MG) motivou acionistas da companhia a protocolarem uma denúncia na Comissão de Valores Imobiliários (CVM) no final da noite desta terça-feira (29).Os acionistas pedem, primordialmente, que seja instaurado inquérito administrativo para investigar se a Vale tem omitido informações acerca dos riscos socioambientais de seus empreendimentos em três estados: Pará, Maranhão e Minas Gerais.Além de pedir para que seja verificada a responsabilidade da companhia, eles querem que, em caso de comprovação da denúncia, sejam aplicadas algumas penalidades como a suspensão da autorização para o exercício das atividades no mercado de operações das Bolsas de Valores.Assinado por uma dezena de acionistas da Vale, o documento lembra que, segundo regulamentação das empresas de capital aberto, é dever divulgar amplas informações acerca de negócio para que os investidores conheçam as condições da empresa.Na avaliação deles, a companhia pode estar cometendo desvios, no Pará e no Maranhão, como desmatamento irregular, contaminação ambiental e desrespeito aos modos de vidas tradicionais.Em Minas Gerais, de acordo com esses mesmos acionistas, a empresa estaria escolhendo mal os empreendimentos, somada a uma gestão atrapalhada, que motivou prejuízos milionários em 2016.Eles lembram também a maior tragédia ambiental brasileira, o rompimento da barragem de Fundão, da mineradora Samarco, à época controlada pela anglo-australiana BHP Billiton Brasil e a Vale, em Mariana, região central do Estado.""Há muitos indícios de que o episódio tenha ocorrido em virtude da negligência da empresa em monitorar as barragens e corrigir problemas identificados. Foi uma consequência de uma opção administrativa da Samarco em reduzir os custos de segurança, com o que a Vale jamais poderia concordar"", afirma o documento.Na denúncia à CVM, os acionistas pedem ainda que a Vale republique, com correções ou aditamentos, as demonstrações financeiras, relatórios e informações que eventualmente forem caracterizadas como manipulação de preços.Caso a CVM encontre indícios da prática do crime de manipulação do mercado, os acionistas críticos pedem que seja enviada uma comunicação do caso ao Ministério Público Federal para que sejam tomadas as medidas legais cabíveis.O documento é assinado por ambientalistas, jornalistas, advogados e sociólogos, entre eles Alexandra Montgomery, Danilo Chammas, Daniela Fichino, Maria Mansur e Carolina de Moura Campos.Como o blog mostrou, Carolina de Moura Campos reprovou o relatório apresentado pela empresa em abril de 2018 e se mostrou preocupada com a segurança das barragens da companhia em Minas Gerais.Durante voto apresentado em Assembleia Ordinária de Acionistas da Vale, Carolina questionou quando a companhia teria responsabilidade em relação às barragens em Minas Gerais.""Interessa-me saber quando é que nossa companhia terá a responsabilidade de aplicar recursos nas tecnologias de disposição dos rejeitos já disponíveis que não a convencional e na forma hidráulica e também na recuperação de rejeitos"", alertou Carolina em seu voto. "	-1
84	"""PEC do pacto federativo ajuda andamento da reforma da Previdência, diz Davi Alcolumbre. A ideia do governo é iniciar a análise da PEC pelo Senado. A reforma da Previdência está em debate na Câmara dos Deputados. Então, há esse sentimento da redistribuição do bolo arrecadatório do Brasil, e o Senado vai se debrumar em relação a isso porque é um tema que é aguardado por governadores e prefeitos ao longo de, pelo menos."""	"""PEC do pacto federativo ajuda andamento da reforma da Previdência, diz Davi Alcolumbre""Presidente do Senado comentou proposta que Executivo deve enviar ao Congresso. PEC ajuda tramitação da Previdência por dar mais poder a parlamentares e gestores locais, afirma governo. O presidente do Senado, Davi Alcolumbre (DEM-AP), afirmou nesta terça-feira (12) que a análise da proposta de emenda à Constituição (PEC) sobre o novo pacto federativo vai ajudar o andamento da reforma da Previdência.A ideia do governo é iniciar a análise da PEC pelo Senado. A reforma da Previdência está em debate na Câmara dos Deputados.De acordo com o colunista do G1 e da GloboNews Valdo Cruz, a PEC trata da descentralização da arrecadação e pode desobrigar estados, municípios e União de fazerem investimentos mínimos em determinadas áreas.Ainda segundo o Blog do Valdo Cruz, o ministro da Economia, Paulo Guedes, avalia que a PEC do pacto federativo ajuda a tramitação da reforma da Previdência porque dá, segundo o governo, mais poder a parlamentares, governadores e prefeitos sobre o orçamento público.""[A PEC] vai ajudar [a tramitação da reforma da Previdência]. O pacto federativo é uma discussão que os estados fazem há muitos anos e, naturalmente, a distribuição de recursos que estão sob o domínio da União vai fortalecer essa interlocução dos estados e dos municípios com as suas bancadas, com o Congresso, com a Câmara e com o Senado"", afirmou Davi Alcolumbre nesta terça-feira.Para o presidente do Senado, é preciso ""dividir o bolo da arrecadação"". Ele afirma não ser mais possível municípios e estados ""ficarem com as atribuições e não ficarem com os recursos"".Na avaliação do senador, atualmente, os recursos públicos estão ""muito concentrados sob o controle da União"" e precisam chegar ""na ponta"".""Então, há esse sentimento da redistribuição do bolo arrecadatório do Brasil, e o Senado vai se debruçar em relação a isso porque é um tema que é aguardado por governadores e prefeitos ao longo de, pelo menos, as últimas duas décadas"", acrescentou.Segundo Davi Alcolumbre, na próxima semana, o Senado vai ouvir representantes de estados e municípios sobre a proposta. Depois disso, a Casa fará uma audiência com o ministro Paulo Guedes, o que deve acontecer no dia 26 de março, na Comissão de Assuntos Econômicos. "	-1
85	O presidente da Câmara dos Deputados, Rodrigo Maia, é natural de Santiago, capital do Chile. Ele nasceu no dia 12 de junho de 1970. Mas Rodrigo não é considerado estrangeiro pelas autoridades nacionais.	" #Verificamos: É falso que Rodrigo Maia não pode presidir a Câmara porque nasceu no ChileDeputado federal foi naturalizado brasileiro por seu pai, César Maia, em 1970Circula pelas redes sociais a ""informação"" de que o presidente da Câmara, Rodrigo Maia (DEM-RJ), não nasceu no Brasil e, por isso, não poderia ocupar a liderança de uma das casas do Congresso Nacional. Por meio do projeto de verificação de notícias, usuários do Facebook solicitaram que esse material fosse analisado. Confira a seguir o trabalho de verificação da Lupa:""Rodrigo Maia não nasceu no Brasil (...)""Texto que acompanha a imagem que até as 16h do dia 25 de março de 2019 já tinha mais de 7,6 mil compartilhamentos no FacebookVERDADEIROO presidente da Câmara dos Deputados, Rodrigo Maia, é natural de Santiago, capital do Chile. Ele nasceu no dia 12 de junho de 1970. Mas Rodrigo não é considerado estrangeiro pelas autoridades nacionais. Ele foi (naturalizado)registrado brasileiro no mesmo ano de seu nascimento, no consulado do Brasil em Santiago. Esta medida está prevista na Constituição Federal para nascidos no exterior que sejam filhos de pais brasileiros. Com esse registro, eles são considerados brasileiros natos pela lei nacional.À época, o pai de Rodrigo, César Maia, estava exilado no Chile e, segundo entrevista ao jornal Nexo, decidiu registrar os filhos desta forma porque ""pensava em voltar ao Brasil"". A Constituiçãoconsidera brasileiros natos os filhos de pai ou mãe brasileiros nascidos no exterior, desde que registrados em ""repartição brasileira competente"" ou que venham a residir no Brasil e optem pela nacionalidade brasileira após a maioridade. O Ministério das Relações Exteriores informa que filhos de brasileiros nascidos no exterior que não atendam a essas exigências são considerados estrangeiros pelas autoridades nacionais. ""(...) e não pode ser o Presidente da Câmara""Texto que acompanha a imagem que até às 16h do dia 25 de março de 2019 já tinha mais de 7,6 mil compartilhamentos no FacebookFALSORodrigo Maia é brasileiro nato. E segundo o artigo 12 da Constituição Federal de 1988, brasileiros natos podem assumir cargos em diversos níveis, incluindo presidente da Câmara dos Deputados. Isso significa que Rodrigo Maia não descumpriu nenhuma lei brasileira e sua eleição para presidente da Casa é permitida de acordo com a legislação brasileira.Uma checagem semelhante foi feita pelo Aos Fatos.Nota: esta reportagem faz parte do projeto de verificação de notíciasno Facebook. Dúvidas sobre o projeto? Entre em contato direto com o Facebook.Correção feita às 12h50 do dia 26 de março de 2019: Rodrigo Maia foi registrado brasileiro no consulado do país em Santiago, no Chile _ e não ""naturalizado"", como informava este texto anteriormente. O texto original já foi corrigido.Editado por: Natália Leal"	-1
86	"O PSL, partido do presidente Jair Bolsonaro, está no centro de uma crise política por suspeita de irregulidades em razão do financiamento de candidaturas de ""laranjas"" nas eleições de 2018. A controvérsia agravou-se quando um dos filhos de Bolsonaro, o vereador Carlos Bolsonaro, desmentiu o ministro da Secretaria-Geral da Presidência, Gustavo Bebianno, depois de este dizer que havia conversado com o presidente sobre o caso. A Polícia Federal vai investigar as supostas irregulidades do PSL. Nesta quinta-feira (14), o ministro da Justiça e Segurança Pública, Sérgio Moro, disse que a suspeita está sendo apurada e que ""eventuais responsabilidades"" serão ""definidas"" após as investigações."	"""Entenda a crise que atinge o PSL, partido de Jair Bolsonaro""Crise política envolve suspeita de irregularidades em razão do financiamento de candidaturas de laranjas nas eleições. Controvérsia agravou-se depois que filho do presidente desmentiu ministro. O PSL, partido do presidente Jair Bolsonaro, está no centro de uma crise política por suspeita de irregularidades em razão do financiamento de candidaturas de ""laranjas"" nas eleições de 2018.A controvérsia agravou-se quando um dos filhos de Bolsonaro, o vereador Carlos Bolsonaro, desmentiu o ministro da Secretaria-Geral da Presidência, Gustavo Bebianno, depois de este dizer que havia conversado com o presidente sobre o caso _ Bebianno presidia o PSL na época da disputa eleitoral do ano passado.Nesta quarta-feira (13), o blog de Valdo Cruz informou que havia pressões no Palácio do Planalto pela demissão de Bebianno do cargo de ministro, em razão da crise entre ele e o filho do presidente. Já nesta sexta-feira (15), o colunista noticiou que, segundo aliados, Bebianno permanecerá no cargo.Além disso, o próprio Bebianno afirmou que ""não há crise nenhuma"" no governo, mas declarou que não sabe se ficará no cargo. De acordo com o Blog do Camarotti, ele ganhou sobrevida no cargo após intensa atuação de outros ministros. No fim da tarde de sexta, Bebianno reuniu-se com Bolsonaro. A avaliação do Planalto é que, mesmo após o encontro, a situação do chefe da Secretaria-Geral é considerada difícil.A Polícia Federal vai investigar as supostas irregularidades do PSL. Nesta quinta-feira (14), o ministro da Justiça e Segurança Pública, Sérgio Moro, disse que a suspeita está sendo apurada e que ""eventuais responsabilidades"" serão ""definidas"" após as investigações.Nesta quinta, o presidente da Câmara, Rodrigo Maia (DEM-RJ), afirmou ao blog de Andréia Sadi no G1 que Bolsonaro precisa ""comandar a solução"" para a crise política. ""A impressão que dá é que o presidente está usando o filho para pedir para o Bebianno sair"", declarou.Para ele, o governo corre um ""risco muito grande"" se transformar o episódio em crise. Sobre a suspeita envolvendo Bebianno, Maia afirmou que ""qualquer presidente de partido poderia passar por isso"".Entenda, abaixo, a crise que atinge o PSL:Em 4 de fevereiro, uma reportagem da ""Folha de S.Paulo"" apontou que o ministro do Turismo, Marcelo Álvaro Antônio (PSL), que é presidente do partido em Minas Gerais, direcionou verbas de campanha a quatro candidatas no estado que são suspeitas de serem laranjas.Em 10 de fevereiro, o mesmo jornal informou que o PSL repassou R$ 400 mil a uma candidata a deputada federal em Pernambuco que teve 274 votos, três dias antes da eleição. De acordo com a reportagem, isso é indício de uma candidatura de fachada.O jornal diz que Maria de Lourdes Paixão se tornou candidata por iniciativa do grupo do atual presidente do PSL, Luciano Bivar.O repasse, ainda segundo a ""Folha de S.Paulo"", aconteceu no período em que Gustavo Bebianno era o presidente do PSL. Um dos principais coordenadores da campanha de Bolsonaro, Bebbiano deixou o comando da legenda após o período eleitoral e hoje é ministro da Secretaria Geral da Presidência.Segundo a reportagem, Maria de Lourdes Paixão foi beneficiária do terceiro maior volume de recursos transferidos para um candidato _ mais do que receberam as campanhas do próprio Jair Bolsonaro e de Joice Hasselmann (PSL-SP), deputada mais votada do país entre as mulheres candidatas.Na terça-feira (12), Gustavo Bebianno negou, em entrevista ao jornal ""O Globo"", que seja o pivô de uma crise no governo. Ele afirmou: ""Não existe crise nenhuma. Só hoje falei três vezes com o presidente"". Segundo Bebianno, ele se comunicou com o presidente por meio de um aplicativo de mensagens.Já na quarta-feira (13), um dos filhos do presidente, o vereador do Rio de Janeiro Carlos Bolsonaro (PSC), criticou Bebianno em uma rede social. Segundo Carlos Bolsonaro, era uma ""mentira absoluta"" a alegação de Bebianno na qual o ministro disse ter falado três vezes com Jair Bolsonaro enquanto o presidente ainda estava internado no hospital Albert Einstein, em São Paulo. Bolsonaro recebeu alta nesta quarta e voltou para Brasilia.""Ontem estive 24h do dia ao lado do meu pai e afirmou: É uma mentira absoluta de Gustavo Bebbiano que ontem teria falado 3 vezes com Jair Bolsonaro para tratar do assunto citado pelo Globo e retransmitido pelo Antagonista, escreveu Carlos Bolsonaro.Para sustentar o que chamou de ""mentira"", o filho do presidente divulgou uma gravação em áudio do pai na qual ele supostamente conversa por telefone com Bebbiano. A gravação reproduz somente a voz de Bolsonaro.""Ô Gustavo, está complicado eu conversar ainda. Então, não vou falar, não vou falar com ninguém, a não ser estritamente o essencial. Estou em fase final de exames para possível baixa hoje, tá ok? Boa sorte aí"", afirma Jair Bolsonaro na gravação.""Não há roupa suja a ser lavada! Apenas a verdade: Bolsonaro não tratou com Bebiano o assunto exposto pelo O Globo como disse que tratou"", afirmou Carlos Bolsonaro na rede social.Ao blog de Andréia Sadi no G1, o ministro da Secretaria Geral da Presidência, Gustavo Bebianno, disse nesta quarta que não pretende pedir demissão em razão do episódio.Questionado se tem a intenção de deixar o cargo, Bebianno respondeu:""Não tenho essa intenção porque não fiz nada de errado. Meu trabalho continua sendo em benefício do Brasil. O presidente, se entender que eu não deva mais continuar, ele certamente vai me comunicar. Mas até aqui minha relação com ele foi sempre a melhor possível, da minha parte tudo foi feito com honestidade, correção e vamos esperar para ver o que acontece.""Nesta sexta, em entrevista exclusiva à TV Globo, Bebianno disse que ""não tem crise nenhuma"" no governo mas que não sabe se ficará no cargo.Além disso, o Blog do Camarotti informou que, em conversas com interlocutores, o ministro-chefe da Secretaria-Geral da Presidência demonstrou forte mágoa com o episódio. ""Não se dá um tiro na nuca do seu próprio soldado. É preciso ter um mínimo de consideração com quem esteve ao lado dele o tempo todo"", desabafou Bebianno.Já o ministro do Turismo, Marcelo Álvaro Antônio (PSL) _ que foi o deputado federal mais votado em Minas Gerais _, comentou, em entrevista ao jornal ""O Globo"", a suspeita de que teria usado candidatos laranjas na campanha do ano passado:""Fazem esse tipo de ilação maldosa, dizer que a candidata é laranja porque gastou R$ 50 mil do fundo partidário e teve 800 votos _ isso é surreal. Não tem como medir o número de votos pelo que a pessoa gastou. Então quer dizer que o presidente tinha que ser o [Fernando] Haddat [PT], que gastou 20 vezes mais que o presidente Jair Bolsonaro"".Ao jornal, Álvaro Antônio disse que todas as suas contas foram aprovadas pelo Tribunal Regional Eleitoral: ""O PSL em Minas agiu 100% dentro da legislação eleitoral. Dizer que as pessoas são laranjas, atrelando a quantidade de voto com o valor gasto, é subestimar a democracia brasileira. Não tem como fazer uma analogia dessas"".O presidente Jair Bolsonaro compartilhou na noite de quarta três mensagens nas quais um de seus filhos, o vereador Carlos Bolsonaro, acusou o ministro da Secretaria-Geral, Gustavo Bebianno, de mentir. Bolsonaro não acrescentou comentário nas postagens, somente republicou o mesmo conteúdo publicado pelo filho.Também nesta quarta, Bolsonaro afirmou em entrevista à TV Record que Bebianno terá de ""voltar às origens"" se estiver envolvido nas supostas irregularidades do PSL.""Se estiver envolvido, logicamente, e responsabilizado, lamentavelmente o destino não pode ser outro a não ser voltar às suas origens. Em nenhum momento conversei com ele"", afirmou o presidente.Questionado se havia conversado com Bebianno por telefone na terça, respondeu:""Isso é mentira. Sabe por que é mentira? Porque eu determinei que a Polícia Federal investigasse. Eu podia ter dado um telefonema para o Sérgio Moro, sou chefe dele. Mas jamais farei isso, muito pelo contrário. Determinei ao Sérgio Moro que, dentro da sua esfera de atribuição, se fosse possível investigar, isso está sendo investigado. Essa é a resposta que dou para todos aqueles que tentam praticar corrupção no Brasil"".Bolsonaro disse ainda ser ""mentira"" que tenha tratado do assunto com o ministro e acrescentou que mandou a Polícia Federal investigar as suspeitas.O líder do PSL na Câmara, deputado Delegado Waldir (PSL-GO), afirmou nesta quarta que é ""zero"" a chance de o ministro da Secretaria-Geral, Gustavo Bebianno, ser demitido.O deputado deu a declaração durante uma entrevista coletiva antes de participar de reunião da bancada do PSL, partido do presidente Jair Bolsonaro.""Zero. Zero de risco. Nós somos um governo correto. Para correr risco, tem que roubar, tem que ser corrompido que nem a esquerda fazia"", afirmou Waldir após ser questionado se Bebianno ""corre risco"" no cargo.Depois, o deputado concedeu outra entrevista, na qual disse que, se Bebianno perdeu a confiança do presidente, ""cabe ao presidente tomar a decisão que ele entender mais legítima"". ""Só acho que um ministro tem que ser afastado se ele cometeu um crime grave"", acrescentou.A Polícia Federal vai investigar as suspeitas de que o PSL usou recursos públicos para financiar candidaturas de ""laranjas"".O ministro da Justiça e da Segurança Pública, Sérgio Moro, disse nesta quinta: ""O senhor presidente Jair Bolsonaro proferiu uma determinação e a determinação está sendo cumprida. Os fatos vão ser apurados e eventuais responsabilidades, após as investigações, vão ser definidas"".Moro não especificou, no entanto, quantos inquéritos foram abertos para investigar o caso nem deu detalhes sobre os trabalhos.Com relação ao caso da candidata a deputada federal Maria de Lourdes Paixão, a Polícia Civil de Pernambuco investiga denúncias de desvio de dinheiro. A investigação está a cargo do Departamento de Repressão ao Crime Organizado e Corrupção (Draco).De acordo com a assessoria da Polícia Civil em Pernambuco, o procedimento é chamado de Verificação Preliminar de Investigação (VPI), que acontece antes da abertura do inquérito.A Polícia Federal (PF) também apura o caso e intimou Lourdes a depor. O depoimento estava marcado para esta quinta, às 11h, mas houve um pedido para adiamento, feito pelo advogado da candidata. Uma nova data ainda não foi marcada.Maria de Lourdes Paixão deve ser ouvida no que a PF chama de ""registro especial"", um procedimento anterior à abertura de inquérito, para verificar se há indícios suficientes para justificar uma investigação.""Ela vem na condição de colaboradora. Não tem ainda nenhum tipo de investigação instaurada contra ela"", afirmou o assessor da PF em Pernambuco, Giovani Santoro.De acordo com ele, a iniciativa da intimação foi da Polícia Federal, em conjunto com a Justiça Eleitoral. ""Tomamos conhecimento da veiculação de uma matéria sobre esse caso e achamos oportuno checar os fatos em andamento. Ela vai ser ouvida aqui como colaboradora, para prestar esclarecimentos. Ela não é investigada nesse momento"", disse Santoro.Em nota, a Procuradoria Regional Eleitoral em Pernambuco (PRE-PE) informou que propôs ação de impugnação de contas eleitorais contra Lourdes Paixão. A ação é sigilosa. "	-1
87	"""Bolsaro tem intenção de ir neste sábado, às 8h, à região de Brumadinho (MG), onde uma barragem da mineradora Vale se rompeu.""O presidente da República lamenta eventuais perdas de vidas ocasionadas pelo rompimento da barragem na cidade de Brumadinho, em Minas Gerais"".O governo também anunciou a instalação de um gabinete de crise para monitorar e definir ações a serem tomadas em razão do rompimento de uma barragem em Brumadinho (MG)."	"""Bolsonaro tem intenção de ir ao local do rompimento da barragem neste sábado, diz porta-voz""Segundo Otávio Rêgo Barros, presidente pretende se deslocar às 8h para a região de Brumadinho. Governo também anunciou instalação de gabinete de crise. O porta-voz da Presidência da República, Otávio Rêgo Barros, afirmou em pronunciamento na tarde desta sexta-feira (25) que o presidente Jair Bolsonaro ""tem intenção"" de ir neste sábado, às 8h, à região de Brumadinho (MG), onde uma barragem da mineradora Vale se rompeu.Durante a manifestação, o porta-voz não respondeu a perguntas. Ele leu uma nota da Presidência com informações sobre o ""lastimável acidente"" ocorrido em Minas Gerais.Bolsonaro tem marcada para a próxima segunda-feira (28), no hospital Albert Einstein, em São Paulo, uma cirurgia para retirada da bolsa de colostomia que usa em razão da operação à qual foi submetido devido à facada que recebeu em um ato da campanha eleitoral em Juiz de Fora.""O presidente da República lamenta eventuais perdas de vidas ocasionadas pelo rompimento da barragem na cidade de Brumadinho, em Minas Gerais"", disse o porta-voz.Em entrevista à rádio Regional de Brumadinho, Bolsonaro afirmou:""Acionamos o gabinete nosso, que chamamos de crise aqui em Brasília, e ficaremos aí antenados 24 horas por dia para prestar informações à população e para colher informações também, de modo que nós possamos minimizar mais essa tragédia depois da de Mariana, que a gente esperava que não tivesse uma outra, né, até por uma questão de servir de alerta aquela. Mas infelizmente temos esse problema agora que atingiu o rio Paraopeba, que é um afluente do Rio São Francisco"", disse.O governo também anunciou a instalação de um gabinete de crise para monitorar e definir ações a serem tomadas em razão do rompimento de uma barragem em Brumadinho (MG).O rompimento da barragem, da mineradora Vale, ocorreu no início da tarde desta sexta. Um mar de lama invadiu a região e moradores da parte mais baixa da cidade estão sendo retirados das casas, segundo a Defesa Civil.Pouco antes de o governo federal anunciar a criação do gabinete de crise, Bolsonaro afirmou em uma rede social que lamenta o acidente. Informou que alguns ministros vão se dirigir ao local.Em uma rede social, a Advocacia Geral da União (AGU) informou que acompanha ""de perto"" as razões e impactos do desastre, considerado ""lamentável"".Segundo a AGU, uma equipe do órgão está mobilizada para analisar as consequências e tomar as medidas cabíveis.Em nota, o Ibama (instituto federal responsável pela fiscalização ambiental em âmbito nacional) afirmou que, em situações de emergência, a competência de acompanhamento é do órgão licenciador _ neste caso, o estado de Minas Gerais.Ainda de acordo com o comunicado, o Ibama só assumiria a competência pela tragédia de Brumadinho se o resíduos ultrapassarem os limites territoriais de Minas Gerais ou se os desdobramentos do incidente acabarem atingindo ""significativamente"" um bem da União.""De qualquer maneira, o Ibama continuará acompanhando o evento e prestando o apoio necessário aos órgãos públicos, por força de seus acordos junto ao P2R2 (Plano Nacional de Prevenção, Preparação e Resposta Rápida a Emergências Ambientais com Produtos Químicos Perigosos _ Decreto 5.098/04). O órgão fiscalizador da segurança das barragens de mineração é a Agência Nacional de Mineração (ANM), segundo a Política Nacional de Segurança de Barragens (Lei n. 12.334/2010).Responsável pela barragem que rompeu em Brumadinho, a mineradora Vale divulgou nota na qual afirmou que ""lamenta profundamente"" o acidente e está ""empenhando todos os esforços no socorro e apoio aos atingidos"".De acordo com a companhia, havia empregados na área administrativa atingida pelos rejeitos, e há possibilidade e vítimas. Parte da comunidade da Vila Ferteco também foi atingida, segundo a empresa.Veja a íntegra da nota lida pelo porta-voz da Presidência da República sobre o rompimento da barragem.O presidente da República lamenta eventuais perdas de vidas ocasionadas pelo rompimento da barragem na cidade de Brumadinho, em Minas Gerais. Determinou imediato estabelecimento de gabinetes de crise para acompanhar a evolução da situação, tanto no Palácio do Planalto quanto no Ministério do Meio Ambiente.Os ministérios das Minas e Energia, Meio Ambiente, Desenvolvimento Regional e Defesa foram acionados para integrar esforços federais e estaduais. O governo federal acompanha de perto da evolução da situação em condições de colaborar com o estado de Minas Gerais.O presidente da República tem intenção de deslocar-se para a região amanhã, às 8h. "	-1
88	"""O Estado de S.Paulo enfatiza que o senador Davi Alcolumbre (DEM-AP), aliado do ministro Onyx Lorenzoni (Casa Civil), venceu a disputa após uma sessão longa e tumultuada."" O matutino mostra que o novo presidente teve 42 de 77 votos. Renan Calheiros (MDB-AL) que, segundo o Estadão, era o nome preferido do ministro Paulo Guedes (Economia), desistiu da candidatura e não participou da votação."	"""Governista vence no Senado após tumulto e desistência de Renan; Comunidades com medo de barragens. Jornais de domingo (3)""Veja quais são as notícias de destaque nos matutinos brasileiros Os principais jornais repercutem a eleição para a presidência do Senado realizada neste sábado (2). O Estado de S.Paulo enfatiza que o senador Davi Alcolumbre (DEM-AP), aliado do ministro Onyx Lorenzoni (Casa Civil), venceu a disputa após uma sessão longa e tumultuada. O matutino mostra que o novo presidente teve 42 de 77 votos.Renan Calheiros (MDB-AL) que, segundo o Estadão, era o nome preferido do ministro Paulo Guedes (Economia), desistiu da candidatura e não participou da votação. Como informou o blog, a maior bancada do Senado, o MDB, sai com uma fissura gigantesca e pode atrapalhar o avanço da agenda econômica do governo.Apesar da vitória de Davi Alcolumbre ser considerada positiva para o governo Bolsonaro, o Estadão também afirma que o futuro das reformas é incerto. Para Paulo Guedes, o ideal seria ter Renan Calheiros na liderança do Senado. ""Aliado de Onyx vence no Senado, mas futuro de reformas é incerto"", destaca a manchete do Estadão.A Folha de S.Paulo chama a eleição no Senado de caótica e lembra que, desde sexta-feira (1), os parlamentares passaram por discussões, intervenção judicial, suspeita de fraude e a desistência de Renan, considerado favorito ao cargo. A Folha afirma que a vitória de Davi Alcolumbre é também uma conquista expressiva de Lorenzoni, que bancou o nome do senador amapaense.O matutino discorda do efeito do desgaste e lembra que o DEM, partido de Davi Alcolumbre e de Rodrigo Maia, tem a presidência do Senado e da Câmara e que isso deve agilizar a tramitação da reforma da Previdência. ""Em eleição caótica, Renan desiste e governista vence"", sublinha o título principal da Folha.O Globo mostra que a desistência de Renan Calheiros abriu o caminho para a vitória de Alcolumbre. O matutino carioca aponta que a saída de Renan do poder encerra um período de 16 anos em que o grupo do MDB esteve na presidência do Senado. Depois da votação que determinou uma votação aberta, o ministro Dias Toffoli, do Supremo Tribunal Federal (STF), decidiu que a votação deveria ser fechada, como prevê o Regimento Interno da Casa.Apesar da determinação do STF, alguns senadores decidiram mostrar suas cédulas de votação, inclusive os tucanos e Flávio Bolsonaro, o que irritou Renan Calheiros. Ao perceber que perderia a eleição, Renan retirou a candidatura e, segundo O Globo, sinalizou que deve dificultar as votações de interesse do governo. ""Renan desiste e Davi é eleito no Senado com o apoio do governo"", diz a manchete do Globo.O matutino carioca ainda informa, na primeira página, que o Rio de Janeiro tem ao menos sete barragens com alto potencial de dano, e que, em caso de colapso, podem provocar mortes e graves impactos, como a que fica em Quatis. Segundo o Globo, vizinhos desconhecem perigo e planos de fuga, mas têm medo do quadro.O rompimento de qualquer uma delas, aponta o jornal, pode causar mortes e grandes impactos sociais, econômicos e ambientais . As más condições de conservação, contudo, fazem com que três delas sejam avaliadas como de alto risco (CRI) para acidentes.O jornal informa ainda que Juan Guaidó, autodeclarado presidente interino da Venezuela, foi às ruas e liderou protestos que reuniram milhares de pessoas contra o governo de Nicolás Maduro. Segundo o matutino, Maduro está usando uma tropa mais agressiva para as repressões políticas.Enquanto os protestos contra e a favor de seu governo aconteciam nas ruas, Maduro celebrava o vigésimo aniversário da chegada ao poder de Hugo Chávez e afirmou que é favorável à antecipação das eleições legislativas. "	-1
89	"""Tem certas questões que se você divulgar deixam de ser estratégicas"". ""Bolsonaro não descarta opção militar contra Maduro"". ""Maia questiona o desgaste sofrido por ele ao assumir o protagonismo na defesa das medidas no que diz respeito à reforma""."	"""Bolsonaro não descarta ação militar na Venezuela; Maia muda o tom sobre a Previdência. Jornais de quarta (20)""Veja quais são as notícias de destaque nos matutinos brasileiros  O encontro entre os presidentes Jair Bolsonaro e Donald Trump nos Estados Unidos nesta terça-feira (19), gerando emblemáticas concessões feitas pelo Brasil assim como sinalizações de acordos entre as duas nações, ganhou destaque nos principais jornais brasileiros.O Estado de S.Paulo deu ênfase à postura de Jair Bolsonaro em relação à crise enfrentada na Venezuela. O jornal destaca que o presidente brasileiro passou a adotar uma nova postura, deixando em aberto até uma possível intervenção militar no país sul-americano. ""Tem certas questões que se você divulgar deixam de ser estratégicas"", afirmou o presidente brasileiro.O matutino paulista informa que, nos bastidores, as autoridades americanas afirmam que não pretendem investir em uma intervenção militar. Contudo, preferem deixar a ameaça em aberto. A ala militar brasileira também não quer apoiar o uso de armas no país vizinho. ""Bolsonaro não descarta opção militar contra Maduro"", aponta a manchete do Estadão.A Folha de S.Paulo detalha, na sua primeira página, um novo problema que Bolsonaro enfrentará ao desembarcar no Brasil: a mudança de tom do presidente da Câmara dos Deputados, Rodrigo Maia, em relação à reforma da Previdência.Segundo o jornal mais vendido no país, insatisfeito com a articulação do executiva no Congresso na questão da previdência e frustrado na relação direta com o próprio Bolsonaro, Maia questiona o desgaste sofrido por ele ao assumir o protagonismo na defesa das medidas no que diz respeito à reforma, consideradas impopulares pela população.A Folha afirma que Maia teria ficado particularmente irritado com a declaração pública de Bolsonaro de que estaria sofrendo pressões da velha política. A fala aconteceu após uma reunião que os dois tiveram no Palácio do Alvorada.O presidente da Câmara estaria decepcionado também com a ausência de lideranças do governo capazes de atender os deputados, ou seja, a chamada desorganização na articulação política.Além de também registrar a nova postura de Bolsonaro em relação à Venezuela, a Folha ainda ressalta, na sua manchete, que o presidente conseguiu o apoio de Trump para a entrada do Brasil na Organização para a Cooperação e Desenvolvimento Econômico (OCDE), clube dos países mais ricos que pode dar ao país um selo de qualidade de políticas econômicas.Veja os pontos positivos e negativos aqui.O jornal paulista e o matutino carioca O Globo, que também destacou o tema em seu título principal, lembram que Bolsonaro decidiu _ para ter o apoio na entrada da OCDE _ abrir mão do tratamento especial que recebe na Organização Mundial do Comércio (OMC). Desde 1995, quando entrou na OMC, o Brasil é tratado como ""país em desenvolvimento"" e, por isso, têm algumas vantagens em relação aos outros, como mais prazo para acordos.No entanto, os Estados Unidos são contra a diferença de tratamento, mesmo se um país for considerado subdesenvolvido. Após a conversa com Bolsonaro, Trump manteve o acordo e afirmou que apoia a entrada do Brasil na OCDE, mas não deu mais detalhes sobre o assunto. ""Trump apoia a entrada do Brasil no em clube dos ricos"", afirma a manchete da Folha. ""Bolsonaro cede, e Trump promete apoio comercial"", sublinha a manchete do Globo. "	-1
90	"A procuradora-geral da República, Raquel Dodge, afirmou nesta quinta-feira (14), antes da sessão do Supremo Tribunal Federal (STF), que não vê riscos ""neste momento"" de que eventual decisão da corte prejudique a Operação Lava Jato. Ao ser perguntadada sobre a possibilidade de atos da Lava Jato serem desfeitos, ela afirmou: ""Não vejo esse risco nesse momento. Mas é preciso avaliar com cuidado e não perder o foco. Mantenemos o foco contra corrupção e impunidade"". No julgamento, Dodge pediu que os processos, nesses casos envolvendo caixa 2 e outros crimes, sejam dividido."	"""Dodge diz que não vê risco neste momento de eventual decisão do STF prejudicar Lava Jato""STF decide quem tem competência para julgar caixa 2 conexo com outros crimes. PGR defendeu que casos sejam divididos: eleitoral com Justiça Eleitoral e outros crimes na Justiça Federal. A procuradora-geral da República, Raquel Dodge, afirmou nesta quinta-feira (14), antes da sessão do Supremo Tribunal Federal (STF), que não vê riscos ""neste momento"" de que eventual decisão da corte prejudique a Operação Lava Jato.O STF retomou nesta tarde julgamento que discute a competência para julgar casos de caixa dois (não declaração na prestação de contas eleitorais de valores coletados em campanhas) que tenham sido cometidos em conexão com outros crimes, como corrupção e lavagem de dinheiro.Ao ser perguntada sobre a possibilidade de atos da Lava Jato serem desfeitos, ela afirmou: ""Não vejo esse risco nesse momento. Mas é preciso avaliar com cuidado e não perder o foco. Manteremos o foco contra corrupção e impunidade"", afirmou.Até a tarde desta quinta, dois ministros já haviam votado para que tudo fique com a Justiça Eleitoral (Marco Aurélio Mello e Alexandre de Moraes) e quatro ministros para que seja dividido o processo para que questões eleitorais fiquem na Justiça Eleitoral e outros processos sejam divididos entre Justiça Eleitoral e Federal.Integrantes da força-tarefa da Operação Lava Jato, em Curitiba, têm criticado o envio dos casos à Justiça Eleitoral, argumentando que levaria a anulações e poderia prejudicar o avanço das investigações.O argumento central dos investigadores é de que a Justiça Eleitoral não tem estrutura para analisar crimes mais complexos que tenham sido eventualmente cometidos conjuntamente com o caixa dois, como corrupção ou lavagem de dinheiro. Já advogados têm defendido que a lei prevê a preponderância da Justiça mais especializada, no caso, a eleitoral.No julgamento, Dodge pediu que os processos, nesses casos envolvendo caixa 2 e outros crimes, sejam divididos entre as Justiças Federal e Eleitoral.Nesta quinta, ela afirmou que o Ministério Público Federal vai respeitar a decisão que for tomada pelo STF.""Ontem defendi a competência da Justiça Federal para processar crimes de corrupção. Eu espero que a decisão de hoje do STF seja nesta linha. Se não for, a minha instituição e eu respeitarei essa decisão"", completou.Segundo ela, se o Supremo enviar os casos para Justiça Eleitoral, o MP pode ir ao Congresso pedir mudanças na lei. ""Mas é preciso reorganizar as forças institucionais para continuar enfrentando o crime organizado, a lavagem de dinheiro. Qualquer que seja resulltado de hoje continuaremos firmes."" "	-1
91	Na ação, ex-presidente é acusado de corrupção passiva e lavagem de dinheiro. O ministro Luiz Edson Fachin, relator da Operação Lava Jato no Supremo Tribunal Federal (STF), rejeitou pedido da defesa do ex-presidente Luiz Inácio Lula da Silva para suspender ação penal que corre contra ele no caso do instituto Lula. Segundo o MP, Lula teria obtido, ainda, uma cobertura em São Bernardo do Campo, vizinha ao apartamento dele. O ex-presidente é acusado de corrupção passiva e lavagem de dinheiro e responde junto com o ex-ministro Antonio Palocci, que virou delator da Lava Jato.	"""Fachin nega pedido de Lula para suspender ação penal que envolve terreno de instituto""Na ação, ex-presidente é acusado de corrupção passiva e lavagem de dinheiro. MPF acusa a Odebrecht de pagar R$ 12 milhões pelo terreno para sede do Instituto Lula.  O ministro Luiz Edson Fachin, relator da Operação Lava Jato no Supremo Tribunal Federal (STF), rejeitou pedido da defesa do ex-presidente Luiz Inácio Lula da Silva para suspender ação penal que corre contra ele no caso do instituto Lula. A decisão foi tomada nesta sexta-feira (15).Na ação penal, o Ministério Público Federal acusa a Odebrecht de pagar R$ 12 milhões pelo terreno onde seria construída uma nova sede para o Instituto Lula. Segundo o MP, Lula teria obtido, ainda, uma cobertura em São Bernardo do Campo, vizinha ao apartamento dele. Ao todo, o PT teria recebido R$ 75 milhões da empreiteira, conforme a denúncia.O ex-presidente é acusado de corrupção passiva e lavagem de dinheiro e responde junto com o ex-ministro Antonio Palocci, que virou delator da Lava Jato.Lula está preso na Superintendência da Polícia Federal (PF), em Curitiba, desde o dia 7 de abril do ano passado depois condenação em segunda instância no caso do triplex em Guarujá (SP).Ele também já foi condenado no processo que envolve um sítio em Atibaia, no interior paulista _ a defesa também pediu ao STF para suspender esse processo, mas ainda não houve decisão.Os advogados do ex-presidente apontaram cerceamento de defesa, ou seja, prejuízos à ampla defesa do acusado porque não tiveram acesso a um acordo de leniência da Odebrecht.Mas, conforme o ministro Fachin, a defesa conseguiu acessar o material apesar de ter relatado dificuldades e, por isso, não há ilegalidade que exija reparação. Segundo Fachin, a defesa teve acesso aos principais documentos, ressalvados apenas ""aparentemente"" eventuais informações que ainda estão sob sigilo.Fachin pediu informações à 13ª Vara Federal de Curitiba sobre o episódio antes de analisar definitivamente a questão.No pedido de 35 páginas, a defesa do ex-presidente apontou que houve cerceamento de defesa porque a Justiça Federal no Paraná negou pedidos de Lula para acessar o acordo de leniência fechado pela Odebrecht com o MP. Conforme a defesa, isso afrontou ""as garantias da paridade de armas, da ampla defesa e do contraditório"".Os advogados afirmaram que os supostos pagamentos foram registrados nos sistemas internos da Odebrecht e entregues pela empresa para cumprir acordo de leniência. E que a defesa fez um parecer apontando inconsistências no laudo sobre o material, mas não obteve detalhes sobre o acordo.A defesa diz ainda que se cobra R$ 75 milhões dos acusados, mas que a Odebrecht já devolveu valores aos cofres públicos no acordo de leniência e, por isso, quer estudar melhor os termos do que foi negociado entre o MP e a empreiteira. "	-1
92	"O presidente Jair Bolsonaro recebe, na próxima terça-feira (12), visita oficial do presidente paraguaio Mario Abdo Benítez. O foco das reuniões oficiais deve ser na agenda econômica e nos próximos passos adotados pelos países em relação à crise política na Venezuela. Brasil e Paraguai fazem parte do Grupo de Lima que não reconhece a legitimidade do segundo mandato de Nicolás Maduro na comando da Venezuela. Segundo o secretário de Negociações Bilaterais e Regionais nas Américas, embaixador Pedro Miguel da Costa e Silva, os governos de Brasil e Paraguai estão ""muito alinhados"" nas relações bilaterais e com os outros países, ""principalmente em relação à Venezuela""."	"""Em visita ao Brasil, presidente do Paraguai vai discutir economia e Venezuela com Bolsonaro""Brasil e Paraguai fazem parte do Grupo de Lima que não reconhece a legitimidade do segundo mandato de Nicolás Maduro e apoia o autoproclamado presidente interino da Venezuela. O presidente Jair Bolsonaro recebe, na próxima terça-feira (12), visita oficial do presidente paraguaio Mario Abdo Benítez. O foco das reuniões oficiais deve ser na agenda econômica e nos próximos passos adotados pelos países em relação à crise política na Venezuela.Brasil e Paraguai fazem parte do Grupo de Lima que não reconhece a legitimidade do segundo mandato de Nicolás Maduro na comando da Venezuela.O grupo considera que a eleição na Venezuela não foi livre, nem transparente, e apoia o autoproclamado presidente interino da Venezuela, Juan Guaidó. No início de janeiro, o governo do Paraguai anunciou rompimento das relações com a Venezuela.O Grupo de Lima foi criado em 2017 por iniciativa do governo peruano e com o objetivo de pressionar para o restabelecimento da democracia na Venezuela. O grupo é formado por: Argentina, Brasil, Canadá, Colômbia, Costa Rica, Chile, Guatemala, Guiana, Honduras, México, Panamá, Paraguai e Peru.Segundo o secretário de Negociações Bilaterais e Regionais nas Américas, embaixador Pedro Miguel da Costa e Silva, os governos de Brasil e Paraguai estão ""muito alinhados"" nas relações bilaterais e com os outros países, ""principalmente em relação à Venezuela"". O futuro do Mercosul e as agendas internas de cada país também devem entrar na pauta.Sobre a agenda econômica entre os dois países, um dos principais pontos da agenda econômica é a construção de duas novas pontes ligando Brasil e Paraguai _ uma em Foz do Iguaçu (PR), e outra em Porto Murtinho (MS). A previsão é de que as obras durem cerca de três anos e custem cerca de R$ 70 milhões, sendo que cada país vai custear uma delas.O embaixador também citou preocupações compartilhadas entre os dois chefes de Estado, ""como o combate aos ilícitos transnacionais, os desafios nas fronteiras, temas de segurança, temas de defesa. Evidentemente, vamos falar de comércio também.""Na última semana, Bolsonaro e Benítez se encontraram na cerimônia de posse do novo diretor-geral brasileiro da usina de Itaipu Binacional, general Joaquim Silva e Luna. Segundo o Itamaraty, no entanto, não há previsão de nenhum anúncio ou assinatura nas próximas semanas. O tratado assinado entre os países para viabilizar a usina expira em 2023.O encontro de Bolsonaro e Benítez no Brasil prevê uma reunião fechada entre os chefes de Estado, seguida de uma reunião ampliada com ministros, um almoço e uma coletiva de imprensa. A lista de autoridades paraguaias na comitiva de Benítez não tinha sido fechada até esta quinta (7).Uma das pontes a serem construídas entre Brasil e Paraguai ligará Foz do Iguaçu à cidade paraguaia de Presidente Franco, passando pelo Rio Paraná. A ideia é aliviar o fluxo de cargas sobre a Ponte da Amizade, que liga Foz do Iguaçu a Ciudad del Este. Essa obra deve ser custeada pela Itaipu Binacional e, segundo o governo, as obras devem começar ainda em 2019.A segunda ponte é prevista entre Porto Murtinho (MS) e Carmelo Peralta, sobre o Rio Paraguai. Neste caso, a intenção é melhorar a ligação entre os produtores do Centro-Oeste e os portos no norte do Chile, dentro do pacote de integração conhecido como ""Corredor Bioceânico"".Neste caso, o acordo que já foi firmado prevê divisão de custos entre Brasil e Paraguai. O Itamaraty diz que o governo do Paraguai já se comprometeu a arcar com o valor total em uma declaração conjunta, mas a mudança ainda terá de ser aprovada pelo Legislativo dos dois países. "	-1
93	"""Não poder haver um endurecimento geral do sistema, o sistema carcerário não comporta, diz Moro"". ""Nós sabemos que nossos presídios estão superlotados, nós sabemos que isso é um problema"". ""Os políticos que me perdoem, mas caixa 2 é trapaça, é inaceitável"". ""Se o estado brasileiro não reagir de uma maneira incisiva contra essas organizações elas ficarão mais poderosas e cada vez mais audazes""."	"""Não poder haver um endurecimento geral do sistema, o sistema carcerário não comporta, diz Moro""Ministro da Justiça participou de almoço do Instituto dos Advogados de São Paulo e afirmou que está aberto a sugestões e críticas ao seu pacote anticorrupção. E disse: Os políticos que me perdoem, mas caixa 2 é trapaça, é inaceitável.  O ministro da Justiça e Segurança Pública, Sérgio Moro, afirmou nesta quinta-feira (7) que o endurecimento do sistema penitenciário tem de ser seletivo, porque as cadeias não seriam capazes de absorver uma quantidade maior de presos. A declaração, feita durante uma palestra em São Paulo, foi dada três dias depois de o ministro apresentar um pacote anticrime.""Nós sabemos que nossos presídios estão superlotados, nós sabemos que isso é um problema. Então esse endurecimento tem que ser um endurecimento seletivo.""Moro também falou sobre caixa dois. ""Os políticos que me perdoem, mas caixa 2 é trapaça, é inaceitável"", disse Moro.O ministro participou de almoço e reunião promovidos pelo Instituto dos Advogados de São Paulo (Iasp) em hotel na Zona Sul de São Paulo.Na segunda-feira (4), em Brasília, ele havia apresentado um projeto anticorrupção e antiviolência que prevê alterações em 14 leis. O objetivo é ter mais efetividade no combate a três frentes principais:O ministro disse que a corrupção, o crime violento e o crime organizado estão relacionados. Moro mencionou os ataques das facções criminosas no Ceará e afirmou que é preciso combatê-las. ""Se o estado brasileiro não reagir de uma maneira incisiva contra essas organizações elas ficarão mais poderosas e cada vez mais audazes"", declarou.O pacote, que dentre outros pontos prevê a criminalização do caixa 2, prisão após condenação em segunda instância como regra no processo penal e punições mais rigorosas, tem de ser aprovado por deputados e senadores para entrar em vigor.Na palestra desta quinta em São Paulo, Moro ressaltou a ineficiência do Estado na manutenção do sistema carcerário. ""A situação nos nossos presídios demanda mais investimentos e investimentos mais eficientes"", disse.Questionado se está disposto a conversar ou recuar em algum ponto do pacote, Moro declarou estar aberto ao diálogo.""O espaço de democracia liberal é o espaço da tolerância e do debate. Estamos apresentando o projeto, estamos esperando o presidente se restabelecer de saúde para apresentar esse projeto ao Congresso. E a todo momento estamos abertos ao diálogo. [...] Há sugestões e críticas que podem ser levadas em consideração"", afirmou.Sobre a declaração do presidente da Câmara dos Deputados, Rodrigo Maia (DEM-RJ), a respeito ddo fato de a Reforma da Previdência ser prioridade do governo Bolsonaro, Moro disse que seu pacote anticorrupção e antiviolência não ""contamina"".""Acho que a prioridade do governo é a Reforma da Previdência, porque existe uma crise fiscal"", respondeu, citando que isso precisa ser ""debelado"". ""Mas, como o próprio presidente disse, as duas questões podem ser tratadas em paralelo. Ao meu ver, uma não prejudica a outra.""O ministro citou também o ""empenho do governo do presidente Bolsonaro em enfrentar essas duas questões"". Para ele, trata-se ""das duas principais questões que afligem a população brasileira"".""Existe um problema fiscal, que afeta a qualidade dos serviços públicos, que os recursos começam a faltar. E por outro lado, a questão da segurança pública e da própria corrupção. Então, essas questões podem ser enfrentadas em conjunto como bem colocou o presidente da Câmara, Rodrigo Maia.""Durante seu discurso, Moro lamentou que um julgamento composto por um júri leve mais de dez anos para ser realizado e mencionou que, muitas vezes, os jurados podem se sentir ameaçados pelos réus.""O sistema não está funcionando e o sistema não está aí para servir juízes, advogados, advogadas, promotores ou mesmo o ministro da Justiça. Está aí para servir o cidadão e nós temos que reconhecer a falência desse nosso modelo que não permite o julgamento de um homicídio ocorra em um prazo mais razoável"".No pacote anticrime, ele propõe que a decisão tomada pelo tribunal do júri seja imediatamente executada.""Os criminosos mais poderosos são aqueles que conseguem escapar da Justiça, que conseguem manipular o sistema judicial"", diz o ministro.Morro disse que é preciso reconhecer a falência do governo que não permite que o julgamento de um homicídio seja em um prazo razoável. ""É necessário retirar homicidas, feminicidas de circulação. Por mais que a corrupção seja grave, por mais que organizações criminosas sejam perigosas, ainda são o homicídio e o feminicídio os crimes mais graves, privar alguém da sua vida"", ressaltou ele.Sobre a segunda condenação do ex-presidente Luiz Inácio Lula da Silva na Lava Jato, agora por corrupção ativa e passiva e lavagem de dinheiro na ação que investiga reforma de sítio em Atibaia, interior de São Paulo, Moro não quis comentar e disse que o ""caso pertence ao meu passado"".Na apresentação do projeto, Moro disse que os três eixos centrais da proposta (corrupção, crime organizado e delitos violentos) devem ser tratados no mesmo pacote porque ""os três problemas estão estão vinculados; não adianta tratar de um sem tratar dos demais"".""O crime organizado utiliza a corrupção para ganhar impunidade. Por outro lado, o crime organizado está vinculado a boa parte dos homicídios do país"", disse Moro. ""Um grande porcentual de homicídios está vinculado às disputas do tráfico e às dívidas do tráfico, usuários que não conseguem pagar a sua dependência acabam sendo cobrados por essas organizações.""Moro ainda afirmou: ""O crime contra a administração pública, como a corrupção, esvazia os cofres públicos, diminui os recursos disponíveis para que o Estado, a União Federal possam adotar políticas mais eficientes contra a criminalidade organizada, contra a criminalidade violenta"".Entre os itens de destaque do texto, estão criminalização do caixa 2, prisão após condenação em segunda instância como regra no processo penal e punições mais rigorosas. "	-1
94	Causou estranheza entre integrantes do governo federal o fato de o governo de Minas Gerais (MG) não ter acionado homens da 4ª Brigada de Infantaria Leve (Juiz de Fora) para prestar apoio nas operações de resgates em Brumadinho.Segundo uma fonte do Planalto, os homens da 4ª Brigada de Infantaria Leve estão à disposição desde sexta-feira (25).O que o Exército colocou à disposição para ajudar Brumadinho:Foi dito ao governo de MG da 4ª Brigada de Infantaria Leve estava à disposição, mas o grupo não foi acionado ainda.	"""Integrantes do Planalto estranham governo de Minas não usar homens do Exército"" Causou estranheza entre integrantes do governo federal o fato de o governo de Minas Gerais (MG) não ter acionado homens da 4ª Brigada de Infantaria Leve (Juiz de Fora) para prestar apoio nas operações de resgates em Brumadinho.Na sexta-feira (25), uma barragem da mineradora Vale se rompeu na cidade de Brumadinho e um mar de lama destruiu a área administrativa da companhia e parte da comunidade da Vila Ferteco. Até o final da manhã desta segunda-feira (28), havia a confirmação de 60 mortos e 292 desaparecidos.Segundo uma fonte do Planalto, os homens da 4ª Brigada de Infantaria Leve estão à disposição desde sexta-feira (25).O que o Exército colocou à disposição para ajudar Brumadinho:Foi dito ao governo de MG da 4ª Brigada de Infantaria Leve estava à disposição, mas o grupo não foi acionado ainda. A ajuda foi oferecida após reunião com o presidente Jair Bolsonaro, no sábado (26).""Inexplicável porque exército quer ajudar"", disse um ministro ao blog.O governo de MG diz que, por ora, 200 homens do Corpo de Bombeiros cuidam do resgaste, especializados naquele tipo de solo.Segundo o governo de Minas, a 4ª Brigada de Infantaria Leve é especializada em áreas de montanhas. Se houver necessidade, pode ser que sejam solicitados os homens do Exército. Não se descartou, mas agora só especializado. "	-1
95	"O presidente do Supremo Tribunal Federal (STF), Dias Toffoli, recomendou ao diretor jurídico da Vale, Alexandre D Ambrosio, evitar a judicialização de pedidos de indenização feitos pelas vítimas do rompimento da barragem em Brumadinho (MG) e orientou a empresa a buscar acordos com as famílias. ""Não interessa a ninguém a imagem ruim da Vale, mas, em primeiro lugar, a empresa precisa resolver a vida dessas pessoas que são vítimas do rompimento da barragem de Brumadinho. O acordo é o melhor caminho"". Segundo Toffoli, a medida é pedido de desculpa por vítimas de tragédias."	"""Toffoli pede à Vale para evitar ações judiciais e buscar acordos com vítimas de Brumadinho"" O presidente do Supremo Tribunal Federal (STF), Dias Toffoli, recomendou ao diretor jurídico da Vale, Alexandre D Ambrosio, evitar a judicialização de pedidos de indenização feitos pelas vítimas do rompimento da barragem em Brumadinho (MG) e orientou a empresa a buscar acordos com as famílias. Toffoli se reuniu com o Ambrosio na semana passada, no STF.""Não interessa a ninguém a imagem ruim da Vale, mas, em primeiro lugar, a empresa precisa resolver a vida dessas pessoas que são vítimas do rompimento da barragem de Brumadinho. O acordo é o melhor caminho"", disse o ministro, perguntado pelo blog.No encontro, Toffoli falou também do observatório que vai monitorar grandes tragédias anunciado por ele e pela procuradora-geral da República, Raque Dodge, no fim de janeiro. O grupo vai monitorar questões econômicas, ambientais e sociais complexas e de grande repercussão.Segundo Toffoli, a medida é pedido de desculpa por vítimas de tragédias. "	-1
96	"A Procuradoria Geral da República (PGR) pediu ao Supremo Tribunal Federal (STF) a abertura de um inquérito para investigar o deputado federal Stefano Aguiar (PSD-MG).Este é o primeiro pedido de abertura de inquérito referente à nova legislatura, que começou na última sexta-feira (1º). A PGR afirma que os pareceres não têm data e poderiam ser elaborados ""por um secretário parlamentar sem formação jurídica"", o """"suporte que podem ter sido confeccionados apenas para justificar o dispêndio do recurso público""."	"""PGR pede ao Supremo para investigar deputado Stefano Aguiar""Este é 1º pedido de inquérito referente à nova legislatura. PGR quer apurar suposto uso de verba pública para despesa privada; defesa diz que escritório contratado subsidia atuação legislativa. A Procuradoria Geral da República (PGR) pediu ao Supremo Tribunal Federal (STF) a abertura de um inquérito para investigar o deputado federal Stefano Aguiar (PSD-MG).Este é o primeiro pedido de abertura de inquérito referente à nova legislatura, que começou na última sexta-feira (1º). O relator do pedido é o ministro Alexandre de Moraes.De acordo com a Procuradoria da República de Minas Gerais, há indícios de que o deputado utilizou parte da cota parlamentar para fins particulares por meio de pagamentos a um escritório de advocacia. Os procuradores afirmam que R$ 867.520 foram repassados ao escritório entre agosto de 2012 e dezembro de 2018.A defesa do deputado afirma que os pagamentos se referem a relatórios produzidos pelo escritório que contêm análises sobre projetos de lei entregues à Câmara dos Deputados. Acrescentam que esses relatórios subsidiam a atuação legislativa de Aguiar.Os advogados dizem, ainda, que os serviços particulares prestados pelo escritório são pagos com recursos do deputado.A PGR afirma que os pareceres não têm data e poderiam ser elaborados ""por um secretário parlamentar sem formação jurídica"", o que """"sugere que podem ter sido confeccionados apenas para justificar o dispêndio do recurso público"".A procuradora-geral da República, Raquel Dodge, pediu ao STF a instauração do inquérito, a oitiva de testemunhas e o envio de todas as notas fiscais para o desembolso da verba pela Câmara. "	-1
97	Os fatos que conduziram à prisão do ex-Governador são antigos. Mais do que isso. Os fatos ora invocados já foram anteriormente utilizados, na decretação das medidas cautelares expedidas contra o ex-governador.	"""Em nota, Beto Richa diz que prisão afronta decisão de Gilmar Mendes""Defesa trata fatos usados para decretar a prisão do tucano nesta sexta-feira (25) como antigos e requentados. A defesa do ex-governador do Paraná Beto Richa (PSDB) disse por meio de nota que a prisão preventiva - por tempo indeterminado - do tucano nesta sexta-feira (25) afronta decisão do ministro do Supremo Tribunal Federal (STF) Gilmar Mendes.Segundo a defesa, além disso, os fatos usados para a decretação são antigos. Richa foi preso em casa, em Curitiba, por volta das 7h desta sexta, conforme a Justiça Federal, na deflagração da 58ª fase da Operação Lava Jato.A prisão foi justificada com base em uma tentativa de influenciar os depoimentos de testemunhas de uma investigação de esquema de lavagem de dinheiro. A investigação que originou o mandado de prisão apura supostos crimes na concessão de rodovias do estado.""Os fatos ora invocados já foram anteriormente utilizados, na decretação das medidas cautelares expedidas contra o ex-governador. Cumpre registrar que o Supremo Tribunal Federal, ao julgar referidas medidas, reconheceu a flagrante ilegalidade na ordem prisão decretada"", diz trecho.A defesa afirma que a prisão desta sexta tem ""o evidente objetivo de desrespeitar os julgamentos proferidos pela Suprema Corte sobre o tema"". Richa ficou preso por quatro dias em setembro de 2018, sendo solto após decisão do ministro.Ainda conforme a defesa, o ex-governador esclareceu todos os fatos ""não restando qualquer dúvida quanto à regularidade de todas as condutas praticadas no exercício de suas funções"".A defesa informou que confia que a Justiça reverterá a ordem de prisão.""1- Os fatos que conduziram à prisão do ex-Governador são antigos. Sobre eles, todos os esclarecimentos foram por ele devidamente esclarecidos, não restando qualquer dúvida quanto à regularidade de todas as condutas praticadas, no exercício de suas funções.2- Mais do que isso. Os fatos ora invocados já foram anteriormente utilizados, na decretação das medidas cautelares expedidas contra o ex-Governador. Cumpre registrar que o Supremo Tribunal Federal, ao julgar referidas medidas, reconheceu a flagrante ilegalidade na ordem prisão decretada.3- Na realidade, a prisão requerida pelo Ministério Público Federal afronta o quanto decidido pelo Supremo Tribunal Federal, com o evidente objetivo de desrespeitar os julgamentos proferidos pela Suprema Corte, sobre o tema.4- No mais, o pedido se lastreia em ilações do MPF, exclusivamente suportadas em falsas e inverídicas informações prestadas em sede de colaboração premiada, por criminosos confessos.5- Em síntese, a prisão se baseia em fatos absolutamente requentados, carentes de qualquer comprovação e sobre os quais o Supremo Tribunal Federal já decidiu, no sentido de que os mesmos não justificam a decretação de prisão.6- A defesa confia que o Poder Judiciário reverterá a ordem de prisão, que não atende a qualquer dos pressupostos exigidos em lei.""Veja mais notícias do estado no G1 Paraná."	-1
98	"""Rodrigo Maia transmite otimismo ao mercado ao falar sobre reforma da Previdência"". Embora faça reparos à articultação política do governo, Rodrigo Maia prevê que, com alguns ajustes, a reforma deve ser aprovada pela Câmara. Com o objetivo de reunir os votos necessários para aprovar a reforma da Previdência, Rodrigo Maia tem avaliado que o governo precisará de algo como 20 votos de partidos de oposição. ""Tem de haver contribuição também do empregador"", disse Maia ao blog, nesta terça-feira, lembrando que os economistas se espelham nas mudanças feitas no Chile, mas que, agora, o governo chileno propõe mudança para incluir exatamente uma contribuição para o empregador."	"""Rodrigo Maia transmite otimismo ao mercado ao falar sobre reforma da Previdência"" Ao participar nesta terça-feira (26) de um encontro com representantes do mercado financeiro, o presidente da Câmara, Rodrigo Maia (DEM-RJ), transmitiu otimismo em relação ao andamento da proposta de reforma da Previdência.Embora faça reparos à articulação política do governo, Rodrigo Maia prevê que, com alguns ajustes, a reforma deve ser aprovada pela Câmara. No mercado, um ponto central é a fixação da idade mínima para trabalhadores do setor privado, setor público e rurais.Diante das declarações públicas de Maia, considerado um importante aliado da agenda das reformas, o presidente Jair Bolsonaro reuniu-se com líderes aliados e designou a deputada Joice Hasselmann (PSL-SP) para a liderança do governo no Congresso - movimento que teve o apoio aberto de Rodrigo Maia.No Senado, Bolsonaro referendou a sugestão do presidente do Senado, Davi Alcolumbre, de ter o senador Fernando Bezerra Coelho (MDB) na liderança na Casa.Com o objetivo de reunir os votos necessários para aprovar a reforma da Previdência, Rodrigo Maia tem avaliado que o governo precisará de algo como 20 votos de partidos de oposição.A maior atenção é dedicada ao PDT, que teve na disputa eleitoral o candidato Ciro Gomes defendendo que as mudanças nas regras da Previdência passassem por uma transição para o modelo de capitalização, tal como aconteceu no Chile.É por isso que Rodrigo Maia tem trabalhado com a possibilidade de ter na presidência da Comissão Especial que vai analisar a proposta do governo alguém do PDT - no caso, o deputado Mauro Benevides Filho, um dos principais assessores de campanha de Ciro e que defende o sistema de capitalização.""Tem de haver contribuição também do empregador"", disse Maia ao blog, nesta terça-feira, lembrando que os economistas se espelham nas mudanças feitas no Chile, mas que, agora, o governo chileno propõe mudança para incluir exatamente uma contribuição para o empregador.Depois de adiar a instalação da Comissão de Constituição e Justiça da Câmara, movimento que ajuda o governo porque dá tempo para o Planalto organizar a base, Rodrigo Maia avalia nomes para a relatoria da proposta.O objetivo dé fazer isso logo depois do carnaval para que o atraso se resuma a apenas um dia, uma vez que a contagem de prazo é feita somente incluindo dias de sessão. Depois disso, a ideia é tentar acelerar a tramitação sem que a oposição, que também o apoiou na disputa pela presidência da Casa, se sinta ferida em seus propósitos na discussão da reforma da previdência. "	-1
99	"Moro afirmou nesta quarta-feira (13) que a Justiça Eleitoral não é ""materialmente estruturada"" para julgar casos criminais ""mais complexos"" como corrupção ou lavagem de dinheiro.Segundo o ministro, um projeto de lei deve ""deixar claro"" que, se houver casos conexos de crimes eleitorais com crimes comuns, o processo será dividido.Sérgio Moro disse ainda que, ""em termos de conveniência e oportunidade, se não de interpretação jurídica, a separação é a solução mais conveniente""."	"""Moro: Justiça Eleitoral não está estruturada para julgar casos como corrupção ou lavagem""Ministro da Justiça comentou julgamento em que STF decidirá se crimes eleitorais cometidos com outros crimes devem ser analisados pela Justiça Eleitoral ou pela Justiça comum. O ministro da Justiça e Segurança Pública, Sérgio Moro, afirmou nesta quarta-feira (13) que a Justiça Eleitoral não é ""materialmente estruturada"" para julgar casos criminais ""mais complexos"" como corrupção ou lavagem de dinheiro.Moro deu a declaração ao comentar o julgamento em que o Supremo Tribunal Federal (STF) decidirá se crimes eleitorais cometidos em conexão com outros crimes, como corrupção ou lavagem, devem ser analisados pela Justiça Eleitoral ou pela Justiça comum.""Nós entendemos, com todo respeito, que a Justiça Eleitoral prestou trabalhos excelentes ao país em organização eleitoral, em resolução de controvérsias eleitorais, mas ela não é uma Justiça materialmente estruturada para julgar casos criminais mais complexos como corrupção ou lavagem de dinheiro, não raramente com características transnacionais"", disse Moro.Segundo o ministro, um projeto de lei deve ""deixar claro"" que, se houver casos conexos de crimes eleitorais com crimes comuns, o processo será dividido.""Na minha opinião, essa já é uma interpretação possível no atual momento, com todo respeito ao Supremo, que está decidindo essa questão. E a decisão que for tomada vai ser naturalmente respeitada"", acrescentou o ministro da Justiça.Sérgio Moro disse ainda que, ""em termos de conveniência e oportunidade, se não de interpretação jurídica, a separação é a solução mais conveniente"".""Se nós formos verificar estatísticas de condenação criminais pela Justiça Eleitoral, nós não vamos encontrar números muito felizes"", completou.Mais cedo, nesta quarta-feira, durante o julgamento no Supremo, o ministro Dias Toffoli, presidente da Corte, defendeu a Justiça Eleitoral, a chamando de ""motivo de orgulho nacional das instituições"".""Na Justiça Eleitoral, já houve a cassação a prefeitos, deputados estaduais, federais, governadores, senadores. Recentemente, até uma chapa presidencial foi a julgamento e mantida por 4 a 3"", afirmou.""A Justiça Eleitoral é, de todos os ramos do Poder Judiciário, a que é mais eficiente e a que é mais séria e conta com um corpo de servidores extremamente engajados"", acrescentou.Ainda segundo o presidente do STF, críticas no debate jurídico são necessárias, mas ""a calúnia, a difamação e a injúria não serão admitidas"".""O que está em debate nesse julgamento é matéria que diz respeito a competência. Não está em julgamento o Poder Judiciário e a Justiça Eleitoral"", declarou. "	-1
