	Model Answer	news	label
0	O marido de Marina Silva (Rede), Fábio Vaz de Lima, foi acusado por suposto envolvimento na doação irregular de seis mil toras de mogno apreendidas pelo Ibama para uma ONG.	" #Verificamos: Não há provas de que marido de Marina esteve envolvido com desmatamento na AmazôniaMPF investigou Fábio Vaz de Lima por comércio ilegal de madeira, mas processo foi arquivado em 2013Circula nas redes sociais a ""notícia"" de que o marido da ex-ministra Marina Silva (Rede), Fábio Vaz de Lima, é um dos ""maiores desmatadores"" da Amazônia. Por meio do projeto de verificação de notícias, alguns dos usuários do Facebook solicitaram que essa informação fosse verificada. Confira a seguir a análise da Lupa:""6 mil toras de mogno apreendidas, valor de R$ 8 milhões. Um dos maiores desmatadores da Amazônia é o marido da Marina!""Texto que acompanha imagem (aqui e aqui) e que juntos já tinham mais de 150 compartilhamentos às 17h30 do dia 9 de novembro de 2018FALSOO marido de Marina Silva (Rede), Fábio Vaz de Lima, foi acusado por suposto envolvimento na doação irregular de seis mil toras de mogno apreendidas pelo Ibama para uma ONG. Entretanto, em 2013, o Ministério Público Federal (MPF) entendeu que não havia ""um único elemento"" que pudesse conferir ""foros de verossimilhança"" à acusação. Em 2004, o Tribunal de Contas da União averiguou a doação de seis mil toras de madeira clandestina que foram apreendidas na Amazônia. Essa contribuição seria do Ibama para a ONG Fase - Federação de Órgãos para Assistência Social e Educacional. À época, Marina era ministra do Meio Ambiente. Lima, é um dos fundadores do grupo Grupo de Trabalho Amazônico (GTA), que tem ligação com a ONG Fase. Contudo, como mesmo informa a investigação do Ministério Público Federal sobre o caso, ele já estava afastado do GTA quatro anos antes de sua mulher assumir o ministério. Em maio 2011, o caso voltou à tona. O então deputado federal Aldo Rebelo (PCdoB, hoje no SD) acusou o marido de Marina de fraudar ""contrabando de madeira"" em uma sessão no plenário da Câmara dos Deputados, durante a votação do Código Florestal.No dia seguinte às acusações de Rebelo, a ex-ministra informou que iria pedir que o MPF investigasse ela e seu marido para desmentir as acusações feitas por Rebelo. Na época, o próprio deputado afirmou que estava ""arrependido"" pela sua fala na Câmara. O MPF arquivou o caso em 2013, dois anos depois do início das investigações. Durante as eleições de 2014, quando Marina tentou concorrer ao cargo de presidente da República, essa informação ressurgiu nas redes. Na época, o site Boatos.org desmentiu o texto. Contudo, em 2018, quando a ex-ministra concorreu novamente à Presidência da República, esse boato voltou a circular. A informação foi desmentida novamente, dessa vez pelo projeto Comprova.*Nota: esta reportagem faz parte do projeto de verificação de notícias no Facebook. Dúvidas sobre o projeto? Entre em contato direto com o Facebook.Editado por: Chico Marés e Clara Becker"	1
1	As publicações analisadas fazem parecer que a informação falsa consta no site da Secretaria Especial de Desenvolvimento Social, que recebeu as atribuições do extinto Ministério de Desenvolvimento Social.	"Não é verdade que 520 mil usuários saíram do Bolsa Família por medo de auditoria de BolsonaroNão é verdade que 520 mil usuários saíram do Bolsa Família por medo de auditoria de BolsonaroTwitterFacebookE-mail<a href=""#"" data-text=*Não é verdade que 520 mil usuários saíram do Bolsa Família por medo de auditoria de Bolsonaro*https://aosfatos.org/noticias/nao-e-verdade-que-520-mil-usuarios-sairam-do-bolsa-familia-por-medo-de-auditoria-de-bolsonaro/Uma montagem que está circulando nas redes sociais engana ao sustentar que 520 mil usuários desligaram-se do Bolsa Família após o presidente Jair Bolsonaro (PSL) prometer uma auditoria no programa de transferência de renda. Esse número, na verdade, corresponde ao número de famílias que deixaram voluntariamente de receber o benefício desde 2003. As publicações analisadas fazem parecer que a informação falsa consta no site da Secretaria Especial de Desenvolvimento Social, que recebeu as atribuições do extinto Ministério de Desenvolvimento Social.Como os dados de desligamento do Bolsa Família só são divulgados no fim de cada mês, não é possível saber ainda quantos beneficiários saíram do programa desde que o novo governo assumiu, na semana passada.A publicação foi marcada com o selo FALSO na ferramenta de verificação do Facebook (entenda como funciona). O conteúdo foi postado inicialmente pela página Curitiba Contra a Corrupção, onde já tem mais de 2.500 compartilhamentos, mas também se espalhou pelo WhatsApp, e leitores do Aos Fatos a enviaram como sugestão de checagem. Para participar, mande mensagem para (21) 99956-5882.FALSO_""Governo Bolsonaro em 7 dias de governo tira meio milhão de pessoas da pobreza: medo da auditoria causa debandada de beneficiários do Bolsa Família""_As características da imagem publicada com o post já permitem verificar que se trata de uma montagem. Por exemplo, o título ""520 mil e 148 pessoas solicitaram o desligamento voluntário em todo país"" não tem a mesma fonte que os outros enunciados da página. Ao acessar a página do Ministério da Cidadania, é possível constatar que a informação foi simplesmente colada por cima de um print da tela. Veja abaixo:Na realidade, uma propaganda do então Ministério do Desenvolvimento Social (extinto no último dia 1º) de dia 26 de dezembro do ano passado anuncia que, desde 2"	1
2	Autoridades de SP desmentem alertas sobre ataques do PCC no fim de semana	"Autoridades de SP desmentem alertas sobre ataques do PCC no fim de semanaAutoridades de SP desmentem alertas sobre ataques do PCC no fim de semanaTwitterFacebookE-mailWhatsAppAutoridades de SP desmentem alertas sobre ataques do PCC no fim de semanaPor Luiz Fernando Menezes 15 de fevereiro de 2019, 17h31TwitterFacebookEmailWhatsAppA Secretaria de Segurança Pública de São Paulo desmentiu na tarde desta sexta-feira (15) o conteúdo de mensagens e áudios que circulam nas redes sociais alertando para possíveis ataques do PCC (Primeiro Comando da Capital) neste fim de semana, em razão da transferência de líderes da facção criminosa para presídios federais. Promotor do Ministério Público paulista que investiga a organização, Lincoln Gakiya também negou a possibilidade de atentados, assim como o governador João Doria (PSDB).Diversas mensagens e áudios que fazem o alerta foram enviados por leitores do Aos Fatos no WhatsApp como sugestão de checagem (veja como participar). Publicações com o mesmo conteúdo enganoso também foram marcadas com o selo FALSO na ferramenta de verificação do Facebook. No Twitter, usuários também solicitaram uma checagem a respeito dessas mensagens.FALSOO comunicado abaixo [sobre possível retaliação do PCC na cidade de São Paulo no final de semana] é do comandante geral da PM para as unidades: companhias, batalhões e etc.....Viemos através deste comunicar a população do estado de São Paulo que estaremos em guerra contra a opressão do governo com nosso irmão Marcola, não iremos aceitar a transferência do nosso irmão, vamos tocar fogo no estado, nossa guerra será contra a mídia, a polícia e governo, não fica moscando na rua pra você não ser estatística!! Vamos reivindicar o direito do nosso irmão Marcola, não é justo essa opressão, de transferência do nosso líder! Sábado a partir das 21h é guerra, atenção população!Uma série de mensagens de texto e áudios começaram a circular na tarde desta sexta-feira (15) nas redes sociais alertando para possíveis ataques do PCC em São Paulo no fim de semana.Entre os conteúdos há desde a gravação supostamente feita por uma policial até um comunicado que diz ser emitido pela facção criminosa. Em comum, todos eles dizem que a retaliação seria por conta da transferência de líderes da organização para presídios federais. As informações são falsas, de acordo com a SSP-SP (Secretaria de Segurança Pública de São Paulo).Em nota, o órgão negou que haja quaisquer indícios da iminência de ações criminosas do PCC:Circulam por intermédio dos canais eletrônicos de mídia social diversas mensagens de áudio e texto sobre o cenário da segurança pública no Estado de São Paulo em função da transferência de presos do Sistema Penitenciário estadual para unidades prisionais do Departamento Penitenciário Nacional, realizada no último dia 13/02/19.Em relação ao exposto, até o momento, não há quaisquer elementos concretos que indiquem a iminência da eclosão de ações criminosas contra o poder público ou seus agentes, em especial os integrantes das forças de segurança pública, como forma de retaliação a serem praticadas por indivíduos ligados aos presos recém transferidos.As medidas adotadas pelo Comando da Polícia Militar de orientação ao efetivo sobre reforço nas medidas de segurança e, especialmente, as ações de ordem operacional são de caráter eminentemente preventivo e objetivam potencializar a sensação de segurança na sociedade.O promotor Lincoln Gakiya, do Gaeco (Grupo de Ação e Combate ao Crime Organizado) do MP-SP (Ministério Público de São Paulo) também negou os conteúdos das mensagens que circulam nas redes sociais. Ao Buzzfeed, ele, que investiga o PCC há dez anos, disse: ""é tudo fake, não tem procedência nenhuma. Estamos desmentindo isso. Estamos monitorando o PCC, com o comando das polícias, tanto no sistema prisional como nas ruas e isso não procede"".Já o governador de São Paulo, João Doria (PSDB), classificou como ""notícia falsa"" as mensagens que circulam nas redes sociais. Segundo o tucano, as gravações citadas em algumas das mensagens já haviam sido interceptadas pelo governo estadual.Em 2006, também na capital paulista, vários atentados - estima-se mais de 200 - do PCC resultaram na morte de mais de 90 pessoas. Os ataques ocorreram após a transferência do líder Marcos William Herbas Camacho, o Marcola, no dia 11 de maio.TwitterFacebookEmailWhatsAppLeia tambémCinco fatos sobre migraçãoNão é verdade que Moro afastou promotor do caso Queiroz e delegado que investiga morte de MarielleHomem em foto com Flávio Bolsonaro é assessor do senador, não acusado de matar Marielle]"	1
3	A foto analisada pela Lupa não é de um edifício da USP, mas do Edifício Elisa, na rua Teodoro Sampaio, em São Paulo - próximo ao Largo da Batatá. A foto foi feita pelo fotógrafo Douglas Nascimento e publicada, em 2010, no blog São Paulo Abandonada - hoje rebatizado São Paulo Antiga.	" #Verificamos: Não foi feita na USP foto de prédio pichado que viraliza nas redesImagem feita em 2010 mostra Edifício Elisa, que fica no Largo da Batata e foi restaurado recentementeCircula nas redes sociais a foto de um prédio pichado, acompanhado de uma legenda que ""informa"" se tratar da Universidade de São Paulo (USP). Por meio do projeto de verificação de notícias, usuários do Facebook solicitaram que esse material fosse analisado. Confira a seguir o trabalho de verificação da Lupa:""Não é um prédio numa favela. É a USP""Imagem que até as 17h do dia 13 de fevereiro de 2019 já tinha sido compartilhada 5 mil vezes no FacebookFALSOA foto analisada pela Lupa não é de um edifício da USP, mas do Edifício Elisa, na rua Teodoro Sampaio, em São Paulo - próximo ao Largo da Batata. A foto foi feita pelo fotógrafo Douglas Nascimento e publicada, em 2010, no blog São Paulo Abandonada - hoje rebatizado São Paulo Antiga.É possível encontrar este mesmo prédio no Google Street View e ver que as pichações foram apagadas. O registro da imagem é de 2017.Esta informação também foi verificada pelo site Aos Fatos.Nota: esta reportagem faz parte do projeto de verificação de notícias no Facebook. Dúvidas sobre o projeto? Entre em contato direto com o Facebook.Editado por: Cristina Tardáguila e Natália Leal"	1
4	O cantor Pablo Vittar fechou um contrato de 5 anos com a Globo para apresentar o programa TV Criança Gay.	" #Verificamos: É falso que Pabllo Vittar apresentará programa infantil na TV GloboEmissora negou que a cantora terá quadro próprio em sua programação  Circula nas redes sociais que a cantora Pabllo Vittar teria fechado um contrato de cinco anos com a TV Globo para apresentar o programa TV Criança Gay. O quadro substituiria o atual programa de Fátima Bernardes e exibiria ""conteúdos sexuais, homossexuais e sobre ideologia de gênero"" para o público infantil. Por meio do projeto de verificação de notícias, usuários do Facebook solicitaram que esse material fosse analisado. Confira a seguir o trabalho de verificação da Lupa:""Isso mesmo, o cantor Pabllo Vittar fechou um contrato de 5 anos com a Globo para apresentar o programa TV Criança Gay""Publicação que, até as 18h do dia 29 de março de 2019, tinha sido compartilhada ao menos uma centena de vezes no FacebookFALSOA informação verificada pela Lupa é falsa. Procurada, a assessoria de imprensa da TV Globo informou que se trata de ""fake news. E uma antiga"". De fato, o boato circula no Facebook desde abril do ano passado. Em novembro de 2017, o site e-farsas chegou a publicar checagem semelhante. À época, no entanto, o programa se chamaria Pabllo Kids _ e não TV Criança Gay _ e seria uma versão atual do antigo ""Xou da Xuxa"". Já na versão que se espalhou em 2019, é dito que ""o objetivo do programa é induzir as crianças a praticarem o homossexualismo de forma indiscriminada, mesmo que não sejam homossexuais"". Nota: esta reportagem faz parte do projeto de verificação de notícias no Facebook. Dúvidas sobre o projeto? Entre em contato direto com o Facebook.Editado por: Natália Leal"	1
5	É #FAKE que vídeo com desfile de militares é ensaio para posse de Bolsonaro	"""É #FAKE que vídeo com desfile de militares é ensaio para posse de Bolsonaro""Imagens são de formatura de soldados da Polícia Militar de Minas Gerais. Um vídeo com a apresentação de um desfile militar circula em redes sociais como se fosse o ensaio para a posse do presidente eleito Jair Bolsonaro em 1° de janeiro de 2019. O vídeo, na verdade, retrata a formatura de policiais em Minas Gerais. A mensagem que circula atribuindo as imagens a um ensaio, portanto, é #FAKE.A performance militar mostrada no vídeo é, na verdade, a cerimônia de formatura de soldados da Polícia Militar de Minas Gerais. A informação foi confirmada pela assessoria da corporação. O vídeo foi publicado em 13 de abril de 2018.""Ensaio para a posse de Bolsonaro como presidente do Brasil em 1° de Janeiro de 2019"", diz o título do vídeo que circula no Youtube desde 15 de novembro, com mais de 15 mil visualizações.Embora sem áudio e com filmagens a partir de ângulos diferentes, os dois vídeos mostram o mesmo evento, como comprovam detalhes como as cores e disposições das bandeiras nas laterais do palco, os dois telões dispostos sobre essas bandeiras, a disposição e a forma dos soldados perfilados e a disposição das placas de publicidade do espaço do ginásio. "	1
6	Dilma não participou de atentado que matou soldado em 1968	"Dilma não participou de atentado que matou soldado em 1968Dilma não participou de atentado que matou soldado em 1968TwitterFacebookE-mailWhatsAppDilma não participou de atentado que matou soldado em 1968Por Luiz Fernando Menezes 6 de novembro de 2018, 15h00TwitterFacebookEmailWhatsAppA ex-presidente Dilma Rousseff (PT) não participou do atentado a um quartel do Exército em São Paulo em junho de 1968, e que resultou na morte do soldado Mário Kozel Filho. Ao contrário do que afirma montagem que circula nas redes sociais desde sábado (3), a petista não integrava, na época, a VPR (Vanguarda Popular Revolucionária), organização responsável por lançar um carro-bomba contra a unidade militar. Ela também não aparece na lista de militantes da organização acusados de participarem da ação, conforme livro editado por militares após o fim da ditadura.Na verdade, em 1968, a petista fazia parte do Colina (Comando de Libertação Nacional), organização que, em 1969, viria a se fundir com a VPR para formar a VAR-Palmares (Vanguarda Armada Revolucionária - Palmares). Apesar de militar em organizações de extrema-esquerda durante a ditadura, não há evidências da participação de Dilma nas ações armadas promovidas por esses grupos.Não é a primeira vez que boatos tentam vincular a ex-presidente com a morte do soldado Kozel Filho. Em 2010, quando Dilma assumiu a Presidência da República, a mesma história falsa foi veiculada por sites como o Homem Culto. Agora, a montagem que reciclou as informações enganosas já acumula mais de 1.500 compartilhamentos no Facebook. O conteúdo foi denunciado por usuários daquela rede social e classificado por Aos Fatos como FALSO na ferramenta de verificação (entenda como funciona). FALSOSeu professor de História contou que a Dilma me matou?O soldado Mário Kozel Filho morreu em um atentado ao Quartel General do II Exército, na cidade de São Paulo, em 26 de junho de 1968. Militantes da VPR (Vanguarda Popular Revolucionária) jogaram um carro-bomba com 20 quilos de dinamite contra o QG. Além de matar Kozel, a explosão deixou outros seis militares feridos.Dilma não integrava a VPR na época do ataque, mas outra organização - Colina (Comando de Libertação Nacional). Esta organização era formada por estudantes universitários em oposição ao regime militar e defendia a ação armada como meio para libertar o Brasil da ""opressão e da ditadura"" e, numa etapa posterior, criar o partido revolucionário da classe operária.Em 1969, Colina e VPR fundiram-se, criando, então, a VAR-Palmares (Vanguarda Armada Revolucionária - Palmares). O grupo foi responsável por algumas ações, como a do roubo ao cofre do ex-governador Adhemar Barros em 1969, caso que não contou com a participação de Dilma.Apesar de engajada na política estudantil e na produção e distribuição de jornais tidos como material subversivo, a ex-presidente não fez parte das ações militares dos grupos extremistas de esquerda que integrou, como informa biografia da petista no CPDOC-FGV e relatos de outros ex-militantes do Colina e companheiros de cela ao UOL.Escrito pelos militares Agnaldo del Nero, José Conegundes do Nascimento e Lício Maciel após o fim da ditadura, o livro ""As tentativas de tomada do poder"" busca detalhar as ações criminosas cometidas por grupos guerrilheiros de esquerda durante o regime militar. No trecho dedicado ao caso Mário Kozel, a obra lista como planejadores e executores do atentado os integrantes da VPR Waldir Carlos Sarapu, Wilson Egídio Fava, Onofre Pinto, Diógenes José de Carvalho Oliveira, José Araújo Nóbrega, Osvaldo Antônio dos Santos, Dulce de Souza Maia, Renata Ferraz Guerra de Andrade, José Ronaldo Tavares de Lira e Silva, e também Eduardo Collen Leite, que seria integrante da REDE (Resistência Democrática), outro grupo guerrilheiro. Não há qualquer menção a Dilma Rousseff.Essa lista de nomes, inclusive, já foi citada pelo presidente eleito Jair Bolsonaro (PSL), em um projeto de lei para incluir o nome de Mário Kozel ao Livro dos Heróis da Pátria. Nesse caso, o nome da ex-presidente também não foi citado entre os autores do ataque. TwitterFacebookEmailWhatsAppLeia tambémCinco fatos sobre migraçãoNão é verdade que Moro afastou promotor do caso Queiroz e delegado que investiga morte de MarielleHomem em foto com Flávio Bolsonaro é assessor do senador, não acusado de matar Marielle]"	1
7	Erros e acerços sobre educação nos planos de governo dos presidenciáveis	"Erros e acertos sobre educação nos planos de governo dos presidenciáveisErros e acertos sobre educação nos planos de governo dos presidenciáveisTwitterFacebookE-mail<a href="""" data-text=*Erros e acertos sobre educação nos planos de governo dos presidenciáveis*https://aosfatos.org/noticias/erros-e-acertos-sobre-educacao-nos-planos-de-governo-dos-presidenciaveis/São muitas e diversas as informações sobre educação que os candidatos à Presidência da República trazem dentre as propostas de seus planos de governo nestas eleições. Mas, no meio de tantos indicadores e dados, como saber o que é verdade e o que não é?Em parceria com a Nova Escola, Aos Fatos checou o que dizem sobre educação os planos das candidaturas mais bem posicionadas nas últimas pesquisas eleitorais: Jair Bolsonaro (PSL), Ciro Gomes (PDT), Marina Silva (Rede) e a do PT - cujo cabeça de chapa, o ex-presidente Luiz Inácio Lula da Silva, foi declarado inelegível pelo TSE (Tribunal Superior Eleitoral). Já os programas de Geraldo Alckmin (PSDB) e Alvaro Dias (Podemos) não tinham informações sobre o tema que fossem passíveis de checagem.FALSO_""Aproximadamente 25% dos professores que atuam na educação básica não possuem licenciatura específica para as disciplinas que lecionam. - programa da chapa do PT""_O plano de governo da coligação O Povo Feliz de Novo (PT / PC do B / Pros) confunde o número de professores que não têm licenciatura com aqueles que não têm licenciatura especificamente na área em que lecionam. Segundo o Censo Escolar 2017, dos 2,2 milhões de professores no Brasil, 25,9% não têm licenciatura (têm bacharelado, superior em andamento, magistério, ensino médio completo ou apenas o ensino fundamental). Esse número é diferente, no entanto, do Indicador de Adequação da Formação do Docente, a qual o programa deveria se referir, que classifica o professor segundo a adequação de sua formação à disciplina que ele leciona na educação básica. Esse indicador não é único para toda a educação básica, há uma porcentagem para cada etapa de ensino. Como a candidatura do PT utiliza os dados errados no plano de governo, a informação recebeu o selo de FALSA.O Indicador de Adequação da Formação de Docente é medido por etapa - na educação infantil, no ensino fundamental, no ensino médio e também na educação de jovens e adultos, a EJA. Não há um indicador único, como confirmado pelo próprio Inep. Segundo os dados do Censo Escolar 2017, os indicadores são os seguintes: na educação infantil, 18,6% dos professores têm formação superior de licenciatura (ou bacharelado com complementação pedagógica) em área diferente daquela que leciona; no ensino fundamental são 18,7%; e no ensino médio são 23,6%. No EJA, são 39,2% no ensino fundamental e 29,9% no ensino médio.A chapa petista citou a informação para defender a criação de uma política nacional de valorização e qualificação doce"	1
8	As obras do Exército na BR-163 foram iniciadas em setembro de 2017, ainda no governo Temer.	" #Verificamos: É falso que recuperação da BR-163 tenha começado no governo BolsonaroExército atua na pavimentação e reforma da estrada, no Pará, desde setembro de 2017, ainda no governo TemerCircula nas redes sociais uma montagem que mostra o antes e depois de uma ação do Exército para recuperar um trecho localizado no Pará da BR-163, rodovia que começa em Tenente Portela (RS) e chega até Santarém (PA), passando pelo porto de Mirituba. Legendas ""informam"" que a obra foi feita durante o governo do presidente Jair Bolsonaro (PSL). Por meio do projeto de verificação de notícias, usuários do Facebook solicitaram que esse material fosse analisado. Confira a seguir o trabalho de verificação da Lupa:""BR-163 Pará - Antes. BR-163 Pará - Agora. São apenas 49 dias do governo Bolsonaro!!!""Legenda de imagem que, até as 14h30 do dia 25 de fevereiro de 2019, tinha sido compartilhada mais de 1,5 mil vezes no Facebook.FALSOAs obras do Exército na BR-163 foram iniciadas em setembro de 2017, ainda no governo de Michel Temer (MDB), e não depois que Jair Bolsonaro assumiu a presidência, em janeiro de 2019. A informação verificada pela Lupa, que consta na legenda da publicação, é, portanto, falsa.A BR-163 é usada para escoamento da produção agrícola do Mato Grosso, mas ainda conta com trechos sem asfalto. O Departamento Nacional de Infraestrutura de Transportes (Dnit) fechou convênio com o Exército para pavimentar 65 quilômetros da rodovia, com previsão de entrega em fevereiro de 2020. De acordo com o boletim diário mais recente sobre a estrada, publicado pelo Dnit em 25 de fevereiro de 2019, as obras do Exército estão em estágio avançado, mas ainda não foram concluídas: ""Houve grandes avanços com a eliminação dos principais pontos de gargalos na trafegabilidade, que são as serras da Anita e de Moraes. Por ter uma rampa muito íngreme para vencer as serras, e por estar em revestimento primário, estes trechos são constantes alvos de bloqueios neste período pelo tráfego pesado de carga. O rebaixamento de ambas as serras já foi 100% concluído, restando apenas serviços de drenagem profunda e superficial e posteriormente sua pavimentação"".Essa checagem foi feita anteriormente pelos sites Aos Fatos, Boatos.org e Estadão Verifica.Nota: esta reportagem faz parte do projeto de verificação de notícias no Facebook. Dúvidas sobre o projeto? Entre em contato direto com o Facebook.Editado por: Natália Leal"	1
9	Não há mais vagas em hotéis em Brasília para a posse de Bolsonaro.	" #Verificamos: É falso que não há mais vagas nos hotéis de Brasília para a posse de BolsonaroSegundo o setor, capital do país está com 50% de sua capacidade preenchida para o dia 1 de janeiro de 2019Circula nas redes sociais a ""informação"" de que os hotéis de Brasília já estariam todos lotados para a posse do presidente eleito, Jair Bolsonaro (PSL), que acontece no dia 1 de janeiro de 2019. Por meio do projeto de verificação de notícias, usuários do Facebook solicitaram que esse material fosse analisado. Confira a seguir o trabalho de verificação da Lupa:""Não há mais vagas em hotéis em Brasília para a posse do presidente""Frase que consta em imagens (aqui e aqui) que circulam na internet e que, até as 16h do dia 26 de novembro de 2018, já tinham sido compartilhadas mais de 32 mil vezes no FacebookFALSODe acordo com a Pesquisa de Serviços de Hospedagem do IBGE publicada em 2017, Brasília tem 279 estabelecimentos de hospedagem e um total de 39.424 leitos. Na tarde de 26 de novembro de 2018, a metade deles ainda estava vaga para o dia 1 de janeiro de 2019, quando o presidente eleito, Jair Bolsonaro, tomará posse. A informação foi repassada à Lupa pela Associação Brasileira da Indústria de Hotéis do Distrito Federal (ABIH-DF). De acordo com a entidade, nesta segunda-feira, Brasília ainda tinha 50% de disponibilidade na data em questão. Os hotéis situados no Lago Sul eram os mais perto de sua capacidade máxima, enquanto os da zona central ainda tinham muitas vagas em aberto. A presidente da ABIH-DF, Adriana Pinto, ressaltou que considerava o desempenho animador. ""As expectativas são animadoras, porque nessa época do ano a procura é muito baixa e esse ano, com a mudança de governo, estamos recebendo muitas reservas"". Ela esclarece ainda que há vagas em hotéis econômicos, médios e de alto padrão para quem quiser comparecer à posse. Uma rápida busca em sites como o booking.com também mostrava uma boa oferta de vagas ainda disponíveis na tarde de 26 de novembro. Por ora, ao contrário do alardeado nas redes sociais não está confirmada a necessidade de acampar ou buscar hotéis em cidades vizinhas à capital federal. *Nota: esta reportagem faz parte do projeto de verificação de notícias no Facebook. Dúvidas sobre o projeto? Entre em contato direto com o Facebook.Editado por: Cristina Tardáguila"	1
10	Decreto de Dilma não impediu punição de empresas por desastres em barragens	"Decreto de Dilma não impediu punição de empresas por desastres em barragensDecreto de Dilma não impediu punição de empresas por desastres em barragensTwitterFacebookE-mailWhatsAppDecreto de Dilma não impediu punição de empresas por desastres em barragensPor Ana Rita Cunha 28 de janeiro de 2019, 19h28TwitterFacebookEmailWhatsAppAo contrário do que é compartilhado nas redes sociais, o decreto 8.572/2015, assinado pela então presidente Dilma Rousseff (PT) considera rompimento ou colapso de barragens como desastre natural apenas para fins da lei 8.036/1990, que dispõe sobre o uso do FGTS (Fundo de Garantia por Tempo de Serviço). Ou seja, a medida não permite que empresas responsáveis pelos desastres fiquem livres de punições, como sugerem as publicações nas redes.Ao ser sancionado, o decreto presidencial permitiu que atingidos pelo desmoronamento de barragens na região de Mariana, em Minas Gerais, pudessem sacar o valor disponível no fundo, mas não alterou o entendimento sobre o tema no Código Penal e no Código Ambiental.Tanto a Samarco, responsável pela barragem que se rompeu em 2015, bem como suas controladoras Vale e BHP Billiton e a VogBr, são rés em processos criminais (por conta da morte de 19 pessoas no desastre de Mariana), processos por danos ambientais e processos civis (inclusive com bloqueio de bens para indenização). Parte das ações de pedidos de indenizações já foram concluídas. A maior parte das ações penais e de danos ambientais chegou a ser suspensa, mas, em nenhum caso, isso esteve relacionado ao decreto de Dilma.No Facebook, uma publicação da página Conselho Federal de Segurança e de uma série de perfis pessoais com esta informação enganosa somavam mais de 30 mil compartilhamentos até a tarde desta segunda-feira (28). Essa e dezenas de outros posts que trazem o conteúdo enganoso foram marcados por Aos Fatos com o selo FALSO na ferramenta de verificação da rede social (entenda como funciona)FALSONão serão punidos, infelizmente, graças ao decreto assinado em 2015 por Dilma Rousseff que considera rompimento de barragens, desastres NATURAIS.Uma foto que reproduz parte do decreto 8.572/2015 circula nas redes sociais com a informação FALSA de que a redação do texto legal impediria a punição de responsáveis por desmoronamento de barragens.O decreto presidencial foi promulgado pela então presidente Dilma Rousseff oito dias após o desmoronamento de barragens de Mariana. Segundo o texto legal, rompimento ou colapso de barragens são considerados como desastre natural apenas ""para fins do disposto no inciso XVI do caput do art. 20 da Lei n° 8.036 de 11 de maio de 1990"", que dispõe sobre o FGTS (Fundo de Garantia por Tempo de Serviço). Isso significa que o decreto presidencial permitiu que atingidos pelo desmoronamento de barragens naquela região pudessem sacar o valor disponível no FGTS, mas não alterou o entendimento sobre o tema no código penal e ambiental.No Twitter, Dilma Rousseff afirmou neste domingo (27) que as vítimas de desmoronamento de barragens foram ""como vítimas de desastres naturais para que aquelas pudessem receber com presteza o dinheiro do FGTS"" .Após a promulgação do decreto presidencial, houve críticas ao texto. Em novembro de 2015, em audiência na Câmara dos Deputados, a subprocuradora da República Sandra Cureau, que coordenava a 4ª Câmara de Coordenação e Revisão do Meio Ambiente do Ministério Público Federal, criticou a modificação das regras para liberação do FGTS. À época, Cureau afirmou que o decreto poderia ""ser usado, pelos advogados da Samarco, para que a responsabilidade da empresa seja mitigada"".Tal previsão, porém, não se concretizou. Tanto a Samarco, responsável pela barragem de Fundão, bem como suas controladoras Vale e BHP Billiton e a VogBr, são rés em processos criminais (por conta da morte de 19 pessoas no desastre de Mariana), processos por danos ambientais e processos civis (inclusive com bloqueio de bens para indenização). Parte das ações de pedidos de indenizações já foram concluídas. A maior parte das ações penais e de danos ambientais, chegou a ser suspensa, mas, em nenhum caso, a suspensão está relacionada ao decreto 8572/2015, assinado por Dilma.A ação penal penal sobre os crimes relacionados ao rompimento da barragem de Fundão, em Mariana, por exemplo, foi suspensa entre julho e novembro de 2017 porque a defesa de dois dos 21 réus alegou irregularidades em escutas telefônicas. A Justiça, porém, negou o pedido de que as provas resultantes do monitoramento telefônico fossem consideradas nulas e o processo continua tramitando.TwitterFacebookEmailWhatsAppLeia tambémCinco fatos sobre migraçãoNão é verdade que Moro afastou promotor do caso Queiroz e delegado que investiga morte de MarielleHomem em foto com Flávio Bolsonaro é assessor do senador, não acusado de matar Marielle]"	1
11	Geraldo Azevedo em show realizado no último sábado dia 20 de outubro de 2018 em Jacobina (BA)	" #Verificamos: General Mourão não foi torturador na ditadura militarFernando Haddad, candidato do PT à Presidência, acusou vice de Bolsonaro (PSL), reproduzindo fala de Geraldo AzevedoEm sabatina realizada nesta terça-feira (23) pelo jornal O Globo, Extra, Época e Valor Econômico, o candidato à Presidência da República pelo PT, Fernando Haddad declarou que o general Hamilton Mourão (PRTB), candidato a vice-presidente na chapa de Jair Bolsonaro (PSL), havia sido torturador durante a ditadura. A fala de Haddad partiu de uma declaração do cantor Geraldo Azevedo num show na Bahia.Por meio do projeto de verificação de notícias, usuários do Facebook solicitaram que esse material fosse analisado. Confira a seguir o trabalho de verificação da Lupa:""Esse [general Hamilton] Mourão era um dos torturadores lá [na ditadura]""Geraldo Azevedo em show realizado no último sábado dia 20 de outubro de 2018 em Jacobina (BA)FALSOQuando estava no palco, o cantor Geraldo Azevedo lembrou a ditadura militar vigente no Brasil entre 1964 e 1985. Classificou o período como ""indigente"" e contou que foi preso duas vezes e torturado. A informação de que hoje candidato a vice-presidente na chapa de Jair Bolsonaro era um dos torturadores é falsa porque em 1969, quando Geraldo Azevedo foi preso pela primeira vez (aqui, aqui e aqui), Mourão tinha apenas 16 anos de idade. O vice de Bolsonaro, hoje general, entrou para o Exército três anos depois, em 1972. Nesta terça-feira (23), o cantor disse que se enganou ao dizer que Mourão era um torturador. O general, por sua vez, disse que denunciará o cantor por ""declaração difamatória"". ""O Mourão foi, ele próprio, torturador""Fernando Haddad (PT), candidato à Presidência da República, em sabatina com O Globo, Extra, Época e Valor Econômico no dia 23 de outubro de 2018FALSOO candidato Fernando Haddad (PT) errou ao ecoar frase dita por Geraldo Azevedo no último sábado e acusar Mourão de ter sido um torturador. O candidato reconheceu o erro publicamente, mas isso não evitou que as redes sociais continuassem repercutindo a informação equivocada.""Descobriram! General Mourão era torturador""Imagem e texto que já tinham sido compartilhados 90 vezes no Facebook até às 17h30 do dia 23 de outubro de 2018FALSOCom já informado anteriormente, tanto o cantor Geraldo Azevedo quanto o candidato Fernando Haddad já reconheceram publicamente que a informação que distribuíram é errada. General Mourão não foi um torturador na ditadura brasileira.*Nota: esta reportagem faz parte do projeto de verificação de notícias no Facebook. Dúvidas sobre o projeto? Entre em contato direto com o Facebook.Editado por: Cristina Tardáguila e Leandro Resende"	1
12	Bolsonaro contratou um degustador	" #Verificamos: Bolsonaro não contratou degustador por medo de envenenamentoInformação que viralizou nas redes foi negada pela assessoria do presidente eleito Circula nas redes sociais a ""notícia"" de que o presidente eleito, Jair Bolsonaro (PSL), teria contratado um degustador para provar seus alimentos, por medo de ser envenenado. Por meio do projeto de verificação de notícias, usuários do Facebook solicitaram que esse material fosse analisado. Confira a seguir o trabalho de verificação da Lupa:""Bolsonaro contratou um degustador""Imagens (aqui, aqui e aqui) que, até as 17h30 do dia 6 de dezembro de 2018, já tinham mais de 2 mil compartilhamentos no FacebookFALSOA Lupa procurou a assessoria de imprensa do presidente eleito Jair Bolsonaro (PSL) e, em nota, ela afirmou que a frase analisada ""é mentira"". Além disso, acrescentou: ""quem falou é louco"". No dia 30 de novembro de 2018, a revista Crusoé publicou uma reportagem afirmando que Bolsonaro faz todas suas refeições no Palácio do Jaburu, hoje ocupado pelo presidente Michel Temer e sua família, por medo de ser envenenado. No fim do mês passado, o vereador Carlos Bolsonaro (PSL-RJ), filho do presidente eleito, chegou a tuitar que a morte de seu pai interessaria pessoas ""que estão muito perto"". A morte de Jair Bolsonaro não interessa somente aos inimigos declarados, mas também aos que estão muito perto. Principalmente após de sua posse! É fácil mapear uma pessoa transparente e voluntariosa. Sempre fiz minha parte exaustivamente. Pensem e entendam todo o enredo diário!- Carlos Bolsonaro (@CarlosBolsonaro) 29 de novembro de 2018*Nota: esta reportagem faz parte do projeto de verificação de notícias no Facebook. Dúvidas sobre o projeto? Entre em contato direto com o Facebook.Editado por: Cristina Tardáguila"	1
13	Não é verdade que Bolsonaro usou atestado de insanidade para se aposentar no Exército.	"Não é verdade que Bolsonaro usou atestado de insanidade para se aposentar no ExércitoNão é verdade que Bolsonaro usou atestado de insanidade para se aposentar no ExércitoTwitterFacebookE-mailWhatsAppNão é verdade que Bolsonaro usou atestado de insanidade para se aposentar no ExércitoPor Alexandre Aragão 27 de novembro de 2018, 16h53TwitterFacebookEmailWhatsAppPublicações no Facebook, no Twitter e no WhatsApp afirmam, de maneira falsa, que o presidente eleito Jair Bolsonaro (PSL) apresentou um atestado de insanidade mental para ""se aposentar"" no Exército. Na verdade, Bolsonaro foi transferido para a reserva em 1988, quando se elegeu vereador no Rio de Janeiro, conforme determina o Estatuto dos Militares.A informação falsa aparece em diversos posts feitos em perfis pessoais. No Twitter, dois posts somados foram compartilhados por cerca de 1.000 usuários. No Facebook, uma das publicações teve 8.800 compartilhamentos. Denunciado por usuários, o conteúdo foi marcado por Aos Fatos com o selo FALSO na ferramenta de checagem da plataforma (entenda como funciona). O material também foi enviado para checagem por leitores do Aos Fatos via WhatsApp. Para sugerir verificações, envie mensagem para (21) 99956-5882.Confira abaixo, em detalhes, o que checamos.FALSOBolsonaro se aposentou do Exército com atestado de insanidade mentalConforme determina o Estatuto dos Militares, Bolsonaro passou para a reserva quando se elegeu pela primeira vez, para o cargo de vereador, no Rio de Janeiro, em 1988. Ao contrário do que afirmam as diversas versões falsas, portanto, o presidente eleito não usou um ""atestado de insanidade mental"", como já desmentiu o Exército.Outro erro é que o termo ""aposentadoria"" não é adequado aos militares, que se tornam reservistas, não ""aposentados"". A lógica por traz desta diferença é que qualquer militar, mesmo da reserva, pode ser convocado a qualquer momento caso haja necessidade.O presidente eleito Bolsonaro já usou essa diferença como argumento para defender que a Previdência dos militares permaneça separada do regime geral em caso de reforma. Atualmente, o tempo mínimo de contribuição para militares é de 30 anos; e a idade mínima para a reserva é de 55 anos, tanto para homens como para mulheres. No regime geral, para obter a aposentadoria integral é necessário:- para homens, ter ao menos 35 anos de contribuição e 60 anos de idade;- para mulheres, ter ao menos 30 anos de contribuição e 55 anos de idade.Apesar de não haver consenso sobre que formato terá uma eventual reforma da Previdência, é certo que as regras para aposentadoria ficarão mais restritivas caso a reforma ocorra.Em 8 de novembro, Bolsonaro e o futuro ministro da Economia, Paulo Guedes, se reuniram com os comandantes das Forças Armadas e receberam uma proposta, segundo o jornal O Globo: que a reforma da Previdência militar esteja condicionada a um aumento no soldo de todos os militares. O assunto, porém, ainda não foi decidido.Em 1996, Bolsonaro recebia R$ 1.300 do Exército - equivalentes a R$ 7.416 em valores atuais corrigidos pelo IGP-M - e reclamou do valor. ""Isso não dá para sustentar a família"", afirmou ao jornal Folha de S.Paulo. Recentemente, questionado pelo jornal O Globo sobre o valor atual que recebe do Exército, Bolsonaro não informou.O salário mensal de presidente é R$ 30.934,70. Caso se aposente pela Câmara dos Deputados, que tem regras mais leves que o regime geral, Bolsonaro poderá somá-lo a outros R$ 29.301,45 por mês. Isso ocorreria porque a aposentadoria pela Câmara não é atingida pelo teto constitucional, determinado pelo salário dos ministros do Supremo Tribunal Federal.Nesta semana, o presidente Michel Temer (MDB) sancionou a lei que aumentou o salário dos ministros do STF (Supremo Tribunal Federal) em 16% (de R$ 33.763 para R$ 39.293). Como os salários de diversos servidores públicos são indexados ao dos ministros da Corte, a decisão terá um efeito cascata que provocará aumento de despesas ao governo federal e aos governos estaduais.O relator do projeto no Senado, Ricardo Ferraço (PSDB-ES), afirmou que o impacto nas contas públicas pode chegar a R$ 6 bilhões por ano. Nesta terça (27), o ministro do Planejamento, Esteves Colnago, afirmou que o impacto negativo será ""em torno de R$ 1,4 bilhão a R$ 1,6 bilhão"".No mesmo dia em que o aumento foi sancionado por Temer, o ministro Luiz Fux, do STF, revogou uma decisão liminar (provisória) dele próprio que, desde 2014, garantia o pagamento de auxílio-moradia de R$ 4.300 por mês a todos os juízes, mesmo os que têm residência própria na cidade em que trabalham.De acordo com o ministro do Planejamento, o valor gasto com o aumento dado aos juízes será maior que o valor poupado com o fim do auxílio-moradia. Segundo Colnago, a decisão de Fux ajudará a poupar ""de R$ 300 milhões a R$ 400 milhões"".Atualmente, o teto no regime geral da Previdência Social é de R$ 5.645,80.TwitterFacebookEmailWhatsAppLeia tambémCinco fatos sobre migraçãoNão é verdade que Moro afastou promotor do caso Queiroz e delegado que investiga morte de MarielleHomem em foto com Flávio Bolsonaro é assessor do senador, não acusado de matar Marielle]"	1
14	Vídeo não mostra mãe e criança dentro de carro sendo atacadas por petistas	"Vídeo não mostra mãe e criança dentro de carro sendo atacadas por petistasVídeo não mostra mãe e criança dentro de carro sendo atacadas por petistasTwitterFacebookE-mailWhatsAppVídeo não mostra mãe e criança dentro de carro sendo atacadas por petistasPor Alexandre Aragão e Bernardo Moura 13 de setembro de 2018, 19h05TwitterFacebookEmailWhatsAppTrechos de um vídeo de maio de 2017 do site G1, que mostram manifestantes com camisas e bandeiras de partidos e movimentos de esquerda atacando um carro em movimento, têm sido publicados nas redes sociais com uma história diferente da notícia verdadeira.As imagens originais retratam o momento em que um carro é atacado por manifestantes ao furar o bloqueio de protesto contra o presidente Michel Temer (MDB) em Goiânia, e atropela ao menos duas pessoas. Mas, segundo as postagens (veja aqui e aqui) que viralizaram no Facebook nos últimos dias, a motorista era uma mãe com uma criança no carro que foi atacada ""por apoiadores do PT de Haddad e Lula só por ter um adesivo de Jair Bolsonaro [presidenciável do PSL] colado ao carro"" - o que não é verdade.A versão completa do vídeo e a reportagem do G1 mostram que o carro era, de fato, conduzido por uma mulher, mas que não havia criança nem adesivo de Bolsonaro no veículo. Com as informações falsas, as postagens com trechos distintos do vídeo já têm, juntas, mais dois milhões de visualizações e 125 mil compartilhamentos desde que foram publicadas, nos dias 8 e 11 de setembro de 2018.O conteúdo dos posts, publicados em perfis pessoais, foram marcados por Aos Fatos com o selo FALSO na ferramenta de verificação do Facebook (entenda como funciona).Confira, abaixo, o que checamos.FALSOMãe com criança dentro do seu veículo é agredida por terroristas de Esquerda, apoiadores de Lula e Haddad, somente por ter um adesivo de Bolsonaro no seu carro.O vídeo que acompanha a legenda acima foi publicado pelo site G1, em 18 de maio de 2017, e mostra o momento em que uma motorista tem seu carro atacado por manifestantes após tentar furar um bloqueio durante um protesto que pedia a renúncia do presidente Michel Temer (PMDB), em Goiânia.Após duas pessoas serem atropeladas, manifestantes cercaram o automóvel e o depredaram, conforme mostram as imagens originais. A motorista ainda tenta se desvencilhar, mas só consegue parar o carro com a chegada da polícia. De acordo com a reportagem do G1, a mulher estava acompanhada de um homem, e não de uma criança, como afirmam as postagens que viralizaram no Facebook. Ela também não se feriu, segundo informou à época a Polícia Militar.Dos feridos, uma mulher foi atendida pelo Samu (Serviço de Atendimento Móvel de Urgência) e levada para o Hospital de Urgências de Goiânia. O outro, que era marido da primeira vítima, sofreu ferimentos em um dos braços. Os dois prestaram queixa na delegacia local, segundo a reportagem do G1.As imagens do vídeo mostram ainda que não há no carro que foi depredado qualquer vestígio de adesivo de Jair Bolsonaro. Também não há qualquer menção a isso na reportagem de onde o vídeo foi extraído.As duas postagens, denunciadas ao Aos Fatos por usuários do Facebook, foram feitas em perfis pessoais, que, assim, terão suas identidades preservadas. Ambas, viralizaram rapidamente desde que foram publicadas.A primeira delas, de 3 de setembro, conta hoje com mais de 1 milhão de visualizações e 50 mil compartilhamentos. A segunda, mais recente, é da última terça-feira e viralizou rapidamente: 1,4 milhão de visualizações e 75 mil compartilhamentos no Facebook.TwitterFacebookEmailWhatsAppLeia tambémCinco fatos sobre migraçãoNão é verdade que Moro afastou promotor do caso Queiroz e delegado que investiga morte de MarielleHomem em foto com Flávio Bolsonaro é assessor do senador, não acusado de matar Marielle]"	1
15	Lulinha embolsou R$ 317 milhões e atribui informação a delação inexistente	"Post diz que Lulinha embolsou R$ 317 milhões e atribui informação a delação inexistentePost diz que Lulinha embolsou R$ 317 milhões e atribui informação a delação inexistenteTwitterFacebookE-mailWhatsAppPost diz que Lulinha embolsou R$ 317 milhões e atribui informação a delação inexistente 13 de agosto de 2018, 17h30TwitterFacebookEmailWhatsAppTraz informações falsas e outras retiradas de contexto um texto sobre uma ""delação bomba"" atribuída a Fábio Luís Lula da Silva, o Lulinha, filho do ex-presidente Luiz Inácio Lula da Silva. Segundo a delação, que não existe, o filho do postulante ao Palácio do Planalto embolsou R$ 317 milhões.O conteúdo, reproduzido pelas páginas Jornal do País, News Atual (apagado posteriormente), The Jornal, GPS da Notícia, Pensa Brasil, Imagens e Notícias da Internet e Se Deus Quiser, além do Canal do Conservador no YouTube, foi checado pelo Comprova - coalizão de veículos de imprensa brasileiros do qual Aos Fatos é parceiro institucional (saiba mais).Confira abaixo, em detalhes, o que foi verificado.FALSODELAÇÃO BOMBA: Lulinha Embolsou R$ 317 MilhõesA informação de que uma ""delação bomba"" revelou que Lulinha - Fábio Luís Lula da Silva, filho do ex-presidente Lula - embolsou R$ 317 milhões voltou a circular nas redes sociais depois da confirmação da candidatura de Lula à presidência na convenção do PT realizada em 4 de agosto.O Comprova verificou que a delação a que o título do post se refere não existe, e sequer é mencionada no texto, e que a informação é falsa. A publicação acusa o filho de Lula de ter recebido sozinho o que, na verdade, é o montante de toda a receita da Gamecorp, empresa do qual é sócio, num período de 11 anos. A postagem também omite que os fatos relatados ocorreram em 2016.A informação que agora viralizou foi publicada na tarde de 4 de agosto no site News Atual e outros sites replicaram a notícia. Versões desse mesmo texto circulam desde 2016.A ""delação bomba"" que aparece no título não é citada no texto porque não existe. Uma reportagem de junho de 2016, do site G1, ajudou a esclarecer em que contexto houve uma citação a Lulinha e à Gamecorp em uma delação. O caso foi citado por Roberto Trombeta, um contador ligado à montadora Caoa, em um acordo de colaboração premiada, firmado em abril de 2016. Ele afirmava que fez pagamentos de R$ 300 mil do Grupo Caoa para a Gamecorp. Trombeta teve sua colaboração colocada em sigilo de Justiça após descumprir sua parte do acordo.A informação foi confirmada pelo Comprova junto ao Ministério Público Federal do Paraná (MPF-PR). Trombeta foi condenado em maio de 2018 no âmbito da Operação Lava Jato. Já o grupo Caoa é alvo da Operação Acrônimo, braço da Zelotes, que também investiga o ex-presidente Luiz Inácio Lula da Silva.Na sequência, a postagem menciona um laudo técnico da Polícia Federal, que revela que a empresa Gamecorp, que tem entre os sócios Fábio Luís Lula da Silva, faturou mais de R$ 317 milhões entre 2005 e 2016. Esse laudo realmente existe e a equipe do Comprova teve acesso a ele. O laudo faz parte de um dos inquéritos derivados da Operação Aletheia, a 24ª fase da Operação Lava Jato, que mirou Lula em 2016. A Gamecorp e Fábio Luís foram alvo de mandados de busca e apreensão nesta operação, mas não constam como réus em nenhum dos processos da Lava Jato na primeira instância.Esse laudo da PF analisou 12 contas bancárias da Gamecorp. O valor de R$ 317 milhões corresponde ao total de dinheiro que entrou nestas contas entre 07/01/2005 e 16/02/2016. As saídas nesse período foram de R$ 321 milhões. O laudo não apresenta conclusões sobre possíveis irregularidades cometidas nas movimentações financeiras da empresa.As demais informações citadas no texto também foram retiradas de contexto e são colagens de diversas notas publicadas sobre a Operação Lava Jato, já que as outras empresas também são citadas na investigação. O laudo da PF, mencionado como fonte, só se refere à movimentação financeira da Gamecorp.Além disso, a PF também elaborou um laudo pericial em relação ao patrimônio de Fábio Luís Lula da Silva, ao qual a equipe do Comprova também teve acesso. No período entre 2004 e 2014, semelhante ao avaliado na Gamecorp, Lulinha teve cerca de R$ 5,2 milhões de rendimentos brutos - aproximadamente R$ 3,8 milhões foram oriundos da distribuição de lucros da empresa G4 Entretenimento e Tecnologia, também de sua propriedade. A conclusão da perícia é de que a evolução patrimonial foi compatível com as sobras financeiras e que não havia irregularidades nas movimentações.Aos Fatos é parceiro institucional do Comprova. Por meio dessa parceria, reproduz gratuitamente o conteúdo gerado pelo consórcio e presta consultoria sem contrapartida sobre tecnologia em checagem de fatos. A iniciativa é uma coalizão de 24 veículos de imprensa cujo objetivo é combater a desinformação durante as eleições presidenciais. TwitterFacebookEmailWhatsAppLeia tambémCinco fatos sobre migraçãoNão é verdade que Moro afastou promotor do caso Queiroz e delegado que investiga morte de MarielleHomem em foto com Flávio Bolsonaro é assessor do senador, não acusado de matar Marielle]"	1
16	É #FAKE que advogado de manifesto em apoio a Haddad defende homem que esfaqueou Bolsonaro	"""É #FAKE que advogado de manifesto em apoio a Haddad defende homem que esfaqueou Bolsonaro""Antônio Carlos de Almeida Castro, conhecido como Kakay, não é o advogado de Adélio Bispo. Circula nas redes sociais imagem do advogado criminalista Antônio Carlos de Almeida Castro, o Kakay, ao lado do candidato à Presidência pelo PT, Fernando Haddad, acompanhada da seguinte frase: ""Um dos advogados do Adélio"". A informação é #FAKE.A foto começou a circular com frequência nas redes após Kakay, advogado que já defendeu políticos como Ciro Nogueira e Romero Jucá, ter assinado na semana passada um manifesto com mais de mil juristas e advogados que diz que Haddad é o único que pode garantir a continuidade do regime democrático.Kakay afirma que não é o advogado de Adélio Bispo: ""Sou advogado criminal e soube agora que estes bandidos que habitam o sub mundo , que usam as fakes news para denigrir as pessoas nas redes sociais, estão espalhando uma foto minha com o Haddad e dizendo, irresponsável e criminosamente, que eu seria advogado deste maluco que praticou o bárbaro crime contra o Bolsonaro"".""Não conheço, nunca vi e não sou advogado deste tal Adélio. Esta notícia é falsa e faz parte deste conjunto de crimes que diariamente está perpetrado contra a sociedade brasileira e contra a democracia. Tomarei todas as medidas judiciais para encontrar estes fascínoras, que agem nas sombras e no covarde anonimato. Criminosos que atentam contra a soberania nacional ao tentarem interferir no processo eleitoral. Se ousam atentar contra o Supremo Tribunal certamente se sente à vontade para atentar contra um advogado. Não passarão. A Constituição vai prevalecer"", diz, em nota.Procurado pelo G1, Zanone Junior, um dos advogados de Adélio e que já trabalhou nos casos do goleiro Bruno e da missionária americana Dorothy Stang, diz que já realizou palestras em eventos em que Kakay também palestrou, mas que ele não tem qualquer relação com o caso. ""Não tem nenhum processo que eu milite que Kakay esteja junto"", afirma.Zanone e os outros advogados de Adélio não assinam o manifesto de apoio a Haddad. "	1
17	O Aécio Neves foi afastado da presidência do partido.	"Os erros e acertos de Alckmin no Jornal Nacional e na GloboNewsOs erros e acertos de Alckmin no Jornal Nacional e na GloboNewsTwitterFacebookE-mailWhatsAppOs erros e acertos de Alckmin no Jornal Nacional e na GloboNewsPor Ana Rita Cunha e Luiz Fernando Menezes 30 de agosto de 2018, 02h30TwitterFacebookEmailWhatsAppO ex-governador de São Paulo e candidato à Presidência da República, Geraldo Alckmin, errou ao afirmar que Aécio Neves foi afastado da presidência do PSDB em entrevista nesta quarta-feira (29) ao Jornal Nacional da TV Globo. Na entrevista ao Jornal das 10, da GloboNews, Alckmin errou dados sobre evasão escolar.Aos Fatos checou seis declarações do candidato em ambos os programas. Veja, abaixo, o resultado.FALSOO Aécio Neves foi afastado da presidência do partido. [...] Só fui eleito presidente do PSDB porque ele foi afastado.O senador Aécio Neves (PSDB-MG) não foi afastado pelo partido - como afirmou Alckmin em entrevista ao Jornal Nacional - foi ele quem tomou a decisão de deixar a presidência do PSDB em maio de 2017. Após ser afastado do cargo de senador pelo ministro do STF (Supremo Tribunal Federal) Edson Fachin, relator da Lava Jato, o político anunciou a saída da presidência do PSDB. A declaração de Alckmin, portanto, é FALSA.Aécio é réu sob acusação de crimes de corrupção passiva e obstrução de justiça. Em abril de 2017, a 1ª Turma do STF aceitou denúncia da Procuradoria Geral da República contra o senador. Na ação, o senador é acusado de solicitar, em conversa gravada pela Polícia Federal, R$ 2 milhões em propina a Joesley Batista para poder pagar um advogado para defendê-lo na Operação Lava Jato. Além dele, também estão sendo investigados Andrea Neves (irmã de Aécio), Frederico Pacheco (primo de Aécio) e Mendherson Souza Lima (ex-assessor do senador mineiro Zezé Perrella).Além de ser réu, Aécio é alvo de outros oito inquéritos. Em três deles há uma organização entre membros de partidos aliados e do próprio PSDB. O primeiro aconteceu durante as eleições de 2010: a Odebrecht, segundo dois delatores, teria repassado R$1,8 milhão em 2009 e R$5,47 milhões em 2010 em vantagens indevidas como pretexto de doações para campanha eleitoral de Aécio e Antonio Anastasia (PSDB-MG). Há um outro caso, de 2010, quando Sérgio Machado, ex-diretor da Transpetro, disse que houve um esquema para ""ajudar financeiramente"" 50 deputados que garantiriam o apoio à eleição de Aécio para presidência da Câmara, em 2000. O terceiro é de 2014, quando o senador estava fazendo campanha eleitoral para a presidência. De acordo com o delator Benedicto Barbosa da Silva Júnior, Aécio teria pedido R$ 6 milhões via caixa 2 para a Odebrecht a fim de distribuir a quantia para aliados que também eram candidatos.Em maio, Fachin, relator da Lava Jato no Supremo Tribunal Federal (STF), mandou afastar o presidente nacional do PSDB, Aécio Neves, das funções de senador. Decisão que foi revertida por por liminar, em junho, pelo ministro do STF Marco Aurélio Mello. Em seguida, a 1° Turma do STF decidiu, por três votos a dois, afastar Aécio Neves do mandato de senador e determinar o recolhimento noturno dele em casa, em um processo a que o ele responde por obstrução de Justiça e corrupção passiva.No entanto, Aécio aguardou ainda a decisão de seus colegas do Legislativo para saber se a imposição ia ou não ser acatada. Em outubro, o Senado julgou o caso de Aécio, que teve o afastamento derrubado por 44 a 26 (você pode conferir como votou cada senador aqui). O PSDB, inclusive, publicou uma nota explicando o voto de seus senadores: ""deve-se única e exclusivamente à nossa convicção de que todo e qualquer cidadão tem direito à ampla defesa e ao contraditório"".Atualmente, Aécio Neves é candidato a deputado federal pelo PSDB em Minas Gerais.FALSOHoje, de cada 100 alunos, 41 não terminam o ensino médio. Tem uma taxa de evasão escolar de 41%.Alckmin errou, e muito, a taxa de evasão escolar no ensino médio: é, na verdade, de 11,2%. Ou seja, de cada 100 alunos que se matriculam no ensino médio, 11 não concluem os estudos, de acordo com levantamento do Inep, referente aos anos de 2014 e 2015 (dado mais recente). Essa proporção é muito menor do que a apontada pelo candidato do PSDB e, por isso, a declaração foi considerada FALSA.O ex-governador possivelmente se refere ao levantamento da ONG Todos Pela Educação que aponta que 40,8% dos jovens com 19 anos ainda não terminaram o ensino médio. A pesquisa usa dados da Pnad Contínua, do IBGE, de 2017. Esse dado, no entanto, não quer dizer que 40,8% desses jovens saíram da escola. Na verdade, a informação chama atenção para o alto índice de distorção idade-série. Os dados do Inep com base no Censo Escolar mostram que 32,8% dos alunos matriculados no 1° ano do ensino médio têm dois ou mais anos de atraso - ou seja, entram no ensino médio com mais de 17 anos.Ao ser questionado a respeito de propostas para a área da educação, Alckmin apresentou o dado para defender a meta de governo de reduzir em 50% a taxa de evasão escolar do ensino médio.IMPRECISO[Há] 143 empresas estatais, 43 [foram criadas] só no governo do PT.Por mais que o primeiro número citado por Alckmin esteja praticamente correto, o segundo - em relação às estatais criadas nos governos petistas - está subestimado.Na verdade, o Brasil possui 144 empresas estatais ativas segundo o último Boletim das Empresas Estatais do SIEST. Segundo os dados do Ministério do Planejamento, foram criadas 23 empresas estatais no governo Lula e 33 no governo de Dilma Rousseff. Ou seja, na verdade, foram criadas 56 empresas estatais nos anos petistas. Aos Fatos já checou essa informação anteriormente, quando ela foi dita pelo candidato Alvaro Dias.Esse número também foi citado em agosto de 2016 em uma nota no site do PSDB. O texto indica como fonte da informação um estudo do Instituto Teotônio Vilela, do próprio partido, intitulado ""Afinal, para que tanta estatal?"". No entanto, o levantamento aponta ainda um número diferente: 41 estatais petistas.VERDADEIROVocê sabe quantos presos em São Paulo? 228 mil presos (...). Nós temos 22% da população brasileira, 35% da população carcerária.Os números citados pelo ex-governador Geraldo Alckmin durante sua entrevista no Jornal Nacional para argumentar que o Estado de São Paulo prende muito estão bem próximos dos corretos. Portanto, por aproximação, a afirmação é VERDADEIRA.De acordo com o Infopen 2016 (Levantamento Nacional de Informações Penitenciárias de junho de 2016), o último divulgado, o estado de São Paulo concentra 33,1% de toda a população prisional do país. Isso significa que o estado possuía, naquela época, 240 mil dos 726 mil presos.São Paulo, no entanto, não é o estado brasileiro com a maior taxa de aprisionamento do país. Com índice de 536,5 presos para cada 100 mil habitantes, SP registra a quarta maior taxa. O estado fica atrás do Mato Grosso do Sul (696,7), do Acre (656,8) e de Roraima (606,1).Os números de Alckmin em relação à população total do estado também são bem próximos da realidade. Segundo as Estimativas da População Residente no Brasil do IBGE, o Brasil possui atualmente 208,5 milhões de habitantes. São Paulo reúne 45,5 milhões. Sendo assim, o estado concentra cerca de 21,8% de toda a população brasileira.VERDADEIROO PTC não me apoia. Ele apoia outro candidato.De fato, o PTC não é da coligação do PSDB para as eleições presidenciais. Compõem a coligação o PTB, o PP, o PR, o DEM, o Solidariedade, o PPS, o PRB e o PSD. O PTC, na verdade, apoia a candidatura de Alvaro Dias, do Podemos, junto com os partidos PRP e PSC.Apesar de não participar da chapa à Presidência, o PTC está coligado ao PSDB em quatro estados. Em Alagoas, o PSDB é vice na chamada de Fernando Collor que concorre ao governo do estado. Em outros três estados é o PTC quem faz parte da coligação de candidatos do PSDB como: Eduardo Amorim, candidato do PSDB ao governador de Sergipe, Antonio Anastasia, candidato ao governo de Minas Gerais, e João Doria, candidato ao governo de São Paulo.A declaração do tucano veio em resposta a um questionamento da apresentadora do Jornal Nacional sobre as alianças do PSDB. Segundo o jornal, há contradição quando Alckmin diz que só trabalha com ""bons quadros"" dos partidos, mas é apoiado pelo PTC, partido do ex-presidente Fernando Collor de Melo. Após a confusão, Renata Vasconcellos se corrigiu: na verdade ela se referia ao apoio do PSDB à candidatura de Collor ao governo de Alagoas, e não o contrário.De fato, o PSDB de Alagoas não lançou candidatura ao governo e está apoiando Fernando Collor de Melo. Inclusive, os tucanos indicaram um vice à chapa: Kelmann Vieira, vereador de Maceió desde 2012. O apoio foi uma determinação dos partidos do centrão e chegou a gerar repercussões dentro do próprio PSDB: Thereza Collor, candidata à deputada federal pelo PSDB, disse lamentar a aliança: ""É muito triste para mim, que cortei da própria carne para combater esquemas nefastos para o Brasil, ver meu próprio partido, ao qual estou filiada há 20 anos, se aliar regionalmente à esta candidatura ao governo de Alagoas"".Aos Fatos não encontrou declarações de Alckmin sobre essas articulações antes da entrevista no Jornal Nacional. Nesta quarta-feira, durante o programa jornalístico da TV Globo, ele disse que essa aliança ""nada tem a ver"" com ele e que se trata de ""um assunto local"".VERDADEIRONós subimos, em São Paulo, quase o dobro do Brasil [na nota do Pisa]. O Brasil subiu 11, nós subimos praticamente 22 [nos últimos nove anos].A nota de São Paulo no Pisa (Programa Internacional de Avaliação de Estudantes), exame trienal de avaliação da formação educacional básica coordenado pela OCDE, subiu 22 pontos de 2006 a 2015 (resultado mais recente disponível), como afirmou Alckmin. O candidato do PSDB também acertou a variação da nota nacional, que subiu 11 pontos.Em 2006, a média das notas de São Paulo em matemática, leitura e ciências - as três áreas testadas no Pisa - foi de 382 pontos. Essa média passou para 404 pontos em 2015. Em 2009 e 2012, a média de São Paulo no Pisa foi de 409 e 414 pontos, respectivamente. Isso indica que apesar do crescimento ao longo dos últimos 9 anos, a nota paulista na prova teve queda entre 2012 e 2015. De 2006 a 2015, as notas de matemática do estado tiveram alta de 16 pontos, enquanto as de leitura e ciências subiram 25 e 24 pontos, respectivamente.No Brasil, a média das notas de matemática, leitura e ciências ficou em 384 pontos em 2006, saltando para 395 pontos em 2015. Em 2009, a média nacional foi de 401 pontos e alcançou 402 pontos em 2012. Assim como no caso paulista, a nota do Brasil também teve queda entre 2012 e 2015. As notas nacionais em matemática cresceram sete pontos, as de leitura, 14, e as de ciências, 11 pontos entre os exames de 2006 e 2015O Pisa é um exame aplicado de forma amostral a estudantes matriculados a partir do 7º ano do ensino fundamental na faixa etária dos 15 anos. As provas de 2018 foram aplicadas em maio deste ano, mas os resultados só devem ser divulgados no segundo semestre de 2019.TwitterFacebookEmailWhatsAppLeia tambémCinco fatos sobre migraçãoNão é verdade que Moro afastou promotor do caso Queiroz e delegado que investiga morte de MarielleHomem em foto com Flávio Bolsonaro é assessor do senador, não acusado de matar Marielle]"	1
18	É #FAKE que presidente da OAB aparece em foto ao lado de Battisti. Circula pelas redes sociais uma imagem de um grupo de pessoas ao lado de Cesare Battisti com uma legenda que diz que o homem de camisa preta atrás do italiano é o novo presidente da Ordem dos Advogados do Brasil (OAB), Felipe Santa Cruz.	É #FAKE que presidente da OAB aparece em foto ao lado de BattistiHomem apontado como Felipe Santa Cruz é na verdade, André Vitral, que foi diretor de comunicação da UNE. Circula pelas redes sociais uma imagem de um grupo de pessoas ao lado de Cesare Battisti com uma legenda que diz que o homem de camisa preta atrás do italiano é o novo presidente da Ordem dos Advogados do Brasil (OAB), Felipe Santa Cruz. A mensagem é #FAKE.O homem de camisa preta atrás de Battisti é, na verdade, André Vitral, que já foi diretor de comunicação da UNE (União Nacional dos Estudantes). O próprio André Vitral, na data da foto, fez um post no Twitter revelando que esteve ao lado de Battisti. A postagem foi feita no dia 17 de novembro de 2009, quando ocupava o cargo na entidade estudantil.A irmã de André, Carina Vitral, ex-presidente da UNE, fez um post nesta semana alertando ao público que o homem que aparece na foto é seu irmão - que chegou a ser confundido também com um dos filhos do ex-presidente Lula.O encontro, registrado pelo fotógrafo José Cruz, da Agência Brasil, ocorreu quando Battisti, preso na época no presídio da Papuda, em Brasília, recebeu a visita de um grupo de parlamentares das comissões de Direitos Humanos do Senado e da Câmara dos Deputados. Era véspera de uma decisão do Supremo Tribunal Federal (STF) sobre sua extradição.A OAB divulgou uma nota em que diz que o presidente da instituição não está na foto e destaca que o compartilhamento de mensagens falsas pode ocasionar sanções penais aos responsáveis pela propagação das mentiras.O italiano Cesare Battisti foi preso há um mês em Santa Cruz de La Sierra, na Bolívia. A prisão foi feita pela polícia boliviana.No dia 14 de janeiro, Battisti chegou à Itália após quase 40 anos foragido e foi levado para um presídio na Sardenha. Ele irá cumprir pena por quatro assassinatos pelos quais foi condenado no seu país.Vídeo: Veja como identificar uma mensagem falsa 	1
19	A postagem é #FAKE. As imagens, na verdade, são de 29 de outubro de 2016 e foram gravadas durante a inauguração de uma reforma Autódromo Internacional de Interlagos.	"""É #FAKE a postagem que diz que Haddad chegou ao aeroporto de Congonhas em uma Ferrari ""Imagens, na verdade, foram gravadas durante inauguração de obras no Autódromo de Interlagos em 2016, e o carro não era dele. Circula nas rede sociais um vídeo que mostra o candidato do PT à Presidência da República, Fernando Haddad, saindo de uma Ferrari amarela. O texto que acompanha o vídeo diz que as imagens registram a chegada de Haddad ao Aeroporto de Congonhas, em São Paulo. A postagem é #FAKE.As imagens, na verdade, são de 29 de outubro de 2016 e foram gravadas durante a inauguração de uma reforma Autódromo Internacional de Interlagos.Haddad, que à época era o prefeito de São Paulo, participou da solenidade e foi convidado a fazer um passeio na pista. O carro não era dele.Neste domingo (14), Haddad comentou o fato:Além disso, a relação de bens declarados por Haddad ao Tribunal Superior Eleitoral (TSE) não inclui nenhum veículo. "	1
20	Imagem que circula em redes sociais é de uma escavação feita na Argentina em 2003, onde foram achados 135 cadáveres.	" #Verificamos: Imagem de ossadas em vala clandestina não é do Brasil, e sim da ArgentinaFoto que circula em redes sociais é de uma escavação feita no país vizinho em 2003, onde foram achados 135 cadáveresCircula nas redes sociais uma imagem que mostra homens escavando um local onde há esqueletos humanos. A publicação afirma que se trata de ossadas que teriam sido enterradas durante a ditadura militar brasileira. Por meio do projeto de verificação de notícias, usuários do Facebook solicitaram que esse material fosse analisado. Confira a seguir o trabalho de verificação da Lupa:""Em São Paulo, arqueólogos escavaram a Vala de Perus que foi utilizada para descartar corpos durante a ditadura militar, foram mais de 1.000 ossadas encontradas. Se vc acha que há razões para comemorar essa data, procure um psicólogo!""Imagem que até às 16h40 do dia 27 de março de 2019 já tinha mais de 3,6 mil compartilhamentos no FacebookFALSOA imagem verificada pela Lupa não é da ""vala de Perus"", mas sim de uma escavação feita na região de San Vicente, Córdoba, na Argentina. Assim, não se refere à ditadura militar brasileira. A escavação registrada na foto, feita pela Equipe Argentina de Antropologia Forense (EAAF), iniciou em 2002. Um jornal argentino apontou que 135 cadáveres foram retirados da vala clandestina em 2003. Desses, 60 mostravam ""traços de mortes violentas"", o que, segundo a publicação, poderia indicar que as mortes ocorreram durante o período da ditadura militar argentina. A chamada vala de Perus, citada na publicação, fica no cemitério Dom Bosco, em Perus, bairro da zona norte de São Paulo. O local foi descoberto em 1990, quando 1.049 ossadas não-identificadas foram retiradas de uma vala clandestina. O cemitério foi inaugurado em 1971 e, segundo registros, recebia corpos de indigentes e pessoas não-identificadas. Quatro ossadas retiradas da vala de Perus foram identificadas por um grupo de trabalho comandado pela Comissão dos Mortos e Desaparecidos Políticos. A mais recente é de Dimas Antonio Casemiro, identificada em dezembro de 2018. Ele desapareceu em 1971. Nota: esta reportagem faz parte do projeto de verificação de notíciasno Facebook. Dúvidas sobre o projeto? Entre em contato direto com o Facebook.Editado por: Natália Leal e Maurício Moraes"	1
21	Padre Fábio de Melo não publicou mensagem com comentários contra LGBTs e a favor de Bolsonaro.	"Padre Fábio de Melo não publicou mensagem com comentários contra LGBTs e a favor de BolsonaroPadre Fábio de Melo não publicou mensagem com comentários contra LGBTs e a favor de BolsonaroTwitter<a href=""#"" data-url=Não é de autoria do padre Fábio de Melo um texto que circula nas redes sociais com críticas à comunidade LGBT, classificada na mensagem como ""doença mental, esquizofrenia social"". O texto, na verdade, é reciclagem de um boato do ano passado. A postagem de agora foi editada com pequenas mensagens, como ""Resumiu tud"	1
22	É #FAKE que Lewandowski está em foto icônica da ditadura e que integrou MR-8	"""É #FAKE que Lewandowski está em foto icônica da ditadura e que integrou MR-8""Cartaz usa foto de perseguidos políticos trocados pelo embaixador Charles Elbrick e aponta o militante Ricardo Vilas Boas de Sá Rego como se fosse o ministro do STF. Circula pelas redes sociais um cartaz que identifica o ministro Ricardo Lewandowski, do Supremo Tribunal Federal (STF), como um dos integrantes da foto de perseguidos políticos libertados pela ditadura brasileira após o sequestro do embaixador Charles Elbrick em 1969. O cartaz diz também que o ministro integrou o Movimento Revolucionário 8 de Outubro, o MR-8. As mensagens são #FAKE.A assessoria do Supremo Tribunal Federal (STF) afirma que não há qualquer associação entre o ministro Ricardo Lewandowski e o grupo citado. Destaca ainda que Lewandowski possui formação militar como segundo-tenente da reserva do Exército, da Arma de Cavalaria, formado no Curso Preparatório de Oficiais da Reserva de São Paulo, em 1967, com estágio no 17° Regimento de Cavalaria de Pirassununga, São Paulo, em 1968.O STF diz que Lewandowski nunca foi filiado a partido político e não ocupou nenhum cargo comissionado no poder Executivo estadual ou federal. Ele exerce a magistratura desde 1990.O homem erroneamente identificado como Lewandowski na icônica foto é, na verdade, o doutor em antropologia, mestre em etnomusicologia e músico Ricardo Vilas Boas de Sá Rego. Procurado pelo G1, ele é enfático: ""A pessoa assinalada na célebre foto sou eu efetivamente"".Na imagem, há, inclusive, um erro na grafia do nome do ministro, com um ""i"" a mais. "	1
23	É #FAKE que vídeo com calçadão de Bangu alagado é de 2019	É #FAKE que vídeo com calçadão de Bangu alagado é de 2019Chuvas atingiram o Rio de Janeiro na segunda e nesta terça-feira e deixaram a cidade em estágio de crise. Vídeo, porém, é antigo e já circulava na internet em janeiro deste ano. Mensagem compartilhada nas redes sociais é falsa. Um vídeo compartilhado em grupos no WhatsApp e nas redes sociais mostra o calçadão de Bangu, na Zona Oeste do Rio de Janeiro, completamente alagado em meio à chuva. A mensagem compartilhada diz que as imagens foram feitas na manhã desta terça-feira (9), após a cidade entrar em estágio de crise. No entanto, o texto que acompanha o vídeo é #FAKE.A cena retratada, na verdade, é antiga e não mostra a situação do bairro nesta terça-feira. A equipe do Fato ou Fake encontrou uma postagem de 22 de janeiro de 2018 no YouTube com as mesmas imagens. Na época, como mostrou o EXTRA, em apenas uma hora, foram registrados quase 50% da média de chuva prevista para o mês de janeiro em Bangu, segundo o Sistema Alerta Rio, e a região ficou alagada.Como consequências da chuva que ainda atinge o Rio, muitas vias da cidade ficaram interditadas. Segundo o Centro de Operações da prefeitura (COR), porém, não havia pontos de congestionamento na cidade. 	1
24	É #FAKE imagem que mostra Flávio Bolsonaro com camiseta com ofensas a nordestinos	"""É #FAKE imagem que mostra Flávio Bolsonaro com camiseta com ofensas a nordestinos""Imagem é montagem. Foto original é do dia em que Flávio votou em colégio na Tijuca, no RJ, nas eleições de outubro de 2016.  Circula pelas redes sociais uma imagem em que Flávio Bolsonaro, filho de Jair Bolsonaro e candidato ao Senado no RJ, aparece com uma camiseta estampada com a frase ""Movimento nordestinos voltem pra casa. O Rio não é lugar para jegue"". É #FAKE. A imagem, na verdade, é uma montagem.A montagem foi feita em cima de foto divulgada em reportagem do G1 no dia 2 de outubro de 2016, data do primeiro turno das eleições municipais. Na ocasião, Flávio é fotografado ao chegar a Escola Municipal Barão Homem de Mello, na Tijuca, junto com o seu pai, Jair Bolsonaro, para votar.A reportagem contém a imagem original, com Flávio usando a camiseta, que, na verdade, é lisa e não possui estampa ou qualquer frase.O próprio candidato também divulgou nas redes sociais que trata-se de ""fake news"": "	1
25	O suspeito [de ter atacado Bolsonaro] seria um filiado ao PDT.	"Não é verdade que agressor de Bolsonaro é filiado ao PDTNão é verdade que agressor de Bolsonaro é filiado ao PDTTwitterFacebookE-mailWhatsAppNão é verdade que agressor de Bolsonaro é filiado ao PDT 6 de setembro de 2018, 19h56TwitterFacebookEmailWhatsAppÉ FALSA a informação que está sendo veiculada por sites como FolhaMax e Luis Cardoso, além de redes como o WhatsApp, sobre o ataque a faca que o postulante ao Palácio do Planalto, Jair Bolsonaro (PSL), ter sido feito por um filiado ao PDT. Adelio Bispo de Oliveira, que admitiu a agressão à polícia na tarde desta quinta-feira (6), nunca foi filiado à sigla, segundo informações do Tribunal Superior Eleitoral.Aos Fatos está checando as informações acerca do ataque ao candidato do PSL à Presidência, Jair Bolsonaro, nesta quinta-feira. Informações equivocadas sobre esse tema foram marcadas como FALSAS na ferramenta de verificação do Facebook. Leia toda a cobertura aqui.Abaixo, o que verificamos.FALSOO suspeito [de ter atacado Bolsonaro] seria José Adélio Bispo de Oliveira, filiado ao PDT mineiroÉ FALSO que o agressor era filiado ao PDT. A afirmação faz uma confusão com os nomes de um filiado ao PDT e o autor do ataque. Quem atacou Bolsonaro e já está preso tem o nome ""Adelio Bispo de Oliveira"". Já ""José Adelio Bispo de Oliveira"" é outra pessoa, também de Minas Gerais, e filiado ao PDT desde 1992. Ou seja, trata-se de uma confusão apenas porque o nome de ambos é muito parecido.Como explicado por Aos Fatos em outra reportagem, o único ""Adélio Bispo de Oliveira"" que consta das filiações do TSE é o que foi filiado ao PSOL de 2007 a 2014.TwitterFacebookEmailWhatsAppLeia tambémCinco fatos sobre migraçãoNão é verdade que Moro afastou promotor do caso Queiroz e delegado que investiga morte de MarielleHomem em foto com Flávio Bolsonaro é assessor do senador, não acusado de matar Marielle]"	1
26	Jair Bolsonaro não foi eleito personalidade do ano pela revista Time.	"Bolsonaro não foi eleito personalidade do ano pela revista TimeBolsonaro não foi eleito personalidade do ano pela revista TimeTwitterFacebookE-mailWhatsAppBolsonaro não foi eleito personalidade do ano pela revista TimePor Luiz Fernando Menezes 21 de fevereiro de 2019, 16h28TwitterFacebookEmailWhatsAppÉ falsa a capa da revista norte-americana Time que estampa o presidente Jair Bolsonaro (PSL) com o título de personalidade do ano. A imagem que circula nas redes sociais é uma montagem com o rosto do mandatário brasileiro sobre a reprodução da capa original, que traz o presidente dos EUA, Donald Trump.Publicada por um perfil pessoal no Facebook, a peça de desinformação já foi compartilhada mais de 9.400 vezes. A publicação foi marcada com o selo FALSO na ferramenta de verificação da rede social (entenda como funciona). Leitores do Aos Fatos também enviaram a capa falsa como sugestão de checagem no WhatsApp (veja como participar).FALSOPerson of the Year Time: Jair Bolsonaro, president of the Federative Republic of BrazilA imagem que circula nas redes sociais com o rosto de Bolsonaro é uma montagem com a capa de 2016 da revista Time, que havia concedido o título de personalidade daquele ano ao presidente Donald Trump. Veja abaixo:Outra característica que prova a falsidade da imagem é a titulação de Bolsonaro, que é chamado de ""presidente da República Federativa do Brasil"". Portanto, a capa poderia ser apenas de 2018 ou de 2019. No ano passado, a revista elegeu um grupo de jornalistas como personalidades do ano. O vencedor de 2019 só será conhecido no final deste ano.Vale ressaltar que Bolsonaro, chegou a integrar a enquete da revista sobre os nomes que deveriam estar entre os finalistas da homenagem em 2018, mas não conseguiu chegar aos dez finalistas.No canto inferior esquerdo, a montagem traz assinatura e contato do que seria o autor da capa falsa: Sylvio Montenegro. Procurado por Aos Fatos pelo e-mail informado na peça, ele não havia retornado até a publicação desta checagem.Essa não é a primeira vez que uma montagem retrata o presidente Jair Bolsonaro como personalidade do ano na capa da Time. No final do ano passado, uma outra versão falsa chegou a circular nas redes sociais e foi checada pelos sites Fato ou Fake e Boatos.org.TwitterFacebookEmailWhatsAppLeia tambémCinco fatos sobre migraçãoNão é verdade que Moro afastou promotor do caso Queiroz e delegado que investiga morte de MarielleHomem em foto com Flávio Bolsonaro é assessor do senador, não acusado de matar Marielle]"	1
27	É #FAKE página que promove suposto processo seletivo dos Supermercados Guanabara	"""É #FAKE página que promove suposto processo seletivo dos Supermercados Guanabara""Página não faz parte dos canais oficiais da empresa, que utiliza o site para receber currículos. Uma página intitulada ""Supermercados Guanabara."" anunciou no Facebook postos de emprego para as lojas da rede. Segundo as mensagens, após as inscrições, o processo estava marcado para ocorrer na próxima sexta-feira. As publicações, no entanto, são #FAKE.Os anúncios se referem a diversas ocupações, como segurança, auxiliar de serviços gerais, operador de caixa, açougueiro e estoquista. Ao clicar na opção ""candidatar-se a esta vaga"", o usuário é redirecionado para uma página em que deve confirmar nome, telefone, e-mail, experiência e formação.No entanto, a página oficial do mercado no Facebook se chama ""Supermercados Guanabara"", sem o ponto final que existe na versão falsa. Em nota, a empresa esclarece que não utiliza o Facebook para prospectar funcionários, e que o site é o único meio oficial de cadastro de currículos.""A rede de Supermercados Guanabara esclarece que não haverá nenhum processo seletivo na próxima sexta-feira, 05 de abril. Reforça ainda que cadastros de currículos só podem ser realizados no site oficial da empresa (www.supermercadosguanabara.com.br)"", diz o texto.Não é a primeira vez que uma página falsa é criada para anunciar supostas vagas no Guanabara. Em dezembro do ano passado, ""RH Supermercados Guanabara"" também se passou por canal oficial da rede. A página segue no ar. "	1
28	"Montagem que circula nas redes sociais cria uma interação fictícia entre o presidente Jair Bolsonaro (PSL) e o autoproclamado presidente interino da Venezuela, Juan Guaidó, no Twitter, tendo como pano de fundo uma pida do ator José de Abreu, que se autoproclamou presidente do Brasil.Na peça de desinformação, o presidente brasileiro teria postado uma indireta para Abreu ao escrever ""Se autoproclamar presidente é fácil, quero ver governar"". Em resposta ao tweet, o colega venezuelano publicou: ""Um chefe de Estado não exerce a democracia pelo Twitter"". Nada disso existiu, na realidade."	"É uma montagem a interação de Guaidó com Bolsonaro no TwitterÉ uma montagem a interação de Guaidó com Bolsonaro no TwitterTwitterFacebookE-mailWhatsAppÉ uma montagem a interação de Guaidó com Bolsonaro no TwitterPor Luiz Fernando Menezes 11 de março de 2019, 16h09TwitterFacebookEmailWhatsAppMontagem que circula nas redes sociais cria uma interação fictícia entre o presidente Jair Bolsonaro (PSL) e o autoproclamado presidente interino da Venezuela, Juan Guaidó, no Twitter, tendo como pano de fundo uma piada do ator José de Abreu, que se autoproclamou presidente do Brasil.Na peça de desinformação, o presidente brasileiro teria postado uma indireta para Abreu ao escrever ""Se autoproclamar presidente é fácil, quero ver governar"". Em resposta ao tweet, o colega venezuelano publicou: ""Um chefe de Estado não exerce a democracia pelo Twitter"". Nada disso existiu, na realidade.A montagem foi publicada por páginas no Facebook, como a Nova Esquerda Pernambucana. Até a publicação desta checagem, cerca de 4.200 pessoas haviam compartilhado esta desinformação. Todas as publicações com o conteúdo enganoso foram marcadas por Aos Fatos com o selo FALSO na ferramenta de verificação do Facebook (entenda como funciona).FALSOBolsonaro: Se autoproclamar presidente é fácil, quero ver governar. Boa noite a todos! Juan Guaidó: Un jefe de estado no ejerce la democracia por el twitter.O tweet com a indireta para José de Abreu nunca foi postado por Bolsonaro, como pode ser verificado na ferramenta de Aos Fatos Tweets de Bolso, o banco de dados dos tweets e retweets do presidente, mesmo que tenham sido apagados. Não há nenhuma outra publicação semelhante no perfil do presidente.Em um tweet do dia 23 de janeiro, Bolsonaro diz que o Brasil o reconhece como presidente da Venezuela. É uma das únicas menções dele ao colega do país vizinho.Se o tweet de Bolsonaro é falso, a resposta de Guaidó também é. Aos Fatos não identificou mensagem com esse teor entre as respostas publicadas pelo autoproclamado presidente interino da Venezuela no Twitter.Dizendo que se inspira no presidente interino autoproclamado da Venezuela, Juan Guaidó, o ator José de Abreu se proclamou presidente do Brasil em seu Twitter no dia 25 de fevereiro. As postagens incluíram até uma foto do ator com a faixa presidencial. A piada, no entanto, não agradou Bolsonaro, que no dia 6 respondeu Abreu dizendo que iria processá-lo.Outro lado. Aos Fatos entrou em contato com a página Nova Esquerda Pernambucana para apontar os erros encontrados pela reportagem. A página, por mensagem, agradeceu ao alerta, disse que deletou a postagem de seu feed e prometeu que vai ""fortalecer a política de verificação de veracidade"".Esta checagem foi atualizada às 20h31 do dia 11 de março de 2019 para acrescentar a resposta da página Nova Esquerda Pernambucana.TwitterFacebookEmailWhatsAppLeia tambémCinco fatos sobre migraçãoNão é verdade que Moro afastou promotor do caso Queiroz e delegado que investiga morte de MarielleHomem em foto com Flávio Bolsonaro é assessor do senador, não acusado de matar Marielle]"	1
29	Temer defendeu o principal projeto de sua gestão com dados incorretos a respeito de tempo de contribuição, rombo nas contas e cálculo do benefício.	"Ao lado de Silvio Santos, Temer defende reforma da Previdência com dados incorretosAo lado de Silvio Santos, Temer defende reforma da Previdência com dados incorretosTwitterFacebookE-mailWhatsAppAo lado de Silvio Santos, Temer defende reforma da Previdência com dados incorretosPor Ana Rita Cunha e Tai Nalon 30 de janeiro de 2018, 03h30TwitterFacebookEmailWhatsAppO presidente Michel Temer fez uma participação no programa do apresentador Silvio Santos no último domingo (28). Numa ofensiva pela aprovação da reforma da Previdência na volta dos trabalhos do Congresso, Temer usou grande parte do tempo na TV para defender a proposta.Aos Fatos checou algumas de suas afirmações durante o programa e verificou que Temer defendeu o principal projeto de sua gestão com dados incorretos a respeito de tempo de contribuição, rombo nas contas e cálculo do benefício. Veja abaixo o resultado.EXAGERADOEste projeto de Previdência não alcança os mais pobres, aqueles que ganham um, dois, três salários mínimos.A afirmação do presidente é apenas verdadeira para trabalhadores que recebem até um salário mínimo, conforme o texto atual da reforma da Previdência. A Constituição prevê, em seu Artigo 201, que o benefício mínimo a ser oferecido ao aposentado é obrigatoriamente de um salário mínimo. ""Nenhum benefício que substitua o salário de contribuição ou o rendimento do trabalho do segurado terá valor mensal inferior ao salário mínimo"", diz o parágrafo 2º.Porém, trabalhadores que ganham dois ou três salários mínimos serão impactados pela mudança na forma do cálculo da aposentadoria e no recebimento de pensão por morte. Isso porque, de acordo com a proposta mais recente de reforma do governo, a aposentadoria passa a ser calculada com base em 100% dos salários recebidos. Na regra atual, são usados para o cálculo apenas 80% dos salários, excluindo os 20% menores.As mudanças na pensão por morte também afetam pessoas com mais de um salário mínimo. Pela proposta do governo, a pensão deixa de ser integral, passando a 50% do valor do benefício do segurado falecido mais 10% por dependente (incluindo a viúva ou viúvo). Além disso, há um limite de dois salários mínimos para quem acumular os benefícios de pensão por morte e aposentadoria.FALSOPega o caso do sujeito, Silvio, que só se aposenta aos 65 anos porque ele começa a contribuir. De repente, ele para a contribuição e daí ele não consegue fazer os 35 anos de contribuição. Então ele se aposenta aos 65 anos. Nós diminuímos isso para 15 anos. Ou seja, quem hoje ganha até um salário mínimo, por exemplo, ele pode se aposentar com 55, 56, 57 anos.A declaração do presidente é confusa e errada. Na proposta inicial de reforma previdenciária, apresentada em dezembro de 2016, o governo Temer aumentava de 15 para 25 anos o tempo mínimo de contribuição. No novo texto, apresentado em novembro de 2017, o governo voltou a colocar o tempo mínimo de contribuição em 15 anos.Tanto no texto original, quanto na nova versão, o objetivo da reforma é gradualmente acabar com a aposentadoria por tempo de contribuição. Isso significa que quem só contribuiu durante 15 anos não poderá se aposentar antes de 65 anos de idade, no caso dos homens, e 62, no caso das mulheres.Mesmo levando em conta as regras de transição, para conseguir aposentar com menos de 65 anos é necessário ter contribuído para a Previdência por, no mínimo, 35 anos. Ou seja, não será possível ter 15 anos de contribuição e se aposentar com ""55, 56, 57 anos"".IMPRECISOHoje, Silvio, a dívida previdenciária é de R$ 189 bilhões. No ano que vem, R$ 220 bilhões.A Previdência Social registrou um deficit nominal de R$ 182,4 bilhões, em 2017, segundo o último relatório divulgado pelo Ministério da Fazenda, em 22 de janeiro. Esse é o dado mais recente publicado pelo governo federal - e é R$ 6 bilhões abaixo do número citado por Temer.Em relação ao rombo previdenciário estimado para 2018, consta do Orçamento Geral da União previsão de deficit de R$ 192,842 bilhões apenas para os segurados da iniciativa privada, por meio do INSS (Instituto Nacional do Seguro Social). Na semana passada, o secretário de Previdência, Marcelo Caetano, afirmou que essa estimativa pode ser revista.Questionada a respeito da fonte dos números citados por Temer na TV, a assessoria da Presidência ainda não havia respondido às perguntas da reportagem.VERDADEIROA dívida previdenciária é tão grande, tão expressiva que lá [na Grécia e em Portugal] foi preciso cortar 30%, 40% dos vencimentos dos funcionários públicos.Portugal e Grécia enfrentaram uma forte crise econômica e descontrole nas contas públicas no fim da década passada. A partir de 2010, ambos os países iniciaram negociações a União Europeia e do FMI (Fundo Monetário Internacional). Em troca de suporte financeiro, os dois países aceitaram implementar medidas de austeridade que incluíam cortes nos salários de funcionários públicos.O governo português se comprometeu a reduzir, em média, 5% os salários - medida que só foi suavizada em 2015 e abolida em 2016. No acumulado dos últimos seis anos, os cortes ficam em torno de 30%.A Grécia se comprometeu nos acordos com a Troika, equipe composta pelo FMI, Banco Central Europeu e Comissão Europeia, a cortar bônus e salários dos funcionários públicos e pensionistas, além de reduzir o salário mínimo nacional. Entre 2010 e 2012, esses cortes chegaram a 30%.TwitterFacebookEmailWhatsAppLeia tambémCinco fatos sobre migraçãoNão é verdade que Moro afastou promotor do caso Queiroz e delegado que investiga morte de MarielleHomem em foto com Flávio Bolsonaro é assessor do senador, não acusado de matar Marielle]"	1
30	O advogado de agressor de Bolsonaro esteve em audiência de Lula	" #Verificamos: É falso que advogado de agressor de Bolsonaro esteve em audiência de LulaKakay não é defensor nem de Adélio Bispo nem do ex-presidente que foi ouvido em Curitiba nesta semana Circulam nas redes sociais imagens que ""informam"" que um dos advogados de Adélio Bispo, homem que esfaqueou Jair Bolsonaro em Juiz de Fora (MG) em setembro deste ano, teria participado da audiência do ex-presidente Luiz Inácio Lula da Silva nesta semana. Por meio do projeto de verificação de notícias, usuários do Facebook solicitaram que esse material fosse analisado. Confira a seguir o trabalho de verificação da Lupa:""Um dos advogados do Adélio na audiência do Lula""Frase que acompanha imagem (aqui, aqui, aqui, aqui e aqui) e que, até as 17h do dia 16 de novembro de 2018, já tinha mais de 59 mil compartilhamentos no FacebookFALSOO homem de óculos retangular e gravata vermelha que aparece na segunda foto da imagem analisada pela Lupa é o advogado criminalista Antônio Carlos de Almeida Castro, conhecido pelo pseudônimo Kakay e por atender a diversos políticos envolvidos em escândalos de corrupção. A Lupa entrou em contato com Kakay nesta sexta-feira (16) e, por WhatsApp, ele informou que não é advogado nem de Adélio Bispo, preso por ter esfaqueado o presidente eleito, Jair Bolsonaro, nem do ex-presidente Luiz Inácio Lula da Silva, condenado por corrupção e lavagem de dinheiro. Na manhã desta sexta-feira, Kakay chegou a gravar um vídeo em sua casa de praia em Trancoso (BA) para desmentir a ""notícia"" de que seria advogado de Adélio ou de Lula. Na gravação, ainda afirma que está na Bahia desde a quarta-feira, dia 14, quando o ex-presidente Lula foi interrogado na sede da Justiça Federal em Curitiba. À Lupa, Kakay afirmou que nunca esteve em nenhuma audiência do petista. Nos vídeos do depoimento do ex-presidente feitos na última quarta-feira, é possível ver com maior clareza que a pessoa na foto não é Kakay. A Lupa solicitou à Justiça Federal do Paraná informações que permitam identificar o cidadão, mas até a publicação desta checagem não havia tido retorno. Nesse mesmo vídeo, é possível ver que Lula é defendido por Cristiano Zanin e a equipe do escritório Teixeira, Martins Advogados. O boato de que Kakay seria defensor de Adélio, além de falso, também é antigo. Em 25 de outubro a Lupa desmentiu a informação. Na ocasião, Kakay enviou nota com a seguinte declaração: ""Não conheço, nunca vi e não sou advogado deste tal Adélio. Esta notícia é falsa e faz parte deste conjunto de crimes que diariamente está perpetrado contra a sociedade brasileira e contra a democracia. Tomarei todas as medidas judiciais para encontrar estes facínoras, que agem nas sombras e no covarde anonimato. Criminosos que atentam contra a soberania nacional ao tentarem interferir no processo eleitoral. Se ousam atentar contra o Supremo Tribunal certamente se sente à vontade para atentar contra um advogado. Não passarão. A Constituição vai prevalecer"". Ao todo, 17 advogados atuam na defesa de Adélio. Eles são de Minas Gerais, Pará, Distrito federal e Rio Grande do Sul. Nenhum deles é Kakay. *Nota: esta reportagem faz parte do projeto de verificação de notícias no Facebook. Dúvidas sobre o projeto? Entre em contato direto com o Facebook.Editado por: Cristina Tardáguila"	1
31	A Polícia Rodoviária Federal deteve nessa tarde, próximo à cidade de Itaguará, cerca de 68 km de Brumadinho, um venezuelano e um cubano. O carro em que viajam estava em alta velocidade, houve troca de tiros e um terceiro homem foi morto durante a perseguição.	" #Verificamos: Polícia Rodoviária Federal não prendeu terroristas por explodir barragem em BrumadinhoPRF já desmentiu texto que começou a circular no WhatsApp e também foi publicado no FacebookUm texto publicado no Facebook afirma que a Polícia Rodoviária Federal (PRF) prendeu no último sábado (26) um venezuelano e um cubano suspeitos de terem explodido a barragem da Vale em Brumadinho (MG). O rompimento da estrutura, que ocorreu na sexta-feira (25), deixou mortos e desaparecidos. Por meio do projeto de verificação de notícias, usuários da rede social solicitaram que esse material fosse analisado. Confira a seguir o trabalho de verificação da Lupa:""A Polícia Rodoviária Federal deteve nessa tarde, próximo à cidade de Itaguará, cerca de 68 km de Brumadinho, um venezuelano e um cubano. O carro em que viajam estava em alta velocidade, houve troca de tiros e um terceiro homem foi morto durante a perseguição""Trecho de post que, até as 12 horas do dia 28 de janeiro de 2019, tinha sido compartilhado mais de 270 vezes no FacebookFALSOAlém do post acima, pelo menos outras três cópias da mesma ""notícia"" circulavam na rede social e havia sido marcadas pelos usuários do Facebook como potencialmente falsas. Outra delas citava o WhatsApp como origem da mensagem e todas atribuíam a fonte ao Observatório da Direita Brasileira (ODB). A Lupa não localizou sites ou páginas do Facebook com esse nome, mas classifica como falso o conteúdo do texto analisado. Por meio de uma nota oficial emitida no último sábado (26), a própria Polícia Rodoviária Federal já desmentiu esse boato. ""Informamos que a Polícia Rodoviária Federal não registrou ocorrências envolvendo estrangeiros no estado de Minas Gerais ou quaisquer outras prisões que tenham relação com a tragédia em Brumadinho"".A mensagem do Facebook cita ainda o nome dos dois supostos terroristas presos: Juan Pablo Mercês, ex-guerrilheiro das Farcs, que teria sete mandados de prisão na Colômbia; e Antonio Cabal"	1
32	É #FAKE que Facebook, Instagram e WhatsApp foram bloqueados por tempo indeterminado em razão de ataque em Suzano.	"""É #FAKE que Facebook, Instagram e WhatsApp foram bloqueados por tempo indeterminado em razão de ataque em Suzano""Mensagem que circula na web é falsa. Apps apresentam instabilidade, mas problema é verificado em vários países, não apenas no Brasil, e não tem relação com a tragédia na Grande SP. Circula na web uma mensagem que diz que o Facebook, o Instagram e o WhatsApp foram bloqueados para publicação de fotos, vídeos e áudios por conta da repercussão da tragédia em Suzano. Além disso, o texto diz que os apps permanecerão assim por tempo indeterminado. É #FAKE.Não houve nenhum bloqueio. Segundo o Facebook, uma ""instabilidade temporária"" ocorreu em toda a família de aplicativos. Ainda assim, nem todos os usuários foram afetados.Também não há qualquer relação com o ataque ocorrido na Escola Estadual Raul Brasil, em Suzano, na Grande SP. Prova disso é que o problema com os aplicativos não se restringiu ao Brasil. Houve relatos em vários países ao redor do mundo.""Isso não é verdade. O Facebook está enfrentando questões técnicas em diversas partes do mundo, e estamos trabalhando para normalizar o acesso aos nossos serviços o mais rápido possível"", afirma, em nota, um porta-voz do Facebook.Hashtags como #FacebookDown , #instagramdown e #WhatsApp ficaram entre os trending topics do Twitter no mundo durante a tarde desta quinta (13).O Facebook diz ainda que o problema não está está relacionado a um ataque de negação de serviço (DDoS), que é um acesso coordenado, em massa, que visa derrubar um site.Algumas das mensagens que circulam dizem que houve o bloqueio ""porque estão investigando as redes"". Isso também não é verdade. "	1
33	Flavio Bolsonaro envia projeto que legaliza porte de armas no Brasil	" #Verificamos: É falso que Flávio Bolsonaro tenha proposto legalização do porte de armasÚnico projeto apresentado pelo senador trata da instalação de fábrica de armas e munições em território nacionalCircula nas redes sociais a ""informação"" de que o senador Flávio Bolsonaro (PSL-RJ), filho do presidente Jair Bolsonaro (PSL), teria apresentado um projeto de lei legalizando o porte de armas. Por meio do projeto de verificação de notícias, usuários do Facebook solicitaram que esse material fosse analisado. Confira a seguir o trabalho de verificação da Lupa:""(...) Flávio Bolsonaro envia projeto que legaliza porte de armas no Brasil""Título de reportagem publicada pelo site Plantão Brasil, que, segundo a ferramenta Buzzsumo, tinha 2,4 mil interações no Facebook até as 13h do dia 15 de marçoFALSOO título da reportagem analisada pela Lupa é falso. No dia 13 de março, data do massacre na Escola Municipal Professor Raul Brasil, em Suzano (SP), o senador Flávio Bolsonaro (PSL-RJ) apresentou projeto de lei que autoriza a instalação de fábricas civis destinadas ao fabrico de armas e munições de guerra no país. O projeto não dispõe sobre porte de armas.Até a publicação desta checagem, este foi o único projeto de lei apresentado pelo senador, que tomou posse em fevereiro deste ano.Atualmente, o Decreto 24.602, de 1934, proíbe a instalação de fábricas civis de armas em território nacional, exceto sob autorização do governo federal. Pelo projeto de Flávio, a instalação dessas fábricas seria permitida, e caberia ao governo autorizar, com base em alguns requisitos.O texto do conteúdo publicado pelo site Plantão Brasil traz as informações corretas, e foi copiado integralmente do site Brasil 247 _ que, por sua vez, baseou-se em texto do jornal O Globo. O título, porém, é falso e não tem relação com o conteúdo da reportagem.Nota: esta reportagem faz parte do projeto de verificação de notícias no Facebook. Dúvidas sobre o projeto? Entre em contato direto com o Facebook.Editado por: Nathália Afonso"	1
34	Imagens de caravana de motos são de romiaria, e não de apoio a Bolsonaro	"Imagens de caravana de motos são de romaria, e não de apoio a BolsonaroImagens de caravana de motos são de romaria, e não de apoio a BolsonaroTwitterFacebookE-mail<a href=""#"" data-text=*Imagens de caravana de motos são de romaria, e não de apoio a Bolsonaro*https://aosfatos.org/noticias/imagens-de-caravana-de-motos-sao-de-romaria-e-nao-de-apoio-bolsonaro/Uma publicação feita no último sábado (22) no Facebook engana ao dizer que vídeo mostra uma caravana de motos em apoio a Jair Bolsonaro, candidato do PSL à Presidência da República. Na verdade, as imagens foram gravadas durante a 32ª Moto Romaria 2018, no dia 16 de setembro, um evento que reuniu milhares de motocicletas em uma caravana que faz o percurso de 120 km de Fortaleza até Canindé, no Ceará, e que tinha caráter religioso, não político.Denunciado por usuários do Facebook, esta publicação foi marcada com o selo FALSO na ferramenta de verificação da rede social (entenda como funciona). Feito em um perfil pessoal, o post já tem mais de 4,1 milhões de visualizações e cerca de 170 mil compartilhamentos.Este conteúdo foi originalmente verificado pelo Comprova - coalizão de 24 veículos de imprensa brasileiros para combater a desinformação nas redes sociais. Aos Fatos, que atesta as informações desta checagem, é parceiro institucional da iniciativa.Confira, abaixo, o que foi checado.FALSO_""RAPAZ VAI SER NO PRIMEIRO TURNO! #17""_Com a legenda acima, o vídeo de uma caravana de motos compartilhado nas redes sociais como sendo de uma carreata formada por apoiadores do candidato à presidência Jair Bolsonaro é falso.As imagens foram gravadas durante a 32ª Moto Romaria 2018, no dia 16 de setembro, um evento que reuniu milhares de motocicletas em uma caravana que faz o percurso de 120 km de Fortaleza até Canindé, no Ceará. Segundo os organizado"	1
35	China suge ao Brasil a Lei que dá pena de morte para os políticos corruptos	" #Verificamos: China não sugeriu pena de morte para políticos corruptos do BrasilViral é antigo e foi reeditado como sugestão dada por chineses ao presidente Michel TemerCircula nas redes sociais a ""informação"" de que a China sugeriu ao governo brasileiro a criação de uma lei para instituir a pena de morte para políticos corruptos. Por meio do projeto de verificação de notícias, usuários do Facebook solicitaram que esse material fosse analisado. Confira a seguir o trabalho de verificação da Lupa:""China sugere ao Brasil a Lei que dá pena de morte para os políticos corruptos""Título de reportagem do siteThe Folha Edition (aqui, aqui e aqui) que até as 21h do dia 11 de dezembro de 2018 já havia sido compartilhada mais de 706 mil vezes no FacebookFALSOO texto analisado pela Lupa é apenas a reedição de um boato antigo, que circula nas redes sociais há pelo menos seis anos.No site do Planalto, é possível consultar diversos registros de encontros e trocas de mensagens entre os presidentes Michel Temer, do Brasil e Xi Jinping, da China. Em nenhum desses registros, no entanto, a referida lei foi abordada. Em abril de 2017, por exemplo os dois presidentes trocaram impressões sobre a exportação da carne brasileira. Em setembro daquele ano, encontraram-se em Joanesburgo, na África do Sul, e discutiram a aproximação do comércio entre os dois países. Sabe-se que a China é o país que mais aplica a pena de morte em todo o mundo. Segundo relatório da Anistia Internacional divulgado em abril, mais de mil pessoas foram condenadas à pena capital naquele país em 2016 (segundo o estudo, os números não são precisos em virtude da dificuldade de reunir dados em território chinês). Além disso, de acordo com reportagem da revista Time publicada em abril de 2016, a corrupção e a aceitação de suborno por parte de funcionários do governo chinês seria uma das possíveis causas para que a pena de morte fosse decretada com frequência na China. É notório casos, por exemplo, como o do ex-ministro das Ferrovias Chinesas, Liu Zhijun, que foi morto em 2013 por abuso de poder e recebimento de propina.Apesar dessas informações, não há registros públicos de que a China tenha feito sugestões ao Brasil para que o país adotasse esse tipo de legislação durante a gestão Michel Temer no Brasil. O viral em questão é antigo, e checagens semelhantes já foram feitas. Em 2012, conteúdo verificado foi publicado pelo site e-Farsas, e em 2014, 2017 e 2018, pelo site Boatos.org.*Nota: esta reportagem faz parte do projeto de verificação de notícias no Facebook. Dúvidas sobre o projeto? Entre em contato direto com o Facebook.Editado por: Cristina Tardáguila"	1
36	O vídeo de Boechat em 2011 viralizou como se tivesse sido gravado um dia antes do acidente de helicóptero que matou o jornalista, o que motivou pedidos de checagem ao Aos Fatos de usuários das duas redes sociais.	"Vídeo de Boechat em 2011 viraliza como se fosse da véspera da morte do jornalistaVídeo de Boechat em 2011 viraliza como se fosse da véspera da morte do jornalistaTwitterFacebookE-mailWhatsAppVídeo de Boechat em 2011 viraliza como se fosse da véspera da morte do jornalistaPor Luiz Fernando Menezes 14 de fevereiro de 2019, 14h46TwitterFacebookEmailWhatsAppUm vídeo com trecho da participação de Ricardo Boechat no programa Agora é Tarde, da TV Bandeirantes, em 2011, viralizou nas redes sociais nesta semana como se tivesse sido gravado um dia antes do acidente de helicóptero que matou o jornalista, em São Paulo, nesta segunda-feira (11). Nas imagens, a pedido do apresentador Danilo Gentili, Boechat faz uma piada ao ""noticiar"" o Apocalipse.No WhatsApp e no Facebook, o vídeo tem sido explorado para sugerir que a piada causou a morte do jornalista, o que motivou pedidos de checagem ao Aos Fatos de usuários das duas redes sociais. No Facebook, um dos posts analisados já tem mais de 240 mil visualizações e 8.500 compartilhamentos. Essa e outras postagens foram marcadas com o selo FALSO na ferramenta de verificação da rede social (entenda como funciona).FALSOUm dia antes de sua morte, Boechat faz piada com a volta de Jesus. Fizeram chacota com o nome do filho de Deus.O vídeo mostra trecho da participação de Boechat no programa Agora é Tarde, que era apresentado por Danilo Gentili na TV Bandeirantes, no dia 28 de setembro de 2011. Na ocasião, o apresentador desafiou o jornalista a anunciar o Apocalipse como se estivesse dando uma notícia. O texto da piada não foi criado por Boechat, tendo sido apresentado a ele na hora, pelo teleprompter, como mostra a íntegra do programa. Veja abaixo.Outro fato que prova que o vídeo não foi gravado um dia ou mesmo semanas antes da morte de Boechat, como sustentam as postagens, é que Danilo Gentili trocou a TV Bandeirantes pelo SBT em 2013.O jornalista Ricardo Boechat morreu nesta segunda-feira (11), aos 66 anos, em um acidente de helicóptero em São Paulo. A aeronave tentava um pouso de emergência na Rodovia Anhanguera quando foi atingida por um caminhão. O piloto do helicóptero, Ronaldo Quattrucci, também morreu no acidente.TwitterFacebookEmailWhatsAppLeia tambémCinco fatos sobre migraçãoNão é verdade que Moro afastou promotor do caso Queiroz e delegado que investiga morte de MarielleHomem em foto com Flávio Bolsonaro é assessor do senador, não acusado de matar Marielle]"	1
37	A agressão cometida por ex-vereador do DEM é falsamente atribuída a José Rainha.	"Agressão cometida por ex-vereador do DEM é falsamente atribuída a José RainhaAgressão cometida por ex-vereador do DEM é falsamente atribuída a José RainhaTwitterFacebookE-mailWhatsAppAgressão cometida por ex-vereador do DEM é falsamente atribuída a José RainhaPor Alexandre Aragão 17 de setembro de 2018, 15h55TwitterFacebookEmailWhatsAppUm tweet publicado neste domingo (16) acusa o ativista José Rainha, ex-líder do MST (Movimento dos Trabalhadores Rurais Sem Terra), de uma agressão que, na verdade, foi cometida pelo ex-vereador de Pontes e Lacerda (MT), Lourivaldo Rodrigues de Moraes (DEM), conhecido como Kirrarrinha, em 2010. Acompanhado de um vídeo, o texto do post afirma que Rainha ""bateu na repórter e a cena não saiu em nenhum jornal, rádio ou canal de TV"" e que ""esta é a democracia e a liberdade de imprensa que o PT defende"".O vídeo junto ao post, porém, não traz qualquer menção a José Rainha e apenas exibe trechos da reportagem da TV Centro Oeste, afiliada do SBT, que foi veiculada em 2010. Nas imagens, Kirrarrinha dá um tapa no rosto da repórter Márcia Pache. O então vereador foi indiciado por agressão e lesão corporal, informa reportagem do G1 também publicada na época. A falsa associação de José Rainha ao episódio circula em blogs e nas redes sociais ao menos desde 2012.Confira abaixo, em detalhes, o que checamos.FALSO Vereador José Rainha, do PT. Bateu na repórter e a cena não saiu em nenhum jornal, rádio ou canal de TV.Um tweet publicado ontem (16) atribui a agressão feita pelo então vereador Lourivaldo Rodrigues de Moraes (DEM), o Kirrarrinha, a José Rainha, ex-líder do MST (Movimento dos Trabalhadores Rurais Sem Terra) que saiu do movimento em 2007 e, desde então, atua na FLN (Frente Nacional de Lutas no Campo e na Cidade). O texto também diz que ele é vereador do PT, o que não é verdade.O vídeo publicado no tweet, porém, não traz qualquer menção à José Rainha e apenas exibe trechos da reportagem da TV Centro Oeste, afiliada do SBT, que foi veiculada em 2010. Nas imagens, Kirrarrinha, vereador da cidade de Pontes e Lacerda, no Mato Grosso, dá um tapa no rosto da repórter Márcia Pache. O então parlamentar foi indiciado por agressão e lesão corporal, informa reportagem do G1 também publicada na época.O registro mais antigo da informação falsa é um post de um blog chamado Digitalizando.Net, cujo texto é muito semelhante ao tweet compartilhado nesta semana, publicado em 2012. Este conteúdo foi marcado por Aos Fatos como FALSO na ferramenta de verificação do Facebook (saiba mais). De tempos em tempos, ele volta à tona em novas publicações, como mostra o Boatos.org.Em 2011, Kirrarrinha foi condenado pela agressão a Márcia Pache. Na decisão, o juiz Gerardo Humberto Alves Silva Junior, do Tribunal de Justiça do Mato Grosso, diz que o político agrediu Márcia ""pelo simples fato de a vítima tentar exercer a sua profissão de jornalista, o que é absolutamente inadmissível"".Kirrarrinha agrediu a jornalista nas dependências do Cisc (Centro Integrado de Segurança e Cidadania), da Polícia Civil, em junho de 2010. Ele estava no local porque havia sido indiciado por outro crime, de denunciação caluniosa. A repórter foi questioná-lo a respeito quando ele desferiu o tapa.TwitterFacebookEmailWhatsAppLeia tambémCinco fatos sobre migraçãoNão é verdade que Moro afastou promotor do caso Queiroz e delegado que investiga morte de MarielleHomem em foto com Flávio Bolsonaro é assessor do senador, não acusado de matar Marielle]"	1
38	Presidente da China não declarou III Guerra Mundial; legendas em vídeo são falsas	"Presidente da China não declarou III Guerra Mundial; legendas em vídeo são falsasPresidente da China não declarou III Guerra Mundial; legendas em vídeo são falsasTwitterFacebookE-mailWhatsAppPresidente da China não declarou III Guerra Mundial; legendas em vídeo são falsasPor Luiz Fernando Menezes 8 de fevereiro de 2019, 17h27TwitterFacebookEmailWhatsAppO vídeo do discurso de Ano-Novo do presidente da China, Xi Jinping, gravado no final de 2018, está circulando nas redes sociais com legendas falsas, que dizem que ele declarou a III Guerra Mundial, tendo os EUA e outros países como inimigos, o que não é verdade.No vídeo original, Jinping deseja feliz ano novo e elenca conquistas obtidas pelo país em 2018. Na mensagem, inclusive, o presidente prega a paz mundial.A legenda falsa aparece em diversos vídeos no YouTube e em publicações no Facebook. Todas foram marcadas com o selo FALSO na ferramenta de verificação da rede social (entenda como funciona).FALSOURGENTÍSSIMO: China manda recado aos EUA e ao mundo, preparem-se para tudo, iremos entrar em uma Terceira Guerra MundialComeçou a circular nas redes sociais nesta quinta-feira (7) um vídeo do presidente chinês Xi Jinping com legendas falsas para dizer que ele estaria declarando uma nova guerra mundial.Jinping, no entanto, nunca disse isso. O vídeo original, publicado em 31 de dezembro do ano passado, é uma mensagem de Ano-Novo do presidente chinês. Na legenda original da CGTN (China Global Television Network, canal de televisão chinês), o presidente diz o seguinte na parte que foi traduzida enganosamente:""Companheiros, amigos, senhoras e senhores, saudações a todos. O tempo não pára para ninguém e as estações continuam mudando. Enquanto começamos 2019, eu gostaria de estender meus desejos de Ano-Novo de Pequim para todos vocês! 2018 foi um ano cheio, e nós nos aproximamos com determinação firme. Apesar de todos os tipos de riscos e desafios, nós levamos nossa economia para o desenvolvimento de alta qualidade, aceleramos a substituição dos antigos motores de crescimento e mantivemos os principais indicadores econômicos dentro de um intervalo razoável.""No discurso, Jinping fez ainda um apelo por união em 2019 que, segundo ele, será um ano marcado por ""desafios e oportunidades"". Ao contrário do que dizem as publicações nas redes sociais, o presidente chinês afirmou que ""a sinceridade e a boa vontade da China para salvaguardar a paz mundial e promover o desenvolvimento comum não mudarão"". O texto completo, em inglês, pode ser conferido aqui.TwitterFacebookEmailWhatsAppLeia tambémCinco fatos sobre migraçãoNão é verdade que Moro afastou promotor do caso Queiroz e delegado que investiga morte de MarielleHomem em foto com Flávio Bolsonaro é assessor do senador, não acusado de matar Marielle]"	1
39	É falso que Moro tenha afastado promotor que investigava Flávio Bolsonaro e delegado do caso Marielle.	" #Verificamos: É falso que Moro tenha afastado promotor que investigava Flávio Bolsonaro e delegado do caso MarielleMinistério Público e Polícia Civil do RJ não estão subordinados ao Ministério da JustiçaCircula nas redes sociais a ""informação"" de que o ministro da Justiça e Segurança Pública, Sérgio Moro, teria afastado o promotor Cláudio Calo das investigações relativas às movimentações financeiras suspeitas observadas tanto nas contas do senador e ex-deputado estadual Flávio Bolsonaro (PSL-RJ) quanto de seu ex-assessor parlamentar na Assembleia Legislativa do Rio de Janeiro (Alerj), Fabrício Queiroz. Ainda de acordo com a mesma ""notícia"", Moro também teria retirado o delegado Giniton Lages das investigações referentes ao assassinato da vereadora Marielle Franco (PSOL-RJ), morta a tiros, no centro da capital fluminense, em março de 2018. Por meio do projeto de verificação de notícias, usuários do Facebook solicitaram que esse material fosse analisado. Confira a seguir o trabalho de verificação da Lupa:""Moro afasta promotor que investigava Flávio Bolsonaro (...)""Texto que, até as 12h do dia 19 de março, já tinha sido compartilhado mais de 350 vezes no FacebookFALSOA primeira parte da informação que consta na imagem analisada pela Lupa é falsa. Por lei, o Ministério Público é um órgão independente do Poder Executivo. Isso significa que o ministro Sérgio Moro não tem a prerrogativa de decidir pelo afastamento de qualquer promotor ou procurador _ seja no estado do Rio de Janeiro ou em qualquer outra unidade da federação. No dia 4 de fevereiro deste ano, o promotor Cláudio Calo, da 24ª Promotoria de Investigação Penal (PIP) do Ministério Público do Rio de Janeiro (MP-RJ), foi designado para investigar as movimentações financeiras do senador, ex-deputado estadual e também filho do presidente Jair Bolsonaro, assim como as de seu ex-assessor parlamentar. No mesmo dia, no entanto, reportagem da revista Veja mostrou que Calo interagia com integrantes da família Bolsonaro nas redes sociais. Ele chegou até a postar no Twitter um comentário sobre o caso Flávio, que investigaria. Na rede social, escreveu o seguinte: ""O fato de haver fracionamento de depósitos bancários e em dinheiro gera suspeitas, mas, por si, não é crime de lavagem, pois pode a origem do dinheiro ser lícita"", escreveu o promotor.Um dia depois da publicação da Veja, Calo pediu afastamento do caso. Disse que havia se encontrado meses antes com o senador Flávio Bolsonaro para debater, segundo ele próp"	1
40	É #FAKE que Jair Bolsonaro foi apontado por fundação como o político mais honesto do mundo.	"""É #FAKE que Jair Bolsonaro foi apontado por fundação como o político mais honesto do mundo""Fundação Transparência Política Internacional não existe. Uma mensagem que circula na internet diz que o candidato à Presidência Jair Bolsonaro foi apontado como o político mais honesto do mundo pela Fundação Transparência Política Internacional. A mensagem é #FAKE.A mensagem que diz que Bolsonaro foi apontado o político mais honesto do mundo começou a circular em 2016, quando a informação falsa foi publicada no site ""Folha Brasil"", que hoje está fora do ar. O texto do site também citava a falsa declaração de Bolsonaro sobre a pesquisa.O link da ""Folha Brasil"" com a informação falsa chegou a aparecer em destaque na busca do Google, porém foi removido pela plataforma em agosto de 2017. Em nota, o Google diz que o objetivo da busca é oferecer resultados úteis e relevantes aos usuários, que ""claramente"" não acertaram nesse caso, mas que o trabalho ""para melhorar os algoritmos é contínuo"".Em uma rápida consulta no Google, é possível ver que a Fundação Transparência Política Internacional não existe. A busca mostra resultados para a Transparência Internacional, organização não governamental apartidária, sem alinhamentos ideológicos, sem fins lucrativos, dedicada à luta contra a corrupção.Segundo o site da ONG, no Brasil eles atuam no ""apoio e mobilização de grupos locais de combate à corrupção, produção de conhecimento, conscientização e comprometimento de empresas e governos com as melhores práticas globais de transparência e integridade, entre outras atividades"". Não está na lista de atividades da ONG o ranqueamento de políticos por honestidade. "	1
41	É #FAKE que Exército disse que, se for verificada fraude nas urnas, eleição será anulada e novo pleito com papel convocado.	"""É #FAKE que Exército disse que, se for verificada fraude nas urnas, eleição será anulada e novo pleito com papel convocado""Um dos posts com informação falsa tem mais de 52 mil compartilhamentos. Exército não fez nenhum pronunciamento relacionado a isso. Viralizou nas redes sociais um post acompanhado da frase: ""Exército acaba de pronunciar: se for confirmado fraudes nas urnas, anularemos as eleições e faremos outra no papel"". A postagem é #FAKE.Procurada, a assessoria de imprensa do Exército Brasileiro diz que o conteúdo é falso e que não cabe à instituição convocar novas eleições. ""As informações constantes da referida mensagem, no que dizem respeito ao Exército Brasileiro, são falsas.""""O Exército Brasileiro tem as suas missões definidas no artigo 142 da Constituição Federal e na Lei Complementar Nº 97, de 9 de junho de 1999, alterada pelas Leis Complementares Nº 117, de 2 de setembro de 2004, e Nº 136, de 25 de agosto de 2010. Por fim, cabe ressaltar que a Instituição está sendo empregada nas eleições, a pedido da Justiça Eleitoral, no Apoio Logístico (transporte de urnas e de fiscais dos TSE/TRE) e na Garantia da Votação e Apuração (GVA)"", diz, em nota.O Ministério da Defesa, em seu site, deixa claro o papel das Forças Armadas nas eleições: ""A missão das tropas será garantir o livre exercício do voto, a normalidade da votação e da apuração dos resultados nas localidades em que a segurança pública necessita do reforço. E, ainda, atuar para inibir a perturbação da organização e a realização dos pleitos"".""Os militares também podem ser requisitados para auxiliar a Justiça Eleitoral no apoio logístico, levando equipamentos e pessoal a locais longínquos e isolados. No entanto, o apoio no transporte de urnas somente poderá ser realizado pelos militares na presença de pessoal da Justiça Eleitoral"", diz a determinação.Recentemente, o general Villas Bôas, comandante do Exército, também se manifestou nas redes sociais sobre o papel das Forças Armadas no pleito eleitoral:Segundo o artigo 224 do Código Eleitoral, há a necessidade de novas eleições se a nulidade atingir mais da metade dos votos do país: ""Se a nulidade atingir a mais de metade dos votos do país nas eleições presidenciais, do Estado nas eleições federais e estaduais ou do município nas eleições municipais, julgar-se-ão prejudicadas as demais votações e o Tribunal marcará dia para nova eleição dentro do prazo de 20 (vinte) a 40 (quarenta) dias"".É importante ressaltar que essa nulidade não se relaciona aos votos nulos, mas sim com a constatação de fraudes, por exemplo, desde que tenha atingido mais da metade dos votos no país. Veja explicação publicada no site do TSE.De acordo com o artigo 222, ""é também anulável a votação, quando viciada de falsidade, fraude, coação, uso de meios de que trata o Art. 237, ou emprego de processo de propaganda ou captação de sufrágios vedado por lei"".Para saber mais sobre casos de nulidade nas eleições, leia o Código Eleitoral.Atualmente, a lei não prevê eleições realizadas com papel ou qualquer outro meio.O artigo 13 da resolução nº 23.554 para as eleições de 2018 deixa claro que ""o sistema eletrônico de votação será utilizado, exclusivamente, nas urnas eletrônicas da Justiça Eleitoral"". "	1
42	É #FAKE que urnas estavam sem lacre em escola de Uberlândia	"""É #FAKE que urnas estavam sem lacre em escola de Uberlândia""Em vídeo, homem mostra caixas que envolvem os equipamentos abertas. Justiça Eleitoral diz que não há nenhuma irregularidade. Circula pelas redes sociais um vídeo em que um homem diz que as urnas da Escola Estadual Professor Inácio Castilho, em Uberlândia, Minas Gerais estão sem o lacre. A informação é #FAKE.O Tribunal Regional Eleitoral de Minas Gerais informa que não há nenhuma irregularidade na situação.""As caixas das urnas não são lacradas para seguirem para os locais de votação. Os modelos de lacres são estabelecidos pelo Tribunal Superior Eleitoral (TSE) e não há nenhuma previsão desse tipo de lacre, até para que seja viável o reaproveitamento das caixas"", diz a assessoria do tribunal.O lacre das urnas segue uma série de normas definidas por resolução do Tribunal Superior Eleitoral (TSE).Neste sábado e domingo a equipe do Fato ou Fake se uniu a outras cinco agências de checagens de notícias no Brasil para checar as mensagens de conteúdo suspeito nesta reta final das eleições. A ideia de juntar forças é para ganhar mais agilidade e aumentar o alcance das checagens. A parceria reúne o Fato ou Fake, Projeto Comprova, Lupa, Aos Fatos, Boatos.org e E-Farsas. "	1
43	É #FAKE mensagem que diz que professor expulsou aluna da sala de aula por usar camiseta pró-Bolsonaro	"""É #FAKE mensagem que diz que professor expulsou aluna da sala de aula por usar camiseta pró-Bolsonaro""Texto tem bombado na web. Caso relatado no texto, na verdade, aconteceu em 2015 e foi motivado pelo uso de celular na classe. Circula em redes sociais um vídeo em que um professor expulsa uma aluna da sala de aula aos gritos. A legenda diz que a aluna foi expulsa por ser apoiadora do candidato à presidência Jair Bolsonaro (PSL) e estar com uma camiseta em apoio a ele. A mensagem é #FAKE.Sobre o vídeo, foram criadas falsas legendas como ""Professor de história grita e expulsa, aos berros, aluna com camiseta pró-Bolsonaro"", ""Professor expulsa aluno por apoiar Bolsonaro"" e ""Professor grita muito com aluna que usa camisa do Bolsonaro"".Há dezenas de posts sobre o assunto nas redes sociais. Um dos últimos, criado em abril deste ano, tem 968 mil visualizações. Várias páginas de apoio ao candidato compartilharam a mensagem, criticando o ato.O vídeo é verdadeiro. Ele foi gravado em 25 de fevereiro de 2015 na Escola Estadual de Ensino Médio Dr. Silva Mello, no bairro Parque da Areia Preta, em Guarapari, no Espírito Santo. O motivo da bronca, no entanto, não tem nada a ver com política.O professor que aparece no vídeo, Loren José Guimarães dos Santos Filho, disse à equipe de reportagem na época que a aluna estava usando celular em sala de aula e que esse foi o real motivo da reprimenda. O G1 publicou uma reportagem sobre o caso.""Não só ela usava, como outros alunos. Eles riem e zombam. A gente tem que corrigir para não virar bagunça. Tem que fazer voltar a ordem"", contou, à época.O professor afirmou ainda que as escolas sofrem com o uso do celular por parte dos alunos durante as aulas. ""Tem 40 pessoas em uma sala de aula. A escola já não está em boas condições, faz um calor terrível e ainda tem barulho, gente falando alto, brincando, conversando, saindo, voltando... Se você falar baixo ninguém te ouve. Muitas vezes você é obrigado a agir"", explicou. "	1
44	É #FAKE print de post que diz que Procuradoria Geral da República indeferiu candidatura do deputado Iran Lima.	"""É #FAKE print de post que diz que Procuradoria Geral da República indeferiu candidatura do deputado Iran Lima""Reportagem não foi publicada pelo G1. PGR confirma aplicação de multa por conta de irregularidade na prestação de contas, mas confirma elegibilidade do deputado. Circula pelas redes sociais um print como se fosse de uma reportagem publicada pelo G1 que afirma que a Procuradoria Geral da República (PGR) emitiu um parecer indeferindo o registro de candidatura do deputado estadual e candidato à reeleição Iran Lima (MDB-PA). Segundo o print, a medida leva em consideração a lei da Ficha Limpa e contraria uma decisão anterior do Tribunal Regional Eleitoral do Pará (TRE-PA). Nenhuma reportagem com esse conteúdo, no entanto, foi publicada no G1. Além disso, a mensagem é #FAKE.Na página oficial do município de Moju no G1, tanto para a versão mobile quanto para desktop, consta o nome da cidade ao centro e a marca do site na lateral esquerda do internauta, e não há uma editoria ""Eleições 2018 em Moju-Pa"" - outro ponto que denota a falsidade da mensagem.Procurado, o TRE diz que Iran Lima está apto a participar das eleições. Seu registro foi deferido com recurso. No site do órgão, consta como ""julgado regular e deferido"". O parecer, após recurso contra a candidatura, foi julgado em instância superior, o que garantiu a participação no pleito do próximo dia 7 de outubro.Segundo a PGR, o candidato foi julgado pela irregularidade na prestação de contas. A decisão, no entanto, não suspendeu a candidatura. Foi aplicada uma multa de, aproximadamente, R$ 7 mil, que foi dividida em 36 parcelas iguais.Ao G1, Iran Lima reitera que sua candidatura foi aprovada pelo TRE e que ""não tem razão para essa discussão"". Ainda segundo ele, essa não é a primeira vez que apresentam ""fakes na internet"" e que, caso alguma informação a esse respeito fosse verídica, ""os grandes portais de notícias do estado e os jornais impressos teriam noticiado"". "	1
45	É #FAKE que diretor Jayme Monjardim fez vídeo criticando peça da campanha de Haddad.	"""É #FAKE que diretor Jayme Monjardim fez vídeo criticando peça da campanha de Haddad""Mensagem diz que ele publicou desabafo contra presidenciável do PT. Autor do vídeo é, na verdade, um profissional de marketing de 63 anos. Circula nas redes sociais um vídeo atribuído ao diretor Jayme Monjardim em que ele faz críticas ao presidenciável do PT, Fernando Haddad, em razão de uma peça da campanha em que um garoto atira no pai. O homem que aparece nas imagens não é Monjardim. A mensagem que acompanha o vídeo é #FAKE.No vídeo, o homem critica Haddad por uma de suas peças de campanha, uma crítica ao adversário no segundo turno da eleição presidencial, Jair Bolsonaro (PSL), que defende a flexibilização do Estatuto do Desarmamento.O autor do vídeo é, na verdade, o profissional de marketing Ival Dias da Gama, de 63 anos, que mora em São Paulo (SP). Ele fez um post em sua página oficial no Facebook dizendo que ""pessoas mal intencionadas"" têm atribuído seu vídeo a outra pessoa.Ao G1 ele diz que essa não é a primeira vez que isso acontece. Ainda neste ano, Ival foi identificado num vídeo como jornalista da revista ""Veja"". ""Fico chateado porque é uma iniciativa minha que expõe outra pessoa que não tem nada a ver com isso. Não tenho controle."" Ele, que afirma nem se achar parecido com Jayme Monjardim, diz que, para evitar que a situação se repita, pretende passar a dizer o próprio nome no início das próximas gravações.O diretor Jayme Monjardim diz que ""basta uma rápida pesquisa para que se veja"" que não é ele nas imagens. ""É muito triste e grave que tantas notícias falsas, como essa, se espalhem pelas redes como se fossem verdadeiras.""O texto falso foi compartilhado, inclusive, por Roberto Jefferson, presidente nacional do PTB. Horas depois, o ex-deputado apagou a postagem e fez um pedido de desculpas. "	1
46	Falso. Os posts analisados pela Lupa datam de 5 de setembro de 2018.	" #Verificamos: É falsa foto que mostra pesquisa Ibope em que Haddad lidera com 34%Imagem com quase mil compartilhamentos sugere que petista ultrapassou concorrentes, mas ele aparece em quintoCircula na internet uma imagem que mostra uma tela de computador em que se vê o logotipo da TV Globo e um gráfico de barras mostrando Fernando Haddad, candidato a vice-presidente pelo PT, em primeiro lugar na disputa presidencial, com 34% das intenções de voto. A foto atribui a informação ao Ibope, instituto que vem realizando pesquisas sobre as eleições deste ano. Por meio do projeto de verificação de notícias, usuários do Facebook solicitaram que essa informação fosse analisada. Confira a seguir o trabalho de verificação feito pela Lupa:""34%. Haddad dispara nas pesquisas""Texto que acompanha imagens (aqui, aqui e aqui) que circulam na internet e que já tinham quase mil compartilhamentos no Facebook até as 15h do dia 6 de setembro de 2018FALSOOs posts analisados pela Lupa datam de 5 de setembro de 2018. Nesse dia, o Ibope publicou uma pesquisa de intenção de votos na qual Haddad aparecia na quinta posição, com 6% das intenções de voto.Jair Bolsonaro (PSL) liderava com 22%, Marina Silva (Rede) e Ciro Gomes (PDT) apareciam empatados com 12%. Os três, portanto, estavam à frente de Haddad. Geraldo Alckmin (PSDB) tinha 9%. Alvaro Dias (Podemos) e João Amoêdo (Novo), 3%, e Henrique Meirelles (MDB), 2%. Todos eles estavam tecnicamente empatados com o petista. A margem de erro é de dois pontos percentuais para mais ou para menos.A pesquisa anterior, divulgada pelo Ibope em 20 de agosto, também colocava Haddad em quinto lugar - no cenário em que ele substituía Luiz Inácio Lula da Silva como candidato do PT. Ele tinha 4% das intenções. Nesse levantamento, o petista estava atrás de Bolsonaro (20%), Marina (12%) e Ciro (9%), e tecnicamente empatado com Alckmin (7%) e Dias (3%). Todos os demais candidatos marcavam 1% de intenções de voto.Vale destacar que o logotipo da Globo que aparece nas imagens analisadas pela Lupa é diferente do utilizado na TV.*Nota: esta reportagem faz parte do projeto de verificação de notícias no Facebook. Dúvidas sobre o projeto? Entre em contato direto com o Facebook.Editado por: Clara Becker e Chico Marés"	1
47	Bolsanaro não chamou franceses de ingleses ao se solidarizar por Notre-Dame	Bolsonaro não chamou franceses de ingleses ao se solidarizar por Notre-DameBolsonaro não chamou franceses de ingleses ao se solidarizar por Notre-DameTwitterFacebookE-mailWhatsAppBolsonaro não chamou franceses de ingleses ao se solidarizar por Notre-DamePor Luiz Fernando Menezes 17 de abril de 2019, 17h33TwitterFacebookEmailWhatsAppÉ falso o tweet em que o presidente Jair Bolsonaro (PSL) chama franceses de ingleses ao manifestar solidariedade em razão do incêndio na catedral de Notre-Dame, em Paris. O tweet apresenta características de edição e também não aparece na ferramenta do Aos Fatos que monitora as publicações do presidente naquela rede social, a Tweets de Bolso.Ainda assim, a montagem foi publicada por dezenas de perfis pessoais no Facebook e já acumulava mais de 5.000 compartilhamentos nesta quarta-feira (17). Todas as publicações com o mesmo conteúdo foram marcadas com o selo FALSO na ferramenta de verificação da rede social (entenda como funciona).FALSOBolsonaro: Estou pessoalmente consternado com o incêndio que atingiu a Catedral de Notre-Dame, símbolo da cultura ocidental e da fé cristã. Me solidarizo à todos os ingleses nesse momento tão difícil e doloroso.Como é possível verificar na ferramenta mantida por Aos Fatos, Tweets de Bolso, que reúne todos os tweets de Jair Bolsonaro (inclusive apagados), o presidente só fez uma publicação sobre o incêndio na catedral de Notre-Dame:Outra característica que indica ser falso o post é a data: o tweet teria sido publicado no dia 14 de abril, mas o incêndio que atingiu a catedral de Notre-Dame, em Paris, ocorreu no dia seguinte, 15 de abril.A Agência Lupa também verificou como falso este conteúdo.TwitterFacebookEmailWhatsAppLeia tambémÉ falso que inverno de 2019 será o mais frio dos últimos cem anos no BrasilDesenhamos fatos sobre o orçamento das universidades federaisComo os filhos de Bolsonaro usam polêmicas para impulsionar engajamento no Twitter]	1
48	Bolsonaro não disse que, se eleito, acabaria com creches comunitárias	" #Verificamos: Bolsonaro não disse que, se eleito, acabaria com creches comunitáriasNotícia falsa contra o novo presidente circula nas redes há mais de um ano e já foi desmentida algumas vezesCircula nas redes sociais uma foto que mostra o rosto do presidente eleito, Jair Bolsonaro (PSL), acompanhado de uma frase que sugere que, quando deputado, ele teria prometido acabar com as creches comunitárias se fosse eleito para o Palácio do Planalto. Por meio do projeto de verificação de notícias, usuários do Facebook solicitaram que esse material fosse analisado. Confira a seguir o trabalho de verificação da Lupa:""Se eu ganhar, eu acabo com esse negócio de creche comunitária. O Estado não tem obrigação de olhar filho dos outros. Isso é obrigação dos pais""Frase que acompanha imagem (aqui e aqui) que circula na internet e que até as 13h do dia 21 de novembro de 2018 já tinha sido compartilhada 22 mil vezes no FacebookFALSONão há registros de que Jair Bolsonaro tenha dito a frase que foi registrada na imagem analisada pela Lupa. Sabe-se que, em abril de 2016, o hoje presidente eleito participou de um hangout com o filósofo Olavo de Carvalho e que, nessa videoconferência, falaram sobre a natalidade no Brasil. Num determinado trecho dessa conversa, Bolsonaro disse o seguinte:""Nós temos hoje em dia crianças entre 1 e 3 anos de idade - 3 milhões fora de creche! Agora, Olavo, imaginou creche para 3 milhões de pessoas~. E Olavo comentou: ~Não é brincadeira isso~Bolsonaro continuou: ~A responsabilidade não pode ser do Estado. Tem que ser do pai, da mãe e não jogar a culpa tudo para o Estado"". Assista a seguir:Jair Bolsonaro não fala, portanto, em ""acabar"" com as creches. A frase que lhe é atribuída não foi dita. O que o político faz é uma crítica expressa às pessoas que, para ele, têm o ""costume"" de depender do Estado. Olavo de Carvalho, seu interlocutor, concorda. Por fim, ainda vale destacar que o hangout entre os dois aconteceu muitos meses antes de Bolsonaro iniciar de forma oficial sua campanha à Presidência da República. Não poderia, portanto, se tratar de uma promessa de governo.No plano de governo que Bolsonaro enviou ao Tribunal Superior Eleitoral (TSE) neste ano consta a proposta de aumentar o orçamento da educação infantil. Veja:Verificação semelhante foi feita pelo site e-Farsas.*Nota: esta reportagem faz parte do projeto de verificação de notícias no Facebook. Dúvidas sobre o projeto? Entre em contato direto com o Facebook.Editado por: Chico Marés"	1
49	Em 2015, o Ministério da Comida, Agricultura e Pesca da Dinamarca lançou o Plano de	" #Verificamos: é falsa informação de que Dinamarca tem meta para ser 100% orgânica até 2020Notícias passaram a circular depois de polêmica relacionada a projeto de lei que muda o uso de agrotóxicos no BrasilCircula nas redes sociais uma série de ""notícias"" de que, até 2020, a Dinamarca será o primeiro país a ter uma agricultura totalmente orgânica. Por meio do projeto de verificação de notícias, usuários do Facebook solicitaram que essas informações fossem checadas. Confira a seguir a análise da Lupa:""A Dinamarca se tornará, até 2020, o primeiro país do mundo com produção de alimentos 100% orgânica"" e""A Dinamarca estabeleceu a meta de se tornar o primeiro país do mundo totalmente orgânico até 2020""Informações disseminadas por postagens feitas pelos sites EuSemFronteiras, Agroplural, Animaisecompanhia e Anda.jor, que, até as 15h do dia 19 de julho de 2018 tinham mais de 4,3 mil interações no FacebookFALSOEm 2015, o Ministério da Comida, Agricultura e Pesca da Dinamarca lançou o Plano de Ação de Orgânicos para o país. A meta da política pública é duplicar a área de cultivo orgânico até 2020. Isso quer dizer que o objetivo do governo é que a produção livre de agrotóxicos passe de 9% para 18%, bem longe dos 100% noticiados pelos sites analisados. Como parte do projeto, as escolas, os hospitais e os restaurantes públicos dinamarqueses passaram a priorizar os produtores de orgânicos em suas compras.Em 2017, a Dinamarca foi o país com o maior consumo proporcional de alimentos biológicos, com 9,6% de toda a comida vendida no país sendo de origem orgânica. A informação é do Conselho de Comida e Agricultura dinamarquês, que representa o setor no país. Ao longo da realização desta checagem, a Lupa localizou ainda uma série de postagens com o seguinte título: ""Dinamarca será o primeiro país do mundo 100% orgânico até 2020"". É o caso dos sites bemblogado, vivagreen, sabervivermais, suburbanodigital, smartcitylaguna, lusopt, ogritodobicho2, cantuemfoco, capitanbado e boaspraticasfarmaceuticas. Juntos, até a tarde de 19 de julho, eles já tinham mais de 400 mil interações no Facebook.Essas páginas, no entanto, equivocaram-se apenas ao escolher essa frase para manchetar a informação. No corpo de suas postagens, informaram corretamente sobre o processo em marcha na Dinamarca.No dia 9 de julho, o jornal Folha de S.Paulo publicou uma reportagem desconstruindo a ideia de que a Dinamarca seria 100% orgânica até 2020. Leia aqui. O mesmo foi feito pela Gazeta do Povo no dia seguinte. Veja aqui.*Nota: esta reportagem faz parte do projeto de verificação de notícias no Facebook. Dúvidas sobre o projeto? Entre em contato direto com o Facebook.Editado por: Cristina Tardáguila e Chico Marés"	1
50	"Falso. A bula de uma marca específica de vacina Tríplice Bacteriana realmente mencionava ""relatos"" de ligação entre a dose de imunização e o autismo."	" #Verificamos: É falso que bula confirme relação de vacina com autismoTexto de 2005 cita autismo, mas também diz, claramente, que não é possível estabelecer ""relação causal""Circula nas redes sociais a ""informação"" de que a bula em inglês da vacina Tríplice Bacteriana diz que ela causa autismo. Por meio do projeto de verificação de notícias, usuários do Facebook solicitaram que esse material fosse analisado. Confira a seguir o trabalho de verificação da Lupa:""Não adianta brigar comigo: vacinas causam autismo. Tá na bula""Imagem publicada no Facebook, com 65 compartilhamentos até o dia 18 de fevereiro de 2019FALSOA bula de uma marca específica de vacina Tríplice Bacteriana (que previne contra difteria, tétano e coqueluche) realmente mencionava ""relatos"" de ligação entre a dose de imunização e o autismo. Porém, o mesmo parágrafo do texto que acompanha a Tripedia em 2005 dizia o seguinte: ""Como esses eventos foram relatados voluntariamente a partir de uma população de tamanho incerto, não é possível estimar sua frequência de forma confiável ou estabelecer uma relação causal [dos efeitos listados] com os componentes da vacina Tripedia"". Ou seja, a bula não diz que há uma relação direta entre autismo e a vacina em questão.A Tripedia era produzida pelo laboratório Sanofi Pasteur e foi comercializada nos Estados Unidos entre 1992 e 2011, até ser descontinuada. A bula em questão foi atualizada pela última vez em 2005, conforme consta no próprio texto. Segundo o site de fact-checking americano Politifact, em 2006, um ano depois de o texto ser revisado pela última vez, uma nova regulamentação federal estabeleceu que apenas efeitos colaterais com relação causal comprovada fossem mencionados em bulas de remédios.Atualmente, duas vacinas do mesmo tipo, a Daptacel, também da Sanofi Pasteur, e a Infanrix, da GlaxoSmithKline, são produzidas e comercializadas nos Estados Unidos. Nenhuma das bulas menciona autismo como possível efeito colateral da imunização.A informação também foi verificada pelos sites americanos Politifact e Snopes.Nota: esta reportagem faz parte do projeto de verificação de notícias no Facebook. Dúvidas sobre o projeto? Entre em contato direto com o Facebook.Editado por: Natália Leal"	1
51	Brigada de Defesa Aéreia dos Llanos	" #Verificamos: É antiga foto que mostra mísseis na fronteira com o BrasilImagem foi postada em site com conteúdo militar em junho de 2018Circula nas redes sociais a ""informação"" de que a Venezuela teria posicionado mísseis na fronteira com o Brasil desde o dia 22 de fevereiro de 2019. Por meio do projeto de verificação de notícias, usuários do Facebook solicitaram que esse material fosse analisado. Confira a seguir o trabalho de verificação da Lupa: ""Exclusivo - Venezuela Posiciona Mísseis S-300 na Fronteira com o Brasil""Reportagem publicada pelo site DefesaNet e que, até às 16h do dia 1 de março de 2019, já tinha mais de 13 mil interações no Facebook, segundo o CrowdTangleFALSOA Lupa não analisou o conteúdo da reportagem, mas fotografia que acompanha o texto e mostra soldados com armas é antiga. Foi publicada em junho de 2018 pelo site América Militar. A foto em questão foi divulgada naquela época com o título: ""Brigada de Defesa Aérea dos Llanos"". Localizada no norte da América do Sul, Llanos é uma região que ocupa parte do território da Venezuela e da Colômbia. A Lupa questionou órgãos brasileiros sobre o posicionamento de mísseis na fronteira entre o Brasil e a Venezuela - e isso não foi confirmado. A Secretaria Especial de Comunicação Social da Presidência da República informou, por telefone, que não tinha esse dado. O Ministério da Defesa afirmou, em nota, que não existia informação oficial sobre essa suposta ação venezuelana. Nota: esta reportagem faz parte do projeto de verificação de notícias no Facebook. Dúvidas sobre o projeto? Entre em contato direto com o Facebook.Editado por: Maurício Moraes e Cristina Tardáguila"	1
52	O assassino de Campinas (...) filiado ao PT, atirando indiscriminado em local religioso (...).	" #Verificamos: Homem que abriu fogo em Catedral de Campinas não era filiado ao PTViral não mostra nome correto do atirador que se suicidou após disparar contra fiéisCircula nas redes sociais a ""informação"" de que o homem que matou cinco pessoas na Catedral de Campinas na última terça-feira (11) seria filiado ao PT. Por meio do projeto de verificação de notícias, usuários do Facebook solicitaram que esse material fosse analisado. Confira a seguir o trabalho de verificação da Lupa:""O assassino de Campinas (...) filiado ao PT, atirando indiscriminadamente em local religioso (...)""Imagem que circula no Facebook e que até as 14h do dia 13 de dezembro de 2018 tinha mais de 100 compartilhamentos no FacebookFALSOO nome do homem que aparece no viral analisado pela Lupa não é o mesmo do que matou cinco pessoas na Catedral Metropolitana de Campinas (SP) na última terça-feira (11). O atirador se chama Euler Fernando Grandolpho, e ele não consta como filiado ao PT nos registros do Tribunal Superior Eleitoral (TSE). Euler entrou na Catedral Metropolitana de Campinas (SP) com duas pistolas e efetuou disparos contra diversas pessoas. Cinco morreram. Ele cometeu suicídio no local.O nome que aparece na publicação analisada pela Lupa é Eder Salatti Grandolpho, que, de fato, consta na relação dos filiados do PT de Campinas desde 1995. Mas, como já explicado, não se trata do responsável pelo atentado na Catedral da cidade paulista.*Nota: esta reportagem faz parte do projeto de verificação de notícias no Facebook. Dúvidas sobre o projeto? Entre em contato direto com o Facebook.Editado por: Cristina Tardáguila"	1
53	Papa envia terço a Lula, preso político há 67 dias.	"Papa Francisco não enviou terço a Lula; Vaticano desmente boatoPapa Francisco não enviou terço a Lula; Vaticano desmente boatoTwitterFacebookE-mailWhatsAppPapa Francisco não enviou terço a Lula; Vaticano desmente boatoPor Bernardo Moura 12 de junho de 2018, 14h10TwitterFacebookEmailWhatsAppO Papa Francisco não enviou um terço ao ex-presidente Luiz Inácio Lula da Silva (PT) por meio de um assessor, como publicaram diversos sites desde segunda-feira (11). A falsa informação foi desmentida nesta terça-feira (12) pelo Vaticano, mas só a postagem feita pela página de Lula no Facebook já acumula mais de 20 mil compartilhamentos, segundo a ferramenta de monitoramento Crowdtangle por volta das 14h.Usuários daquela rede social denunciaram como enganoso o mesmo conteúdo em publicações de pelo menos três sites: Brasil 247, Política Atual e Último Segundo (entenda como funciona). Aos Fatos checou.FALSOPapa envia terço a Lula, preso político há 67 dias.A frase acima é o título que encabeça o texto do site Brasil 247, que disse ser essa a ""primeira manifestação de apoio explícito ao ex-presidente Lula"" por parte do Papa. O Último Segundo, do portal iG, foi na mesma toada: ""Papa envia rosário a Lula, mas assessor é impedido de fazer visita"". Já o Política Atual adotou um tom místico na sua manchete: ""Papa envia relíquia sagrada e misteriosa a Lula, desejando força na candidatura à presidência"".Porém, nem o terço foi enviado pelo Papa nem o visitante era assessor de Francisco. Como informou nota do Vaticano publicada nesta terça-feira (12), teve caráter pessoal a visita de ontem do advogado argentino Juan Grabois à carceragem da Polícia Federal em Curitiba, onde Lula segue preso. O terço levado por ele não foi enviado, mas ""abençoado"" por Francisco, disse a Santa Sé, que esclareceu ainda: ""terços como esse são levados, como o Santo Padre deseja, a tantos prisioneiros do mundo sem entrar no mérito de realidades particulares"".A afirmação foi reforçada na conta oficial do Twitter do Vaticano News, conforme registro abaixo.Juan Grabois também não é ""assessor do Papa"", como chegou a ser publicado. Fundador do Movimento dos Trabalhadores Excluídos, ele foi consultor do extinto Pontifício Conselho Justiça e Paz, como informou o Vaticano. Em janeiro de 2017, o órgão deu lugar ao Dicastério para o Serviço do Desenvolvimento Humano Integral. Grabois havia sido nomeado pelo Papa Francisco como um dos 15 consultores em 11 de junho de 2016. Hoje, é coordenador do encontro mundial dos movimentos sociais em diálogo com o Papa Francisco, segundo o Vaticano.Lula não chegou a receber o presente de Grabois diretamente, pois o advogado foi impedido pelos policiais de visitá-lo. Desde abril, o ex-presidente cumpre pena de 12 anos e um mês de prisão por corrupção passiva e lavagem de dinheiro no caso do tríplex do Guarujá. A defesa do petista nega que haja provas dos crimes e recorre da condenação no STJ (Superior Tribunal de Justiça) e no STF (Supremo Tribunal Federal).Além dos mais de 20 mil compartilhamentos no Facebook, a falsa informação do presente do Papa a Lula também foi replicada por cerca de 16 mil vezes no Twitter do ex-presidente, como mostra busca feita pela ferramenta Crowdtangle.Assim como os perfis de Lula e do PT, páginas de apoio ao petista que divulgaram o conteúdo falso, como a Mídia Ninja e as do deputado federal Paulo Pimenta (PT-RS) e do senador Lindbergh Farias (PT-RJ), ainda não haviam se retratado do erro de informação até as 15h desta terça-feira.Nova nota. O veículo oficial do Vaticano publicou no início da noite desta terça-feira (12) outra nota, em que detalha as conexões entre o Papa e o advogado e do que se trata o terço supracitado. A nota anterior, usada por Aos Fatos para produzir esta reportagem, foi deletada. Segundo o novo texto, ""havia imprecisões na tradução e nas transcrições que induziram a alguns erros"".""Grabois definiu inexplicável a rejeição de não ter podido se encontrar com Lula a quem queria levar um terço abençoado pelo Papa, as palavras do Santo Padre e as suas reflexões com os movimentos sociais e discutir assuntos espirituais com o ex-chefe de Estado"", disse o Vaticano. Na nova versão da nota, assim como na nota anterior, não há qualquer tipo de menção de envio do terço a pedido de Francisco.Carta a Lula. Já na tarde desta quarta-feira (13), o perfil do senador Lindbergh Farias (PT-RJ) no Twitter publicou uma carta de duas páginas, em espanhol, atribuída ao advogado Juan Grabois e endereçada ao ex-presidente Lula. No texto, ele diz que - após a publicação da primeira nota do Vatican News - entrou em contato com o Vaticano para pedir a retratação, que teria vindo na forma da segunda nota publicada na agência de notícias da Santa Sé.Mais adiante, na carta, o advogado diz que ""nunca revelou conteúdo de um encontro com o Papa Francisco, porque sou leal, o respeito e o admiro muitíssimo"". "	1
54	Vídeo mostra torcida do Bahia em 2018, não manifestação Lula livre	Vídeo mostra torcida do Bahia em 2018, não manifestação Lula livreVídeo mostra torcida do Bahia em 2018, não manifestação Lula livreTwitterFacebookE-mailWhatsAppVídeo mostra torcida do Bahia em 2018, não manifestação Lula livrePor Luiz Fernando Menezes 16 de abril de 2019, 16h13TwitterFacebookEmailWhatsAppUm vídeo que mostra a multidão de torcedores em volta do ônibus do Bahia antes da primeira partida do time na final do Campeonato Baiano do ano passado, na Arena Fonte Nova, em Salvador, tem sido veiculado nas redes sociais como se registrasse uma manifestação recente pela soltura do ex-presidente Luiz Inácio Lula da Silva (PT).A publicação enganosa denunciada por usuários do Facebook foi feita pela página Haddad é PT no dia 12 de abril e acumulava cerca de 3.200 compartilhamentos até a tarde desta terça-feira (16). Essa e todas as outras publicações com conteúdo igual foram marcadas com o selo FALSO na ferramenta de verificação da rede social (entenda como funciona).FALSOPovão (sic) querem LulaNão tem qualquer relação com a campanha Lula livre o vídeo de uma multidão em festa em torno de um ônibus vermelho e azul. O vídeo, na verdade, foi publicado no Instagram pelo perfil oficial do Esporte Clube Bahia em abril de 2018 e mostra a recepção do time pela torcida na chegada à Arena Fonte Nova, em Salvador. Na ocasião, o Bahia enfrentou o Vitória no primeiro jogo da final do Campeonato Baiano do ano passado. O mesmo vídeo também foi publicado no Twitter oficial da equipe.O vídeo, mesmo em baixa resolução, não esconde o logo do time baiano, que pode ser visto na lateral do ônibus. Abaixo, uma comparação entre o vídeo e uma foto do veículo utilizado pelo Bahia:Outro lado. Procurado por Aos Fatos nesta terça-feira (16), a página Haddad é PT não respondeu até a publicação desta checagem.TwitterFacebookEmailWhatsAppLeia tambémÉ falso que inverno de 2019 será o mais frio dos últimos cem anos no BrasilDesenhamos fatos sobre o orçamento das universidades federaisComo os filhos de Bolsonaro usam polêmicas para impulsionar engajamento no Twitter]	1
55	O senador e ex-deputado estadual Flávio Bolsonaro (PSL-RJ) não homenageou o policial militar reformado.	" #Verificamos: É falso que Flávio Bolsonaro tenha homenageado suspeito de matar MarielleRonnie Lessa, preso na manhã desta terça-feira, foi homenageado pelo ex-deputado estadual Pedro FernandesCircula nas redes sociais a ""informação"" de que o senador Flávio Bolsonaro (PSL-RJ), filho do presidente Jair Bolsonaro, teria homenageado Ronnie Lessa, suspeito do assassinato da vereadora Marielle Franco (PSOL-RJ). A homenagem teria sido feita quando Flávio era deputado estadual no Rio de Janeiro. Por meio do projeto de verificação de notícias, usuários do Facebook solicitaram que esse material fosse analisado. Confira a seguir o trabalho de verificação da Lupa:""Assassino da Marielle (...) foi condecorado pelo filho [de Bolsonaro] na Alerj [Assembleia Legislativa do Rio de Janeiro]""Imagem que foi publicada no Facebook e compartilhada mais de cem vezes até as 16h do dia 12 de março de 2019FALSOO senador e ex-deputado estadual Flávio Bolsonaro (PSL-RJ) não homenageou o policial militar reformado Ronnie Lessa, apontado pelo Ministério Público do Rio de Janeiro como autor dos disparos que mataram a vereadora Marielle Franco (PSOL). Esse fato pode ser constatado por meio de uma busca no site da Assembleia Legislativa do Rio de Janeiro (Alerj).Lessa foi homenageado pela Alerj em 23 de novembro de 1998. Ele recebeu uma Moção de Congratulação, Aplausos e Louvor do então deputado estadual Pedro Fernandes (PFL) _ avô do atual secretário de Educação do Estado do Rio de Janeiro, também chamado Pedro Fernandes (PDT). O filho mais velho de Bolsonaro se elegeu deputado estadual pela primeira vez em 2002, e tomou posse no ano seguinte.Ronnie Lessa, que mora no mesmo condomínio que o presidente Jair Bolsonaro (PSL), foi preso nesta terça-feira (12), apontado pelo MP-RJ como autor dos disparos contra Marielle.Vale destacar que Flávio homenageou, em duas ocasiões, o ex-capitão do Batalhão de Operações Especiais da Polícia Militar Adriano Magalhães da Nóbrega, suspeito de integrar a organização miliciana Escritório do Crime, além de empregar sua mãe e sua esposa em seu gabinete. O MP-RJ não descartou, em entrevista coletiva nesta terça, participação do Escritório do Crime ou de outras milícias no assassinato de Marielle.Em 2003, o filho mais velho do presidente apresentou uma moção de louvor ao capitão. Dois anos depois, apresentou projeto de lei que concedeu a Medalha Tiradentes ao ex-militar.Nota: esta reportagem faz parte do projeto de verificação de notícias no Facebook. Dúvidas sobre o projeto? Entre em contato direto com o Facebook.Editado por: Nathália Afonso"	1
56	Os valores e os itens citados na imagem são falsos.	" #Verificamos: É falso que, em 10 anos, patrimônio de Bolsonaro cresceu R$ 18 milhõesLista de propriedades citadas não tem relação com declarações feitas ao TSE nas eleições de 2010 e 2018Circula nas redes sociais um ""meme"" dizendo que, em dez anos, a conta bancária do presidente Jair Bolsonaro (PSL) foi de R$ 5 mil a R$ 18 milhões e que, agora, ele teria 20 imóveis, nove carros e ""investimentos milionários"". Por meio do projeto de verificação de notícias, usuários do Facebook solicitaram que esse material fosse analisado. Confira a seguir o trabalho de verificação da Lupa:""2009. [Jair Bolsonaro tinha] Conta bancária: 5 mil. Uma casa, dois carros, uma mobilete, duas bicicletas e seis varas de pescar. 2019. [Bolsonaro tem] Conta bancária: R$ 18 milhões. Oito casas, nove carros, moto aquática, 12 apartamentos, investimentos milionários""Imagem que circula no Facebook e que às 16h do dia 21 de janeiro de 2019 já tinha cerca de 300 compartilhamentosFALSOOs valores e os ítens citados na imagem checada pela Lupa são falsos. Segundo a lista de bens declarada por Bolsonaro ao Tribunal Superior Eleitoral (TSE) antes das eleições de 2018, no ano passado, seu patrimônio total somava R$ 2,286 milhões. Eram R$ 572 mil em aplicações em bancos - e não R$ 18 milhões -, um apartamento, quatro casas, dois carros e dois micro-ônibus. Não havia moto aquática ou ""investimentos milionários"". Além das aplicações bancárias, os únicos investimentos do presidente eram 127 ações da Oi, que, à época, foram avaliadas em R$ 1.282,84.Tampouco são verdadeiros os valores citados para 10 anos atrás. Em 2010, quando disputou as eleições para deputado federal, o patrimônio do atual presidente era de R$ 826,6 mil. Em aplicações em bancos, eram R$ 64,3 mil. Bolsonaro já tinha duas casas, um apartamento e cinco carros. Assim, o valor do patrimônio do presidente aumentou R$ 1,460 milhões - e não mais de R$ 18 milhões, como sugere a imagem analisada. Nas duas últimas legislaturas como deputado, Bolsonaro recebeu cerca de R$ 3,2 milhões, em valores brutos e sem correção monetária, em salários - que equivaliam a R$ 26,7 mil mensais entre 2011 e 2014 e R$ 33,8 mil a partir de 2015.*Nota: esta reportagem faz parte do projeto de verificação de notícias no Facebook. Dúvidas sobre o projeto? Entre em contato direto com o Facebook.Editado por: Cristina Tardáguila e Natália Leal"	1
57	Superamos a crise. Conforme números oficiais, o Brasil saiu da recessão que persistia desde 2015 em 2017.	"Mensagem de Temer ao Congresso distorce dados sobre economia, ambiente e Bolsa FamíliaMensagem de Temer ao Congresso distorce dados sobre economia, ambiente e Bolsa FamíliaTwitterFacebookE-mailWhatsAppMensagem de Temer ao Congresso distorce dados sobre economia, ambiente e Bolsa FamíliaPor Ana Rita Cunha e Luiz Fernando Menezes 8 de fevereiro de 2018, 17h00TwitterFacebookEmailWhatsAppO presidente Michel Temer não participou da sessão de abertura do ano legislativo, mas enviou uma mensagem ao Congresso lida pelo deputado Fernando Lúcio Giacobo (PR-PR). Na mensagem, o presidente citou dados econômicos sem contexto e usou informações erradas ao comentar o balanço das ações do governo.Em parceria com o UOL, Aos Fatos checou a mensagem presidencial. Veja abaixo o resultado.IMPRECISOSuperamos a crise.Conforme números oficiais, o Brasil saiu da recessão que persistia desde 2015 em 2017. No entanto, os indicadores ainda apontam incertezas sobre o vigor da recuperação. O PIB (Produto Interno Bruto) acumula alta de 0,6% até o terceiro trimestre de 2017, em relação ao mesmo período de 2016. A alta é puxada pelo setor agropecuário, que cresceu 14,5%, de janeiro a setembro ante mesmo período do ano passado. A indústria e o setor de serviços, em sentido contrário, registraram queda de 0,9% e de 0,2%, respectivamente, na mesma base de comparação.O IBC-Br (Índice de Atividade Econômica do Banco Central), índice calculado e usado pelo Banco Central para antecipar a tendência PIB, apontou uma alta de 1,06% de janeiro a novembro em 2017, ante mesmo período de 2016. O indicador, no entanto, não apresenta o resultado por setor.Outro fator que causa insegurança e dá nuance ao cenário econômico é que, embora os resultados do PIB nos últimos três trimestres sejam positivos, a sequência é de queda: 1,3% no primeiro trimestre, 0,7% no segundo trimestre e 0,1% no terceiro trimestre. Os números do quarto trimestre ainda não foram divulgados.VERDADEIROA inflação, que chegara à casa de 10%, caiu para menos de 3%.A inflação medida pelo índice oficial, o IPCA (Índice Nacional de Preços ao Consumidor Amplo), acumulou alta de 2,95%, ou seja, abaixo de 3%, conforme a mensagem presidencial. O resultado de 2017 ficou abaixo dos 6,29% registrados em 2016 e atingiu a menor inflação anual acumulada desde 1998, quando o índice foi de 1,65%. Em 2015, a inflação chegou a 10,67%.De acordo com os especialistas ouvidos pelo Banco Central na elaboração do último boletim Focus, o IPCA deve ter uma leve aceleração em 2018, passando para 3,94%.IMPRECISOO desemprego, que atingiu níveis alarmantes, começou a ceder.Conforme a Pnad (Pesquisa Nacional por Amostra de Domicílios), do IBGE, o número de desempregados entre agosto e outubro de 2017 chegou a aproximadamente 12,7 milhões de pessoas desocupadas no Brasil, uma queda de 4,4% em relação ao trimestre anterior. Na comparação anual, no entanto, o número de desempregados subiu 5,8%. Não fica claro a que período de tempo Temer se refere. A comparação anual é, muitas vezes, considerada mais adequada por refletir fatores sazonais.Além disso, em 2017, houve uma redução acumulada de 20.832 postos de trabalho, segundo dados do Ministério do Trabalho. O resultado representa um fechamento menos intenso de vagas do que registrado nos anos anteriores, mas não repete o saldo positivo apresentado de 2002 a 2014.IMPRECISOA indústria voltou a crescer.O indicador calculado pelo IBGE para medir a produção industrial mostrou um crescimento de 2,5%, em 2017, na comparação com o ano anterior. Essa é a primeira alta do indicador desde 2013. Apesar da alta, o resultado do PIB industrial ainda acumula queda até o terceiro trimestre, como demonstrado anteriormente nesta reportagem.IMPRECISOEm 2017, zeramos, pela primeira vez, a fila do Bolsa Família.O Palácio do Planalto afirma que zerou seis vezes a fila do Bolsa Família em 2017. No entanto, nas bases de dados federais, não existe série histórica sobre a fila do Bolsa Família - apenas sobre a quantidade de famílias assistidas pelo programa. No material divulgado à imprensa, a situação do fim da fila em janeiro de 2017, por exemplo, não é comparada com outros momentos do programa pelo Ministério do Desenvolvimento Social. Em janeiro de 2018, 14 milhões de famílias estavam cadastradas no programa.A questão, entretanto, transcende filas zeradas. O programa funciona com base em um mecanismo chamado busca ativa: o governo está sempre em busca pessoas em situação de extrema pobreza que não procuram de maneira autônoma se inscrever para receber o benefício, seja por conta de ausência de documentação civil, por migrações constantes, residência em territórios conflagrados, pertencimento a populações tradicionais de áreas isoladas ou mesmo por desconhecimento de seus direitos.Desse modo, a quantidade de famílias da fila de espera do Bolsa Família nunca é estável. Ao longo de 2017, por exemplo, aumentou e diminuiu conforme as variações na demanda pelos benefícios e no volume de cancelamento de beneficiários após detecção de fraudes. Por isso, foi possível zerar a fila todas as seis vezes divulgadas. Isso não significa que o governo abrigou sob o guarda-chuva do Bolsa Família todas as famílias abaixo da linha da pobreza.FALSO Antes, já aumentáramos o valor do benefício, depois de dois anos sem qualquer reajuste.O último reajuste de fato do governo Dilma ocorreu em maio de 2014, quando o Planalto autorizou aumento de 10% no valor do benefício. Durante a campanha pela reeleição, ela chegou a prometer que, em janeiro de 2015, concederia novo aumento ao programa, mas isso não ocorreu.Já sob pressão do processo de impeachment, Dilma anunciou no 1º de maio de 2016 reajuste de 9% no Bolsa Família. Em 6 de maio de 2016, o decreto nº 8.747 foi publicado no Diário Oficial da União. Segundo o texto, os beneficiários do programa passariam a receber os valores de R$ 164 e R$ 82 para famílias em situação de pobreza e extrema pobreza, respectivamente, respeitando tetos e variáveis per capita.Porém, depois de assumir a Presidência interinamente, Temer sustou o decreto. O Diário Oficial da União registrou, em 30 de junho de 2016, o cancelamento do reajuste proposto por Dilma.Um dia antes, porém, o peemedebista anunciara aumento de 12,5% no Bolsa Família. Os novos valores eram de R$ 170 e R$ 85 para famílias em situação de pobreza e de extrema pobreza e entrou em vigor de 1º de julho de 2016.Em novembro de 2017, o ministro Osmar Terra (Desenvolvimento Social) afirmou que o governo pretende reajustar novamente o benefício no primeiro semestre deste ano.EXAGERADO O desmatamento na Amazônia, que vinha crescendo desde 2012, voltou a cair.De acordo com o Prodes, projeto que realiza o monitoramento da Amazônia Legal desde 1988, o desmatamento de fato caiu 16% nos últimos dois anos: no ano passado é estimado que foram desmatados 6.600 km² de floresta, enquanto em 2016 a Amazônia perdeu 7.900 km².Vale ressaltar que, durante esse período, quase todos os estados apresentaram queda no desmatamento da Amazônia. Tocantins (-55%), Roraima (-43%) e Acre (-34%) apresentaram as maiores quedas. Houve aumento apenas no estado do Amapá, que subiu 82%.O que Temer não menciona em sua mensagem presidencial é que esses valores são superiores àquele registrado no último ano do governo Dilma Rousseff. Em 2015, foram desmatados 6.200 km². Isso significa que de 2015 a 2016 houve um aumento de 27% de área cortada.Também é errado dizer que o desmatamento vinha crescendo desde 2012, sendo que em 2014 houve uma queda de 18% (de 5.900 km² em 2013 para 5.000 km² em 2014).VERDADEIRO Nas Nações Unidas, tive a honra de ser o primeiro signatário de tratado global que proíbe o uso de armas nucleares.Temer se refere ao Tratado para Proibição de Armas Nucleares, que foi aprovado no dia 20 de setembro do ano passado e que proíbe que os países assinantes desenvolvam, testem, produzam, adquiram, tenham ou estoquem armas nucleares ou qualquer outro dispositivo nuclear explosivo. O presidente Michel Temer foi o primeiro a assinar o texto e depois foi seguido por mais 50 países.Além disso, o Brasil foi um dos países responsáveis por negociar o tratado no fim de 2016, junto com a África do Sul, Áustria, Irlanda, México e Nigéria. Naquela época, o texto foi aprovado por 122 países. Uma das principais críticas ao tratado é que nenhum dos países que possuem armas nucleares - Estados Unidos, Rússia, Reino Unido, China, França, Índia, Paquistão, Coreia do Norte e Israel - participou das negociações.Os Estados Unidos, por exemplo, argumentam que o acordo esquece do atual panorama norte coreano. Já a França se recusa a aceitar o acordo porque ele apenas ""enfraquece o Tratado de Não-Proliferação Nuclear (TNP)"", aprovado em 1970, e que permite que os continuem possuindo bombas atômicas, mas, paralelamente, proíbe os outros países de fabricar ou possuir armas nucleares.Do outro lado, Temer, que fez o discurso chamando outros países para a assinatura do Tratado, disse que ""os recentes testes nucleares e missilísticos na Península Coreana constituem grave ameaça, à qual nenhum de nós pode estar indiferente. O Brasil condena, com toda a veemência, esses atos. É urgente definir encaminhamento pacífico para situação cujas consequências são imponderáveis"".IMPRECISO Aumentamos o número de médicos...O CFM (Conselho Federal de Medicina) calcula o número total de médicos no Brasil e em cada estado continuamente. No mês de maio de 2016, início do governo Temer, existiam 420.755 médicos em atividade no país. Já no começo de 2017, o número tinha aumentado para 434.787. Hoje, o CFM estima que haja 453.075 médicos no Brasil, ou seja, desde o começo do governo, houve um aumento de 7,6%.O que Temer não disse em seu balanço é que, em novembro passado, o governo anunciou o congelamento por cinco anos da abertura de novos cursos de medicina no Brasil. Trata-se de uma guinada em relação à lei nº 12.871 de 2013, que criou o programa Mais Médicos. O objetivo dessa lei era facilitar a abertura de novas escolas de medicina a fim de diminuir a carência de profissionais em regiões desassistidas do país.A previsão era que o governo publicasse em dezembro o decreto da moratória, mas isso não aconteceu.De acordo com reportagem da BBC Brasil, o Brasil tem hoje 291 cursos de medicina, sendo que 30% deles foram abertos a partir de 2013, já sob a nova legislação. Com os cursos recém-abertos, o Brasil saltou de um patamar de 17.267 novos médicos formados em 2012 para um potencial de formar 29.996 profissionais por ano. Esse crescimento, segundo entidades médicas como o CFM, não é um crescimento sustentável.Já o programa Mais Médicos abriga desde 2015 18.240 médicos no país.IMPRECISO ... [aumentamos o número] de equipes de saúde da família...Segundo o DAB (Departamento de Atenção Básica) do Ministério da Saúde, em maio de 2016, o Brasil possuía 40.349 equipes de saúde familiar implantadas. Em dezembro de 2017, o número subiu para 42.119 equipes, um aumento de 4,3%. Porém, há um detalhe que Temer não menciona: a cobertura da Estratégia para a Saúde da Família diminuiu. O número de municípios com esse tipo de equipes foi de 5.476 para 5.467 no mesmo período.VERDADEIRO ""... aumentamos a quantidade de UPAs.""Segundo a assessoria de imprensa do Ministério da Saúde, contatada por Aos Fatos via e-mail, no começo da gestão Temer - maio de 2016 -, havia 451 UPAs (Unidades de Pronto Atendimento) em funcionamento no país. Hoje, o número subiu para 576 UPAs, um aumento de 27,7% .Não há, entretanto, base de dados pública atualizada para rechecar os números divulgados pelo ministério. Banco de dados referência de políticas públicas para a saúde, a Sage (Sala de Apoio à Gestão Estratégica) agrega informações sobre UPAs em funcionamento até outubro de 2016. Conforme suas bases, à época havia 506 unidades ativas no país em 384 municípios. Mesmo antigo, a quantidade é maior do que quando a ex-presidente Dilma Rousseff deixou o governo. Dessa forma, a afirmação foi considerada VERDADEIRA.Leia esta reportagem também no UOL. TwitterFacebookEmailWhatsAppLeia tambémCinco fatos sobre migraçãoNão é verdade que Moro afastou promotor do caso Queiroz e delegado que investiga morte de MarielleHomem em foto com Flávio Bolsonaro é assessor do senador, não acusado de matar Marielle]"	1
58	Câncer é um fungo! E bicarbonato de sódio ajuda a curar o câncer, diz Oncologista	" #Verificamos: É falso que bicarbonato de sódio cura câncerSociedade Brasileira de Oncologia informou que não há estudos que comprovem uso da substância para a cura da doençaCirculam pelas redes sociais publicações que afirmam que o bicarbonato de sódio ajudaria na cura de câncer. Os conteúdos também dizem que o câncer é um fungo. Por meio do projeto de verificação de notícias, usuários do Facebook solicitaram que esse material fosse analisado. Confira a seguir o trabalho de verificação da Lupa:""Câncer é um fungo! E bicarbonato de sódio ajuda a curar o câncer, diz Oncologista""Publicação que, até as 19h do dia 02 de maio, tinha sido compartilhada mais de 71,5 mil vezes no FacebookFALSOA informação analisada pela Lupa é falsa. A Sociedade Brasileira de Oncologia (Sboc) esclareceu que ""não há qualquer estudo ou evidência científica que comprove que o uso de bicarbonato de sódio auxilia o tratamento de câncer"". Em nota, a Sboc reforçou a importância de tratamentos convencionais recomendados por médicos oncologistas clíni"	1
59	É #FAKE que Lula aparece na lista de mais ricos do mundo da revista Forbes	"""É #FAKE que Lula aparece na lista de mais ricos do mundo da revista Forbes""Imagens de capas com o ex-presidente foram manipuladas. A própria publicação já negou a história em 2013. Circula nas redes sociais a afirmação de que o ex-presidente Luiz Inácio Lula da Silva apareceu na lista de pessoas mais ricas do mundo da revista Forbes em 2006. A mensagem é #FAKE.A história é propagada pelo menos desde 2012, mas voltou a ganhar força nos últimos dias. A equipe do Fato ou Fake encontrou duas imagens em que Lula figura na capa da revista na edição que divulgou o ranking. Em ambos os casos, a verdadeira capa foi manipulada.Em 2013, a pedido de um leitor, a própria revista publicou um artigo negando que já tenha listado Lula entre os maiores bilionários do mundo. O texto, que explica a metodologia de apuração da lista, conclui: ""Eu gostaria de ressaltar que, ainda que alguns bilionários sejam políticos, Lula não é um deles. Caso ele fosse, obviamente estaria na lista anual da Forbes"".O texto lembra que, após o fim do mandato, Lula recebeu cachês de empresas para conceder palestras ao redor do mundo. ""Contudo, não há nenhuma evidência sugerindo que Lula esteja perto de se tornar um bilionário.""O artigo ainda cita como exemplos de políticos bilionários o presidente do Chile, Sebastian Piñera, e o ex-prefeito de Nova York Michael Bloomberg. E refuta a tese de que um dos filhos do ex-presidente, Lulinha, era também um bilionário na época, apontando que sua empresa, Gamecorp, vinha sofrendo perdas substanciais.Vídeo: Veja como identificar uma mensagem falsa "	1
60	Pabllo Vittar, Jean Wyllys e Gilmar Mendes nunca prometeram parar de trabalhar caso Bolsonaro fosse eleito	"Pabllo Vittar, Jean Wyllys e Gilmar Mendes nunca prometeram parar de trabalhar caso Bolsonaro fosse eleitoPabllo Vittar, Jean Wyllys e Gilmar Mendes nunca prometeram parar de trabalhar caso Bolsonaro fosse eleitoTwitterFacebookE-mailWhatsAppPabllo Vittar, Jean Wyllys e Gilmar Mendes nunca prometeram parar de trabalhar caso Bolsonaro fosse eleitoPor Luiz Fernando Menezes 29 de outubro de 2018, 14h40TwitterFacebookEmailWhatsAppNão é verdade que o ministro do Supremo Tribunal Federal Gilmar Mendes prometeu deixar seu cargo, que a artista Pabllo Vittar prometeu parar de cantar e que o deputado Jean Wyllys (PSOL-RJ) prometeu deixar o Brasil caso Jair Bolsonaro (PSL) fosse eleito. Uma montagem que circula no Facebook recicla boatos que já foram desmentidos anteriormente.Ciro Gomes, que foi candidato à Presidência pelo PDT, outra personalidade incluída na imagem, por sua vez, de fato disse que sairia da política caso o resultado fosse a eleição do candidato do PSL. A declaração foi feita em setembro deste ano, durante uma sabatina.A montagem com as quatro figuras públicas foi publicada no Facebook no dia 22 de setembro por perfis pessoais, mas viralizou nesta segunda-feira (29) depois da eleição de Jair Bolsonaro. Até as 15h tarde desta segunda-feira, a montagem já acumulava mais de 330 mil compartilhamentos. O conteúdo foi denunciado por usuários do Facebook e classificado com o selo FALSO na ferramenta de verificação da rede social (entenda como funciona).FALSOSe ele ganhar, eu [Gilmar Mendes] saio do STF; se ele ganhar, eu [Ciro Gomes] saio da política; se ele ganhar, eu [Pabllo Vittar] paro de cantar; se ele ganhar, eu [Jean Wyllys] saio do BrasilA montagem que traz promessas de Gilmar Mendes, Ciro Gomes, Pabllo Vittar e Jean Wyllys utiliza uma declaração verdadeira - do ex-candidato à Presidência pelo PDT sobre desistir da política - para validar as outras três, que nunca ocorreram.A suposta promessa do ministro do STF Gilmar Mendes já foi derrubada por Aos Fatos anteriormente: o site República de Curitiba distorcia uma frase da coluna de Ricardo Noblat, da revista Veja, para dizer que, se o deputado fosse eleito presidente, deixaria o tribunal ainda este ano para que seu substituto fosse indicado imediatamente. A coluna disse que ""um dos 11 ministros do STF"" tinha feito essa declaração, mas nunca citou o nome de Mendes. O ministro, inclusive, negou que tenha sido ele em entrevista ao Diário do Poder.O ministro @gilmarmendes tem sido alvo de uma nova #fofoca, a de que renunciaria ao cargo no Supremo Tribunal Federal, no caso de vitória de @jairbolsonaro. Ao @DiariodoPoder ele garantiu que nunca disse isso. E que está tranquilo quanto ao resultado da eleição.- Cláudio Humberto (@ColunaCH) 21 de setembro de 2018A cantora Pabllo Vittar, recorrente tema de boatos, também não fez declaração parecida: Aos Fatos, em busca nas redes sociais da artista e em matérias da imprensa, não encontrou algo sobre ""parar de cantar"" se Bolsonaro fosse eleito. O site e-Farsas chegou a verificar uma história parecida, na qual a artista teria dito que, caso Bolsonaro fosse eleito, declararia toda sua carreira ""encerrada no Brasil"".A própria Pabllo desmentiu que sairia do Brasil caso Bolsonaro fosse eleito em um vídeo da página Quebrando o Tabu: ""para de ficar indo na minha rede social falar pra eu arrumar as malas, meu amor, porque eu não vou embora do meu país. Eu nasci aqui e vou morrer aqui"".Já em relação ao deputado federal reeleito pelo PSOL, Jean Wyllys, esta é pelo menos a segunda vez que seu nome é atribuído a uma promessa de sair do país devido aos desdobramentos de determinados fatos na política. Em 2016, um outro boato dizia que o deputado sairia do país caso a ex-presidente Dilma Rousseff sofresse impeachment. Wyllys gravou um vídeo para desmentir a história.Em relação à eleição de Bolsonaro, por mais que Wyllys tenha se posicionado contra o candidato do PSL várias vezes (em seu Twitter, chamou Bolsonaro de ""fascista desequilibrado que ameaça seus adversários ideológicos com o cárcere ou o exílio; um sujeito autoritário, despreparado, defensor da tortura e da ditadura, cujo único programa de governo é o ódio contra as minorias""), Aos Fatos não encontrou promessa parecida.A única pessoa citada na montagem que de fato disse que desistiria de sua carreira foi o ex-ministro Ciro Gomes. Durante sua sabatina ao jornal O Globo, à revista Época e ao Valor, em setembro deste ano, quando perguntado o que faria caso Bolsonaro fosse eleito, Ciro disse o seguinte: ""vou desejar boa sorte a ele, cumprimentar pelo privilégio de representar a maioria dos brasileiros e depois eu vou chorar e pedir pra mamãe me proteger [risadas]"" e complementou dizendo ""eu saio da política, eu saio"".Ciro Gomes publicou uma nota em sua conta oficial no Twitter na tarde de hoje (29) para explicar seu posicionamento em relação às eleições e desejar boa sorte ao próximo presidente: ""A um democrata verdadeiro o que se impõe após o segundo turno é simplesmente reconhecer a vitória eleitoral daquele que teve a maioria relativa dos votos do povo brasileiro"". Ciro aproveitou também para avisar que fará oposição a Bolsonaro: ""essa oposição que nasce, não se confunde com forças que só defendem a democracia ao sabor de seus interesses mesquinhos ou crescentemente inescrupulosos ou mesmo despudoramente criminosos"".A assessoria de Gilmar Mendes, por telefone, apenas reiterou que o boato já foi desmentido pelo ministro anteriormente e que ele já tinha dito que estaria ""tranquilo"" com a eleição de qualquer um dos dois candidatos.A assessoria de Jean Wyllys , por email, também lembrou que o deputado já desmentiu um boato parecido e finalizou dizendo que ""para não restar dúvida, o deputado Jean Wyllys continuará morando no Brasil e exercendo seu mandato como até agora. Ele jamais disse que iria embora do país, isso é uma estupidez. Esses analfabetos políticos repetem qualquer boato que encontram na internet. Ficaremos para cumprir o nosso terceiro mandato a partir de 2019; ficaremos para lutar e resistir, em defesa da democracia e dos direitos humanos"". Aos Fatos entrou em contato com a assessoria das outras duas personalidades para saber seu posicionamento em relação ao boato. Até a última atualização, no entanto, não havia recebido resposta. A reportagem será atualizada assim que as obtivermos.Esta reportagem foi alterada às 16h35 do dia 29 de outubro de 2018 para incluir a resposta da assessoria do ministro Gilmar Mendes.Esta reportagem foi alterada às 17h15 do dia 1 de novembro de 2018 para incluir a resposta da assessoria do deputado Jean Wyllys.TwitterFacebookEmailWhatsAppLeia tambémCinco fatos sobre migraçãoNão é verdade que Moro afastou promotor do caso Queiroz e delegado que investiga morte de MarielleHomem em foto com Flávio Bolsonaro é assessor do senador, não acusado de matar Marielle]"	1
61	Jair Bolsonaro não entrou andando no hospital após ser atacado	"Jair Bolsonaro não entrou andando no hospital após ser atacadoJair Bolsonaro não entrou andando no hospital após ser atacadoTwitterFacebookE-mailWhatsAppJair Bolsonaro não entrou andando no hospital após ser atacado 6 de setembro de 2018, 19h50TwitterFacebookEmailWhatsAppNão é verdade que Jair Bolsonaro, presidenciável do PSL, entrou andando no hospital após ser esfaqueado em Juiz de Fora (MG), como sugerem imagens e vídeos que circulam nas redes sociais nesta quinta-feira (6).Aos Fatos está checando as informações acerca do ataque a Jair Bolsonaro. Estes conteúdos foram marcados como FALSOS na ferramenta de verificação do Facebook (entenda como funciona). Leia a cobertura completa aqui.FALSOFoto mostra o candidato que sofreu uma tentativa de homicídio entrando a pé no hospital.Circulam nas redes sociais fotos (as originais estão aqui e aqui) e vídeos de Jair Bolsonaro andando normalmente por corredores de um local que parece ser um hospital. Junto a essas fotos, um comentário: ""Foto mostra o candidato que sofreu uma tentativa de homicídio entrando a pé no hospital"".Nos vídeos divulgados nas redes sociais, Bolsonaro cumprimenta e abraça simpatizantes e aparece sorridente. Esses registros, porém, não retratam o real momento em que Bolsonaro deu entrada no hospital após o atentado.Em uma das imagens, como esta abaixo, pessoas estão vestidas com uniformes de centro cirúrgico, mas se refere a um evento anterior ao atentado, realizado entre o fim da manhã e o início da tarde na Associação Feminina de Prevenção e Combate ao Câncer de Juiz de Fora, a Ascomcer. O UOL, republicando material da Agência Estado, narrou detalhes desse ato de campanha.Segundo a ferramenta de verificação do Facebook, imagens e vídeos que retratam essa visita tiradas de contexto já acumulam mais de 10 mil compartilhamentos na rede social. Elas foram marcadas como FALSAS, já que não se referem a eventos posteriores ao atentados. Esses registros são anteriores ao evento.TwitterFacebookEmailWhatsAppLeia tambémCinco fatos sobre migraçãoNão é verdade que Moro afastou promotor do caso Queiroz e delegado que investiga morte de MarielleHomem em foto com Flávio Bolsonaro é assessor do senador, não acusado de matar Marielle]"	1
62	É #FAKE que Haddad é acusado de estuprar menina de 11 anos	"""É #FAKE que Haddad é acusado de estuprar menina de 11 anos""Imagem circula com acusação no WhatsApp. Mensagem é falsa; garota na foto é cantora gospel e tem 16 anos. Circula no WhatsApp uma imagem com um texto que afirma que o candidato à Presidência Fernando Haddad (PT) é acusado de estuprar uma menina de 11 anos de idade. A mensagem é #FAKE.Além de não haver qualquer investigação, processo ou denúncia contra o candidato nesse sentido, o conteúdo aponta como fonte reportagens do UOL e do Jornal Nacional que jamais existiram.A peça de desinformação tem ainda a foto de uma criança cujo nome, diferentemente do que é informado na imagem, é Esther Marcos. Trata-se de uma atriz e cantora gospel que hoje tem 16 anos.Não é, portanto, verdade que Haddad é acusado de estuprar ""a pequena Vitória de 11 anos"" ou qualquer outra criança. A informação consta de uma imagem apócrifa que circula em grupos no WhatsApp na noite deste sábado (27), véspera do segundo turno das eleições presidenciais. Não há qualquer investigação, processo ou denúncia contra o candidato nesse sentido.Para concorrer à Presidência, qualquer candidato tem de apresentar à Justiça Eleitoral uma série de documentos que demonstrem idoneidade pública. As certidões servem como prova de que nada consta contra o candidato. No caso de Haddad, documentos do Tribunal de Justiça do Estado de São Paulo, da Justiça Federal de Primeiro Grau de São Paulo, do Tribunal Regional Federal da 3ª Região e do Tribunal Superior Eleitoral demonstram que não há pendências do candidato com a Justiça - muito menos que Haddad responde a qualquer acusação de estupro de menor.A imagem com conteúdo falso também aponta como fonte reportagens do UOL e do Jornal Nacional, da TV Globo, que jamais existiram. Não existe qualquer registro jornalístico, desses veículos ou de qualquer outro veículo de imprensa brasileiro, que aponte para essa acusação.A montagem também tem a foto de uma criança com nome falso. Ao usar a busca reversa do Google, o Aos Fatos encontrou a foto original, que é, na verdade, da atriz da novela do SBT Carrossel e cantora gospel Esther Marcos. É possível ver o mesmo registro no site Aniversário dos Famosos, junto com outros cliques da artista. A foto original tem uma marca dágua que atribui a autoria do registro à fotógrafa Thalita Tavares.A assessoria de imprensa do candidato também desmente a acusação.No site oficial do ex-presidente Lula, um texto diz: ""Uma mentira suja, triste, sórdida, baixa, absurda. Uma mentira grave, em suma"".Neste sábado e domingo a equipe do Fato ou Fake se uniu a outras cinco agências de checagens de notícias no Brasil para checar as mensagens de conteúdo suspeito nesta reta final das eleições. A ideia de juntar forças é para ganhar mais agilidade e aumentar o alcance das checagens. A parceria reúne o Fato ou Fake, Projeto Comprova, Lupa, Aos Fatos, Boatos.org e E-Farsas. "	1
63	Suspeito de assassinar Marielle Franco não é filiado ao PT	" #Verificamos: Suspeito de assassinar Marielle Franco não é filiado ao PTInformação pode ser verificada no site do Tribunal Superior Eleitoral Circula em redes sociais que ""o assassino"" da vereadora Marielle Franco seria filiado ao PT. Por meio do projeto de verificação de notícias, usuários do Facebook solicitaram que esse material fosse analisado. Confira a seguir o trabalho de verificação da Lupa:""Engraçado. Depois que foi descoberto que o assassino de Marielle era do PT, parece que finalmente ela morreu. Ninguém fala mais nada""Texto de imagem publicada no Facebook que, até às 16 h do dia 28 de março de 2019, já tinha mais de 7,3 mil compartilhamentosFALSODois suspeitos foram presos pelo assassinato de Marielle _ o policial militar reformado Ronnie Lessa e o ex-policial militar Élcio Vieira de Queiroz. Nenhum deles consta na lista de filiados do PT disponível no site do Tribunal Superior Eleitoral. No Rio de Janeiro, há três filiados ao partido que têm o nome ""Ronnie"", mas nenhum deles é o homem detido pela morte da vereadora do PSOL.Elcio Queiroz, por sua vez, é filiado ao Democratas (DEM) no RJ desde 2011. No dia 12 de março, quando a polícia civil prendeu os dois suspeitos, o jornal O Globo publicou que o DEM tinha a intenção de expulsá-lo por ""descumprimento dos deveres éticos previstos estatutariamente"". No entanto, ele continua na lista mais recente de filiados da sigla disponível no site do TSE. Nota: esta reportagem faz parte do projeto de verificação de notícias no Facebook. Dúvidas sobre o projeto? Entre em contato direto com o Facebook.Editado por: Natália Leal e Chico Marés"	1
64	É falsa a notícia espalhada pelo PT de que acabaremos com o salário mínimo. Defendemos apenas o fim do 13° salário e das férias pagas.	" #Verificamos: É falso tuíte do PSL a favor do fim de férias remuneradas e 13° salárioPerfil que teria publicado mensagem nas redes sociais não pertence ao partido políticoCircula nas redes sociais a imagem de um tuíte atribuído ao Partido Social Liberal (PSL), legenda do presidente da República, Jair Bolsonaro, em defesa do fim do 13° salário e das férias remuneradas. Por meio do projeto de verificação de notícias, usuários do Facebook solicitaram que esse material fosse analisado. Confira a seguir o trabalho de verificação da Lupa:""A direção distrital do PSL esclarece: é falsa a notícia espalhada pelo PT de que acabaremos com o salário mínimo. Defendemos apenas o fim do 13° salário e das férias pagas.""Legenda de imagem que, até as 16 horas do dia 21 de fevereiro de 2019, tinha sido compartilhada mais de 250 vezes no Facebook.FALSOO tuíte analisado pela Lupa existe, mas não foi feito pelo perfil oficial do PSL. A conta oficial da legenda no Twitter é o @PSL_Nacional e possui selo de verificação. Na foto compartilhada pelo Facebook, o endereço que aparece é o @PSLOFICIAL. Todos os tuítes desta conta, que tem apenas 146 seguidores, foram deletados.Tanto o 13° salário como as férias remuneradas são direitos garantidos pela Constituição e fazem parte das cláusulas pétreas. São dispositivos que não podem ser modificados nem mesmo por uma proposta de emenda constitucional.Essa checagem foi feita pelos sitesAos Fatos e Fato ou Fakeno ano passado.Nota: esta reportagem faz parte do projeto de verificação de notícias no Facebook. Dúvidas sobre o projeto? Entre em contato direto com o Facebook.Editado por: Natália Leal"	1
65	Principal aliado de Bolsonaro no Amapá acaba de ser preso pela PF por diversos crimes, ele pedia o fim da corrupção e a prisão de Lula	" #Verificamos: É falsa notícia de que aliado de Bolsonaro acaba de ser preso pela PF no AmapáEx-secretário de Educação de Macapá foi detido em operação realizada em novembro de 2017Circula nas redes sociais a ""notícia"" de que um dos principais aliados dos presidente eleito, Jair Bolsonaro (PSL), no Amapá teria acabado de ser preso pela Polícia Federal. Por meio do projeto de verificação de notícias, usuários do Facebook solicitaram que esse material fosse analisado. Confira a seguir o trabalho de verificação da Lupa:""Principal aliado de Bolsonaro no Amapá acaba de ser preso pela PF por diversos crimes, ele pedia o fim da corrupção e a prisão de Lula""Foto e texto que circulam na internet e que, até às 18h40 do dia 6 de dezembro de 2018, tinham sido compartilhados mais de 1,4 mil vezes no FacebookFALSOA postagem analisada pela Lupa, feita no dia 4 de dezembro de 2018, republica conteúdo antigo como se fosse atual. O homem que aparece na foto ao lado do presidente eleito Jair Bolsonaro é Moisés Rivaldo Pereira, promotor de justiça aposentado e ex-secretário Municipal de Educação de Macapá. Diferente do que consta no texto avaliado pela agência na tarde desta quinta-feira (6), Pereira não ""acaba de ser preso"". Foi detido na operação ""Minamata"", feita pela Polícia Federal, em 30 novembro de 2017. A postagem atual retoma um link do site FalandoVerdades com data de 30 de novembro de 2017 - sem informar que se trata de informação com mais de um ano de idade.Naquele dia, Pereira e outras dez pessoas foram presas pela PF. A investigação apurou as atividades de uma organização criminosa, acusada de trabalho escravo, degradação ambiental, falsidade ideológica e lavagem de dinheiro. O ex-secretário ficou preso preventivamente por quase um mês, no Centro de Custódia Especial do Zerão, na Zona Sul de Macapá. E, no dia 25 de dezembro de 2017, passou a cumprir prisão domiciliar.A foto que circula agora nas redes sociais também foi usada pela coluna do jornalista Lauro Jardim, de O Globo, para comentar a prisão de Pereira - na época em que ela efetivamente ocorreu. A Lupa procurou o advogado de Moisés Pereira, Cícero Bordalo Júnior, para saber se o ex-secretário continuava em prisão domiciliar, mas não obteve respostas. *Nota: esta reportagem faz parte do projeto de verificação de notícias no Facebook. Dúvidas sobre o projeto? Entre em contato direto com o Facebook.Editado por: Cristina Tardáguila e Clara Becker"	1
66	É #FAKE que robô em vídeo de feira seja de combate e feito para guerra mundial	"""É #FAKE que robô em vídeo de feira seja de combate e feito para guerra mundial""Mensagem junto a vídeo tem bombado na web. Equipamento, na verdade, é usado para entretenimento em festas e eventos. Circula pelas redes sociais um vídeo em que um robô gigante capaz de caminhar e repetir falas e gestos humanos caminha em uma feira. O vídeo é acompanhado de uma legenda que diz que o robô é de combate e está pronto para uma possível guerra mundial. A mensagem é #FAKE.O robô está no vídeo, de fato, em uma feira de equipamentos militares, a International Defense Exhibition (Idex), em Dubai, mas não é um robô de combate. A vestimenta, inclusive, faz parte de seu ""show"".O equipamento, chamado Titan, é feito pela empresa britânica Cyberstein e é usado por empresas em festas e eventos. Uma visita ao site da empresa que constrói o robô revela que ele é apresentado como o futuro do entretenimento. Os clientes o definem como ""histericamente engraçado"" e ""incrivelmente legal"".""Feira de artigos militares nos Emirados Árabes Unidos. O sheikh Mohamed Bin Zayed Bin, sultão Al Nahyan, comumente conhecido como príncipe herdeiro de Abu Dhabi, vice-presidente Supremo das Forças Armadas, apresenta o robô de combate assustador, pronto para uma possível guerra mundial.""Vídeo: Veja como identificar uma mensagem falsa "	1
67	"É #FAKE imagem que mostra manchete sobre pesquisa Ibope para presidente ""Candidato Jair Bolsonaro não aparece com 63% dos votos em nenhuma sondagem. G1 nunca publicou tal resultado de pesquisa. Um post com uma imagem falsa que mostra o resultado de uma pesquisa Ibope tem bombado nas redes sociais. A mensagem diz que o G1 divulgou o resultado ""não manipulado"" com o candidato Jair Bolsonaro (PSL) com 63% das intenções de voto. O texto e o print são #FAKE. O G1 nunca publicou tal resultado de pesquisa."	"""É #FAKE imagem que mostra manchete sobre pesquisa Ibope para presidente ""Candidato Jair Bolsonaro não aparece com 63% dos votos em nenhuma sondagem. G1 nunca publicou tal resultado de pesquisa. Um post com uma imagem falsa que mostra o resultado de uma pesquisa Ibope tem bombado nas redes sociais. A mensagem diz que o G1 divulgou o resultado ""não manipulado"" com o candidato Jair Bolsonaro (PSL) com 63% das intenções de voto. O texto e o print são #FAKE. O G1 nunca publicou tal resultado de pesquisa.A última pesquisa Ibope para presidente divulgada na quarta-feira (26) mostra o candidato Jair Bolsonaro com 27% dos votos, Fernando Haddad com 21%, Ciro Gomes com 12%, Alckmin com 8% e Marina Silva com 6%. Os números são diferentes dos apresentados no print falso que circula pelo WhatsApp.Além disso, no post falso, o percentual de todos os candidatos soma 100%, sem considerar a existência de votos nulos ou brancos e os que não sabem/não responderam.A última pesquisa Ibope mostra que 11% dos eleitores optam pelo voto branco ou nulo e 7% estão entre os que não sabem/não responderam.Mesmo se forem considerados apenas os votos válidos da última pesquisa, o resultado não chega nem próximo do falso post. Neste caso, Bolsonaro vai a 33%, Haddad a 25%, Ciro a 15%, Alckmin, a 9% e Marina, a 7%. Além deles, aparecem pontuando: João Amoêdo (4%), Alvaro Dias (3%), Henrique Meirelles (3%) e Guilherme Boulos (1%). "	1
68	Não é crime eleitoral fotografar ou rasurar comprovante de votação.	"Não é crime eleitoral fotografar ou rasurar comprovante de votaçãoNão é crime eleitoral fotografar ou rasurar comprovante de votaçãoTwitterFacebookE-mail<a href=""#"" data-text=""*Não é crime eleitoral fotografar ou rasurar comprovante de votação*https://aosfatos.org/noticias/nao-e-crime-eleitoral-fotografar-comprovante-de-votacao/Fotografar o comprovante de votação com o número do candidato por escrito não configura crime eleitoral, de acordo com o TSE (Tribunal Superior Eleitoral). A falsa hipótese foi levantada em corrente que circula no WhatsApp neste domingo (28).No comprovante não constam informações sobre os candidatos escolhidos na votação, servindo apenas para indicar que a pessoa compareceu ao pleito e votou. O TSE afirmou ainda que nada impede que o próprio eleitor manifeste &quot;espontaneamente sua preferência, indicando em quem pretenda votar ou em que tenha votado&quot;. A permissão a tipo de manifestação está, inclusive, prevista na legislação eleitoral.A corrente foi enviada por leitores de Aos Fatos via WhatsApp com pedido de checagem (saiba mais). Para participar, adicione o número (21) 99956-5882 nos seus contatos e envie uma mensagem pra gente com o seu nome.Confira abaixo o que checamos.FALSO_&quot;Atenção NAO fotografem seu comprovante de voto . ISSO É CRIME ELEITORAL!!!&quot;_Não é crime eleitoral fotografar o comprovante de votação, como afirma incorretamente corrente que circula no Whatsapp. No comprovante de votação, constam apenas informações sobre o eleitor, local de votação e turno e ano da eleição. No documento, não há nenhuma informação do candidato ou candidata escolhido na votação. O comprovante de votação serve apenas para informar a regularidade da situação do eleitor, indicando que a pessoa compareceu ao pleito e votou.A resolução 23.399/13 do TSE veta ao eleitor o porte de ""aparelho de telefonia celular, máquinas fotográficas, filmadoras, equipamento de radiocomunicação, ou qualquer instrumento que possa comprometer o sigilo do voto"" na cabine de votação. Quem desrespeita a regra pode ser enquadrado no artigo 347, do Código Eleitoral, por desobedecer ordens da Justiça Eleitoral, estando sujeito à multa e à detenção por três meses a um ano, e no artigo 312, por violar o sigilo do voto, sujeito à detenção por até dois anos. Ou seja, quem fotografa o voto na urna e posta nas redes sociais está cometendo crime eleitoral.Segundo nota da assessoria de imprensa do TSE, essa medida na legislação visa impedir ""o retorno do denominado voto de cabresto, consistente em formas de controlar o voto dos cidadãos, por meio, por exemplo, de ameaças ou oferecimento de vantagens"". De acordo com a assessoria do tribunal, se resguardado o sigilo do voto da u"	1
69	FALSOA imagem da Charlie Hebdo que critica Lula e o STF é falsa. Trata-se na verdade de uma montagem feita sobre a capa d	" #Verificamos: É falsa a capa da revista Charlie Hebdo que satiriza Lula e o STFMontagem foi produzida a partir de edição publicada em 2010, que traz charge com um menino Jesus muçulmanoCircula nas redes sociais a imagem de uma capa da revista satírica francesa Charlie Hebdo que ironiza o ex-presidente Luiz Inácio Lula da Silva (PT) e o Supremo Tribunal Federal (STF). A página é ilustrada por uma montagem da Santa Ceia, com as fotos dos ministros e do petista, acompanhada de uma legenda: ""Corte Suprema do Brasil acredita que Lula é um santo"". Por meio do projeto de verificação de notícias, usuários do Facebook solicitaram que esse material fosse analisado. Confira a seguir o trabalho de verificação da Lupa:""Os franceses fazem chacota do STF brasileiro""Legenda de post que, até as 12h do dia 26 de abril de 2019, havia sido compartilhado mais de 14 mil vezes no FacebookFALSOA imagem da Charlie Hebdo que critica Lula e o STF é falsa. Trata-se na verdade de uma montagem feita sobre a capa da edição 966 da revista francesa, publicada em 22 de dezembro de 2010. Na edição original, há uma charge que mostra um menino Jesus islâmico, em posição de oração na manjedoura, diante de José e Maria assustados e um boi e um cavalo raivosos. O desenho vem acompanhado de uma frase, que diz: ""Islamofobia. Devemos ter medo do pequeno Jesus?""São comuns montagens que usam capas do semanário humorístico para tratar de temas brasileiros. Recentemente, circulou pelo Facebook uma outra edição falsa que criticava a censura do ministro do STF Alexandre de Moraes à revista Crusoé. No início do ano, uma versão modificada da publicação fazia uma sátira com a presidente do PT, Gleisi Hoffmann.Nota: esta reportagem faz parte do projeto de verificação de notícias no Facebook. Dúvidas sobre o projeto? Entre em contato direto com o Facebook.Editado por: Chico Marés"	1
70	É falso que primeira-dama pediu ao governo envio de veterinários para resgatar animais em Brumadinho	"É falso que primeira-dama pediu ao governo envio de veterinários para resgatar animais em BrumadinhoÉ falso que primeira-dama pediu ao governo envio de veterinários para resgatar animais em BrumadinhoTwitterFacebookE-mailWhatsAppÉ falso que primeira-dama pediu ao governo envio de veterinários para resgatar animais em BrumadinhoPor Luiz Fernando Menezes 28 de janeiro de 2019, 17h20TwitterFacebookEmailWhatsAppNão é verdade que a primeira-dama Michelle Bolsonaro teria requisitado ao Ministério da Agricultura o envio de cem veterinários para auxiliar as buscas por animais que foram vítimas do rompimento da barragem em Brumadinho (MG). Além do órgão ter desmentido a informação enganosa, a publicação que vem sendo reproduzida nas redes foi feita originalmente em um perfil falso da mulher do presidente Jair Bolsonaro (PSL).No Facebook, uma das reproduções do post, publicada pela página Brasil Acima de Tudo, já acumula mais de 15 mil compartilhamentos. Essa e dezenas de outras postagens que trazem o conteúdo enganoso foram marcadas por Aos Fatos com o selo FALSO na ferramenta de verificação da rede social (entenda como funciona). Publicações semelhantes foram identificados também no Instagram e no Twitter.FALSOMichelle Bolsonaro: Pedi com os olhos cheios de lágrimas para o Ministro da Agricultura o envio de veterinários para cuidar dos animais que estavam sendo esquecidos, ele disponibilizou cerca de 100 médicos veterinários que já estão em Brumadinho dando auxílio na recuperação dos animais que sobreviveram, muitos animais estão bem debilitados, mas os veterinários afirmam que poucos correm riscos de vida.A primeira-dama Michelle Bolsonaro não tem um perfil ou página oficiais no Facebook. O que há, naquela rede social, são diversos perfis falsos e páginas ""de apoio"" à ela, como é o caso da que viralizou desde domingo (27).Nesta segunda-feira (28), Aos Fatos entrou em contato com a assessoria do Ministério da Agricultura que, por telefone, negou que tenha recebido qualquer pedido semelhante ao descrito na publicação, seja de Michelle Bolsonaro, ou de órgão governamental.A foto que ilustra o post também é enganosa. Usada em sites de notícia desde 2007, pelo menos, ela mostra cirurgia feita em um cavalo dentro de um dos hospitais veterinários da Unesp, em São Paulo.A publicação viral também erra ao dizer que há um ministro da Agricultura, quando, na verdade, a pasta é chefiada por uma mulher: Tereza Cristina.O Boatos.org também publicou uma verificação semelhante sobre esta peça de desinformação.Resgate. O MP MG (Ministério Público do Estado de Minas Gerais) fez uma recomendação à Vale para que seja elaborado um plano emergencial de localização, resgate e cuidado dos animais atingidos e requisitou o envio de relatórios diários sobre as medidas adotadas em prol dos animais impactados.Segundo o Globo, grupos de proteção aos animais reclamam da falta de apoio da empresa para o resgate de bois, vacas, capivaras e cachorros. Voluntários relatam ainda que seu trabalho tem sido prejudicado pelos bombeiros e policiais, que os impedem de resgatar os animais.TwitterFacebookEmailWhatsAppLeia tambémCinco fatos sobre migraçãoNão é verdade que Moro afastou promotor do caso Queiroz e delegado que investiga morte de MarielleHomem em foto com Flávio Bolsonaro é assessor do senador, não acusado de matar Marielle]"	1
71	Luiz Marinho erra dados sobre PT, Petrobras e morte de policiais	"Na sabatina do UOL, Luiz Marinho erra dados sobre PT, Petrobras e morte de policiaisNa sabatina do UOL, Luiz Marinho erra dados sobre PT, Petrobras e morte de policiaisTwitterFacebookE-mailWhatsAppNa sabatina do UOL, Luiz Marinho erra dados sobre PT, Petrobras e morte de policiaisPor Ana Rita Cunha, Bernardo Moura, Judite Cypreste e Luiz Fernando Menezes 28 de maio de 2018, 22h18TwitterFacebookEmailWhatsAppEm parceria com o UOL, checamos declarações de Luiz Marinho, pré-candidato do PT ao governo do estado de São Paulo, em sabatina realizada nesta segunda-feira (28). Durante a entrevista, o petista errou ao afirmar que seu partido é o maior do país e que a polícia paulista é a que mais morre. O pré-candidato também tropeçou ao comentar dados sobre o refino da Petrobras e o volume do reservatório da Cantareira.Luiz Marinho foi o primeiro a participar da sabatina promovida pelo UOL, pelo jornal Folha de S.Paulo e pelo SBT com os pré-candidatos ao Palácio dos Bandeirantes nas eleições deste ano. Confira, abaixo, o que verificamos.FALSOO [PT é o] maior partido do país...É o MDB e não o PT o maior partido do Brasil hoje, segundo o Tribunal Superior Eleitoral (TSE). Em abril deste ano, último dado disponível, o Partido dos Trabalhadores aparece em segundo lugar, com 1.589.871 eleitores filiados - 9,46% do total de votantes - ante 2.395.172 membros do MDB, o que corresponde a 14,25% do eleitorado do país.Outro lado. Segundo a assessoria de Luiz Marinho, quando ele se referiu ao tamanho do partido, quis dizer o tamanho da bancada de deputados federais, um dos números utilizados pela legislação para o cálculo de tempo de propaganda em rádio e TV (90% são proporcionais à bancada e 10% são distribuídos igualitariamente entre os candidatos). Como é mostrado em checagem publicada abaixo, o PT - com 61 deputados - possui a maior bancada de deputados se não considerarmos a bancada do bloco parlamentar PP, PODE e AVANTE - que possui 69 representantes.VERDADEIRO...[PT conta] com a maior preferência partidária do país, 20% do Brasil...O dado citado pelo pré-candidato corrobora com resultado da última pesquisa Datafolha, realizada entre 11 e 13 de abril, em que 20% dos entrevistados manifestaram simpatia pelo PT. O MDB aparece em segundo lugar, com 4% das citações, e é seguido por PSDB (3%), PDT e PSOL (1% cada). A margem de erro deste levantamento foi de dois pontos percentuais para mais ou para menos. Na mesma pesquisa, 62% revelaram não ter nenhuma preferência partidária.É importante ressaltar que essa é a maior preferência do PT desde a queda de Dilma (em dezembro de 2016, só 9% dos eleitores tinham simpatia pelo partido) e que o valor ainda é menor do que o de fevereiro de 2010 (24%), o maior registrado pela pesquisa.IMPRECISO[O PT tem] a maior bancada federal...Hoje, na Câmara dos Deputados, o bloco parlamentar que reúne PP, Podemos e Avante é a maior bancada da Casa, com 69 deputados federais. O PT aparece em segundo lugar, com 61 representantes.Desconsiderados os blocos parlamentares, o PT torna-se a maior bancada, como sustenta Luiz Marinho.FALSO A Petrobras hoje tomou a decisão de diminuir o refino de petróleo no Brasil. Você vai olhar 2016 e 2017 e agora.A Petrobras reduziu o refino de petróleo nas refinarias desde 2015, ainda no governo Dilma, durante a transição da presidência da estatal de Graça Foster, que saiu em fevereiro de 2015, para Aldemir Bendine, que ficou até maio de 2016. Hoje a empresa é presidida por Pedro Parente.Em 2014, a Petrobras processava 121,3 milhões de m³, valor que recuou para 114,1 milhões de m³ em 2015, caindo ainda mais em 2016, para 105,2 milhões de m³, e chegando a 99,7 milhões m³ em 2017, de acordo com dados da ANP (Agência Nacional de Petróleo, Gás e Biocombustíveis). Se olharmos o resultado de 2018, até março, o refino de petróleo mantém a trajetória de queda de 7,34% em relação ao mesmo período de 2017.Além da queda no refino do petróleo, a Petrobras reduziu a produção de combustíveis de petróleo em suas refinarias também a partir de 2015, ainda sob Dilma Rousseff. Em 2014, as refinarias da estatal produziram 107,8 milhões de m³ de combustíveis, número que recuou para 101,7 milhões de m³ em 2015, ficou em 95,3 milhões de m³ em 2016 e alcançou 90,9 milhões de m³ em 2017. No primeiro trimestre, a produção de combustíveis nas refinarias da Petrobras recuou 8,23% na comparação com o mesmo período de 2017.A diminuição da produção nas refinarias ocorreu em um momento de queda do consumo interno. Especificamente no setor de combustíveis, o volume de venda no país acumulou queda de 6% de 2014 a 2017.Outro lado. Luiz Marinho defende que a variação do último ano do governo Dilma ""deve ser tratada como sazonal, diferente da redução sob a gestão MDB/tucanos"".Também diz que se referia à decisão de compensar o não refino com importações: ""o refino de combustíveis diminuiu no governo Dilma mas não foi compensado pelo aumento de importações, como vem ocorrendo desde 2016"". Vale lembrar que a trajetória das importações de combustíveis no Brasil é crescente desde 2002, quando mudança na legislação acabou com o monopólio da Petrobras para importar petróleo e derivados.FALSO A polícia de São Paulo é a que mais morre nos confrontos.Segundo dados divulgados no último Anuário de Segurança Pública no Brasil, relativos ao ano de 2016, o estado que teve a maior taxa de morte de policiais civis e militares em confronto foi o Rio de Janeiro. Com uma taxa de 2,3 mortes por cada mil policiais na ativa o Rio lidera o ranking, seguido por Roraima e Ceará. O estado de São Paulo é o 14° com mais policiais mortos em confronto, com uma taxa de 0,7 mortes a cada mil policiais na ativa. Esses dados são relativos a mortes de policiais civis e militares, em confrontos em serviço ou em confronto ou por lesão não natural fora de serviço.Em número de morte absolutas, o Rio de Janeiro registrou 132 mortes de policiais, enquanto São Paulo registrou 80 policiais mortos em confronto em 2016, o segundo maior número de mortes absolutas. Já o levantamento do Monitor de Violência, realizado em maio deste ano pelo G1, mostra que as posições dos Estados no ranking permanecem, porém, com números mais recentes. O Rio de Janeiro lidera com 119 mortes de policiais em 2017, contra 60 em São Paulo. Os dados foram coletados nas secretarias de Segurança Pública dos estados. Os dados são sobre números absolutos e incluem as polícias civil e militar no somatório.Outro lado. Com relação ao dado de homicídios, a assessoria de imprensa de uiz Marinho informou que o pré-candidato falava ""em relação a proporção de ações x letalidade"". Aos Fatos não encontrou nenhum levantamento com índice de morte de policiais por ação executada. Questionamos a assessoria de imprensa do candidato a respeito da fonte desse índice, mas, até a noite desta segunda-feira (28), não tivemos resposta.FALSO O reservatório do Cantareira, neste momento, está abaixo do que esteve quando iniciou a crise [hídrica] em 2015.Como o pré-candidato começa o raciocínio dizendo que ""nós podemos repetir a mesma crise que tivemos em 2014 e 2015"", é provável que, na declaração sobre a Cantareira que Aos Fatos checou, ele tenha se confundido em relação ao ano de início da crise hídrica de São Paulo. Foi em 2014, e não 2015, quando foram observadas as mais baixas afluências ao Cantareira.Hoje, segundo o boletim diário das condições dos mananciais publicados pela Sabesp, o Sistema Cantareira está com 46,7% de índice armazenado.Como Marinho disse que o volume atual está ""abaixo do que esteve quando iniciou a crise"", levamos em consideração o começo de 2014. No dia 1º de janeiro daquele ano, o mesmo índice estava em 27,2%, bem abaixo do atual.Já se levarmos em consideração a mesma época do ano (28 de maio), o sistema estava com seu armazenamento calculado em 25,3% em 2014. Vale destacar que, em 16 de maio daquele ano, a primeira reserva técnica já tinha entrado em operação para aumentar o volume útil do sistema, que tinha chegado a 8,2% no dia 15 de maio.Outro lado. Segundo a assessoria de imprensa de Luiz Marinho, o pré-candidato referia-se ao ano de 2013 como início da crise, pois foi ""quando surgiram os primeiros alertas de crise hídrica"" e ""o volume de água do sistema era de 61,5% de sua capacidade de armazenamento"".IMPRECISO Se você observar, tem apenas 13% das escolas estaduais com verdadeiras bibliotecas...Segundo dados do Censo Escolar INEP 2017, apenas 594 (cerca de 10%) das 5.832 escolas estaduais do Estado de São Paulo possuem biblioteca. No Brasil, cerca de 60% das unidades de ensino estaduais possuem essa infraestrutura, o que representa 18.362 escolas.O número pula para 2.638 escolas (cerca de 14%) quando se leva em conta todas as escolas públicas paulistas - municipais, estaduais e federais. Em relação ao dados do país inteiro, cerca de 31% das escolas públicas brasileiras possuem bibliotecas.Outro lado. A assessoria de imprensa informou que os dados usados pelo pré-candidato referem-se aos do Censo Escolar de 2015 - dados com dois anos de defasagem - e ""a quantidade de bibliotecas nas escolas estaduais de ensino médio"". Os números do Censo Escolar de 2015, no entanto, indicam que apenas 8% das escolas de ensino médio estaduais paulistas tinham bibliotecas. Ainda segundo a nota enviada pela assessoria do petista ""o quadro geral, como o próprio levantamento feito por vocês pode comprovar, mostra que a situação é ainda mais grave"". TwitterFacebookEmailWhatsAppLeia tambémCinco fatos sobre migraçãoNão é verdade que Moro afastou promotor do caso Queiroz e delegado que investiga morte de MarielleHomem em foto com Flávio Bolsonaro é assessor do senador, não acusado de matar Marielle]"	1
72	Temer oficializa fim do projeto Farmácia Popular	" #Verificamos: Temer não oficializa fim do projeto Farmácia PopularNotícia com mais de 17 mil interações no Facebook informa que repasses para o programa foram cortadosCircula no Facebook a ""notícia"" de que o governo de Michel Temer teria oficializado o encerramento do programa que distribui medicamentos em farmácias credenciadas, o Farmácia Popular. A Lupa foi conferir a origem dessa história. Veja abaixo o resultado: ""Temer oficializa fim do projeto Farmácia Popular""Título de postagem feita pelo site Jornal GGN no dia 22 de maio e com mais de 17 mil interações no Facebook em 48 horas FALSOEm primeiro lugar, vale destacar que a ""notícia"" em questão foi postada na última terça-feira dia 22 de maio de 2018, mas usa como fonte uma reportagem que foi publicada pelo site Brasil247 há um ano (em 11 de maio de 2017). A Lupa procurou o Ministério da Saúde (MS), e a pasta negou o fim do projeto. Em nota, informou que houve um remanejamento de recursos e que, em 2017, 393 unidades próprias do governo, ou seja pontos mantidos por ele dentro do programa Farmácia Popular, de fato foram fechadas - como mostrava a reportagem do Brasil247. Esta seria, segundo a pasta, a razão ou a origem da ""notícia"" desta semana anunciando o encerramento do programa. Segundo o Portal da Transparência do Governo Federal, em 2016 foram gastos R$ 2,9 bilhões nas duas rubricas destinadas à ação. Em 2017, foram R$ 2,8 bilhões. Para este ano, o orçamento previsto é de R$ 3,04 bilhões. Esse total inclui R$ 523,8 milhões para o ""sistema de co-pagamento"" e R$ 2,5 bilhões para o ""sistema de gratuidade"" do programa Farmácia Popular. Essas duas linhas também estavam presentes nos orçamentos de 2016 e 2017.O programa Farmácia Popular segue, portanto, funcionando e com orçamento. Hoje (24), segundo o ministério, o Farmácia Popular está presente em mais de 31 mil drogarias credenciadas em 4.342 municípios. Ao todo, são disponibilizados 42 produtos, sendo que 26 deles gratuitamente. O restante tem descontos que chegam a 90%.*Nota: esta checagem faz parte do projeto deverificação de notíciasno Facebook.*Dúvidas sobre o projeto? Entre em contato direto com o Facebook.Editado por: Cristina Tardáguila"	1
73	É #FAKE que Haddad disse que criança vira propriedade do Estado aos 5 anos e pode ter seu gênero escolhidopara	"""É #FAKE que Haddad disse que criança vira propriedade do Estado aos 5 anos e pode ter seu gênero escolhido""Imagem com mensagem falsa circula pelas redes sociais. Assessoria de imprensa do candidato afirma que as informações não são verdadeiras. Circula nas redes sociais uma mensagem que afirma que o candidato à Presidência Fernando Haddad (PT) diz que, ao completar cinco anos, a criança passa a ser propriedade do Estado e que o seu gênero pode ser escolhido. A mensagem é #FAKE.A imagem que está circulando tem a foto de Fernando Haddad, acompanhada da seguinte mensagem: ""Ao completar cinco anos de idade, a criança passa a ser propriedade do Estado! Cabe a nós decidir se menino será menina e vice-versa! Aos pais cabe acatar nossa decisão respeitosamente! Sabemos o que é melhor para as crianças!"".Não há nenhum registro público de que Haddad tenha dado esta declaração. Procurada, a assessoria de imprensa do candidato afirma que se trata de informação falsa. ""É uma bobagem monumental, jamais o candidato diria isso.""O site do ex-presidente Lula também tem comunicados informando que a mensagem que circula é falsa e que o Tribunal Superior Eleitoral (TSE) ordenou que as informações sejam retiradas do ar.Segundo informações do site do TSE, Haddad e a coligação ""O povo feliz de novo"" entraram com uma representação por conta da mensagem, alegando ""propaganda eleitoral irregular consistente em publicação de informações inverídicas e ofensivas em rede social"". No dia 25 de setembro, a Justiça decidiu pela remoção do conteúdo do ar. "	1
74	Nova etapa da Lava Jato não vai banir PT, PMDB e PP	" #Verificamos: Nova etapa da Lava Jato não vai banir PT, PMDB e PPNotícia com mais de 37 mil interações no FB requenta reportagem de 2015 e é negada pelo MPFCircula no Facebook a ""notícia"" de que uma nova etapa da Operação Lava Jato ""pode banir PT, PMDB e PP"" da política brasileira"". Trata-se, no entanto, de uma reportagem requentada com título enganoso. Confira a checagem da Lupa abaixo: ""Nova etapa da Lava Jato pode banir PT, PMDB e PP da política brasileira""Publicado pelo site Thefolha, tinha 37,5 mil interações no Facebook até as 17h do dia 18 de maio de 2018FALSO Publicada no dia 23 de abril deste ano pelo site Thefolha, a ""reportagem"" utiliza um título chamativo para atrair cliques, mas seu conteúdo não tem qualquer relação com o fato enunciado.O texto do Thefolha é uma cópia dos dois primeiros dois parágrafos de uma reportagem feita pelo jornalista Fausto Macedo e publicada no dia 8 de novembro de 2015, no jornal O Estado de S.Paulo. O trabalho de Macedo não trata do banimento (expulsão ou proibição) dos três partidos citados, mas sim da possibilidade de responsabilização das legendas, como pessoas jurídicas, em ações de improbidade administrativa.Em nota enviada à Lupa, o Ministério Público Federal no Paraná esclareceu que ""em nenhum momento foi sequer mencionada a hipótese de banir qualquer sigla da política brasileira (durante o processo da Operação Lava Jato)"" e que isso ""só seria possível por meio de Reforma Política no Congresso ou cassação de registro"".Ainda segundo a instituição, em 30 de março de 2017, foi ajuizada a ação pública pública com pedido de responsabilização por atos de improbidade administrativa contra o Partido Progressista (PP) e alguns de seus integrantes. Nela, o MPF faz diversos pedidos e nenhum deles diz respeito ao cancelamento de registro da legenda da política brasileira. Foi pedido o ressarcimento ao erário equivalente à propina paga a legenda, a seus integrantes e a terceiros a partir do esquema de corrupção descoberto na Petrobras.Em relação aos demais partidos as apurações prosseguem no MPF.*Nota: esta checagem faz parte do projeto de verificação de notícias no Facebook.Editado por: Cristina Tardáguila e Chico Marés"	1
75	Site copia e distorce reportagem para favorecer Bolsonaro	"Site copia e distorce reportagem para favorecer BolsonaroSite copia e distorce reportagem para favorecer BolsonaroTwitterFacebookE-mailWhatsAppSite copia e distorce reportagem para favorecer BolsonaroPor Tai Nalon 20 de julho de 2018, 19h25TwitterFacebookEmailWhatsAppO Portal Veja Agora publicou na última quinta-feira (19) um texto cujo título sugere, de maneira enganosa, que o pré-candidato à Presidência Jair Bolsonaro (PSL) não conseguiu consolidar alianças para a sua chapa ""por este não aceitar se associar a partidos envolvidos em corrupção"".O conteúdo da postagem conta outra história, porém: o site copia trechos de reportagens de sites jornalísticos profissionais, como o do jornal El País, para narrar o fracasso nas negociações para a organização da chapa presidencial de Bolsonaro.Diz, por exemplo, que ""as negociações com o PR (que é dono de 45 segundos do horário eleitoral) naufragaram nesta terça-feira, o que jogou por terra a única esperança que os aliados do militar nutriam para ter um tempo significativo na propaganda de rádio e televisão - o nanico PSL dá a Bolsonaro míseros oito segundos"". Este trecho inteiro é cópia de uma reportagem assinada pelo jornalista Ricardo Della Coletta. Já o material do Veja Agora não tem qualquer atribuição de autor.A postagem, que foi denunciada por usuários do Facebook como potencialmente enganosa (entenda como funciona), acumulava ao menos 2.800 compartilhamentos até a tarde desta sexta-feira (20). Veja, abaixo, o que checamos.DISTORCIDOPolíticos rejeitam Bolsonaro por este não aceitar se associar a partidos envolvidos em corrpuçãoQuem lê apenas o título do texto entende que o fracasso na articulação de alianças para conseguir mais tempo de propaganda eleitoral na TV tem a ver com algum princípio ético por parte de Jair Bolsonaro: ele não aceitaria se associar a partidos como, por exemplo, o PR, que tem deputados federais investigados na Operação Lava Jato. Mas não é nada disso.Segundo o texto do Portal Veja Agora, ""o entusiasmo de seus eleitores não tem se materializado nas parcerias políticas necessárias. Nas últimas 24 horas, o capitão reformado do Exército levou dois nãos de potenciais candidatos a vice-presidente, o que deve colocá-lo na corrida eleitoral em condições muito desfavoráveis em relação a outros candidatos"".Este trecho é rigorosamente igual ao primeiro parágrafo da reportagem do El País reproduzida abaixo. A diferença é que a apuração do jornal espanhol não afirma, em momento algum, que foi Bolsonaro quem rejeitou partidos envolvidos em corrupção.A postagem do site Veja Agora é DISTORCIDA porque se utiliza de um expediente comum de sites de notícias falsas: usa a apuração factualmente correta de veículos jornalísticos profissionais, mas altera ou omite seus detalhes. No caso do Veja Agora, a reprodução do texto do El País é integral: ""As negociações com o PR (que é dono de 45 segundos do horário eleitoral) naufragaram nesta terça-feira, o que jogou por terra a única esperança que os aliados do militar nutriam para ter um tempo significativo na propaganda de rádio e televisão - o nanico PSL dá a Bolsonaro míseros oito segundos. No mesmo dia, o pré-candidato ofereceu a vaga de vice na sua chapa ao general Augusto Heleno, mas a cúpula do PRP, partido ao qual o ex-comandante das forças brasileiras no Haiti está filiado, vetou o acordo"".As informações que constam da reportagem do El País são verdadeiras. Bolsonaro esperava compor uma chapa com o senador Magno Malta (PR-ES), mas suas demandas não foram atendidas pelo partido do congressista capixaba. Informa o El País: ""O Bolsonaro queria que nós não nos coligássemos com ele no Rio de Janeiro e que deixássemos de apoiar o PT na Bahia e em Minas Gerais, diz um político que acompanhou as tratativas"".A Folha de S.Paulo tem apuração semelhante: "" Até a semana passada, o comandante do PR, Valdemar Costa Neto, negociava com Bolsonaro, quando um dos filhos do presidenciável criou barreiras para uma coligação proporcional no Rio. O objetivo de Valdemar era eleger uma bancada maior de seu partido no Congresso e o entrave no Rio e em São Paulo bloqueou as conversas"".Nesta quinta-feira (19), o PR anunciou apoio ao pré-candidato à Presidência pelo PSDB, Geraldo Alckmin (SP). O que se seguiu foi uma tentativa de emplacar o general Augusto Heleno, do PRP, como vice na chapa encabeçada por Bolsonaro. Isso também fracassou. O El País e o próprio Veja Agora - copiando o primeiro - relatam que o presidente do partido, Ovasco Resende, recusou a aliança por conta de compromissos previamente acertados em nível estadual.O texto do Portal Veja Agora, que já publicou outras notícias falsas desmentidas por Aos Fatos, foi compartilhado no Facebook pelas páginas Jair Bolsonaro Presidente 2018, Bolsonaro Minas Gerais e APOIO AO JUIZ SÉRGIO MORO E A OPERAÇÃO LAVA JATO.TwitterFacebookEmailWhatsAppLeia tambémCinco fatos sobre migraçãoNão é verdade que Moro afastou promotor do caso Queiroz e delegado que investiga morte de MarielleHomem em foto com Flávio Bolsonaro é assessor do senador, não acusado de matar Marielle]"	1
76	A divisão da chapa não contraria absolutamente nenhuma decisão dessa Corte.	"Checamos argumentos de acusação e defesa no julgamento de Dilma e Temer no TSEChecamos argumentos de acusação e defesa no julgamento de Dilma e Temer no TSETwitterFacebookE-mailWhatsAppChecamos argumentos de acusação e defesa no julgamento de Dilma e Temer no TSEPor Tai Nalon e Bárbara Libório 7 de junho de 2017, 01h15TwitterFacebookEmailWhatsAppO Tribunal Superior Eleitoral retomou nesta terça-feira (6) o julgamento da chapa que elegeu Dilma Rousseff e Michel Temer nas eleições de 2014. Após a leitura do relatório do ministro Herman Benjamin, a sessão foi reservada, em parte, às sustentações orais dos advogados de defesa e de acusação.Aos Fatos checou algumas das declarações dos advogados, que citaram decisões anteriores da Corte, políticas de governo e dados sobre a prestação de contas dos candidatos em 2014. Veja abaixo o resultado. INSUSTENTÁVEL[A divisão da chapa] não contraria absolutamente nenhuma decisão dessa Corte. - Gustavo Guedes, advogado de Michel TemerEm sua fala, o advogado de defesa do presidente sustenta a necessidade de separar o cliente da campanha presidencial de Dilma e remete a episódios anteriores no Tribunal Superior Eleitoral para justificar seu argumento. No entanto, está longe de ser unanimidade entre especialistas que esse paralelo se aplica à chapa presidencial - o que torna a afirmação, ao menos neste momento, insustentável.Um desses episódios remonta a fevereiro, quando o TSE manteve a inelegibilidade imposta pelo Tribunal Regional Eleitoral do Distrito Federal ao ex-governador do Distrito Federal Agnelo Queiroz (PT), mas retirou a extensão da punição ao candidato a vice-governador Nelson Tadeu Filipelli (PMDB).Os dois respondiam a uma ação sobre o desvirtuamento de propaganda institucional em 2014, quando ambos tentavam a reeleição. O relator do recurso, ministro Henrique Neves, defendeu que a pena ""atinge apenas os que tenham praticado ato ou para ele contribuído"". Segundo ele, Filipelli não contribuiu para a prática dos atos, e a responsabilidade cabia apenas ao ex-governador. Os ministros seguiram o voto do relator e, por unanimidade, decidiram pela separação das condutas de Agnelo e de seu vice.O julgamento provocou avaliações diferentes de advogados sobre os efeitos da decisão no julgamento da cassação da chapa Dilma-Temer. Enquanto uns afirmaram que ele não serve de precedente, já que se trata de inelegibilidade, ou seja, se refere a conduta individual, outros acreditaram em uma sinalização de que as condutas podem ser individualizadas, mesmo com diferenças técnicas entre os casos.Casos sem separação. O presidente do STF, Gilmar Mendes, mencionou algumas vezes a fragilidade do argumento da defesa de Temer. Em abril, conforme narra o Jota, Mendes afirmou que ""em geral, o que o Tribunal tem dito é que a cassação do cabeça de chapa afeta, também, o vice-prefeito, vice-governador, vice-presidente e por aí vai. É esse o entendimento"".Ele citou o caso do governador de Roraima Ottomar Pinto, que morreu enquanto o processo tramitava na Justiça. Mesmo assim, o processo seguiu contra seu vice. No fim, o recurso pela cassação da chapa foi desprovido por falta de provas, mas não por causa da morte.""Cumpre recordar, de início, ter o governador eleito, Ottomar de Souza Pinto, falecido no curso do processo, razão pela qual os efeitos do presente julgamento vão refletir na manutenção do mandato do então vice e atual governador, José de Ancheta Júnior. Trata-se de aplicação do princípio da indivisibilidade da chapa única majoritária, segundo o qual, por ser o registro do governador e vice-governador realizado em chapa única e indivisível (art. 91 do Código Eleitoral), a apuração de eventual censura em relação a um dos candidatos contamina a ambos"", disse o relator do caso no TSE, o então ministro Fernando Gonçalves.Outro caso. Em novembro de 2016, o TSE rejeitou o recurso do vice-prefeito de Santa Isabel do Rio Negro (AM), Cornélio Dimas de Albuquerque (PRP), para manter sua cassação junto com a do cabeça de sua chapa, Mariolino Siqueira de Oliveira (PDT).A defesa do vice-prefeito argumentava que não teve participação nas irregularidades verificadas nas contas da campanha da chapa. O TSE, entretanto, não viu dessa forma e decidiu que a chapa era indivisível.VERDADEIROO presidente Michel Temer não era obrigado a abrir conta bancária, mas, se abrisse, deveria prestar contas. - Gustavo Guedes, advogado de Michel TemerSegundo o ""Manual de arrecadação, gastos e prestação de contas da campanha eleitoral 2014"" do TSE, é verdadeiro que os candidatos a vice e suplentes não são obrigados a abrir conta bancária específica para campanha. Se fizerem, entretanto, os respectivos extratos bancários deverão compor a prestação de contas dos titulares da campanha, ou seja, do candidato à Presidência.Temer abriu uma conta corrente própria para movimentar seu dinheiro de campanha. Também por isso, a defesa pede a separação da chapa e alega que, dentre os fornecedores contratados diretamente pelo então candidato à Vice-Presidência, não está nenhuma das empresas periciadas no processo - no caso, as gráficas suspeitas de receber pagamentos irregulares por serviços prestados à chapa Dilma-Temer.FALSONo período de 2010 a 2014, a pobreza aumentou no Brasil. - Flávio Henrique Costa Pereira, advogado do PSDBO advogado se baseia em dados do Ipea (Instituto de Pesquisa Econômica Aplicada) de 2014, que, segundo ele, falsearam uma das premissas da campanha de Dilma: a de que o Brasil não tinha tirado da pobreza 22 milhões de pessoas durante seu primeiro mandato.Uma reportagem do G1 mostra, usando as bases do Ipeadata, que, de fato, entre 2012 e 2013, houve incremento nos números da extrema pobreza no Brasil. Aos Fatos foi às bases originais e verificou que os extremamente pobres saíram de 10.081.225 para 10.452.383 no período - ou seja, 371.158 pessoas caíram da pobreza para a extrema pobreza. Os extremamente pobres são aqueles que têm renda mensal familiar abaixo de R$ 77 por pessoa.No entanto, a quantidade de pobres - aqueles que têm rendimento familiar acima de R$ 77 por pessoa e abaixo de R$ 155 por pessoa - apresentou redução constante no mesmo período: saiu de 34.355.298 em 2011 para 25.888.565 em 2014.O anúncio de que o governo retiraria 22 milhões de pessoas da pobreza por conta do programa Brasil Sem Miséria foi feito em 2013. A medição da pobreza por critérios apenas de renda foi alvo de crítica durante o governo Dilma, sobretudo por não abordar questões multidimensionais, como condições do domicílio, frequência escolar, anos de escolaridade, entre outros.Conforme o Ipeadata, saíram da pobreza 8.466.733 pessoas entre 2011 e 2014 e da extrema pobreza 3.581.640 pessoas. Mesmo se somados - o que não é recomendável, já que uma pessoa extremamente pobre pode ter apenas ingressado na faixa da pobreza -, os números não chegam a 22 milhões. No entanto, é completamente errado dizer que não houve redução da pobreza no período em questão.VERDADEIRONo sistema do TSE, não há prestação de contas de Temer. (...) A prestação de conta foi assinada conjuntamente por Dilma, Temer e pelo tesoureiro Edinho Silva. - Flávio Caetano, advogado de Dilma RousseffÉ verdadeiro que não há prestação de contas da campanha do candidato a vice-presidente Michel Temer no sistema de Prestação de Contas Eleitorais do Tribunal Superior Eleitoral. Ao realizar a busca por candidato, a mensagem é de que ""não há entrega de prestação de contas à Justiça Eleitoral"".No site do TSE é possível acessar os volumes da prestação de contas ""Coligação Com a Força do Povo (Dilma Rousseff)"", que inclui os registros da campanha do então candidato à vice-presidência.Mas o documento ao qual o advogado de Dilma Rousseff se refere foi entregue a própria defesa pelo TSE. O extrato da prestação de contas recebido pela Justiça Eleitoral em 6 de dezembro de 2014 é assinado por Dilma Rousseff, Michel Temer, o tesoureiro Edson Edinho da Silva, a advogada Márcia Pelegrini e o contador João José Martines. Segundo a defesa, o documento comprova que as despesas da campanha de Michel Temer foram bancadas pelo comitê central da campanha.TwitterFacebookEmailWhatsAppLeia tambémCinco fatos sobre migraçãoNão é verdade que Moro afastou promotor do caso Queiroz e delegado que investiga morte de MarielleHomem em foto com Flávio Bolsonaro é assessor do senador, não acusado de matar Marielle]"	1
77	Juiz Marco Aurélio e seu amigo Fidel.	"Homem em foto com Fidel Castro é o jornalista Ricardo Noblat, não o ministro Marco AurélioHomem em foto com Fidel Castro é o jornalista Ricardo Noblat, não o ministro Marco AurélioTwitterFacebookE-mailWhatsAppHomem em foto com Fidel Castro é o jornalista Ricardo Noblat, não o ministro Marco AurélioPor Luiz Fernando Menezes 20 de dezembro de 2018, 12h20TwitterFacebookEmailWhatsAppO homem que aparece ao lado do ex-ditador cubano Fidel Castro em uma foto que circula nas redes sociais não é o ministro do STF (Supremo Tribunal Federal) Marco Aurélio Mello, mas o jornalista Ricardo Noblat, da revista Veja.A peça de desinformação, publicada por um perfil pessoal no começo da manhã desta quinta-feira (20), foi denunciada por usuários do Facebook. Aos Fatos marcou a montagem com o selo FALSO na ferramenta de verificação da rede social (entenda como funciona).Confira abaixo o que checamos.FALSOContra fotos (ops) fatos, não há argumentos... Juiz Marco Aurélio e seu amigo Fidel.Publicações que apontam falsamente o ministro Marco Aurélio Mello como o homem na foto ao lado de Fidel Castro passaram a circular no Facebook na manhã desta quinta-feira (20), um dia após o magistrado decidir pela soltura de presos condenados em segunda instância, o que beneficiaria o ex-presidente Luiz Inácio Lula da Silva (PT). A decisão foi suspensa ontem mesmo pelo presidente do STF, Dias Toffoli.Esta é a segunda vez que a foto do ex-ditador cubano com o jornalista Ricardo Noblat é atribuída à outra pessoa. Em meados deste ano, um boato identificou o homem ao lado de Fidel como o desembargador Rogério Favreto, desembargador que ordenou a soltura de Lula em julho deste ano. Na época em que Favreto foi o alvo do boato, o jornalista Ricardo Noblat disse que o homem na imagem compartilhada era ele: ""Dormirei feliz. Apanhei da direita por ter criticado o juiz Sérgio Moro. E da esquerda por ter considerado uma aberração jurídica a decisão do desembargador Favreto. E ainda por cima usaram uma foto minha com Fidel para dizer que era Fidel com Favreto. Pode isso, Arnaldo?"".Nesta quarta-feira (19), às 14h, Marco Aurélio Mello determinou a soltura de todos os presos condenados em segunda instância. A medida beneficiaria, entre outros detidos, um grupo de presos da Lava Jato, incluindo o ex-presidente Lula, cuja defesa levou menos de uma hora para protocolar um pedido de soltura.A decisão do ministro, no entanto, foi derrubada por Dias Toffoli que, no começo da noite de ontem, apresentou sua decisão: ""defiro a suspensão até que o colegiado maior aprecie a matéria de forma definitiva, já pautada para o dia 10 de abril.""TwitterFacebookEmailWhatsAppLeia tambémCinco fatos sobre migraçãoNão é verdade que Moro afastou promotor do caso Queiroz e delegado que investiga morte de MarielleHomem em foto com Flávio Bolsonaro é assessor do senador, não acusado de matar Marielle]"	1
78	FALSOO Partidos dos Trabalhadores não entrou com nenhuma ação para derrocar o pagamento do 13º salário do Bolsa Família.	" #Verificamos: É falso que PT tenha ingressado com ação para suspender 13º do Bolsa FamíliaFoto de deputados segurando cartaz contra o benefício também é forjadaCircula nas redes sociais que o PT teria ingressado com ação para suspender o pagamento do 13º do Bolsa Família. Também circula uma foto em que deputado petista segura cartaz contra o benefício. Por meio do projeto de verificação de notícias, usuários do Facebook solicitaram que esse material fosse analisado. Confira a seguir o trabalho de verificação da Lupa:""Vivi pra ver! Cúpula do PT entra na justiça contra o pagamento 13º salário ao Bolsa Família""Publicação no Facebook que, até as 16h30 do dia 12 de abril, tinha sido compartilhada mais de 700 vezesFALSOO conteúdo verificado pela Lupa é falso. O PT não ingressou com nenhuma ação contra o pagamento do 13º Bolsa Família. A informação foi desmentida pelo próprio partido, em nota publicada em seu site oficial. ""O Partidos dos Trabalhadores não entrou com nenhuma ação para derrubar o decreto que cria o décimo terceiro do Bolsa Família, programa que virou lei há 15 anos, sob governo do ex-presidente Lula"", diz a nota.O pagamento de uma 13ª parcela do benefício foi anunciado na quinta-feira (11) pelo ministro-chefe da Casa Civil, Onyx Lorenzoni, mas ainda não foi oficializado. Para que o pagamento seja efetuado, é necessário que ele esteja previsto em lei. Segundo o ministro, o governo deve apresentar uma medida provisória no final do ano que permita esse pagamento.Apesar de não existir nenhuma ação contra esse pagamento de autoria do PT, a presidente do partido, a deputada federal Gleisi Hoffmann (PT-PR), classificou a medida como uma ""fraude"".""Diga não ao décimo terceiro salário do Bolsa Família""Texto em cartaz mostrado em foto de deputados petistas que, até as 16h30, tinha sido compartilhada mais de 400 vezes no FacebookFALSOA foto é uma montagem. Na imagem original, publicada em 2 de agosto no Twitter pelo deputado Chico DAngelo (PDT-RJ, à direita na foto), os dizeres do cartaz na mão do deputado Paulo Pimenta (PT-RS) são: ""Voto pelos 8 em 10 brasileiro(a)s que exigem a investigação!"". A investigação em questão era a primeira de duas denúncias criminais apresentadas contra o então presidente Michel Temer.Essas informações também foram verificadas pelos sites Aos Fatos e G1.Nota: esta reportagem faz parte do projeto de verificação de notícias no Facebook. Dúvidas sobre o projeto? Entre em contato direto com o Facebook.*Correção feita as 11:50 do dia 13 de abril de 2019: o partido de Chico DAngelo não é o PT-RJ, como informado anteriormente.Editado por: Natália Leal"	1
79	É #FAKE que Jean Wyllys não foi reeleito deputado federal no RJ	"""É #FAKE que Jean Wyllys não foi reeleito deputado federal no RJ""Post compartilhado nas redes sociais diz que Wyllys, do PSOL-RJ, não foi reeleito deputado federal no Rio de Janeiro. A mensagem é falsa. Wyllys foi eleito com 24.295 votos. Posts que dizem que Jean Wyllys, do PSOL-RJ, perdeu e não foi reeleito deputado federal no Rio de Janeiro circulam nas redes sociais após o primeiro turno das eleições, no último dia 7 de outubro. As mensagens são #FAKE.De acordo com o Tribunal Superior Eleitoral (TSE), Jean Wyllys foi eleito deputado federal com 0,31% dos votos, o que totaliza 24.295 votos. Veja aqui a apuração no Rio de Janeiro em detalhes.Nas redes sociais, Jean Wyllys negou comentários de que não teria sido eleito deputado federal no RJ e agradeceu a todos que colaboraram para a campanha. ""Nós temos mais quatro anos de resistência. A palavra de ordem da minha campanha foi resistência"", disse. "	1
80	É #FAKE que juiz mandou soltar homem que espancou paisagista por falta de provas	"É #FAKE que juiz mandou soltar homem que espancou paisagista por falta de provasPublicação com conteúdo falso circula nas redes sociais. Tribunal de Justiça confirma que suspeito continua preso preventivamente.  Circula pelas redes sociais uma publicação com a foto da paisagista Elaine Caparroz, espancada por quase quatro horas dentro de seu apartamento, no Rio, em 16 de fevereiro. Sobre a imagem, um título diz: ""Juiz manda soltar homem que espancou mulher. Não existem provas contra ele."" A publicação é #FAKE.O Tribunal de Justiça do Rio de Janeiro diz que Vinicius Batista Serra segue preso preventivamente. A informação foi, inclusive, publicada no site do TJ na terça-feira (26),A contrário do que diz a publicação falsa, o juiz Alexandre Abrahão Dias Teixeira, titular da 3ª Vara Criminal do Rio, aceitou a denúncia do Ministério Público e decretou a prisão preventiva de Serra. Lutador de jiu-jitsu, o agressor da paisagista foi acusado de tentativa de homicídio.A divulgação da publicação falsa está no Facebook pelo menos desde 22 de fevereiro. E provocou declarações de desconfiança de usuários em relação à Justiça. ""A Justiça brasileira é uma piada, sinônimo de impunidade"", diz um usuário. ""Violência contra a mulher é ou não é crime?"", pergunta outra. ""Que absurdo!!! Depois reclamam da polícia. É um tal de polícia prender e juiz soltar..."", afirma uma terceira.Vídeo: Veja como identificar uma mensagem falsa "	1
81	É #FAKE que empresas prometem demitir 1 milhão se esquerda vencer eleição	"""É #FAKE que empresas prometem demitir 1 milhão se esquerda vencer eleição""Mensagem com lista de empresas e número de demissões circula nas redes sociais. Ela é falsa; todas as empresas negam a informação. Uma mensagem que afirma que empresas prometem demitir 1 milhão de pessoas caso a esquerda vença as eleições viralizou nas redes sociais. Mas ela é #FAKE.A mensagem falsa contém uma lista de empresas de diversos setores econômicos e o total de demissões que cada uma delas promete fazer. A mensagem termina com as seguintes frases: ""No dia 7 o Brasil só tem duas opções: crescer como os Estados Unidos... Ou cair como a Venezuela... Que Deus tenha misericórdia dessa nação!""O G1 entrou em contato com as empresas citadas na corrente e todas negam que vão fazer demissões a depender do resultado das eleições. Veja abaixo o posicionamento de cada uma delas:Ambev: A cervejaria afirma que a informação não é verdadeira. ""A empresa não toma decisões de negócios baseadas em cenários eleitorais"", afirma a assessoria de imprensa.Americanas: ""Lojas Americanas e Americanas.com desmentem veementemente o conteúdo da notícia e informam que adotam postura neutra em relação às questões político-partidárias e respeitam a democracia"", afirma a empresa, em nota.Coca-Cola: A empresa diz que a notícia é falsa. ""A Coca-Cola Brasil repudia fake news como essa que comprometem o ambiente democrático no país"", afirma.Ipiranga: ""A Ipiranga esclarece que é falsa a informação que circula nas redes sociais de que ocorrerá demissão a depender do resultado desta eleição presidencial. A empresa reforça que é apartidária, respeita a pluralidade democrática e repudia informações falsas em seu nome"", afirma.Magazine Luiza: A empresa diz que informação é falsa. ""O Magazine Luiza está aumentando o número de funcionários neste ano. A empresa, aliás, tem planos de abrir mais lojas e elevar o quadro de funcionários (hoje em cerca de 25 mil), independentemente do resultado das eleições"", afirma.McDonalds: ""Trata-se de fake news. A empresa está vivendo seu melhor momento e se orgulha em ser uma das maiores geradoras de emprego no país. Só neste ano, o McDonalds já contratou mais de 10 mil pessoas no Brasil e o ritmo deve permanecer o mesmo pelos próximos anos, independentemente do resultado das eleições"", afirma.Natura: A empresa diz que a informação é falsa e que ""mantém-se imparcial diante de partidos e candidaturas"". ""Isso significa que a empresa não apoia uma ou outra candidatura nem faz contribuições para campanhas desde 2006, antes da proibição de doações por empresas"", afirma.O Boticário: A empresa diz que a informação não procede.Suzano: ""A empresa esclarece que a informação não procede. Trata-se de fake news. Isso nunca foi sequer cogitado"", afirma.Walmart: ""O Walmart Brasil nega a informação e enfatiza que a considera absurda. A empresa repudia incondicionalmente qualquer comportamento abusivo e está integralmente comprometida com os valores da ética e integridade. Reitera ainda que jamais autorizou nem concorda ou apoia qualquer tipo de atitude como a relatada"", afirma.Havan: A empresa afirma que a informação é falsa e que, em nenhum momento, o dono da Havan, Luciano Hang, prometeu demitir seus funcionários. ""O que eu ponderei em um vídeo é que, se a esquerda voltar ao poder, o Brasil entrará em crise novamente, e é óbvio que haverá falta de empregos e demissões"", afirma Hang.Banco do Nordeste: O banco afirma que a informação não é verdadeira.Embraer: A assessoria de imprensa da Embraer afirma que não comenta notícias falsas.Copel: ""A Copel nega veementemente que exista qualquer planejamento ou possibilidade de demissões agora, em 2019 ou qualquer outro período, como está sendo divulgado em uma notícia falsa que está circulando por WhatsApp"", afirma.Armazém Mateus: ""O Grupo Mateus nega esta informação e reforça que, ao contrário, serão geradas mais de mil vagas de trabalho com a inauguração de 3 novas lojas no Maranhão até o final deste ano nas cidades de Chapadinha, Bacabal e Pinheiro"", afirma.Ultragaz: A empresa afirma que a informação não procede. ""A companhia repudia tais boatos e não compactua com a disseminação de tal fake news"", diz.Mercedes-Benz: A montadora diz que se trata de informação falsa.Ford: A Ford informa que esta informação não procede.Toyota: ""A informação não procede. O RH da Toyota do Brasil não possui este direcionamento"", afirma a empresa.Honda: A montadora diz que se trata de informação falsa.Volvo: A empresa diz que a afirmação sobre demissões não é verdadeira.Samsung: A empresa afirma que a informação não procede. "	1
82	É #FAKE que promotores em ato pró-Dilma em 2016 são do RJ e agora inves tigam Flávio Bolsonaro.	"""É #FAKE que promotores em ato pró-Dilma em 2016 são do RJ e agora investigam Flávio Bolsonaro""Imagem que circula em redes sociais é de promotores de Minas Gerais.  Circula pelas redes sociais uma imagem de manifestantes usando camisetas ""Sou MP e contra o golpe."" A mensagem diz que as pessoas na foto, favoráveis à ex-presidente Dilma Rousseff, são promotores de Justiça do Rio de Janeiro, os mesmos que agora investigam o senador eleito Flávio Bolsonaro (PSL-RJ). A mensagem é #FAKE.A imagem em circulação realmente retrata integrantes do Ministério Público, mas não do Rio de Janeiro. Eles são do Ministério Público de Minas Gerais. A equipe do Fato ou Fake procurou a assessoria do Ministério Público de Minas Gerais, que indicou o promotor Walter Freitas. Ele é um dos promotores que estão na foto, registrada em 31 de março de 2016.""Esclareço que a foto se refere às manifestações ocorridas em Minas Gerais na época do impeachment da ex-presidente Dilma Roussef, e as pessoas retratadas são promotores e procuradores do Estado de Minas Gerais, em manifestação desprovida de caráter partidário, e no exercício da liberdade de expressão dos mesmos, conforme inclusive já analisado pela Corregedoria Nacional do Ministério Público"", diz Freitas.Também procurado, o Ministério Público do Rio de Janeiro informa que a foto não retrata promotores do estado, mas, sim, de Minas Gerais. ""Os promotores de Justiça que aparecem na foto não são do Ministério Público do Estado do Rio de Janeiro (MPRJ). Eles são do Ministério Público de Minas Gerais (MPMG)"", informa.A mensagem falsa diz: ""Vejam essa imagem! Os promotores do RJ, isso mesmo, MPRJ foram às ruas contra o impeachment da Presidente Dilma Rousseff, são esses mesmos que estão aprontando com o @FlavioBolsonaro. Esquerdistas aparelhados!! Absurdo!!! RTT sem dó. Vamos mostrar ao povo esses crápulas.""Vídeo: Veja como identificar uma mensagem falsa "	1
83	Não é verdade que FHC declarou apoio a Fernando Haddad	"Não é verdade que FHC declarou apoio a Fernando HaddadNão é verdade que FHC declarou apoio a Fernando HaddadTwitterFacebookE-mailWhatsAppNão é verdade que FHC declarou apoio a Fernando HaddadPor Bárbara Libório 27 de outubro de 2018, 12h55TwitterFacebookEmailWhatsAppCircula pelas redes sociais uma imagem do ex-presidente Fernando Henrique Cardoso (PSDB) acompanhado de uma declaração de apoio ao candidato Fernando Haddad (PT) no segundo turno das eleições presidenciais. A informação, no entanto, é FALSA. O presidente de honra do PSDB já declarou diversas vezes que nem o PT nem Jair Bolsonaro, candidato do PSL, explicitaram compromisso com o que ele crê. Em suas redes sociais, o ex-presidente também reclamou de ser vítima de boatos que tentam vinculá-lo a algum dos candidatos.No Facebook, a imagem foi postada por perfis pessoais e já teve mais de 1.500 compartilhamentos até a manhã deste sábado (27). O conteúdo foi denunciado por usuários do Facebook e classificadas com o selo FALSO na ferramenta de verificação da rede social (entenda como funciona).Confira abaixo, em detalhes, o que foi verificado.FALSOO Brasil inteiro sabe que eu sempre fui rival do PT. Mas agora não há saída: entre Haddad e Bolsonaro, vou de Haddad. - Fernando Henrique Cardoso (PSDB)A imagem com a foto do ex-presidente tucano Fernando Henrique Cardoso e os dizeres ""O Brasil inteiro sabe que eu sempre fui rival do PT. Mas agora não há saída: entre Haddad e Bolsonaro, vou de Haddad"" é FALSA. Desde o início da campanha para o segundo turno das eleições presidenciais, FHC declarou que não se sentia representado pelas ideias de nenhum dos candidatos.Em 8 de outubro, segunda-feira seguinte à votação do primeiro turno, ele disse em seu Twitter que não apoiaria nenhum dos dois. ""Por que haveria de me pronunciar sobre candidaturas que ou são contra ou não se definem sobre temas que prezo para o país e o povo?"".As redes divulgam que apoiarei Haddad. Mentira: nem o PT nem Bolsonaro explicitaram compromisso com o que creio. Por que haveria de me pronunciar sobre candidaturas que ou são contra ou não se definem sobre temas que prezo para o país e o povo?- Fernando Henrique Cardoso (@FHC) 8 de outubro de 2018No dia 14, em entrevista ao Estadão, o presidente de honra do PSDB afirmou que um apoio a Jair Bolsonaro, do PSL, estava excluído. ""O Bolsonaro pelas razões políticas está excluído. O outro eu quero ver o que vai dizer"", afirmou. Quando perguntado se haveria uma porta aberta para Fernando Haddad, ele respondeu: ""Eu não diria aberta, mas há uma porta. O outro não tem porta. Um tem um muro, o outro uma porta. Figura por figura, eu me dou com Haddad. Nunca vi o Bolsonaro.""FHC também usou o Twitter para criticar declarações de Jair Bolsonaro e de seu filho, o deputado Eduardo Bolsonaro. Disse que elas lembravam o ""fascismo"" e ""outros tempos"", e afirmou que Brasil precisa de coesão.As declarações do dep. E Bolsonaro merecem repudio dos democratas. Prega a ação direta, ameaça o STF. Não apoio chicanas contra os vencedores, mas estascruzaram a linha, cheiram a fascismo. Têm meu repúdio, como quaisquer outras, de qualquer partido, contra leis, a Constituição.- Fernando Henrique Cardoso (@FHC) 21 de outubro de 2018Inacreditável: um candidato à Presidência pedir às pessoas que se ajustem ao que ele pensa ou pagarão o preço: cadeia ou exílio. Lembra outros tempos. O que o Brasil precisa é de coesão no rumo do crescimento e diminuição da desigualdade.- Fernando Henrique Cardoso (@FHC) 22 de outubro de 2018Por fim, na última sexta-feira (24), o tucano se posicionou em relação aos boatos que tentam relacioná-los a um dos candidatos à Presidência. Disse que tudo o que afirmou, por ora, é que não votará em Jair Bolsonaro. ""Nada além disso"", completou.Há um lado horroroso do mundo novo, o da conexão: notícias fakes, com minha foto e tudo, afirmam que declarei apoio a um dos candidatos presidenciais.Mentira. O que penso declaro no Twitter e na mídia. Por ora disse que no Bolsonaro não voto e dei as razões. Nada além disso.- Fernando Henrique Cardoso (@FHC) 26 de outubro de 2018TwitterFacebookEmailWhatsAppLeia tambémCinco fatos sobre migraçãoNão é verdade que Moro afastou promotor do caso Queiroz e delegado que investiga morte de MarielleHomem em foto com Flávio Bolsonaro é assessor do senador, não acusado de matar Marielle]"	1
84	"""Lupa verifica: Tecnologia israelense ajuda a encontrar três pessoas vivas."""	" #Verificamos: É falso vídeo que mostra pessoas salvas por israelenses em BrumadinhoÚltimos sobreviventes foram encontrados no sábado e equipe de auxílio chegou um dia depoisUm vídeo que circula no Facebook mostra várias pessoas abraçando conhecidos, dando notícias pelo telefone ou sendo entrevistadas. As imagens vêm acompanhadas de uma legenda, que diz se tratarem de três sobreviventes da tragédia de Brumadinho (MG), salvos pela equipe de israelenses que esteve no local. Uma barragem da Vale se rompeu na região no dia 25 de janeiro, deixando mortos e feridos. Por meio do projeto de verificação de notícias, usuários do Facebook solicitaram que esse material fosse analisado. Confira a seguir o trabalho de verificação da Lupa:""Tecnologia israelense ajuda a encontrar três pessoas vivas. Quanto vale um presidente humilde para seu povo, que aceitou ajuda de uma nação amiga?""Legenda de vídeo que foi publicado no Facebook e que, até as 12h do dia 1° de fevereiro de 2019, tinha sido compartilhado mais de 48,7 mil vezesFALSOA informação que consta no vídeo analisado pela Lupa é falsa. Os últimos três sobreviventes do rompimento da barragem em Brumadinho (MG) foram encontrados no sábado (26), segundo o Corpo de Bombeiros de Minas Gerais. As pessoas estavam dentro de uma caminhonete que ficou ilhada pela lama. A equipe de israelenses só começou a chegar ao país no domingo (27) e começou a trabalhar na segunda-feira (28). O grupo militar trouxe equipamentos capazes de detectar o calor sob a lama - o que permitiria encontrar pessoas com vida -, mas deixou o país na quinta-feira (31) sem localizar sobreviventes.O vídeo não traz referência sobre a data e hora em que foi gravado. Algumas pessoas aparecem com camisas do Atlético-MG, com patrocínio da construtora MRV Engenharia e do banco BMG. As duas instituições estamparam suas marcas no uniforme do clube até o final de 2014 e voltarão a aparecer juntas neste ano. Há possibilidade de a gravação ter sido feita em Minas Gerais. Não é possível saber, contudo, quando isso ocorreu, nem descobrir o local. Também não há vestígios de lama nas pessoas filmadas.Nota: esta reportagem faz parte do projeto de verificação de notícias no Facebook. Dúvidas sobre o projeto? Entre em contato direto com o Facebook.Editado por: Natália Leal"	1
85	É #FAKE que fotos de estrutura em má conservação são da Ponte Rio-Niterói	"""É #FAKE que fotos de estrutura em má conservação são da Ponte Rio-Niterói""Mensagens têm circulado nas redes sociais uma semana após acidente na Itália que deixou dezenas de mortos. Imagens mostradas são de outros locais.   Após o desabamento da Ponte Morandi deixar 43 mortos na semana passada, em Gênova, na Itália, imagens acompanhadas de uma mensagem alarmista sobre um possível estado de má conservação da Ponte Rio-Niterói começaram a circular nas redes sociais. O texto, entretanto, é #FAKE.Ao menos cinco fotos atribuídas à ponte sobre a Baía de Guanabara mostram estruturas de concreto deterioradas, com trechos desgastados e corroídos. As imagens são verdadeiras, mas retratam duas pontes em Florianópolis e uma na Itália.Quatro das cinco fotos que circulam são, na verdade, as pontes Pedro Ivo e Colombo Salles, em Florianópolis, que ligam a Ilha de Santa Catarina ao continente. Elas foram publicadas entre 2011 e 2014 pelo jornal ""Notícias do Dia"", da capital catarinense, em reportagens sobre as licitações de obras de manutenção das construções.A quinta foto que circula como se fosse da Rio-Niterói é de uma ponte em Ripafratta, na cidade italiana de San Giuliano Terme. A imagem foi publicada pela primeira vez em um artigo sobre degradação do concreto armado em um site italiano de engenharia. A foto também circulou na Itália atribuída à ponte de Gênova que desabou, mas foi desmentida por veículos de checagem do país.A manutenção das pontes de Florianópolis virou caso de Justiça. Em 2014, o Departamento Estadual de Infraestrutura (Deinfra), responsável pela manutenção das estruturas, apresentou relatórios que apontavam o mau estado de conservação das pontes e, desde aquele ano, o Ministério Público do estado vem cobrando na Justiça o início das obras.A Ponte Pedro Ivo, inaugurada em 1975, e a Colombo Salles, em 1991, nunca passaram por grandes reformas. O governo chegou a fazer licitações para as obras, que nunca tiveram início. No mais recente episódio, o Tribunal de Contas do Estado de Santa Catarina chegou a barrar um dos certames realizados pelo governo por irregularidades. O órgão autorizou, no início deste mês, a retomada da licitação após adequações.A Ecoponte, que gerencia a Rio-Niterói, também nega que as fotos sejam da estrutura fluminense, e acrescenta que a ponte passa por ""rigoroso controle de monitoramento e inspeção"". Não é a primeira vez que a via que liga o Rio a Niterói é alvo de mensagens falsas. Uma foto que circulou em maio do ano passado levantava suspeitas sobre espaços entre as estruturas de concreto da construção. Contudo, trata-se de vãos previstos no projeto justamente para evitar desgaste.Em nota, o Deinfra admite que as pontes Colombo Salles e Pedro Ivo precisam ser recuperadas e informa que o governo do estado ""está trabalhando para que a recuperação seja feita"", mas acrescenta que o parecer técnico realizado a pedido do órgão conclui que não há problema estrutural nem de risco de colapso nas pontes.""A obra de recuperação está contratada e a supervisão está em fase de contratação. O governo do Estado pleiteia o financiamento da obra de recuperação das pontes no BNDES. O projeto já foi enquadrado e aguarda o prosseguimento dos trâmites legais"", afirma o Deinfra. "	1
86	É #FAKE vídeo em que eleitor seleciona a tecla “1” e aparece automaticamente o candidato Fernando Haddad na urna.	"""É #FAKE vídeo em que eleitor seleciona a tecla \""1\"" e aparece automaticamente o candidato Fernando Haddad na urna""Vídeo que circula nas redes sociais é montagem, de acordo com o TSE. Circula nas redes sociais um vídeo em que um eleitor aciona a tecla ""1"" e, automaticamente, aparece ""13"", com a foto do candidato Fernando Haddad. O vídeo, que também foi compartilhado por Flávio Bolsonaro (PSL), filho do candidato Jair Bolsonaro e candidato ao Senado no RJ, é uma montagem e é #FAKE.Procurado pelo G1, o Tribunal Superior Eleitoral disse que o vídeo compartilhado nas redes sociais é falso. O TSE esclareceu que o vídeo foi editado e que não há possibilidade desse tipo de problema acontecer. O tribunal também se manifestou pela conta oficial no Twitter. Veja abaixo:Em nota, no site, a Justiça Eleitoral esclarece que o vídeo que circula na internet no qual a urna, supostame"	1
87	"Jair Bolsonaro passou à reserva do Exército brasileiro em 22 de dezembro de 1988, quando, de fato, tinha 33 anos de idade. Mas é falsa a informação de que apresentou um atestado de insanidade mental, como ""infor"	" #Verificamos: É falso que Bolsonaro se aposentou do Exército com atestado de insanidade mentalPresidente eleito passou à reserva depois de ser eleito vereador pelo Rio de JaneiroCircula nas redes sociais a ""informação"" de que o presidente eleito, Jair Bolsonaro (PSL), teria se aposentado do Exército aos 33 anos de idade, usando um ""atestado de insanidade mental"". Por meio do projeto de verificação de notícias, usuários do Facebook solicitaram que esse material fosse analisado. Confira a seguir o trabalho de verificação da Lupa:""Só lembrando que Bozo se aposentou aos 33 usando atestado de insanidade mental no Exército""Frase que está na imagem (aqui e aqui) que circula na internet e até as 17h do dia 21 de novembro de 2018 já tinha sido compartilhada 24 mil vezes no FacebookFALSOJair Bolsonaro passou à reserva do Exército brasileiro em 22 de dezembro de 1988, quando, de fato, tinha 33 anos de idade. Mas é falsa a informação de que apresentou um atestado de insanidade mental, como ""informa"" a imagem analisada pela Lupa. A transferência de Bolsonaro se deu de maneira automática, quando o então capitão foi eleito vereador do Rio de Janeiro pelo Partido Democrata Cristão. De acordo com o Estatuto Militar<span style=""font-weight: 400;"	1
88	É #FAKE que PT confirmou apoio a Eduardo Paes	"""É #FAKE que PT confirmou apoio a Eduardo Paes no segundo turno""Mensagem compartilhada pelo WhatsApp não é verdadeira. PT não confirmou apoio a Eduardo Paes (DEM), candidato ao governo do RJ. Uma mensagem que vem sendo compartilhada via WhatsApp diz que o Partido dos Trabalhadores (PT) ""acaba de confirmar apoio"" a Eduardo Paes (DEM), candidato do governo do Rio de Janeiro. É #FAKE.""Isto aqui virará um cabide de emprego do Lindebergh, Dilma, Cidinha Campos, Cristiane Brasil, enfim, de todos os petistas que ficaram fora das urnas. O Soldado do Lula (Eduardo paes) reuniu o apoio de toda a esquerda comunista, contra Bolsonaro e o Juiz Wilson 20. Pessoal, vamos empenhar ao máximo, contra a ameaça comunista da Esquerda/quadrilha do Cabral/Picciani/Paes"", relata o texto falso.A mensagem tira de contexto e credita a informação sobre o pretenso apoio a uma nota antiga, publicada em setembro, ainda antes da votação do primeiro turno, pelo colunista do jornal ""O Globo"", Lauro Jardim.Oficialmente o PT não apoia nenhum dos dois candidatos no segundo turno das eleições para governador do Rio de Janeiro.Em entrevista ao jornal ""O Estado de S.Paulo"" na terça-feira, Paes também negou que tenha alguma ""proximidade com o PT e que receba apoio do partido no segundo turno"".Neste sábado e domingo a equipe do Fato ou Fake se uniu a outras cinco agências de checagens de notícias no Brasil para checar as mensagens de conteúdo suspeito nesta reta final das eleições. A ideia de juntar forças é para ganhar mais agilidade e aumentar o alcance das checagens. A parceria reúne o Fato ou Fake, Projeto Comprova, Lupa, Aos Fatos, Boatos.org e E-Farsas. "	1
89	Diretor da OEA não identificou fraude nas urnas eletrônicas	"Diretor da OEA não identificou fraude nas urnas eletrônicasDiretor da OEA não identificou fraude nas urnas eletrônicasTwitterFacebookE-mailWhatsAppDiretor da OEA não identificou fraude nas urnas eletrônicasPor Alexandre Aragão 27 de setembro de 2018, 16h33TwitterFacebookEmailWhatsAppSão falsas as capas que estão circulando no WhatsApp e que imitam as revistas Veja, Época e Exame a fim de enganar que o diretor de Cooperação e Observação Eleitoral da OEA (Organização dos Estados Americanos), Gerardo de Icaza, identificou uma fraude orquestrada pelo PT para adulterar o resultado das urnas eletrônicas.Na verdade, Icaza veio ao Brasil como parte da missão de observadores da OEA e deu declaração no sentido oposto: ""Conseguimos usar e ver a urna em todo seu funcionamento e diria que não temos, neste momento, preocupações sobre a segurança da urna. Desde 2002, em todo o território brasileiro já se utiliza a urna eletrônica e nunca houve fraude comprovada"", afirmou à Folha de S.Paulo. A própria OEA publicou um desmentido no Twitter nesta quarta-feira (26).As capas falsas foram enviadas por leitores do Aos Fatos via WhatsApp como uma sugestão de checagem (saiba mais). Para participar, adicione o número (21) 99956-5882 na sua lista de contatos e envie uma mensagem pra gente com o seu nome.A versão falsa da revista Veja também foi denunciada por usuários do Facebook em um post feito por perfil pessoal, que foi marcado comoFALSO na ferramenta de verificação da rede social (entenda como funciona).Confira abaixo, em detalhes, o que Aos Fatos checou.FALSODiretor da OEA assume fraude para beneficiar o PTNa quarta-feira (26), o perfil oficial da OEA (Organização dos Estados Americanos no Twitter publicou reproduções das supostas capas de Veja, Época e Exame e esclareceu que eram falsas. ""Concedemos duas entrevistas sobre a Missão Eleitoral OEA no Brasil"", escreveu o perfil. A primeira entrevista foi publicada no domingo (23), na Folha de S.Paulo. A segunda saiu na terça-feira (25), no jornal O Estado de S. Paulo.Em ambas as entrevistas, o mexicano Gerardo de Icaza, diretor de Cooperação e Observação Eleitoral da OEA, diz o oposto do que as capas de revista falsas dão a entender. ""Não temos preocupação com segurança das urnas nesse momento"", ele disse na entrevista que saiu no jornal O Estado de S. Paulo. Na Folha de S.Paulo, o título é: ""Não há motivo para desconfiar da urna eletrônica, diz especialista da OEA"".No caso da capa falsa da revista Época, outra prova de que trata-se de uma montagem é que o logotipo deixou de ser usado pela publicação no início deste ano. Compare abaixo as capas falsas e reais de Época e Veja.A informação falsa sobre uma possível fraude nas urnas eletrônicas se junta a outras que circularam nas últimas semanas, como mostrou Aos Fatos. Um texto no Jornal da Cidade Online, por exemplo, tentou sustentar a informação falsa de que o TSE entregou códigos das urnas para a Venezuela.Outro texto, publicado no site Notícias Brasil Online, dizia que hackers haviam invadido as urnas eletrônicas e, mesmo assim, o TSE insistia que os aparelhos são seguros - essa informação também é falsa.TwitterFacebookEmailWhatsAppLeia tambémCinco fatos sobre migraçãoNão é verdade que Moro afastou promotor do caso Queiroz e delegado que investiga morte de MarielleHomem em foto com Flávio Bolsonaro é assessor do senador, não acusado de matar Marielle]"	1
90	A casa onde mora o policial militar reformado Ronnie Lessa, um dos suspeitos de matar a vereadora cariocana Marielle Franco (PSOL), está na declaração de bens do presidente Jair Bolsonaro (PSL).	" #Verificamos: Denunciado por homicídio de Marielle não morava em uma das casas de BolsonaroImóveis na declaração de bens do presidente junto ao TSE estão no mesmo condomínio, mas têm numeração distintaCircula nas redes sociais a informação de que a casa onde morava o policial militar reformado Ronnie Lessa, um dos suspeitos de matar a vereadora carioca Marielle Franco (PSOL), constaria na declaração de bens do presidente Jair Bolsonaro (PSL). Por meio do projeto de verificação de notícias, usuários do Facebook solicitaram que esse material fosse analisado. Confira a seguir o trabalho de verificação da Lupa:""A casa onde mora o matador de Marielle e Anderson pertence ao presidente Bolsonaro, está na declaração de bens dele ao TSE""Publicação que, até as 17h30 do dia 13 de março de 2019, tinha sido compartilhada ao menos mil vezes no FacebookFALSORonnie Lessa, apontado pelo Ministério Público do Rio de Janeiro (MP-RJ) como autor dos disparos contra a vereadora Marielle Franco, é vizinho do presidente Jair Bolsonaro (PSL), mas sua casa não está no nome do presidente. Segundo o jornal O Globo, o inquérito da Polícia Civil que investiga o caso especifica que Lessa reside na casa 65/66 do Condomínio Vivendas da Barra, na Barra da Tijuca, zona Oeste do Rio de Janeiro. Reportagens de Folha de São Paulo e Época confirmam que a casa geminada alugada por Lessa é a de número 65/66. Essa casa não consta na declaração de bens do presidente Bolsonaro ao Tribunal Superior Eleitoral (TSE).Segundo o TSE, Bolsonaro é proprietário de duas casas no condomínio Vivendas da Barra: uma de número 36 e outra de número 56. Elas foram declaradas no valor de R$603,8 mil e R$ 400 mil, respectivamente.A informação também foi verificada pelo jornal O Globo e pelo site Aos Fatos.Nota: esta reportagem faz parte do projeto de verificação de notícias no Facebook. Dúvidas sobre o projeto? Entre em contato direto com o Facebook.Editado por: Chico Marés"	1
91	Marina erra dados sobre competitividade e emprego em programa de governo	"Marina erra dados sobre competitividade e emprego em programa de governoMarina erra dados sobre competitividade e emprego em programa de governoTwitterFacebookE-mail<a href=""#"" data-text=*Marina erra dados sobre competitividade e emprego em programa de governo*https://aosfatos.org/noticias/marina-erra-dados-sobre-competitividade-e-emprego-em-programa-de-governo/O programa de governo que a chapa presidencial de Marina Silva (Rede) registrou no TSE (Tribunal Superior Eleitoral) exagera dados sobre empregos na área de energias renováveis e erra dados comparativos sobre a competitividade brasileira em relação ao resto do mundo. A candidata também usa dados imprecisos com relação a proporção de transtornos de depressão no Brasil e posição em ranking de inovação. Com o nome ""Brasil justo, ético, próspero e sustentável"", o programa da coligação dos partidos Rede e PV (de onde vem o candidato a vice-Presidência Eduardo Jorge) pode ser lido no site do TSE.Esta reportagem faz parte de uma série de verificações feita por Aos Fatos com base nos programas de governo protocolados no TSE. Já foram checadas afirmações que constam dos programas do candidato Jair Bolsonaro (PSL) e da chapa do PT. A série ainda contemplará ainda as promessas de outros candidatos: Alvaro Dias (Podemos) e Ciro Gomes (PDT). O candidato Geraldo Alckmin (PSDB) não apresentou programa com dados passíveis de checagem.Confira abaixo as cinco afirmações checadas por Aos Fatos no programa de governo de Marina Silva.FALSO_""... nos últimos oito anos, o Brasil caiu 17 posições no Global Innovation Index...""_O programa de governo usa dados da Global Innovation Index para apontar uma queda do país da relação competitividade econômica do país. Em 2011, o Brasil estava na 47ª posição no ranking mundial de inovação e, neste ano, caiu para o 64º lugar. Entretanto, não é possível comparar a posição do Brasil ao longo de oito anos, pois a metodologia e a lista de países avaliados varia entre os levantamentos. Com critérios diferentes, os levantamentos acabam por ser incomparáveis entre si, como é apontado no próprio relatório da Insead (Instituto Europeu de Administração de Empresas), responsável pelo índice: ""inferências sobre desempenho absoluto ou relativo baseadas em variações anuais nos rankings podem ser enganosas"". Como não é possível comparar a posição do Brasil nos dois rankings de anos diferentes, a afirmação foi classificada como FALSA.A Global Innovation Index mede, através de 80 indicadores, o desempenho relativos a inovação dos países. A pesquisa de inovação explora aspectos relativos a áreas como educação, infraestrutura e ambiente político de cada país. Como explica o relatório do Ins"	1
92	"O presidente Michel Temer afirmou nesta quarta-feira (8) que homens e mulheres ""são igualmente empregados"" e que, mesmo com essas ""restrições"", ""a gente vê como a mulher ocupa espaço executivo de grande relevância""."	"Temer erra ao afirmar que homens e mulheres são igualmente empregadosTemer erra ao afirmar que homens e mulheres são igualmente empregadosTwitterFacebookE-mailWhatsAppTemer erra ao afirmar que homens e mulheres são igualmente empregadosPor Tai Nalon e Sérgio Spagnuolo 8 de março de 2017, 19h03TwitterFacebookEmailWhatsAppO presidente Michel Temer afirmou nesta quarta-feira (8) que homens e mulheres ""são igualmente empregados"" e que, mesmo com essas ""restrições"", ""a gente vê como a mulher ocupa espaço executivo de grande relevância"". A declaração foi feita durante solenidade pelo Dia Internacional da Mulher, no Palácio do Planalto.Aos Fatos checou a afirmação junto às bases do Ipea (Instituto de Pesquisa Econômica Aplicada) e da Pnad (Pesquisa Nacional por Amostra de Domicílios) e concluiu que o que o presidente afirma é FALSO. Veja abaixo por quê.FALSOHomens e mulheres são igualmente empregados, [ainda que] com algumas restrições. Mas a gente vê em muitas reportagens, das mais variadas, como a mulher hoje ocupa um espaço executivo de grande relevância.Existem vários dados que derrubam a afirmação de Temer. A Pnad Contínua, tabulada pelo IBGE (Instituto Brasileiro de Geografia e Estatística), tem um conjunto deles. A pesquisa mostra que o desemprego entre as mulheres é muito superior e cresceu mais do que entre os homens no último trimestre de 2016.Segundo o estudo, a taxa de desocupação para o quarto trimestre de 2016 foi de 12,0%. O indicador se manteve estável em relação ao trimestre anterior (11,8%), mas cresceu 3,1 pontos percentuais em relação ao mesmo período de 2015 (9,0%).No entanto, a Pnad aponta que a desocupação impacta de maneira diferente a depender do sexo. No quarto trimestre de 2016, a taxa foi estimada em 10,7% para os homens e em 13,8% para as mulheres.Outra pesquisa, dessa vez do Ipea, divulgada pelo próprio governo nesta semana, explicita as diferenças de renda entre mulheres e homens - e ainda separa por raça. O estudo demonstra que, enquanto homens brancos recebiam mensalmente em 2015 R$ 2.509,70 em média, uma mulher negra tinha rendimento de R$ 1.027,50 no mesmo período.Ainda assim, as mulheres têm carga de trabalho superior à jornada masculina. Elas trabalham, em média, 7,5 horas a mais que os homens por semana. Em 2015, ano-base do estudo, a jornada total média das mulheres era de 53,6 horas semanais, enquanto a dos homens, de 46,1 horas.A diferença está nos afazeres não remunerados: 90% das mulheres declararam realizar atividades domésticas, enquanto apenas 50% dos homens disseram fazer o mesmo. A proporção se manteve quase inalterada ao longo de 20 anos, segundo o instituto.Cargos executivos. Temer também se equivoca ao dizer que a mulher ""ocupa espaço executivo de grande relevância"". Embora de fato haja mulheres em cargos altos em várias empresas brasileiras, levantamento de Aos Fatos feito em 2016 revelou que elas permanecem fora dos processos de decisão dentro de grandes corporações brasileiras.No mundo corporativo, dos 420 cargos executivos de destaque nas 57 empresas do Ibovespa, principal índice da Bolsa de Valores de São Paulo, apenas 27 são ocupados por mulheres-cerca de 6,5%. Com dados do primeiro semestre do ano passado, é possível saber aqui quem ocupa a chefia dessas empresas.Selo. A declaração de Temer, de que homens e mulheres são igualmente empregados, está incorreta, já que as taxas de desocupação e o rendimento mensal apresentam números diferentes para homens e mulheres, segundo dados oficiais. Além disso, ao afirmar que mulheres ocupam espaço executivo ""de grande relevância"", ignora que só 6,5% das principais empresas na Bolsa de Valores de São Paulo são chefiadas por mulheres. Aos Fatos classifica a afirmação como FALSA.Esta reportagem foi atualizada às 3h48 de 9 de março de 2017 para acrescentar informações sobre renda mensal.TwitterFacebookEmailWhatsAppLeia tambémCinco fatos sobre migraçãoNão é verdade que Moro afastou promotor do caso Queiroz e delegado que investiga morte de MarielleHomem em foto com Flávio Bolsonaro é assessor do senador, não acusado de matar Marielle]"	1
93	É falso que o presidente tenha decretado o fim do exame da OAB.	" #Verificamos: É falso que Bolsonaro tenha decretado o fim da obrigatoriedade do exame da OABExigência do exame é garantida por lei, e não pode ser alterada por decretoCircula nas redes sociais a notícia de que o presidente Jair Bolsonaro teria decretado o fim do exame da Ordem de Advogados do Brasil (OAB). A aprovação neste exame, atualmente, é condição obrigatória para o exercício da advocacia no país. Por meio do projeto de verificação de notícias, usuários do Facebook solicitaram que esse material fosse analisado. Confira a seguir o trabalho de verificação da Lupa:""Presidente Jair Bolsonaro assina decreto que acaba com a obrigatoriedade de bacharel em direito prestar exame [d]a OAB""Conteúdo publicado pelos sites SJNotíciasMA e A Voz das Cidades, com mais de 200 compartilhamentos no Facebook segundo a ferramenta BuzzsumoFALSOÉ falso que o presidente tenha decretado o fim do exame da OAB. Atualmente, a lei 8.906/1994 inclui a aprovação no exame da OAB como pré-condição para o exercício da advocacia. Pela legislação brasileira, decretos presidenciais, considerados atos infralegais, não podem contrariar a lei. O conteúdo analisado pela Lupa cita o decreto 9.745/2019 como fonte da ""informação"". Na realidade, este decreto apenas estabelece a ""regulação profissional"" entre as 37 áreas de competência do Ministério da Economia, ou seja, não acaba com a obrigatoriedade do exame. Em nota oficial, a OAB reiterou que a informação é falsa:""É falsa a informação de que o governo editou um decreto que acaba com a obrigatoriedade da inscrição nos quadros da OAB para o exercício da advocacia, bem como a necessidade de realização do Exame de Ordem para tal registro. Trata-se de fake news o texto que circula pelas redes sociais apontando o decreto 9.745, de 8 de abril de 2019, como instrumento disso. O referido decreto trata apenas e tão somente da aprovação da estrutura regimental e do quadro demonstrativo dos cargos em comissão e das funções de confiança do Ministério da Economia e sequer cita a OAB, o Exame de Ordem ou qualquer outro conselho profissional apontado no texto mentiroso.""Checagens semelhantes foram publicadas pelos sites Estadão Verifica e Aos Fatos. Nota: esta reportagem faz parte do projeto de verificação de notícias no Facebook. Dúvidas sobre o projeto? Entre em contato direto com o Facebook.Editado por: Chico Marés"	1
94	É falso que Paulo Guedes anunciou o fim do auxílio-reclusão	"É falso que Paulo Guedes anunciou o fim do auxílio-reclusãoÉ falso que Paulo Guedes anunciou o fim do auxílio-reclusãoTwitterFacebookE-mailWhatsAppÉ falso que Paulo Guedes anunciou o fim do auxílio-reclusãoPor Luiz Fernando Menezes 8 de janeiro de 2019, 13h44TwitterFacebookEmailWhatsAppNão é verdade que Paulo Guedes, ministro da Economia, anunciou o fim do auxílio-reclusão, benefício previsto pela Constituição que é concedido aos familiares do presidiário que contribuiu para o INSS quando ainda estava em liberdade. A informação falsa consta em uma série de posts que circulam nas redes sociais e que replicam o título de uma publicação do site Giro Sertão igualmente enganosa. No Facebook, as postagens já alcançavam 70 mil compartilhamentos até a tarde desta terça-feira (8).O Ministério da Economia informou não ter sido feito até o momento nenhum anúncio de mudanças nas regras do benefício. Aos Fatos também não identificou declarações de Guedes iguais ou parecidas às citadas nos posts e no texto do Giro Sertão, como a de que o auxílio-reclusão seria ""um incentivo à criminalidade"".As publicações foram classificadas com o selo FALSO na ferramenta de verificação do Facebook (entenda como funciona).FALSOURGENTE! Ministro Paulo Guedes acaba de anunciar o fim do BOLSA-BANDIDO, o auxílio reclusão!!Antes de mais nada, é necessário lembrar que o auxílio-reclusão é um benefício previsto pelo artigo 201 da Constituição e não poderia ser extinto da forma como tem sido veiculada nas publicações.Procurado por Aos Fatos, o Ministério da Economia também negou qualquer anúncio de mudança nas regras do auxílio-reclusão.Para além das críticas do presidente Jair Bolsonaro (PSL) ao auxílio reclusão no Twitter na semana passada, anunciando que avançaria na questão e que o benefício ""ultrapassa o valor do salário mínimo"", Aos Fatos também não encontrou declarações de Guedes nas quais ele anuncia o fim do benefício ou algo parecido.Aos Fatos já checou boatos sobre o auxílio-reclusão antes: o primeiro, que circulou durante as eleições, dizia que ele seria criação do PT e teria um valor maior do que o salário mínimo; o outro, que continha afirmações semelhantes, ainda colocava como autora da comparação a deputada estadual eleita por São Paulo Janaína Paschoal (PSL-SP).O auxílio-reclusão existe desde 1933. Seu valor, além de variar caso a caso, leva em consideração a contribuição do presidiário ao INSS quando ainda era livre e trabalhava formalmente, com carteira assinada, dentro de um teto, hoje fixado em R$ 1.319,18. O tempo do benefício também varia de acordo com a situação e quem recebe o auxílio não é o preso, mas seus dependentes, mediante comprovação da necessidade de sustento da família.Segundo o Anuário Estatístico da Previdência Social de 2017, último divulgado, em dezembro de 2017 foram concedidos 1.538 benefícios de auxílio-reclusão, somando, ao todo, R$ 1,8 milhão. Isso significa que a média, naquele mês, foi de R$ 1.170, mas esse valor e o número total de beneficiados podem variar mensalmente.TwitterFacebookEmailWhatsAppLeia tambémCinco fatos sobre migraçãoNão é verdade que Moro afastou promotor do caso Queiroz e delegado que investiga morte de MarielleHomem em foto com Flávio Bolsonaro é assessor do senador, não acusado de matar Marielle]"	1
95	Mourão também propõe confisco da poupança	" #Verificamos: general Hamilton Mourão não propôs confisco da poupançaPublicação com título sem relação com o texto tinha 33 mil compartilhamentos na noite deste sábado (06) Circula nas redes sociais a informação de que o general Hamilton Mourão (PRTB), vice na chapa de Jair Bolsonaro (PSL) à Presidência da República, teria sugerido o ""confisco da poupança"". Por meio do projeto de verificação de notícias, usuários do Facebook solicitaram que esse material fosse analisado. Confira a seguir o trabalho de verificação da Lupa:""Mourão também propõe confisco da poupança""Título de postagem feita no Blog da Cidadania, que já tinha mais de 33 mil compartilhamentos até às 20h35 deste sábado (6/10)FALSOO título da postagem não tem relação com seu conteúdo. Não há qualquer menção ao confisco da poupança ao longo do texto, publicado no dia 28 de setembro. Trata-se, na verdade, da cópia integral de uma reportagem publicada pela Folha de S.Paulo no dia 27 de setembro, com o título original ""Mourão propõe renegociar os juros da dívida do governo"" e o subtítulo ""Em palestra, vice de Bolsonaro também criticou o 13° salário e o adicional de férias."" Em evento realizado no Rio Grande do Sul, Mourão classificou dois direitos trabalhistas (o 13° salário e o abono de férias) como ""jabuticabas brasileiras"". No Twitter, Jair Bolsonaro não citou o vice de sua chapa, mas defendeu a permanência do 13° salário: ""Criticá-lo [o 13° salário], além de uma ofensa a quem trabalha, confessa desconhecer a Constituição"".No evento em que supostamente teria defendido o confisco da poupança, Mourão fala do assunto em apenas uma ocasião, ao dizer que ""o brasileiro poupa pouco"". Além da Folha de S.Paulo, outros jornais publicaram notícias sobre o evento e nenhum deles mencionou que Mourão tivesse falado em confisco da poupança (veja aqui e aqui).A Lupa entrou em contato com o Blog da Cidadania sobre essa checagem, mas ainda não obteve retorno. Nota: esta reportagem faz parte do projeto de verificação de notícias no Facebook. Dúvidas sobre o projeto? Entre em contato direto com o Facebook. Editado por: Cristina Tardáguila"	1
96	É #FAKE que enchente em Cubatão foi provocada por abertura de barragemPost no Facebook tem sido bastante compartilhado.	"É #FAKE que enchente em Cubatão foi provocada por abertura de barragemPost no Facebook tem sido bastante compartilhado. Mensagem é falsa. Circula pelas redes sociais um texto que diz que a enchente em Cubatão, em São Paulo, foi provocada pela abertura de comportas da barragem de Rio das Pedras. A mensagem é #FAKE.O texto utiliza imagens verídicas sobre os bairros atingidos pela cheia. O Rio Pilões realmente transbordou em Cubatão e as sirenes que soam toda vez que o rio enche tocaram três vezes avisando que os moradores precisavam sair de suas casas.A Prefeitura de Cubatão esclarece, no entanto, que não existe qualquer previsão de abertura de comportas da barragem de Rio das Pedras.A nota diz que, apesar dos amplos esclarecimentos dados à população, uma onda de desinformação está sendo disseminada nas redes sociais, em clara atitude de má-fé para com a população da cidade, que já tem muitos problemas em decorrência das chuvas.Em um aviso anterior contra informações falsas, funcionários da Prefeitura informaram que não há abertura de comportas sem prévio planejamento, aviso da Defesa Civil e monitoramento.A Empresa Metropolitana de Águas e Energia (EMAE) nega que tenha havido a abertura alardeada na mensagem e diz que a última abertura das comportas na barragem de Rio das Pedras ocorreu em 2010.Segundo a empresa, a medida só é utilizada quando os reservatórios de Rio das Pedras e da Billings atingem o limite operacional.""Os níveis destes equipamentos são monitorados 24 horas. Em caso de necessidade da abertura, a EMAE segue o protocolo estabelecido que prevê o aviso prévio aos órgãos como Sabesp, Fundação Florestal, CETESB e Defesa Civil Municipal, entre outros"", diz a nota.Vídeo: Veja como identificar uma mensagem falsa "	1
97	Falso: A notícia de que a França teria legalizado a pedofilia ao promulgar, em 3 de agosto deste ano, a lei 2018-703 é falsa.	" #Verificamos: França não aprovou lei da pedofiliaSão falsos posts, vídeos e imagens que têm mais de 2,6 mil interações no Facebook e falam de consentimento infantilCirculam na internet posts, imagens e vídeos com a ""notícia"" de que a França teria aprovado uma ""lei da pedofillia"", autorizando crianças a consentir sexo com adultos. Por meio do projeto de verificação de notícias, usuários do Facebook solicitaram que essas informações - que já somavam mais de 2,6 mil interações na rede social - fossem analisadas. Confira a seguir o trabalho da Lupa:""França aprova a lei da pedofilia""Título de postagens feitas pelos sites CatolicaConect, PoliticaeDireito, SempreQuestione, Redepress e Conexão Política, além de vídeos no Youtube e imagens no FacebookFALSOA notícia de que a França teria legalizado a pedofilia ao promulgar, em 3 de agosto deste ano, a lei 2018-703 é falsa. A chamada Lei Schiappa - por conta de Marlu00e8ne Schiappa, secretária de Estado encarregada de buscar a igualdade entre mulheres e hom"	1
98	Site engana ao afirmar que Bolsonaro é inves tigado por dinheiro sujo na campanha	"Site engana ao afirmar que Bolsonaro é investigado por dinheiro sujo na campanhaSite engana ao afirmar que Bolsonaro é investigado por dinheiro sujo na campanhaTwitterFacebookE-mailWhatsAppSite engana ao afirmar que Bolsonaro é investigado por dinheiro sujo na campanha 24 de outubro de 2018, 14h46TwitterFacebookEmailWhatsAppNão é verdade que o Ministério Público Federal investiga dinheiro sujo na campanha de Jair Bolsonaro, candidato à Presidência da República pelo PSL, como sustenta título de publicação do site Plantão Brasil. O texto não traz a informação falsa do título, limitando-se a reproduzir uma reportagem do Estadão a respeito de uma investigação da Procuradoria do Distrito Federal sobre Paulo Guedes, guru econômico de Bolsonaro e potencial ministro da Fazenda em um governo do ex-capitão do Exército.O candidato não é citado na investigação até o momento, como verificou o Comprova - coalizão de 24 veículos de imprensa brasileiros para o combate à desinformação nas eleições. Aos Fatos é parceiro institucional da iniciativa.O conteúdo disseminado pelo Plantão Brasil foi reproduzido por diversas páginas do Facebook, onde já acumula mais de 11 mil interações. Ele foi marcado por Aos Fatos com o selo FALSO na ferramenta de verificação da rede social (entenda como funciona).Abaixo, em detalhes, o que foi checado.FALSOProcuradoria investiga dinheiro sujo na campanha de BolsonaroÉ falso o título de post publicado no site Plantão Brasil no último dia 11 de outubro. O texto é uma cópia de reportagem publicada no mesmo dia pelo Estadão, mas com o título alterado. A PR-DF (Procuradoria da República no Distrito Federal) investiga o economista Paulo Guedes, responsável pelo programa econômico da candidatura de Jair Bolsonaro (PSL) e cotado para ser ministro da Fazenda em caso de vitória. Até o momento, no entanto, o presidenciável não foi citado na apuração.Embora o Plantão Brasil não cite a origem do texto, o projeto Comprova encontrou a reportagem original do Estadão. Além disso, fez contato com o procurador da República Anselmo Lopes, da PR-DF e coordenador da força-tarefa da Operação Greenfield, que investiga o caso, e também analisou os documentos disponíveis da apuração.Na reportagem original, o Estadão usou o seguinte título: ""Procuradoria mira relação entre doações a políticos e aportes em FIPs de Guedes"". O texto do Plantão Brasil tem parágrafos idênticos aos do Estadão, mas, além de trocar o título, passando a veicular informação enganosa, o site suprimiu os trechos da reportagem do jornal que mostram as manifestações das defesas dos citados.Em contato com o Comprova, o procurador confirmou que a campanha do presidenciável não está sob investigação. ""Não há nenhuma investigação sobre Bolsonaro. Somente Paulo Guedes e outros são investigados"", declarou.Nos documentos disponíveis da investigação, o nome do candidato não aparece.A operação Greenfield investiga se Guedes praticou fraudes em negócios com fundos de pensão de estatais, podendo ter cometido crimes de gestão fraudulenta ou temerária. Em seis anos, dois fundos de investimentos (FIPs) administrados por uma empresa de Guedes captaram R$ 1 bilhão dos fundos estatais.Na investigação, o procurador Anselmo Lopes pede, entre outras providências, a verificação de ""eventuais conexões entre os aportes dos fundos de pensão e as doações da empresa Contax Participações S/A (registradas em R$ 53 milhões para partidos políticos e candidatos, entre 2008 e 2014) da qual, segundo o portal Bloomberg, o sr. Paulo Roberto Nunes Guedes era diretor"". Ele também determina a pesquisa de ""doações eleitorais realizadas pelas pessoas físicas e jurídicas em questão entre os anos de 2008 e 2018"".De acordo com a reportagem do Estadão, a empresa Liq (Contax) disse que o economista não foi seu diretor, mas sim Paulo Roberto Reckziegel Guedes. Os advogados do economista ligado a Bolsonaro afirmaram ao Estadão que ""o fundo FIP BR Educacional não trouxe qualquer prejuízo aos fundos de pensão"".Embora se mostre como jornalístico, o Plantão Brasil oferece um link para que os leitores entrem em um grupo de WhatsApp para ""receber imagens, vídeos e notícias para compartilhar pró-Haddad e contra Bolsonaro"".Publicado no dia 11 de outubro, o link para o site ainda repercute no Facebook em páginas como Verdade sem manipulação, Eu Odeio a Globo, Pig Golpista e a do próprio Plantão Brasil. Até a noite desta quarta-feira, 17 de outubro, os posts com o link tinham cerca de 11 mil curtidas, comentários ou compartilhamentos, segundo a ferramenta Newswhip.O Blog da Cidadania também publicou uma versão semelhante da informação enganosa. Usou o texto do Estadão e afirmou, no título, que ""Procuradoria suspeita de dinheiro sujo na campanha de Bolsonaro"". Nas redes sociais, a publicação obteve cerca de 3,3 mil interações. Aos Fatos é parceiro institucional do Comprova. Por meio dessa parceria, reproduz gratuitamente o conteúdo gerado pelo consórcio e presta consultoria sem contrapartida sobre tecnologia em checagem de fatos. A iniciativa é uma coalizão de 24 veículos de imprensa cujo objetivo é combater a desinformação durante as eleições presidenciais.TwitterFacebookEmailWhatsAppLeia tambémCinco fatos sobre migraçãoNão é verdade que Moro afastou promotor do caso Queiroz e delegado que investiga morte de MarielleHomem em foto com Flávio Bolsonaro é assessor do senador, não acusado de matar Marielle]"	1
99	Filhos de juízes vão receber auxílio-educação de 7.000, até os 24 anos	" #Verificamos: É falso que filhos de juízes vão receber auxílio-educação de R$ 7 mil até 24 anosTribunal de Justiça do Rio paga benefício, mas valor é de até R$ 3.580 ao mêsCirculam nas redes sociais imagens que ""informam"" que filhos de juízes passarão a receber R$ 7 mil até os 24 anos para custear seus estudos. Por meio do projeto de verificação de notícias, usuários do Facebook solicitaram que esse material fosse analisado. Confira a seguir o trabalho de verificação da Lupa:""Filhos de juízes vão receber auxílio-educação de 7.000, até os 24 anos""Imagem que até as 17h do dia 15 de novembro de 2018 já tinha mais de 28 mil compartilhamentos no Facebook (aqui, aqui, aqui e aqui)FALSODe acordo com o Conselho Nacional de Justiça (CNJ) cada tribunal tem autonomia para criar seus próprios auxílios e somente o Tribunal de Justiça do Estado do Rio de Janeiro (TJRJ) custeia os estudos dos filhos de seus magistrados e servidores. Ainda assim, ressalta o órgão, o valor aplicado é metade do citado na imagem analisada pela Lupa. Em novembro de 2018, o TJRJ concedia até R$ 1.193,36 por dependente em auxílio-educação aos magistrados e servidores que tinham até três filhos com idades entre 8 e 24 anos. Isso significa um total máximo de R$ 3.580 Em 2014, o tribunal fluminense chegou a mandar um projeto de lei para a Assembleia Legislativa (Alerj) prevendo a concessão de uma bolsa até R$ 7.250 mensais para financiar a educação dos filhos dos magistrados. No entanto, o projeto foi aprovado com valor menor. Os juízes federais, por sua vez, recebem diversos auxílios regulamentados pela Resolução n 4, de março de 2008, do Conselho da Justiça Federal. Mas nenhum deles é voltado para o reembolso de escolaridade até os 24 anos. Os benefícios vigentes são: auxílio-transporte, auxílio-alimentação, auxílio-moradia, auxílio pré-escola, adicionais pelo exercício de atividades insalubres ou perigosas, adicional noturno, indenização de transporte, gratificação natalina e ajuda de custo, das diárias e consignações em folha de pagamento. O auxílio pré-escola, no valor de R$ 712,62 por mês, só vale até o mês em que a criança completa 6 anos de idade. Não poderia, portanto, ser confundido com o que é citado na imagem analisada pela Lupa. Desde o ano passado, o CNJ divulga a remuneração e a composição de todos os pagamentos efetuados aos magistrados. É possível conferir essas informações aqui. Verificação semelhante foi feita pelo site Estadão Verifica.*Nota: esta reportagem faz parte do projeto de verificação de notícias no Facebook. Dúvidas sobre o projeto? Entre em contato direto com o Facebook.Editado por: Cristina Tardáguila"	1
100	Mãe e irmã do agressor de Bolsonaro não trabalhavam com Maria do Rosário	"Mãe e irmã do agressor de Bolsonaro não trabalharam com Maria do RosárioMãe e irmã do agressor de Bolsonaro não trabalharam com Maria do RosárioTwitterFacebookE-mailWhatsAppMãe e irmã do agressor de Bolsonaro não trabalharam com Maria do RosárioPor Bernardo Moura 29 de janeiro de 2019, 15h33TwitterFacebookEmailWhatsAppÉ falsa a informação de que trabalharam no gabinete da deputada federal Maria do Rosário (PT-RS), em Brasília, a mãe e a irmã de Adélio Bispo, responsável pela facada que feriu o presidente Jair Bolsonaro (PSL) na campanha eleitoral do ano passado. Além do desmentido da parlamentar petista, essa acusação não se sustenta, pois:1 A mãe de Adélio morreu quando ele ainda era adolescente, segundo registros publicados na imprensa;2Todos os irmãos do agressor de Bolsonaro moram em Montes Claros, em Minas Gerais, e não têm renda compatível com a de assessor parlamentar;3Entre os quatro irmãos de Adélio, há pelo menos uma mulher. Ela não tem qualquer relação com a deputada gaúcha Maria do Rosário;4Não há funcionários listados no site da Câmara dos Deputados com os nomes e sobrenomes possíveis da mãe e da irmã de Adélio.Publicações que circulam nas redes sociais com este conteúdo enganoso foram denunciadas ao Aos Fatos por leitores no WhatsApp (veja como participar) e no Facebook. Neste, uma dezena de posts com a desinformação, e que já somam quase 40 mil compartilhamentos, foram marcados com o selo FALSO na ferramenta de verificação disponibilizada pela rede social (entenda como funciona).FALSOPorque as mídias de esquerda não comentam que a mãe e a irmã de Adélio trabalhavam no gabinete de Maria do Rosário?Ainda que sobrem lacunas nas informações disponíveis hoje a respeito dos familiares de Adélio Bispo de Oliveira, é possível afirmar que não procede a informação de que sua mãe e irmã trabalhavam no gabinete da deputada petista Maria do Rosário.O primeiro fato que desmonta essa hipótese é que a mãe do agressor de Bolsonaro morreu quando ele - que hoje tem 41 anos - era adolescente. De acordo com reportagem da Folha de S.Paulo, que não traz o nome da mãe, ela trabalhava como varredora de rua no município de Montes Claros, em Minas Gerais.A mesma reportagem, um perfil sobre Adélio Bispo, revelou que seus quatro irmãos moram hoje em bairros pobres de Montes Claros e arredores. Tal informação torna inviável a chance de um deles ter sido recentemente assessor parlamentar em Brasília.Aos Fatos fez ainda uma busca no registro de funcionários da Câmara dos Deputados pelo único nome de irmã de Adélio que foi citado na imprensa, Maria, ora alternando para sobrenome igual ao do agressor, Bispo de Oliveira, ora usando o de sua sobrinha, Ramos, mas os resultados encontrados não se encaixavam com os nomes de funcionários de Maria do Rosário.A deputada federal petista também negou ter empregado parentes do agressor de Bolsonaro no seu gabinete. Para Maria do Rosário, o caso seria uma forma de confundir o público sobre a revelação de que o senador eleito Flávio Bolsonaro (PSL-RJ) empregou em seu gabinete de deputado estadual a mãe e a esposa de um acusado de pertencer a grupo miliciano. ""Com mentiras, querem apagar as verdades"", afirmou a parlamentar em trecho da declaração enviada ao Aos Fatos nesta segunda-feira (28).Os sites Boatos.org e E-Farsas também atestaram como falsas as informações que circulam nas redes sociais.TwitterFacebookEmailWhatsAppLeia tambémCinco fatos sobre migraçãoNão é verdade que Moro afastou promotor do caso Queiroz e delegado que investiga morte de MarielleHomem em foto com Flávio Bolsonaro é assessor do senador, não acusado de matar Marielle]"	1
101	Bolsanaro erra ao citar gastos do PT na educação e exagera juros e dívida sob FHC	"Bolsonaro erra ao citar gastos do PT na educação e exagera juros e dívida sob FHCBolsonaro erra ao citar gastos do PT na educação e exagera juros e dívida sob FHCTwitterFacebookE-mailWhatsAppBolsonaro erra ao citar gastos do PT na educação e exagera juros e dívida sob FHCPor Judite Cypreste e Luiz Fernando Menezes 7 de novembro de 2018, 11h11TwitterFacebookEmailWhatsAppO presidente eleito Jair Bolsonaro (PSL) errou ao afirmar que o PT no governo piorou a qualidade do ensino no país apesar de ter duplicado os gastos com educação. Na verdade, dados oficiais mostram que as despesas foram triplicadas e que houve melhorias significativas no aprendizado oferecido pelas escolas brasileiras.O capitão reformado também derrapou ao tecer comentários sobre a metodologia da pesquisa de desemprego do IBGE e exagerou ao dizer que a taxa Selic nos governos de Fernando Henrique Cardoso (PSDB) chegou a 60%, atribuindo a isso a alta da dívida pública interna.As declarações foram dadas em uma entrevista ao programa Brasil Urgente, de José Luiz Datena, na TV Bandeirantes, nesta segunda-feira (5).Veja, abaixo, o que checamos.FALSODurante os 13 anos de PT, dobrou-se os gastos com a educação e a qualidade de ensino diminuiu.Na verdade, em 13 anos, os governos petistas mais do que triplicaram os gastos em educação e o país observou uma melhora nos indicadores de qualidade de ensino, como mostram os dados orçamentários e os do Ideb (Índice de Desenvolvimento da Educação Básica) entre 2003 e 2015. Portanto, é FALSA a declaração do presidente eleito Jair Bolsonaro.Em 2002, antes da posse do ex-presidente Luiz Inácio Lula da Silva (PT), o país investia R$ 35,7 bilhões em educação (valor ajustado pelo índice oficial de inflação). Esse montante passou para R$ 115,3 bilhões em 2015, último ano completo de Dilma Rousseff na Presidência da República. Ou seja, o gasto com políticas educacionais na era petista mais do que triplicou, e não dobrou, como afirmou Bolsonaro.Os dados, corrigidos pelo IPCA, foram extraídos do Siga Brasil, portal de acompanhamento orçamentário do Senado Federal. Eles incluem a totalização das despesas do orçamento do ano e de despesas empenhadas em exercícios anteriores, os chamados ""restos a pagar"".A alta do investimento educacional nos governos petistas, porém, não foi consistente. Em seu primeiro mandato, Lula reduziu o gasto com educação em relação ao que havia sido empenhado pelo antecessor, Fernando Henrique Cardoso (PSDB): de R$ 35,7 bilhões para R$ 31,6 bilhões. As despesas da área só ultrapassaram o patamar destinado pelo tucano em 2006, quando chegou a R$ 36,8 bilhões. Nos anos posteriores, os gastos cresceram sucessivamente.Também não é verdade que a qualidade do ensino brasileiro caiu durante os governos do PT, como sugeriu o presidente eleito. Dados do Ideb (Índice de Desenvolvimento da Educação Básica) revelam melhorias no desempenho educacional do país nas administrações petistas, principalmente no ensino fundamental, em que o conceito subiu de 3,8 para 5,5, nos anos iniciais, e de 3,5 para 4,5, nos anos finais, entre 2005 (ano da primeira avaliação) e 2015. Ainda que tímido, houve também avanço no ensino médio: de 3,4, para 3,7 no período.Os indicadores do Ideb para o ensino público também apontam para uma evolução da qualidade das escolas: entre 2005 e 2015, a classificação passou de 3,6 para 5,3, nos anos iniciais do ensino fundamental; nos anos finais, foi de 3,2 a 4,2; e no ensino médio a nota subiu de 3,1 para 3,5.É verdade, entretanto, que algumas metas de melhoria de ensino não foram atingidas, como foi o caso dos anos finais do ensino fundamental e do ensino médio a partir de 2013. Esses resultados, porém, não permitem atestar que houve uma queda geral da qualidade de ensino no país.O Ideb é medido com base na relação entre a aprovação dos estudantes aferida pelo Censo Escolar e das médias de desempenho nas avaliações aplicadas pelo Inep, do Ministério da Educação, como o Saeb (Sistema de Avaliação da Educação Básica) e a Prova Brasil.Outro lado. A reportagem entrou em contato com a assessoria de Bolsonaro para que ele pudesse se posicionar em relação às checagens. Até a última atualização, no entanto, Aos Fatos não havia recebido nenhuma resposta.FALSOQuem, por exemplo, recebe Bolsa Família é tido como empregado, quem não procura emprego há mais de um ano é tido como empregado, quem recebe seguro desemprego é tido como empregado.Esta afirmação do presidente eleito é FALSA pelas seguintes razões: 1. ao medir a taxa de desemprego, a Pnad Contínua, do IBGE, não considera beneficiários do Bolsa Família como empregados; 2. também não são classificados assim os brasileiros que recebem seguro-desemprego; 3. trabalhadores em busca de emprego são contabilizados pelo instituto como ""desalentados"", e eles não entram no somatório de pessoas empregadas no país.De acordo com a nota técnica da Pnad Contínua (Pesquisa Nacional por Amostragem de Domicílios Contínua), o IBGE não considera uma pessoa empregada apenas por receber algum benefício. Alinhado às recomendações metodológicas e conceituais de instâncias internacionais como a OIT (Organização Internacional do Trabalho) e a UNSC (Comissão de Estatísticas das Nações Unidas), o estudo classifica como pessoas ocupadas aquelas que, na semana de referência da pesqu"	1
102	"""Bolsanaro: haverá sensibilidade para corrigir possíveis equívocos no projeto dos militares"" Em meio à visita oficial aos EUA, presidente comentou polêmica gerada após divulgação de trechos de versão preliminar da proposta de aposentadoria dos integrantes das Forças Armadas. O presidente Jair Bolsonaro afirmou na noite desta segunda-feira (18), em uma transmissão ao vivo em uma rede social feita em Washington, que tem certeza de que ""haverá sensibilidade"" por parte do Ministério da Defesa para ""corrigir possíveis equívocos"" no projeto de aposentadoria dos militares que deve ser apresentado nesta semana ao Congresso Nacional. O Ministério da Defesa já entregou ao Ministério da Economia a proposta de mudança na previdência dos integrantes das Forças Armadas."	"""Bolsonaro: haverá sensibilidade para corrigir possíveis equívocos no projeto dos militares""Em meio à visita oficial aos EUA, presidente comentou polêmica gerada após divulgação de trechos de versão preliminar da proposta de aposentadoria dos integrantes das Forças Armadas. O presidente Jair Bolsonaro afirmou na noite desta segunda-feira (18), em uma transmissão ao vivo em uma rede social feita em Washington, que tem certeza de que ""haverá sensibilidade"" por parte do Ministério da Defesa para ""corrigir possíveis equívocos"" no projeto de aposentadoria dos militares que deve ser apresentado nesta semana ao Congresso Nacional.O Ministério da Defesa já entregou ao Ministério da Economia a proposta de mudança na previdência dos integrantes das Forças Armadas. A apresentação de um projeto de reforma nas regras de aposentadoria dos militares é uma exigência de aliados de Bolsonaro para começarem a analisar a Proposta de Emenda à Constituição (PEC) que altera as regras previdenciárias de trabalhadores civis.O projeto elaborado pelo Ministério da Defesa prevê maior tempo de serviço, aumento da alíquota de contribuição, mas também propõe contrapartidas aos militares, como reajustes e uma reestruturação da carreira.Entre outros pontos, a proposta cria mais um nível hierárquico na carreira militar, o de sargento-mor e prevê a edição, em até 90 dias, de uma política de remuneração com reajustes anuais para a categoria.""Tenho certeza de que haverá sensibilidade por parte do Ministério da Defesa para corrigir possíveis equívocos, que podem acontecer. Somos seres humanos, pode acontecer, não há dúvida"", disse Bolsonaro nesta segunda-feira em uma transmissão ao vivo ao lado do filho Eduardo Bolsonaro (PSL), deputado federal por São Paulo.O presidente participou da transmissão na rede social do filho em meio à viagem oficial aos Estados Unidos para se encontrar com o presidente Donald Trump.Bolsonaro comentou a polêmica gerada após a divulgação de trechos do projeto de aposentadoria dos militares na Blair House, uma mansão localizada dentro do complexo da Casa Branca que é cedida pelo governo norte-americano para chefes de Estado em visita ao país.Ao lado do filho, o presidente disse que chegou a ele que ""não caiu bem a figura do sargento-mor"". Ele afirmou que não leu a versão da proposta dos militares entregue pela Defesa ao Ministério da Economia. Segundo Bolsonaro, ""os finalmente"" do projeto ""não foi feito ainda"".""Deu um problema na proposta de reforma dos militares. Podem ter certeza, essa proposta vai ser justa"", enfatizou.Os técnicos da equipe econômica do governo federal estão calculando o impacto financeiro da proposta do Ministério da Defesa e fazendo ajustes no texto. Nesta segunda, Bolsonaro assegurou que o texto será enviado ao Congresso até quarta-feira (20), dia em que ele retorna ao Brasil.O secretário Especial de Previdência Social e Trabalho, Rogério Marinho, afirmou que a equipe econômica espera o presidente chegar da viagem aos Estados Unidos para finalizar o projeto e enviar para análise dos parlamentares.Ele contou na internet que conversou ""longamente"" no domingo (17) com o ministro da Defesa, Fernando Azevedo e Silva, para tratar da repercussão negativa da versão preliminar do projeto de aposentadoria dos militares.Capitão da reserva do Exército, Bolsonaro declarou na rede social que pretende ""fazer o melhor"" para evitar desigualdades nas regras previdenciárias, mas levando em consideração o ""sacrifício"" que será exigido dos integrantes das Forças Armadas. Ele destacou que, entre outros pontos, o projeto prevê 5 anos a mais de permanência na ativa para os militares solicitarem a transferência para a reserva. Atualmente, eles podem se aposentar após 30 anos na ativa.Ao mesmo tempo em que disse que iria cobrar um ""sacrifício"" dos militares, o presidente ressaltou que, na avaliação dele, a categoria foi tratada com descaso pelos governos anteriores. Ele reclamou de um processo de sucateamento das Forças Armadas e da defasagem dos soldos nas últimas décadas.Bolsonaro sugeriu que militares de baixas patentes manifestem aos superiores eventuais insatisfações com a proposta de mudanças nas regras de aposentadoria para que o governo possa avaliar e ponderar alterações no texto.A proposta de reforma da previdência dos militares prevê um aumento escalonado na alíquota de contribuição. Os atuais 7,5% subiriam um ponto percentual por ano a partir do ano que vem, chegando a 10,5% em 2022.Essa contribuição também passa a ser paga a partir do ano que vem pelos pensionistas. A lista de beneficiados do sistema de pensões fica mais restrita, só a maridos, mulheres, filhos e pais sem renda.Outra mudança é no tempo de serviço mínimo para entrar na reserva, que passa dos atuais 30 para 35 anos. Pela proposta, esta regra só vai valer para quem entrar nas forças armadas com a lei já em vigor. Quem já tem 30 anos ou mais de serviço vai se aposentar com as regras atuais. Quem já está nas forças se aposenta também pelo modelo em vigor, mas com um pedágio de 17%.Por exemplo: um militar com 10 anos de serviço, que pelas regras atuais precisaria trabalhar mais vinte anos, passaria a ter de trabalhar 23 anos, quatro meses e 24 dias. "	-1
103	Projeto de Lei Anticrime pode passar por até quatro comissões no Congresso antes de aprovação. Projeto será enviado ao Congresso Nacional e precisa ser aprovado por deputados e senadores. O ministro da Justiça e Segurança Pública, Sérgio Moro, apresentou nesta segunda-feira (4) um projeto anticorrupção e antiviolência com propostas de alterações em pontos do Código Penal, do Código de Processo Penal, da Lei de Execução Penal, da Lei de Crimes Hediondos e do Código Eleitoral. 	"""Projeto de Lei Anticrime pode passar por até quatro comissões no Congresso antes de aprovação""Projeto será enviado ao Congresso Nacional e precisa ser aprovado por deputados e senadores. Por complexidade, Câmara pode instalar comissão especial.  O ministro da Justiça e Segurança Pública, Sérgio Moro, apresentou nesta segunda-feira (4) um projeto anticorrupção e antiviolência com propostas de alterações em pontos do Código Penal, do Código de Processo Penal, da Lei de Execução Penal, da Lei de Crimes Hediondos e do Código Eleitoral.Agora, o projeto será enviado ao Congresso Nacional e precisa ser aprovado por deputados e senadores para entrar em vigor. De acordo com especialistas ouvidos pelo G1, projeto pode passar por até quatro comissões (até três na Câmara e uma no Senado) antes de seguir para apreciação do presidente.Não é possível prever por quanto tempo o projeto ficará em tramitação. ""A Câmara é uma casa política. Se tiver aceitação da maioria, ela ocorrerá rapidamente. Mas se encontrar resistência, pode demorar mais tempo nas comissões"", analisa Figueiredo.""Depende muito das pautas nas comissões e da presidência da Casa. Mas nesse caso, depende também da articulação política. Se o governo entender que é prioridade, vai pressionar o Congresso"", explica Cláudio Langroiva, doutor em Direito Processual Penal e professor da PUC-SP. "	-1
104	PF investigă esquema de pagamento de propina a diretores e ex-diretores do BRB. Segundo investigadores, a propina era paga em troca de investimentos em projetos como o extinto Trump Hotel, no RJ. Filho de ator e neto de ex-presidente estão entre os investigados.	"""PF investiga esquema de pagamento de propina a diretores e ex-diretores do BRB""Segundo investigadores, a propina era paga em troca de investimentos em projetos como o extinto Trump Hotel, no RJ. Filho de ator e neto de ex-presidente estão entre os investigados. A Polícia Federal (PF) deflagrou nesta terça-feira (29) operação que investiga esquema de pagamento de propinas a diretores e ex-diretores do Banco de Brasília (BRB) em troca de investimentos em projetos como o do extinto Trump Hotel, no Rio de Janeiro, atualmente LSH Lifestyle.A operação, batizada de Circus Maximus, cumpriu mandados de prisão e de busca e apreensão, autorizados pela 10ª Vara da Justiça Federal em Brasília, em endereços comerciais e residenciais no Distrito Federal, Espírito Santo, Rio de Janeiro e São Paulo.De acordo com investigadores, a operação tem o objetivo de desarticular uma organização criminosa instalada no BRB desde 2014. Empresários e agentes financeiros autônomos são suspeitos de cometer crimes contra o sistema financeiro, corrupção, lavagem de dinheiro, gestão temerária, entre outros.Em nota, o BRB informou que ""apoia e coopera integralmente"" com todos os órgãos que conduzem a operação. Segundo o banco, a investigação corre em segredo de Justiça e todas as informações foram repassadas ""exclusivamente"" às autoridades policiais.""O BRB adotará todas as medidas judiciais cabíveis visando preservar o banco e suas empresas controladas"", diz a nota.Entre os investigados estão Diogo Cuoco e Adriana Cuoco, parentes do ator Francisco Cuoco. No caso de Diogo, a Justiça decretou a sua prisão preventiva; já no caso de Adriana, foram decretadas buscas na casa e na empresa dela.Também estão entre os investigados o presidente licenciado do BRB, Vasco Cunha Gonçalves, cuja prisão preventiva foi decretada, e o neto do ex-presidente João Figueiredo, Paulo Renato de Oliveira Figueiredo Filho, que também teve a prisão preventiva decretada pela Justiça.O G1 busca contato com os investigados. Até a última atualização desta reportagem, ainda não havia resposta. "	-1
105	Em primeira audiência de novo juiz da Lava Jato, Alberto Yousseff e mais dois são ouvidos. Depoimentos fazem parte de processo que apura superfaturamento em obra de sede da Petrobras, em Salvador. O juiz federal Luiz Antônio Bonat realizou a primeira audiência no comando dos processos da Lava Jato em 1ª instância, no Paraná, nesta quinta-feira (7). O juiz federal Luiz Antônio Bonat realizou a primeira audiência no comando dos processos da Lava Jato em 1ª instância, no Paraná, nesta quinta-feira (7).	"""Em primeira audiência de novo juiz da Lava Jato, Alberto Yousseff e mais dois são ouvidos""Depoimentos fazem parte de processo que apura superfaturamento em obra de sede da Petrobras, em Salvador. Luiz Antônio Bonat ocupou a vaga que era de Sergio Moro, na 13ª Vara da Justiça Federal do Paraná. O juiz federal Luiz Antônio Bonat realizou a primeira audiência no comando dos processos da Lava Jato em 1ª instância, no Paraná, nesta quinta-feira (7).O substituto de Sérgio Moro na 13ª Vara da Justiça Federal do Paraná ouviu os depoimentos do doleiro Alberto Youssef, do ex-diretor da Odebrecht Fernando Migliaccio e da auditora fiscal da Receita Federal do Brasil (RFB) Ana Paula Souza da Silva. Os três depoimentos aconteceram por videoconferência.A audiência faz parte do processo referente à 56ª fase da Lava Jato, que apura superfaturamento na construção de uma sede da Petrobras em Salvador. O processo está em fase de audiências de instrução.Bonat só fez perguntas a um dos interrogados. O juiz questionou Fernando MIgliaccio quem eram os líderes empresariais que participavam os esquemas dentro da Odebrecht, com quem ele falou para realizar determinados pagamentos e quem recebia as propinas.Nos depoimentos de Alberto Youssef e Ana Paula Souza da Silva, o juiz apenas conduziu as audiências passando a palavra à procuradora do Ministério Público Federal Isabel Groba Vieira, interrogados e advogados.As três testemunhas foram arroladas no processo tanto pela defesa quanto pela acusação.No depoimento de Alberto Youssef, o doleiro contou como fazia a entrega de dinheiro aos beneficiários do esquema de propina envolvendo obras da Petrobras.Ele confirmou que realizou ""três ou quatro"" entregas de dinheiro na casa de Marice Correa. Cunhada do ex-tesoureiro do Partido dos Trabalhadores (PT) João Vaccari Neto.O ex-executivo da Odebrecht Fernando Migliaccio explicou como funcionava o Setor de Operações Estruturadas da empreiteira, que era o setor responsável por ""fazer pagamentos paralelos não contabilizados"", segundo Migliaccio.A última audiência foi realizada com a auditora fiscal Ana Paula Souza da Silva, que mostrou como a Receita Federal identificou que alguns beneficiários do esquema de corrupção tinham renda real superior à declarada.O interrogatório que estava marcado com o empreiteiro Ricardo Pessoa foi remarcado pelo juiz para o dia 29 de março.Bonat vai ouvir outras quatro testemunhas do caso nesta sexta-feira (8): Pedro José Barusco Filho, Benedicto Barbosa da Silva Júnior, César Bahia Alice Carvalho dos Santos e Jean Clécio Sales dos Santos.Quarenta e duas pessoas são rés nesta ação penal, respondendo por crimes como corrupção, lavagem de dinheiro, gestão fraudulenta, desvios de recursos de instituição financeira e organização criminosa.O ex-executivo da construtora OAS, José Aldemário Pinheiro Filho _ conhecido como Léo Pinheiro _, o ex-presidente da Odebrecht Marcelo Odebrecht, o ex-tesoureiro do PT João Vacari Neto, o ex-diretor de Serviços da Petrobras Renato Duque e o ex-executivo da OAS Agenor Franklin Magalhães Medeiros estão entre os réus. Eles, inclusive, já foram condenados em outros processos da Lava Jato.Bonat ocupa a vaga na 13ª Vara da Justiça Federal do Paraná, após a saída de Sérgio Moro, que assumiu o cargo de ministro da Justiça no governo de Jair Bolsonaro.A juíza Gabriela Hardt, que estava comandando as ações penais da Lava Jato desde a saída de Moro, volta a ser substituta.Veja mais notícias do estado no G1 Paraná. "	-1
106	Deputada de primeiro mandato é filiada ao PSL, mesmo partido do presidente da República. Principal desafio será auxiliar na votação na reforma da Previdência. Deputada de primeiro mandato é filiada ao PSL, mesmo partido do presidente da República. Principal desafio será auxiliar na votação na reforma da Previdência.	"""Bolsonaro escolhe deputada Joice Hasselmann como líder do governo no Congresso""Deputada de primeiro mandato é filiada ao PSL, mesmo partido do presidente da República. Principal desafio será auxiliar na votação na reforma da Previdência. O presidente Jair Bolsonaro escolheu a deputada federal Joice Hasselmann (PSL-SP) como líder do governo no Congresso Nacional, informou nesta terça-feira (26) a Secretaria de Imprensa da Presidência.O anúncio da escolha da deputada foi feito durante reunião de Bolsonaro com líderes partidários na noite desta terça no Palácio da Alvorada.A nova líder é filiada ao PSL, mesmo partido de Bolsonaro, e está no primeiro mandato de deputada federal. Eleita no ano passado pelo estado de São Paulo, a parlamentar recebeu 1 milhão de votos.Com a escolha de Joice Hasselmann, Bolsonaro completou a relação dos três líderes que articulam as votações de projetos de interesse do governo com deputados e senadores:A nova líder esteve no Palácio do Planalto nesta segunda-feira (25) para um encontro com o ministro da Casa Civil, Onyx Lorenzoni, que responde pela articulação com o Congresso.O desafio central dos líderes será negociar com as bancadas a fim de fortalecer a base governista para a votação e aprovação da proposta de emenda à Constituição (PEC) da reforma da Previdência, entregue ao Congresso na semana passada.Considerada fundamental para ajudar a equilibrar as contas do governo e para incentivar investimentos no país, a reforma é o principal projeto apresentado por Bolsonaro em seu início de mandato.O texto será analisado primeiro pela Câmara, onde precisará ser aprovado, em dois turnos, com os votos de ao menos 308 dos 513 deputados. Em seguida, a PEC será apreciada por senadores, em mais dois turnos, que exigem o aval de 49 dos 81 integrantes da Casa.Após a reunião com os líderes partidários e Bolsonaro no Palácio da Alvorada, Joice Hasselmann disse ter como principal missão ""fazer com que a reforma da Previdência ande o mais rápido possível"".Segundo ela, durante a reunião, houve um ""clamor"" para que o presidente Jair Bolsonaro seja um ""garoto-propaganda"" da reforma.""A gente falou de estratégias, e há um consenso de que o melhor garoto-propaganda da reforma é o presidente da República, com aquele jeitão que ele fez na campanha, aquele Jair muito perto do povo, que fala olho no olho com o povo. Então, ali quase que foi um clamor para que o presidente seja o garoto-propaganda da reforma da Previdência e ele já se comprometeu que também vai fazer isso"", declarou.A deputada relatou que, na reunião, o presidente afirmou aos presentes que a ""reforma boa"" será aquela que o Congresso aprovar.De perfil conservador, a deputada se elegeu com a projeção que adquiriu nas redes sociais, nas quais tem atuação frequente. Os seguidores dela nas quatro principais redes chegam a cerca de 5 milhões.Nascida em Ponta Grossa (PR), disputou uma vaga por São Paulo e acabou ficando em segundo lugar na Câmara dos Deputados em número de votos: 1,064 milhão.Aos 41 anos, a deputada é jornalista e já trabalhou em veículos como revista ""Veja"", rádio CBN e nas emissoras de TV Record e SBT. "	-1
107	Governo brasileiro não descarta apoio logístico a eventual intervenção militar dos EUA na Venezuela. Uma coisa é participar de uma intervenção militar como invasor. Outra coisa é participar do apoio logístico. Houve duas fases na Segunda Guerra Mundial. Inicialmente, o Brasil deu apoio logístico, permitindo apenas que os aliados, principalmente os Estados Unidos, instalassem bases aéreas e usassem portos brasileiros.	"""Governo brasileiro não descarta apoio logístico a eventual intervenção militar dos EUA na Venezuela""Jornalista Natuza Nery estreia blog no G1. O presidente Jair Bolsonaro destacou nesta terça-feira que a diplomacia é seu canal prioritário para a Venezuela. No entanto, nos bastidores, uma nova opção surgiu no horizonte do governo Brasileiro: dar ""apoio logístico"" aos Estados Unidos caso Donald Trump decida invadir o país vizinho.""Uma coisa é participar de uma intervenção militar como invasor. Outra coisa é participar do apoio logístico"", disse ao blog um representante da área militar do governo.A autoridade, que falou sob condição de anonimato, exemplificou o que seria esse ""apoio logístico"".""Houve duas fases na Segunda Guerra Mundial. Inicialmente, o Brasil deu apoio logístico, permitindo apenas que os aliados, principalmente os Estados Unidos, instalassem bases aéreas e usassem portos brasileiros. Posteriormente, [o Brasil] enviou tropas para a Itália e participou ativamente da guerra.""Em outras palavras, as Forças Armadas brasileiras não entrariam na Venezuela, mas dariam todo o suporte para que o Exército americano entrasse.Não está claro se a discussão sobre um possível auxílio nesses moldes chegou a ser levantada no encontro entre Bolsonaro e Trump na Casa Branca. O interlocutor do presidente diz que não há nada decidido.Mas a reação de Bolsonaro durante entrevista na Casa Branca acabou levantando dúvidas sobre se a via diplomática é a única opção em estudo no Palácio do Planalto.Durante entrevista a jornalistas dos dois países, enquanto Donald Trump reiterava que ""todas as opções"" de sanções à Venezuela estão à mesa, Jair Bolsonaro evitou dar uma resposta direta, conclusiva, o que gerou questionamentos sobre se, de fato, o Brasil estaria tão fora assim de um apoio mais explícito aos Estados Unidos como se imaginava até aqui.A hipótese de ""apoio logístico"", embora não dê ao Brasil o rótulo de interventor, na visão do auxiliar militar do governo, contrasta com declarações públicas proferidas, por exemplo, pelo vice-presidente Hamilton Mourão. Dias atrás, em 25 de fevereiro, ele chegou a afirmar, em entrevista à GloboNews, que não se considerava, em ""hipótese alguma"", facilitar o acesso militar dos EUA pela fronteira brasileira. "	-1
108	Procurador pede que TCU apure se Justiça Eleitoral agiu para coibir candidatas-laranja. Conforme o procurador, há fortes indícios de desvio de recursos do Fundo Partidário e do Fundo Especial de Financiamiento de Campanha (FEFC) em benefício de partidos e políticos. O pedido será analisado pelo TCU, que poderá determinar ou não abertura de auditoria. 	"""Procurador pede que TCU apure se Justiça Eleitoral agiu para coibir candidatas-laranja""Lucas Rocha Furtado apontou que há fortes indícios de desvio de dinheiro público nas campanhas. Corte de contas decidirá se abre auditoria em relação à atuação da Justiça Eleitoral. O subprocurador-geral do Ministério Público junto ao Tribunal de Contas da União (TCU) Lucas Rocha Furtado pediu nesta terça-feira (26) que a Corte de fiscalização apure medidas e providências adotadas pela Justiça Eleitoral para coibir desvio de dinheiro público para candidaturas de mulheres que seriam ""laranjas"" nas eleições de 2018.Conforme o procurador, há fortes indícios de desvio de recursos do Fundo Partidário e do Fundo Especial de Financiamento de Campanha (FEFC) em benefício de partidos e políticos. O pedido será analisado pelo TCU, que poderá determinar ou não abertura de auditoria.Na representação de cinco páginas, o procurador lembra que o Supremo determinou percentual mínimo de 30% dos valores nas candidaturas de mulheres, o que foi regulamentado pelo Tribunal Superior Eleitoral (TSE).Furtado frisou que reportagens jornalísticas têm demonstrado o desvio da aplicação. Ele citou que ao jornal ""Folha de S.Paulo"" indicou que ""potenciais laranjas"" receberam R$ 15 milhões de verba pública de 14 partidos. Na avaliação do procurador, os casos sugerem que os partidos teriam lançado candidatas de pouca ou nenhuma expressão política para desviar dinheiro.""É de se reconhecer que o fato de os partidos políticos e as coligações terem lançado candidatas que tiveram votação inexpressiva não configura, por si só, ação fraudulenta. [...] O que realmente salta aos olhos, nas reportagens que têm sido divulgadas sobre a matéria em questão, [...] são os fortes indícios de que os recursos do Fundo Partidário e do FEFC que deveriam ter sido aplicados no financiamento das campanhas de candidatas foram, na verdade, desviadas para o custeio de outras campanhas dos partidos e coligações"", destacou o procurador na representação.Segundo Furtado, se ficar confirmado o desvio dos valores destinados às mulheres, será ""apropriado dizer que as candidaturas das mulheres configuraram candidaturas ""laranjas"", ou seja, candidaturas materialmente falsas ou ""de fachada"", que tiveram o único propósito de garantir recursos daqueles fundos públicos para utilização em fins outros"".O procurador ressaltou que a Justiça Eleitoral tem o dever de avaliar a prestação de contas e o uso adequado dos valores. Portanto, cabe ao TCU ""decidir pela adoção das medidas necessárias a conhecer e a avaliar as providências que vem sendo tomadas"".Lucas Rocha Furtado destacou que, se for necessário quebra de sigilo bancário, fiscal e telefônico, o Ministério Público eleitoral poderá ""atuar em conjunto e em cooperação com esta Corte de contas, mediante compartilhamento de informações e confluência de esforços"". "	-1
109	Não achei polêmica. Não vejo nada demais na declaração. Ele estava fazendo um discurso para comemoração dos 211 anos do corpo de fuzileiros navais e ele falou o que todo mundo sabe: as Forças Armadas são o baluarte da democracia e da liberdade. Historicamente, em todos os países do mundo.	"""Fala de Bolsonaro não é polêmica, e Forças Armadas são baluarte da democracia, diz Heleno""Em solenidade militar no Rio de Janeiro, Bolsonaro disse que democracia e liberdade só existem quando as Forças Armadas querem. O ministro-chefe do Gabinete de Segurança Institucional (GSI), Augusto Heleno, disse nesta quinta-feira (7) que não viu polêmica na declaração do presidente Jair Bolsonaro sobre as Forças Armadas. O ministro disse, ainda, que Forças Armadas são o ""baluarte da democracia e da liberdade"".Nesta quinta, durante cerimônia de aniversário do Corpo de Fuzileiros Navais no Rio de Janeiro, Bolsonaro disse que democracia e liberdade só existem quando as Forças Armadas querem.""Não achei polêmica. Não vejo nada demais na declaração. Ele estava fazendo um discurso para comemoração dos 211 anos do corpo de fuzileiros navais e ele falou o que todo mundo sabe: as Forças Armadas são o baluarte da democracia e da liberdade. Historicamente, em todos os países do mundo"", disse Heleno.Mais cedo, o vice-presidente Hamilton Mourão afirmou que o presidente foi ""mal interpretado"" na declaração. ""O que que o presidente quis dizer? Está sendo mal interpretado. O presidente falou que onde as Forças Armadas não estão comprometidas com democracia e liberdade, esses valores morrem"", disse Mourão. "	-1
110	STF suspende ações que pedem adicional de 25% a aposentados que precisam de cuidadores. Decisão da Primeira Turma vale até que plenário da Corte analise o caso. Não há data marcada para a análise dessa questão. Com a decisão do STJ, foi esquerdo a todos os outros que necessitam de cuidadores.	"""STF suspende ações que pedem adicional de 25% a aposentados que precisam de cuidadores""Decisão da Primeira Turma vale até que plenário da Corte analise o caso. Sem suspensão, impacto fiscal das ações seria de R$ 7,15 bilhões por ano, segundo INSS. A Primeira Turma do Supremo Tribunal Federal (STF) decidiu nesta terça-feira (12), por unanimidade, suspender as ações que pedem na Justiça o adicional de 25% na aposentadoria de idosos que precisam de cuidadores até que a Corte se pronuncie definitivamente sobre o tema. Não há data marcada para a análise dessa questão.Em agosto do ano passado, o Superior Tribunal de Justiça (STJ) reconheceu o direito a todos os aposentados, permitindo o pagamento adicional de 25% sobre o vencimento.Até então, o adicional só era pago aos aposentados por invalidez. Com a decisão do STJ, foi estendido a todos os outros que necessitam de cuidadores. Esse benefício passou a ser pedido na Justiça por aposentados nessas condições com base no entendimento do tribunal.O governo então foi ao STF para pedir a suspensão desses processos até o plenário se pronuncie sobre o tema. Segundo o INSS, o impacto fiscal é de R$ 7,15 bilhões por ano.Em fevereiro, o ministro Luiz Fux negou o pedido de suspensão das ações e o governo recorreu para levar o caso à Primeira Turma.Na decisão desta terça, o colegiado atendeu ao pedido do governo e suspendeu a tramitação das ações que requerem o benefício, sejam individuais ou coletivas, em todo o país.""Em termos de repercussão econômica, a informação do Ministério da Fazenda é no sentido de que essa utilização imoderada do adicional leva a um benefício de R$ 7,15 bilhões por ano, em um ano em que se discute a reforma da Previdência e se antevê as dificuldades da Previdência. Então, realmente, essa benesse judicial me pareceu extremamente exagerada"", afirmou Fux, relator do pedido, que mudou de entendimento e votou pela suspensão dos processos.""O risco de lesão grave a ser afastado com a suspensão dos processos que versam sobre a controvérsia debatidas nos autos, consiste no impacto bilionário causado aos já combalidos cofres públicos"", completou o relator.O ministro justificou que o primeiro pedido de suspensão foi negado por ele, porque se tratava de uma petição ""sem elementos robustos de convicção"". Fux considerou que, no recurso apresentado, o poder público conseguiu comprovar a repercussão da decisão, o que levou à mudança de entendimento.Para o ministro Alexandre de Moraes, benefícios da Previdência não podem continuar sendo concedidos judicialmente.""Se o tratamento previdenciário continuar sendo judicialmente dado como vem sendo, nem mil reformas da previdência vão dar certo. Ou todos os poderes tomam consciência da necessidade de estancar a sangria da Previdência ou não vamos conseguir chegar nunca a um resultado bom"", disse Moraes.Os ministros Luís Roberto Barroso, Marco Aurélio e Rosa Weber seguiram o relator e também votaram pela suspensão. "	-1
111	Em primeira agenda nos EUA, Bolsonaro janta com embaixador e ministros. Em conversa com jornalistas na semana passa. Em primeira agenda nos EUA, Bolsonaro janta com embaixador e ministros. Em primeira agenda nos EUA, Bolsonaro janta com embaixador e ministros.	"""Em primeira agenda nos EUA, Bolsonaro janta com embaixador e ministros ""Presidente chegou a Washington na tarde deste domingo (17). Na próxima terça-feira (19), Bolsonaro terá encontro privado com Donald Trump na Casa Branca.  O presidente Jair Bolsonaro participou, na noite deste domingo (17), de um jantar promovido pelo embaixador brasileiro em Washington, Sérgio Amaral.Sete ministros participaram do jantar, que teve, entre os convidados, lideranças conservadoras e jornalistas.Esta foi a primeira agenda do presidente em sua visita oficial aos Estados Unidos. Bolsonaro desembarcou na capital norte-americana na tarde deste domingo.A comitiva brasileira ficará em Washington até a próxima terça-feira, quando Bolsonaro terá encontro privado com o presidente dos Estados Unidos, Donald Trump, na Casa Branca.O embaixador brasileiro nos EUA é um dos chefes de representação diplomática no exterior que Bolsonaro pretende substituir nos próximos meses.Em conversa com jornalistas na semana passada, o presidente afirmou que está com uma imagem ruim no exterior e que, além de Amaral, representantes em outros países também serão trocados.O porta-voz de Bolsonaro, Otávio do Rêgo Barros, conversou com a imprensa durante o jantar e comentou a situação do embaixador brasileiro em Washington.Rêgo Barros afirmou que o embaixador Sérgio Amaral é uma ""pessoa especial"", mas declarou que Bolsonaro fará estudos para escolher um novo representante diplomático em Washington.""A intenção do presidente é fazer o estudo necessário para identificar as possibilidades de mudança"", disse.Em entrevista a jornalistas, o porta-voz declarou que a visita é um ""reconhecimento"" do Brasil como um líder da América Latina e uma das principais economias do mundo.Rêgo Barros destacou, entre os pontos da visita de Bolsonaro, a assinatura de um acordo de salvaguardas tecnológicas para o uso comercial da base de lançamento de Alcântara, no Maranhão.O acordo preserva a tecnologia usada pelos dois países e prevê que os Estados Unidos poderão lançar satélites e foguetes da base maranhense, mas o território continuará sob jurisdição brasileira.Questionado sobre o projeto com mudanças na previdência de militares, o porta-voz afirmou que a proposta está ""pronta"" e sob análise do ministro da Economia, Paulo Guedes.""Ele [Paulo Guedes] confia no nosso ministro da Defesa [Fernando Azevedo e Silva, responsável pela elaboração do texto], já discutiu sobre os pontos que são essenciais e a partir daí, apresentada que seja à nossa Câmara, ao nosso Congresso, ele dará o toque e a liderança que lhe é peculiar para aprovação, não apenas à proposta referente aos militares, mas principalmente da proposta amplo espectro que é tão importante para o nosso país"", afirmou Rêgo Barros.Ainda segundo o porta-voz, a previsão do governo é enviar o projeto de lei ao Congresso Nacional na próxima quarta-feira (20).Bolsonaro desembarcou por volta das 16h40 na base aérea de Andrews, próxima à capital Washington, onde a comitiva brasileira ficará hospedada e terá compromissos até a terça-feira (19), dia do retorno ao Brasil.Em uma rede social, depois do desembarque, Bolsonaro afirmou que, ""pela primeira vez em muito tempo"", chega a Washington um presidente brasileiro que não é antiamericano.""É o começo de uma parceria pela liberdade e prosperidade, como os brasileiros sempre desejaram"", disse.O presidente viajou com uma comitiva de ministros, entre os quais, Paulo Guedes (Economia), Sérgio Moro (Justiça e Segurança Pública) e Ernesto Araújo (Relações Exteriores). Entre os temas que serão abordados, além da base de Alcântara, estão:Bolsonaro está hospedado na Blair House, residência utilizada pelo governo norte-americano para receber chefes de Estado em visitas oficiais.Esta é a segunda viagem internacional de Bolsonaro como presidente _ a primeira foi a estreia no Fórum Econômico Mundial, em Davos (Suíça). A agenda do presidente nos EUA prevê ainda compromissos com líderes conservadores, lideranças religiosas e empresários.Na terça-feira, após o encontro com Trump, Bolsonaro e o presidente norte-americano farão uma declaração à imprensa no Rose Garden, seguida de uma visita do chefe de Estado brasileiro ao cemitério de Arlington.Bolsonaro tem previsão de desembarcar em Brasília na quarta-feira (20) e, no dia seguinte, partirá para uma visita ao Chile. Ainda no mês de março, o presidente fará sua primeira visita oficial a Israel. "	-1
112	Governo precisa parar de gerar crise e focar na agenda econômica, avaliam assessores. É uma administração que produz crise demais num curto espaço de tempo e deveria focar no que realmente interessa, medidas na área econômica, caso não queira frustrar seu eleitorado e a população.É uma administração que produz crise demais num curto espaço de tempo e deveria focar no que realmente interessa, medidas na área econômica, caso não queira frustrar seu eleitorado e a população.É uma administração que produz crise demais num curto espaço de tempo e deveria focar no que realmente interessa, medidas na área econômica, caso não queira frustrar seu eleitorado e a população. 	"""Governo precisa parar de gerar crise e focar na agenda econômica, avaliam assessores"" A avaliação interna da equipe presidencial é que o governo perde energia com temas que mais geram desgaste do que frutos para seu futuro. É uma administração que produz crise demais num curto espaço de tempo e deveria focar no que realmente interessa, medidas na área econômica, caso não queira frustrar seu eleitorado e a população.Nas palavras de um assessor, de nada vai adiantar ficar fazendo discurso, postagens nas redes sociais e pregação sobre temas conservadores, se a crise econômica não for enfrentada e resolvida. Essa tem de ser a prioridade do presidente Jair Bolsonaro, avaliam auxiliares palacianos.E não há mais tempo a perder. Afinal, as previsões sobre o crescimento deste ano começam a piorar: já caíram oficialmente de 2,48% para 2,3%. Alguns economistas já falam em menos de 2%.Na visão da equipe presidencial, Bolsonaro precisa entender que o que fará a diferença sobre seu governo é se ele conseguirá fazer o país voltar a crescer forte.Se não conseguir, a avaliação é de que ele começará a perder prestígio e apoio. E o momento não é de perder força e capital político com assuntos que não irão mudar a realidade econômica do país. A reforma da Previdência, por exemplo, não estaria ganhando espaço na agenda presidencial que merece e necessita.A demora do governo em encaminhar a proposta de mudança na aposentadoria dos militares pode até inviabilizar, de vez, as previsões que já eram consideradas otimistas de aprovar a reforma da Previdência ainda neste primeiro semestre no Congresso.Agora, o que se ouve nos corredores do Congresso, é que há até risco de a proposta não ser votada em dois turnos na Câmara antes do recesso parlamentar.Afinal, além da demora no envio do projeto sobre os militares, o governo ainda patina na formação de sua base aliada. E o clima deve ser de tensão nas próximas semanas, com algumas votações previstas sem uma base ainda montada, como as medidas provisórias que reestruturam a Esplanada dos Ministérios e a que busca combater fraudes na concessão de benefícios previdenciários. "	-1
113	"""Defesa de Lula pede para STF retirar caso do sítio de Atibaia da Justiça Federal do Paraná. Para advogados, caso não tem relação com investigações da Lava Jato. Pedido foi apresentado antes de sair a condenação do ex-presidente no processo. A defesa do ex-presidente Luiz Inácio Lula da Silva apresentou ao Supremo Tribunal Federal (STF) na quarta-feira (6) um pedido para retirar da Justiça Federal do Paraná a ação penal que apura se ele recebeu propina por meio da reforma de um sítio em Atibaia (SP). O ex-presidente foi condenado nesta ação também na quarta-feira (6), a 12 anos e 11 meses por corrupção e lavagem de dinheiro. No entanto, a manifestação da defesa ao STF foi feita antes de sair a condenação. Os advogados de Lula pediram ainda que as decisões tomadas pela 13ª Vara Federal de Curitiba em relação ao caso sejam anuladas. A relatora do pedido é a ministra Cármen Lúcia. A defesa quer que prevaleça decisão do STF que já retiú"""	"""Defesa de Lula pede para STF retirar caso do sítio de Atibaia da Justiça Federal do Paraná""Para advogados, caso não tem relação com investigações da Lava Jato. Pedido foi apresentado antes de sair a condenação do ex-presidente no processo.  A defesa do ex-presidente Luiz Inácio Lula da Silva apresentou ao Supremo Tribunal Federal (STF) na quarta-feira (6) um pedido para retirar da Justiça Federal do Paraná a ação penal que apura se ele recebeu propina por meio da reforma de um sítio em Atibaia (SP).O ex-presidente foi condenado nesta ação também na quarta-feira (6), a 12 anos e 11 meses por corrupção e lavagem de dinheiro. No entanto, a manifestação da defesa ao STF foi feita antes de sair a condenação.Os advogados de Lula pediram ainda que as decisões tomadas pela 13ª Vara Federal de Curitiba em relação ao caso sejam anuladas. A relatora do pedido é a ministra Cármen Lúcia.A defesa quer que prevaleça decisão do STF que já retirou de Curitiba trechos de delações premiadas que fazem menção a fatos investigados no processo do sítio, por não haver conexão com as irregularidades investigadas na Petrobras. Essa conexão, ainda conforme a defesa, seria determinante para a manutenção do processo na 13ª Vara Federal de Curitiba, responsável pela Lava Jato.""É dizer: se há qualquer fato ensejador da tutela penal envolvendo o célebre sítio de Atibaia/SP, que a sua apuração tome lugar perante o órgão constitucionalmente competente, conforme as decisões proferidas por esta Corte Suprema nos petitórios supramencionados"", escreveu a defesa. "	-1
114	Governo avalia reduzir contribuição previdenciária de trabalhadores de baixa renda. A equipe econômica do governo avalia incluir na reforma da Previdência Social uma proposta para reduzir de 8% para 7,5% a alíquota da contribuição previdenciária de trabalhadores de baixa renda. Paralelamente a isso, o governo avalia aumentar a alíquota dos trabalhadores de alta renda, aplicando o seguinte princípio: quem ganha mais paga mais.	"""Governo avalia reduzir contribuição previdenciária de trabalhadores de baixa renda"" A equipe econômica do governo avalia incluir na reforma da Previdência Social uma proposta para reduzir de 8% para 7,5% a alíquota da contribuição previdenciária de trabalhadores de baixa renda.Paralelamente a isso, o governo avalia aumentar a alíquota dos trabalhadores de alta renda, aplicando o seguinte princípio: quem ganha mais paga mais.A tabela atual de contribuição prevê as seguintes alíquotas:A proposta, em fase de finalização pela equipe econômica, procura ""desmontar os privilégios e desigualdades"" do sistema, conforme tem dito o ministro da Economia, Paulo Guedes.Nas simulações mais recentes, a economia com a reforma poderia ficar entre R$ 700 bilhões e R$ 1,3 trilhão. Por isso o ministro tem falado em uma economia de ""pelo menos R$ 1 trilhão"" com a reforma.Se houver alívio em uma das pontas da reforma, como idade mínima diferente para homens e mulheres, ou um período de transição mais longo, isso terá que ser compensado em outros pontos da reforma.Em princípio, as simulações serão levadas ao presidente Jair Bolsonaro assim que ele deixar o hospital. Uma vez aprovada, a proposta será divulgada e encaminhada ao Congresso imediatamente. "	-1
115	"""Mourão chama abertura de escritório comercial do Brasil em Jerusalém de passo intermediário"" ""Mourão chama abertura de escritório comercial do Brasil em Jerusalém de passo intermediário. Mourão comentou o anúncio do presidente de abrir o escritório comercial em Jerusalém em uma entrevista no Palácio do Planalto."" ""Não vejo também nada de mais. É algo que não tem nada a ver com a diplomacia. Podemos até considerar, vamos dizer assim, um passo intermediário naquela ideia inicial do presidente de mudar a embaixada"""	"""Mourão chama abertura de escritório comercial do Brasil em Jerusalém de passo intermediário""Abertura do escritório foi anunciada pelo presidente Jair Bolsonaro, em viagem a Israel. Após ter sido eleito,  Bolsonaro disse que mudaria a embaixada de Tel Aviv para Jerusalém.  O vice-presidente Hamilton Mourão afirmou nesta segunda-feira (1º) que a decisão de abrir um escritório comercial em Jerusalém pode ser considerada ""um passo intermediário"" diante da ""ideia inicial"" do presidente Jair Bolsonaro de transferir a embaixada do Brasil em Israel.Mourão comentou o anúncio do presidente de abrir o escritório comercial em Jerusalém em uma entrevista no Palácio do Planalto.""Não vejo também nada de mais. É algo que não tem nada a ver com a diplomacia. Podemos até considerar, vamos dizer assim, um passo intermediário naquela ideia inicial do presidente de mudar a embaixada"", disse Mourão.Segundo Mourão, Bolsonaro ouviu ""todas as ponderações"" a respeito da abertura do escritório. O vice assegurou que ""está junto com a decisão"" do presidente da República.Após ter sido eleito, ainda no ano passado, Bolsonaro manifestou a ideia de transferir a embaixada brasileira em Israel de Tel Aviv para Jerusalém.A medida agradaria israelenses, que consideram a cidade ""capital eterna e indivisível"" de seus país. Palestinos, no entanto, reivindicam Jerusalém Oriental como capital do Estado que pretendem constituir.Bolsonaro tem afirmado que ainda não tomou uma decisão sobre a transferência da embaixada. Um dos motivos para a indefinição foram os alertas de que a medida poderia afetar exportações brasileiras, principalmente de carne, para países árabes.Jerusalém, cidade considerada sagrada por cristãos, judeus e muçulmanos, não é reconhecida internacionalmente como capital israelense. O presidente norte-americano, Donald Trump, transferiu para a cidade a embaixada dos Estados Unidos em Israel.Mourão também comentou a posição da Autoridade Palestina, que anunciou no domingo (31) que vai chamar de volta seu embaixador no Brasil para consultas e para estudar uma resposta à abertura do escritório em Jerusalém.O vice-presidente disse acreditar que o embaixador retornará ao Brasil.""Chama [o embaixador] para consulta. Vai lá, bate um papo, daqui a pouco ele volta"", declarou.Para Mourão, não haverá problemas se os árabes entenderem que a decisão do Brasil não modifica a ""visão diplomática"" sobre a necessidade de uma ""coexistência pacífica"" entre árabes e israelenses na região.Mais cedo, também nesta segunda, Bolsonaro comentou a reação dos palestinos""É direito deles reclamar"", disse o presidente. "	-1
116	Trinha peritos da PF buscam em Brumadinho evidências de possível crime. Trinha peritos criminais federais, profissionais da Polícia Federal responsáveis pela análise científica do material e das cenas de possíveis crimes, trabalham no município de Brumadinho (MG), onde ocorreu o rompimento da barragem da Mina do Feijão, da empresa Vale. Trinha peritos criminais federais, profissionais da Polícia Federal responsáveis pela análise científica do material e das cenas de possíveis crimes, trabalham no município de Brumadinho (MG), onde ocorreu o rompimento da barragem da Mina do Feijão, da empresa Vale. Trinha peritos criminais federais, profissionais da Polícia Federal responsáveis pela análise científica do material e das cenas de possíveis crimes, trabalham no município de Brumadinho (MG), onde ocorreu o rompimento da barragem da Mina do Feijão, da empresa Vale.	"""Trinta peritos da PF buscam em Brumadinho evidências de possível crime"" Trinta peritos criminais federais, profissionais da Polícia Federal responsáveis pela análise científica do material e das cenas de possíveis crimes, trabalham no município de Brumadinho (MG), onde ocorreu o rompimento da barragem da Mina do Feijão, da empresa Vale.Os peritos criminais da PF começaram a chegar ao local em 26 de janeiro, dia seguinte à tragédia. No início, o grupo era formado por apenas oito peritos criminais federais que tiveram como missão principal ajudar os servidores do estado de Minas Gerais a identificar as vítimas.No momento de pico, chegaram a trabalhar simultaneamente em Brumadinho cerca de 40 peritos criminais federais, divididos entre especialistas em DNA, geologia, fauna, flora, poluição e Engenharia. Atualmente, há 30 peritos criminais federais no local.A equipe inicial fez imagens aéreas para começar a mensurar os prejuízos ambientais e planejar o trabalho dos peritos que ainda chegariam para avaliar em detalhes os danos ambientais e descobrir as causas do rompimento da barragem.O rompimento da barragem aconteceu no dia 25 de janeiro. Até esta quarta-feira (20), havia a confirmação de 171 mortes. Outras 139 pessoas ainda estavam desaparecidas. Na última semana, a Defesa Civil informou que não há data para o término da operação de resgate. "	-1
117	PSDB decide arquivar pedidos de expulsão de filiados por infidelidade nas eleições. Também resolveu não levar adiantamento pedido para expulsa Aécio Neves porque caso ainda tramita na Justiça. O PSDB divulgou uma nota nesta quinta-feira (21) afir mandando que, em reunião na quarta (20), a Executiva Nacional do partido decidiu arquivar cinco pedidos de expulsão de filiados por infidelidade partidária nas eleições do ano passado.	"""PSDB decide arquivar pedidos de expulsão de filiados por infidelidade nas eleições""Partido alegou não ter código de ética para enquadrar os casos. Legenda também decidiu não levar adiante pedido de expulsão de Aécio Neves porque caso ainda tramita na Justiça. O PSDB divulgou uma nota nesta quinta-feira (21) afirmando que, em reunião na quarta (20), a Executiva Nacional do partido decidiu arquivar cinco pedidos de expulsão de filiados por infidelidade partidária nas eleições do ano passado.Também resolveu não levar adiante pedido para expulsar o deputado federal Aécio Neves (MG) e enviou o caso do ex-governador mineiro Eduardo Azeredo para o diretório estadual.No total, foram arquivadas cinco representações, entre as quais contra o ex-governador de São Paulo Alberto Goldmann e o atual prefeito de Santos, Paulo Alexandre Barbosa.As representações foram motivadas pelo apoio de ambos ao candidato a governador Márcio França (PSB), em detrimento do candidato do PSDB, João Doria, que acabou eleito no segundo turno.Segundo a nota, também foram arquivados os pedidos de expulsão dos atuais prefeitos de São Paulo, Bruno Covas; de Manaus, Arthur Virgílio Neto; e de Palmas, Cinthia Ribeiro.""Se for expulsar todo mundo, não vai ficar muita gente"", afirmou ao blog de Julia Duailibi o presidente do partido, o ex-governador Geraldo Alckmin.Ao G1, o segundo-vice-presidente do PSDB, Ricardo Trípoli, disse que a Executiva decidiu arquivar os pedidos porque o partido não tem um código de ética nos quais os casos pudessem ser enquadrados.""Você não tem um código de ética. Você vai processar baseado em quê? No Código Penal? No Código Eleitoral? Por similaridade? Se for na Justiça, ele ganha. Então, o que eles acharam mais prudente foi arquivar os casos"", disse.Na nota divulgada nesta quinta, o partido informa que tomou a decisão de ""alterar profundamente o estatuto partidário e criar um código de ética e disciplina partidária, que ainda não existe"".""O novo Estatuto e o código de ética deverão ser aprovados na próxima Convenção Nacional, em maio"", diz a nota.Em relação ao caso do ex-governador de Minas Gerais Eduardo Azeredo, condenado e preso pelo caso do mensalão tucano, o partido informou em nota que decidiu encaminhá-lo para o diretório de Minas Gerais, uma vez que ele não faz parte do diretório nacional. ""O foro adequado é o diretório estadual"", diz a nota.Sobre o pedido de expulsão do deputado federal Aécio Neves (MG), o partido decidiu sobrestá-lo, ou seja, não levá-lo adiante, porque avaliou que o caso ainda tramita na Justiça.De acordo com o estatuto do partido, informa a nota, só cabe expulsão se o processo tiver transitado em julgado, ou seja, quando não houver mais possibilidade de recurso contra a decisão judicial.O pedido contra Aécio foi apresentado depois de o então senador ter sido afastado, por ordem do Supremo Tribunal Federal, do mandato, em 2017, em razão da gravação de uma conversa na qual ele pedia R$ 2 milhões ao empresário Joesley Batista, um dos sócios da JBS. No ano passado, Aécio se elegeu deputado federal.Leia abaixo a íntegra da nota do PSDB:Nota do PSDBO PSDB decidiu em reunião da Executiva Nacional pelo arquivamento dos cinco pedidos de expulsão por infidelidade partidária, levando-se em consideração as particularidades e coligações de cada estado nas eleições de 2018. Assim foram arquivados os seguintes pedidos de expulsão: - Bruno Covas, de São Paulo;- Arthur Virgílio Neto, de Manaus; - Paulo Alexandre Barbosa, de Santos;- Cinthia Ribeiro, de Palmas;- Alberto Goldman e do ex-presidente do PSDB. O PSDB decidiu encaminhar o caso do ex-governador Eduardo Azeredo para o diretório de Minas Gerais, porque ele não faz parte do diretório nacional. O foro adequado é o diretório estadual. Já o pedido de expulsão do deputado federal Aécio Neves (MG) foi sobrestado. De acordo com o Estatuto do partido, só cabe expulsão quando o processo estiver transitado em julgado. O caso do deputado ainda não foi julgado. O PSDB tomou uma importante decisão de alterar profundamente o Estatuto partidário e criar um código de ética e disciplina partidária, que ainda não existe. O novo Estatuto e o código de ética deverão ser aprovados na próxima Convenção Nacional, em maio. "	-1
118	"""Padrão de fritura da família Bolsonaro no caso Bebianno deixa aliados do governo em alerta."" ""Ministros e aliados ouvidos pelo blog não escondem a perplexidade com a condução pelo presidente Jair Bolsonaro do caso do ministro Gustavo Bebianno (Secretaria-Geral da Presidência)."" ""Eles se referem à ação conduzida por Carlos e que, segundo eles, foi endossada pelo próprio Jair Bolsonaro."""	"""Padrão de fritura da família Bolsonaro no caso Bebianno deixa aliados do governo em alerta"" Ministros e aliados ouvidos pelo blog não escondem a perplexidade com a condução pelo presidente Jair Bolsonaro do caso do ministro Gustavo Bebianno (Secretaria-Geral da Presidência).Nos últimos dias, reportagens do jornal ""Folha de S.Paulo"" mostraram casos de suspeita de repasses do fundo partidário para candidatos ""laranjas"" do PSL, partido do presidente, comandado por Bebianno durante as eleições.Nesta terça-feira (12), o jornal ""O Globo"" publicou uma declaração em que Bebianno diz que não é pivô de uma crise e que teria falado naquele dia três vezes com o presidente. Um dos filhos de Bolsonaro, vereador Carlos Bolsonaro, foi às redes sociais desmentir Bebianno.Integrantes da ala militar do governo avaliam que é um erro fazer uma fritura em praça pública. Eles se referem à ação conduzida por Carlos e que, segundo eles, foi endossada pelo próprio Jair Bolsonaro.""Se quiser tirar Bebianno ou qualquer ministro, há formas menos traumáticas"", disse ao blog um integrante do governo Bolsonaro.A avaliação entre os próprios aliados é que o caso tem potencial explosivo, pela sinalização que o presidente dá em relação ao tratamento aos seus aliados mais próximos.""Se Bolsonaro faz isso com um apoiador desde a primeira hora de sua campanha, imagine o que ele não pode fazer com qualquer um de nós"", comentou um influente dirigente partidário.Independentemente das investigações que serão feitas em relação à acusação de uso de laranjas para distribuir fundo partidário nas eleições, integrantes do próprio PSL se mostram rachados sobre o caso.Isso porque Bebianno tem uma boa imagem junto a setores da bancada. O que mais impressiona é o fato de o presidente Bolsonaro estar avalizando todas as ações do filho Carlos, para desestabilizar e inviabilizar de forma permanente a continuação de Bebianno no governo.No caso do ministro do Turismo, Marcelo Álvaro Antônio, contra quem também pesam suspeita de uso de ""laranjas"" para receber recursos do fundo partidário, o tratamento foi completamente diferente por parte da família Bolsonaro.Há o reconhecimento no núcleo mais próximo do presidente que a situação de Bebianno ficou insustentável. Mas que, diante da resistência do ministro em deixar o cargo, Bolsonaro terá que assumir o desgaste de demiti-lo, depois de um longo processo de fritura. "	-1
119	"""Investigado da 59ª fase da Lava Jato deixa a prisão após pagar fiança de R$ 1,5 milhão."" ""Antônio Kanji Hoshikauwa estava detido desde o dia 1º de fevereiro, em Curitiba."" ""A juíza Gabriela Hardt determinou a soltura do operador financeiro Antônio Kanji Hoshikauwa, que foi alvo da 59ª fase da Operação Lava Jato."" "	"""Investigado da 59ª fase da Lava Jato deixa a prisão após pagar fiança de R$ 1,5 milhão ""Antônio Kanji Hoshikauwa estava detido desde o dia 1º de fevereiro, em Curitiba.  A juíza Gabriela Hardt determinou a soltura do operador financeiro Antônio Kanji Hoshikauwa, que foi alvo da 59ª fase da Operação Lava Jato. O investigado estava detido na carceragem da Polícia Federal (PF), em Curitiba, desde o dia 1º de fevereiro.Kanji foi solto, na sexta-feira (1º), mediante pagamento de fiança no valor de R$ 1,5 milhão. Ele também teve que entregar o passaporte e está proibido de deixar o país. Além disso, Antônio Kanji também não pode se comunicar com os demais investigados da operação e mudar de endereço.No dia 9 de fevereiro, a juíza também determinou a soltura de Wilson Quintella Filho, que também foi alvo da 59ª fase. Segundo as investigações, ele pagava propina em nome do Grupo Estre. Para deixar a prisão, ele teve que pagar fiança no valor de R$ 6,8 milhões.A 59ª fase foi batizada de Quinto Ano e investiga o pagamento de propinas pelo Grupo Estre em contratos com a Transpetro para tratamento de resíduos, manutenção de dutos e construção de um estaleiro para produzir embarcações para transporte de etanol no Rio Tietê. A propina era de 3% do valor dos contratos, conforme o MPF.Conforme a força-tarefa da Lava Jato, Antônio Kanji é apontado como responsável por operacionalizar a entrega em espécie do dinheiro.O esquema movimentou cerca de R$ 192 milhões, segundo depoimento de delação de Sérgio Machado, que é ex-presidente da Transpetro. ""Ele revelou no âmbito do seu acordo de delação que angariou propinas para si e para integrantes da cúpula do PMDB entre 2003 e 2014.Segundo ele falou, a quantia por ele repassada a agentes políticos totalizou R$ 100 milhões"", disse o procurador da República Roberson Pozzobon.Veja mais notícias da região no G1 Paraná."	-1
120	De acordo com MPF, Leonardo José Muniz de Almeida era o principal auxiliar do empresário Raul Schmidt, acusado de ser operador de propinas da Petrobras. Os dois tem nacionalidade portuguesa e estão fora do país. Raul Schimidt chegou a ser preso em Portugal, mas teve seu processo de extradição suspenso pelo Tribunal Regional Feder.	"""Interpol prende advogado procurado pela Lava Jato""De acordo com MPF, Leonardo José Muniz de Almeida era o principal auxiliar do empresário Raul Schmidt, acusado de ser operador de propinas da Petrobras.  A Interpol prendeu na Itália o advogado Leonardo José Muniz de Almeida. Segundo o Ministério Público Federal (MPF), ele era o principal auxiliar do empresário Raul Schmidt, acusado de ser operador de propinas de ex-diretores da Petrobras.De acordo com o MPF, Almeida foi o principal responsável pela lavagem das propinas movimentadas por Raul Schmidt.Schmidt é investigado pelo suposto pagamento de propinas aos ex-diretores da Petrobras Renato de Souza Duque, Nestor Cerveró e Jorge Luiz Zelada.Segundo o pedido de prisão, Leonardo Muniz Almeida emprestava seu nome e suas contas bancárias para Schmidt e familiares.Os dois tem nacionalidade portuguesa e estão fora do país. Raul Schimidt chegou a ser preso em Portugal, mas teve seu processo de extradição suspenso pelo Tribunal Regional Federal da 1ª Região (TRF1).Segundo o MPF, Leonardo Muniz de Almeida utilizou dinheiro de propina da estatal para comprar imóveis em Lisboa para Raul Schmidt.As investigações da Lava Jato apontam que Almeida se utilizou de uma empresa registrada na Nova Zelândia para fazer as operações imobiliárias.De acordo com o Ministério Público, a empresa que tinha o advogado como procurador comprou um apartamento por 2 milhões de euros e uma sobreloja por 1,025 milhão de euros.""Os recursos financeiros utilizados nos negócios vieram de contas ocultas em nome de empresas offshores controladas por Raul Schmidt Felippe Junior no exterior. Estas contas foram abastecidas integralmente com os valores de propinas recebidas em contratos da norueguesa Sevan com a Petrobras"", informou o MPF.Os investigadores apontaram que Leonardo Muniz Almeida também atuava com o ex-diretor da área de Internacional da Petrobras, Jorge Luiz Zelada.Segundo informações do Ministério Público, os trâmites para extradição de Leonardo Muniz Almeida devem começar nos próximos dias.Caso extraditado, ele deve responder pelos crimes de organização criminosa, corrupção passiva e lavagem de dinheiro transnacional, de acordo com o MPF.Schmidt é investigado pelo suposto pagamento de propinas aos ex-diretores da Petrobras Renato de Souza Duque, Nestor Cerveró e Jorge Luiz Zelada - todos envolvidos no esquema de corrupção, lavagem de dinheiro e organização criminosa instalado na estatal.Além de atuar como operador financeiro no pagamento de propinas aos agentes públicos da Petrobras, o luso-brasileiro também aparece como preposto de empresas internacionais na obtenção de contratos de exploração de plataformas da Petrobras.Veja mais notícias da região no G1 Paraná. "	-1
121	A crise com Bebianno e os outros desafios da tramitação da reforma da Previdência no Congresso. O comentário desta sexta-feira (22) no programa Café das 6, da Rádio Globo, abordou desde a exoneração do então secretário-geral da presidência Gustavo Bebianno, braço direito do presidente Jair Bolsonaro durante a campanha, até os eventuais impactos da primeira grande crise do governo na tramitação da Reforma da Previdência. Ouça aqui.No meio da confusão gerada pela demissão de Bebianno, teve muito menos destaque _ do que o governo gostaria _ a entrega do pacote anticrime do ministro da Justiça, Sérgio Moro, no Congresso.Durante a semana, dando um recado importante, a Câmara dos Deputados derribou o decreto presidencial que aumentava o número de funcionários aptos a classificar documentos como sigilosos. O tema segue para o Senado com o carimbo de rejeição na Câmara, o que acabou acendendo um sinal amarelo na gestão Bolsonaro.	"""A crise com Bebianno e os outros desafios da tramitação da reforma da Previdência no Congresso"" O comentário desta sexta-feira (22) no programa Café das 6, da Rádio Globo, abordou desde a exoneração do então secretário-geral da presidência Gustavo Bebianno, braço direito do presidente Jair Bolsonaro durante a campanha, até os eventuais impactos da primeira grande crise do governo na tramitação da Reforma da Previdência. Ouça aqui.No meio da confusão gerada pela demissão de Bebianno, teve muito menos destaque _ do que o governo gostaria _ a entrega do pacote anticrime do ministro da Justiça, Sérgio Moro, no Congresso.Durante a semana, dando um recado importante, a Câmara dos Deputados derrubou o decreto presidencial que aumentava o número de funcionários aptos a classificar documentos como sigilosos. O tema segue para o Senado com o carimbo de rejeição na Câmara, o que acabou acendendo um sinal amarelo na gestão Bolsonaro.Contudo, a primeira derrota do governo no Congresso ou mesmo a crise com a saída de Bebianno não necessariamente impactará a reforma a ponto de o resultado final ser uma rejeição. Hoje, há um consenso no país de que é preciso mudar a Previdência. "	-1
122	O Ibama multou a Vale em R$ 250 milhões pela tragédia de Brumadinho, em razão do rompimento de uma barragem com rejeitos de mineração. O ministro do Meio Ambiente, Ricardo Salles, viajou a Minas Gerais para acompanhar as primeiras providências do gabinete de crise. A barragem de Brumadinho rompeu no início da tarde de sexta (25), levando uma enxurrada de lama à região.	"""Ibama multa Vale em R$ 250 milhões pela tragédia de Brumadinho"" O ministro do Meio Ambiente, Ricardo Salles, afirmou ao blog neste sábado (26) que o Instituto Brasileiro do Meio Ambiente e dos Recursos Naturais Renováveis (Ibama) multou a mineradora Vale em R$ 250 milhões em razão do rompimento de uma barragem com rejeitos de mineração em Brumadinho, na região metropolitana de Belo Horizonte.Em Mariana (MG), no maior desastre ambiental do país, em 2015, as multas aplicadas pelo Ibama à mineradora Samarco somaram R$ 345 milhões.A barragem de Brumadinho rompeu no início da tarde de sexta (25), levando uma enxurrada de lama à região. De acordo com os bombeiros, nove pessoas morreram e até 300 estão desaparecidas.Ricardo Salles viajou a Minas Gerais no mesmo dia da tragédia na companhia do ministro do Desenvolvimento Regional, Gustavo Canuto, para acompanhar as primeiras providências do gabinete de crise criado por ordem do presidente Jair Bolsonaro.Na manhã deste sábado, Salles acompanhou Bolsonaro e outros ministros no sobrevoo à região atingida pela lama da barragem.A Justiça de Minas Gerais mandou bloquear no fim da noite desta sexta R$ 1 bilhão em contas da Vale. A decisão liminar (provisória) do juiz Renan Chaves Carreira Machado atende a um pedido do governo mineiro para ""imediato e efetivo amparo às vítimas e redução das consequências"" do desastre.O valor bloqueado deve ser transferido para uma conta judicial. Entre outras medidas, a mineradora também fica obrigada a apresentar um relatório sobre as medidas já tomadas de ajuda às vítimas em até 48 horas. "	-1
123	"""Dodge pede que R$ 191 milhões obtidos em multas da Lava Jato financiem educação básica."" ""PGR pediu ao STF que recursos sejam destinados a compra de mobília, equipamentos de informática e veículos para transporte na zona rural."" ""Decisão cabe ao ministro Edson Fachin."" ""Os recursos têm origem em multas pagas em 31 acordos de delação premiada fechados no âmbito da Lava Jato."""	"""Dodge pede que R$ 191 milhões obtidos em multas da Lava Jato financiem educação básica""PGR pediu ao STF que recursos sejam destinados a compra de mobília, equipamentos de informática e veículos para transporte na zona rural. Decisão cabe ao ministro Edson Fachin. A Procuradora Geral da República (PGR), Raquel Dodge, pediu que o Supremo Tribunal Federal (STF) autorize a destinação de R$ 191 milhões obtidos em multas pagas por delatores da Lava Jato a programas de educação básica do Ministério da Educação.Os pedidos foram endereçados ao ministro Edson Fachin, relator da Lava Jato no Supremo. Se o ministro autorizar, o dinheiro poderá ser aplicado na compra de mobília, equipamentos de informática e veículos para transporte na zona rural.Os recursos têm origem em multas pagas em 31 acordos de delação premiada fechados no âmbito da Lava Jato. São acordos celebrados entre o Ministério Público Federal (MPF) e ex-executivos de empreiteiras envolvidas em desvios de recursos públicos da Petrobras.Segundo a PGR, o dinheiro deverá ser aplicado em ações do MEC que, entre outros pontos, destinam-se ao desenvolvimento, universalização e melhoria do processo educacional em todas as etapas e modalidades da educação básica.Ainda de acordo com o órgão, os programas que receberiam os aportes das multas impostas ao colaboradores destinam-se à construção, ampliação, reforma e adequação de espaços escolares, além da aquisição de mobiliário e equipamentos e apoio à infraestrutura e ao uso pedagógico das tecnologias de informação e comunicação. "	-1
124	"""É uma questão humanitária, não é? A gente perder um irmão sempre é uma coisa triste. Eu já perdi o meu e sei como é que é."" "	"""Mourão diz que autorizar Lula a ir ao velório do irmão é questão humanitária""Ex-presidente da República está preso em Curitiba e pediu nesta terça (29) para ir a velório do irmão, em São Bernardo (SP). Presidente em exercício, Mourão foi questionado sobre assunto. O presidente da República em exercício, Hamilton Mourão, afirmou nesta terça-feira (29) que autorizar o ex-presidente Luiz Inácio Lula da Silva a ir ao velório do irmão é uma ""questão humanitária"".Mais cedo, nesta terça, a defesa de Lula pediu à Justiça para o ex-presidente ir a São Bernardo do Campo (SP) participar do velório de Genival Inácio da Silva, conhecido como Vavá.Lula está preso em Curitiba (PR) desde abril do ano passado, condenado em segunda instância em um processo da Lava Jato. Questionado sobre o pedido de Lula, Mourão respondeu:""É uma questão humanitária, não é? A gente perder um irmão sempre é uma coisa triste. Eu já perdi o meu e sei como é que é.""Hamilton Mourão está no exercício da Presidência porque o presidente Jair Bolsonaro se recupera de uma cirurgia à qual foi submetido nesta segunda (28), em São Paulo.Ao apresentar o pedido à Justiça, a defesa de Lula argumentou que há previsão legal para a liberação em caso de morte de parentes diretos.Conforme o artigo 120 da Lei de Execução Penal:""Os condenados que cumprem pena em regime fechado ou semi-aberto e os presos provisórios poderão obter permissão para sair do estabelecimento, mediante escolta, quando ocorrer um dos seguintes fatos: falecimento ou doença grave do cônjuge, companheira, ascendente, descendente ou irmão; necessidade de tratamento médico"".Diante do pedido, a Justiça abriu prazo de um dia para manifestação do Ministério Público Federal (MPF).A defesa de Lula, contudo, argumentou ser desnecessário aguardar o parecer do MPF, sob risco de não haver tempo para o órgão se manifestar antes do sepultamento do irmão do ex-presidente. "	-1
125	Mourão diz que só vê confronto com Venezuela se Brasil for atacado: Mas Maduro não é louco a esse ponto. A crise na Venezuela havia se intensificado, após o presidente Nicolás Maduro ter anunciado o fechamento da fronteira com o Brasil para evitar o envio da ajuda huma.	"""Mourão diz que só vê confronto com Venezuela se Brasil for atacado: Mas Maduro não é louco a esse ponto""Em entrevista exclusiva à BBC News Brasil, vice-presidente, que co-representará o governo em reunião de países para discutir crise na Venezuela, diz que Brasil não fará avanço militar sobre território venezuelano, mas que poderá ajudar com auxílio humanitário. A última quinta-feira foi um dia movimentado para o vice-presidente, Hamilton Mourão. No Anexo II do Palácio do Planalto, ele passou boa parte do dia concedendo entrevistas para agências de notícias e canais internacionais. Seus assessores diziam ser um dia ""atípico"", dado o movimento, e afirmando que o vice respondeu a perguntas em português, inglês e espanhol.Mourão, de 65 anos, parecia cansado quando recebeu a BBC News Brasil pouco depois das 17h30. Horas antes, a crise na Venezuela havia se intensificado, após o presidente Nicolás Maduro ter anunciado o fechamento da fronteira com o Brasil para evitar o envio da ajuda humanitária solicitado pelo autoproclamado presidente venezuelano Juan Guaidó.Enviado pelo presidente Bolsonaro para a reunião do Grupo de Lima, que vai discutir na próxima segunda-feira (25) a crise em Caracas, Mourão, no entanto, segue atuante na política doméstica.Nos 24 minutos de conversa com a reportagem, ele falou sobre as denúncias de corrupção que envolvem membros do PSL, partido do presidente Bolsonaro, e sobre a Reforma da Previdência. Evitou, no entanto, falar sobre o conteúdo dos áudios de diálogos entre Bolsonaro e Gustavo Bebianno, primeiro ministro a ser demitido no novo governo.Questionado sobre a influência dos filhos do presidente no governo, o vice disse considerar que haverá um distanciamento político natural de Carlos, Eduardo e Flávio da administração do pai.""(Carlos) está na vibe da campanha, isso vai diminuir""Sobre o ponto da Reforma da Previdência que altera regras da assistência social e, portanto, afeta a população mais pobre, Mourão não respondeu se considera justa a mudança.""É a visão da equipe econômica e é a visão que o governo concordou. Agora, vai competir ao Congresso chegar à conclusão sobre se isso é factível ou não. Se o Congresso julgar que isso não é factível, vai permanecer como está"", disse.Confira os principais trechos da entrevista:BBC News Brasil - Na sua avaliação, a situação da Venezuela, cada vez mais grave, pode resvalar para um conflito regional?Hamilton Mourão - Eu acho que conflito regional, não. Da nossa parte nós jamais entraremos em uma situação bélica com a Venezuela, a não ser que sejamos atacados, aí é diferente, mas eu acho que o Maduro não é tão louco a esse ponto, né.E também vejo ali do lado mais complicado, que é o lado colombiano, acho que vai ficar nessa situação de impasse, como está.A questão interna é um problema.BBC News Brasil - A mensagem que ele passa ao fechar a fronteira é muito forte. O que isso significa para o governo brasileiro? Mourão - Na minha visão, ele fechou a fronteira exatamente para impedir que os venezuelanos viessem ao Brasil para pegar suprimentos. Ele quer manter o país fechado. Por que não acredito que ele imaginasse que nós entraríamos em força dentro da Venezuela - nós já reiteramos inúmeras vezes que não faríamos isso - para levar suprimentos.BBC News Brasil- Nesta quinta, o vice-presidente dos EUA, Mike Pence, anunciou que viajará para a Colômbia para participar da reunião do Grupo de Lima - para a qual o senhor também vai. O Brasil poderia fazer parte de uma operação militar para retirar Maduro do poder ou para levar ajuda? O quão longe o Brasil iria? Como o senhor vê o papel do governo Trump nesta crise.Mourão - Primeiramente, o Brasil tem um pensamento, há anos, de não interferir em assuntos internos de outros países. Então, não fazemos nenhum avanço militar sobre o território venezuelano. Este é o ponto principal. Nós podemos ajudar com auxílio humanitário, colocando suprimentos do nosso lado da fronteira, para que os venezuelanos possam vir para o Brasil e pegar.Sobre o governo Trump, estão fazendo as pressões que podem, no lado político e econômico, para tentar fazer Maduro sair do país para que a Venezuela possa voltar aos eixos.BBC News Brasil - O senhor já falou que seria o escudo e a espada do presidente Bolsonaro. Agora, com quase dois meses no governo, como é que o senhor vê o papel do vice-presidente?Mourão - Exatamente dessa forma. Eu e o presidente procuramos nos complementar nos trabalhos que estão sendo realizados. A minha visão da função do vice-presidente é exatamente para segurar a estabilidade do país nos afastamentos do presidente, que já ocorreram nesse começo de governo. Dessa forma, nós temos mantido essa relação.BBC News Brasil - Agora, ele deixou o senhor apenas dois dias na Presidência quando ele estava lá internado, foi uma falta de confiança? Ele ficou inclusive mais tempo internado do que o previsto. Como o senhor viu isso?Mourão - Acho que no momento inicial ele julgava que fosse ficar pouco tempo, então ele pensou que assim que saísse da UTI, ele estaria em condições de assumir o governo. E, como não aconteceu, ele também não quis voltar atrás do que estava decidido. Acho que não teve problema nenhum.BBC News Brasil - O presidente alegou, por meio do porta-voz, motivo de ""foro íntimo"" para demitir o agora ex-ministro Bebianno. Na verdade isso não é uma questão pública, em vez de íntima?Mourão - Tudo na vida tem relacionamento. E óbvio que o presidente e seus ministros têm um relacionamento e o ex-ministro Bebianno já vinha com o presidente há algum tempo. Eu acho que essa relação veio se desgastando por diversos motivos e o ponto final, a ruptura disso aí, foi aquela... o presidente sabia da divulgação dos áudios dele, já tinham sido na realidade divulgados. Então ali ele considerou que a confiança tinha sido quebrada.BBC News Brasil - Agora, além do ex-ministro Bebianno, a gente tem o ministro do Turismo (Marcelo Álvaro Antônio) sobre quem pesam acusações parecidas com as do ex-ministro Bebianno. O senhor foi eleito com uma chapa muito baseada na moralidade, no combate à corrupção... como o senhor vê isso com a manutenção do ministro do Turismo? Qual deve ser a resposta a essas denúncias? Mourão - As denúncias devem ser investigadas. O presidente já determinou que a Polícia Federal investigue. Uma vez comprovada a veracidade das denúncias, que elas têm consistência, eu não tenho dúvida de que o presidente irá exonerar o ministro.BBC News Brasil - O presidente Jair Bolsonaro sabia do uso, no PSL, desse esquema que foi denunciado de candidaturas laranja?Mourão - Tenho absoluta certeza que não. O presidente não era o dono do PSL, era apenas um candidato do PSL e, obviamente, estava preocupado com a montagem da campanha dele. Vamos lembrar que ele era deputado federal, passou para o PSL no começo do ano passado, começou a se dedicar àquelas viagens iniciais ainda antes da campanha e quando começou a campanha para valer, que era um momento aí de distribuição de recursos, ele imediatamente sofreu o atentado e ficou dentro do hospital.BBC News Brasil - Há uma insatisfação em diferentes meios com o papel que os filhos do presidente estão tendo no governo. O senhor avalia que essa proximidade dos filhos do presidente pode ser prejudicial para o governo?Mourão - A família Bolsonaro é uma família unida. Isso é uma coisa bonita. Os filhos são bem sucedidos, três homens aí que se candidataram, que foram eleitos com uma votação expressiva para senador, deputado federal, vereador. Eu acho que, com o passar do tempo, cada um irá entender o tamanho da cadeira que eles têm, e vão se dedicar mais às funções legislativas para as quais foram eleitos.BBC News Brasil - O senhor acha então que o ideal é que haja um afastamento natural deles?Mourão - É natural. É começo de governo, eles são muito unidos em cima da figura do pai. Agora que eles estão vendo que o pai realmente está com a saúde recuperada, eu acho que isso vai ser um distanciamento normal. Um distanciamento político, não da vida pessoal, porque filho é filho.BBC News Brasil - Quando o senhor fala no tamanho da cadeira eu penso principalmente no Carlos, que é o único que não tem um cargo federal, ele é vereador no Rio de Janeiro. O senhor está falando dele, ele é quem precisa tomar mais esse cuidado para não influenciar?Mourão - O Carlos tem uma proximidade muito grande com o pai, ele trabalhou muito durante a campanha. Eu acho que ele ainda está naquele clima, vamos dizer assim, para usar um termo da juventude, nessa vibe, ele ainda está nessa. Mas isso vai passar.BBC News Brasil - Na vibe da campanha?Mourão - Na vibe da campanha, isso vai diminuir.BBC News Brasil - Falando do Carlos, ainda, em uma entrevista à rádio Jovem Pan, o ex-ministro Bebianno insinuou que um tuíte do Carlos em novembro, em que ele dizia que alguns desejavam a morte do presidente, tinha o senhor como alvo. Qual origem desse clima de conspiração no governo?Mourão - Eu não sei e é aquela história, eu não dou bola, não me importo com essas coisas, com esses comentários. Porque eu acho que essa questão de rede social, o pessoal escreve muito o que quer, e depois se dá conta de que depois que as palavras estão escritas, depois que saíram da boca, não podem voltar. Então eu prefiro manter um certo distanciamento disso aí.BBC News Brasil - Esse recado também serve para o presidente, outros ministros que estão bastante ativos na rede social também?Mourão - Não, eu também tenho a minha rede social, mas eu acho que a gente tem que pensar duas vezes antes de escrever alguma coisa.BBC News Brasil - Depois da eleição, o senhor falou que os filhos do presidente são pessoas de boa moral e bons costumes. Considerando esse começo de ano, em que se falou muito sobre uma investigação envolvendo um ex-assessor do senador Flavio Bolsonaro, e agora todas essas questões envolvendo o Carlos, as manifestações dele no Twitter...O senhor continua com essa avaliação?Mourão - É, eu tenho essa avaliação, eles foram bem educados, eu conheço o presidente Bolsonaro desde que esses meninos eram pequenos, conheço a mãe deles, então sei que são gente de boa índole.BBC News Brasil - Na posse do ministro da Defesa, o general Fernando Azevedo e Silva, o presidente disse ao general Villas Bôas (ex-comandante do Exército) que ele era o responsável pela eleição da chapa dos senhores. Qual foi o papel do então comandante do Exército na eleição da chapa dos senhores?Mourão - Vou te responder com toda sinceridade: apenas as moscas que estavam na sala devem saber, por que eu não sei qual foi a conversa que o Bolsonaro teve com o general Villas Bôas.BBC News Brasil - O senhor não perguntou pra ele?Mourão - É um assunto pessoal, particular.BBC News Brasil - Muito se fala sobre as diversas alas do governo, ala militar, a ala mais ideológica, olavista, como se diz. Há os superministros, o Sergio Moro, Paulo Guedes. Existe uma disputa de poder dentro do governo? Quem vai ganhar?Mourão - Não tem disputa de poder. Está cada um com seu nicho de mercado, cada um tem a sua responsabilidade, a sua tarefa.Essa questão de militares, circula pela imprensa ""os militares se reuniram"". Ninguém se reúne aqui, só se reúne quando tem reunião do conselho de governo. Passasse uma imagem de que todo dia, na calada da noite, o (general Augusto) Heleno (ministro-chefe do Gabinete de Segurança Institucional), o (general Carlos Alberto) Santos Cruz (ministro da Secretaria de Governo), o (almirante) Bento (Costa, ministro das Minas e Energia), o (general) Fernando (Azevedo e Silva, ministro da Defesa), nos concentramos em algum lugar para tramar o que vai ser feito no dia seguinte. Não, está cada um preocupado em cumprir a tarefa que o presidente nos designou.BBC News Brasil - Sobre a reforma da Previdência, o senhor apresentou um cálculo de que o governo teria hoje 250 dos 308 votos necessários. Como o senhor acredita que vão conseguir os 60 votos, nesse momento delicado, com saída de ministro do Planalto?Mourão - Isso vai ser um processo. Agora se inicia a análise de todas as nuances que estão colocadas. Teremos que trabalhar em cada uma das condições que serão montadas para analisar esse processo, conversar com os relatores, os deputados. Aqueles que tiverem dúvidas, teremos que mostrar a eles resultados positivos que virão disso aí e os negativos, se a emenda não for aprovada.BBC News Brasil - A proposta da Previdência inclui a previsão de pagar R$ 400 para idosos de uma faixa etária que hoje tem direito a um salário mínimo. O Temer tentou alterar o BPC (Benefício de Prestação Continuada) e não conseguiu. O senhor acha justo?Mourão - Olha, é a visão da equipe econômica e é a visão que o governo concordou. Agora, vai competir ao Congresso chegar à conclusão sobre se isso é factível ou não. Se o Congresso julgar que isso não é factível, vai permanecer como está.BBC News Brasil - A proposta de alteração no sistema de proteção social dos militares, que equivale à Reforma da Previdência dos civis, é estudada há anos pelas Forças Armadas e está pronta. Por que não mandar junto com a Reforma da Previdência, se ela está pronta?Mourão - Ela foi decidida no apagar das luzes da terça-feira. O que acontece é que tem que mexer em cinco leis, então está sendo trabalhado juridicamente. Tem que mexer na lei de promoção de oficiais, na lei de promoção de praças, na lei de remuneração, no estatuto dos militares. Vai ter que reescalonar carreiras, mudar interstícios de promoção, então vai levar um pouco mais de tempo para preparar.BBC News Brasil - Mas não dá a impressão de que os militares estão sendo poupados?Mourão - É sempre aquela dicotomia. Uma (Reforma da Previdência) é emenda constitucional, tem processo mais lento. E o projeto de lei dos militares é muito mais rápido, só necessita de maioria simples para ser aprovado. E eu tenho certeza de que dentro do Congresso existe maioria simples pronta para aprovar qualquer coisa relativa aos militares.BBC News Brasil - Em entrevista à revista Época, o senhor sugeriu que o título de uma matéria fosse ""Terá Ernesto (Araújo) condições de tocar e dizer o que é a política externa do Brasil? Porque ele não falou o que pretende fazer"". O senhor continua pensando dessa forma sobre o ministro das Relações Exteriores, Ernesto Araújo?Mourão - Não. Eu mudei meu pensamento em relação ao nosso chanceler. Ele está organizando o Itamaraty de acordo com as ideias que ele tem e está colocando foco nas diretrizes do presidente.BBC News Brasil - Então tem duas políticas externas no governo? Enquanto o Itamaraty sinaliza com uma política de aproximação intensa com a política do governo Trump, continua defendendo a transferência da embaixada para Jerusalém e adota um discurso anti-China, o senhor se encontra com representantes de países árabes, com chineses. Existem duas políticas externas no governo Bolsonaro?Mourão -Não existem duas políticas externas. Nós não podemos abandonar em hipótese alguma a China e o presidente sabe disso muito bem. Temos uma comissão de alto nível com a China, que é responsável por 32% das nossas exportações. Não podemos simplesmente virar as costas para a China. Em relação aos países árabes, eu os atendi pelas demandas que eles tinham. Em relação à embaixada, não tem nada decidido, vamos aguardar a decisão do presidente.BBC News Brasil - Há uma impressão, externa, inclusive, de que o senhor é muito mais aberto, mais diplomático. É verdade?Mourão - Eu não vejo como uma questão de diplomático. A questão é das ideias que estão sendo debatidas. Aquilo que não está decidido tem que ser discutido.BBC News Brasil - No início do mês o senhor disse considerar que o aborto é uma ""decisão da mulher"", defendendo inclusive possibilidade de aborto no caso de quem não tem condições de manter o filho. A declaração causou críticas em parte dos seus eleitores? Existe alguma chance de esse assunto ser discutido neste governo?Mourão - Não. O nosso governo é muito claro: ele é contra o aborto. E eu deixei claro ao meio de imprensa que eu transmiti de que isso é uma opinião pessoal minha, não tem nada a ver com a opinião do governo. O governo é contra o aborto.BBC News Brasil - Durante a campanha, o senhor foi criticado por parte da imprensa após declarações polêmicas sobre a ditadura e a possibilidade de autogolpe. Depois da posse, passou a ser elogiado até por críticos do governo por diversas declarações que contradizem algumas políticas que são defendidas por outros setores do governo. O que mais do vice-presidente Mourão pode surpreender? Que visões ainda não vieram à tona?Mourão - As pessoas não me conhecem. Essa é a questão. As pessoas têm a mania de rotular por um ou outro pensamento que você coloca. A questão da ditadura, como é chamada, eu não canso de dizer: eu não era vivo na época do Getúlio (Vargas). Então é uma questão até que tem que ser estudada e debatida. O autogolpe, se assistirem à entrevista, vão ver que era em situação hipotética, delineada por um jornalista, aí quando ele fez a menção sobre determinado momento que ocorreria, eu disse ""mas isso é um autogolpe"". Não que eu tivesse pregado um autogolpe.Então o que as pessoas devem esperar de mim são posicionamentos coerentes com aquilo que adquiri ao longo da minha vida. Eu acredito plenamente no liberalismo econômico, acredito que a democracia é o melhor sistema de governo para um país e acredito que nosso governo tem as condições de recolocar o Brasil no trilho e num projeto que nos leve realmente avante.BBC News Brasil - O senhor falou que tem opinião pessoal sobre aborto. Qual é?Mourão - Já foi exprimida.BBC News Brasil - Nos áudios com Bebianno, o presidente cita a Globo e usa a palavra ""inimiga"", e demonstra preocupação com como outras emissoras poderiam ver um representante da Rede Globo dentro do Palácio do Planalto. Como o senhor vê que grupos de comunicação sejam classificados como inimigos e, portanto, como amigos também?Mourão - Não vou entrar na discussão do mérito do que o presidente falou porque não compete a mim esse tipo de comentário. A única coisa que eu deixo claro é o seguinte: isso era uma conversa privada, entre o presidente e o ministro, se referindo a uma terceira pessoa. Então jamais poderia ter sido divulgada.BBC News Brasil - Nos Estados Unidos, o vice de Obama, Joe Biden, é cotado como forte candidato às eleições presidenciais. O senhor pensa após o governo Bolsonaro em se candidatar à Presidência?Mourão - Não, não penso. A minha visão, quando eu passei para a reserva, no começo do ano passado, era residir no Rio de Janeiro, na minha casa, onde nunca tinha conseguido morar, ser presidente do Clube Militar, que fui eleito.Ocorreu que o presidente Bolsonaro me sinalizou que poderia precisar de mim em algum momento e pediu que eu me filiasse a algum partido político. Foi o que eu fiz e acabou acontecendo essa situação, de eu ser vice na chapa dele.Óbvio que, ao término deste mandato, se ele concorrer à reeleição e quiser que eu ainda esteja com ele, eu o acompanho. Caso contrário, eu retorno para a minha vida de aposentado. "	-1
126	"O primeiro projeto apresentado na Câmara em 2019 quer declarar Bíblia patrimônio cultural. A proposta, do deputado Pastor Sargento Isidorio, quer transformar livro em patrimônio do Brasil e da Humanidade. O primeiro projeto apresentado na nova legislatura que se inicendeu nesta segunda-feira (4) na Câmara dos Deputados quer transformar a Bíblia em ""Patrimônio Nacional, Cultural e Imaterial do Brasil e da Humanidade""."	"""Primeiro projeto apresentado na Câmara em 2019 quer declarar Bíblia patrimônio cultural""Proposta, do deputado Pastor Sargento Isidorio, quer transformar livro em patrimônio do Brasil e da Humanidade. Ele afirma que a Bíblia é a vontade de Deus escrita para a humanidade. O primeiro projeto apresentado na nova legislatura que se iniciou nesta segunda-feira (4) na Câmara dos Deputados quer transformar a Bíblia em ""Patrimônio Nacional, Cultural e Imaterial do Brasil e da Humanidade"".A proposta foi apresentada pelo deputado Pastor Sargento Isidorio (Avante-BA) nesta segunda, quando se iniciou o prazo para que projetos e pedidos de criação de CPIs sejam apresentados na Câmara.Até as 16h50, já haviam sido apresentados na Câmara 64 projetos de lei. A partir deste ano, as propostas que tramitam na Câmara e no Senado terão numeração única, nas duas casas.No primeiro dia do ano legislativo do mandato passado, em 2 de fevereiro de 2015, os deputados apresentaram 99 propostas _ 94 projetos de lei, 4 projetos de lei complementar e um projeto de resolução.Ao apresentar o projeto, o deputado justificou a intenção de transformar a Bíblia em patrimônio imaterial e cultural pelo fato de o livro ser o mais antigo e o ""mais lido do mundo"".Segundo ele, para os cristãos, a Bíblia ""é mais do que apenas um bom livro, é a vontade de Deus escrita para a humanidade. Para os cristãos, nela se encontram, acima de tudo, as respostas para os problemas da humanidade e a base para princípios e normas de moral"".""É correto dizer e já na autoridade do Espírito Santo que o livro que passo a defender como Patrimônio Imaterial Cultural da Nação brasileira e da Humanidade já é reconhecido por seu vasto poder terapêutico, curador, histórico, libertador, restaurador, revelador e principalmente profético, cuja capacidade de milagres comprovados já ganhou legitimidade da ciência"", diz o deputado na justificativa.Segundo o próprio deputado, projeto semelhante foi apresentado por ele _ e aprovado por ""unanimidade"" _ pela Assembleia Legislativa da Bahia, quando Isidorio era deputado estadual.""Nós, cristãos, seja católicos, evangélicos, espíritas ou outros acreditamos que estes homens escreveram a Bíblia inspirados por Deus e por isso consideram a Bíblia como a escritura sagrada. No entanto, nem todos os seguidores da Bíblia a interpretam de forma literal, e muitos consideram que muitos dos textos da Bíblia são metafóricos ou que são textos datados que faziam sentido no tempo em que foram escritos, mas foram perdendo seu sentido dentro do contexto da atualidade"", complementa o parlamentar no texto. "	-1
127	Três anos após Mariana, projetos para evitar riscos ambientais estão parados na Câmara. Na semana passada, uma barragem da Vale rompeu em Brumadinho (MG), levando mais de 60 pessoas à morte. Na semana passada, uma barragem rompeu em Brumadinho (MG), levando uma enxurrada de lama à região. Muitos moradores da cidade deixaram as casas.	"""Três anos após Mariana, projetos para evitar riscos ambientais estão parados na Câmara""Em 2015, barragem rompeu na cidade e 19 pessoas morreram. Na semana passada, uma barragem da Vale rompeu em Brumadinho (MG), levando mais de 60 pessoas à morte.  Depois da tragédia de Mariana (MG), em 2015, deputados e senadores apresentaram projetos para reforçar as leis de proteção ambiental. Mas o fato é que nenhum deles avançou. Estão todos paralisados ou arquivados.Na semana passada, uma barragem rompeu em Brumadinho (MG), levando uma enxurrada de lama à região. Nos últimos quatro dias, as autoridades locais já confirmaram as mortes de 65 pessoas; outras 280 estão desaparecidas. Muitos moradores da cidade deixaram as casas.Nos últimos três anos, deputados apresentaram cinco projetos na Câmara. Todos estão parados. Eles preveem que:O deputado Arnaldo Jordy (PPS-PA), autor de um desses projetos, disse que eles não andam porque as mineradoras financiam muitos deputados.""Na Comissão de Minas e Energia vários deputados, inclusive, foram financiados por essas empresas. [...] Lamentavelmente, eu repito, o lobby das grandes mineradoras, nesta Casa, infelizmente interditou que essas leis pudessem ser aprovadas e certamente, se tivessem sido aprovadas, hoje não teríamos essa tragédia vitimando a população"", afirmou.O então deputado Leonardo Quintão (MDB-MG), relator de um código de mineração que não chegou a ser aprovado, foi um dos deputados que receberam doações de campanha do setor de mineração. Num debate há cinco anos, Quintão falou sobre as doações.""Alguns ambientalistas já falaram: Você não pode ser relator, porque você é financiado pela mineração. De forma alguma, a legislação brasileira respeita o financiamento de campanha. Eu não tenho nenhuma vergonha de, dentro da lei brasileira, ser financiado por mineradoras"", acrescentou.As doações são legais, mas são criticadas entre os próprios parlamentares por risco de conflitos de interesse.Quintão, que é cotado para assumir um cargo na Casa Civil no governo de Jair Bolsonaro, recebeu pelo menos R$ 2,1 milhões de mineradoras em doações eleitorais em 2014.Não houve retorno por parte da assessoria de Leonardo Quintão sobre o assunto.Quase metade dos 81 integrantes da Comissão de Minas e Energia da Câmara recebeu doações de empresas com atuação no setor de mineração ou de sócios destas empresas. São 38 deputados, incluindo o presidente e dois vice-presidentes do grupo. A comissão analisa, entre outros, projetos que envolvam pesquisa e exploração de recursos minerais, além das regras para o setor.No Senado, um projeto de 2015 que tornava mais rigorosa a Política de Segurança de Barragens e aumentava as punições foi arquivado.O texto foi proposto pelo senador Ricardo Ferraço (PSDB-ES). Outro projeto parado desde 2016, do senador Randolfe Rodrigues (Rede-AP), quer transformar em crime hediondo a poluição ambiental que provoque mortes.""Está claro que teve um poderoso lobby das empresas mineradoras que atuaram junto ao poder público tanto no Executivo quanto no Legislativo de Minas Gerais e do Congresso Nacional para que essas matéria avançassem"", afirmou o senador.E a Polícia Federal está analisando documentos da Vale sobre a tragédia em Brumadinho.O delegado Luiz Augusto Pessoa Nogueira disse que o inquérito apura se os laudos, feitos por empresas contratadas pela Vale, têm alguma irregularidade ou não.A Vale já informou que contratou uma empresa alemã para vistoriar a barragem em setembro e o laudo apontou estabilidade. "	-1
128	Governo vai transformar em atendimento digital mais de mil serviços públicos. O governo do presidente Jair Bolsonaro vai transformar mais de mil serviços públicos em atendimento digital nos próximos dois anos para tornar mais fácil a vida da população. O processo de digitalização deverá estar concluído até o final de 2020 e faz parte da estratégia da equipe do ministro da Economia, Paulo Guedes, de reduzir o tamanho do Estado, reduzir gastos e desburocratizar a administração pública.	"""Governo vai transformar em atendimento digital mais de mil serviços públicos "" O governo do presidente Jair Bolsonaro vai transformar mais de mil serviços públicos em atendimento digital nos próximos dois anos para tornar mais fácil a vida da população. A informação foi dada ao blog pelo secretário especial de Desburocratização e Gestão do Ministério da Economia, Paulo Uebel. Segundo ele, os serviços do INSS serão prioridade.""Tudo o que for possível ser transformado em atendimento digital nós faremos, o objetivo é tornar a vida do cidadão mais fácil e gerar economia de tempo e de recursos para o governo"", afirmou Uebel.O processo de digitalização deverá estar concluído até o final de 2020 e faz parte da estratégia da equipe do ministro da Economia, Paulo Guedes, de reduzir o tamanho do Estado, reduzir gastos e desburocratizar a administração pública. Além dos serviços do INSS, ele citou, como exemplo, as matrículas em universidades federais e certificados de vacina.Paulo Uebel disse que a meta de digitalização faz parte também de outra medida, que será editada por decreto ainda no mês de fevereiro, e que vai criar critérios técnicos para autorização de novos concursos públicos no governo federal. Segundo Uebel, em tempos de ajuste fiscal, a União precisa buscar otimizar seus recursos humanos, utilizá-los mais nos serviços fins e reduzir gastos.Para isso, a partir da edição do decreto, um órgão só receberá autorização para realização de concurso público se cumprir várias exigências. Entre elas, comprovar tecnicamente a necessidade da abertura da nova vaga; provar que não há funcionário cedido que poderia ser convocado para a nova função e se o órgão cumpriu uma meta de digitalização dos seus serviços.""Por exemplo, se um órgão já digitalizou cerca de 20% dos seus serviços mas tem condições de chegar a um patamar próximo de 100%, primeiro ele precisa cumprir esta etapa para só depois abrir um concurso público"", afirmou Paulo Uebel ao blog.Ele informou também que o governo pretende cortar cerca de 21 mil dos mais de 130 mil cargos e funções gratificadas da União, o que pode gerar uma economia de R$ 200 milhões por ano.""A ideia é fazer com os demais ministério o que foi feito no da Economia, onde foram cortados cerca de 3 mil cargos e funções, gerando uma economia de R$ 43,6 milhões por ano"", citou.O corte de cargos e funções gratificadas começará pelas vagas que atualmente não estão preenchidas, para só depois partir para as que estão ocupadas atualmente. ""Tudo será negociado com os órgãos, porque não podemos prejudicar serviços do governo"", afirmou o secretário. "	-1
129	"Agora é hora de esfriar a cabeça"", afirmou o ministro. Integrantes do governo dão como certa a demissão do ministro. Aos jornalistas que o aguardavam no hotel, Bebianno disse que, por ora, não vai se pronunciar sobre o caso."	"""Agora é hora de esfriar a cabeça, diz Bebianno""Ministro da Secretaria-Geral da Presidência foi abordado por jornalistas quando saía do hotel onde mora, para almoçar. Integrantes do governo dão como certa a demissão do ministro.   O ministro da Secretaria-Geral da Presidência, Gustavo Bebianno, disse neste domingo (17) que o momento é de ""esfriar a cabeça"".Ele foi abordado por jornalistas no hotel onde mora, em Brasília, quando saía para o almoço. Bebianno deu a declaração diante de perguntas sobre se falaria a respeito de sua eventual demissão do cargo.""Agora é hora de esfriar a cabeça"", afirmou o ministro.Bebianno viveu uma semana de crise dentro do governo, após denúncias de candidaturas ""laranjas"" no PSL e um episódio de atrito entre ele e o filho do presidente Jair Bolsonaro, Carlos Bolsonaro. Integrantes do governo dão como certo que o presidente vai exonerar o ministro.Aos jornalistas que o aguardavam no hotel, Bebianno disse que, por ora, não vai se pronunciar sobre o caso. ""Daqui a alguns dias"", afirmou.Entenda: o que são candidatos ""laranjas""Reportagem da ""Folha de S.Paulo"" publicada na semana passada revelou repasse do PSL de R$ 400 mil de recursos públicos do fundo partidário para uma candidata de Pernambuco suspeita de ser ""laranja"". Bebianno era o presidente do partido durante as eleições e, segundo a reportagem, autorizou os repasses.Dias depois, para negar que houvesse crise por causa da denúncia do jornal, Bebianno disse que tinha conversado três vezes com Jair Bolsonaro enquanto o presidente ainda estava internado em São Paulo.Em uma rede social, o vereador Carlos Bolsonaro classificou a afirmação de Bebianno como ""mentira absoluta"". Depois, Jair Bolsonaro compartilhou as mensagens do filho na mesma rede social.Na sexta-feira (15), Bolsonaro e Bebianno se encontraram pela primeira vez depois do episódio. Apesar dos apelos de ministros para que a crise fosse encerrada, o clima continuou tenso, mesmo depois de um encontro reservado entre os dois. Bolsonaro apontou Bebianno como o responsável por vazamentos de informações do governo para a imprensa.Na madrugada de sábado, o ministro reproduziu um texto sobre lealdade em uma rede social. Bolsonaro recebeu ministros no Palácio da Alvorada ao longo do dia. Entre eles, não estava Bebianno.Sobre os repasses do PSL para candidatos supostamente ""laranjas"", Bebianno disse que não escolhia os candidatos do partido nos estados. Essa atribuição, segundo ele, cabia aos diretórios regionais. "	-1
130	O presidente Jair Bolsonaro disse, nesta quinta-feira (7), que os militares precisarão fazer sacrifício com a nova Reforma da Previdência, mas prometeu que as especificidades de cada uma das forças serão respeitadas. O presidente falou sobre a reforma, nesta quinta (7), durante cerimônia militar no RJ. A proposta de reforma previdenciária foi entregue pelo governo ao Congresso no dia 20 de fevereiro e não incluía os militares. Na ocasião, o secretário de Previdência e Trabalho do Ministério da Economia, Rogério Marinho, disse que em até 30 dias o governo apresentaria um projeto com mudanças nas regras para apoentadoria dos militares.	"""Bolsonaro pede sacrifício a militares na reforma da Previdência e promete lembrar especificidades das forças""Projeto com mudanças no regime dos militares ainda não foi apresentado pelo governo. Presidente falou sobre a reforma, nesta quinta (7), durante cerimônia militar no RJ.  O presidente Jair Bolsonaro disse, nesta quinta-feira (7), que os militares precisarão fazer sacrifício com a nova Reforma da Previdência, mas prometeu que as especificidades de cada uma das forças serão respeitadas.A declaração foi dada durante cerimônia de celebração dos 211 anos do Corpo de Fuzileiros Navais no Centro do Rio de Janeiro.A proposta de reforma previdenciária foi entregue pelo governo ao Congresso no dia 20 de fevereiro e não incluía os militares. Na ocasião, o secretário de Previdência e Trabalho do Ministério da Economia, Rogério Marinho, disse que em até 30 dias o governo apresentaria um projeto com mudanças nas regras para aposentadoria dos militares.O presidente da Câmara dos Deputados, Rodrigo Maia (DEM-RJ), disse que a Comissão de Constituição e Justiça (CCJ) só deve votar a constitucionalidade da reforma da Previdência após o governo apresentar as regras para os militares.""Avisei o governo que vai ser muito difícil tramitar a PEC sem o envio do projeto dos militares. Já me comprometi com o governo que só voto o [projeto dos] militares no dia seguinte que terminar de votar a emenda constitucional"", afirmou Maia em São Paulo, no dia 25 de fevereiro.O discurso do presidente aos militares durou menos de 4 minutos. Além de falar sobre a Previdência, Bolsonaro disse que quer fazer do Brasil um país de primeiro mundo e que reconhecerá os militares neste contexto.Bolsonaro disse ainda que a ""democracia e liberdade só existe quando as suas respectivas Forças Armadas assim o quer"" (sic).Durante o evento, militares receberam a medalha ""Mérito Anfíbio"" pela dedicação e pelo interesse no aprimoramento profissional. O cabo fuzileiro naval de Infantaria Gilmário Alerson da Silva Lima será homenageado por ter sido eleito o Fuzileiro Padrão 2018.A cerimônia no corpo de fuzileiros navais é o primeiro evento público do presidente depois do episódio em que ele postou um vídeo com conteúdo pornográfico em sua conta no Twitter. A visualização do vídeo foi restringida, com alerta de conteúdo sensível. A postagem, feita na terça-feira (5), gerou polêmica ao longo da quarta (6).Também estiveram presentes na cerimônia o líder do governo, deputado Vitor Hugo (PSL-GO); o ministro da Defesa, Fernando Azevedo; o comandante da Marinha, Almirante Ilques Barbosa Júnior; o comandante do Exército, general Edson Leal Pujol; o comandante da Força Aérea Brasileira, brigadeiro Antônio Carlos Moretti Bermudez; e o prefeito do Rio, Marcelo Crivella. "	-1
131	PF abre inquérito para apurar vazamento de dados fiscais de agentes públicos. Segundo a Receita, que solicitou a investigação, dados divulgados pela imprensa eram de análises preliminarese. Entre os alvos da apuração interna estava o ministro Gilmar Mendes. O Ministério da Justiça e da Segurança Pública informou nesta quinta-feira (28) que determinou à Polícia Federal a abertura de inquérito para apurar o vazamento de investigações da Receita Federal sobre informações fiscais de agentes públicos e familiares.	"""PF abre inquérito para apurar vazamento de dados fiscais de agentes públicos""Segundo a Receita, que solicitou a investigação, dados divulgados pela imprensa eram de análises preliminares. Entre os alvos da apuração interna estava o ministro Gilmar Mendes. O Ministério da Justiça e da Segurança Pública informou nesta quinta-feira (28) que determinou à Polícia Federal a abertura de inquérito para apurar o vazamento de investigações da Receita Federal sobre informações fiscais de agentes públicos e familiares.A abertura de inquérito foi solicitada na última terça (26) pela própria Receita Federal, que afirmou no pedido que há casos noticiados pela imprensa que tratavam-se de ""análises preliminares"" e que nem todos resultariam na abertura de procedimentos investigatórios.Entre os alvos da Receita, revelados em reportagens da revista ""Veja"" e do jornal ""Estado de São Paulo"", estavam o ministro do Supremo Tribunal Federal (STF), Gilmar Mendes, e a mulher dele, Guiomar Feitosa Mendes.Dias depois, o coordenador de Programação da Atividade Fiscal da Receita Federal, Pedro Menezes Bastos, informou à Procuradoria-Geral da República (PGR) que a suspeita de crimes apontadas no relatório contra Gilmar Mendes é ""genérica"". Ele afirmou ainda que não há indícios concretos de irregularidades.""Os contribuintes que resultam desses cruzamentos iniciais são analisados individualmente por auditores fiscais responsáveis pela atividade de programação da fiscalização. Dessa análise, poderá ou não resultar na abertura de um procedimento de fiscalização, que é executado por auditor fiscal lotado em área diversa daquela responsável pela programação. O procedimento de fiscalização tem início pela intimação do contribuinte. Assim, sem a competente intimação, não há fiscalização em curso"", esclareceu a Receita na última terça-feira.Segundo o Ministério da Justiça, o inquérito da Polícia Federal vai apurar a existência de suposto crime de violação de sigilo funcional praticado contra a Administração Pública.Ainda de acordo com a pasta, a investigação vai analisar casos de autoridades, seus familiares, além de outras 130 pessoas. "	-1
132	"""Saisb o que está em jogo na disputa pela presidência da Câmara e do Senado"" Entre as atribuições dos presidentes, está a de definir pautas de votação. Eleições para o comando das casas legislativas nos próximos dois anos serão realizadas nesta sexta-feira. E, dependendo do resultado, servirão de indicativo do grau de dificuldade que o governo poderá enfrentar no Congresso para conseguir aval a suas propostas nos próximos dois anos. "	"""Saiba o que está em jogo na disputa pela presidência da Câmara e do Senado""Entre as atribuições dos presidentes, está a de definir pautas de votação. Eleições para o comando das casas legislativas nos próximos dois anos serão realizadas nesta sexta-feira. Com poder de definir as pautas e o ritmo de votação, os futuros presidentes da Câmara dos Deputados e do Senado terão papel decisivo para a aprovação de medidas consideradas prioritárias pelo governo Jair Bolsonaro, como a reforma da Previdência Social.As eleições estão marcadas para esta sexta-feira (1º). E, dependendo do resultado, servirão de indicativo do grau de dificuldade que o governo poderá enfrentar no Congresso para conseguir aval a suas propostas nos próximos dois anos.Os postos também são considerados estratégicos porque, entre as atribuições dos presidentes, está a de decidir sobre a abertura de comissões parlamentares de inquérito, as CPIs, que podem, conforme o assunto, causar desgaste ao Palácio do Planalto.No caso do presidente da Câmara, também compete a ele a abertura de processos de impeachment de presidentes da República.Os eleitos ocuparão ainda um lugar na linha sucessória da Presidência da República. O presidente da Câmara é o segundo na sucessão. O do Senado, o terceiro.No Senado, poderá haver um número recorde de candidatos a presidente da Casa desde a redemocratização.Entre pré-candidatos declarados e cotados para o comando do Senado, nove são cogitados para a disputa da eleição:Na Câmara, o atual presidente, Rodrigo Maia (DEM-RJ), tenta a reeleição. A tendência é que ele dispute a presidência com os deputados: Tanto na Câmara quanto no Senado os parlamentares podem se candidatar e podem desistir da candidatura até momentos antes da votação. Por isso, o número de candidatos pode mudar.Veja os principais pontos que estão em jogo nas eleições da Câmara e do Senado:As pautas de votação são definidas, em tese, em conjunto com os líderes dos partidos, mas a palavra final sobre o que será analisado no plenário fica com os presidentes da Câmara e do Senado.Em razão disso, o nível de entrosamento e a afinidade ideológica com o governo federal são importantes para o Executivo, porque podem facilitar ou dificultar a aprovação de projetos de interesse do Planalto.Exemplo disso é a tramitação das medidas provisórias, que pode ser impactada pelo ritmo de votação. Editadas pelo presidente da República, as MPs entram em vigor imediatamente, mas precisam ser aprovadas em até 120 dias pelo Congresso sob risco de perderem a validade.Os presidentes da Câmara e do Senado têm a prerrogativa de indicar deputados e senadores para as relatorias de projetos analisados diretamente em plenário.No caso da Câmara, o presidente também indica o comando de comissões especiais, como as destinadas à análise de propostas de emenda à Constituição (PECs).O presidente da Câmara é o segundo na linha sucessória da Presidência da República. Se o presidente Jair Bolsonaro e o vice, Hamilton Mourão, estiverem fora do país ou afastados por problemas de saúde, por exemplo, o deputado que estiver no comando da Câmara nos próximos dois anos assumirá a Presidência da República.O presidente do Senado é o terceiro na linha sucessória do Executivo. Ele também ocupa a cadeira de presidente do Congresso Nacional, órgão formado por Câmara e o Senado.Cabe ao Congresso, por exemplo, votar matérias como o orçamento anual da União e a liberação de créditos adicionais aos ministérios.Além do poder político, os presidentes da Câmara e do Senado detêm ainda a gestão de orçamentos bilionários. Em 2019, a cifra total atingirá R$ 10,8 bilhões.Parte desses recursos será destinada ao pagamento de servidores efetivos e comissionados que assessoram os parlamentares e mantêm as casas funcionando.Os presidentes de Câmara e Senado também têm direito a ocupar as residências oficiais, que são vizinhas e ficam às margens do Lago Paranoá, em uma das áreas mais valorizadas de Brasília.Os presidentes da Câmara e do Senado também têm à disposição carro oficial e podem solicitar o uso de jatos da Força Aérea Brasileira (FAB) para deslocamentos a serviço, por motivos de segurança e emergência médica, e para os estados em que possuem residência permanente.Por questão de segurança, os presidentes andam sempre escoltados por policiais legislativos federais. "	-1
133	"O ministro Marco Aurélio Mello, do Supremo Tribunal Federal (STF), vai decidir nesta sexta-feira (1º) sobre um pedido do senador eleito Flávio Bolsonaro (PSL-RJ) para suspender as inves tigações relacionadas a movimentações financeiras consideradas ""atípicas"" pelo Conselho de Controle de Atividades Financeiras (Coaf). Na solicitação, a defesa requereu ainda que o caso fosse remetido todo para a Corte e que as provas coletadas até aqui fossem anuladas. O ministro suspendeu o caso até"	"""Marco Aurélio decide nesta sexta se mantém suspensa investigação sobre Flávio Bolsonaro"" O ministro Marco Aurélio Mello, do Supremo Tribunal Federal (STF), vai decidir nesta sexta-feira (1º) sobre um pedido do senador eleito Flávio Bolsonaro (PSL-RJ) para suspender as investigações relacionadas a movimentações financeiras consideradas ""atípicas"" pelo Conselho de Controle de Atividades Financeiras (Coaf).No dia 17 de janeiro, o ministro Luiz Fux, que estava responsável pelo plantão do STF, decidiu suspender provisoriamente o procedimento investigatório instaurado pelo Ministério Público do Rio de Janeiro para apurar movimentações financeiras de Fabricio Queiroz consideradas ""atípicas"" pelo Coaf. Queiroz é ex-assessor de Flávio Bolsonaro.A decisão de Fux foi tomada em cima de um pedido feito pela defesa de Flávio ao STF. Na solicitação, a defesa requereu ainda que o caso fosse remetido todo para a Corte e que as provas coletadas até aqui fossem anuladas. O ministro suspendeu o caso até que Marco Aurélio decidisse sobre o tema.Em entrevista ao blog há duas semanas, Marco Aurélio indicou que deveria rejeitar o pedido da defesa do senador eleito.Na ocasião, perguntado pela reportagem sobre qual seria o caminho tomado na decisão, Marco Aurélio respondeu: ""O Supremo não pode variar, dando um no cravo outro na ferradura. Processo não tem capa, tem conteúdo. Tenho negado seguimento a reclamações assim, remetendo ao lixo"".Nesta quinta-feira, o ministro repetiu ao blog que decidiria sobre o caso nesta sexta. "	-1
134	A senadora Rose de Freitas vai presidir CPI criada para apurar tragédia de Brumadinho. Já o senador Randolfe Rodrigues (Rede-AP) será o vice-presidente da comissão parlamentar que pretende investigar causas do rompimento da barragem da Vale no município mineiro. A senadora Rose de Freitas (Pode-ES) foi eleita nesta quarta-feira (13) presidente da Comissão Parlamentar de Inquérito (CPI) do Senado criada para apurar as causas do rompimento da barragem da Vale em Brumadinho (MG).	"""Senadora Rose de Freitas vai presidir CPI criada para apurar tragédia de Brumadinho""Já o senador Randolfe Rodrigues (Rede-AP) será o vice-presidente da comissão parlamentar que pretende investigar causas do rompimento da barragem da Vale no município mineiro. A senadora Rose de Freitas (Pode-ES) foi eleita nesta quarta-feira (13) presidente da Comissão Parlamentar de Inquérito (CPI) do Senado criada para apurar as causas do rompimento da barragem da Vale em Brumadinho (MG).Já o senador Randolfe Rodrigues (Rede-AP) foi escolhido vice-presidente da CPI. A eleição da chapa foi feita por aclamação após acordo entre os líderes partidários.De acordo com a Defesa Civil mineira, até o momento, 201 mortes foram confirmadas e outras 107 pessoas continuam desaparecidas. Além da tragédia humana, o rompimento da barragem da Mina Córrego do Feijão gerou danos ambientais por conta dos rejeitos que se espalharam pela área rural de Brumadinho, que alcançaram o Rio Paraopeba.Depois de assumir o comando da comissão de inquérito, Rose de Freitas indicou o senador Carlos Viana (PSD-MG) para o cargo de relator da CPI.Caberá ao parlamentar de Minas Gerais elaborar um parecer com as conclusões e as recomendações do colegiado e pedir eventuais indiciamentos de responsáveis pelo desastre.A CPI do Senado terá 180 dias para concluir as investigações, e o limite de despesas será de R$ 110 mil.Veja abaixo a lista completa de integrantes da CPI de Brumadinho:Um integrante titular ainda não foi indicado pelo bloco composto por MDB, PRB e PP, o que não impede o início dos trabalhos da CPI. Pelo pedido de criação, a composição do colegiado deve ter 11 integrantes titulares e 7 suplentes.O pedido de criação da CPI foi lido pelo presidente do Senado, Davi Alcolumbre (DEM-AP) em 12 de fevereiro. Nesta terça (12), Alcolumbre explicou que a comissão demorou para ser instalada porque os parlamentares estavam tentando um entendimento com a Câmara para a criação de uma CPI mista, o que não aconteceu. "	-1
135	"CNJ pede a juíza que atuou na Lava Jato informações sobre perfil fake, e Ajufe reage: inaceitável. O corregedor do Conselho Nacional de Justiça (CNJ), ministro Humberto Martins, pediu informações para a juíza Gabriela Hardt, que atuava na Operação Lava Jato até o começo do mês, sobre um perfil no Twitter denominado ""Juíza Gabriela Hardt Sincera"". Juíza substituta da 13ª Vara, Gabriela Hardt assumiu temporariamente processos deixados pelo ex-juiz Sérgio Moro depois que ele deixou a função para virar ministro da Justiça. "	"""CNJ pede a juíza que atuou na Lava Jato informações sobre perfil fake, e Ajufe reage: inaceitável""Corregedor, ministro Humberto Martins, pediu que Gabriela Hardt fale sobre perfil administrado por fãs. Associação diz que juíza foi vítima e não deve responder por perfil fraudulento. O corregedor do Conselho Nacional de Justiça (CNJ), ministro Humberto Martins, pediu informações para a juíza Gabriela Hardt, que atuava na Operação Lava Jato até o começo do mês, sobre um perfil no Twitter denominado ""Juíza Gabriela Hardt Sincera"". Conforme a descrição, o perfil é administrado por ""fãs"" da magistrada.Juíza substituta da 13ª Vara, Gabriela Hardt assumiu temporariamente processos deixados pelo ex-juiz Sérgio Moro depois que ele deixou a função para virar ministro da Justiça. No cargo, ela condenou o ex-presidente Luiz Inácio Lula da Silva a 12 anos e 11 meses de prisão por corrupção e lavagem de dinheiro em ação sobre o sítio de Atibaia.No dia 6 de março, o juiz Luiz Bonat virou titular da vara e assumiu processos da Lava Jato.Diante do pedido de informações feito na sexta-feira (15), a Associação dos Juízes Federais do Brasil (Ajufe) reagiu e divulgou uma nota neste sábado (16) na qual classifica como ""inaceitável"" o pedido para que um magistrado esclareça um perfil que não é seu.O ministro Humberto Martins informou por meio da assessoria que não vai comentar a nota da associação.Conforme a Ajufe, o ministro foi avisado que a conta não era da juíza. Em nota, o presidente da entidade, Fernando Mendes, disse que a juíza é vítima das postagem fraudulentas.""A magistrada e a Justiça Federal do Paraná já informaram que referida conta não pertence à primeira. É inaceitável que magistrados sejam obrigados a se justificar em razão de perfis falsos constantes nas redes sociais"", disse a nota.Conforme a Ajufe, ""o trabalho dos magistrados federais é de reconhecida importância, não sendo possível admitir que tenham que utilizar o tempo que seria dedicado ao exercício da função pública para se manifestar sobre perfis fraudulentos"". No entendimento da associação, informações sobre perfis falsos deveriam ser pedidas ao próprio Twitter. "	-1
136	Ministério da Justiça diz que não houve omissão e que investigas ameaças a Jean Wyllys. Ao desistir de tomar posse, deputado do PSOL acusou governo de omissão ao apurar ameaças. Ministério da Justiça e da Segurança Pública afirma que não houve omissão por parte das autoridades do governo e da Polícia Federal com relação às ameaças relatadas pelo deputado Jean Wyllys (PSOL-RJ).	"""Ministério da Justiça diz que não houve omissão e que investiga ameaças a Jean Wyllys""Em nota, ministério diz que há inquéritos abertos pela Polícia Federal para identificar agressores. Ao desistir de tomar posse, deputado do PSOL acusou governo de omissão ao apurar ameaças. Em nota divulgada neste sábado (26), o Ministério da Justiça e da Segurança Pública afirma que não houve omissão por parte das autoridades do governo e da Polícia Federal com relação às ameaças relatadas pelo deputado Jean Wyllys (PSOL-RJ).Na última quinta (24), Wyllys informou que não tomará posse para o novo mandato, que se inicia em fevereiro deste ano. Segundo ele, a decisão foi tomada após ser alvo de constantes ameaças de morte e de conteúdo falso na internet.O deputado do PSOL também disse que desde março do ano passado o governo brasileiro foi omisso com relação a essas ameaças e ignorou um relatório da Comissão Interamericana de Direitos Humanos, da Organização dos Estados Americanos, que reconheceu que ele estava sob ""risco iminente de morte"".""Lamenta-se a decisão do deputado de deixar o pais, mas não corresponde à realidade a afirmação de que há omissão das autoridades constituídas"", diz a pasta na nota (leia a íntegra do texto ao final da reportagem).Na nota, o ministério também diz repudiar a conduta daqueles que ""se servem do anonimado da internet para covardemente ameaçar qualquer pessoa e em especial por preconceitos odiosos"".E afirma ainda que, ao longo de 2017 e de 2018, a PF instaurou ""diversos"" inquéritos para apurar as ofensas e ameaças contra Jean Wyllys. Segundo a pasta, ainda há investigações em andamento e, inclusive, um dos autores de ameaças contra o parlamentar já foi identificado e preso.O homem preso no ano passado, Marcelo Valle Silveira Mello, já foi condenado a 41 anos, seis meses e 20 dias de prisão por associação criminosa, divulgação de imagens de pedofilia, racismo, coação, incitação ao cometimento de crimes e terrorismo cometidos na internet.A defesa de Silveira Mello foi procurada, mas não tinha sido localizada até a última atualização desta reportagem.Um dia depois de anunciar a decisão de não assumir o terceiro mandato consecutivo para o qual foi eleito, Jean Wyllys disse, em mensagem enviada à TV Globo, que viver sob escolta por conta de ameaças recebidas e sob constante difamação ""não é viver plenamente"".Ele também disse que o governo brasileiro foi omisso e que apenas o presidente da Câmara, Rodrigo Maia (DEM-RJ), reconheceu o risco das ameaças e destacou uma escolta da polícia legislativa para realizar a sua segurança. Mesmo assim, disse Wyllys, o efetivo ""estava longe da segurança exigida para uma vida plena"".Leia a íntegra da nota divulgada pelo Ministério da Justiça e da Segurança Pública:Nota do MJSP sobre ameaças ao deputado federal Jean WyllysAo longo de 2017 e 2018, foram instaurados diversos inquéritos pela Policia Federal para apurar ofensas e ameaças contra o deputado federal Jean Wyllys. As investigações estão em andamento, mas já foi possível identificar um dos autores, Marcelo Valle Silveira Mello, preso em 2018, membro do grupo autointitulado ""Homens Sanctos"", e que se servia da identidade de Emerson Setim para fazer ameaças ao deputado. O Ministério da Justiça e Segurança Pública repudia a conduta dos que se servem do anonimato da internet para covardemente ameaçar qualquer pessoa e em especial por preconceitos odiosos. Lamenta-se a decisão do deputado de deixar o pais, mas não corresponde à realidade a afirmação de que há omissão das autoridades constituídas. "	-1
137	3,5 milhões no país vivem em áreas com barragens em risco; Militares entrarão na reforma; A Folha de S.Paulo aponta que cerca de 3,5 milhões de pessoas vivem no Brasil próximas a barragens com risco de rompemnto; A decisão da empresa Vale de fechare barragens construídas da mesma forma que a estrutura que se rompeu em Brumadinho.	"""Milhões de pessoas ameaçadas pelos rejeitos de mineradoras; Militares entrarão na reforma. Jornais de quinta (31)""Veja quais são as notícias de destaque nos matutinos brasileiros A Folha de S.Paulo aponta que cerca de 3,5 milhões de pessoas vivem no Brasil próximas a barragens com risco de rompimento. O matutino apresenta dados da Agência Nacional de Águas (ANA) e enfatiza que, em 2017, 45 delas apresentaram falhas estruturais. A barragem de Brumadinho, que se rompeu na última sexta-feira (25), era considerada de baixo risco.Segundo a Folha, entre as cidades mais populosas com barragens em risco estão Campo Grande (MS) e Pelotas (RS). A Folha ainda lembra que, atualmente, não existe regra que estabeleça uma distância mínima entre as barragens e as comunidades. ""3,5 milhões no país vivem em áreas com barragens em risco"", informa a manchete da Folha.O Globo destaca que a decisão da empresa Vale de fechar barragens construídas da mesma forma que a estrutura que se rompeu em Brumadinho vai impactar a economia de municípios e do estado de Minas Gerais. Segundo o matutino, Minas, que já vive uma crise fiscal, deve perder cerca de R$ 220 milhões por ano de tributos estaduais de mineração e R$ 79 milhões em royalties.Com o encerramento de algumas barragens, a Vale perderá algo entre US$ 3 bilhões e US$ 3,5 bilhões de receita ao ano. O matutino também enfatiza que o rompimento da barragem tem impacto negativo na economia brasileira e mexe nos preços do minério de ferro no mercado internacional. ""Tragédia afeta economia do país e custos da siderurgia global"", sublinha a manchete do Globo.Na primeira página, O Globo mostra também que o presidente Jair Bolsonaro determinou que todas as categorias, inclusive militares e servidores estaduais, sejam incluídas na reforma da Previdência. Segundo o Secretário da Previdência, Rogério Marinho, pelo menos oito governadores já manifestaram apoio à reforma.""O presidente Bolsonaro quer uma reforma com justiça social"", disse Marinho. Em evento com prefeitos realizado nesta quarta-feira (30), o ministro Paulo Guedes afirmou que o governo pretende contemplar todas as categorias na reforma.O Estado de S.Paulo afirma que o Congresso deixou de votar uma medida provisória que poderia aumentar o valor da multa a ser aplicada pela Agência Nacional de Mineração (ANM) a mineradoras. De acordo com o Estadão, uma medida provisória do governo Temer enviada ao Congresso em julho de 2017 determinava o aumento da multa dos atuais R$ 3,2 mil para até R$ 30 milhões.No entanto, o Congresso não votou a medida e a Vale deverá pagar uma multa irrisória de R$ 3.293,99 pelo rompimento da barragem em Brumadinho (MG). Como comparação, o Estadão mostra que outras agências cobram multas muito maiores. A Agência Nacional de Telecomunicações (Anatel), por exemplo, pode aplicar multas de até R$ 50 milhões por infração. ""Multa máxima de agência a mineradoras é de R$ 3,2 mil"", aponta o título principal do Estadão. "	-1
138	"Moro apresenta projeto anticorrupção e antiviolência com alterações em 14 leis. Proposta prevê modificações no Código Penal, no Código de Processo Penal e na Lei de Crimes Hediondos. Texto criminaliza caixa 2 e estabelece prisão após segunda instância. O ministro da Justiça, Sérgio Moro, apresentou em Brasília nesta segunda-feira (4) um projeto de lei anticrime com o objetivo de ter mais efetividade no combate a três frentes principais: ""os três problemas estão estão vinculados; não adiantar tratar de um sem tratar dos demais"". O crime organizado utiliza a corrupção para ganhar impunidade. Por outro lado, o crime organizado está vinculado a boa parte dos homicídios do país"". Um grande porcentual de homicídios está vinculado às disputas do tráfico e às dívidas do tráfico, usuários que não conseguem pagar a sua dependência acabam sendo cobrados por essas organizações."	"""Moro apresenta projeto anticorrupção e antiviolência com alterações em 14 leis""Proposta prevê modificações no Código Penal, no Código de Processo Penal e na Lei de Crimes Hediondos. Texto criminaliza caixa 2 e estabelece prisão após segunda instância.  O ministro da Justiça, Sérgio Moro, apresentou em Brasília nesta segunda-feira (4) um projeto de lei anticrime com o objetivo de ter mais efetividade no combate a três frentes principais:De acordo com o ministro, esses eixos devem ser tratados no mesmo pacote porque ""os três problemas estão estão vinculados; não adianta tratar de um sem tratar dos demais"".""O crime organizado utiliza a corrupção para ganhar impunidade. Por outro lado, o crime organizado está vinculado a boa parte dos homicídios do país"", disse Moro. ""Um grande porcentual de homicídios está vinculado às disputas do tráfico e às dívidas do tráfico, usuários que não conseguem pagar a sua dependência acabam sendo cobrados por essas organizações.""Veja aqui a íntegra do projetoMoro ainda afirmou: ""O crime contra a administração pública, como a corrupção, esvazia os cofres públicos, diminui os recursos disponíveis para que o Estado, a União Federal possam adotar políticas mais eficientes contra a criminalidade organizada, contra a criminalidade violenta"".Entre os itens de destaque do texto, estão criminalização do caixa 2, prisão após condenação em segunda instância como regra no processo penal e punições mais rigorosas.O pacote anticrime apresentado por Moro tem propostas de alterações em 14 leis. O texto prevê, entre outros pontos, modificar trechos do Código Penal, do Código de Processo Penal, da Lei de Execução Penal, da Lei de Crimes Hediondos e do Código Eleitoral.O ministro explicou os pontos da proposta em uma reunião, em Brasília, com o presidente da Câmara, Rodrigo Maia. Em seguida, encontrou-se com 12 governadores e secretários de segurança pública dos estados. Por fim, apresentou o texto à imprensa em uma entrevista coletiva.O projeto será enviado pelo governo ao Congresso Nacional nos próximos dias. Moro disse que a data vai ser decidida assim que a saúde do presidente Jair Bolsonaro se restabelecer. O ministro deve ir à Câmara dos Deputados nesta quarta-feira (6) para explicar aos deputados pontos do projeto.Para entrar em vigor, deve ser aprovado por deputados e senadores.Moro e equipe trabalham no projeto desde o final do ano passado, quando se iniciou o período de transição de governo.O projeto da lei anticrime é um dos que integram a lista de metas prioritárias para os primeiros 100 dias do governo Jair Bolsonaro.Em vídeo publicado neste domingo (3), Moro afirmou que a ""ideia principal"" do novo projeto é ""melhorar a qualidade de vida"" dos brasileiros, que desejam ""viver em um país mais seguro"". Para o ministro, o governo não tem condições de resolver todos os problemas, mas pode ""liderar"" o processo de mudança.""A sociedade tem que ter presente que o governo não resolve todos os problemas, mas o governo pode ser um ator, pode liderar um processo de mudança"", declarou. "	-1
139	"Concedo a liminar para determinar a colocação da paciente em espaço próprio, compatível com sua identidade de gênero, separada dos homens e mulheres que cumprem pena no Presídio Estadual de Cruz Alta. Não sendo, a travesti será transferida para uma cela especial ou feminina no RS, a pedido da Defensoria Pública, que apontou situação ""extremamente vulnerável"" para a acusada Dagmar (o processo apresenta somente o primeiro nome e as iniciais D. S de S.), que cumpre pena de 13 anos por crimes patrimoniais no Presídio Estadual de Cruz Alta."	"""Ministro do STJ manda transferir travesti para cela especial ou feminina no RS""Rogério Schietti decidiu que em nenhuma hipótese ela poderá ser mantida na ala masculina. Ele atendeu a pedido da Defensoria Pública, que citou situação extremamente vulnerável. O ministro do Superior Tribunal de Justiça (STJ) Rogério Schietti determinou nesta quarta-feira (13) a transferência de uma travesti que cumpre pena no Rio Grande do Sul para uma cela específica ou, caso não haja, para a ala feminina.A decisão foi tomada após pedido da Defensoria Pública do estado, que apontou situação ""extremamente vulnerável"" para a acusada Dagmar (o processo apresenta somente o primeiro nome e as iniciais D. S de S.). Ela cumpre pena de 13 anos por crimes patrimoniais no Presídio Estadual de Cruz Alta.""Concedo a liminar para determinar a colocação da paciente em espaço próprio, compatível com sua identidade de gênero, separada dos homens e mulheres que cumprem pena no Presídio Estadual de Cruz Alta. Não sendo, como tudo indica, possível o imediato atendimento desta determinação, deverá a paciente ser colocada na ala feminina no presídio, preferencialmente em cela individual"", determinou.Dagmar estava em regime semiaberto, quando é possível deixar o presídio durante o dia e voltar para dormir no período noturno. Conforme a defensoria, havia riscos de violência psíquica, moral, física e, quiçá, sexual com a manutenção dela na ala masculina da penitenciária.O juiz de primeira instância negou pedido para transferência por falta de cela específica. O Tribunal de Justiça do Estado do Rio Grande do Sul também negou recurso, embora tenha destacado que seria importante a criação de celas especiais.Ao analisar o habeas corpus apresentado, o ministro Rogério Schietti destacou que o Presídio Estadual de Cruz Alta não tem cela especial para pessoas LGBT. E que, embora compreenda a falta de estrutura no local, há elementos de constrangimento ilegal da acusada.Schietti mencionou na decisão o voto do ministro Celso de Mello no julgamento sobre a criminalização da homofobia, no qual, como relator, o decano do Supremo Tribunal Federal votou para que sejam aplicadas as penas de racismo para casos de homofobia. O trecho mencionado foi que o Judiciário tem o papel de prevenir e repreender atos de preconceito e discriminação.O ministro do STJ afirmou que manter a acusada na ala masculina é ""impróprio para quem se comporta como transexual feminina"".""Não se há de optar pela alternativa de manter a situação atual relatada nos autos, de pernoite da paciente em alojamento masculino, colocando-a sob iminente risco de sofrer violência psíquica, moral, física e, quiçá, sexual, como acentuado pela impetrante, riscos esses que, como é público e notório, efetivamente se fazem presentes, dada a característica ainda patriarcal e preconceituosa de boa parte de nossa sociedade, agravada pela promiscuidade que caracteriza ambientes carcerários masculinos"", decidiu. "	-1
140	"""A força que vem de longe"" A crônica da jornalista Miriam Leitão para o blog neste sábado Era o fim dos anos 20 do século passado, quando minha avó pegou todos os filhos e os colocou no trem para Minas Gerais. Deixava para trás o marido e o Espírito Santo. Eram doze filhos. Minha mãe, Mariana, aos quatro anos era a penúltima. Nunca se entendeu a separação, porque ela não era de dar essas intimidades aos outros. Apenas revoltou-se e foi embora de trem. Comprou uma fazenda, a Soledade, com um sobrado de três andares e nela criou os bois e os filhos. Meu avô vinhava visitar. E eles, nesse entender-se e desentender-se, tiveram mais dois filhos. Ele pagou os estudos das meninas mais velhas. Queria que elas tivessem curso superior. Tinha, o meu avô Norberto, uma doçura na voz e no trato que contrastava com a aspereza da mulher."	"""A força que vem de longe""A crônica da jornalista Miriam Leitão para o blog neste sábado  Era o fim dos anos 20 do século passado, quando minha avó pegou todos os filhos e os colocou no trem para Minas Gerais. Deixava para trás o marido e o Espírito Santo. Eram doze filhos. Minha mãe, Mariana, aos quatro anos era a penúltima. Nunca se entendeu a separação, porque ela não era de dar essas intimidades aos outros. Apenas revoltou-se e foi embora de trem. Comprou uma fazenda, a Soledade, com um sobrado de três andares e nela criou os bois e os filhos. Meu avô vinha visitar. E eles, nesse entender-se e desentender-se, tiveram mais dois filhos. Ele pagou os estudos das meninas mais velhas. Queria que elas tivessem curso superior. Tinha, o meu avô Norberto, uma doçura na voz e no trato que contrastava com a aspereza da mulher. O nome era Norwinda, mas era conhecida por Sinhá. Tinha ares de sinhá. Não a conheci desse tempo da fazenda, mas trago a memória das histórias contadas pelas minhas irmãs, Beth e Ana, as mais velhas. Comandava a fazenda, dava lances em leilão de gado, providenciava, produzia, provia. Anos depois, já na cidade, estava a horas da morte, quando minhas irmãs disseram: ""vovó, o vovô veio te ver"". Ela pediu às netas o espelho, o pente e o batom. Enfeitou-se, porque podia morrer, mas não entregar-se. Avisou que fechassem a porta, depois de o vovô entrar. Não se sabe o que falaram. Exceto, o que vovô Norberto sentenciou depois do último suspiro:_ Morreu uma grande mulher.Era o começo dos anos 20 quando minha avó paterna, olhou firme nos olhos do meu avô, Manuel Arnoso Leitão, e falou com o tom de quem sabe mandar:_ Arnoso, vamos para Garanhuns porque os meninos precisam estudar.Ela, com seus olhos que nunca leram, viu as exigências do tempo futuro e nele queria que seus filhos, que não saíram brancos como o pai, avançassem. Bateu na porta do colégio, falou com os diretores, lembrou que eram todos presbiterianos. E pediu vaga para os filhos. E teve. Licota era seu apelido, por nome Liberata. Liberata de liberdade, aquele bem que demorara a chegar na sua família. A mãe dela também era Liberata, dos Leite. Era assim que os negros eram definidos, pelos nomes das famílias às quais pertenciam. Nunca se falou muito que membro da família, subindo as ascendências, a escravidão aprisionara. Talvez a mãe da minha avó. As procuras feitas por minha irmã ainda não chegaram num ponto conclusivo. Ela encontrou apenas uma igrejinha perdida em Pernambuco, onde se registrou o batismo da pequena Liberata, filha de Liberata.Sinhá e Liberata, uma branca e uma preta, as minhas avós sabiam decidir e transferiram isso para os filhos. Quando meu pai quis casar com minha mãe viajou ao Espírito Santo e pediu a mão ao meu avô Norberto Engert Milward. Ele concedeu com uma exigência, que ela terminasse os estudos. Prometido por meu pai Uriel era cumprido. Na infância, a vi cercada de filhos e livros, estudando até terminar o curso superior.Tudo isso lembrei ontem, dia da mulher, porque pensei que carrego bela herança. Minhas avós foram mulheres fortes e decididas. Minha mãe determinada e destemida. Sou a terceira geração. A hesitação e os temores que me perdoem, mas devo seguir meu destino, que tenho por nascimento, por parte de mãe e avós.Meu pai, por seu turno, nunca foi homem de desfazer de mulher. Pelo contrário, pernambucano de palavra direta, cabeça aberta pelo estudo constante, que o levou a uma refinada sabedoria, Uriel era diferente dos homens de sua geração. Ele dizia que as mulheres, suas filhas, sairiam de casa aos 18 anos para fazer curso superior. Que seu sonho era que todas nós nos formássemos. Lembrava que o mundo era dos homens e que, portanto, nosso esforço teria que ser maior. Aos meninos aconselhava também os estudos, mas com as meninas a ênfase era maior. E costumava nos perguntar, ainda na infância, que profissão teríamos. Um dia me disse que eu seria escritora.Assim foi, assim tem sido. Nasci nesse berço. Cercada de livros e estímulos. Minha casa foi a alavanca maior para seguir em frente. Minhas raízes são profundas. Nelas não há mulheres fracas, nelas os homens estimulam as mulheres ao estudo e ao avanço. Por isso ouço com espanto certas frases ditas por essas pessoas que temporariamente estão no poder. Não as entendo, não sei do que falam, sobre a fragilidade da mulher ou das diferenças.Esta sou eu, a filha e neta desses homens e mulheres que sempre estiveram à frente do seu tempo. Venho do futuro. Não entendo esse passado que chegou com atraso de mais de um século. Minha avó Sinhá, chefe de tudo na Soledade, minha avó Liberata apontando os livros como caminho de saída da pobreza, não me deixam esquecer das minhas certezas, nem duvidar da força da mulher. * Miriam Leitão é jornalista e escritora. Escreve crônicas aos sábados como colaboradora do blog "	-1
141	Bebianno avisa que só deixa o governo se tiver saída honrosa. Em conversas reservadas, Bebianno tem dito que faz parte do jogo o presidente mudar os integrantes da sua equipe em qualquer momento. Mas não esteve com o presidente Jair Bolsonaro. A expectativa de Bebianno é a de ser recebido pelo presidente em breve para uma conversa franca.	"""Bebianno avisa que só deixa o governo se tiver saída honrosa "" Em conversa com colegas de governo, o ministro-chefe da Secretaria Geral da Presidência, Gustavo Bebianno, deixou claro que para deixar o cargo terá que ser construída ""uma saída honrosa"". Na noite desta quinta-feira (14), Bebianno chegou a se encontrar com os colegas de Palácio do Planalto, os ministros Onyx Lorenzoni (Casa Civil) e Carlos Alberto dos Santos Cruz (Secretaria de Governo).Mas não esteve com o presidente Jair Bolsonaro. A expectativa de Bebianno é a de ser recebido pelo presidente em breve para uma conversa franca. Para interlocutores, Bolsonaro ainda resistia até a noite desta quinta em fazer esse encontro, e preferia que Bebianno pedisse demissão até segunda-feira (18).Em conversas reservadas, Bebianno tem dito que faz parte do jogo o presidente mudar os integrantes da sua equipe em qualquer momento. Mas que não pode aceitar o tratamento dispensado por Bolsonaro, que acabou avalizando a fala do seu filho, o vereador Carlos Bolsonaro, ao chamá-lo de mentiroso.Depois de uma forte atuação de integrantes da área militar do governo, a temperatura da crise política baixou nas últimas horas. Na avaliação de um ministro próximo ao presidente, isso possibilitará encontrar uma solução negociada para o impasse, evitando sequelas maiores desse episódio.Como revelou o blog, Bebianno chegou a fazer um desabafo com integrantes do governo. ""Não se dá um tiro na nuca do seu próprio soldado. É preciso ter um mínimo de consideração com quem esteve ao lado dele o tempo todo"", alertou. ""Não vou sair escorraçado pela porta dos fundos"", relatou o ministro a colegas, em uma demonstração de que, se Bolsonaro quiser demiti-lo, terá que assumir o desgaste público de ter que mandar o auxiliar embora com pouco mais de um mês de governo.No último domingo, reportagem do jornal ""Folha de S.Paulo"" informou que Bebianno liberou R$ 400 mil de dinheiro público, do fundo partidário, para uma candidata ""laranja"" de Pernambuco, que concorreu a uma vaga de deputada federal e recebeu 274 votos. A ""Folha"" também noticiou caso semelhante envolvendo o ministro do Turismo, Marcelo Álvaro Antonio, que dirigia o diretório do PSL em Minas Gerais. "	-1
142	Fachin pede para PGR se manifestar sobre destino de inquérito que investiga Aécio Neves (PSDB-MG) em tramitação na Corte. O ministro Edson Fachin, do Supremo Tribunal Federal (STF), pediu para a Procuradoria-Geral da República (PGR) se posicionar pelo arquivamento do caso, oferecimento de denúncia ou continuação das inves tigações sob a orientação do STF ou em outra instância. O ministro deu o prazo de 5 dias para resposta da Procuradoria.	"""Fachin pede para PGR se manifestar sobre destino de inquérito que investiga Aécio"" O ministro Edson Fachin, do Supremo Tribunal Federal (STF), pediu para a Procuradoria-Geral da República (PGR) se manifestar sobre o destino a ser dado a um dos inquéritos que investiga o deputado federal Aécio Neves (PSDB-MG) em tramitação na Corte.No despacho encaminhado, Fachin - que é relator do inquérito - pede para a PGR se posicionar pelo arquivamento do caso, oferecimento de denúncia ou continuação das investigações sob a orientação do STF ou em outra instância. O ministro deu o prazo de 5 dias para resposta da Procuradoria.Ao blog, o advogado de Aécio, Alberto Zacharias Toron, enviou a seguinte nota: ""Após cerca de dois anos de investigação e inúmeras prorrogações não foi apontado nenhum indício que comprovasse a falsa acusação feita pelo delator. A obra mencionada no inquérito, Usina de Santo Antônio em Rondônia, foi realizada pelo governo federal, ao qual o então governador fazia oposição, e não teve qualquer participação do governo de Minas à época.""O inquérito foi aberto após as delações premiadas de Marcelo Odebrecht, ex-presidente da companhia, e de Henrique Serrano do Prado Valladares, executivo da empreiteira, e apura supostos atos cometidos por Aécio quando ele ainda era senador.Os delatores afirmaram ao Ministério Público que repassaram a Aécio verbas divididas em prestações que variavam entre R$ 1 milhão a R$ 2 milhões em troca de apoio do parlamentar, principalmente em obras de interesse da Odebrecht no Rio Madeira e nas usinas hidroelétricas de Santo Antônio e Jirau.No setor de Operações Estruturadas da empresa, Aécio tinha o apelido de ""Mineirinho"".Em nota divulgada pela assessoria do deputado quando o inquérito foi aberto, Aécio afirmou que ""não há qualquer elemento ou mesmo indício de participação"" em favor da Odebrecht.Na última semana, o ministro Marco Aurélio Mello enviou para a primeira instância um inquérito que investigava Aécio Neves por supostamente ter recebido verbas ilícitas do grupo J&amp;F.Na decisão, o ministro do STF considerou que a investigação é relacionada ao período em que Aécio era senador e encaminhou o processo para a Justiça de São Paulo. No ano passado, o plenário do STF restringiu o foro privilegiado de deputados e senadores somente para aqueles processos sobre crimes ocorridos durante o mandato e relacionados ao exercício do cargo parlamentar. "	-1
143	Juíza do DF autoriza Luiz Estevão a ir para semiaberto e a trabalhar durante o dia fora da cadeia. MP foi contra benefício, mas juíza disse que Estevão cumpriu um sexto da pena e não cometeu falta grave. Conforme a Juíza, o senador cassado já cumpriu um sexto da pena, como estipula a lei, e preenchia outros requisitos, como não ter cometido falta disciplinar grave. 	"""Juíza do DF autoriza Luiz Estevão a ir para semiaberto e a trabalhar durante o dia fora da cadeia""MP foi contra benefício, mas juíza disse que Estevão cumpriu um sexto da pena e não cometeu falta grave. Condenado em 2006, ex-senador foi preso em 2016 por fraudes em obra pública. A juíza Leila Cury, da Vara de Execuções Penais do Distrito Federal, autorizou o ex-senador Luiz Estevão a progredir do regime fechado para o semiaberto e a deixar a cadeia durante o dia para trabalhar.Conforme a Juíza, o senador cassado já cumpriu um sexto da pena, como estipula a lei, e preencheu outros requisitos, como não ter cometido falta disciplinar grave.Luiz Estevão foi preso em março de 2016 para cumprir a pena de 26 anos de prisão pelos crimes de corrupção ativa, estelionato e peculato.O senador foi condenado por fraudes nas obras do Tribunal Regional do Trabalho do estado de São Paulo (TRT-SP).Pela decisão da juíza Leila Cury, Luiz Estevão será transferido Ala de Vulneráveis da Penitenciária do Distrito Federal I (PDF I) para o Centro de Detenção Provisória, onde ficam os presos do regime semiaberto.O advogado do ex-senador, Marcelo Bessa, afirmou que a decisão da juíza foi ""bem fundamentada e baseada na jurisprudência do STF e do STJ"".""Ela analisou com profundidade os requisitos objetivos e subjetivos para conceder progressão de regime"", completou.Leila Cury destacou que Luiz Estevão cumpriu um sexto da pena porque obteve dias ""remidos"", ou seja, descontados da pena total. Isso acontece por diversas razões, como leitura de livros, realização de cursos na cadeia e outros.""Observo que foi cumprido, até a presente data, mais de um sexto da pena total imposta, considerando os dias trabalhados e estudados homologados por este Juízo para fins de remição da pena"", escreveu a juíza ao autorizar o benefício.Segundo a magistrada, o Ministério Público se manifestou contra a progressão de regime porque Estevão não teria efetuado ressarcimento aos cofres públicos de todos os valores desviados.Na avaliação da magistrada, no entanto, a exigência do ressarcimento foi incluída em lei de 2003. E os fatos cometidos por Luiz Estevão teriam ocorrido entre 1999 e 2000.""Nesse aspecto, não é possível aplicar ao presente caso a exigência de ressarcimento dos danos causados pelos crimes contra a Administração Pública praticados pelo Sentenciado para fins de análise da possibilidade de progressão do regime carcerário"", afirmou Leila Cury.A juíza determinou a retomada do procedimento de pagamento da multa e o pagamento em até dez dias. Se ele não pagar, a juíza determinou que a Procuradoria Geral da Fazenda Nacional seja informada.Além do regime semiaberto e trabalho externo, Luiz Estevão também terá direito a saídas temporárias. Caso não cumpra as regras estabelecidas, como retornar no horário estipulado, poderá ter os benefícios suspensos.Conforme a decisão, a proposta de trabalho apresentada pelo senador cassado ainda será analisada pela Seção Psicossocial do Tribunal de Justiça. Se for aprovada, o senador será chamado para assinar termo de compromisso e será liberado para começar a sair para o trabalho externo.Veja mais notícias sobre a região no G1 DF. "	-1
144	"Um dos principais coordenadores da campanha de Bolsonaro, Gustavo Bebianno deixa o governo em meio a uma crise com o filho do presidente. Além disso, há pouco mais de uma semana, o jornal ""Folha de S.Paulo"" informou que o PSL, quando Bebianno presidia o partido, repassou R$ 400 mil a uma candidata a deputada federal de Pernambuco. Além disso, há pouco mais de uma semana, o jornal ""Folha de S.Paulo"" informou que o PSL, quando Bebianno presidia o partido, repassou R$ 400 mil a uma candidata a deputada federal de Pernambuco."	"""Repercussão: saiba o que políticos disseram sobre a demissão do ministro Gustavo Bebianno""Um dos principais coordenadores da campanha de Bolsonaro, Gustavo Bebianno deixa o governo em meio a uma crise com o filho do presidente.  O porta-voz da Presidência da República, Otávio Rêgo Barros, anunciou nesta segunda-feira (18) a demissão do ministro da Secretaria-Geral, Gustavo Bebianno (PSL). O substituto será o general da reserva do Exército Floriano Peixoto Neto.Bebianno deixa o cargo em meio a uma crise política que atinge o governo.Um dos principais coordenadores da campanha de Bolsonaro no ano passado, Bebianno se envolveu em uma crise com o vereador Carlos Bolsonaro (PSC-RJ), filho do presidente.Além disso, há pouco mais de uma semana, o jornal ""Folha de S.Paulo"" informou que o PSL, quando Bebianno presidia o partido, repassou R$ 400 mil a uma candidata a deputada federal de Pernambuco. Segundo o jornal, o repasse foi feito quatro dias antes das eleições, e ela recebeu 274 votos.Bebianno nega irregularidades, afirmando que não foi o responsável por escolher as candidatas que receberam dinheiro do partido. Isso porque, segundo ele, a decisão coube aos diretórios locais.Saiba o que políticos disseram sobre a demissão de Gustavo Bebianno: "	-1
145	Toffoli autoriza Lula a sair da prisão para se encontrar com familiares em São Bernardo. Mas, segundo lideranças do PT, decisão saiu tarde, e Lula desistiu da viagem. O presidente do Supremo Tribunal Federal (STF), Dias Toffoli, de plantão no recesso do Judiciário, autorizou nesta quarta-feira (30) o ex-presidente Luiz Inácio Lula da Silva a deixar a prisão para se encontrar com familiares. Toffoli atendeu a pedido da defesa de Lula.	"""Toffoli autoriza Lula a sair da prisão para se encontrar com familiares em São Bernardo""Ex-presidente pediu à Justiça para acompanhar enterro do irmão Vavá, nesta quarta (30), em São Bernardo. Mas, segundo lideranças do PT, decisão saiu tarde, e Lula desistiu da viagem. O presidente do Supremo Tribunal Federal (STF), Dias Toffoli, de plantão no recesso do Judiciário, autorizou nesta quarta-feira (30) o ex-presidente Luiz Inácio Lula da Silva a deixar a prisão para se encontrar com familiares.Toffoli atendeu a pedido da defesa de Lula. O ex-presidente pretendia acompanhar o enterro do irmão Genival Inácio da Silva, o Vavá, como era conhecido. Vavá morreu na manhã desta terça-feira (29), aos 79 anos, vítima de câncer, e foi sepultado nesta quarta.Mas, após a decisão do ministro do STF, lideranças do PT informaram que Lula desistiu de ir a São Bernardo. Segundo o ex-ministro Gilberto Carvalho, a decisão saiu muito tarde. ""É lamentável que a decisão só tenha saído a essa hora. É totalmente inviável. Não era para vir ver o corpo do Vavá. Era para falar com a família. O Lula, com muita dignidade, agradeceu, mas não vem, não faz sentido mais"", disse Carvalho.O ministro concedeu o direito de Lula de se encontrar com os familiares em uma unidade militar, com a possibilidade de que o corpo de Vavá fosse levado até lá. O corpo de Vavá, contudo, foi sepultado no início da tarde desta quarta (30), no Cemitério Paulicéia, em São Bernardo do Campo.Em decisão de nove páginas, o ministro Dias Toffoli citou que a Polícia Federal (PF) se manifestou contra o pedido. De acordo com a PF, a falta de tempo hábil para organizar a viagem de Lula a São Bernardo, a fim de comparecer ao velório, impediu a concessão do pedido como foi formulado.Segundo o ministro, a PF também apontou ""risco quanto à segurança dos presentes e dos agentes públicos mobilizados, mormente se levado em conta as notícias veiculadas em redes sociais sobre a convocação de militantes para comparecerem a São Bernardo do Campo, o que corrobora as informações da inteligência policial"".Toffoli disse que essas intercorrências não poderiam impedir o direito de Lula ""ainda que de forma parcial"".""As eventuais intercorrências apontadas no relatório policial, a meu ver, não devem obstar o cumprimento de um direito assegurado àqueles que estão submetidos a regime de cumprimento de pena, ainda que de forma parcial, vale dizer, o direito de o requerente encontrar-se com familiares em local reservado e preestabelecido para prestar a devida solidariedade aos seus, mesmo após o sepultamento, já que não há objeção da lei"", afirmou o ministro.Toffoli proibiu o uso de celulares e outros meios de comunicacçaão, bem como a presencça de imprensa e declaracções públicas. A justificativa é a manutenção da segurança do ex-presidente, dos presentes e dos agentes públicos que o acompanharem.O presidente do Supremo citou que cabe ao Judiciário garantir a segurança dos detentos. ""Prestar a assistência ao preso é um dever indeclinável do Estado (art. 10, da Lei no 7.210/84), sendo certo, ademais, que a República Brasileira tem como um de seus pilares fundamentais a dignidade da pessoa humana"", afirmou.O pedido de Lula apresentado ao STF havia sido rejeitado por instâncias inferiores.No pedido apresentado ao STF, a defesa argumentou que a Lei de Execução Penal prevê o ""direito humanitário"" de o ex-presidente comparecer ao velório.Segundo a norma, os condenados que cumprem pena em regime fechado ou semi-aberto e os presos provisórios podem obter permissão para sair da cadeia, desde que escoltados, quando há o falecimento ou doença grave do cônjuge, companheira, ascendente, descendente ou irmão.Os advogados do ex-presidente ainda relembraram episódio da década de 1980, quando mesmo preso durante a ditadura militar, Lula obteve autorização para comparecer ao velório da mãe, Eurídice Ferreira Mello, a Dona Lindu.O ex-presidente foi condenado por corrupção passiva e lavagem de dinheiro pelo juiz Sérgio Moro a nove anos e seis meses de prisão em julho de 2017.Em janeiro de 2018, o Tribunal Regional Federal da 4ª Região (TRF-4) confirmou a sentença e aumentou a pena do ex-presidente para 12 anos e 1 mês de prisão no caso do triplex em Guarujá (SP).No dia 7 de abril, Lula se entregou à Polícia Federal. Ele está preso na Superintendência da Polícia Federal em Curitiba. "	-1
146	"""Lágrimas brasileiras""O artigo do ensaísta Davi Lago para o blog nesta semana ""O que é ser brasileiro?"" _ questiona Ignácio de Loyola Brandão, eleito imortal na última quinta-feira pela Academia Brasileira de Letras, nas páginas iniciais de ""O beijo não vem da boca"" (1999). O escritor esboça respostas como: ""Levar vantagem, guardar dólar para valorizar, aceitar a inflação, invejar a corrupção impune, procurar mordomia, pendurar-se num emprego público, ter sucesso, dar um jeitinho..."".Vinte anos depois, na abertura de 2019, no Brasil escorre lama, sangue e lágrimas. Basta ler as notícias deste ano e perceber que as tragédias se atropelam uemas às outras. Massacre na Escola Raul Brasil em Suzano, famílias e mais famílias desabrigadas com as chuvas, a morte de jovens jogadores em um incêndio no Flamengo, a catástrofe com a ruptura da barragem da Vale que matou centenas de pessoas e devastou Brumadinho. Diante de tamanha dor e sofrimento, ao invés de ocorrerem grandes manifestações pela paz."	"""Lágrimas brasileiras""O artigo do ensaísta Davi Lago para o blog nesta semana ""O que é ser brasileiro?"" _ questiona Ignácio de Loyola Brandão, eleito imortal na última quinta-feira pela Academia Brasileira de Letras, nas páginas iniciais de ""O beijo não vem da boca"" (1999). O escritor esboça respostas como: ""Levar vantagem, guardar dólar para valorizar, aceitar a inflação, invejar a corrupção impune, procurar mordomia, pendurar-se num emprego público, ter sucesso, dar um jeitinho..."".Vinte anos depois, na abertura de 2019, no Brasil escorre lama, sangue e lágrimas. Basta ler as notícias deste ano e perceber que as tragédias se atropelam umas às outras. Massacre na Escola Raul Brasil em Suzano, famílias e mais famílias desabrigadas com as chuvas, a morte de jovens jogadores em um incêndio no Flamengo, a catástrofe com a ruptura da barragem da Vale que matou centenas de pessoas e devastou Brumadinho. Diante de tamanha dor e sofrimento, ao invés de ocorrerem grandes manifestações pela paz, de emergirem lideranças sóbrias e renovadas, de se elaborarem projetos nacionais lúcidos, objetivos e realizáveis, ocorre exatamente o contrário. Proliferam ainda mais picuinhas, aumentam discussões que confundem conceitos jurídico-políticos elementares e poucos parecem dispostos a cooperar pelo bem comum. Não há mais um horizonte comum mínimo.Quando nem mesmo acontecimentos graves e bárbaros são capazes de fazerem os brasileiros mudarem o tom de suas discussões, precisamos reconhecer a urgência da antiga advertência de Rui Barbosa: seremos extintos se continuarmos debaixo da lei de Caim. Nosso ilustre jurista e diplomata afirmou que a ""lei de Caim"" é a lei do fratricí"	-1
147	Deputados apresentam sete projetos para alterar política de barragens.Propostas foram apresentadas em razão do rompimento de uma barragem em Brumadinho (MG). Governo federal já discute mudanças na política e determinou fiscalização imediata. Os projetos foram apresentados em razão do rompimento de uma barragem da mineradora Vale em Brumadinho (MG), há cerca de dez dias. O rompimento levou uma enxurrada de lama à região e provocou a morte de mais de 130 pessoas; outras 200 ainda estão desaparecidas, segundo as autoridades locais.	"""Deputados apresentam sete projetos para alterar política de barragens""Propostas foram apresentadas em razão do rompimento de uma barragem em Brumadinho (MG). Governo federal já discute mudanças na política e determinou fiscalização imediata. Deputados federais de cinco partidos apresentaram nesta segunda-feira (4), primeiro dia de trabalho na Câmara, sete projetos para alterar a Política Nacional de Segurança de Barragens.A lei, em vigor desde 2010, tem entre os objetivos garantir que sejam observados padrões de segurança para reduzir a possibilidade de acidentes em barragens.Os projetos foram apresentados em razão do rompimento de uma barragem da mineradora Vale em Brumadinho (MG), há cerca de dez dias.O rompimento levou uma enxurrada de lama à região e provocou a morte de mais de 130 pessoas; outras 200 ainda estão desaparecidas, segundo as autoridades locais.Diante do rompimento, o governo federal passou a discutir, na semana passada, mudanças na política de barragens.O objetivo, segundo o vice-presidente da República, Hamilton Mourão, é identificar eventuais ""falhas"".Os projetos apresentados pelos deputados nesta segunda-feira serão enviados às comissões da Câmara responsáveis por analisar o tema.As comissões a serem escolhidas constarão de decisão a ser publicada pelo presidente da Câmara, Rodrigo Maia (DEM-RJ).Ainda na semana passada, o governo determinou aos órgãos federais a fiscalização ""imediata"" de todas as barragens do país, com ênfase naquelas com ""dano potencial associado alto"" à vida humana.De acordo com o porta-voz da Presidência, Otávio Rêgo Barros, as empresas terão até três dias para informar quais medidas de segurança foram e ainda podem ser adotadas. O prazo começará a contar a partir da notificação da Agência Nacional de Mineração (ANM). "	-1
148	CPI de Brumadinho aprova convocação do presidente afastado da Vale. Por se tratar de uma convocação da CPI, Fábio Schvartsman e Eduardo Bartolomeo serão obrigado a comparecer à comissão de inquérito do Senado para prestar depoimento. A Comissão Parlamentar de Inquérito (CPI) do Senado criada para apurar o rompimento da barragem da Vale em Brumadinho (MG) aprovou nesta quarta-feira (13) a convocação do presidente afastado da Vale, Fábio Schvartsman.	"""CPI de Brumadinho aprova convocação do presidente afastado da Vale""Por se tratar de convocação, Fábio Schvartsman será obrigado a comparecer à comissão de inquérito do Senado para prestar depoimento. CPI foi instalada nesta quarta-feira (13). A Comissão Parlamentar de Inquérito (CPI) do Senado criada para apurar o rompimento da barragem da Vale em Brumadinho (MG) aprovou nesta quarta-feira (13) a convocação do presidente afastado da Vale, Fábio Schvartsman.A comissão também convocou o presidente interino da Vale, Eduardo Bartolomeo. Não há previsão de quando ocorrerá o depoimento dos dois executivos da mineradora.Schvartsman se afastou do comando da Vale em 2 de março depois de a força-tarefa que investiga a tragédia recomendar o afastamento do executivo. O conselho de administração da companhia aprovou o afastamento. Nesta quarta, ele prestou depoimento à Polícia Federal em Belo Horizonte.Por se tratar de uma convocação da CPI, Fábio Schvartsman e Eduardo Bartolomeo serã obrigado a comparecer ao colegiado na data em que for agendado o depoimento.A convocação do executivo da mineradora foi aprovada na primeira reunião da CPI. Na mesma sessão, a senadora Rose de Freitas (Pode-ES) foi eleita presidente da comissão, e o senador Randolfe Rodrigues (Rede-AP), vice presidente.Após assumir o comando da CPI, Rose indicou o senador Carlos Viana (PSD-MG) para o cargo de relator. Caberá ao parlamentar de Minas Gerais elaborar um parecer com as conclusões e as recomendações do colegiado e pedir eventuais indiciamentos de responsáveis pelo desastre que matou, pelo menos, 201 pessoas.Além de ouvir o presidente afastado e o presidente interino da Vale, o relator da CPI de Brumadinho, Carlos Viana, disse que que o colegiado chamará outras pessoas que já prestaram informações à força-tarefa que investiga o desastre.Randolfe Rodrigues propôs que a comissão faça visitas a barragens construídas pelo método a montante, o mesmo empregado na barragem que se rompeu. Após a tragédia, o governo determinou a eliminação de barragens como a de Brumadinho até 2021. "	-1
149	"""A criatividade da jornalista Clara Favilla pelo Brasil e o mundo. Já chegamos embriagados de amor, em êxtase. Eu era apaixonada pela cidade muitos, muitos anos antes de conhecê-la. Eu definia-me poeta raiz."""	"""Tânger, paixão antiga ""A criatividade da jornalista Clara Favilla pelo Brasil e o mundo Há cidades no mundo que nunca temos aquela sensação de pela primeira vez, quando chegamos. Apenas a reconhecemos como já disse o poeta J. G. de Araújo Jorge, sobre Paris. Por elas, não nos apaixonamos à primeira vista. Já chegamos embriagados de amor, em êxtase. Gosto de citar poetas e escritores depreciados pela crítica. Araújo Jorge é um deles, amado demais por mocinhas à espera do príncipe encantado, lá pelos anos 60, quando eu era ainda criança. Escreveu, sim, poemas suspirosos, mas também outros de inegável qualidade e crônicas belíssimas. Uma delas é sobre Paris.Nunca se considerou poeta viajante, mas poeta sedentário. Não sei se escreveu sobre outras cidades. Só me lembro da crônica parisiense. Definia-se poeta raiz. Pois bem, minha Paris é Tanger. Eu era apaixonada pela cidade muitos, muitos anos antes de conhecê-la. Quando, enfim, a encontrei já era uma velha amiga, conhecida em filmes e livros maravilhosos ou nas cores de grandes pintores.Paul Bowle, escritor e viajante americano, viveu cinco décadas, precisamente 52 anos, no Marrocos. E mesmo tendo morrido em Tânger, está enterrado em Lakemont (Nova York). As portas de sua casa africana estavam sempre abertas para Allen Ginsberg, William S. Burroughs, Truman Capote, Tennessee Williams e Gore Vidal. É dele o livro O céu que nos protege, depois filmado por Bernardo Bertolucci.Pois bem, no 03 de outubro do Ano da Graça de 2018, eu e minha amiga fotógrafa, Márcia Gouthier, deixamos o porto da cidadezinha espanhola de Tarifa, atravessamos o Gilbraltar onde ele é mais estreito (não chega a 20 Km), para uma venturosa viagem de 33 dias pelo Marrocos. Sem guias.Meia hora de viagem e já avistávamos, através dos vidros embaçados do ferryboat, o litoral africano, que quase toca a Europa, e a parte mais nova de Tanger. Chegamos pelo porto de Tanger Ville, do qual pode-se caminhar até a parte mais antiga da cidade. O Porto Tanger Med, maior, é mais distante.Do porto daria para ir a pé ao nosso hotelzinho. Pegamos um táxi. O rapaz que organizava a fila disse que pagaríamos dois euros e meio. O motorista nos cobrou 5. E não arredou pé enquanto não pagamos. O hotel, bem simples, mas barato e fofo. Café da manhã bem bonzinho. Chá de menta sempre disponível na recepção. O chá é onipresente no Marrocos.Antes mesmo de dar nosso primeiro passeio pela Medina - a parte comercial e residencial mais antiga das cidades árabes, envolta por muralhas e ostentando quase sempre vários e belos portões de entrada - subimos até o terraço. O azul do mar e o casario branco, sob o sol do quase outono, derramavam-se plácidos diante dos nossos olhos. Logo os minaretes das tantas mesquitas convocariam os fiéis para mais uma das orações do dia. Vielas e praças fervilhavam de gente colorida na pele e nas vestes.Em seguida, nos encantaríamos com as pequenas varandas floridas, nessas andanças pela Medina, tetos trabalhados em madeiras, lustres e escadarias. As medinas concentram-se no pequeno comércio dos mais variados produtos e também os ateliês dos artesãos que ali vivem e trabalham. No Marrocos, costurar/bordar são ofícios masculinos. São bem poucas as mulheres com negócios neste ramo.De manhã, à tarde e à noite, estão sempre trabalhando e não se incomodam quando observados pelos passantes. Sentam-se naquela posição de Buda, falam baixinho. São encantadores na prática diligente deste ofício milenar, grande parte ainda feito à mão, apesar das máquinas de costuras ali disponíveis. Fazem a tradicional djellaba, traje largo e comprido, com mangas, usado por homens e mulheres. Pode ter também um capuz de ponta bicuda, que protege do sol e do frio.Mais sobre Tanger, no meu próximo post. Aguardem!* Clara Favilla é jornalista e escreve uma vez por semana sobre viagens "	-1
150	Com isso, recurso no STJ será analisado por 4 ministros e outro será convocados se houver empate. O ministro Joel Ilan Paciornik, do Superior Tribunal de Justiça (STJ), se declarou impedido de julgar o recurso da defesa do ex-presidente Luiz Inácio Lula da Silva que tenta reverter a condenação no caso do triplex em Guarujá (SP). O ministro Joel Ilan Paciornik, do Superior Tribunal de Justiça (STJ), se declarou impedido de julgar o recurso da defesa do ex-presidente Luiz Inácio Lula da Silva que tenta reverter a condenação no caso do triplex em Guarujá (SP).	"""Ministro do STJ se declara impedido para julgar recurso de Lula no caso triplex""Com isso, recurso no STJ será analisado por 4 ministros e outro será convocado se houver empate. Expectativa é que STJ decida sobre condenação do ex-presidente ainda neste mês. O ministro Joel Ilan Paciornik, do Superior Tribunal de Justiça (STJ), se declarou impedido de julgar o recurso da defesa do ex-presidente Luiz Inácio Lula da Silva que tenta reverter a condenação no caso do triplex em Guarujá (SP).Paciornik é um dos cinco ministros que integram a Quinta Turma da Corte, que deve analisar ainda neste mês se mantém ou não a condenação imposta a Lula pela Justiça Federal do Paraná e mantida pelo Tribunal Regional Federal da 4ª Região (TRF-4).Lula está preso desde abril do ano passado em Curitiba (PR), onde cumpre pena de 12 anos e um mês de prisão pelos crimes de corrupção passiva e lavagem de dinheiro. Os desembargadores entenderam que o apartamento em Guarujá era pagamento de propina a Lula por parte da construtora OAS.Joel Paciornik se declarou impedido em 2016 para julgar qualquer causa em que atuar seu advogado pessoal, René Dotti. Como Dotti é advogado da Petrobras, assistente de acusação no processo em que Lula foi condenado, Paciornik não participará do julgamento.Diante do impedimento, o recurso será analisado por quatro ministros: Felix Fischer, relator do caso no tribunal; Jorge Mussi; Reynaldo Soares da Fonseca; e Marcelo Navarro Ribeiro Dantas.Em caso de eventual empate, outro ministro da Sexta Turma _ que também analisa casos criminais no STJ _ será convocado para o desempate. Pelas regras do STJ, o convocado é o ministro com tempo de tribunal equivalente na outra turma do ramo. Com isso, caberia ao ministro Antonio Saldanha dar o voto de minerva.No fim de 2018, o recurso de Lula foi analisado pelo relator da Lava Jato no STJ, o ministro Felix Fischer. Em decisão individual, Fischer negou o recurso e decidiu encerrar a questão no STJ.A defesa de Lula recorreu por meio de um agravo regimental, recurso que precisa ser analisado pelo colegiado.Esse recurso deve ser levado à Quinta Turma ainda neste mês por Felix Fischer. Ministros do colegiado já foram alertados que o caso será levado ""em mesa"" _ quando não precisa estar na pauta de julgamentos.A defesa de Lula questionou ao Supremo Tribunal Federal (STF) o fato de Fischer ter dado uma decisão individual no recurso. O ministro Luiz Edson Fachin, relator da Lava Jato no Supremo, negou liberdade a Lula por considerar que isso não foi ilegal.Mas Fachin afirmou considerar ""sempre desejável, recomendável ou mesmo necessário"" que um ministro não decida sozinho sobre esse tipo de recurso.""A decisão atacada foi proferida monocraticamente pelo Relator no STJ; a colegialidade é sempre desejável, recomendável ou mesmo necessária; de qualquer modo, o proceder está regimentalmente autorizado e o recurso respectivo será colegiadamente apreciado.""O julgamento do recurso pode ser a palavra final do STJ sobre o caso do triplex. Se o recurso foi rejeitado, isso abrirá caminho para o Supremo analisar o recurso contra a condenação. O Supremo já analisou diversos pedidos de liberdade de Lula, mas será a primeira vez que o tribunal entrará no mérito da condenação, ou seja, decidirá se mantém ou não a condenação.Além disso, com a condenação confirmada pelo STJ, Lula não poderá mais ser afetado caso o Supremo mude o entendimento sobre prisão em segunda instância e decida que as prisões só podem ser executadas a partir de decisão do STJ. "	-1
151	"""Defesa de Cunha pede suspensão de prazo das alegações finais por falta de documentos. Os advogados alegam que o delator Júlio Camargo não cumpriu a promessa de anexar a cópia de um processo de arbitragem aberto por ele contra a empresa Samsung. Há aí motivo para a rescisão da colaboração por de"	"""Defesa de Cunha pede suspensão de prazo das alegações finais por falta de documentos"" A defesa do deputado cassado Eduardo Cunha (MDB-RJ) encaminhou documento à Justiça Federal em Curitiba pedindo a suspensão do prazo para apresentação das alegações finais no processo que investiga se ele participou de esquema de corrupção na compra de navios-sonda da Petrobras.Os advogados alegam que o delator Júlio Camargo não cumpriu a promessa de anexar a cópia de um processo de arbitragem aberto por ele contra a empresa Samsung. Segundo a defesa, Júlio Camargo está descumprindo seus deveres como colaborador e este seria um motivo para rescindir o acordo de colaboração fechado.""Quando ouvido em juízo, afirmou com tranquilidade e convicção que possuía os autos da arbitragem. Intimado para apresentá-lo, o colaborador simplesmente descumpre o prazo judicial e afirma que não possui cópia dos autos, em espantosa contradição com seu depoimento judicial. Há aí motivo para a rescisão da colaboração por descumprimento das obrigações do delator inclusive"", argumentam os advogados.A defesa explica que o processo trata de uma arbitragem que teria tramitado na Corte de Londres contra a Samsung por causa da negativa de pagamento de duas parcelas do contrato firmado entre Júlio Camargo e a empresa.Segundo os advogados de Cunha, o documento é importante para a produção da defesa do ex-deputado. Na época dos fatos apurados, a Samsung era a responsável pelo fornecimento dos navios-sonda que estariam no esquema de corrupção, segundo o Ministério Público Federal (MPF).""Para a defesa, tal fato somente faz crer que a ação arbitral em comento contém relevantes informações que podem, outra vez, demonstrar o quão mentirosas são as acusações formuladas por Julio Camargo"", ressalta a defesa.Além do pedido de suspensão do prazo para apresentação das alegações finais, os advogados fazem outros três pedidos caso Júlio Camargo não anexe a cópia do processo: que seja autorizada a busca e apreensão na residência de Júlio; se o processo não for encontrado, que o escritório de advocacia que trabalhou para Júlio no processo apresente as cópias; ou que, em último caso, que a Justiça do Brasil peça assistência ao Reino Unido para conseguir o documento.Esta não é a primeira vez que a defesa de Cunha questiona documentos no processo. Em outubro de 2018, o então juiz Sérgio Moro negou o pedido de adiamento do interrogatório do ex-deputado. Na ocasião, os advogados alegaram que havia um erro no laudo feito pela Polícia Federal no celular do ex-deputado. Moro não concedeu o adiamento e, durante o interrogatório, Eduardo Cunha negou todas as acusações.Neste processo, os ex-deputados Eduardo Cunha e Solange Pereira de Almeida são investigados pela suposta participação em um esquema de pagamento de propinas envolvendo a contratação dos navios-sonda Petrobras 10.000 e Vitória 10.000.Segundo a denúncia do MPF, a Samsung, responsável pelo fornecimento dos navios-sonda, pagou US$40 milhões para seu ex-consultor Júlio Camargo, apontado como um dos intermediários da propina envolvida no esquema. O blog ainda não conseguiu contato com a defesa de Julio Camargo. "	-1
152	MPF pede prisão preventiva de inves tigados em suposto esquema na Transpetro. O Ministério Público Federal (MPF) pediu nesta segunda-feira (4) à Justiça do Paraná a prisão preventiva de Wilson Quintella Filho, Mauro de Morais e Antônio Kanji, presos na 59ª fase da Lava Jato. Eles estão em prisão temporária, cujo prazo é de 5 dias prorrogáveis por mais 5. A prisão preventiva não tem prazo definido. O blog tentava localizar a defesa dos três até a última atualização deste texto. Os procuradores afirmam que, com o material coletado, já é possível afirmar a necessidade da conversão das prisões temporárias _ concedidas pelo prazo de 5 dias _ em prisões preventivas.	"""MPF pede prisão preventiva de investigados em suposto esquema na Transpetro"" O Ministério Público Federal (MPF) pediu nesta segunda-feira (4) à Justiça do Paraná a prisão preventiva de Wilson Quintella Filho, Mauro de Morais e Antônio Kanji, presos na 59ª fase da Lava Jato.Eles estão em prisão temporária, cujo prazo é de 5 dias prorrogáveis por mais 5. A prisão preventiva não tem prazo definido.O blog tentava localizar a defesa dos três até a última atualização deste texto.No documento, o MPF alega que não conseguiu reunir a totalidade de documentos, mídias e demais elementos durante o cumprimento dos mandados de busca e apreensão autorizados pela Justiça.Os procuradores afirmam que, com o material coletado, já é possível afirmar a necessidade da conversão das prisões temporárias _ concedidas pelo prazo de 5 dias _ em prisões preventivas.""Embora prejudicada a análise detida dos elementos probatórios arrecadados quando da realização de busca e apreensão, foi possível, desde já, avaliar a existência de novos elementos que demonstram a imprescindibilidade da conversão das prisões temporárias de Wilson Quintella Filho, Mauro de Morais e Antonio Kanji Hoshikawa em prisões preventivas, para garantia da ordem pública, a fim de interromper a prática delitiva habitual, bem como para que reste assegurada a instrução criminal e a aplicação da lei penal"", afirmam os procuradores.O MPF apresenta novos elementos que confirmam a participação dos três investigados no esquema de corrupção envolvendo empresas do Grupo Estre e a Transpetro.As investigações apuram o suposto pagamento de propinas em contratos realizados para tratamento de resíduos, manutenção de dutos e para a construção de um estaleiro para produzir embarcações para transportar etanol no Rio Tietê. "	-1
153	Líderes dividem comando das 25 comissões da Câmara; PT e PSL são siglas com mais presidências. A partilha é feita de acordo com o critério da proporcionalidade, ou seja, as maiores bancadas têm preferência na escolha das comissões.Dos 30 partidos com representação na Câmara nesta legislatura, 16 vão comandar alguma comissão. A partilha é feita de acordo com o critério da proporcionalidade, ou seja, as maiores bancadas têm preferência na escolha das comissões. 	"""Líderes dividem comando das 25 comissões da Câmara; PT e PSL são siglas com mais presidências""Partilha das 25 comissões permanentes da Casa foi feita seguindo critério de proporcionalidade. Das 30 legendas com representação na Câmara, 16 vão comandar alguma comissão. Os líderes partidários da Câmara dos Deputados concluíram nesta terça-feira (12) a divisão dos comandos das 25 comissões permanentes da Casa (veja a lista completa ao final desta reportagem). A partilha é feita de acordo com o critério da proporcionalidade, ou seja, as maiores bancadas têm preferência na escolha das comissões.Dos 30 partidos com representação na Câmara nesta legislatura, 16 vão comandar alguma comissão. Donos das maiores bancadas da Casa, PT e PSL são as legendas que ficaram com mais colegiados no rateio feito por acordo: três cada um.Os petistas comandarão as comissões de Cultura, Direitos Humanos e Minorias e Legislação Participativa.Já o PSL, partido do presidente Jair Bolsonaro, vai presidir a Comissão de Constituição e Justiça (CCJ), a maior e mais importante comissão da Casa, com 66 integrantes.O colegiado terá, como um dos primeiros desafios do ano, analisar a admissibilidade da proposta da reforma da Previdência, ou seja, avaliar se o texto respeita as normas constitucionais e as leis do país.O PSL também comandará as comissões de Relações Exteriores e Defesa Nacional e de Fiscalização Financeira e Controle.MDB, PP, PR, PSB e PSD vão presidir duas comissões cada. O MDB vai ficar à frente da Comissão de Finanças e Tributação, outro colegiado estratégica da Casa. Essa comissão analisa, entre outras atribuições, se as despesas previstas no textos que tramitam na Câmara estão adequados ao Orçamento.As comissões serão instaladas nesta quarta (13) e nesta quinta-feira (14). A instalação dos colegiados é marcada pela eleição do presidente e dos três vice-presidentes de cada comissão.Alguns partidos já anunciaram nesta terça-feira seus indicados para presidir os colegiados. O PSDB indicou o deputado Pedro Cunha Lima (PB) para o comando da Comissão de Educação. E o Solidariedade indicou o deputado Bosco Saraiva (AM) para a presidência da Comissão de Desenvolvimento Econômico, Indústria, Comércio e Serviços.Veja quais são os partidos que vão comandar cada uma das comissões permanentes da Câmara: "	-1
154	"""Alguém avisa a Michele Bolsonaro que a lei que regulamenta a profissão de tradutor e intérprete da Língua Brasileira de Sinais (Libras) é da Maria do Rosário”. ""Em 2004, a deputada federal Maria do Rosário (PT-RS) apresentou o PL 4763/2004, que regulamenta a profissão de tradutor de Libras”."	" #Verificamos: Bolsonaro não votou contra lei que regulamenta profissão de intérprete de LibrasProposta da petista Maria do Rosário foi aprovada na CCJ da Câmara por unanimidadeCircula nas redes sociais a ""informação"" de que, ainda como deputado, o presidente Jair Bolsonaro (PSL) teria votado contra o projeto que reconhece a profissão de intérprete da Língua Brasileira de Sinais (Libras), proposto pela deputada federal Maria do Rosário (PT-RS). Por meio do projeto de verificação de notícias, usuários do Facebook solicitaram que esse material fosse analisado. Confira a seguir o trabalho de verificação da Lupa:""Alguém avisa a Michele Bolsonaro que a lei que regulamenta a profissão de tradutor e intérprete da Língua Brasileira de Sinais (Libras) é da Maria do Rosário""Publicação com cerca de 3 mil retuítes até as 18h do dia 2 de janeiro de 2019VERDADEIROEm 2004, a deputada federal Maria do Rosário (PT-RS) apresentou o PL 4763/2004, que regulamenta a profissão de tradutor de Libras. A proposta foi aprovada pela Comissão de Constituição e Justiça (CCJ), em 10 de dezembro de 2009, em caráter terminativo, ou seja, não precisou passar pelo Plenário da Câmara. O projeto seguiu para tramitação no Senado e, em 1° de setembro de 2010, o então presidente Luiz Inácio Lula da Silva (PT) sancionou a lei, com veto parcial.""(...) E o seu marido [Jair Bolsonaro] votou contra""Publicação com cerca de 3 mil retuítes até as 18h do dia 2 de janeiro de 2019FALSOEm dezembro de 2009, Bolsonaro, então filiado ao PP, era suplente da Comissão de Constituição e Justiça (CCJ) da Câmara e estava na reunião que discutiu a proposta de Maria do Rosário. O projeto que regulamentou a profissão de intérprete de Libras foi aprovado sem discussão e por unanimidade, ou seja, sem votos contrários, segundo a ata da sessão. A informação errada também foi reproduzida pelo site Brasil 247, em publicação que atingiu 9 mil compartilhamentos no Facebook. O site admitiu o equívoco e corrigiu a publicação.*Nota: esta reportagem faz parte do projeto de verificação de notícias no Facebook. Dúvidas sobre o projeto? Entre em contato direto com o Facebook.Editado por: Natália Leal e Cristina Tardáguila"	-1
155	Governo Bolsonaro avalia que tem tempo para curar feridas no Senado, o governo acredita que tem tempo para isso e que Jair Bolsonaro terá de tomar as rédeas do processo, o governo vai trabalhar para ter o MDB do seu lado.	"""Governo Bolsonaro avalia que tem tempo para curar feridas no Senado"" Passada a eleição para os comandos do Congresso, a equipe de Jair Bolsonaro avalia que, na Câmara dos Deputados, tudo seguiu dentro do planejado. E Rodrigo Maia é segurança para as reformas. No Senado, agora o tempo é de curar feridas depois das sessões confusas e tensas. O governo acredita que tem tempo para isso e que Jair Bolsonaro terá de tomar as rédeas do processo.Afinal, as reformas, como a da Previdência, só chegam na Casa depois de passar pela Câmara dos Deputados. O governo vai trabalhar para ter o MDB do seu lado e acredita que Renan Calheiros (MDB-AL), que também será procurado, já não tem tanto poder quanto antes para liderar uma forte oposição às propostas do Palácio do Planalto.Por outro lado, a vitória de Davi Alcolumbre (DEM-AP), que deu fôlego ao ministro da Casa Civil, Onyx Lorenzoni, não é garantia de que todos os que o apoiaram estarão com o governo na votação das reformas. Por isso, será preciso construir uma maioria na Casa, que já era considerada mais complicada do que a Câmara.Eleito com folga e força para seguir no comando da Câmara, Rodrigo Maia (DEM-RJ) já deixou claro que vai aprovar a reforma da Previdência, mas será ele, na Casa, o protagonista das negociações. Um recado na direção de Onyx Lorenzoni, acusado pelo grupo de Maia de trabalhar contra ele. Os dois nunca se deram bem, mas agora devem começar um trabalho conjunto de reaproximação.Maia vai negociar com o ministro da Casa Civil, mas terá ponte direta com o presidente Bolsonaro e o ministro da Economia, Paulo Guedes. E vai assumir, inclusive pensando nos seus projetos futuros, a construção da maioria para aprovar a medida. Ele avalia ser importante ter o apoio de governadores e prefeitos e alerta que, no momento, não sabe se o governo tem os 308 votos para aprovar a PEC da Previdência.No caso do Senado, uma ala do governo preferia Renan Calheiros, chegou a torcer por sua vitória no sábado e criticava Onyx Lorenzoni por interferir na disputa pelo Senado. Acabou dando certo para o ministro da Casa Civil, e até aqueles que preferiam Renan o faziam por acreditar que ele ganharia e, no posto de presidente, era preciso tê-lo ao lado do Planalto.Mas até a ala do governo favorável ao senador alagoano, no final, respirou aliviada, porque Renan não é considerado totalmente confiável e seria um obstáculo para os projetos do ministro da Justiça, Sergio Moro. Agora, o Planalto vai descobrir se Renan, que como aliado é segurança de votação de projetos na Casa, continuará tendo poder para ser um inimigo temível. "	-1
156	Açõesistas da Vale pedem investigação na CVM por suposta omissão de riscos socioambientais. Os acionistas pedem, primordialmente, que seja instaurado inquérito administrativo para investigar se a Vale tem omitido informações acerca dos riscos socioambientais de seus empreendimentos em três estados: Pará, Maranhão e Minas Gerais. Além de pedir para que seja verificada a responsabilidade da companhia, eles querem que, em caso de comprovação da denúncia, sejam aplicadas algumas penalidades como a suspensão da autorização para o exercício das atividades no mercado de operações das Bolsas de Valores.	"""Acionistas da Vale pedem investigação na CVM por suposta omissão de riscos socioambientais"" O rompimento da barragem da Vale em Brumadinho (MG) motivou acionistas da companhia a protocolarem uma denúncia na Comissão de Valores Imobiliários (CVM) no final da noite desta terça-feira (29).Os acionistas pedem, primordialmente, que seja instaurado inquérito administrativo para investigar se a Vale tem omitido informações acerca dos riscos socioambientais de seus empreendimentos em três estados: Pará, Maranhão e Minas Gerais.Além de pedir para que seja verificada a responsabilidade da companhia, eles querem que, em caso de comprovação da denúncia, sejam aplicadas algumas penalidades como a suspensão da autorização para o exercício das atividades no mercado de operações das Bolsas de Valores.Assinado por uma dezena de acionistas da Vale, o documento lembra que, segundo regulamentação das empresas de capital aberto, é dever divulgar amplas informações acerca de negócio para que os investidores conheçam as condições da empresa.Na avaliação deles, a companhia pode estar cometendo desvios, no Pará e no Maranhão, como desmatamento irregular, contaminação ambiental e desrespeito aos modos de vidas tradicionais.Em Minas Gerais, de acordo com esses mesmos acionistas, a empresa estaria escolhendo mal os empreendimentos, somada a uma gestão atrapalhada, que motivou prejuízos milionários em 2016.Eles lembram também a maior tragédia ambiental brasileira, o rompimento da barragem de Fundão, da mineradora Samarco, à época controlada pela anglo-australiana BHP Billiton Brasil e a Vale, em Mariana, região central do Estado.""Há muitos indícios de que o episódio tenha ocorrido em virtude da negligência da empresa em monitorar as barragens e corrigir problemas identificados. Foi uma consequência de uma opção administrativa da Samarco em reduzir os custos de segurança, com o que a Vale jamais poderia concordar"", afirma o documento.Na denúncia à CVM, os acionistas pedem ainda que a Vale republique, com correções ou aditamentos, as demonstrações financeiras, relatórios e informações que eventualmente forem caracterizadas como manipulação de preços.Caso a CVM encontre indícios da prática do crime de manipulação do mercado, os acionistas críticos pedem que seja enviada uma comunicação do caso ao Ministério Público Federal para que sejam tomadas as medidas legais cabíveis.O documento é assinado por ambientalistas, jornalistas, advogados e sociólogos, entre eles Alexandra Montgomery, Danilo Chammas, Daniela Fichino, Maria Mansur e Carolina de Moura Campos.Como o blog mostrou, Carolina de Moura Campos reprovou o relatório apresentado pela empresa em abril de 2018 e se mostrou preocupada com a segurança das barragens da companhia em Minas Gerais.Durante voto apresentado em Assembleia Ordinária de Acionistas da Vale, Carolina questionou quando a companhia teria responsabilidade em relação às barragens em Minas Gerais.""Interessa-me saber quando é que nossa companhia terá a responsabilidade de aplicar recursos nas tecnologias de disposição dos rejeitos já disponíveis que não a convencional e na forma hidráulica e também na recuperação de rejeitos"", alertou Carolina em seu voto. "	-1
157	"""Articulação de Onyx repeti erros de Dilma em 2015 e enfraquecia ministro no Congresso"" Era 2015. Dilma Rousseff, reeleita, montara o seu núcleo duro no Palácio do Planalto com Aloizio Mercadante (Casa Civil) e Pepe Vargas (Articulação Política).Mas, para Eduardo Cunha e seus aliados, que disputavam o comando da Câmara dos Deputados contra o candidato do governo, o petista Arlindo Chinaglia, a dupla de ministros era ""Freddie Mercury e Pepe Legal"".O motivo dos apelidos era, na verdade, a ira do grupo de Cunha à interferência do governo federal na disputa da Câmara.Dilma, adversária de Cunha, colocou toda a máquina a serviço de Chinaglia. Mesmo assim, não só não conseguiu eleger um aliado para o comando da Câmara como ""criou um monstro"", na avaliação de seus próprios ministros, com a eleição de Cunha (conduzir do impeachment da petista e, hoje, preso pelas investigações da Lava Jato)."	"""Articulação de Onyx repete erros de Dilma em 2015 e enfraquece ministro no Congresso"" Era 2015. Dilma Rousseff, reeleita, montara o seu núcleo duro no Palácio do Planalto com Aloizio Mercadante (Casa Civil) e Pepe Vargas (Articulação Política).Mas, para Eduardo Cunha e seus aliados, que disputavam o comando da Câmara dos Deputados contra o candidato do governo, o petista Arlindo Chinaglia, a dupla de ministros era ""Freddie Mercury e Pepe Legal"".O motivo dos apelidos era, na verdade, a ira do grupo de Cunha à interferência do governo federal na disputa da Câmara.Dilma, adversária de Cunha, colocou toda a máquina a serviço de Chinaglia. Mesmo assim, não só não conseguiu eleger um aliado para o comando da Câmara como ""criou um monstro"", na avaliação de seus próprios ministros, com a eleição de Cunha (condutor do impeachment da petista e, hoje, preso pelas investigações da Lava Jato).O episódio de ""Pepe Legal"" foi lembrado nesta sexta-feira (1º) em Brasília nas rodas de conversa no Congresso Nacional. Tanto na Câmara dos Deputados quanto no Senado Federal, políticos se mostravam irritados com a digital de Onyx Lorenzoni nas disputas.Na Câmara, o atual ministro da Casa Civil trabalhou o quanto pôde para não apoiar Rodrigo Maia.Tentou emplacar João Campos (PRB-GO), Alceu Moreira (MDB-RS), Capitão Augusto (PR-SP) e _ vai que cola? _ até Arthur Lira (PP-AL).Aliados de Maia relatavam os movimentos de Onyx contra Maia em conversas de bastidores no telefone, no viva-voz, com diversos políticos ouvindo, para provar que ele trabalhou contra o colega de partido.O ministro nega qualquer tipo de interferência na Câmara _ repetiu isso à noite, em entrevista ao vivo na GloboNews.Também na GloboNews, no entanto, Rodrigo Maia, já reeleito pela terceira vez, deixou claro que a interlocução dele no Planalto será com todos _ menos Onyx.De graça, sem ser perguntado, Maia fez um elogio ao vivo para Gustavo Bebianno, atual ministro da Secretaria Geral, indicando que Bebianno pode ser uma ponte de articulação com a Câmara.Até ministros da área militar do governo que acompanhavam a entrevista se surpreenderam. Motivo: entenderam o recado de que Onyx, como articulador na Câmara, não terá vez.Ali, a ponte será feita por Bebianno, Paulo Guedes e pelo próprio presidente Bolsonaro, por quem Maia tem apreço e chama de amigo _ e vice-versa.No Senado, a atuação de Onyx foi mais explícita contra o candidato da ""velha política"". E também a reação foi mais evidente.Onyx trabalhou por Davi Alcolumbre (DEM-AP), colega de partido, que, em manobra bem articulada pelo voto aberto, conseguiu desgastar a candidatura de Renan Calheiros no plenário, e adiou a sessão para este sábado (2).A digital de Onyx irritou o grupo de Renan, além de aliados de Maia, que temiam que o presidente da Câmara pudesse perder votos diante da avaliação de um cenário duplo de concentração de poder do DEM nas casas legislativas _ o que foi apelidado de ""DEMocracia"", em tom de brincadeira, por políticos de diferentes partidos.Uma das principais aliadas de Renan, a senadora Katia Abreu, registrou um dos principais ""braços-direitos"" de Onyx no plenário ontem.Diante do cenário, falta saber o desfecho hoje. Mas uma coisa já é certa, na avaliação de políticos tradicionais: o ministro Onyx Lorenzoni sai enfraquecido como interlocutor na Câmara, e, seja qual for o resultado no Senado, vai ter de trabalhar muito para reverter a ira do grupo de Renan Calheiros no plenário quando forem discutidas matérias importantes.Tudo isso para evitar o cenário ""Pepe Legal"" que, enfraquecido, sem interlocução política com o Legislativo, acabou demitido da articulação do governo Dilma após a mal sucedida operação do governo para derrotar Cunha.No lugar dele, assumiu outra dupla: o vice Michel Temer e o então ministro Eliseu Padilha. Mas aí é outra história. "	-1
158	O Supremo Tribunal Federal (STF) decidiu nesta quinta-feira (14) que a Justiça Eleitoral é responsável por julgar os crimes de corrupção e lavagem de dinheiro quando estiverem relacionados a crimes eleitorais, como o de caixa 2.O Supremo Tribunal Federal (STF) decidiu nesta quinta-feira (14) que a Justiça Eleitoral é responsável por julgar os crimes de corrupção e lavagem de dinheiro quando estiverem relacionados a crimes eleitorais, como o de caixa 2.O Supremo Tribunal Federal (STF) decidiu nesta quinta-feira (14) que a Justiça Eleitoral é responsável por julgar os crimes de corrupção e lavagem de dinheiro quando estiverem relacionados a crimes eleitorais, como o de caixa 2. 	"""Corrupção com caixa 2 ficará na Justiça Eleitoral; Polícia suspeita de outro envolvido em massacre de Suzano. Jornais de sexta (15) ""Veja quais são as notícias de destaque nos matutinos brasileiros  O Supremo Tribunal Federal (STF) decidiu nesta quinta-feira (14) que a Justiça Eleitoral é responsável por julgar os crimes de corrupção e lavagem de dinheiro quando estiverem relacionados a crimes eleitorais, como o de caixa 2.O Estado de S.Paulo destaca o assunto em sua manchete e informa que o placar terminou com 6 votos a favor da competência da Justiça Eleitoral e 5 votos contrários. A decisão gerou críticas de procuradores do Ministério Público, que acreditam ter havido ""um golpe na Lava Jato"".O matutino ressalta, por exemplo, o que o procurador Deltan Dallagnol, coordenador da força-tarefa de Curitiba, declarou após a decisão: ""Hoje, começou a se fechar a janela de combate à corrupção política que se abriu há cinco anos, no início da Lava Jato"".Apesar de afirmar que respeita a decisão, o ministro Sérgio Moro (Justiça e Segurança) não concordou com o entendimento do STF. ""Corrupção com caixa 2 ficará na Justiça Eleitoral"", sublinha a manchete do Estadão.O Globo também comenta a decisão do STF e ressalta que, a partir de agora, os advogados que provarem que houve caixa dois podem pedir a nulidade de casos que estão na Justiça comum. O matutino carioca lembra que o ministro Dias Toffoli foi responsável pelo sexto voto, que desempatou o julgamento. Ao proferir seu voto, o atual presidente do STF disse que sua posição sempre foi a mesma. ""Todos também estamos aqui na defesa da Justiça Eleitoral"", destacou.O Globo mostra ainda que, durante o julgamento, o ministro Gilmar Mendes fez críticas aos procuradores do caso, a quem chamou de ""cretinos"". ""Gentalha, são uns cretinos, não sabem o que é processo, não sabem o que é processo civilizatório"", afirmou Gilmar Mendes. ""Crimes ligados a caixa 2 irão para a Justiça Eleitoral"", informa a manchete.A Folha de S.Paulo volta a repercutir o massacre que terminou com 10 mortos em uma escola em Suzano, na Grande São Paulo, e afirma que a polícia apura a suposta participação de uma terceira pessoa no atentado realizado na quarta-feira (13).Segundo o matutino, a Polícia Civil já pediu à Justiça a apreensão de um jovem de 17 anos que era próximo de Guilherme Monteiro, um dos envolvidos no ataque. ""Nós temos dados que nos fazem crer que esse indivíduo participou, pelo menos, da fase de planejamento"", afirmou o delegado-geral da Polícia Civil, Ruy Ferraz Fontes.Também segundo a polícia, as armas brancas usadas por Guilherme Monteiro e Luiz Henrique de Castro foram compradas no site Mercado Livre. ""Polícia diz suspeitar de outro jovem no massacre de Suzano"", destaca o título principal da Folha. "	-1
159	Bolsonaro recebe deputados aliados no Alvorada para discutir Previdência e articulação política. Proposta foi apresentada na semana passada e precisa dos votos de pelo menos 308 dos 513 deputados. Segundo blog, líderes da base avaliam que diálogo com governo está desorganizado. O presidente Jair Bolsonaro se reuniu com deputados aliados na noite desta terça-feira (26) no Palácio da Alvorada para discutir a proposta de reforma da Previdência e a articulação política na Câmara dos Deputados.	"""Bolsonaro recebe deputados aliados no Alvorada para discutir Previdência e articulação política""Proposta foi apresentada na semana passada e precisa dos votos de pelo menos 308 dos 513 deputados. Segundo blog, líderes da base avaliam que diálogo com governo está desorganizado. O presidente Jair Bolsonaro se reuniu com deputados aliados na noite desta terça-feira (26) no Palácio da Alvorada para discutir a proposta de reforma da Previdência e a articulação política na Câmara dos Deputados.Apresentada como uma das principais prioridades do governo, a proposta foi entregue na semana passada ao Congresso Nacional.Por se tratar de uma proposta de emenda à Constituição (PEC), a reforma da Previdência precisa dos votos de pelo menos três quintos dos deputados (308 dos 513), em dois turnos de votação, para ser enviada ao Senado.De acordo com o colunista do G1 e da GloboNews Valdo Cruz, líderes de partidos da base aliada, contudo, têm avaliado que o diálogo com o governo está desorganizado.Ainda segundo o Blog do Valdo Cruz, deputados da base avaliam que Bolsonaro precisa ""empoderar"" o ministro da Casa Civil, Onyx Lorenzoni, permitindo a ele, por exemplo, negociar cargos de segundo escalão e liberação de emendas.O encontro desta terça inclui o presidente diretamente nas negociações em favor da reforma e visa tirar eventuais dúvidas dos deputados sobre o texto.A ofensiva do governo envolve, além de encontros de Bolsonaro com parlamentares, reuniões de técnicos com políticos.Nesta terça, por exemplo, o secretário de Previdência, Rogério Marinho, se reuniu com as bancadas do PSD e da Frente Parlamentar da Agropecuária, conhecida como bancada ruralista.Mais cedo, na posse do diretor-geral brasileiro de Itaipu, em Foz do Iguaçu (PR), o presidente disse contar com o ""patriotismo"" do Congresso para aprovar a reforma.""Nós contamos com o patriotismo e o entendimento do Parlamento para que nós possamos ter uma reforma da Previdência. Porque, caso contrário, economicamente o Brasil é um país fadado ao insucesso"", disse Bolsonaro.Saiba quem participou da reunião com Bolsonaro, segundo a assessoria da Presidência: "	-1
160	Levantamento feito pelo G1 mostra que 50 deputados federais respondem hoje a processos criminais na Justiça. O dado representa 10% do total de parlamentares na Câmara (513). É a quarta vez que o G1 realiza esse tipo de levantamento. Em 2015, 38 dos 513 deputados respondiam a algum tipo de ação penal.	"""Nova Câmara: 50 deputados federais são réus em processos criminais""Levantamento feito pelo G1 mostra todos os processos criminais aos quais os parlamentares respondem na Justiça; 10% são réus. É a quarta vez que um levantamento do tipo é realizado pelo G1 no início da legislatura na Câmara. Levantamento feito pelo G1 mostra que 50 deputados federais respondem hoje a processos criminais na Justiça. O dado representa 10% do total de parlamentares na Câmara (513). São, ao todo, 95 processos _ apenas um dos deputados responde a 30 ações (quase 1/3 do total).O leque de crimes pelos quais os deputados são réus na Justiça é variado: vai desde calúnia, injúria, difamação, corrupção e falsidade ideológica até furto, estelionato, lesão corporal e tortura.É a quarta vez que o G1 realiza esse tipo de levantamento. Em 2015, 38 dos 513 deputados respondiam a algum tipo de ação penal. Em 2011, eram 59. Já em 2007, haviam sido contabilizados 74 processados. Como os critérios usados nos levantamentos foram diferentes, os números não são comparáveis.Desta vez, o levantamento do G1 teve início no dia 25 de janeiro e foi finalizado no dia 27 de fevereiro. Ele envolveu jornalistas dos 26 estados do país e do Distrito Federal.Acre: não há deputados com processosAlagoas: Isnaldo Bulhões (MDB)Amapá: Camilo Capiberibe (PSB) e Vinícius Gurgel (PR)Amazonas: Capitão Alberto Neto (PRB), Marcelo Ramos (PR), Sidney Leite (PSD) e Silas Câmara (PRB)Bahia: Charles Fernandes (PSD), Igor Kannário (PHS) e Tito (Avante)Ceará: Capitão Wagner (PROS), Júnior Mano (PR), Luizianne (PT), Robério Monteiro (PDT) e Roberto Pessoa (PSDB)Distrito Federal: Celina Leão (PP), Érika Kokay (PT) e Julio Cesar (PRB)Espírito Santo: não há deputados com processosGoiás: Alcides Rodrigues Filho (PRP), Magda Mofatto (PR) e Rubens Otoni (PT)Maranhão: Gil Cutrim (PDT), Josimar Maranhãozinho (PR) e Junior Lourenço (PR)Mato Grosso: Juarez Costa (MDB)Mato Grosso do Sul: Beto Pereira (PSDB) e Vander Loubet (PT)Minas Gerais: Aécio Neves (PSDB), André Janones (Avante) e Marcelo Álvaro Antonio (PSL)Pará: Delegado Éder Mauro (PSD) e Júnior Ferrari (PSD)Paraíba: Julian Lemos (PSL)Paraná: Boca Aberta (PROS), Filipe Barros (PSL), Schiavinato (PP) e Vermelho (PSD)Pernambuco: Augusto Coutinho (SD), Eduardo da Fonte (PP) e Ricardo Teobaldo (PODE)Piauí: não há deputados com processosRio de Janeiro: Christino Áureo (PP), Dr. Luiz Antônio Teixeira Jr (PP), Gutemberg Reis de Oliveira (MDB) e Pedro Paulo (DEM)Rio Grande do Norte: não há deputados com processosRio Grande do Sul: não há deputados com processosRondônia: não há deputados com processosRoraima: Edio Lopes (PR)Santa Catarina: Fábio Schiochet (PSL)São Paulo: Alexandre Frota (PSL) e Geninho Zuliani (DEM)Sergipe: Valdevan (PSC)Tocantins: Professora Dorinha (DEM)Apenas seis estados não colocaram na Câmara dos Deputados um representante réu em uma ação criminal na Justiça: Acre, Espírito Santo, Piauí, Rio Grande do Norte, Rondônia e Rio Grande do Sul.Entre os partidos, o PR é o que tem o maior números de processados por crimes: 7. PP, PSD e PSL têm 5 cada um. Há parlamentares de 18 partidos diferentes.Processos criminais podem impedir a candidatura de políticos condenados. A Lei da Ficha Limpa, em vigor desde 2010, determina a inelegibilidade por oito anos de candidatos condenados em segunda instância, mesmo com recursos pendentes.Entre os crimes previstos estão os eleitorais, abuso de autoridade, praticados contra a administração pública, o sistema financeiro e o mercado de capitais, compra de votos, doações ilegais, organização criminosa, tráfico, crimes hediondos, tortura, terrorismo, lavagem de dinheiro, entre outros.Uma condenação criminal sem nenhuma possibilidade de recurso também pode levar à perda do mandato em curso.Para identificar os deputados federais réus em processos criminais, o G1 pesquisou os nomes dos 513 deputados federais eleitos que tomaram posse, de acordo com a lista oficial da Secretaria Geral da Mesa da Câmara dos Deputados.Com isso, entre os eleitos, apenas não entraram no rol Jean Wyllys (PSOL-RJ), que decidiu abrir mão do mandato, e Wagner Montes (PRB-RJ), que morreu antes do início da legislatura. Os que tomaram posse e logo depois se licenciaram para assumir um cargo foram considerados.A metodologia foi similar à utilizada nos últimos levantamentos, de 2015 (leia aqui) e 2011 (leia aqui), mas, desta vez, foram incluídos também os processos na 1ª instância da Justiça nas esferas estadual e federal. O critério foi adotado em razão do novo entendimento do Supremo Tribunal Federal que, em maio do ano passado, restringiu o foro privilegiado a casos ocorridos durante o mandato e com relação com o cargo. Isso fez com que várias ações penais fossem ""baixadas"" para a 1ª instância.Cada nome foi verificado na consulta processual online das comarcas estaduais, no Tribunal de Justiça e no Tribunal Regional Eleitoral (TRE) do estado pelo qual o parlamentar se candidatou; na Justiça Federal nos estados e nos cinco tribunais regionais federais (TRFs); no Superior Tribunal de Justiça (STJ), no Supremo Tribunal Federal (STF) e no Tribunal Superior Eleitoral (TSE).Em alguns sites, não há consulta a processos criminais. Em outros, é possível consultar apenas com a certificação digital. Além disso, alguns órgãos não têm consulta por CPF, apenas por nome (o que possibilita a busca por homônimos dos deputados que respondem a processos). Cada site tem uma estrutura de busca diferente, sem padronização, e a exibição das informações é em linguagem jurídica, o que dificulta o acesso ao grande público.Por isso, depois da identificação dos processos nos sites dos tribunais, eventuais dúvidas sobre a validade dos processos foram esclarecidas pela equipe de reportagem com as assessorias de cada Corte.O G1 considerou somente os parlamentares na condição de réus, ou seja, que tenham sido denunciados e cuja denúncia tenha sido aceita pelo Judiciário.O levantamento levou em conta apenas os processos criminais e os processos referentes a crimes eleitorais.A reportagem não consultou ações na área cível. Na área cível, as condenações geralmente são estipuladas em forma de multa ou por meio da determinação de ressarcimento aos cofres públicos, como nos casos de improbidade administrativa.Produção: Geisy Negreiros (G1 AC), Cau Rodrigues e Roberta Cólen (G1 AL), Lorena Kubota e John Pacheco (G1 AP), Camila Henriques, Diego Toledano e Isabella Pina (G1 AM), Itana Alencar (G1 BA), André Teixeira e Márcio Dornelles (G1 CE), Mateus Rodrigues e Marília Marques (G1 DF), Naiara Arpini (G1 ES), Vitor Santana (G1 GO), Rafaelle Fróes (G1 MA), Flávia Borges (G1 MT), Jaqueline Naujorks (G1 MS), Jorge Sauma e Taymã Carneiro (G1 PA), André Resende (G1 PB), Pedro Brodbeck (G1 PR), Marina Meireles (G1 PE), Maria Romero, Catarina Costa e André Nascimento (G1 PI), Gabriel Barreira (G1 RJ), Leonardo Erys (G1 RN), Carolina Cattaneo, Felipe Truda, Janaína Lopes, Joyce Heurich, Lilian Lima e Tatiana Lopes (G1 RS), Jonatas Boni (G1 RO), Valéria Oliveira (G1 RR), Carolina Holland (G1 SC), Gabriela Gonçalves, Marina Pinhoni, Tahiane Stochero (G1 SP), Demetrius Oliveira e Joelma Gonçalves (G1 SE), João Guilherme Lobasz (G1 TO), Luiz Felipe Barbiéri e Rosanne DAgostino (G1 Política), Clara Velasco, Felipe Grandin, Gabriela Caesar, Gessyca Rocha, Rafaela Putini e Thiago Reis (G1 Dados) e Leandro Oliveira, Rodolfo Viana, Rodrigo Esteves e Rodrigo Viana (GData Analytics)Edição: Clara Velasco, Felipe Grandin, Gabriela Caesar, Gessyca Rocha, Rafaela Putini, Rosanne DAgostino e Thiago Reis "	-1
161	"""Medida provisória libera R$ 600 para beneficiários do Bolsa Família e do BPC que moram em Brumadinho."" ""Terão direito ao auxílio os moradores que tinham os benefícios ativos em janeiro de 2019."" ""A medida foi tomada em decorrência do estado de calamidade pública decretad o na cidade após o rompimento da barragem da mineradora Vale, em 25 de janeiro."" "	"""Medida provisória libera R$ 600 para beneficiários do Bolsa Família e do BPC que moram em Brumadinho""Também terão direito ao auxílio beneficiários da Renda Mensal Vitalícia. De acordo com o governo, pagamento será feito em parcela única.  O presidente Jair Bolsonaro assinou uma medida provisória que libera R$ 600 de auxílio emergencial para beneficiários do Bolsa Família, do Benefício de Prestação Continuada (BPC) e da Renda Mensal Vitalícia que moram em Brumadinho (MG).Terão direito ao auxílio os moradores que tinham os benefícios ativos em janeiro de 2019. A medida foi tomada em decorrência do estado de calamidade pública decretado na cidade após o rompimento da barragem da mineradora Vale, em 25 de janeiro.De acordo com o governo, os R$ 600 serão pagos em uma só parcela. No caso dos beneficiários do Bolsa Família, o pagamento será feito pela Caixa Econômica Federal. Para beneficiários do BPC e da Renda Mensal Vitalícia, o dinheiro será liberado pelo Instituto Nacional de Seguro Social (INSS).A medida provisória determina que o auxílio esteja disponível em até 180 dias após a liberação do crédito.O texto da MP também estabelece que o pagamento do auxílio emergencial não interfere no valor de indenizações que deverão ser pagas pela Vale. "	-1
162	"Costumo dizer que críticas são muito bem-vindas na Lava Jato, afirma Roberson Pozzobon, um dos 13 procuradores do MPF que trabalham na força-tarefa. As delações são reconhecidas pela força-tarefa como um instrumento importante no decorrer do trabalho. Ele explica que não há preferência pelo que o colaborador irá revelar e que a primeira diretriz é de falar ""todas a verdade""."	"""Delações, perseguição e críticas: Procurador avalia a Operação Lava Jato, que completa 5 anos""Costumo dizer que críticas são muito bem-vindas na Lava Jato, afirma Roberson Pozzobon, um dos 13 procuradores do MPF que trabalham na força-tarefa. O procurador do Ministério Público Federal (MPF) Roberson Pozzobon, em entrevista ao G1, fez uma avaliação do trabalho da Operação Lava Jato, que completa cinco anos neste domingo (17)Delações, perseguição e o eventual fim da operação são alguns dos temas abordados na entrevista. Confira, abaixo, os principais pontos abordados por Pozzobon.As delações são reconhecidas pela força-tarefa como um instrumento importante no decorrer do trabalho. Pozzobon rechaça, no entanto, que o Ministério Público Federal tenha exigido informações específicas para fechar determinados acordos.Ele explica que não há preferência pelo que o colaborador irá revelar e que a primeira diretriz é de falar ""toda a verdade"". ""A Lava Jato não define qual é o objeto do acordo"", diz.O procurador classifica as críticas de que a Lava Jato tenha uma atuação partidária como ""teorias conspiratórias"". ""Não faz o menor sentido"", afirma.Segundo ele, essas hipóteses são apresentadas por investigados que não conseguem enfrentar a clareza das provas contra eles.""Foram mais de 15 partidos que tiveram ilícitos revelados. Os grandes partidos nacionais tiveram altos integrantes responsabilizados, muitos dos quais estão cumprindo pena"", indica Pozzobon.Pozzobon entrou para a força-tarefa do MPF quando a operação tinha três meses, em julho de 2014. Desde então, uma pergunta recorrente, seja em entrevistas ou em reuniões familiares, é: quando acaba a Lava Jato?Ao avaliar o aprendizado da equipe no trabalho de combate aos chamados crimes de colarinho branco, o procurador define a atuação como uma ""verdadeira corrida de gato contra o rato"".Para ele, os criminosos investigados tornam cada vez mais rebuscados e refinados os métodos de lavagem de dinheiro e de funcionamento das organizações.Segundo o procurador, o modo de funcionamento da operação em força-tarefa nas diferentes instituições que o trabalho envolve é um dos fatores que permitiram que tantos crimes fossem descobertos e bilhões de reais recuperados.""Começou com uma estrutura muito mais singela. Em 2014, eram seis procuradores da República. Hoje a força-tarefa da Lava Jato em Curitiba já conta com 13 procuradores. A equipe total no MPF aqui soma mais de 50 pessoas"", diz.Pozzobon diz acreditar que um dos fatos mais significativos descobertos no âmbito da Lava Jato tenha sido o funcionamento do departamento de operações estruturadas da Odebrecht _ setor que movimentava propinas.De acordo com ele, entre as surpresas estão o refinamento da prática de crimes, a profissionalização e o fato de terem sido encontradas rubricas de propinas e apelidos para mais de um terço dos parlamentares.Em nota, a Odebrecht informou que tem colaborado ""de forma eficaz com as autoridades em busca do pleno esclarecimento dos fatos narrados pela empresa e seus ex-executivos"".""A Odebrecht já usa as mais recomendadas normas de conformidade em seus processos internos e segue comprometida com uma atuação ética, íntegra e transparente"", diz a nota.Na avaliação do procurador, a Lava Jato lança mão do sigilo apenas em relação aos fatos que ainda estão em investigação.A publicidade dos atos, que é alvo de críticas _ principalmente de investigados _, para ele é um dos pilares da operação.""Eu costumo dizer que críticas são muito bem-vindas na Lava Jato, serão refletidas e levam a um aperfeiçoamento natural de todas as instituições"", afirmou.O procurador comenta que, no aprendizado da Lava Jato, foram desenvolvidas técnicas de investigação e de processamento que permitem, por vezes, propor uma denúncia e ter toda a instrução processual entre seis e oito meses.""Isso é um tempo que já seria rápido para delitos simples como estelionato ou furto, quando consideramos que são delitos de corrupção e lavagem de dinheiro esse prazo ele se torna ainda mais impressionante"", afirma.O procurador da Lava Jato também falou sobre a investigação de crimes de corrupção e caixa 2 na semana em que o Supremo Tribunal Federal (STF) decidiu que crime eleitorais (como a não declaração de valores coletados em campanha) que tenha sido cometidos em conexão com outros crimes devem ser enviados à Justiça Eleitoral.A entrevista aconteceu na terça-feira (12), dois dias antes da decisão da Suprema Corte. Conforme Pozzobon, a Justiça Eleitoral não deve ser ""soterrada"" com investigações de crimes complexos para os quais não foi estruturada.A criação de um fundo privado bilionário por parte da força-tarefa da Lava Jato para gerir R$ 2,5 bilhões devolvidos pela Petrobras após negociações com autoridades norte-americanas gerou críticas aos procuradores neste mês.Depois do recuo na criação do fundo por parte da força-tarefa, o ministro do STF Alexandre de Moraes suspendeu, na sexta-feira (15), a decisão que homologou o acordo para criar o fundo. Ele também determinou o bloqueio dos valores depositados em uma conta ligada à Justiça Federal.""O intuito principal da força-tarefa é garantir é que esses R$ 2,5 bilhões não retornem, não sejam destinados pra qualquer outra causa, que não a causa anticorrupção brasileira"", explica Pozzobon.Veja mais notícias do estado no G1 Paraná."	-1
163	O ministro Luiz Fux, do Supremo Tribunal Federal, rejeitou pedido do ministro do Turismo, Marcelo Álvaro Antônio, de transferência para o STF da investigação que tramita em Minas Gerais sobre supostas candidatas-laranja do PSL. O argumento do ministro do Turismo era o de que os fatos são relacionados ao atual mandato dele como deputado, do qual está licenciado. O ministro Luiz Fux, do Supremo Tribunal Federal, rejeitou pedido do ministro do Turismo, Marcelo Álvaro Antônio, de transferência para o STF da investigação que tramita em Minas Gerais sobre supostas candidatas-laranja do PSL.	"""Fux nega pedido do ministro do Turismo para transferir ao STF caso dos supostos laranjas do PSL""Marcelo Álvaro Antônio argumentou que, como deputado reeleito, tem direito ao chamado foro privilegiado. Ministro do Supremo entendeu que caso não tem relação com o mandato de deputado. O ministro Luiz Fux, do Supremo Tribunal Federal, rejeitou nesta terça-feira (26) pedido do ministro do Turismo, Marcelo Álvaro Antônio, de transferência para o STF da investigação que tramita em Minas Gerais sobre supostas candidatas-laranja do PSL. A investigação envolve o ministro, que se elegeu deputado federal pelo partido.O argumento do ministro do Turismo era o de que os fatos são relacionados ao atual mandato dele como deputado, do qual está licenciado, mas Fux discordou.Após a decisão de Fux, a assessoria de Marcelo Álvaro Antônio divulgou a seguinte nota: ""O ministro reafirma que a decisão de recorrer ao STF foi dos advogados. Ele mantém a confiança na Justiça e a convicção de que o processo, independente do foro, vai comprovar que as denúncias são infundadas"".Em maio do ano passado, o STF decidiu que parlamentares só podem ser investigados no Supremo por atos que tenham relação com o mandato. O Supremo também vem decidindo que, em caso de reeleição, trata-se de mandato continuado e, portanto, o inquérito fica no STF.No entanto, no caso do ministro do Turismo, os atos se referem à campanha eleitoral. E, para Fux, campanha não tem relação com o mandato.""A jurisprudência firmou compreensão no sentido de inexistir vinculação com o mandato parlamentar quando a investigação tem por objeto ilícitos exclusivamente eleitorais praticados, em tese, por parlamentar, não nesta qualidade, mas sim na condição de candidato em pleito eleitoral"", afirmou.Ainda conforme o ministro Fux, o Supremo determinou o envio de diversos casos à primeira instância por se tratarem de suspeitas especificamente da área eleitoral.""Este mesmo entendimento foi reafirmado em múltiplas decisões monocráticas proferidas nesta Corte, no sentido de determinar o declínio de competência para a justiça eleitoral, nos casos em que são investigados crimes exclusivamente eleitorais"", completou.Segundo Fux, o pedido do ministro do Turismo é ""manifestamente improcedente, por contrariar os precedentes deste Supremo Tribunal Federal, que afastam a competência originária desta Corte para o processo e julgamento de crimes não relacionados ao exercício do mandato"".Em razão disso, Fux determinou o arquivamento do caso e não analisou o pedido de liminar (decisão provisória) para suspender o procedimento em Minas até uma decisão final do STF.A investigação, que tramita em Minas Gerais, apura irregularidades no repasse de recursos do Fundo Especial de Financiamento de Campanha pelo PSL a quatro candidatas a deputado estadual e federal, nas eleições de 2018.Elas tiveram votações pouco expressivas embora tenham recebido dinheiro da sigla, o que levantou a suspeita de uso de candidaturas-laranja.O ministro do Turismo presidia o diretório do partido no Estado durante as eleições e parte do dinheiro enviado às quatro candidatas, segundo as investigações, foi devolvido a assessores ligados ao ministro.Para tentar levar o inquérito ao STF, os advogados de Marcelo Álvaro Antônio argumentaram que o caso deve ficar no Supremo mesmo com o novo entendimento da Corte, que restringiu, em maio do ano passado, o chamado foro privilegiado.A alegação da defesa é de que o ministro foi reeleito deputado em outubro e os fatos têm relação com o cargo parlamentar, já que, supostamente, se referem à campanha dele.Em parecer sobre o caso, a procuradora-geral da República, Raquel Dodge, afirmou que os fatos investigados não foram cometidos no exercício do atual mandato e por isso devem continuar na Justiça Federal em Minas Gerais.""Os fatos em análise, mesmo tendo ocorrido durante o mandato de deputado federal do reclamante, são totalmente estranhos ao exercício do mandato, pois envolvem situações exclusivamente de cunho eleitoral, associadas apenas ao pleito eletivo de 2018"", disse Dodge. Fux concordou com o parecer da procuradora. "	-1
164	EUA reagem ao apoio da China e Rússia a Maduro; Militares estão com Maduro, afirma ministro da Defesa; Militares estão com Maduro, afirma ministro da Defesa;  Militares estão com Maduro, afirma ministro da Defesa.	"""EUA reagem ao apoio da China e Rússia a Maduro; Guedes é contra não incluir militares na reforma. Jornais de sexta (25)""Veja quais são as notícias de destaque nos matutinos brasileiros A Folha de S.Paulo dá destaque às declarações do general Vladimir Padrino López, ministro da Defesa na Venezuela, que afirmou que os militares apoiam o governo de Nicolás Maduro, a quem chamou de ""presidente legítimo"". Para o general, a oposição está montando um golpe de Estado.""Alerto o povo da Venezuela que se está efetuando um golpe de Estado contra a institucionalidade, contra a democracia, contra nossa constituição, contra o presidente Nicolás Maduro, presidente legítimo"", afirmou o general em meio a outros militares.A Folha enfatiza que o pronunciamento do ministro da Defesa aconteceu no mesmo dia em que o número de mortos por conflitos no país chegou a 26. ""Militares estão com Maduro, afirma ministro da Defesa"". É o que sublinha a manchete da Folha.O Estado de S.Paulo informa que os Estados Unidos reagiram à decisão da Rússia e da China de apoiarem o governo de Nicolás Madudo e destaca que o presidente Donald Trump marcou reunião de emergência no Conselho de Segurança da ONU para conversar sobre o assunto.Para especialistas, um conflito entre Russia e Estados Unidos é improvável, apesar do clima de tensão já instalado antes das decisões sobre o governo de Maduro. Depois que Juan Guaidó se autoproclamou presidente interino da Venezuela, uma onda de reações de países aconteceu.Enquanto Estados Unidos, Brasil e Canadá se posicionaram a favor de Guaidó, Rússia e China apoiaram a continuidade do governo de Nicolás Maduro. ""EUA reagem após Rússia e China apoiarem Maduro"", afirma o título principal do Estadão.O Globo aponta que a Assembleia Legislativa do Rio de Janeiro tem um número de cargos muito acima da média nacional e enfatiza que o gasto para manter os assessores do presidente da Casa chega a R$ 865 mil por mês. Segundo o matutino, a Alerj tem 70 parlamentares e 231 cargos estão à disposição do presidente da Casa.Como comparação, O Globo destaca que a Câmara dos Deputados tem 513 parlamentares e 38 cargos à disposição do presidente. No Senado, o presidente tem a ajuda de 56 servidores.Já na Assembleia Legislativa de São Paulo, que tem o mesmo número de deputados do Rio, a presidência tem 12 funcionários à sua disposição. ""Presidência da Alerj tem 231 cargos; conselho de ética e corregedoria, 9"", destaca a manchete da Folha.O matutino carioca revela ainda, na primera página, que enquanto o ministro da Economia, Paulo Guedes, defende que a reforma da Previdência seja encaminhada à Câmara incluindo mudanças nas regras para civis e militares, o presidente em exercício, Hamilton Mourão, afirmou que as Forças Armadas devem entrar após a proposta para os civis avançar no legislativo. "	-1
165	"""Nova previdência para militares prevê gerar uma economia líquida de R$ 9,2 bilhões em 10 anos, segundo o blog apurou."" ""A proposta de mudança da Previdência dos militares, fechada pela equipe econômica, prevê gerar uma economia líquida de R$ 9,2 bilhões ao país em 10 anos."" ""A equipe econômica, se diz que essas mudanças na carreira"""	"""Nova previdência para militares prevê gerar uma economia líquida de R$ 9,2 bilhões em 10 anos"" A proposta de mudança da Previdência dos militares, fechada pela equipe econômica, prevê gerar uma economia líquida de R$ 9,2 bilhões ao país em 10 anos, segundo o blog apurou. O governo vai aumentar a despesa, concedendo melhorias no plano de carreira dos militares, mas as novas medidas previdenciárias em relação à categoria aumentarão também a receita, e o saldo positivo deve ser de R$ 9,2 bilhões em uma década.O texto prevê aos militares maior tempo de serviço e aumento da alíquota de contribuição. Além disso, as pensionistas passarão a pagar à Previdência, o que não faziam antes. Tudo isso, somado, gerará uma receita de R$ 110 bilhões em 10 anos (saiba mais aqui).Ao mesmo tempo, o novo plano de carreira das Forças Armadas, com aumento de salários e gratificações, significará um gasto de R$ 101 bilhões no mesmo período de 10 anos. Na equipe econômica, se diz que essas mudanças na carreira ocorreriam de qualquer maneira porque se trata de uma reivindicação de muitos anos.Em fevereiro, o governo entregou ao Congresso proposta de emenda constitucional (PEC) da reforma da Previdência, com mudanças nas regras para trabalhadores do setor privado e servidores públicos. As regras para os militares ficaram de ser apresentadas pelo governo em um texto separado, o que deve ocorrer nesta quarta-feira (20).Esse formato final, com melhoria nos proventos dos militares e as novas responsabilidades previdenciárias da categoria, gerando a economia líquida de R$ 9,2 bilhões ao governo em 10 anos, será apresentado ao presidente Jair Bolsonaro na manhã desta quarta-feira (20).Bolsonaro receberá, na residência oficial do Palácio da Alvorada, o ministro da Defesa, Fernando Azevedo, e os chefes das Forças Armadas: o almirante Ilques Barbosa Júnior, comandante da Marinha; o general Edson Leal Pujol, comandante do Exército; e o Tenente-Brigadeiro do Ar Antonio Carlos Moretti Bermudez.Nesta terça (19), o vice-presidente Hamilton Mourão chegou a dar uma estimativa de economia líquida de R$ 13 bilhões em dez anos, mas voltou atrás na sua declaração no final da tarde. O ministro Onyx Lorenzoni (Casa Civil) também deu na terça outros dados sobre a economia a ser gerada pela nova previdência dos militares, tratando de valores brutos. "	-1
166	PF abre inquérito para investigar causas e responsáveis pela tragédia de Brumadinho. A Polícia Federal (PF) vai investigar as causas e também os responsáveis pelo rompimento da barragem de Brumadinho, na região metropolitana de Belo Horizonte, que gerou uma onda de lama de rejeitos de mineração sobre a área rural do município mineiro. Até então, as investigações do caso estavam na esfera estadual, sob responsabilidades das autoridades de Minas Gerais.	"""PF abre inquérito para investigar causas e responsáveis pela tragédia de Brumadinho"" A Polícia Federal (PF) vai investigar as causas e também os responsáveis pelo rompimento da barragem de Brumadinho, na região metropolitana de Belo Horizonte, que gerou uma onda de lama de rejeitos de mineração sobre a área rural do município mineiro.O governo apontou o risco de contaminação do Rio São Francisco por conta do avanço do mar de rejeitos de Brumadinho como motivo para federalizar as investigações da tragédia.Até então, as investigações do caso estavam na esfera estadual, sob responsabilidades das autoridades de Minas Gerais. Agora, a PF vai assumir a apuração. "	-1
167	Governo Bolsonaro se manifesta a favor de prisão após condenação em segunda instância. É a primeira manifestação da AGU favorável à atual regra da Suprema Corte. A prisão depois de condenação em segunda instância voltará a ser julgada pelo STF em 10 de abril. Desde 2016, o Supremo entende que a prisão após segunda instância é possível, mas ações no tribunal visam mudar o entendimento.	"""Governo Bolsonaro se manifesta a favor de prisão após condenação em segunda instância""Manifestação foi apresentada pela AGU em ação da confederação de servidores. STF vai analisar em 10 de abril três das cinco ações que tramitam na Corte pedindo revogação da regra atual. A Advocacia Geral da União (AGU), órgão de assessoria jurídica do governo federal, enviou manifestação ao Supremo Tribunal Federal (STF) se posicionando a favor da prisão após condenação em segunda instância.É a primeira manifestação da AGU favorável à atual regra da Suprema Corte. No governo Michel Temer, o órgão se manifestou contra a prisão em segunda instância, mas a interpretação foi alterada agora pelo governo Bolsonaro.A prisão depois de condenação em segunda instância voltará a ser julgada pelo STF em 10 de abril. Desde 2016, o Supremo entende que a prisão após segunda instância é possível, mas ações no tribunal visam mudar o entendimento.Em 10 de abril serão analisadas três das cinco ações que pedem que as prisões após condenação em segunda instância sejam proibidas em razão do princípio da presunção da inocência.O parecer apresentado nesta terça-feira (19) pela AGU se posicionando pela primeira vez a favor da atual jurisprudência do Supremo se refere à ação protocolada pela Confederação dos Trabalhadores no Serviço Público Municipal (Confetam) questionando a legalidade de uma súmula editada pelo Tribunal Regional Federal da 4ª Região (TRF-4).A súmula define que, quando uma condenação é confirmada em segundo grau, deve ser iniciado o cumprimento da pena independentemente de o réu ter apresentado recursos aos tribunais superiores.Essa ação foi apresentada em julho do ano passado e está sob a relatoria do ministro Luís Roberto Barroso. O processo não está entre os que serão julgados pelo STF no mês que vem.A expectativa é de que a AGU dê o mesmo parecer favorável à prisão em segunda instância nas três ações que serão julgadas em abril pela Suprema Corte, protocoladas pelo PEN, pela OAB e pelo PC do B.Uma quinta ação foi apresentada pelo PDT neste mês e também não está entre as que serão julgadas em 10 de abril. O ministro Marco Aurélio Mello é o relator das ações dos partidos e da OAB.O parecer enviado ao STF na terça, assinado pelo advogado-geral da União, André Mendonça, afirma que executar a pena a partir da segunda instância é um equilíbrio entre o princípio da presunção da inocência e o direito das vítimas de condutas criminosas.""Quando a garantia da presunção de inocência é estendida para impedir qualquer prisão não cautelar antes da conclusão dos processos nas instâncias extraordinárias, o que se percebe é uma grave afetação dos direitos fundamentais das vítimas das condutas criminosas"", diz trecho do parecer do advogado-geral da União.Conforme a AGU, a permissão para aguardar recursos em liberdade só favorece quem tem mais condição de pagar advogados caros.André Mendonça ressalta ainda que não é correto considerar as prisões após segunda instância como ""arbitrárias"" porque duas instâncias já avaliaram as provas.""Não há arbitrariedade na decretação da prisão de um acusado que já teve seu comportamento avaliado como merecedor da reprimenda penal por órgão judicial colegiado. Arbitrária é a eternização _ para alguns, inclusive, contra perspectivas de reforma constitucional _ de um sistema incapaz de garantir alguma efetividade a ato condenatório já avalizado por múltiplas autoridades judiciárias."" "	-1
168	"""O ministro da Controladoria-Geral da União (CGU), Wagner Rosário, responsável pela transparência da administração pública, afirmou acreditar que o decreto que permitiu a servidores comissionados impor sigilo ultrascreto a dados públicos foi mal interpretado, e que os direitos ao acesso à informação estão mantidos. ""O ministro da Controladoria-Geral da União (CGU), Wagner Rosário, responsável pela transparência da administração pública, afirmou acreditar que o decreto que permitiu a servidores comissionados impor sigilo ultrascreto a dados públicos foi mal interpretado, e que os direitos ao acesso à informação estão mantidos.""  ""“O ministro da Controladoria-Geral da União (CGU), Wagner Rosário, responsável pela transparência da administração pública, afirmou acreditar que o decreto que permitiu a servidores comissionados impor sigilo ultrascreto a dados públicos foi mal interpretado, e que os direitos ao acesso à informação estão mantidos.”""  ""““O ministro da Controladoria-Geral da União (CGU), Wagner Rosário, responsável pela transparência da administração pública, afirmou acreditar que o decreto que permitiu a servidores comissionados impor sigilo ultrascreto a dados públicos foi mal interpretado, e que os direitos ao acesso à informação estão mantidos.””""  ""““O ministro da Controladoria-Geral da União (CGU), Wagner Rosário, responsável pela transparência da administração pública, afirmou acreditar que o decreto que permitiu a servidores comissionados impor sigilo ultrascreto a dados públicos foi mal interpretado, e que os direitos ao acesso à informação estão mantidos.”””"" "	"""Regra antiga era antioperacional, diz Wagner Rosário sobre decreto de sigilo a dados públicos"" O ministro da Controladoria-Geral da União (CGU), Wagner Rosário, responsável pela transparência da administração pública, afirmou acreditar que o decreto que permitiu a servidores comissionados impor sigilo ultrassecreto a dados públicos foi mal interpretado, e que os direitos ao acesso à informação estão mantidos.Em entrevista ao blog, Rosário diz que regra antiga era ""antioperacional"" e defendeu que as novas diretrizes _ assinadas nesta quinta-feira (24) pelo presidente da República em exercício, Hamilton Mourão _ vão simplificar processo de classificação de informações.""[O decreto] vai alinhar o processo, as regras do processo que permita você ter uma operacionalização, uma simplificação do tipo de trabalho. Do jeito que estava não garante mais transparência e gera um tipo de trabalho totalmente oneroso para algumas autoridades"", afirmou o ministro.O chefe da CGU dá um exemplo de um cargo importante, como o de diretor-geral da Polícia Federal, que acabava sobrecarregado na classificação de documentos sigilosos. Rosário explica que nenhum superintendente dos 27 estados podia classificar um documento como reservado.""Agora você imagina se cada informação que for classificada na Polícia Federal subir pro Diretor-Geral classificar. Qual a lógica nisso?"", questiona o ministro.Rosário também conta que, em um órgão como a Marinha, existe o projeto de um submarino nuclear. ""Quase tudo no projeto de um submarino nuclear é sigiloso. [E tem que] subir para o comandante da Marinha. Teve uma hora que, se for fazer isso, ele vai passar o dia inteiro só para ver processo de classificação de documentos"".Segundo ele, há medidas de correção de erros de um documento classificado, que pode ser revisto pela própria CGU ou outro órgão em caso de recurso.Além disso, o autor da classificação tem que informar o seu superior, como diretor-geral da PF ou o comandante da Marinha, que analisará a documentação, e os servidores responsáveis podem ser punidos, se fizeram uma avaliação errada de um documento.Leia abaixo a entrevista:Blog _ Há críticas de especialistas de que o decreto que permite a servidores comissionados impor sigilo ultrassecreto a dados públicos é um retrocesso.Wagner Rosário _ Essas colocações são desprovidas de qualquer lógica. Vamos analisar: a lei trouxe essa previsão de classificação de informação, diversas informações que precisam ser classificadas. Alguns órgãos têm necessidade de classificar a informação. Essas informações podem ser delegadas. Por óbvio, imagine que seu público é muito grande, você pega um Diretor-Geral da Polícia Federal, o cara tem um mundo debaixo dele. Agora você imagina se cada informação que for classificada na Polícia Federal subir pro Diretor-Geral classificar. Qual a lógica nisso?Blog _ Era assim que funcionava?Rosário _ Estava previsto que você tinha, para as informações de grau secreto e ultrassecreto, só poderia ser Presidente, Vice-Presidente, Ministro de Estado, Comandante da Marinha, Exército e Aeronáutica, Chefes de missões diplomáticas e consulares. No grau secreto, você impedia que essas pessoas, além das autoridades que eu te falei, tinha os titulares de autarquias, fundações, tudo grau secreto. Então, em grau secreto era só esse pessoal. E no grau reservado tinha que ser DAS 101.5 para cima. Aí depois falava que é vedada a delegação de competência de classificação nos graus de ultrassecreto e secreto. Isso é o que o decreto falava, porque a lei falava que poderia passar para qualquer agente público. Aí você pega o seguinte: pela regra, o Diretor Geral da PF teve que absorver tudo, porque dentro do órgão, para classificar reservado, é de 101.5 para cima. Todos os superintendentes da PF são 101.3. Não são 101.5. Só Rio e São Paulo que é 101.4. Então assim, ele tinha que classificar tudo. Isso tem lógica? Isso é antioperacional, não tinha lógica.Blog _ Mas um diretor da Polícia Federal tem vários assessores, não tem alguém que pode fazer isso e só chegar para ele com a decisão final?Rosário _ Sim, mas para quê ele precisa fazer isso se ele pode delegar para todos os superintendentes e sendo que o próprio parágrafo quarto do novo decreto prevê que essas autoridades têm até 90 dias para informar a ele? Então, quer dizer, o diretor, superintendente da polícia lá no Amapá, não tem condição de classificar um documento. Isso é sem lógica. Quanto ao ministro de Estado... o da Saúde tem mais condições do que o secretário específico da pasta dele? Detalhe: lembre-se não está abrindo para qualquer um fazer. Ele está abrindo para autoridades delegadas. Não está indiscriminado, qualquer um pode, não. Para secreto e ultrassecreto ele pode delegar para DAS 101.6, que seria o secretário.Blog _ Então, na sua visão, não tem prejuízo?Rosário _ Nenhum. Ele vai alinhar o processo, as regras do processo que permita você ter uma operacionalização, uma simplificação do tipo de trabalho. Do jeito que estava não garante mais transparência e gera um tipo de trabalho totalmente oneroso para algumas autoridades.Blog _ Os especialistas estão fazendo uma linha de raciocínio para chegar à seguinte conclusão: um maior número de pessoas tendo essa possibilidade e a responsabilidade de colocar informações governamentais sob sigilo, acaba ampliando o número de informações que vão ficar escondidas da sociedade. Esse raciocínio está errado na sua opinião?Rosário _ Na minha opinião, está errado. Primeiro porque, dentro de 90 dias ele tem que informar a autoridade. Você vai delegar para quem você confia, você está delegando a competência. Outra, estão amarrados em lei. Vamos lá: isso é defesa à soberania nacional, prejudicar ou pôr em risco negociação de assuntos nacionais. Quando classifica tem um termo [Termo de Classificação de Informação] para preencher, colocar os motivos, fazer tudo. Se classificar de forma errada, quem delegou pode desclassificar no momento que quiser. Outra: quando você pedir a informação e ele negar, você pode fazer as revisões, primeiro para a autoridade superior a ele, caso já não seja a autoridade maior do órgão que respondeu, depois à CGU, depois à CMRI [Comissão Mista de Reavaliação de Informações]. Assim, os direitos estão mantidos. Não existe discussão. Agora, eu vou te fazer uma pergunta com sinceridade: você acha que dá mais confiança eu classificar ou poder delegar um ultrassecreto para o meu secretário geral de controle, para o meu secretário geral da União, você acha que a partir de agora a lei está mais em risco? É classificação, é um servidor público, está lotado naquilo, se ele fizer alguma coisa será responsabilizado.Blog _ Eu tenho boas e más experiências com a LAI. Algumas negativas não fazem sentido. Outras fizeram. Como o senhor mesmo disse, é uma decisão subjetiva. Mais pessoas com esse poder de subjetividade...Rosário _ Você tem níveis de subjetividade. Não tem como você amarrar, tem coisas que vão ser analisadas. Tem uns problemas na lei também. Nós temos um caso: qual é o máximo de tempo que eu tenho? São 25 anos para ultrassecreto. Esse é o prazo máximo. Aí eu te digo: a planta do banco Central, depois de 25 anos, eu posso fornecer? Você pode ver também que a lei não é perfeita, tem suas falhas. A gente vai ter que acertar isso. Não é fácil a norma. Eu não estou falando que a gente nunca vai errar, que a gente não pode errar. Mas, no caso específico de hoje, o que eu queria deixar claro é que não tem nenhuma ideia de obstrução a nada. Foi de simplificação pelas estruturas. O pessoal não tem ideia de como centralizar a medida numa pessoa sem ela poder delegar, como aquilo acaba com ela. Por exemplo, você pega um órgão como a Marinha, que está tratando de um submarino nuclear. Quase tudo no projeto de um submarino nuclear é sigiloso. E cada vez que isso acontece tinha que subir para o comandante da Marinha. Teve uma hora que, se for fazer isso, ele vai passar o dia. É o dia inteiro sem fazer mais nada, só para ver processo de classificação de documentos.Blog _ E o senhor confia nessas pessoas que são de confiança do comandante da Marinha, por exemplo.Rosário _ Eu não delegaria para uma pessoa que eu não confio.Blog _ Mas o senhor confia que todas essas pessoas que receberão essa responsabilidade seguirão ""ipsis literis"" o que determina a lei na hora de classificar?Rosário _ É determinação. Quem não cumprir é responsabilizado, como funciona em todo local. Dá o trabalho para o cara e, se ele não fizer, ele é responsabilizado. Detalhe, se você pedir a informação e ele negar alegando a classificação e você recorrer, nós somos obrigados a identificar se aquela classificação foi devida ou não.Blog _ E ele pode ser responsabilizado como?Rosário _ Tem a previsão na norma que ele pode ser responsabilizado. Tanto os militares como os civis pelo não cumprimento de norma, previsto na Lei 8.112, até por improbidade, se for o caso. Está até previsto na lei. Para você ter uma noção, o artigo 65 do decreto, parágrafo segundo, traz: pelas condutas descritas no caput, isto é, agir como dolo ou má fé, divulgar ou permitir a divulgação, permitir acesso indevido a informação classificada, impor sigilo à informação para obter proveito pessoal ou de terceiros, ocultar restrição de autoridade... a pessoa pode responder por crime de responsabilidade previsto na lei 1079 ou pelas infrações previstas na 8429, que é nossa lei de improbidade administrativa.Blog _ E quem fiscaliza isso?Rosário _ A CGU é um dos que fiscaliza e a própria pessoa que delegou, porque de 90 em 90 dias você vai verificando. Você pede a informação, eles negam por sigilo, você recorre, a gente vai olhar e verifica. Verificou que o cara tomou qualquer medida dessa, porque às vezes você pode ter tanto [um servidor] esconder como divulgar a informação sigilosa. Ele vai responder por isso. Detectando, a gente encaminha para a AGU a quem cabe entrar com as ações, e a gente também, descumprindo qualquer norma, pode responsabilizar a pessoa.Blog _ O Diretor da Polícia Federal, por exemplo, poderia ser responsabilizado por ter colocado sob sigilo?Rosário _ Pode, qualquer um. Está sujeito à Lei 8.429. O ministro não está sujeito à sanção disciplinar, mas está sujeito a crime de responsabilidade, está sujeito à Lei de Improbidade Administrativa.Blog _ Então, na sua visão, esse decreto desafoga um serviço como outro qualquer dentro da Administração Pública?Rosário _ Exatamente. Na verdade, ele dá mais liberdade porque lembre-se que é uma possibilidade de delegação. Com certeza a autoridade que classifica uma ou duas informações por ano, não vai delegar. Não tem porquê. Agora, a autoridade que necessita delegar, vai fazê-lo. Tenho certeza que alguns órgãos, pela sua característica de ser muito distribuído, em que você tem autoridade na ponta que é responsável por um Estado todo, ele vai delegar para outra autoridade e vai diminuir o fluxo dos documentos sob a sua responsabilidade.Blog _ Uma das comparações temporais que fizeram foi com o período da ditadura, quando havia dificuldade de ter acesso à informação?Rosário _ Essa comparação é ridícula porque nem havia Lei de Acesso à Informação no regime militar. Como você falou, na época do regime militar.Blog _ Mas então o senhor acha que é desinformação mesmo em relação à medida que foi tomada?Rosário - Exatamente. Eu já vi vários questionamentos hoje que demonstram um certo desconhecimento da norma, mas isso foi muito bem explicado nas notas, principalmente da CGU, da nossa área de comunicação social. Basicamente só permite, define melhor a delegação. A lei permitia a delegação a agente público, a gente está colocando um nível alto ainda. Pode ver que as delegações estão ainda em nível 6, 5 e, no reservado, para o agente público com DAS que aquele órgão determina como autoridade delegante. E ainda tem um controle de até 90 dias para ver todas as informações de documentos que foram classificados. "	-1
169	Eleições com resultados sempre previsíveis são sintoma de que algo vai mal na democracia do país. Zuza Caputavá, do pequeno partido Progressista, que sequer está representado no parlamento, ganhou popularidade em batalha jurídica contra	"""A incerteza do voto""O artigo do cientista político Sérgio Abranches para o blog neste domingo Eleições democráticas têm uma virtude que, às vezes, parece um defeito. Elas são sujeitas a surpresas. Eleições com resultados sempre previsíveis são sintoma de que algo vai mal na democracia do país. O fator surpresa pode revelar fragilidades e fissuras na sociedade, produzindo resultados inesperados, contra a própria democracia ou reduzindo a possibilidade de boa governança. Estados Unidos e Brasil votaram, democraticamente, contra a democracia. Israel, em oito dias, pode votar contra a alternância no poder. Em outros países, o voto busca mais democracia ou volta-se contra as oligarquias dominantes.A Eslováquia surpreendeu, elegendo sua primeira presidente mulher, uma advogada sem experiência política que focou sua campanha na luta contra a corrupção. Zuzana Caputavá, do pequeno partido Progressista, que sequer está representado no parlamento, ganhou popularidade em batalha jurídica contra um aterro sanitário ilegal, que durou 14 anos. Teve papel importante, também, nos protestos que se seguiram ao assassinato de Jan Kuciak e sua noiva. Kuciak, um jornalista investigativo, vinha revelando um esquema de corrupção no governo envolvendo a máfia italiana. Os protestos levaram à renúncia do primeiro-ministro Robert Fico. Caputavá foi eleita no segundo turno contra o conservador Maros Sefcovic, vice-presidente da União Europeia, e teve o apoio do presidente Andrej Kiska, que decidiu não buscar a reeleição. A presidência na Eslováquia tem poderes moderados de veto. Mesmo sendo uma presidência fraca, está sendo vista como um sinal forte e o primeiro resultado concreto do desejo de mudança, contra elites corrompidas.Na Ucrânia, país que vive a angústia do controle russo opressivo, mas tem vasta população russa na sua parte leste, duas lideranças tradicionais, o presidente Petro Poroshenko e a ex-primeira ministra Yulia Tymoshenko, ambas envolvidas em escândalos de corrupção, estão perdendo nas pesquisas eleitorais para um não-político. Quem lidera as preferências populares é o ator de televisão Volodymyr Zelensky, cujo programa, Servidor do Povo, é uma sátira política na qual um cidadão comum, um professor de colégio, se torna presidente por acaso. A ficção ameaça se tornar realidade. Zelenski em nada se parece com o humorista italiano Beppe Grillo, que chegou ao poder pela ultradireita, com opiniões próprias fortes e sem conexões políticas ou empresariais. Suspeita-se que Zelenski seja o peão do oligarca ucraniano Ihor Kolomoisky, rival de Poroshenko. Kolomoisky vive em Israel, após deixar o país para se livrar de um escândalo de corrupção bancária. O programa de Zelenski passa em seu canal de TV e ele tem negócios com o oligarca. Mas a eleição está longe de decidida, há 39 candidatos e muita desesperança. Os ucranianos têm sido quase unânimes no sentimento de que vivem dominados por oligarquias, das quais querem se ver livres. A Ucrânia tornou-se independente da União Soviética em 1991, mas jamais se livrou da Rússia. Com Putin, vive tutelada, sob a ameaça de invasão. A delicada posição geopolítica interfere no cálculo do eleitorado, mas o fator dominante é o cansaço com o domínio oligárquico doméstico.Em Israel, Benjamin Netanyahu antecipou eleições na tentativa de se perpetuar no poder. A repressão na Faixa de Gaza é um ato que agrada a uma parcela ainda majoritária de israelenses. O reconhecimento do direito de Israel sobre as Colinas de Golam por Donald Trump foi um ato combinado de campanha. A visita de Bolsonaro interessa mais a Netanyahu como propaganda, do que por qualquer razão estratégica ou geopolítica. As pesquisas indicam um eleitorado inclinado para a direita, o que favorece sua reeleição. A fragmentação em facções cada vez mais divergentes, todavia, pode indicar o desejo de mudar.Na Espanha, as pesquisas apontam para mais um impasse e a necessidade de uma coalizão com maioria precária. O PSOE, partido na frente das preferências, não fará maioria e o Podemos, seu aliado mais natural, vem definhando nas intenções de voto dos espanhóis. O Ciudadanos (Cs), de centro-direita, mantém-se forte na terceira posição. É a esperança do conservador PP para retornar ao cargo de primeiro-ministro, numa controvertida aliança com o Cs e o ultradireitista Vox, que pode chegar ao parlamento pela primeira vez. Os espanhóis estão descontentes e divididos e esse sentimento reflete-se em governos efêmeros.Não importam os resultados, o mais importante é que as eleições sejam disputadas por regras democráticas e mantenham sobretudo os detentores do poder na incerteza sobre seu destino político. É auspicioso que as urnas revelem escolhas distintas mundo afora, elegendo novatos progressistas, neoconservadores, derrubando oligarquias, formando governos à esquerda e à direita. Há desencanto com a democracia. Mas enquanto os eleitores exercerem seu direito de escolher o governante e acreditarem que, em algum momento, seu voto pode fazer diferença e mudar o poder em seus países, a democracia persistirá. O movimento da história tem sido pela democracia. Mesmo quando ela submerge, por desencanto e erro, como ocorreu com a República de Weimar, ela ressurge vitoriosa. Foram os pensadores de Weimar, entre eles, com destaque, o filósofo Karl Jaspers, que construíram a democracia alemã, após o nefasto regime de ultradireita nazista liderado por Hitler, que levou o mundo à guerra e protagonizou o holocausto.* Sérgio Abranches é cientista político, escritor e comentarista da CBN. É colaborador do blog com análises do cenário político internacional "	-1
170	"""Diplomacia em primeiro lugar, até as últimas consequências, diz Bolsonaro sobre Venezuela."" Nós queremos resolver a situação porque o Brasil está sendo prejudicado e não nos interessa, nem a nós, nem a eles, que um país se perpetue na situação que se encontra a Venezuela."" O Brasil está disposto ao ""que for possível fazer para solucionar o problema da ditadura."""	"""Diplomacia em primeiro lugar, até as últimas consequências, diz Bolsonaro sobre Venezuela""Presidente disse que não pode comentar o que conversou com Donald Trump a respeito da Venezuela na reunião fechada que teve com o americano na Casa Branca. O presidente Jair Bolsonaro, após se reunir com Donald Trump e falar ao lado dele com a imprensa na Casa Branca, nesta terça-feira (19), deu nova entrevista, desta vez sozinho, e comentou como vê a possibilidade de uma intervenção militar na Venezuela, enfatizando que não pode detalhar o que conversou a respeito disso na reunião reservada que teve com Trump no Salão Oval da Casa Branca.""Nós queremos resolver a situação porque o Brasil está sendo prejudicado e não nos interessa, nem a nós, nem a eles, que um país se perpetue na situação que se encontra a Venezuela"", completou.Mais cedo, falando à imprensa ao lado de Trump, Bolsonaro disse que o Brasil está disposto ao ""que for possível fazer para solucionar o problema da ditadura"".""Discutimos a possibilidade de o Brasil entrar como grande aliado extra Otan. Há pouco, permitimos que alimentos fossem alocados em Boa Vista, capital de Roraima, por parte dos americanos, para que a ajuda fizesse presente. No momento, estamos nesse ponto. O que for possível fazermos juntos para solucionar o problema da ditadura da Venezuela, o Brasil estará a postos para cumprir essa missão, para levar liberdade e democracia ao país"", afirmou Bolsonaro.Nesse mesmo contexto, Trump defendeu que integrantes dos setores militares da Venezuela suspendam apoio a Nicolás Maduro. Ele também defendeu o fim do socialismo no continente americano.Bolsonaro defendeu o discurso de Trump e disse que as pessoas que acreditam no socialismo estão ""abrindo a mente para a realidade"".""Acredito piamente na reeleição de Donald Trump. [...] A cada dia que passa, essas pessoas mais voltadas ao socialismo e ao comunismo vão abrindo a mente para a realidade. A fronteira da Venezuela com o Brasil foi fechada não para os brasileiros que apoiam o socialismo, mas para que os venezuelanos que apoiam a democracia não entrassem no Brasil"", afirmou o presidente brasileiro.A Venezuela vive uma longa crise econômica e política, com desabastecimento, hiperinflação, aumento nos indicadores de violências, entre outros problemas graves. O Brasil apoiou a iniciativa de Juan Guaidó de se autodeclarar presidente interino em substituição a Nicolás Maduro, que a oposição passou a considerar um usurpador após uma reeleição de lisura amplamente questionada. No entanto, os chavistas não aceitam diexar o poder e denunciam o movimento liderado por Guaidó como uma forma de interferência estrangeira.O Brasil tem se posicionado a favor de uma solução diplomática para o problema, sem intervenção militar, inclusive compartilha do posicionamento do Grupo de Lima, que reúne países que defendem uma redemocratização da Venezuela, a favor de uma saída pacífica. "	-1
171	"Senado decide refazer eleição depois de constatar na urna 82 votos de 81 senadores. O presidente da sessão falou em equívoco. Alguns parlamentares disseram que houve fraude. Nove senadores se apresentaram como candidatos, mas três desistiram. O Senado decidiu neste sábado (2) anular a votação para presidente da Casa e realizar nova votação após 82 cédulas terem sido colocadas na urna. O número total de senadores é 81. A decisão foi tomada pelo grupo de senadores escrutinadores, escolhidose pelos líderes partidários para acompanhar a votação. O presidente da sessão, senador José Maranhão (MDB-PB), falou em ""equívoco"". Sérgio Petecão (PSD-AC) e Esperidião Amin (PP-SC) disseram que houve ""fraude"". Não sei se foi a Mesa. Pelo princípio da boa-fé, eu estou querendo acreditar que não foi erro da Mesa, que foi um erro informal. Mas, com certeza, o senador ali estava querendo fraudar. É lamentável. E os dois votos eram para a mesma pessoa. É lamentável"", disse Simone Tebet."	"""Senado decide refazer eleição depois de constatar na urna 82 votos de 81 senadores""Presidente da sessão falou em equívoco. Alguns parlamentares disseram que houve fraude. Nove senadores se apresentaram como candidatos, mas três desistiram. O Senado decidiu neste sábado (2) anular a votação para presidente da Casa e realizar nova votação após 82 cédulas terem sido colocadas na urna. O número total de senadores é 81.A decisão foi tomada pelo grupo de senadores escrutinadores, escolhidos pelos líderes partidários para acompanhar a votação.O presidente da sessão, senador José Maranhão (MDB-PB), falou em ""equívoco"". Sérgio Petecão (PSD-AC) e Esperidião Amin (PP-SC) disseram que houve ""fraude"".""Não sei se foi a Mesa. Pelo princípio da boa-fé, eu estou querendo acreditar que não foi erro da Mesa, que foi um erro informal. Mas, com certeza, o senador ali estava querendo fraudar. É lamentável. E os dois votos eram para a mesma pessoa. É lamentável"", disse Simone Tebet.Maranhão rasgou as duas cédulas e foi criticado por colegas. O impasse sobre a contagem de votos gerou tumulto no plenário.Depois disso, as demais cédulas foram trituradas em uma máquina. Coube a Acir Gurgacz (PDT-RO), senador preso que tem autorização para trabalhar no Congresso durante o dia, colocar os votos na máquina.Nove senadores se apresentaram como candidatos à Presidência da Casa, porém três retiraram as candidaturas _ Alvaro Dias (Pode-PR), Major Olímpio (PSL-SP) e Simone Tebet (MDB-MS), que concorria como candidata avulsa. Restaram na disputa seis parlamentares:Após discursos de todos os candidatos, os senadores votaram em cédulas, envelopadas e depositadas em uma urna. Parte dos senadores anunciou o voto no microfone ou mostrou a cédula para as câmeras.No momento de iniciar a apuração, foram encontradas 80 cédulas com votos dentro de um envelope e outras duas cédulas com voto sem envelope. Na soma das cédulas, seriam 82 votos, um a mais do que os 81 senadores que integram e Casa.Antes de se iniciar o processo de votação, nove candidatos discursaram no plenário. Nessa etapa, três senadores _ Alvaro Dias (Pode-PR), Major Olímpio (PSL-SP) e Simone Tebet (MDB-MS), que havia se lançado de forma avulsa _ renunciaram às candidaturas e manifestaram apoio a Davi Alcolumbre.O Senado tenta desde a tarde de sexta-feira (1º) escolher os integrantes da Mesa Diretora. A discussão sobre votação aberta ou secreta gerou bate-boca entre senadores.Na sexta, o plenário decidiu, por 50 votos a dois, que a escolha seria em voto aberto. Vinte e oito senadores não votaram. À noite, devido ao impasse, a sessão foi suspensa para ser retomada na manhã deste sábado.Durante a madrugada, o ministro Dias Toffoli, do Supremo Tribunal Federal (STF) determinou eleição por voto secreto depois de receber uma ação impetrada pelos partidos MDB e Solidariedade. "	-1
172	Luiz Antônio Bonat, juiz mais antigo a concorrer à vaga de Moro, deve assumir a Lava Jato no Paraná. Segundo o TRF-4, Bonat, de 64 anos, é o candidato com maior tempo de magistratura e o critério de seleção é o tempo de serviço; escolha oficial ainda não tem data definida. Como é considerado o juiz mais antigo entre os candidatos, Bonat deve ficar com a vaga de juiz federal na 13ª Vara de Curitiba, já que o critério de seleção é o tempo de serviço.	"""Luiz Antônio Bonat, juiz mais antigo a concorrer à vaga de Moro, deve assumir a Lava Jato no Paraná""Segundo o TRF-4, Bonat, de 64 anos, é o candidato com maior tempo de magistratura e o critério de seleção é o tempo de serviço; escolha oficial ainda não tem data definida. O Tribunal Regional Federal da 4ª Região (TRF-4) confirmou, na manhã desta sexta-feira (25), que Luiz Antônio Bonat é o juiz com maior tempo de magistratura entre os 25 candidatos que se inscreveram para concorrer à vaga de Sérgio Moro e conduzir os processos da Operação Lava Jato, em primeira instância, no Paraná.O prazo de inscrição e de manifestação de desistência terminou às 23h59 de quinta-feira (24). Segundo o TRF-4, a lista final de candidatos tem 25 concorrentes.Como é considerado o juiz mais antigo entre os candidatos, Bonat deve ficar com a vaga de juiz federal na 13ª Vara de Curitiba, já que o critério de seleção é o tempo de serviço.Agora, o nome de Bonat vai ser julgado pelo Conselho de Administração do TRF-4. Apenas depois disso ele deve ser nomeado. Não há um prazo para isso acontecer.Por enquanto, a juíza Gabriela Hardt continua conduzindo os processos da Lava Jato no Paraná.Luiz Antônio Bonat é curitibano e tem 64 anos e atua como juiz federal desde 1993. Segundo o TRF-4, ele já exerceu o cargo na 1ª Vara de Foz do Iguaçu (PR), na 3ª Vara Federal de Curitiba, na 1ª Vara Federal de Criciúma (SC) e, atualmente, trabalha na 21ª Vara Federal de Curitiba, que é especializada em casos da área previdenciária.Antes de assumir como juiz federal, Bonat atuou na Justiça Federal como servidor, nos cargos de auxiliar e técnico judiciário e, depois, como diretor de Secretaria.Ele se formou em direito, em 1979, na Faculdade de Direito de Curitiba, e tem especialização em direito público pela Universidade Federal do Paraná (UFPR).Veja mais notícias da região no G1 Paraná. "	-1
173	"""Moro anuncia medidas objetivas contra corrupção, crime organizado e crime violeneto"" ""O ministro da Justiça e Segurança Pública, Sérgio Moro, afirmou em um vídeo publicado neste domingo (2) em uma rede social do governo que o projeto de lei anticrime a ser enviado ao Congresso Nacional terá ""medidas bastante objetivas"" e ""fáceis de serem explicadas"" contra corrupção, crime organizado e crimes violenos."" ""Moro apresentará e debaterá o projeto nesta segunda-feira (4) em uma reunião com governadores e secretários de segurança, em Brasília."" ""Segundo o Ministério da Justiça, a proposta será encaminhada para análise de deputados e senadores nos ""próximos dias""."""	"""Moro anuncia medidas objetivas contra corrupção, crime organizado e crime violento""Ministro da Justiça apresentará nesta segunda-feira (4) projeto anticrime a governadores e secretários de Segurança Pública. Governo enviará proposta ao Congresso Nacional. O ministro da Justiça e Segurança Pública, Sérgio Moro, afirmou em um vídeo publicado neste domingo (2) em uma rede social do governo que o projeto de lei anticrime a ser enviado ao Congresso Nacional terá ""medidas bastante objetivas"" e ""fáceis de serem explicadas"" contra corrupção, crime organizado e crimes violentos.Moro apresentará e debaterá o projeto nesta segunda-feira (4) em uma reunião com governadores e secretários de segurança, em Brasília.Segundo o Ministério da Justiça, a proposta será encaminhada para análise de deputados e senadores nos ""próximos dias"".Moro e equipe trabalham no projeto desde o final do ano passado, quando se iniciou o período de transição de governo.O projeto da lei anticrime é um dos que integram a lista de metas prioritárias para os primeiros 100 dias do governo Jair Bolsonaro.No vídeo publicado neste domingo, Moro não antecipou detalhes do projeto. De acordo com o ministro, será um texto ""simples"" e com ""medidas bastante objetivas"".""São medidas contra a corrupção, crime organizado e crime violento. Na nossa concepção, esses três problemas caminham juntos"", declarou.Segundo ele, ""é um projeto simples, com medidas bastante objetivas, bem fáceis de serem explicadas ponto a ponto, para poder enfrentar esses três problemas"".Moro argumentou que o crime organizando ""alimenta"" a corrupção e o crime violento.""Boa parte dos homicídios estão relacionados, por exemplo, à disputa do tráfico de drogas ou dívida de drogas"", disse.A corrupção, na avaliação do minis"	-1
174	É a primeira medida provisória aprovada na legislatura que se iniciou neste ano; texto foi enviado pelo governo Michel Temer. A Câmara dos Deputados aprovou nesta quarta-feira (13) a medida provisória que trata da transferência de imóveis do Instituto Nacional do Seguro Social (INSS) para a União. A proposta também extingue o fundo da antiga Rede Ferroviária Federal (RFFSA), liberando imóveis no valor de R$ 1,4 bilhão que poderão ser vendidos, cedidos ou doados para obras de infraestrutura ou programas sociais. 	"""Câmara aprova MP que trata da transferência de imóveis do INSS para a União""É a primeira medida provisória aprovada na legislatura que se iniciou neste ano; texto foi enviado pelo governo Michel Temer.. Proposta segue agora para análise do Senado. A Câmara dos Deputados aprovou nesta quarta-feira (13) a medida provisória que trata da transferência de imóveis do Instituto Nacional do Seguro Social (INSS) para a União. O texto segue para o SenadoA medida foi editada pelo governo Michel Temer e, à época, o então Ministério do Planejamento informou que cerca de 3,8 mil imóveis do INSS passarão para a gestão da Secretaria do Patrimônio da União.Pelos cálculos da antiga pasta, os imóveis do INSS estão avaliados em R$ 6 bilhões e a ideia é que fossem vendidos.A proposta também extingue o fundo da antiga Rede Ferroviária Federal (RFFSA), liberando imóveis no valor de R$ 1,4 bilhão que poderão ser vendidos, cedidos ou doados para obras de infraestrutura ou programas sociais.O texto facilita a regularização da ocupação de áreas da União por entidades desportivas.A MP permite ainda a regularização fundiária de moradias localizadas no Parque Histórico Nacional dos Guararapes, em Pernambuco, com a concessão de terrenos para moradores que não tenham outro imóvel no estado.Os deputados aprovaram dois destaques: um que estabelece a paridade de vencimentos na aposentadoria entre os empregados da Companhia Brasileira de Trens Ubanos (CBTU), da Trensurb e da extinta RFFSA; e outro que autoriza o Departamento Nacional de Obras contra as Secas (Dnocs) doar ao Ceará um área de sua propriedade.Os deputados optaram por aprovar a medida provisória original, enviada pelo Poder Executivo. Foi rejeitado o parecer da comissão mista, que incluiu outros temas no texto _ entre eles, a alteração dos traçados do Parque Nacional de Brasília e da Floresta Nacional de Brasília, além do Parque Nacional de São Joaquim, em Santa Catarina.A proposta da comissão mista recebeu críticas de ambientalistas, que consideraram que os novos limites implicam em redução das áreas de conservação. Na estimativa do Instituto Chico Mendes de Conservação da Biodiversidade (ICMBio), a Floresta Nacional de Brasília poderia perder até 40% de sua área total caso o tema fosse aprovado.Os deputados aprovaram também a medida provisória que reabre o prazo para que os funcionários que ingressaram no serviço público federal possam aderir ao regime de previdência gerido pela Fundação de Previdência Complementar do Servidor Público Federal (Funpresp).Pelo texto, os servidores terão até 29 de março deste ano para fazer a adesão. O prazo anterior acabou em 29 de julho. O texto segue para o Senado. "	-1
175	É #FATO que vale manter aspirina à mão em caso de infarto. A mensagem merece credibilidade, segundo o médico Celso Amodeo, diretor da Sociedade Brasileira de Cardiologia (SBC). A mensagem apontar como sintomas de ataques cardíacos dor no braço esquerdo, dor intensa no queixo, náuseas e suores abundantes. A aspirina só não é recomendada caso haja uma contraindicação médica (como em caso de alerga ou hipersenibildade, por exemplo).	"""É #FATO que vale manter aspirina à mão em caso de infarto""Texto compartilhado no WhatsApp lista providências a serem tomadas. Sociedade Brasileira de Cardiologia diz que mensagem tem credibilidade. Uma mensagem que circula pelo Whatsapp faz um alerta para que as pessoas mantenham aspirina na cabeceira da cama no caso da iminência de um ataque cardíaco. Ela é verdadeira.A aspirina só não é recomendada caso haja uma contraindicação médica (como em caso de alergia ou hipersensibilidade, por exemplo). Mas o alerta, de forma geral, é válido.A mensagem aponta como sintomas de ataques cardíacos dor no braço esquerdo, dor intensa no queixo, náuseas e suores abundantes. Segundo a mensagem, diante da dor no peito, é importante dissolver imediatamente duas aspirinas na boca e engolir com um pouco dágua. Em seguida, ligar para os serviços de emergência.A mensagem merece credibilidade, segundo o médico Celso Amodeo, diretor da Sociedade Brasileira de Cardiologia (SBC).O texto recomenda ainda que a pessoa sente em uma cadeira ou em um sofá e force uma tosse para fazer o coração ""pegar no tranco"".Segundo Amodeo, a aspirina funciona como um antiagregante plaquetário e ajuda a evitar o agravamento de um possível infarto, provocado pelo entupimento das artérias.A aspirina só não é recomendada no caso de uma contraindicação médica (como em caso de alergia ou hipersensibilidade).Amodeo afima ainda que o ato de tossir pode, de fato, estimular o coração, revertendo o agravamento de uma arritmia. Ele ressalta, no entanto, que não é qualquer dor no peito que demanda esse tipo de recurso nem que esse expediente seja a principal medida a ser tomada nesses casos.O médico citado na mensagem, o cardiologista Enio Buffolo, também confirma as orientações dadas.Ao G1 ele diz que não escreveu o texto, mas afirma que as recomendações foram dadas em algum momento em que atendia um paciente e que alguém se encarregou de preparar uma mensagem de alerta. Segundo o médico, o compartilhamento sem fim fez com que ele recebesse telefonemas até da Califórnia (EUA) questionando sobre a veracidade do texto. "	-1
176	Quanto mais profunda e ampla a reforma da Previdência, melhor para o BC, diz Ilan Goldfajn. Quanto mais profunda e ampla a reforma da Previdência, melhor para o BC, diz Ilan Goldfajn. Quanto mais profunda e ampla a reforma da Previdência, melhor para o BC, diz Ilan Goldfajn. 	"""Quanto mais profunda e ampla a reforma da Previdência, melhor para o BC, diz Ilan Goldfajn""Presidente do Banco Central avalia que reforma profunda das regras previdenciárias deve auxiliar a autoridade monetária a manter a inflação sob controle e as taxas de juros baixas. O presidente do Banco Central, Ilan Goldfajn, afirmou nesta quinta-feira (21) em entrevista ao programa GloboNews Miriam Leitão que quanto ""mais profunda e ampla"" for a reforma da Previdência, ""melhor"" para a instituição.Na avaliação de Goldfajn, uma reforma profunda das regras previdenciárias melhora o ambiente econômico, auxiliando a autoridade monetária no controle da inflação, permitindo a manutenção de uma taxa de juros baixa e, consequentemente, incentivando a recuperação da atividade econômica.O presidente do Banco Central elogiou a proposta entregue ao Congresso Nacional nesta quarta (20) pelo presidente Jair Bolsonaro. Para Goldfajn, a proposta de emenda à Constituição (PEC) ""é ampla e trabalha as injustiças"".Entre outros pontos, o governo propôs na PEC a definição de uma idade mínima de aposentadoria diferenciada para homens e mulheres e a unificação das alíquotas de contribuição de trabalhadores da iniciativa privada e servidores públicos que ganham até o teto do Instituto Nacional do Seguro Social (INSS).""Para o Banco Central, quanto mais profunda, quanto mais ampla, quanto mais economia tiver, é melhor em termos de inflação, em termos de manter uma taxa de juros mais baixa e em termos de recuperação da economia. Para o Banco Central, quando a gente olha a reforma, quanto mais profunda e ampla, melhor"", declarou Ilan Goldfajn.O presidente da autoridade monetária ressaltou, entretanto, que a reforma da Previdência proposta pelo governo Jair Bolsonaro é um ""ótimo passo"" para equilibrar a economia brasileira, mas ""não resolve tudo"".Ilan Goldfajn voltou a defender, durante a entrevista, a aprovação no Congresso da proposta que estabelece autonomia para o Banco Central. Um dos pilares do projeto prevê mandato fixo para a diretoria da instituição, não coincidente com o do presidente da República.Na entrevista à GloboNews, o presidente do Banco Central ressaltou que o mandato é importante para garantir a independência da autoridade monetária, como ocorre, por exemplo, nos Estados Unidos.""Essa independência dá uma certa tranquilidade para que você possa fazer outras coisas. Isso ajuda a dar uma tranquilidade"", enfatizou.Indicado para o comando do Banco Central em 2016, pelo então presidente Michel Temer, Ilan Goldfajn é um dos dois ministros do governo anterior que se mantiveram no primeiro escalão na gestão Bolsonaro. O outro ministro remanescente do governo Temer é Wagner Rosário, que está à frente do Ministério da Transparência e da Controladoria-Geral da União.Goldfajn permaneceu no governo temporariamente, somente até o Senado sabatinar e aprovar o nome do indicado de Bolsonaro para a presidência do Banco Central: o economista Roberto Campos Neto.A sabatina de Campos Neto na Comissão de Assuntos Econômicos do Senado está marcada para terça-feira (26). Para assumir o posto, o ex-executivo do Santander precisará passar pela sabatina e por uma votação no plenário do Senado.Questionado pela jornalista Miriam Leitão sobre o que pretende fazer após deixar o comando do Banco Central, Ilan Goldfajn disse que, por ora, só pretende cumprir a quarentena de seis meses ao lado da família. Ele disse que, ao longo deste período de afastamento, irá avaliar o futuro profissional. "	-1
177	Projeto da aposentadoria dos militares será enviado à Câmara até 20 de março, diz secretário. Deputados cobram envio das regras dos militares para iniciar análise da reforma da Previdência. O secretário especial de Previdência e Trabalho, Rogério Marinho, afirmou nesta terça-feira (26) que o governo federal irá encaminhar, até 20 de março, o projeto que reestrutura a aposentadoria dos militares.	"""Projeto da aposentadoria dos militares será enviado à Câmara até 20 de março, diz secretário""Rogério Marinho informou que texto pode ser encaminhado até mesmo nesta semana. Deputados cobram envio das regras dos militares para iniciar análise da reforma da Previdência. O secretário especial de Previdência e Trabalho, Rogério Marinho, afirmou nesta terça-feira (26) que o governo federal irá encaminhar, até 20 de março, o projeto que reestrutura a aposentadoria dos militares.Deputados têm cobrado o envio do texto que irá alterar as regras previdenciárias dos integrantes das Forças Armadas como condição para começarem a analisar a Proposta de Emenda à Constituição (PEC) apresentada para reformar a Previdência para trabalhadores da iniciativa privada e do setor público.O presidente da Câmara dos Deputados, Rodrigo Maia (DEM-RJ), disse ao Blog do Valdo Cruz que a Comissão de Constituição e Justiça (CCJ) da Casa só deve votar a constitucionalidade da reforma da Previdência após o governo Jair Bolsonaro enviar a proposta sobre as novas regras para aposentadoria dos militares.""O compromisso feito pelo presidente da República vai ser cumprido. Dia 20 de março, até o dia 20 de março, chegará ao Congresso Nacional o projeto que reestrutura a assistência dos militares"", declarou Marinho nesta terça após se reunir, em Brasília, com integrantes da bancada do PSD.O secretário de Previdência e Trabalho também afirmou que, junto com a proposta para os militares, o governo vai encaminhar um projeto que endurece a cobrança de dívidas previdenciárias de grandes devedores do Instituto Nacional do Seguro Social (INSS).A CCJ é a primeira etapa de tramitação da proposta de reforma da Previdência enviada pelo governo na semana passada. Na comissão, os deputados definem se a emenda constitucional fere ou não a Constituição. Superada esta etapa, o texto segue para a comissão especial, na qual será discutido o mérito das medidas elaboradas pela equipe econômica. (Veja aqui o caminho da proposta no Congresso).""Não adianta instalar a CCJ porque alguns partidos da base de apoio já disseram que, sem o projeto dos militares aqui na Casa, eles não votam a admissibilidade da reforma da Previdência na comissão"", afirmou Rodrigo Maia ao Blog do Valdo Cruz.Inicialmente, o presidente da Câmara pretendia instalar a CCJ ainda nesta semana para agilizar a tramitação da proposta de reforma da Previdência Social. No entanto, ele decidiu deixar a instalação do colegiado para depois do Carnaval por conta da pressão de parlamentares para que os textos de civis e militares tramitem conjuntamente no Congresso.Com o adiamento da instalação da CCJ, Maia pretende dar tempo para o governo acelerar a conclusão do projeto dos militares. Segundo o presidente da Câmara, até mesmo partidos aliados de Bolsonaro sinalizaram que não aceitariam a exclusão de nenhuma categoria na reforma previdenciária.Após se reunir com a bancada do PSDB, Marinho tentou tranquilizar os parlamentares, afirmando que o governo não vai privilegiar nenhuma categoria, nem mesmo a dos militares, da qual são egressos tanto Bolsonaro quanto diversos integrantes do primeiro escalão.""O presidente se comprometeu publicamente no dia que a PEC chegou aqui no Congresso Nacional de que todos darão a sua contribuição ao projeto, ao equilíbrio do sistema previdenciário, darão a sua contribuição respeitando a especificidade de cada carreira"", declarou o secretário de Previdência.Em outra tentativa de afagar os congressistas e aliviar a tensão gerada nos últimos dias por conta da reforma da Previdência, Rogério Marinho - que é ex-deputado federal - destacou que ""o Congresso tem autonomia e competência para se debruçar sobre o projeto e fazer as alterações e os aperfeiçoamentos"" que considerar adequados.""O que nós estamos pedindo como governo ao parlamento é que leve em consideração que qualquer modificação, qualquer modificação, tem impacto fiscal e, por via de consequência, tem alguma situação que pode significar que menos recursos serão disponibilizados no futuro para ações essenciais que estão sendo demandadas pela sociedade. Mas é uma escolha que o parlamento fará"", enfatizou.Nesta terça-feira (26), deputados que vão compor a bancada militar fizeram a primeira reunião na Câmara dos Deputados. O grupo ainda está reunindo assinaturas para protocolar a criação da bancada.Não houve qualquer decisão durante a reunião sobre as próximas ações do grupo, ainda sem data para ocorrer.Durante sua fala de abertura da reunião, o deputado Gonzaga (PDT-MG), cobrou do presidente Bolsonaro (PSL-RJ) mais diálogo com os militares. ""Eu não ouvi, acho que a bancada não ouviu ainda diretamente do Bolsonaro que defesa ele quer fazer de nós"", afirmou. "	-1
178	Ministério de Minas e Energia vai investigar rompemento da barragem de Brumadinho. Segundo a pasta, o processo vai permitir providências para mitigar consequências do rompemento da barragem. A portaria publicada nesta segunda, é assinada pelo secretário de Geologia, Mineração e Transformação Mineral do MME.	"""Ministério de Minas e Energia vai investigar rompimento da barragem de Brumadinho""Decisão foi publicada no Diário Oficial da União nesta segunda (11). Segundo a pasta, o processo vai permitir providências para mitigar consequências do rompimento da barragem. O Ministério de Minas e Energia (MME) determinou a abertura de processo administrativo para apurar o rompimento da barragem de Brumadinho, em Minas Gerais. A decisão foi publicada nesta segunda-feira (11), no ""Diário Oficial da União"".De acordo com o ministério, o processo vai permitir providências para mitigar consequências do rompimento da barragem, além da adoção de medidas de segurança para outras barragens de rejeitos de minérios.Até este domingo (10), 17º dia de buscas por vítimas do rompimento da barragem de rejeitos de minérios companhia Vale, 165 mortes foram confirmadas e 160 pessoas seguem desaparecidas.A portaria publicada nesta segunda, é assinada pelo secretário de Geologia, Mineração e Transformação Mineral do MME, Alexandre Vidigal de Oliveira. O processo vai coletar todas as informações, dados, documentos, manifestações e decisões da secretaria relacionadas ao rompimento da barragem de Brumadinho.Três dias após o rompimento da barragem, o ministro de Minas e Energia, Bento Albuquerque, assinou uma portaria que determinava a apuração das circunstâncias que causaram o rompimento da barragem.Pouco mais de um mês antes do rompimento da barragem, a Vale obteve autorização do governo de Minas Gerais para um projeto de expansão das minas do Córrego do Feijão, onde ocorreu o desastre.As intervenções aumentariam a capacidade produtiva em quase 70%, passando dos atuais 10,6 milhões de toneladas de minério de ferro por ano para 17 milhões.No entanto, as obras previstas contrariavam algumas recomendações de segurança do relatório da consultora Tüv Süd, segundo engenheiros ouvidos pelo G1.O estudo recomendou à mineradora ações que aumentassem a segurança e evitassem a liquefação _ quando um material rígido passa a se comportar como fluido _ que é uma das possíveis causas do rompimento da barragem em Brumadinho.Conheça a íntegra da PortariaO SECRETÁRIO DE GEOLOGIA, MINERAÇÃO E TRANSFORMAÇÃO MINERAL do MINISTÉRIO DE MINAS E ENERGIA-SGM/MME, no uso de suas atribuições legais de coordenar, monitorar, orientar, promover, propor, apoiar e supervisionar o controle e a fiscalização das atividades do setor de geologia e mineração, decorrentes da MP 870, de 1º/01/2019, do Decreto 9.675, de 02/01/2019, e expressamente conferidas pela Portaria Ministerial 108 de 14/3/2017(Regimento Interno-MME), notadamente o disposto em seu artigo 1º, incisos II, IV, VII, e XI, e da Portaria 68/GM, de 28/01/2019, e tendo em vista os princípios e fins da Administração Pública, bem como o que consta da Lei 9.784/99, resolve:Art. 1º - Determinar a instauração de processo administrativo com o objetivo de coletar todas as informações, dados, documentos, manifestações e decisões no âmbito desta SGM-MME relacionados ao rompimento da Barragem B1 do Complexo da Mina Córrego Feijão, no Município de Brumadinho/MG, no dia 25/01/2019.Art. 2º - O Processo Administrativo em referência servirá para a adoção das providências que se fizerem necessárias quanto à prevenção, controle e mitigação das consequências dos danos provocados pelo rompimento da Barragem B1 do Complexo da Mina Córrego Feijão, bem como para adoção de providências afins quanto à segurança de barragens afetas a esta SGM-MME.Art. 3º - Dê-se conhecimento desta Portaria ao Gabinete do Exmº Sr. Ministro de Estado de Minas e Energia e à Exmª Secretária-Executiva deste Ministério, bem como à Agência Nacional de Mineração-ANM e à Companhia de Pesquisa e Recursos Minerais-CPRM (Serviço Geológico do Brasil).Art. 4º - Esta Portaria entra em vigor na data de sua publicação.ALEXANDRE VIDIGAL DE OLIVEIRA "	-1
179	Após postar vídeo com pornografia, Bolsonaro pergunta o que é golden shower. Presidente compartilhou na terça (5) uma cena de bloco de carnaval, em que um homem dança e em determinado momento se abaixa para outro urinar nele. Nesta quarta, pergunto sobre a prática sexual e causou ainda mais reações nas redes sociais. O presidente Jair Bolsonaro aumentou ainda mais a polêmica sobre pornografia e carnaval nas redes sociais nesta quarta-feira (6).	"""Após postar vídeo com pornografia, Bolsonaro pergunta o que é golden shower""Presidente compartilhou na terça (5) uma cena de bloco de carnaval, em que um homem dança e em determinado momento se abaixa para outro urinar nele. Nesta quarta, perguntou sobre a prática sexual e causou ainda mais reações nas redes sociais.  O presidente Jair Bolsonaro aumentou ainda mais a polêmica sobre pornografia e carnaval nas redes sociais nesta quarta-feira (6). Ele havia compartilhado, na véspera, um vídeo de um bloco de carnaval em São Paulo em que dois homens dançam sobre um ponto de táxi. Em determinado momento, um deles coloca o dedo no ânus e se abaixa para que o outro urine nele.Nesta quarta, o presidente tuitou: ""O que é golden shower?"".""Golden shower"" significa ""ducha dourada"" (em tradução literal). É um termo em inglês usado para definir relações sexuais envolvendo o ato de urinar no(a) parceiro(a).Bolsonaro tem quase 3,5 milhões de seguidores no Twitter e usa a plataforma para anunciar iniciativas do governo e se comunicar com a população. O post do presidente com o vídeo teve mais de 8 mil retuítes, mais de 46 mil curtidas e 39 mil comentários até as 12h de quarta. Já a pergunta sobre golden shower teve 28 mil retuítes, mais de 54 mil curtidas e 18 mil comentários até o mesmo horário.O assunto está entre os mais comentados na rede social internacionalmente. Entre as principais hashtags dos Trending Topics estão #ImpeachmentBolsonaro, #BolsonaroTemRazão, #goldenshowerpresidente, #VergonhaDessePresidente.Ambas as postagens estão disponíveis a qualquer pessoa que acesse a conta dele, e causaram críticas tanto de opositores como de apoiadores do presidente.Usuários críticos às postagens destacaram que práticas como a que foi divulgada pelo presidente da República não ocorreram na absoluta maioria dos blocos de carnaval. Além disso, ao postar o vídeo em sua conta no Twitter, Bolsonaro levou a milhões de internautas temas que ele próprio sempre considerou impróprios para circulação em massa.Em novembro de 2017, quando ainda era deputado federal, Bolsonaro criticou a liberação do acesso de menores a uma exposição sobre sexualidade no Museu de Arte de São Paulo (Masp). ""Os canalhas não querem deixar as crianças em paz!"", escreveu sobre o assunto, também no Twitter.Dois meses antes, ao encampar uma campanha contra uma exposição que contava com um homem nu, o presidente havia colocado uma tarja no vídeo que divulgou na mesma rede social _ algo que ele não fez com o vídeo divulgado nesta terça.Entre as pessoas que criticaram o presidente por divulgar o vídeo pornográfico, está o deputado federal Kim Kataguiri (DEM-SP), um dos líderes do Movimento Brasil Livre (MBL). Em uma série de postagens no Twitter na manhã desta quarta, o parlamentar destacou que chegou a fazer campanha por Bolsonaro no segundo turno da eleição de 2018, mas que o tuíte do presidente ""é incompatível com a postura de um presidente, ainda mais de direita.""Também integrante do Movimento Brasil Livre (MBL), o vereador de São Paulo Fernando Holiday (DEM) afirmou que o vídeo compartilhado pelo presidente é ""indigno para o cargo"".A economista Ana Carla Abrão, que foi secretária de Fazenda de Goiás, classificou o post como ""absurdo"":A deputada federal Carla Zambelli (PSL-SP) defendeu Bolsonaro e comparou a reação aos vídeos às críticas feitas ao presidente dos Estados Unidos, Donald Trump, por ter divulgado vídeos antimuçulmanos.O vídeo foi gravado no desfile do Blocu, em São Paulo, na segunda-feira (4). Na postagem de terça, o presidente escreveu:""Não me sinto confortável em mostrar, mas temos que expor a verdade para a população ter conhecimento e sempre tomar suas prioridades. É isto que tem virado muitos blocos de rua no carnaval brasileiro. Comentem e tirem suas conslusões (sic)"".Inicialmente, o vídeo era exibido automaticamente a quem acessasse a conta. Foi só algumas horas depois que a sequência passou a ter a visualização restrita: em vez do vídeo, a rede social exibe um alerta de que a mídia pode conter material sensível. A sequência, desde então, só é exibida caso o usuário clique em ""ver"".O G1 procurou o Palácio do Planalto duas vezes nesta quarta, mas a Presidência não se manifestou até as 12h.O Twitter foi questionado se a visualização foi restringida por Bolsonaro ou pela própria rede social. A empresa disse que não faz comentários sobre contas específicas, mas informou que tem regras sobre os conteúdos permitidos na plataforma e que ""eventuais violações estão sujeitas a medidas cabíveis.""As regras do Twitter impedem a publicação de conteúdo adulto em vídeos ao vivo, em imagens de capa ou de perfil. Nos demais casos _ como vídeos gravados ou fotos _, as mídias devem ser marcadas com a opção ""sensível"".Quando isso não é feito, outros usuários podem denunciar. A rede social, então, inclui um alerta. Além disso, se o Twitter considerar o conteúdo inapropriado, o autor do post pode ser notificado, com exigência de remoção do conteúdo e até bloqueio a conta. "	-1
180	Ex-deputado da bancada ruralista é nomeado para chefiar o Serviço Florestal. O ex-deputado Valdir Colatto (MDB-SC) foi nomeado nesta segunda-feira (25) para o cargo de diretor-geral do Serviço Florestal Brasileiro do Ministério da Agricultura. O nome de Colatto para o cargo já havia sido anunciado pela ministra da Agricultura, Tereza Cristina, em uma rede social, ainda em janeiro. 	"""Ex-deputado da bancada ruralista é nomeado para chefiar o Serviço Florestal""Valdir Colatto (MDB-SC), que não se reelegeu para novo mandato na Câmara dos Deputados, já fez discursos críticos ao percentual de terra que deve ser preservado por fazendeiros. O ex-deputado Valdir Colatto (MDB-SC) foi nomeado nesta segunda-feira (25) para o cargo de diretor-geral do Serviço Florestal Brasileiro do Ministério da Agricultura. A nomeação foi publicada no ""Diário Oficial da União"" desta segunda-feira (25).O nome de Colatto para o cargo já havia sido anunciado pela ministra da Agricultura, Tereza Cristina, em uma rede social, ainda em janeiro.Integrante da Frente Parlamentar Agropecuária do Congresso, conhecida como a bancada ruralista, Colatto não se reelegeu em outubro e já fez discursos críticos ao percentual de terra que deve ser preservado por fazendeiros.Criado em 2006, o Serviço Florestal Brasileiro era vinculado ao Ministério do Meio Ambiente, mas desde 1º de janeiro, quando o presidente Jair Bolsonaro editou uma medida provisória (MP) para reestruturar o governo, o serviço passou a ser vinculado à pasta da Agricultura.De acordo com o site do órgão, cabe ao SFB ""promover o conhecimento, o uso sustentável e a ampliação da cobertura florestal, tornando a agenda florestal estratégica para a economia do país"".Em 7 de fevereiro do ano passado, Colatto fez um discurso no qual criticou o percentual de preservação de terra nas fazendas.""No Brasil, 20,5% da área das propriedades são de florestas. O agricultor paga essa conta sem que haja nenhum dividendo com a cidade. Quem é que deixa 20%, 35% ou 40% da sua propriedade, na área urbana, para a preservação do meio ambiente? Só a agricultura brasileira faz isso"", afirmou o deputado na ocasião.Em outro discurso, em 11 de dezembro do ano passado, o novo chefe do Serviço Florestal Brasileiro disse que ""66% das florestas no Brasil não são nada"".Afirmou, ainda, que o Brasil precisa ""refletir"" sobre as atuais regras de preservação.""Nós temos que pensar que 66% das florestas no Brasil não são nada se compararmos com as da Europa, que não chegam a ter 0,5% de floresta. E eles ainda querem dizer o que devemos fazer aqui? Ora, se quiserem que mantenhamos nossas florestas, que nos paguem com serviços ambientais, como fazem os Estados Unidos e a Europa, onde quem preserva a floresta recebe por isso"", declarou. "	-1
181	"Onyx ganha fôlego com vitória anti-Renan, mas ministros temem reações no Senado. Ministros do governo Bolsonaro e parlamentares ouvidos pelo blog após o resultado no Senado neste sábado (2) avaliam que a vitória de Davi Alcolumbre (DEM-AP) para comandar a Casa garantiu ""fôlego"" ao ministro Onyx Lorenzoni (Casa Civil).Onyx saiu derrotado na disputa da Câmara dos Deputados na sexta-feira (1º), e deputados afirmaxam que ele está enfraquecido como interlocutor na Casa. Motivo: não queria Rodrigo Maia, que foi reeleito, como candidato.Por isso, na avaliação de bastidor, Onyx precisava da vitória neste sábado no Senado para garantir sua ""sobrevivência"" na articulação política. Conseguiu. Foi arriscado, ele jogou todas as fichas e apostou alto no senador David Alcolumbre _ mas deu certo. Em uma articulaçãocom diversos partidos, desgastou a candidatura de Renan Calheiros."	"""Onyx ganha fôlego com vitória anti-Renan, mas ministros temem reações no Senado"" Ministros do governo Bolsonaro e parlamentares ouvidos pelo blog após o resultado no Senado neste sábado (2) avaliam que a vitória de Davi Alcolumbre (DEM-AP) para comandar a Casa garantiu ""fôlego"" ao ministro Onyx Lorenzoni (Casa Civil).Onyx saiu derrotado na disputa da Câmara dos Deputados na sexta-feira (1º), e deputados afirmam que ele está enfraquecido como interlocutor na Casa. Motivo: não queria Rodrigo Maia, que foi reeleito, como candidato.Por isso, na avaliação de bastidor, Onyx precisava da vitória neste sábado no Senado para garantir sua ""sobrevivência"" na articulação política. Conseguiu. Foi arriscado, ele jogou todas as fichas e apostou alto no senador David Alcolumbre _ mas deu certo. Em uma articulação com diversos partidos, desgastou a candidatura de Renan Calheiros.Um dos mais próximos ministros de Bolsonaro disse ao blog que muitos no governo ""cometeram o erro"", até sexta-feira, de achar que Renan na oposição seria muito pior do que na Presidência do Senado.Mas, após o tumulto da sessão de sexta, explica o interlocutor do Planalto, ficou ""claro que o ambiente anti-Renan era mais forte"". ""A derrota que ele não teve nas urnas teve neste sábado"", afirmou.Um presidente de partido experiente, aliado do governo e que participou das conversas no Congresso, concorda. ""Renan pagou para ver. Ontem [sexta], tinha que ter saído e lançado Simone Tebet. Os senadores não queriam mais pagar o preço do desgaste de imagem da Casa, por conta das investigações contra Renan. E Davi era o único que estava em campanha de fato"", disse.A preocupação agora, admitem ministros e parlamentares, é saber qual será o alcance da reação e a capacidade de articulação do grupo de oposição, liderado por Renan, ao governo. Nas palavras de um aliado de Renan, Onyx ""despertou a ira"" do grupo ao deixar sua digital na disputa pela Presidência do Senado.Os governistas vão monitorar com lupa se haverá sequelas desta operação bem-sucedida de Onyx para as matérias e votações de interesse do Planalto. E também esperam que o ministro se reposicione para desobstruir a interlocução política com Rodrigo Maia (DEM-RJ) na Câmara, por onde começa a discussão da reforma da previdência. "	-1
182	"""Projeto de aposentadoria de militares pode azedar ainda mais clima na base aliada"" O presidente Jair Bolsonaro está de volta de sua viagem aos Estados Unidos e deve decidir nesta quarta-feira (20) o projeto de lei que muda as regras de aposentadoria dos militares. O presidente Jair Bolsonaro está de volta de sua viagem aos Estados Unidos e deve decidir nesta quarta-feira (20) o projeto de lei que muda as regras de aposentadoria dos militares. O presidente Jair Bolsonaro está de volta de sua viagem aos Estados Unidos e deve decidir nesta quarta-feira (20) o projeto de lei que muda as regras de aposentadoria dos militares. "	"""Projeto de aposentadoria de militares pode azedar ainda mais clima na base aliada"" O presidente Jair Bolsonaro está de volta de sua viagem aos Estados Unidos e deve decidir nesta quarta-feira (20) o projeto de lei que muda as regras de aposentadoria dos militares. A depender do texto, o clima, que já não está muito bom na base aliada, pode azedar ainda mais, levando a atrasos na tramitação da reforma da Previdência Social.A primeira sinalização já foi dada pelo presidente da Câmara, Rodrigo Maia, ao admitir que os vencimentos dos militares estão defasados, mas este não seria o momento para fazer correções salariais. Se a proposta vier com muitas vantagens para os militares, os aliados vão questionar e pressionar, na linha de que não dá para beneficiar uma categoria, enquanto se exige sacrifício das demais.Este é o comentário corrente entre líderes partidários. Um deles disse ao blog que, principalmente num governo de militares, não dá para se aproveitar a reforma da Previdência para tirar do governo aumentos salariais num momento de aperto fiscal. Segundo ele, a mensagem a ser transmitida seria muito ruim e ficaria difícil votar a reforma com um cenário desse.O projeto sobre a aposentadoria dos militares pode ser um ingrediente a mais para tumultuar a relação da base aliada com o Palácio do Planalto. Entre líderes, está recorrente a reclamação de que o presidente, nas conversas privadas, promete atender os pedidos da base, como nomeação de afilhados para segundo e terceiro escalão. Em público, porém, ele faz críticas à velha política.Nas palavras de um líder, a mensagem que fica é que o presidente busca ficar ""bem na foto"" com seus seguidores, reclamando de pedidos de seus aliados, que seriam classificados como o velho ""toma lá dá cá"". Enquanto isso, o relacionamento entre governo e base aliada segue tumultuado, próximo do início da tramitação da reforma da Previdência. "	-1
183	"""Sociedade tem que se insurgir caso algum senador derubbe o resultado da votação que estabeleceu voto aberto para a escolha do novo presidente da Casa.Os senadores decidiram, por 50 votos a 2 (1 abstenção; 28 não votaram), realizar uma votação aberta e nominal na eleição que definirá o sucessor do senador Eunício Oliveira (MDB-CE) no comando da Casa."	"""Sociedade tem que se insurgir caso algum senador derrube voto aberto, diz Alcolumbre""Presidente em exercício da sessão desta sexta (1º), o senador do DEM adiou para sábado (2) a eleição do novo presidente da Casa. Por maioria, senadores decidiram fazer eleição aberta. Pivô do tumulto que gerou a suspensão da eleição para a presidência do Senado, o senador Davi Alcolumbre (DEM-AP) afirmou nesta sexta-feira (1º), ao final da sessão, que a sociedade tem que se ""insurgir"" caso algum parlamentar derrube o resultado da votação que estabeleceu voto aberto para a escolha do novo presidente da Casa.A reunião durou cerca de cinco horas e será retomada neste sábado (2) às 11h.Os senadores decidiram, por 50 votos a 2 (1 abstenção; 28 não votaram), realizar uma votação aberta e nominal na eleição que definirá o sucessor do senador Eunício Oliveira (MDB-CE) no comando da Casa. Com a votação aberta, o voto de cada parlamentar será divulgado.Davi Alcolumbre assumiu a presidência da sessão desta sexta-feira em razão de ser o único integrante da última gestão da Mesa Diretora que permanece com mandato de senador.Os outros dirigentes da antiga gestão _ entre os quais Eunício Oliveira _ não se reelegeram em outubro. Já Alcolumbre está no meio do mandato de oito anos.""O presidente que assumir a presidência e revogar a decisão de 50 senadores, aí a sociedade brasileira tem que se insurgir contra esse político que vai contra os desejos do povo brasileiro e a vontade soberana de 50 senadores de 80"", declarou Alcolumbre após suspender a sessão.Adversários de Renan Calheiros acreditam que a votação aberta pode prejudicar a tentativa do emedebista de retornar para a presidência do Senado pela quarta vez.Na avaliação desses parlamentares, a divulgação nominal dos votos poderia constranger aliados do senador de Alagoas a votarem nele por conta de todas as polêmicas e denúncias de corrupção que ele se envolveu nos últimos anos.Mesmo com a derrota na escolha do tipo de votação, aliados de Renan, como o senador Eduardo Braga (MDB-AM), não reconheceram o resultado, argumentando que o regimento interno da Casa prevê que, para alterar as regras _ e, por exemplo, fazer uma eleição aberta _, deveria ter ocorrido unanimidade. Porém, dois senadores votaram contra a votação aberta.A sessão foi marcada por confusões. Parlamentares de vários partidos discutiram por causa da previsão de votação secreta na eleição interna e pelo fato de Davi Alcolumbre (DEM-AP) estar na presidência da sessão.Senadores protestaram contra o fato de o parlamentar do Amapá estar conduzindo a sessão com o argumento de que ele era candidato à presidência da Casa.Candidato do MDB, o senador Renan Calheiros (AL) questionou no microfone se Alcolumbre era candidato, mas o senador do Amapá não quis confirmar a candidatura. No Senado, qualquer parlamentar pode se apresentar como candidato à presidência da Casa até iniciar o processo de votação.Aliada de Renan, a senadora Kátia Abreu (PDT-TO) era uma das mais exaltadas no plenário. Em meio à confusão, a parlamentar do Tocantins subiu à Mesa Diretora, arrancou das mãos de Alcolumbre uma pasta com os encaminhamentos da sessão e afirmou aos gritos que o senador do Amapá não iria presidir a sessão na condição de candidato.Em outro momento, enquanto Kátia Abreu discutia com Alcolumbre, Renan e o senador Tasso Jereissati (PSDB-CE) discutiram calorosamente. Adversários políticos, eles bateram boca e quase partiram para a agressão física. "	-1
184	Na reta final, aliados de Rodrigo Maia falam em vitória no primeiro turno. Para isso, precisará de 257 votos. A avaliação é que depois de o deputado Arthur Lira (PP-AL) desistir da disputa, a candidatura à reeleição do atual presidente da Casa ficou mais forte e tende a fechá-lo um amplo apoio que garanta sua vitória sem necessidade de um segundo turno. O deputado do Progressista desistiu de sua candidatura depois de avaliar que não vingou uma aliança entre partidos de centro e da esquerda, já que PC do B e PDT devem apoiar a reeleição de Rodrigo Maia. Diante da decisão do parlamentar de Alagoas, o MDB e PTB, que estavam buscando fechá-lo um bloco contra a candidatura do atual presidente da Câmara, também iniciaram negociações nos bastidores com o deputado do Rio.	"""Na reta final, aliados de Rodrigo Maia falam em vitória no primeiro turno"" Faltando quatro dias para a eleição da presidência da Câmara dos Deputados, aliados do deputado Rodrigo Maia (DEM-RJ) já falam na possibilidade de vitória no primeiro turno. Para isso, precisará de 257 votos.A avaliação é que depois de o deputado Arthur Lira (PP-AL) desistir da disputa, a candidatura à reeleição do atual presidente da Casa ficou mais forte e tende a fechar um amplo apoio que garanta sua vitória sem necessidade de um segundo turno.O deputado do Progressista desistiu de sua candidatura depois de avaliar que não vingou uma aliança entre partidos de centro e da esquerda, já que PC do B e PDT devem apoiar a reeleição de Rodrigo Maia.Diante da decisão do parlamentar de Alagoas, o MDB e PTB, que estavam buscando fechar um bloco contra a candidatura do atual presidente da Câmara, também iniciaram negociações nos bastidores com o deputado do Rio.No MDB, o atual vice-presidente da Câmara, Fábio Ramalho (MG), mantém sua candidatura. ""Vamos ter segundo turno e eu vou ganhar, teremos pelo menos seis candidatos disputando a eleição"", afirmou Fabinho Ramalho, como é conhecido, ao blog.Ele disse que as informações de que o MDB estaria negociando com Rodrigo Maia não procedem, pois a maioria dos deputados do partido estaria fechada com seu nome.A eleição para presidência da Câmara e do Senado será na sexta-feira (01). O Palácio do Planalto acompanha de perto as negociações, mas o presidente Jair Bolsonaro tem insistido que manterá neutralidade no processo. "	-1
185	Planalto monta gabinete informal em hospital de SP para Bolsonaro despachar após cirurgia. Vice-presidente Hamilton Mourão ficará interinamente no comando do país até quarta-feira (30). Presidente vai retirar nesta segunda (28) bolsa de colostomia implantada após atentado à faca. A cirurgia a que o presidente Jair Bolsonaro será submetido nesta segunda-feira (28) para retirar a bolsa de colostomia vai alterar a rotina do governo federal nas próximas semanas. Por recomendação médica, Bolsonaro ficará 48 horas desligado das atividades de Estado a partir desta segunda, e o país será comandado interinamente neste período pelo vice-presidente Hamilton Mourão. 	"""Planalto monta gabinete informal em hospital de SP para Bolsonaro despachar após cirurgia""Vice-presidente Hamilton Mourão ficará interinamente no comando do país até quarta-feira (30). Presidente vai retirar nesta segunda (28) bolsa de colostomia implantada após atentado à faca. A cirurgia a que o presidente Jair Bolsonaro será submetido nesta segunda-feira (28) para retirar a bolsa de colostomia vai alterar a rotina do governo federal nas próximas semanas. Por recomendação médica, Bolsonaro ficará 48 horas desligado das atividades de Estado a partir desta segunda, e o país será comandado interinamente neste período pelo vice-presidente Hamilton Mourão.Conforme a previsão médica, Jair Bolsonaro deverá ter condições de retomar as atividades de presidente da República a partir de quarta-feira (30). No entanto, após o afastamento de 48 horas por ordem médica, ele ainda terá que permanecer em São Paulo por até 10 dias para monitoramento.Neste período, Bolsonaro vai trabalhar no próprio hospital em uma espécie de gabinete que foi montado para dar suporte ao presidente. A intenção é que ele consiga receber ministros e se atualizar sobre os assuntos de Estado.Ministros viajarão até São Paulo para reuniões e também manterão contato por telefone com o presidente. Bolsonaro assinará atos formais, como despachos e eventuais sanções de leis, a partir do hospital.O presidente desembarcou na manhã deste domingo (27) na capital paulista para realizar os exames pré-operatórios. Ele utiliza a bolsa de colostomia desde que foi alvo, no ano passado, de um atentado à faca durante um ato de campanha em Juiz de Fora (MG).Na ocasião, ele teve o abdômen perfurado e teve de ser submetido a duas cirurgias: uma na Santa Casa de Juiz de Fora e uma segunda no Albert Einstein, onde foi implantada a bolsa.A colostomia é um procedimento que encaminha as fezes e os gases do intestino grosso para uma bolsa fora do corpo, na região abdominal. Com a cirurgia desta segunda-feira, a equipe médica religará as partes do intestino do presidente que estão separadas.Segundo o porta-voz do Palácio do Planalto, Otávio Rêgo Barros, Hamilton Mourão ficará interinamente no comando da Presidência durante a cirurgia de Bolsonaro e nas 48 horas seguintes ao procedimento.O presidente da República comunicou formalmente a Câmara e o Senado sobre a realização da cirurgia. Em mensagem publicada no ""Diário Oficial da União"" na sexta-feira (25), ele informou que ficará ""sob efeito de anestesia geral"" durante o procedimento cirúrgico e que o atestado médico o impedirá de exercer a Presidência por 48 horas.Essa será a segunda passagem de Hamilton Mourão pela Presidência no governo Bolsonaro. Na semana passada, o vice comandou o país de segunda-feira (21) até a madrugada de sexta, no período em que Bolsonaro viajou a Davos, na Suíça, para participar do Fórum Econômico Mundial.A previsão é de que Mourão comande uma reunião ministerial na terça-feira (29) no Palácio do Planalto. Bolsonaro costuma reunir o ""conselho de governo"" uma vez por semana, às terça-feiras. A pauta do encontro desta semana prevê uma apresentação do Tribunal de Contas da União (TCU) sobre governança.A recuperação da cirurgia de Bolsonaro ocorrerá na semana em que ocorrerá a retomada das atividades parlamentares no Congresso Nacional. Na sexta-feira (1º), deputados e senadores eleitos em outubro vão tomar posse para a próxima legislatura. No mesmo dia, serão eleitos os presidentes da Câmara e do Senado para os próximos dois anos.A expectativa, neste momento, é de que o atual presidente da Câmara, Rodrigo Maia (DEM-RJ), se reeleja. Ele tem o apoio declarado de 12 partidos, entre os quais o PSL de Bolsonaro.No Senado, entretanto, o desfecho ainda é imprevisível. A eleição que escolherá o sucessor de Eunício Oliveira (MDB-CE) poderá ter recorde de candidatos. Até agora, oito senadores são cotados para disputar o comando da Casa, entre eles o ex-presidente do Senado Renan Calheiros (MDB-AL).Apesar de o Palácio do Planalto repetir que não vai se envolver nas eleições internas do Legislativo, integrantes da área política do governo estão de olho no processo. A preocupação do Executivo federal é com a possibilidade de alguém não afinado com o Planalto assumir o controle das casas do parlamento.Renan Calheiros, por exemplo, é visto por integrantes do Planalto e da futura base governista de Bolsonaro como um risco à governabilidade, em razão de ser considerado um político independente que poderia gerar dificuldades para a aprovação de pautas consideradas cruciais para o novo governo, como a aprovação da reforma da Previdência. Oficialmente, contudo, o senador de Alagoas nega que vá disputar o comando do Senado mais uma vez.Os presidentes da Câmara e do Senado têm o controle da pauta legislativa. São eles que decidem quais assuntos são colocados em votação e quando os temas serão votados.Além de acompanhar as eleições para o comando da Câmara e do Senado, Bolsonaro vai monitorar do hospital os desdobramentos e os trabalhos de assistência às vítimas do mar de rejeitos de mineração da Vale que invadiu a área rural do município de Brumadinho (MG).Na manhã de sábado (26), dia seguinte à tragédia, o presidente foi a Minas Gerais para sobrevoar a área atingida pela onda de lama e coordenar uma reunião do gabinete de crise instalado em Belo Horizonte para acompanhar o caso.Ao retornar para Brasília no sábado, Bolsonaro publicou em uma rede social que o governo fará o que estiver ao alcance para evitar que tragédias como a de Brumadinho se repitam. "	-1
186	Leilão dos aeroportos vai diminuir bloqueio de gastos do governo. Unão esperava arrecar R$ 220 milhões, mas obteve R$ 2,377 bilhões com a concessão dos terminais. Isso porque o Ministério da Economia não conta com os recursos de c	"""Leilão dos aeroportos vai diminuir bloqueio de gastos do governo""União esperava arrecadar R$ 220 milhões, mas obteve R$ 2,377 bilhões com a concessão dos terminais. Com isso, congelamento das despesas com investimentos será menor, mas ainda superará os  R$ 10 bilhões. O leilão dos aeroportos feito na sexta-feira (15) terá impacto no corte no Orçamento que o governo deve anunciar no final desta semana. Os R$ 2,377 bilhões obtidos, à vista, com as concessões no setor aeroportuário demandarão um bloqueio menor nos gastos neste começo de ano, já que a previsão inicial de receita era de apenas R$ 220 milhões.Contingenciamentos, em geral, são feitos no primeiro semestre do ano. A equipe econômica os formata para adequar a previsão de receita às despesas e, dessa forma, cumprir a meta fiscal.Embora o governo tenha comemorado, porque ganhou ""pouco mais de R$ 2 bilhões"", o corte no Orçamento deve ficar acima dos R$ 10 bilhões. Isso porque o Ministério da Economia não conta com os recursos de capitalização da Eletrobras, de cerca de R$ 12 bilhões, que devem ficar apenas para 2020.O fundo da Lava Jato, de cerca de R$ 2,5 bilhões, também poderia contribuir para que o contingenciamento fosse menor, caso tivesse sido transferido para a Conta Única do Tesouro. Ocorre que os valores estão congelados por decisão do Supremo Tribunal Federal, tomada pelo ministro Alexandre de Moraes na última sexta-feira (15).A despesa primária total deste ano, aprovada na Lei Orçamentária Anual (LOA), é de R$ 1,43 trilhão. Desse total, o contingenciamento recai sobre os R$ 129,38 bilhões, que são os valores destinados a investimento, já que não se pode mexer nas despesas obrigatórias (previdência, pessoal, o mínimo de gastos com saúde etc.). No ano passado, o investimento foi de R$ 53 bilhões de um total da despesa de R$ 1.351,75 bilhões _ ou seja, o investimento foi apenas 3,9% da despesa primária.No passado, eram mais comuns os contingenciamentos porque o Orçamento acabava saindo do Congresso inflado. Com o teto dos gastos, aprovado em 2017, isso mudou. Os bloqueios, agora, são menores que nos anos anteriores porque o Orçamento está ajustado à regra - em 2018, a despesa discricionária do governo central voltou ao mesmo valor real de 2010. ""Mas como já cortamos muito da despesa discricionária, qualquer contingenciamento de R$ 1 é bem doloroso"", declarou um técnico da Economia.O problema da despesa do governo central é o crescimento das despesas obrigatórias e, em especial, pessoal e previdência, que são dois terços (67%) da despesa primária (que não leva em consideração o pagamento de juros). Ao longo do ano, o contingenciamento pode ser revisto se a receita ajudar. Mas, para isso, o crescimento não pode continuar decepcionando, alegou o técnico da Economia. "	-1
187	"Ministros são exonerados para tomar posse na Câmara. Além da cerimônia de posse dos deputados, Câmara vai realizar nesta sexta (1º) a eleição para presidente da Casa. Foram publicadas no ""Diário Oficial da União"" desta sexta-feira (1º) as exonerações de ministros que foram eleitos deputados federais nas eleições de outubro. Eles vão tomar posse na Câmara e depois retornarão para os ministérios."	"""Ministros são exonerados para tomar posse na Câmara""Depois, eles serão renomeados para voltar para os ministérios. Além da cerimônia de posse dos deputados, Câmara vai realizar nesta sexta (1º) a eleição para presidente da Casa.  Foram publicadas no ""Diário Oficial da União"" desta sexta-feira (1º) as exonerações de ministros que foram eleitos deputados federais nas eleições de outubro. Eles vão tomar posse na Câmara e depois retornarão para os ministérios.Foram exonerados Onyx Lorenzoni (DEM-RS), da Casa Civil; Tereza Cristina (DEM-MS), da Agricultura; e Osmar Terra (MDB-RS), da Cidadania.O outro ministro que se elegeu deputado, Marcelo Álvaro Antônio (Turismo), não participou da sessão de posse, por isso não foi exonerado. De acordo com a assessoria da pasta, Marcelo Álvaro está de licença médica. Ele pode tomar posse como deputado depois.Esta sexta-feira marca a abertura do ano do Legislativo. Além da posse de deputados, a Câmara vai realizar a eleição para presidente da Casa.A sessão está marcada para 10h, no plenário principal da Câmara.De acordo com o regimento interno, a cerimônia de posse será conduzida por Rodrigo Maia (DEM-RJ), presidente da Câmara no biênio anterior.Na sessão, ele fará a leitura do compromisso solene dos parlamentares, previsto no regimento: ""Prometo manter, defender e cumprir a Constituição, observar as leis, promover o bem geral do povo brasileiro e sustentar a união, a integridade e a independência do Brasil"".Um a um, os deputados serão chamados pelo nome para irem até um dos microfones no plenário confirmar o juramento. Os primeiros serão os da região Norte e os últimos, da região Sul.Ao serem chamados, deverão responder: ""Assim o prometo"". O ritual oficializa o início do mandato parlamentar, que terá duração até 31 de janeiro de 2023.Os deputados empossados não poderão fazer discursos. Quem não puder comparecer na cerimônia desta sexta, terá prazo de até 60 dias para tomar posse durante qualquer outra sessão do plenário. "	-1
188	Justiça derubou a suspensão, e Câmara paga R$ 16 milhões em auxílio-mudança para deputados. Dos 513 deputados, só não receberam o auxílio-mudança os suplenotes (que só recebem depois de 30 dias no exercício do mandato) e os deputados que se licenciaram para assumir cargos no Poder Executivo federal, estadual ou municipal. O auxílio-mudança corresponde a um salário (atu	"""Justiça derruba suspensão, e Câmara paga R$ 16 milhões em auxílio-mudança para deputados""De acordo com a Câmara, pagamento foi depositado nesta segunda (25), e 477 deputados, entre eleitos e reeleitos, receberam recursos. Benefício está previsto em decreto de 2013. Quatro dias após a Justiça Federal derrubar a suspensão do auxílio-mudança, a Câmara dos Deputados informou ter depositado o benefício nesta segunda-feira (25). Ao todo, foram pagos R$ 16.104.951,00 a 477 parlamentares, entre eleitos e reeleitos.O pagamento havia sido proibido pela Vara Federal Cível e Criminal de Ituiutaba (MG) em 24 de janeiro, mas, no último dia 21, a decisão foi derrubada pela Justiça Federal de Sergipe (leia detalhes mais abaixo).Dos 513 deputados, só não receberam o auxílio-mudança os suplentes (que só recebem depois de 30 dias no exercício do mandato) e os deputados que se licenciaram para assumir cargos no Poder Executivo federal, estadual ou municipal.O auxílio-mudança corresponde a um salário (atualmente em R$ 33.763,00) e está previsto em um decreto legislativo de 2013, que não impede o repasse a deputados reeleitos. O benefício é pago no começo e ao fim do mandato.No caso da Câmara, o último pagamento havia sido feito no fim de dezembro do ano passado, a 505 deputados, no valor total de R$ 17.050.315,00.Em janeiro deste ano, uma decisão liminar da Justiça Federal em Ituiutaba (MG) proibiu a Câmara e o Senado de pagarem o auxílio-mudança para parlamentares reeleitos.O processo depois foi remetido para Sergipe porque a Justiça Federal no estado já havia recebido, antes, uma ação sobre o mesmo tema.Um pedido também chegou ao Supremo Tribunal Federal (STF), mas o relator, ministro Luís Roberto Barroso, entendeu que, como o processo já havia saído de Minas Gerais, não havia mais razão para análise.No 14 de fevereiro, um juiz federal de Sergipe manteve a proibição do auxílio-mudança, mas, na última quinta-feira (21), o juiz Ronivon de Aragão, da 2ª Vara Federal, derrubou a suspensão.Para o juiz, ação popular serve para combater atos lesivos ao patrimônio, não para questionar regras em vigor.""Na situação desta demanda, o que se verifica - como já visualizado por este Juízo, como dito acima, desde o exame inicial da medida de urgência postulada - é que, ao fim e ao cabo, a pretensão do autor popular é questionar, mesmo que por via oblíqua, a norma constante do Decreto Legislativo"", decidiu.O magistrado afirmou ainda ser preciso mudar a norma ou questionar a constitucionalidade, mas não se pode deixar de aplicar um regra válida.""De outra parte, discordar do texto normativo é legítimo e isso faz parte da democracia, mas, para sanar tal discordância, existem os meios adequados para fazê-lo, seja por meio da pressão democrática no sentido de alteração da norma, seja em razão de persistir em seu texto alguma inconstitucionalidade, cujo controle abstrato - para as normas federais - está a cargo do STF."" "	-1
189	Moção a favor do voto aberto no Senado conta com apoio de 54 parlamentares. A eleição está marcada para a noite desta sexta-feira (1º). A moção não tem efeito prático, mas, segundo Major Olímpio, indica que, se uma questão de ordem for apresentada no plenário para a votação ser aberta, pode ser aprovada. Major Olímpio diz que disputará a presidência do Senado.	"""Moção a favor do voto aberto no Senado conta com apoio de 54 parlamentares"" O senador Major Olímpio (PSL-SP) informou ao blog que a moção a favor do voto aberto na eleição para presidente do Senado conta com o apoio de 54 parlamentares.A eleição está marcada para a noite desta sexta-feira (1º).A moção não tem efeito prático, mas, segundo Major Olímpio, indica que, se uma questão de ordem for apresentada no plenário para a votação ser aberta, pode ser aprovada.Major Olímpio diz que disputará a presidência do Senado. "	-1
190	"""Cacique denuncia retirada ilegal de madeira em terras indígenas no Maranhão"" O cacique Antônio Guajajara, da terra indígena Caru, no Maranhão, denuncinou ao blog nesta sexta-feira (24) a invasão de madeireiros à terra indígena Awá Guajá, que fica ao lado de onde ele exerce a função de líder da aldeia. ""Nós temos que continuar trabalhando firme e forte. É isso que nós temos que fazer daqui para frente. Não deixar os madeireiros acabarem com nossas terras, com nossas matas e nossas florestas"", afirmou Antônio Guajajara no vídeo. Além da denúncia em vídeo, Antônio enviou fotos ao blog que mostram máquinas de cortes de madeira e diversas toras empilhadas no chão. Segundo o cacique, existem mais de 100 caminhões dentro da terra Awá Guajá puxando madeira, fora os tratores que também fazem o trabalho."	"""Cacique denuncia retirada ilegal de madeira em terras indígenas no Maranhão"" O cacique Antônio Guajajara, da terra indígena Caru, no Maranhão, denunciou ao blog nesta sexta-feira (24) a invasão de madeireiros à terra indígena Awá Guajá, que fica ao lado de onde ele exerce a função de líder da aldeia.Em vídeo enviado ao blog, o cacique fala de uma ""grande destruição"" e mostra várias toras de madeiras que, segundo ele, teriam sido arrancadas da terra indígena Awá Guajá.Além da denúncia em vídeo, Antônio enviou fotos ao blog que mostram máquinas de cortes de madeira e diversas toras empilhadas no chão.Segundo o cacique, existem mais de 100 caminhões dentro da terra Awá Guajá puxando madeira, fora os tratores que também fazem o trabalho.""Nós temos que continuar trabalhando firme e forte. É isso que nós temos que fazer daqui para frente. Não deixar os madeireiros acabarem com nossas terras, com nossas matas e nossas florestas"", afirmou Antônio Guajajara no vídeo.O cacique registrou as localizações exatas de onde teriam ocorrido os crimes ambientais por parte dos madeireiros.A região é a mesma onde um posto da Fundação Nacional do Índio (Funai) foi queimado em janeiro de 2018, no município de Zé Doca, a 302 km de São Luís do Maranhão. O local é marcado por conflitos entre índios, pecuaristas e madeireiros.Guajajara explica que os povos de três terras da região decidiram se unir para fazer um trabalho de vigilância e evitar práticas como os crimes ambientais. Segundo ele, as terras Caru, Awá Guajá e Alto Turiaçu, que ficam coladas uma à outra, se uniram para fazer essa vigilância desde 2014.""A gente está fazendo esse trabalho de vigilância que vem dando muito certo. Mas, por ser muito povoado, com muitas cidades e só tem essa floresta no Maranhão, acaba que eles conseguem invadir"", explica o cacique.Os homens que trabalham na vigilância das terras são chamados de ""guardiões da floresta"" e a organização de mulheres indígenas que cuidam da região é chamada de ""guerreiras da floresta"".O cacique disse que se preocupa com a terra dos Awá Guajá - segundo ele, a região mais invadida no momento - e enfatizou que existem outras práticas ilegais ocorrendo no local.""Tem outros trabalhos ilícitos que estão fazendo na região, mas tudo é para retirada de madeira. A nossa floresta está cada vez mais diminuindo. Se não tomarmos uma iniciativa, ela vai acabar desaparecendo, e aí vai a nossa cultura. Acabando a floresta, acabou os povos indígenas do Brasil"", explicou.As terras Caru, Awá Guajá e Alto Turiaçu abrigam os remanescentes da Floresta Amazônica no Maranhão. Nas terras Caru, vivem os povos guajajara. Na Awá Guajá estão os awá e, em Alto Turiaçu, estão o Kaapor. "	-1
191	Após vitória, governo busca ampliar apoio a reformas; Apesar de a vitória de Rodrigo Maia (DEM-RJ) na presidência da Câmara e de Davi Alcolumbre (DEM-AP) no Senado serem consideradas vitórias para o governo, a equipe sabe que precisa de uma articulação mais eficiente para garantir as reformas.	"""Governo busca apoio para reformas; Maia diz que agenda de costumes atrasará Previdência. Jornais de segunda (4)""Veja quais são as notícias de destaque nos matutinos brasileiros Em sua manchete, O Globo informa que a equipe do presidente Jair Bolsonaro se prepara para colocar em prática uma articulação mais eficiente no Congresso para ajudar na aprovação de reformas de interesse do governo. Apesar de a vitória de Rodrigo Maia (DEM-RJ) na presidência da Câmara e de Davi Alcolumbre (DEM-AP) na presidência do Senado serem consideradas vitórias para o governo, a equipe sabe que precisa de uma articulação mais eficiente para garantir as reformas.Segundo o matutino carioca, aliados de Rodrigo Maia já pensam em estratégias para aumentar seu poder de barganha com o governo e tentam esvaziar o poder do deputado Major Vitor Hugo (PSL-GO), escolhido por Bolsonaro para ser líder na Câmara. ""Após vitória, governo busca ampliar apoio a reformas"", mostra a manchete do Globo.O Estado de S.Paulo mostra que o Brasil vai abrir mão de R$ 54 bilhões de arrecadação do INSS em 2019 por causa das isenções concedidas a micro e pequenas empresas, entidades filantrópicas e exportadoras agrícolas. De acordo com o matutino, em 2018 as isenções custaram R$ 46,3 bilhões aos cofres públicos, equivalente a um quarto do rombo da Previdência.O Estadão lembra que, em 2017, o deputado Arthur Oliveira Maia, relator da reforma da Previdência, afirmou que tiraria esses benefícios na proposta da reforma. No entanto, o texto foi enviado sem citar as isenções. ""Isenções vão fazer INSS abrir mão de R$ 54 bi no ano"", sublinha o título principal do Estadão.A Folha de S.Paulo destaca que o ministro do Turismo, Marcelo Álvaro Antônio, patrocinou candidaturas laranjas em Minas Gerais em 2018 e direcionou verbas públicas de campanha para empresas ligadas ao seu gabinete na Câmara. O matutino explica que o comando do PSL repassou R$ 279 mil a quatro candidatas que, juntas, tiveram pouco mais de 2 mil votos.A Folha enfatiza que o baixo número de votos indica que as candidaturas foram de fachada e afirma que pelo menos R$ 85 mil dos R$ 279 mil foram repassados a empresas ligadas ao ministro de Bolsonaro. Questionado, o ministro nega irregularidades na distribuição das verbas. ""Ministro deu verbas públicas para candidatura de laranjas"", revela a manchete da Folha.Em entrevista ao matutino paulista, o presidente da Câmara, Rodrigo Maia, relativizou diferenças com o Executivo, e explicou que a reforma da Previdência não pode dar errado sob pena de haver uma ruptura definitiva da política.Para o político estrategista, debater temas como o projeto Escola sem Partido _ ou seja, a paute de costumes do novo governo _ poderá criar ""um ambiente de guerra"" no plenário, inviabilizando discussões que são mais urgentes. "	-1
192	Lava Jato denuncia Beto Richa, filho e contador da família por lavagem de dinheiro. Denúncia trata da compra de um terreno em um condomínio de Curitiba, em 2012; caso envolve esquema de propina em contratos de pedágio, conforme o MPF. Esta é a segunda denúncia contra Beto Richa apresentada pelo Ministério Público Federal (MPF) envolvendo um esquema de propina em contratos de pedágio.	"""Lava Jato denuncia Beto Richa, filho e contador da família por lavagem de dinheiro""Denúncia trata da compra de um terreno em um condomínio de Curitiba, em 2012; caso envolve esquema de propina em contratos de pedágio, conforme o MPF. A força-tarefa da Operação Lava Jato denunciou o ex-governador do Paraná Beto Richa (PSDB), um dos filhos dele, André Richa, e o contador da família, Dirceu Pupo, por lavagem de dinheiro na compra de um terreno em um condomínio de Curitiba, em 2012.Esta é a segunda denúncia contra Beto Richa apresentada pelo Ministério Público Federal (MPF) envolvendo um esquema de propina em contratos de pedágio. A primeira tratava dos crimes de corrupção passiva e pertencimento a organização criminosa.Beto e Pupo foram presos preventivamente - por tempo indeterminado - na sexta-feira (25), na deflagração da 58ª fase da Operação Lava Jato. O juiz justificou a prisão alegando que Richa e o contador da família tentaram influenciar os depoimentos de testemunhas da investigação.Os procuradores afirmam, na segunda denúncia contra o ex-governador, que um dos destinos de parte da corrupção recebida por ele era a incorporação do dinheiro, de forma dissimulada, ao patrimônio de familiares com atos de lavagem de dinheiro na aquisição de imóveis em nome da Ocaporã Administradora de Bens.A empresa pertence formalmente à ex-primeira dama Fernanda Richa e a dois filhos do ex-governador, André e Marcello Richa. Dirceu Pupo atuava como administrador, conforme o MPF.Segundo os procuradores, no primeiro depoimento prestado por André, ele disse que a principal pessoa da família com quem o contador trataria sobre decisões estratégicas de compra e venda de imóveis seria com o pai dele - embora Beto não esteja no quadro societário da Ocaporã.De acordo com o MPF, o gerente comercial de uma empresa que vendeu um terreno em Curitiba para a família Richa contou em depoimento que parte do pagamento foi em dinheiro vivo.Segundo ele, ficou acordado que o negócio seria fechado mediante pagamento de dois lotes e entrega de mais R$ 930 mil em espécie por André.Também em depoimento, o dono da incorporadora de imóveis confirmou que recebeu os valores em espécie de Dirceu Pupo, no escritório da empresa, e que o dinheiro estava em uma caixa de papelão, conforme os procuradores.O empresário apresentou aos investigadores uma planilha criada na época da transação, que mostra os valores envolvidos no negócio.De acordo com ele, o registro ""Receita Out"" indica os pagamentos feitos por fora. Ao lado, há uma anotação: ""R$ 930 mil Richa"".O MPF afirma ainda que o valor total da compra foi de R$ 1,950 milhão, mas que na escritura aparece o valor de R$ 505 mil.A força-tarefa não denunciou Fernanda Richa. No documento, os procuradores dizem que embora existam indícios da participação dela no caso, neste momento o MPF entende oportuna a continuidade da investigação.A defesa de Beto Richa informou que estuda as medidas a serem adotadas. O advogado de Pupo informou que não irá se manifestar antes de ter acesso à denúncia.Já a defesa de André e Fernanda Richa afirmou que a empresa Ocaporã nunca cometeu irregularidade e não tem relação com Beto.Conforme a nota, a empresa existe desde 2008 para gerir o patrimônio originário da herança do pai de Fernanda. ""Seu marido, Carlos Alberto Richa, nunca foi sócio ou geriu, nem exerceu qualquer função na empresa.""Ainda segundo a defesa, Dirceu Pupo é um funcionário responsável pela gestão da empresa, com conhecimento e confiança de Fernanda.""Todas as transações de imóveis ocorreram em razão de oportunidades comerciais reais e lícitas. A empresa jamais realizou qualquer operação com o intuito de ocultar ou dissimular valores"", afirmou.Na segunda-feira (28), o MPF apresentou denúncia contra o ex-governador por corrupção passiva e pertencimento a organização criminosa em um esquema de propina em contratos de pedágio.Segundo o MPF, o esquema desviou R$ 8,4 bilhões por meio do aumento de tarifas de pedágio do Anel de Integração, e de obras rodoviárias não executadas. A propina paga em troca dos benefícios, conforme os procuradores, foi estimada em pelo menos R$ 35 milhões.Os procuradores dividiram as acusações em duas denúncias. Uma delas envolve agentes públicos, como Beto Richa, e mais outras oito pessoas. Já a outra denúncia é relacionada aos empresários envolvidos no esquema.Seis ex-presidentes de empresas concessionárias de pedágio foram acusados de crimes como corrupção ativa, pertencimento a organização criminosa e lavagem de dinheiro.Veja mais notícias do estado no G1 Paraná."	-1
193	"""Terror e morte em escola de Suzano; Bolsonaro mostra insatisfação com imagem no exterior. Os principais jornais detalham as informações sobre o atentado realizado por dois jovens nesta quarta-feira (13) em uma escola pública de Suzano, na Grande São Paulo. O Globo destaca que Guilherme Taucci Monteiro, de 17 anos, e Luiz Henrique de Castro, de 25 anos, eram ex-alunos da Escola Estadual Professor Raul Brasil, entraram por volta de 9h40 da manhã no local e atacaram alunos e funcionários. O matutino carioca ressalta que o ataque reacende o debate sobre a flexibilização do porte de armas e mostra que, para o presidente da Câmara, deputado Rodrigo Maia (DEM-RJ), porte de arma em área urbana é ""proposta de barbárie""."""	"""Terror e morte em escola de Suzano; Bolsonaro mostra insatisfação com imagem no exterior. Jornais de quinta (14) ""Veja quais são as notícias de destaque nos matutinos brasileiros  Os principais jornais detalham as informações sobre o atentado realizado por dois jovens nesta quarta-feira (13) em uma escola pública de Suzano, na Grande São Paulo. O Globo destaca que Guilherme Taucci Monteiro, de 17 anos, e Luiz Henrique de Castro, de 25 anos, eram ex-alunos da Escola Estadual Professor Raul Brasil, entraram por volta de 9h40 da manhã no local e atacaram alunos e funcionários. Os assassinos mataram 8 pessoas e deixaram outras 11 feridas.Ao serem encurralados pela polícia, Guilherme Taucci atirou no companheiro e se matou em seguida. O matutino carioca ressalta que o ataque reacende o debate sobre a flexibilização do porte de armas e mostra que, para o presidente da Câmara, deputado Rodrigo Maia (DEM-RJ), porte de arma em área urbana é ""proposta de barbárie"". ""O horror na escola"", sublinha a manchete do Globo.O Estado de S.Paulo também dá destaque ao assunto e afirma que os assassinos demoraram 15 minutos para realizar o massacre, que terminou com a morte dos dois. Segundo o Estadão, Guilherme Taucci usava um revólver quando entrou na escola e Luiz Henrique de Castro chegou em seguida segurando uma besta _ arma que dispara flechas _ e uma machadinha.A polícia ainda não descobriu a motivação para o crime, mas as investigações apuram se a dupla de assassinos planejou o massacre em um fórum de jogadores de videogame. Momentos antes do ataque, Guilherme Taucci postou fotos em sua rede social segurando um revólver e usando uma máscara com desenho de caveira. ""15 minutos de terror na escola"", aponta o título principal do Estadão.A Folha de S.Paulo conta que, antes de entrar na escola e atirar contra alunos e funcionários, Guilherme Taucci matou o próprio tio, dono de uma locadora de veículos na região próxima à Escola Raul Brasil. Jorge Antônio de Moraes chegou a ser socorrido e levado ao hospital depois de ser baleado, mas não resistiu aos ferimentos.O matutino trata das imagens captadas por câmeras de segurança que mostram pessoas correndo dentro da escola em desespero e alunos pulando o muro para escapar do massacre. Após a tragédia, a Secretaria da Educação de São Paulo afirmou que vai revisar os procedimentos de segurança nas escolas. ""Ex-alunos invadem escola e matam estudantes e funcionários em Suzano"", diz a manchete da Folha.Na primeira página, O Globo comenta a decisão anunciada nesta quarta-feira (13) pelo presidente Jair Bolsonaro de trocar o comando de 15 importantes embaixadas brasileiras. Durante café da manhã com jornalistas, Bolsonaro disse que o principal motivo para a troca é a insatisfação com sua imagem no exterior.O presidente se queixa de estar sendo chamado de ditador e homofóbico e vai trocar embaixadores de países importantes como Estados Unidos, Itália e Portugal. O Globo enfatiza que a troca no comando deve priorizar embaixadores mais experientes e lembra que o chanceler Ernesto Araújo já fez grandes alterações no Itamary desde o início da gestão de Bolsonaro. "	-1
194	Empreendedor condenado na Lava Jato deixa a prisão com tornozeleira eletrônica. Ronan foi condenado, em 2ª instância, por lavagem de dinheiro com pena de cinco anos de reclusão em regime inicial fechado. O empresário Ronan Maria Pinto _ dono do jornal Diário do Grande ABC _ deixou a prisão na quinta-feira (28), conforme o Departamento Penitenciário (Depen) do Estado do Paraná. O empresário estava preso no Complexo Médico-Penal em Pinhais, na Região Metropolitana de Curitiba, desde maio de 2018.	"""Empresário condenado na Lava Jato deixa a prisão com tornozeleira eletrônica""Ronan foi condenado, em 2ª instância, por lavagem de dinheiro com pena de cinco anos de reclusão em regime inicial fechado. Condenado na Operação Lava Jato, o empresário Ronan Maria Pinto _ dono do jornal Diário do Grande ABC _ deixou a prisão na quinta-feira (28), conforme o Departamento Penitenciário (Depen) do Estado do Paraná.O empresário estava preso no Complexo Médico-Penal em Pinhais, na Região Metropolitana de Curitiba, desde maio de 2018. Segundo o Depen, ele deixou o local com tornozeleira eletrônica, por volta das 10h30.A defesa de Ronan informou que conseguiu que o regime semiaberto harmonizado fosse concedido pela Vara das Execuções Penais de Curitiba ao cliente. *Leia, no fim da reportagem, a nota na íntegra.Ronan foi condenado em 2ª instância pelo Tribunal Regional Federal da 4ª Região (TRF4), em Porto Alegre (RS), em março de 2018. O TRF-4 manteve a condenação que havia sido proferida em 1ª instância, de cinco reclusão em regime inicial fechado. Ele foi condenado por lavagem de dinheiro. Essa ação penal foi um desdobramento do processo que condenou o pecuarista José Carlos Bumlai e dirigentes do Banco Schahin, por empréstimo fraudulento de R$ 12 milhões concedidos pelo Banco Schahin a Bumlai.De acordo com os desembargadores, metade do valor foi repassada para a empresa Betin e a outra parte, para a Remar Agenciamento e Assessoria, que repassou quase tudo o que recebeu à empresa Expresso Nova Santo André, com o destinatário final sendo Ronan.Todas essas transações que envolvem os réus deste processo eram fraudulentas e tinham por objetivo disfarçar o destino do dinheiro, segundo a sentença. Nos autos, não há investigação sobre a motivação do PT para entregar os valores a Ronan.Porém, o Ministério Público Federal (MPF) levantou a hipótese de uma suposta extorsão praticada por Ronan contra o PT, o que não foi esclarecido e não era o foco da denúncia, relativa ao crime de lavagem de dinheiro.Ronan havia sido preso preventivamente na 27ª fase da Operação Lava Jato, em abril de 2016. Três meses depois, foi solto após pagar fiança de R$ 1 milhão e colocar tornozeleira eletrônica.Em novembro de 2017, o empresário voltou a ser preso, por determinação da Justiça de Santo André (SP), por corrupção no setor de transportes de Santo André, no ABC paulista.Além disso, Ronan foi condenado a 14 anos de prisão pelo crime cometido durante a gestão do prefeito de Santo André Celso Daniel, assassinado em 2002.""O Escritório Fernando José da Costa Advogados conseguiu que a Vara das Execuções Penais de Curitiba concedesse o regime semiaberto harmonizado a um de seus clientes (OU A RONAN MARIA PINTO). Esse entendimento é aplicado pelas Varas do local devido à falta de vagas em regime semiaberto no Estado do Paraná, entendimento este que deveria, na realidade, ser aplicado por todos os juízes, para evitarem a superlotação carcerária e desrespeito a direitos humanos, cumprindo-se uma Súmula Vinculante 56 do Supremo Tribunal Federal. Além da falta de vagas, tem-se que as condições pessoais também foram importantes para que se concedesse o benefício, como o fato de ser idoso, haver riscos à sua integridade física, SER PRESO CONDENADO NO ÂMBITO DA OPERAÇÃO LAVA JATO e estar próximo de cumprir os requisitos para concessão do regime aberto.Desta forma, ele agora irá utilizar tornozeleira eletrônica e cumprir diversos requisitos, dentre elas não poder sair da cidade de Curitiba, obrigatoriamente ter que comprovar estar trabalhando ou estudando e não poder sair de sua residência às noites, finais de semana e feriados.""Veja mais notícias do estado no G1 Paraná. "	-1
195	"""Conselheiro do CNJ proíbe TJ-SP de executar contrato de R$ 1,32 bilhão com a Microsoft."" ""A decisão é liminar (provisória) e terá que ser referençada pelo plenário do conselho, mas ainda não há data para isso."" ""A proibição vale até que o conselho se manifeste."""	"""Conselheiro do CNJ proíbe TJ-SP de executar contrato de R$ 1,32 bilhão com a Microsoft""Decisão terá de ser referendada pelo plenário do CNJ.  Presidente do TJ diz que contratação foi pautada pela total e irrestrita observância aos princípios da moralidade. O conselheiro Márcio Schiefler Fontes, do Conselho Nacional de Justiça (CNJ), proibiu nesta quinta-feira (21) o Tribunal de Justiça de São Paulo de fechar contrato ou executar contrato já firmado com a Microsoft.Em um dos contratos já firmados, o valor estimado é de R$ 1,32 bilhão para o desenvolvimento de uma plataforma digital de processos.A decisão é liminar (provisória) e terá que ser referendada pelo plenário do conselho, mas ainda não há data para isso. A proibição vale até que o conselho se manifeste.O presidente do Tribunal de Justiça de São Paulo, Manoel De Queiroz Pereira Calças, disse que a contratação foi pautada ""pela total e irrestrita observância aos princípios da moralidade, economicidade, legalidade, ética e respeito ao erário e que teve o objetivo de melhorar o serviço da justiça à população"".Schiefler determinou ainda que o tribunal paulista preste informações sobre o contrato em até dez dias.Na decisão de três páginas, ele afirmou que a notícia sobre o contrato foi divulgada no site do próprio tribunal e que o TJ apontou que se tratava da ""criação de uma estratégia de longo prazo para a completa transformação digital das atividades do Tribunal e inclui o desenvolvimento de novo sistema de tramitação processual"".Segundo o conselheiro, resolução do CNJ que instituiu o processo eletrônico definiu que os tribunais somente adotarão providências aprovadas pelo conselho.Ele também frisou que a contratação foi feita sem licitação e que uma empresa estrangeira passará a ter acesso a dados judiciais do Brasil, o que colocaria em risco a segurança nacional.""Empresa estrangeira, em solo estrangeiro, manterá guarda e acesso a dados judiciais do Brasil, onde a intensa judicialização reúne, nos bancos de dados dos tribunais, uma infinidade de informações sobre a vida, a economia e a sociedade brasileira, o que, ressalvadas as cautelas certamente previstas, pode vir a colocar em risco a segurança e os interesses nacionais do Brasil, num momento em que há graves disputas internacionais justamente acerca dessa matéria"", afirmou Schiefler. "	-1
196	Felipe Santa Cruz é eleito presidente da OAB e diz que cobrará correção da tabela do IR. O advogado Felipe Santa Cruz foi eleito nesta quinta-feira (31) o novo presidente da Ordem dos Advogados do Brasil (OAB). Durante a campanha eleitoral, o então candidato Jair Bolsonaro defendeu a isenção do imposto para quem ganha até cinco salários mínimos. O objetivo, disse, é aumentar a faixa de pessoas isentas do pagamento.	"""Felipe Santa Cruz é eleito presidente da OAB e diz que cobrará correção da tabela do IR""Na campanha eleitoral, Bolsonaro defendeu isenção para quem ganha até cinco salários mínimos. Felipe Santa Cruz disse que vai enviar ofício ao ministro da Economia, Paulo Guedes. O advogado Felipe Santa Cruz foi eleito nesta quinta-feira (31) o novo presidente da Ordem dos Advogados do Brasil (OAB).Em entrevista ao G1, Santa Cruz afirmou que cobrará do governo federal as providências necessárias para a atualização da tabela do Imposto de Renda. O objetivo, disse, é aumentar a faixa de pessoas isentas do pagamento.Durante a campanha eleitoral, o então candidato Jair Bolsonaro defendeu a isenção do imposto para quem ganha até cinco salários mínimos. O assunto, porém, ainda é discutido pelos integrantes da equipe econômica do governo e, até o momento, não há decisão se a tabela será corrigida.Segundo o novo presidente da OAB, o ofício será enviado ao ministro da Economia, Paulo Guedes. Ele explicou que, caso o governo não tome providências sobre o assunto, a entidade pedirá que o Supremo Tribunal Federal (STF) retome uma ação parada na Corte que trata do tema.A ação foi suspensa a pedido do presidente atual, Cláudio Lamachia, que passará o cargo para Santa Cruz.Ao solicitar a suspensão da análise, Lamachia pediu que o tribunal aguardasse a posição do novo governo antes de julgar a questão. Segundo ele, como houve sinalização de Bolsonaro ao longo da campanha de que a tabela poderia ser corrigida, é preciso aguardar uma posição do novo governo antes da análise do caso no Supremo.Na ação, a OAB argumenta que, se a tabela for corrigida pelo Índice Nacional de Preços ao Consumidor Amplo (IPCA), mais pessoas passarão a ficar isentas e a medida reduzirá a carga tributária para quem ganha menos.Pela tabela em vigor, estão isentos do Imposto de Renda os contribuintes que recebem até R$ 1.903,98 por mês, descontada a contribuição previdenciária. A partir deste valor, as retenções são calculadas com base em alíquotas de 7,5%, 15%, 22,5% ou 27,5% sobre o valor dos rendimentos, descontada a parcela dedutível (desconto fixo) para cada faixa de rendimento.Hoje, a alíquota de 27,5% é a mesma para todos os contribuintes que recebem mais de R$ 4.664,68.Felipe Santa Cruz afirmou na entrevista ao G1 que, durante sua gestão, vai atuar fortemente na defesa das minorias e na defesa da história _ ""para que não sejam esquecidas"" _ sobre a violência e a tortura ocorridas durante a ditadura militar no Brasil. Ele é filho de desaparecido político (leia detalhes mais abaixo).""Precisamos e devemos avançar nas reformas do Estado, mas não podemos retroceder um só passo no processo civilizatório. Não há contradição nisso"", afirmou o presidente eleito da Ordem.Ele disse também que vai representar a entidade em um dos julgamentos mais aguardados no STF para 2019: sobre se a Corte vai ou não manter o entendimento de que é possível executar a pena de condenados a partir da segunda instância da Justiça.A OAB é autora de uma das três ações sobre o tema que será julgada pelo Supremo.Santa Cruz afirmou que vai defender que se cumpra a Constituição, que afirma que só pode ser considerado culpado aqueles que tiverem condenação transitada em julgada, sem chances de mais recursos.""Acho que, da leitura da Constituição, não é possível outra interpretação que não seja contra a prisão em segunda instância. Vou fazer sustentação oral em defesa da letra da Constituição. O texto da Constituição será defendido"", disse.Conforme informou o colunista do G1 Matheus Leitão, o novo presidente da OAB é filho de Fernando Augusto de Santa Cruz Oliveira, que desapareceu no período na ditadura militar (1964-1985).O pai dele era líder estudantil que participou da Juventude Universitária Católica (JUC), movimento da Igreja reconhecido pela hierarquia eclesiástica, e depois integrou a Ação Popular (AP), organização de esquerda contrária ao regime. "	-1
197	Governo propõe prazo de até 60 meses para pagamento de dívidas previdenciárias. Além dessa limitação que está na PEC, afirmou Cristiano, o governo também enviará um projeto ao Congresso para tentar. Previsão está na PEC da reforma da Previdência, que será enviada ao Congresso. Intenção é inibir devedores com capacidade de pagamento, mas que aderem aos chamados Refis. 	"""Governo propõe prazo de até 60 meses para pagamento de dívidas previdenciárias""Previsão está na PEC da reforma da Previdência, que será enviada ao Congresso. Intenção é inibir devedores com capacidade de pagamento, mas que aderem aos chamados Refis. A proposta de emenda constitucional (PEC) com novas regras para a Previdência prevê limitar o prazo para parcelamento de dívidas previdenciárias. Segundo o procurador-geral adjunto de gestão da dívida ativa da União e do FGTS, Cristiano Neuenschwander, a proposta é limitar o tempo de parcelamento em 60 meses.O texto da PEC foi entregue pessoalmente pelo presidente Jair Bolsonaro no Congresso Nacional.De acordo com o governo, a proposta de limitar o prazo ajudará a combater grandes devedores, que têm capacidade de pagamento, mas que aderem a programas de recuperação fiscal, os chamados Refis, para alongar o pagamento da dívida.Além dessa limitação que está na PEC, afirmou Cristiano, o governo também enviará um projeto ao Congresso para tentar combater devedores contumazes da Previdência.""O projeto traz definição de devedor contumaz, diferencia de devedor eventual e traz as medidas que serão aplicadas contra o devedor contumaz. Para ser classificado como devedor contumaz não basta dever um valor substancial, deve haver indícios de fraude"", disse Neuenschwander.Entre as medidas que o projeto deve ter para combater esse tipo de devedor está a aplicação de restrições administrativas, como o impedimento de adesão a qualquer benefício fiscal, entre eles, o parcelamento de dívidas.Ao final de uma reunião em que detalhou o projeto a governadores, o secretário de Previdência e Trabalho do Ministério da Economia, Rogério Marinho, afirmou que o foco será a cobrança de devedores a partir de R$ 15 milhões.""Nós também vamos enviar um projeto de lei para fortalecer a cobrança da dívida da Previdência com foco nos grandes devedores a partir de R$ 15 milhões. Nós estamos preocupados com todas as fragilidades do sistema. Preocupados em termos uma situação em que a população veja justiça, ou seja, os mais pobres no Brasil e é importante ressaltar isso, aqueles que fazem parte do INSS do regime geral já se aposentam hoje por idade ao 65anos e meio. Isso é uma realidade estatística"", afirmou.Segundo Cristiano Neuenschwander, hoje cerca de 1 milhão de empresas devem um total de R$ 491 bilhões para a Previdência. A maior parte desse valor, afirmou o procurador, não tem perspectiva de pagamento.De acordo com o procurador, dos R$ 491 bilhões, R$ 160 bilhões têm boas chances de ser pagos.Grande parte da dívida também está na mão de grandes devedores. Segundo Neuenschwander, 4 mil empresas respondem por 60% dos R$ 491 bilhões da dívida ativa previdenciária. "	-1
198	Com DEM fortalecido, ACM Neto virou um dos principais interlocutores do novo governo. Com DEM fortalecido, ACM Neto virou um dos principais interlocutores políticos do novo governo. Com DEM fortalecido, ACM Neto virou um dos principais interlocutores políticos do novo governo.	"""Com DEM fortalecido, ACM Neto vira um dos principais interlocutores do novo governo"" Articulador das candidaturas de Rodrigo Maia (DEM-RJ) para o comando da Câmara e de Davi Alcolumbre (DEM-AP) para a presidência do Senado, o prefeito de Salvador, ACM Neto, virou um dos principais interlocutores políticos do novo governo.Presidente do DEM, ACM Neto é reconhecido pelos próprios aliados como uma peça-chave para harmonizar a relação interna no partido e conseguir fechar uma parceria entre o DEM e o Palácio do Planalto.Num primeiro momento, havia resistência do núcleo mais próximo do presidente Jair Bolsonaro à reeleição de Rodrigo Maia. O prefeito de Salvador conseguiu não só a declaração de neutralidade de Bolsonaro, como fechou o apoio do PSL à reeleição do presidente da Câmara.Havia um atrito interno entre Maia e o ministro-chefe da Casa Civil, Onyx Lorenzoni, também do DEM, que dificultava um acordo no primeiro momento.Ao mesmo tempo, o grupo de Maia resistia à candidatura de Alcolumbre no Senado. Isso porque temia que o Congresso não iria eleger dois presidentes do Legislativo do mesmo partido. "	-1
199	"""Candidatos anti-Renan articulam voto aberto na eleição para a presidência do Senado. A disputa tem dois campos fortes: de um lado, o senador Renan Calheiros (MDB-AL), ex-presidente da Casa. ""Não posso atropelar"", disse. A estratégia de Renan é aparar arestas ""em casa"", isto é, dentro da bancada. Até porque, a votação que ele tiver na bancada serve já de termômetro para uma disputa no plenário."""	"""Candidatos anti-Renan articulam voto aberto na eleição para a presidência do Senado"" Com uma eleição pulverizada, o Senado ainda discute as regras da disputa que vai definir o novo comando da Casa, a partir de sexta-feira (1º).A disputa tem dois campos fortes: de um lado, o senador Renan Calheiros (MDB-AL), ex-presidente da Casa. Ele diz que aguardará a decisão da bancada do MDB sobre a candidatura do partido. ""Não posso atropelar"", disse.A estratégia de Renan é aparar arestas ""em casa"", isto é, dentro da bancada. Até porque, a votação que ele tiver na bancada serve já de termômetro para uma disputa no plenário.Problema é que, dentro do próprio MDB, há um racha: a senadora Simone Tebet (MDB-MS) quer disputar a indicação com ele no voto. E também costura para fora: como o blog revelou terça-feira (29), ela se reuniu com candidatos de outros partidos para discutir uma estratégia anti-Renan.Entre essas estratégias, está a votação aberta na eleição desta sexta. Senadores do PSL e do PSDB, que participam da articulação, acreditam que esse formato pode constranger eleitores de Renan.O regimento do Senado prevê voto secreto e a maioria dos parlamentares prefere assim. Mas, diante da proposta, senadores também estão constrangidos de não apoiarem a votação aberta.A definição do candidato do MDB e da posição dos senadores anti-Renan sai nesta quinta-feira (31). Nesta manhã, senadores que são candidatos à presidência do Senado, com exceção de Renan, se reúnem em um hotel em Brasília. À tarde, senadores do MDB se reúnem para definir seu candidato. "	-1
