	Model Answer	news	label
0	Manuela DÁvila garantiu que, ao ganhar as eleições, faria a bandeira LGBT tremular junto à Bandeira Nacional.	"Manuela DÁvila não prometeu que a bandeira LGBT tremulará junto com a brasileiraManuela DÁvila não prometeu que a bandeira LGBT tremulará junto com a brasileiraTwitterFacebookE-mailWhatsAppManuela DÁvila não prometeu que a bandeira LGBT tremulará junto com a brasileiraPor Judite Cypreste 9 de outubro de 2018, 11h30TwitterFacebookEmailWhatsAppNão é verdade que a candidata a vice de Fernando Haddad (PT), Manuela DÁvila (PC do B), garantiu que a ""bandeira LGBT tremulará junto com a brasileira, com a volta do PT"", como foi erroneamente publicado no blog César Weis e no site Que Notícias?. Além de não haver nenhum registrou que comprove que a candidata de fato proferiu tal a afirmação, tanto o texto quanto o vídeo das matérias não trazem nenhuma veracidade à afirmação atribuída a candidata. Contatada pelo Aos Fatos, a assessoria de Manuela também confirmou que a frase nunca foi dita pela candidata.Usuários do Facebook denunciaram como notícia falsa a publicação que atribuiu a afirmação a candidata a vice-presidência pelo PC do B. Até a manhã desta terça-feira (9), o conteúdo falso tinha sido replicado ao menos por três páginas diferentes, totalizando 12,2 mil compartilhamentos. A peça de desinformação foi marcada como FALSA na ferramenta de verificação disponibilizada pela rede social (veja como funciona).Confira abaixo o que checamos. FALSOVice de Haddad garante: a bandeira LGBT tremulará junto com a brasileira, com a volta do PTÉ FALSO que Manuela DÁvila, candidata à Vice-Presidência na chapa de Fernando Haddad, garantiu que, ao ganhar as eleições, faria a bandeira LGBT tremular junto à Bandeira Nacional. A afirmação foi atribuída à candidata no título de textos que se pretendem jornalísticos e que, em seguida, utilizam-se de um texto e de um vídeo que não comprovam a veracidade da afirmação.Como abordado pelo manual elaborado pelo Aos Fatos em parceria com a IFCN (International Fact-Checking Network), é importante a leitura além do título de um texto, pois, às vezes, ele não corresponde à narrativa que consta do restante do conteúdo. Foi exatamente o que ocorreu neste caso, pois a candidata não só não garantiu o que foi exposto no título como também o texto e vídeos que acompanham a manchete não provam a veracidade da afirmação.Em uma pesquisa na internet, é possível averiguar ainda que não há vídeos, reportagens em veículos de comunicação ou quaisquer materiais que garantiriam a veracidade desta informação. Aos Fatos também entrou em contato com a assessoria da candidata à Vice-Presidência, que afirmou: ""Manuela DÁvila jamais disse isso"".No vídeo acompanhado do texto, Manuela fala de seus projetos ao público LGBT enquanto parlamentar: desde sua atuação como vereadora da cidade de Porto Alegre até quando deputada estadual pelo estado do Rio Grande do Sul. Mas não afirma, em nenhum momento, que colocaria a bandeira do movimento LBGT ao lado da bandeira do Brasil.Além disso, o vídeo usado na matéria foi publicado em seu canal no Youtube no dia 17 de maio deste ano, quando Manuela ainda figurava como escolha do partido PC do B como candidata à Presidência. Sua candidatura só foi oficializada em 1 de agosto, mas foi retirada quatro dias depois. Manuela foi então lançada como candidata à Vice-Presidência na chapa de Fernando Haddad apenas no dia 11 de setembro, depois que o vídeo já teria sido divulgado.Informações falsas sobre Haddad. No decorrer do texto, é possível ainda ver outras informações falsas, atribuídas desta vez ao líder da chapa, o candidato à Presidência Fernando Haddad.De acordo com o conteúdo, o petista seria pai do ""kit gay"", e este material teria sido promovido e ""considerado um verdadeiro proselitismo gay"". Entretanto, apesar de ter sido elaborado por ONGs durante a gestão de Fernando Haddad no Ministério da Educação no primeiro governo Dilma Rousseff (2011-2014), o projeto Escola Sem Homofobia, pejorativamente chamado de ""kit gay"", nunca chegou a ser distribuído nas escolas.O material, que seria avaliado pelo Ministério da Educação, já estava pronto para impressão, mas foi teve a sua distribuição suspensa por pressão de parlamentares contrários à medida.O kit era composto de um caderno para os gestores, seis boletins para os estudantes, três vídeos e um cartaz que abordavam aspectos de homossexualidade, transexualidade e bissexualidade e seria voltado para alunos do ensino médio. Aos Fatos já realizou outras checagens sobre o projeto Escola Sem Homofobia, e você pode conferir aqui e aqui.Ainda de acordo com a matéria veiculada, Manuela teria uma forte participação em projetos de apoio ao movimento LGBT, o que é confirmado pela própria candidata em seu vídeo. Ela teria também uma forte aliança com o, agora reeleito deputado federal pelo Rio de Janeiro, Jean Wyllys (PSOL), o que também foi confirmado por Manuela.O texto lembra também de um episódio em que o deputado teria cuspido no candidato à Presidência da República, Jair Bolsonaro (PSL). Na ocasião, Jean cuspiu em Jair durante a votação da admissibilidade do processo de impeachment da ex-presidente Dilma Rousseff (PT). De acordo com Wyllys, o ato foi em reação a ""xingamentos e agressões"".A reportagem entrou em contato com o blog César Weis e o site Que Notícias?, mas não havia obtido retorno até a publicação desta reportagem.TwitterFacebookEmailWhatsAppLeia tambémCinco fatos sobre migraçãoNão é verdade que Moro afastou promotor do caso Queiroz e delegado que investiga morte de MarielleHomem em foto com Flávio Bolsonaro é assessor do senador, não acusado de matar Marielle]"	1
1	Arnold Schwarzenegger dormiu na rua sob estátua em homenagem a ele após recusa de hotel.	"""É #FAKE que Schwarzenegger dormiu na rua sob estátua em homenagem a ele após recusa de hotel""Texto com informações falsas circula ao lado de foto feita pelo ator durante brincadeira em 2016. Circula pela internet uma foto do ator Arnold Schwarzenegger deitado sob uma estátua construída em homenagem a ele. Um texto com teor altruísta acompanha a foto. Mas a mensagem, que diz que ele teve de dormir no local após o hotel recusá-lo, é #FAKE.A imagem foi publicada orginamente no perfil de Schwarzenegger no Instagram em 15 de janeiro de 2016 ao lado da frase: ""Como os tempos mudaram"". Desde então, o post teve mais de 280 mil curtidas.Ao lado da imagem real, feita durante uma brincadeira do ator, foi adicionado na mensagem que circula na web um texto em inglês, depois traduzido para o português.O texto apresenta vários pontos de fragilidade. Diz que Schwarzenegger escreveu a frase não só porque ele envelheceu, mas porque, quando ele era governador da Califórnia, inaugurou um hotel com sua estátua. A estátua de Schwarzenegger, na verdade, não fica na Califórnia, mas quase do lado oposto dos Estados Unidos: em Ohio.Outro ponto falso é que Schwarzenegger não inaugurou um hotel com sua estátua. As paredes que aparecem atrás da estátua não são de um hotel, mas de um centro de convenções. Há um hotel nas proximidades, mas do outro lado da rua.Segundo a mensagem falsa, ""a equipe do hotel disse a Arnold que sempre teria um quarto reservado a ele, mas que, quando deixou de ser governador, a administração do hotel se recusou a garantir o quarto sem pagamento por causa da alta demanda"". Isso não é verdade.O texto atribui a Schwarzenegger a declaração: ""Quando eu estava em uma posição importante, eles sempre me elogiaram, e quando saí dessa posição, eles se esqueceram de mim e não cumpriram sua promessa. Não confie em sua posição ou na quantidade de dinheiro que você possui. Nem seu poder, nem sua inteligência vão durar para sempre"". Como todo o restante do texto, a frase também é falsa. "	1
2	Palocci delatou que Lula é dono de uma mansão no Uruguai.	" #Verificamos: É falso que Palocci tenha delatado mansão de Lula no UruguaiNão há menção ao imóvel nos termos de colaboração do ex-ministro  Circula nas redes sociais a informação de que o ex-ministro Antonio Palocci teria delatado que o ex-presidente Lula é dono de uma mansão no Uruguai. Por meio do projeto de verificação de notícias, usuários do Facebook solicitaram que esse material fosse analisado. Confira a seguir o trabalho de verificação da Lupa:""Esta (mansão) foi só na delação do ex-ministro Palocci""Publicação que, até as 16h30 do dia 18 de fevereiro de 2019, tinha sido compartilhada quase 4 mil vezes no FacebookFALSOA informação de que Palocci tenha delatado uma mansão de Lula no Uruguai é falsa. Não há qualquer menção a propriedades do ex-presidente no país vizinho nos termos de delação do ex-ministro da Fazenda (divulgadas a partir de outubro do ano passado aqui, aqui, aqui e aqui). Além disso, não há denúncia formal do Ministério Público Federal sobre essa mansão, e Lula não responde a processo criminal sobre o assunto. A imagem traz também a informação de que ""[o conteúdo da delação] já está passando em todos os jornais de lá [no Uruguai]"". Mensagens distribuídas pelo WhatsApp mostram um vídeo em espanhol com imagens aéreas da casa. A reportagem veículada é, de fato, uruguaia, baseada em uma publicação da revista Istoé. Mas foi produzida em 2016, pelo canal Teledoce. À época, havia suspeita de que a casa, que fica em Punta del Este e está registrada no nome de um empresário, pertencesse a Lula. As investigações faziam parte da Operação Lava Jato, mas o ex-presidente não foi citado em qualquer inquérito sobre o assunto.Checagens semelhantes foram feitas pelos sites Boatos.org, e-farsas e EstadãoVerifica Nota: esta reportagem faz parte do projeto de verificação de notícias no Facebook. Dúvidas sobre o projeto? Entre em contato direto com o Facebook.Editado por: Natália Leal"	1
3	General Santos Cruz se recusou a prestar continência a Lula durante solenidade em 2004.	"""É #FAKE que general Santos Cruz se recusou a prestar continência a Lula durante solenidade em 2004""Fotografia foi feita em maio de 2008, durante visita do ex-presidente ao Haiti. Circula pelas redes sociais uma foto do ex-presidente Luiz Inácio Lula da Silva, acompanhado do general Carlos Alberto Santos Cruz - atualmente ministro da Secretaria de Governo -, com a descrição de que o militar teria se recusado a prestar continência a Lula porque o ex-presidente estaria bêbado durante uma solenidade. Uma das publicações com a foto e a legenda tem mais de 10 mil compartilhamentos no Facebook, mas a mensagem é #FAKE.A postagem diz ainda que a foto foi um registro de uma solenidade em 7 de setembro de 2004. Contudo, a imagem, distribuída pela agência de notícias Associated Press (AP), foi feita no dia 28 de maio de 2008, durante uma visita de Lula ao Haiti. A informação consta inclusive do sistema da agência.Quando a foto foi tirada, Santos Cruz era comandante das tropas da Minustah, a missão de paz da ONU. Em 2004, data citada na publicação com conteúdo falso, ele comandava a 13ª Brigada de Infantaria Motorizada, em Cuiabá. Naquele ano, quem liderava a missão no Haiti era o general Augusto Heleno, cargo que ocupou até setembro de 2005.A solenidade registrada na fotografia foi a formatura de oficiais do Batalhão Brasileiro da Minustah, que contou com a presença do então presidente do Haiti, René Preval, e de um representante do Secretário-Geral das Nações Unidas.Lula proferiu um discurso na ocasião que está arquivado no site do Planalto. Durante a fala, o ex-presidente agradeceu aos militares pelo trabalho que eles realizaram no país:""Obrigado pelo trabalho maravilhoso que vocês estão fazendo. Demonstrando que é possível termos uma Força de Paz que aja em um país sem truculência, sem violência, conquistando a amizade de cada um dos nossos irmãos, filhos do Haiti"", disse.A viagem ao Haiti em 2008 foi a segunda visita de Lula ao país. Na época, foi anunciado o reforço de soldados brasileiros para atuarem no país. No centro da foto, entre Santos Cruz e Lula, está o general Luiz Guilherme Paul Cruz, que ocupava então o posto de comandante do batalhão brasileiro no Haiti. "	1
4	Presidente Jair Bolsonaro é expulso de uma universidade, cai, apanha e é pisoteado.	" #Verificamos: Presidente eleito não apanhou nem foi expulso de universidadeVídeo que viralizou retoma manifestação contra deputado feita em MG em setembro de 2017Circula nas redes sociais um vídeo em que o presidente eleito, Jair Bolsonaro (PSL), supostamente aparece sendo ""expulso de uma universidade sob intensas vaias"". O post que acompanha a gravação ainda ""informa"" que o político caiu e apanhou, no evento que tinha acabado de acontecer. Por meio do projeto de verificação de notícias, usuários do Facebook solicitaram que esse material fosse analisado. Confira a seguir o trabalho de verificação da Lupa:""Urgente: o presidente Jair Bolsonaro é expulso de uma universidade, cai, apanha e é pisoteado""Texto que acompanha vídeo que até às 18h do dia 19 de dezembro de 2018 já tinha tido mais de 300 compartilhamentos no FacebookFALSOO vídeo analisado pela Lupa é antigo. Data de 15 de setembro de 2017, quando o hoje presidente eleito, Jair Bolsonaro (PSL), participava do projeto ""FUMEC Pensando o Brasil"" da Universidade Fumec, em Minas Gerais. Segundo a assessoria de imprensa da instituição, o ""presidente eleito não foi expulso da universidade. No vídeo citado, ele está entrando no auditório"" e, depois da manifestação, a palestra de Bolsonaro ocorreu normalmente. Na época do evento, Bolsonaro declarou o seguinte: ""Essas pessoas protestando são intolerantes. Têm medo de diálogo. Falam que eu sou intolerante. Eu não sou. A questão LGBT... eu só não quero ideologia de gênero na escola. Eu não sou racista. Só sou contra cotas. Eu não sou xenófobo, mas nós vimos que a Inglaterra aprovou Brexit para se proteger dos efeitos da imigração"". Ainda vale destacar que no vídeo, Bolsonaro realmente parece tropeçar e cair. Mas não apanha - como mencionado na postagem.*Nota: esta reportagem faz parte do projeto de verificação de notícias no Facebook. Dúvidas sobre o projeto? Entre em contato direto com o Facebook.Editado por: Cristina Tardáguila"	1
5	Não há mais vagas em hotéis em Brasília para a posse do presidente.	" #Verificamos: É falso que não há mais vagas nos hotéis de Brasília para a posse de BolsonaroSegundo o setor, capital do país está com 50% de sua capacidade preenchida para o dia 1 de janeiro de 2019Circula nas redes sociais a ""informação"" de que os hotéis de Brasília já estariam todos lotados para a posse do presidente eleito, Jair Bolsonaro (PSL), que acontece no dia 1 de janeiro de 2019. Por meio do projeto de verificação de notícias, usuários do Facebook solicitaram que esse material fosse analisado. Confira a seguir o trabalho de verificação da Lupa:""Não há mais vagas em hotéis em Brasília para a posse do presidente""Frase que consta em imagens (aqui e aqui) que circulam na internet e que, até as 16h do dia 26 de novembro de 2018, já tinham sido compartilhadas mais de 32 mil vezes no FacebookFALSODe acordo com a Pesquisa de Serviços de Hospedagem do IBGE publicada em 2017, Brasília tem 279 estabelecimentos de hospedagem e um total de 39.424 leitos. Na tarde de 26 de novembro de 2018, a metade deles ainda estava vaga para o dia 1 de janeiro de 2019, quando o presidente eleito, Jair Bolsonaro, tomará posse. A informação foi repassada à Lupa pela Associação Brasileira da Indústria de Hotéis do Distrito Federal (ABIH-DF). De acordo com a entidade, nesta segunda-feira, Brasília ainda tinha 50% de disponibilidade na data em questão. Os hotéis situados no Lago Sul eram os mais perto de sua capacidade máxima, enquanto os da zona central ainda tinham muitas vagas em aberto. A presidente da ABIH-DF, Adriana Pinto, ressaltou que considerava o desempenho animador. ""As expectativas são animadoras, porque nessa época do ano a procura é muito baixa e esse ano, com a mudança de governo, estamos recebendo muitas reservas"". Ela esclarece ainda que há vagas em hotéis econômicos, médios e de alto padrão para quem quiser comparecer à posse. Uma rápida busca em sites como o booking.com também mostrava uma boa oferta de vagas ainda disponíveis na tarde de 26 de novembro. Por ora, ao contrário do alardeado nas redes sociais não está confirmada a necessidade de acampar ou buscar hotéis em cidades vizinhas à capital federal. *Nota: esta reportagem faz parte do projeto de verificação de notícias no Facebook. Dúvidas sobre o projeto? Entre em contato direto com o Facebook.Editado por: Cristina Tardáguila"	1
6	Processo da Vale pelo crime ambiental de Mariana estacionou há 3 anos no TRF4 e o de Lula foi julgado a toque de caixa.	TRF-4 não tem ação contra a Vale pelo desastre de Mariana; comparação em posts é falsaTRF-4 não tem ação contra a Vale pelo desastre de Mariana; comparação em posts é falsaTwitterFacebookE-mailWhatsAppTRF-4 não tem ação contra a Vale pelo desastre de Mariana; comparação em posts é falsaPor Ana Rita Cunha 29 de janeiro de 2019, 14h06TwitterFacebookEmailWhatsAppNão há no TRF-4 (Tribunal Regional Federal da 4ª Região) processo contra a Vale pelo desmoronamento da barragem de Fundão, em Mariana (MG), em 2015, ao contrário do que afirmam publicações nas redes sociais. Na verdade, os processos contra a Samarco, e suas controladoras, Vale, BHP Billiton e a VogBr, tramitam no TRF-1 (Tribunal Regional Federal da 1ª Região). No TRF-4, Samarco e Vale tem hoje apenas um processo cada uma em razão de precatórios de trabalhistas, sem relação com o desastre.Os posts trazem a informação falsa sobre o tribunal para contrapor uma rapidez observada na tramitação de processos contra o ex-presidente Luiz Inácio Lula da Silva (PT) no TRF-4 à lentidão no julgamento de ações sobre Mariana naquela corte. No Facebook, publicações em páginas e perfis pessoais já somam mais de dez mil compartilhamentos.Denunciados por usuários do Facebook, os posts que trazem o conteúdo enganoso foram marcados por Aos Fatos com o selo FALSO na ferramenta de verificação da rede social (entenda como funciona). FALSO Sabia que o processo da Vale pelo crime ambiental de Mariana estacionou há 3 anos no TRF4 e o de Lula foi julgado a toque de caixa Ao contrário do afirmam publicações do Facebook, não há no TRF-4 (Tribunal Regional Federal da 4ª Região) processo contra a Vale relacionado ao desmoronamento da barragem de Fundão, na região de Mariana (MG). As publicações fazem uma comparação entre a velocidade de tramitação de processos de Lula e dos relacionados ao incidente em Mariana, mas os casos são julgados por tribunais diferentes.As ações penais e civis relacionados ao incidente em Mariana contra a Samarco, empresa responsável pela barragem de Fundão, e suas controladoras, Vale e BHP Billiton e a VogBr, estão tramitando no TRF-1 (Tribunal Regional Federal da 1ª Região), que abrange Minas Gerais. Esse tribunal federal também tem jurisdição em Acre, Amapá, Amazonas, Bahia, Goiás, Maranhão, Mato Grosso, Pará, Piauí, Rondônia, Roraima e Tocantins.O Ministério Público Federal entrou no TRF-1 com quatro ações civis públicas contra a Samarco e suas controladoras pedindo indenização das vítimas e recuperação dos danos ambientais causados. O órgão também ajuizou ação penal contra o presidente afastado da Samarco, Ricardo Vescovi de Aragão; o diretor de Operações e Infraestrutura, Kleber Luiz de Mendonça Terra; três gerentes operacionais da empresa; 11 integrantes do Conselho de Administração da Samarco; e cinco representantes das empresas Vale e BHP Billiton na Governança da Samarco. A ação penal foi motivada pela morte de 19 pessoas no desmoronamento das barragens.Já o processo contra Lula foi julgado pelo TRF-4,que tem jurisdição nos estados do Rio Grande do Sul, Santa Catarina e Paraná (onde sedia as investigações da Lava Jato). Nesta corte, a Samarco e a Vale tem, cada uma, um processo em tramitação, mas por conta precatórios trabalhistas e, portanto, sem nenhuma relação com o caso de Mariana. Não constam processos no TRF-4 contra as outras controladoras da Samarco, BHP Billiton e a VogBr.TwitterFacebookEmailWhatsAppLeia tambémCinco fatos sobre migraçãoNão é verdade que Moro afastou promotor do caso Queiroz e delegado que investiga morte de MarielleHomem em foto com Flávio Bolsonaro é assessor do senador, não acusado de matar Marielle]	1
7	Currículo de professora universitária é atribuído à esposa do vice-presidente Mourão.	"Currículo de professora universitária do Amazonas é atribuído à mulher do vice-presidente MourãoCurrículo de professora universitária do Amazonas é atribuído à mulher do vice-presidente MourãoTwitterFacebookE-mail<a href=""#"" data-text=*Currículo de professora universitária do Amazonas é atribuído à mulher do vice-presidente Mourão*https://aosfatos.org/noticias/curriculo-de-professora-universitaria-do-amazonas-e-atribuido-a-mulher-do-vice-presidente-mourao/O currículo que está sendo compartilhado desde a manhã da última quarta-feira (3) como se fosse de Ana Paula Mourão, esposa do vice-presidente Hamilton Mourão, na verdade é de uma professora de Medicina da UEA (Universidade do Estado do Amazonas) chamada Maria Paula Gomes Mourão.A peça, que traz informações como ""doutorado em Medicina Tropical pela Universidade de Brasília (200"	1
8	Uma adega de vinhos raros pertence ao ex-presidente Luiz Inácio Lula da Silva.	" #Verificamos: Não é de Lula adega mostrada em vídeo que circula nas redes sociaisColeção de vinhos raros pertence ao restaurante Durski, em Curitiba, e não ao ex-presidenteCircula nas redes sociais vídeo mostrando uma adega que pertenceria ao ex-presidente Luiz Inácio Lula da Silva. Por meio do projeto de verificação de notícias, usuários do Facebook solicitaram que esse material fosse analisado. Confira a seguir o trabalho de verificação da Lupa:""Querem conhecer uma das adegas de Lula, o presidente quase analfabeto dos pobres? Lula, que tirou milhões da pobreza?""Legenda de vídeo publicado no Facebook (aqui e aqui) que, até as 20h do dia 25 de março, já tinha sido compartilhado 1,7 mil vezesFALSOÉ falso que a adega mostrada no vídeo analisado pela Lupa pertença ao ex-presidente Luiz Inácio Lula da Silva. Na verdade, ela faz parte do restaurante Durski, em Curitiba, de propriedade do chef e empresário Junior Durski _ um dos sócios da rede de hamburguerias Madero. Fotos da adega publicadas em reportagens (ver aqui, aqui e aqui) mostram cenário idêntico ao do vídeo. Além disso, alguns dos vinhos raros citados nas imagens também estão na lista de bebidas no site do restaurante.O vídeo foi feito por um visitante da adega e não menciona nem o nome de Lula, nem o de Durski. É afirmado, entretanto, que se trata de uma das melhores adegas do Brasil e que fica em Curitiba. Vale lembrar que o ex-presidente não tem propriedades na capital paranaense e nunca morou na cidade _ embora esteja, atualmente, preso lá.Esta informação também foi verificada pelo site Boatos.org.Nota: esta reportagem faz parte do projeto de verificação de notícias no Facebook. Dúvidas sobre o projeto? Entre em contato direto com o Facebook.Editado por: Natália Leal e Gilberto Scofield Jr."	1
9	Gilmar Mendes, Paballo Vittar e Jean Wylllys nunca prometeram parar de trabalhar caso Bolsonaro fosse eleito.	"Pabllo Vittar, Jean Wyllys e Gilmar Mendes nunca prometeram parar de trabalhar caso Bolsonaro fosse eleitoPabllo Vittar, Jean Wyllys e Gilmar Mendes nunca prometeram parar de trabalhar caso Bolsonaro fosse eleitoTwitterFacebookE-mailWhatsAppPabllo Vittar, Jean Wyllys e Gilmar Mendes nunca prometeram parar de trabalhar caso Bolsonaro fosse eleitoPor Luiz Fernando Menezes 29 de outubro de 2018, 14h40TwitterFacebookEmailWhatsAppNão é verdade que o ministro do Supremo Tribunal Federal Gilmar Mendes prometeu deixar seu cargo, que a artista Pabllo Vittar prometeu parar de cantar e que o deputado Jean Wyllys (PSOL-RJ) prometeu deixar o Brasil caso Jair Bolsonaro (PSL) fosse eleito. Uma montagem que circula no Facebook recicla boatos que já foram desmentidos anteriormente.Ciro Gomes, que foi candidato à Presidência pelo PDT, outra personalidade incluída na imagem, por sua vez, de fato disse que sairia da política caso o resultado fosse a eleição do candidato do PSL. A declaração foi feita em setembro deste ano, durante uma sabatina.A montagem com as quatro figuras públicas foi publicada no Facebook no dia 22 de setembro por perfis pessoais, mas viralizou nesta segunda-feira (29) depois da eleição de Jair Bolsonaro. Até as 15h tarde desta segunda-feira, a montagem já acumulava mais de 330 mil compartilhamentos. O conteúdo foi denunciado por usuários do Facebook e classificado com o selo FALSO na ferramenta de verificação da rede social (entenda como funciona).FALSOSe ele ganhar, eu [Gilmar Mendes] saio do STF; se ele ganhar, eu [Ciro Gomes] saio da política; se ele ganhar, eu [Pabllo Vittar] paro de cantar; se ele ganhar, eu [Jean Wyllys] saio do BrasilA montagem que traz promessas de Gilmar Mendes, Ciro Gomes, Pabllo Vittar e Jean Wyllys utiliza uma declaração verdadeira - do ex-candidato à Presidência pelo PDT sobre desistir da política - para validar as outras três, que nunca ocorreram.A suposta promessa do ministro do STF Gilmar Mendes já foi derrubada por Aos Fatos anteriormente: o site República de Curitiba distorcia uma frase da coluna de Ricardo Noblat, da revista Veja, para dizer que, se o deputado fosse eleito presidente, deixaria o tribunal ainda este ano para que seu substituto fosse indicado imediatamente. A coluna disse que ""um dos 11 ministros do STF"" tinha feito essa declaração, mas nunca citou o nome de Mendes. O ministro, inclusive, negou que tenha sido ele em entrevista ao Diário do Poder.O ministro @gilmarmendes tem sido alvo de uma nova #fofoca, a de que renunciaria ao cargo no Supremo Tribunal Federal, no caso de vitória de @jairbolsonaro. Ao @DiariodoPoder ele garantiu que nunca disse isso. E que está tranquilo quanto ao resultado da eleição.- Cláudio Humberto (@ColunaCH) 21 de setembro de 2018A cantora Pabllo Vittar, recorrente tema de boatos, também não fez declaração parecida: Aos Fatos, em busca nas redes sociais da artista e em matérias da imprensa, não encontrou algo sobre ""parar de cantar"" se Bolsonaro fosse eleito. O site e-Farsas chegou a verificar uma história parecida, na qual a artista teria dito que, caso Bolsonaro fosse eleito, declararia toda sua carreira ""encerrada no Brasil"".A própria Pabllo desmentiu que sairia do Brasil caso Bolsonaro fosse eleito em um vídeo da página Quebrando o Tabu: ""para de ficar indo na minha rede social falar pra eu arrumar as malas, meu amor, porque eu não vou embora do meu país. Eu nasci aqui e vou morrer aqui"".Já em relação ao deputado federal reeleito pelo PSOL, Jean Wyllys, esta é pelo menos a segunda vez que seu nome é atribuído a uma promessa de sair do país devido aos desdobramentos de determinados fatos na política. Em 2016, um outro boato dizia que o deputado sairia do país caso a ex-presidente Dilma Rousseff sofresse impeachment. Wyllys gravou um vídeo para desmentir a história.Em relação à eleição de Bolsonaro, por mais que Wyllys tenha se posicionado contra o candidato do PSL várias vezes (em seu Twitter, chamou Bolsonaro de ""fascista desequilibrado que ameaça seus adversários ideológicos com o cárcere ou o exílio; um sujeito autoritário, despreparado, defensor da tortura e da ditadura, cujo único programa de governo é o ódio contra as minorias""), Aos Fatos não encontrou promessa parecida.A única pessoa citada na montagem que de fato disse que desistiria de sua carreira foi o ex-ministro Ciro Gomes. Durante sua sabatina ao jornal O Globo, à revista Época e ao Valor, em setembro deste ano, quando perguntado o que faria caso Bolsonaro fosse eleito, Ciro disse o seguinte: ""vou desejar boa sorte a ele, cumprimentar pelo privilégio de representar a maioria dos brasileiros e depois eu vou chorar e pedir pra mamãe me proteger [risadas]"" e complementou dizendo ""eu saio da política, eu saio"".Ciro Gomes publicou uma nota em sua conta oficial no Twitter na tarde de hoje (29) para explicar seu posicionamento em relação às eleições e desejar boa sorte ao próximo presidente: ""A um democrata verdadeiro o que se impõe após o segundo turno é simplesmente reconhecer a vitória eleitoral daquele que teve a maioria relativa dos votos do povo brasileiro"". Ciro aproveitou também para avisar que fará oposição a Bolsonaro: ""essa oposição que nasce, não se confunde com forças que só defendem a democracia ao sabor de seus interesses mesquinhos ou crescentemente inescrupulosos ou mesmo despudoramente criminosos"".A assessoria de Gilmar Mendes, por telefone, apenas reiterou que o boato já foi desmentido pelo ministro anteriormente e que ele já tinha dito que estaria ""tranquilo"" com a eleição de qualquer um dos dois candidatos.A assessoria de Jean Wyllys , por email, também lembrou que o deputado já desmentiu um boato parecido e finalizou dizendo que ""para não restar dúvida, o deputado Jean Wyllys continuará morando no Brasil e exercendo seu mandato como até agora. Ele jamais disse que iria embora do país, isso é uma estupidez. Esses analfabetos políticos repetem qualquer boato que encontram na internet. Ficaremos para cumprir o nosso terceiro mandato a partir de 2019; ficaremos para lutar e resistir, em defesa da democracia e dos direitos humanos"". Aos Fatos entrou em contato com a assessoria das outras duas personalidades para saber seu posicionamento em relação ao boato. Até a última atualização, no entanto, não havia recebido resposta. A reportagem será atualizada assim que as obtivermos.Esta reportagem foi alterada às 16h35 do dia 29 de outubro de 2018 para incluir a resposta da assessoria do ministro Gilmar Mendes.Esta reportagem foi alterada às 17h15 do dia 1 de novembro de 2018 para incluir a resposta da assessoria do deputado Jean Wyllys.TwitterFacebookEmailWhatsAppLeia tambémCinco fatos sobre migraçãoNão é verdade que Moro afastou promotor do caso Queiroz e delegado que investiga morte de MarielleHomem em foto com Flávio Bolsonaro é assessor do senador, não acusado de matar Marielle]"	1
10	Padre e fiéis da Catedral de Campinas simulando revólveres com os dedos.	" #Verificamos: Foto de padre e fiéis fazendo sinal de arma com dedos não tem relação com Catedral de CampinasArquidiocese da cidade confirmou que desconhece o sacerdote e a origem da imagem que viralizouCircula nas redes sociais uma foto que supostamente mostra um padre e um grupo de fiéis da Catedral de Campinas simulando revólveres com as pontas dos dedos. No dia 11 de dezembro, um homem armado disparou contra diversas pessoas na citada catedral e, em seguida, se suicidou no local. Por meio do projeto de verificação de notícias, usuários do Facebook solicitaram que a conexão entre a imagem e o atentado de Campinas fosse analisado. Confira a seguir o trabalho de verificação da Lupa:""Uma bela foto feita pelo padre e paroquianos da Catedral de Campinas (SP)""Imagem publicada no Facebook (aqui e aqui) e que, até as 14h40 do dia 13 de dezembro de 2018, já tinha sido compartilhada mais de 6,5 mil vezes no FacebookFALSOA foto analisada pela Lupa não foi tirada na Catedral de Campinas, onde um homem atirou contra fiéis e acabou matando seis pessoas na última terça-feira (11). Os estilos arquitetônicos dos dois espaços são completamente diferentes. Veja imagem a seguir:Além disso, o padre que aparece na imagem acima não é da cidade de Campinas. Em sua página oficial no Facebook, a Pastoral de Comunicação da Arquidiocese publicou duas notas (aqui e aqui) explicando que não sabe a origem da foto que circula nas redes sociais e acrescentando que desconhece os padres nela retratados. ""A Igreja é e sempre foi a favor da vida, por isso, reiteramos e solicitamos as pessoas que não compartilhem essa publicação"".O padre que rezava a missa quando o atentado aconteceu se chama Amauri Ribeiro Thomazzi. Ele gravou um vídeo sobre o ocorrido e, nele, é possível ver, pela fisionomia, que não se trata do mesmo padre da foto postada no Facebook.*Nota: esta reportagem faz parte do projeto de verificação de notícias no Facebook. Dúvidas sobre o projeto? Entre em contato direto com o Facebook.Editado por: Cristina Tardáguila"	1
11	II Semana de Satanismo da UFSC	" #Verificamos: É falso evento denominado II Semana de Satanismo da UFSCNão há registro do evento no Centro de Filosofia e Ciências Humanas da universidade, onde o encontro teria ocorridoCircula nas redes sociais foto de um suposto cartaz de divulgação do evento ""II Semana de Satanismo da UFSC"", que teria ocorrido no dia 13 de novembro, na Universidade Federal de Santa Catarina, em Florianópolis (SC). Por meio do projeto de verificação de notícias, usuários do Facebook solicitaram que esse material fosse analisado. Confira a seguir o trabalho de verificação da Lupa:""II Semana de Satanismo da UFSC - dia 13 de novembro - CFH""Frase que acompanha foto que circula na internet brasileira e que, até as 13h do dia 27 de novembro de 2018, já tinha sido compartilhada diversas vezes no Facebook FALSODe acordo com a imagem analisada pela Lupa, a ""II Semana de Satanismo da UFSC"" teria ocorrido no dia 13 de novembro, no Centro de Filosofia e Ciências Humanas (CFH) da Universidade Federal Santa Catarina. Na programação constam ""roda de leitura da bíblia satânica, orgias, ritual do pentagrama invertido, invocação aos 4 demônios dirigentes entre outros.""Em nota, a Agência de Comunicação da UFSC alertou que a imagem é falsa e que o evento não ocorreu. Na agenda do CFH ""não há registro de qualquer reserva de espaço na data em questão para este evento"", aponta a nota. A faculdade alerta, ainda, para a ausência de informações básicas no suposto cartaz divulgando o evento, que não identifica os organizadores, nem o local exato das atividades.*Nota: esta reportagem faz parte do projeto de verificação de notícias no Facebook. Dúvidas sobre o projeto? Entre em contato direto com o Facebook.Editado por: Chico Marés"	1
12	Che Guevara executando mulheres.	"Foto de Che Guevara executando mulheres é, na verdade, de peça teatral nos EUAFoto de Che Guevara executando mulheres é, na verdade, de peça teatral nos EUATwitterFacebookE-mailWhatsAppFoto de Che Guevara executando mulheres é, na verdade, de peça teatral nos EUAPor Bernardo Moura 28 de dezembro de 2018, 18h27TwitterFacebookEmailWhatsAppA foto em preto e branco de um homem apontando uma arma para duas mulheres tem sido compartilhada nas redes sociais nos últimos dias como se retratasse Che Guevara, mas, na realidade, é o registro de uma peça teatral encenada em 1989 numa universidade de Atlanta, nos EUA.Denunciado por usuários do Facebook, um dos posts que faz a falsa associação já tem mais de mil compartilhamentos e foi denunciado por usuários da rede social. Este conteúdo foi marcado como FALSO na ferramenta da verificação do Facebook (entenda como funciona).Confira abaixo, em detalhes, o que verificamos.FALSONuma rara fotografia, a imagem do herói de guerra cubano Che Guevara em batalha, lutando ferozmente contra um inimnigo muito superior e armado até os dentes. Ele saiu vitorioso. Só para lembrar que foi na revolução comunista que implantou a democracia em CUBA, que se tornou um dos países mais prósperos e adiantados do mundo.Irônico, o texto acima acompanha a seguinte foto:Esse registro, porém, não mostra Che Guevara executando as duas mulheres, como sugere o post.Isso porque, em primeiro lugar, não é possível identificar quem é o homem em um uniforme militar que aponta a arma, pois ele está de costas. A paisagem e as feições das mulheres, brancas, também sugerem características diferentes dos locais e dos povos onde o guerrilheiro socialista esteve e conviveu, como em países latinoamericanos e africanos.Por fim, o veredicto: a foto foi tirada em 1989 em Atlanta, nos EUA, e retrata trecho da performance encenada por um grupo de teatro ""de guerrilha"" da Universidade Emory, como checou o site norte-americano Snopes. Por lá, a foto também foi falsamente atribuída a Che Guevara e usada por perfis de direita nas redes sociais para atacar figuras da esquerda local, como o político democrata Bernie Sanders.Para além de Che, a imagem também circulou nos EUA como se retratasse guerrilheiros da Frente Farabundo Martí de Libertação Nacional, movimento revolucionário de El Salvador, como também apurou o Snopes.TwitterFacebookEmailWhatsAppLeia tambémCinco fatos sobre migraçãoNão é verdade que Moro afastou promotor do caso Queiroz e delegado que investiga morte de MarielleHomem em foto com Flávio Bolsonaro é assessor do senador, não acusado de matar Marielle]"	1
13	"""O plenário do Supremo Tribunal Federal (STF) pode definir nesta quarta-feira (13) para onde serão enviados processos abertos para apurar crimes de caixa dois, quando estes são cometidos em conexão com crimes como lavagem de dinheiro e corrupção."" ""O julgamento decidirá qual órgão da Justiça é competente para analisar casos de caixa dois, quando cometidos em conexão com outros crimes, como corrupção."" ""Questão de ordem no inquérito relacionado ao ex-prefeito do Rio Eduardo Paes (MDB) e ao deputado federal Pedro Paulo (DEM-RJ)."""	"""STF deve discutir se casos de caixa 2 em conexão com outros crimes devem ir para a Justiça Eleitoral""Discussão envolve investigação sobre Eduardo Paes e deputado Pedro Paulo. Debate, que deve começar nesta quarta, definirá se casos irão para justiça especializada ou justiça comum. O plenário do Supremo Tribunal Federal (STF) pode definir nesta quarta-feira (13) para onde serão enviados processos abertos para apurar crimes de caixa dois, quando estes são cometidos em conexão com crimes como lavagem de dinheiro e corrupção.A questão será debatida em um inquérito relacionado ao ex-prefeito do Rio de Janeiro Eduardo Paes (DEM) e ao deputado federal Pedro Paulo (DEM-RJ). A investigação tem como base delações de ex-executivos da Odebrecht, que afirmaram que Pedro Paulo recebeu R$ 3 milhões para campanha em 2010, além de outros valores em 2014. Paes teria ajudado na intermediação.Ainda segundo os delatores, Eduardo Paes teria recebido mais de R$ 15 milhões em 2012 para campanha à reeleição como prefeito em troca de facilitar contratos dos Jogos Olímpicos de 2016. Desde o início das investigações, Paes e Pedro Paulo negam ter cometido irregularidades.Inicialmente, o relator do caso, Marco Aurélio Mello, havia remetido o processo para a justiça comum do Rio. A PGR, contudo, recorreu, pedindo que parte do caso fosse para a Justiça Eleitoral e outra parte, para a Justiça Federal. Marco Aurélio então levou o caso para discussão no plenário.Embora esteja na pauta da Corte, não há confirmação de que o caso será analisado nesta quarta-feira, porque há outros processos na fila para julgamento.Entenda o que está em discussão:O julgamento decidirá qual órgão da Justiça é competente para analisar casos de caixa dois, quando cometidos em conexão com outros crimes, como corrupção.Justiça Eleitoral, que é a justiça especializada, ou justiça comum (estadual ou federal, a depender do crime cometido).Justiça Eleitoral não tem estrutura para analisar crimes mais complexos, como lavagem de dinheiro e caixa dois.A lei estabelece que a justiça especializada tem preponderância sobre a justiça comum. Se há suspeita eleitoral, cabe ao juiz eleitoral analisar o caso e se deve ou não dividir processos com a justiça comum.Questão de ordem no inquérito relacionado ao ex-prefeito do Rio Eduardo Paes (MDB) e ao deputado federal Pedro Paulo (DEM-RJ).Já se manifestaram publicamente nesse sentido os ministros Celso de Mello, Gilmar Mendes, Marco Aurélio Mello, Ricardo Lewandowski e Dias ToffoliJá se manifestaram nesse sentido os ministros Luís Roberto Barroso e Edson Fachin.Cármen Lúcia, Luiz Fux, Rosa Weber e Alexandre de Moraes. "	-1
14	"""Candidados contra Renan se reúnem para fecharestratégia e unidade para eleição no Senado."" Segundo relatos ao blog, a ideia é diminuir o número de candidatos na disputa com Renan para apenas dois e, na sequência, fazer uma união no segundo turno. Participaram os candidatos Esperidião Amin (PP-SC), Major Olímpio (PSL-SP), Alvaro Dias (Podemos-PR) e Tasso Jereissati (PSDB-CE)."	"""Candidatos contra Renan se reúnem para fechar estratégia e unidade para eleição no Senado"" No início da tarde desta sexta-feira (1º), haverá uma reunião no Senado de vários candidatos ao comando da Casa para definir uma nova estratégia de enfrentamento ao candidato do MDB, senador Renan Calheiros (AL). Segundo relatos ao blog, a ideia é diminuir o número de candidatos na disputa com Renan para apenas dois e, na sequência, fazer uma união no segundo turno.O martelo dessa estratégia deve ser batido às 13h30, numa reunião reservada. Nesta madrugada, houve uma primeira reunião do grupo. Participaram os candidatos Esperidião Amin (PP-SC), Major Olímpio (PSL-SP), Alvaro Dias (Podemos-PR) e Tasso Jereissati (PSDB-CE), além de Simone Tebet (MDB-MS), que foi derrotada na disputa interna do MDB para Renan.Não participou do encontro o senador Davi Alcolumbre (DEM-AP), que tem insistido em lançar sua candidatura em qualquer circunstância. "	-1
15	"## Resumo dos Primeiros 30 Dias do Governo Bolsonaro: Um Panorama de Ações e Controvérsias  Este resumo detalha os principais eventos, ações e controvérsias que marcaram os primeiros 30 dias do governo de Jair Bolsonaro, abrangendo desde políticas e nomeações até desastres ambientais e escândalos familiares.  **1. Economia e Finanças:**  *   **Aumento do IOF e Redução do Imposto de Renda (Retratado):** Bolsonaro anunciou, equivocadamente, um aumento do IOF e uma redução do Imposto de Renda, o que foi posteriormente corrigido por seus assessores. *   **Incentivos Fiscais Norte/Nordeste:** Sanção de projeto que manteve incentivos fiscais para a região Norte e Nordeste.  **2. Política e Administração Pública:**  *   **Decreto de Sigilo:** Permissão para que autoridades deleguem a servidores comissionados a imposição de sigilo ""ultrassecreto"" e ""secreto"" a dados públicos, alterando a Lei de Acesso à Informação. *   **Transferência de Atribuições:** Transferência da atribuição de identificar, delimitar e demarcar terras indígenas e quilombolas para o Ministério da Agricultura. *   **Serviço Florestal Brasileiro:** Subordinação do Serviço Florestal Brasileiro à pasta da Agricultura. *   **Nomeações:** Nomeações de figuras alinhadas com a ideologia conservadora para cargos importantes.  **3. Questões Sociais e Ideológicas:**  *   **""Menino Veste Azul, Menina Veste Rosa"":** Declaração da Ministra Damares Alves, que gerou forte reação de movimentos feministas e comunidades LGBTI. *   **Livros Didáticos com Erros:** Revogação de mudanças em edital para compra de livros escolares que permitiam obras com erros e retiravam exigências de diversidade e não violência.  **4. Meio Ambiente e Desastres:**  *   **Rompimento da Barragem em Brumadinho:** Resposta ao desastre ambiental, incluindo sobrevoo da região, criação de gabinetes de crise, fiscalização de barragens e revisão da Política Nacional de Segurança de Barragens.  **5. Saúde e Cirurgias:**  *   **Nova Cirurgia:** Submetido a cirurgia para remover bolsa de colostomia e religar o intestino, sendo a terceira cirurgia desde o ataque durante a campanha. *   **Afastamento Temporário:** Afastamento temporário das atividades presidenciais devido à cirurgia.  **6. Escândalos Familiares e Investigações:**  *   **Investigações sobre Fabrício Queiroz:** Abertura de procedimento investigatório criminal sobre movimentações financeiras suspeitas envolvendo o ex-assessor Fabrício Queiroz e o filho do presidente, senador Flávio Bolsonaro. *   **Relatórios do COAF:** Produção de novos relatórios do Conselho de Controle de Atividades Financeiras (COAF) apontando movimentações bancárias suspeitas envolvendo Flávio Bolsonaro. *   **Suspensão das Investigações:** Suspensão temporária das investigações por decisão do Supremo Tribunal Federal (STF). *   **Declaração de Mourão:** Declaração do vice-presidente Hamilton Mourão minimizando as acusações contra Flávio Bolsonaro, afirmando que o ""único problema"" é o sobrenome.  **7. Controvérsias e Reações:**  *   **Erros e Retratações:** Equívocos em anúncios e necessidade de retratações, demonstrando falta de coordenação e controle da informação. *   **Reações Negativas:** Forte reação de diversos setores da sociedade a declarações e ações do governo, especialmente em relação a questões sociais e ambientais. *   **Questionamentos sobre a Transparência:** Questionamentos sobre a transparência do governo e o acesso à informação pública.    Este resumo oferece um panorama dos primeiros 30 dias do governo Bolsonaro, marcado por ações e políticas que refletem a plataforma ideológica do presidente, mas também por controvérsias, escândalos e desafios que exigirão respostas e soluções."	"""Decreto de armas, pressão contra Maduro e tragédia em Minas marcam 1º mês de Bolsonaro""Presidente completa um mês no cargo nesta sexta-feira. Medidas polêmicas, discussão sobre Previdência, desencontros de informações e cirurgia de Bolsonaro também marcaram período.  Trigésimo oitavo presidente da República, Jair Bolsonaro completará nesta sexta-feira (1º) seu primeiro mês de governo _ um início de gestão marcado por uma promessa de campanha cumprida, pela pressão contra Nicolás Maduro, pela expectativa em torno da reforma da Previdência e pelo rompimento de uma barragem em Minas Gerais.Eleito com um discurso de renovação, conservador nos costumes e linha dura na segurança pública, Bolsonaro adotou uma série de medidas no primeiro mês de governo, entre as quais:Deputado federal por 28 anos, Bolsonaro foi eleito presidente em outubro de 2018, em segundo turno, com 57,7 milhões de votos. Ele tomou posse em 1º de janeiro, largada para o mandato que irá até 31 de dezembro de 2022. Ao vestir a faixa presidencial, comprometeu-se com as reformas.O primeiro mês também foi marcado por polêmicas, recuos e desencontros entre integrantes do governo. O presidente também teve que lidar com investigações de um de seus filhos, o senador eleito Flávio Bolsonaro (PSL-RJ).Veja abaixo um resumo dos principais acontecimentos do primeiro mês do governo Bolsonaro:A promessa de um governo liberal, a escolha de Paulo Guedes como ministro da Economia e a expectativa pelas reformas animaram os investidores no primeiro mês do governo. Passado um mês, porém, Bolsonaro ainda não fechou o texto da reforma da Previdência que será enviado ao Congresso Nacional.Guedes adiantou que a proposta incluirá um regime de capitalização, espécie de poupança que o trabalhador faz para assegurar a aposentadoria no futuro. O regime atual no Brasil é o de repartição, pelo qual o trabalhador ativo paga os benefícios de quem está aposentado.Também está em discussão se a reforma ficará restrita, em um primeiro momento, aos civis. A equipe econômica apoia mudanças nas regras de aposentadoria das Forças Armadas, mas Bolsonaro ainda não bateu o martelo.O governo estuda aumentar de 30 para 35 anos o período mínimo de trabalho para que militares possam passar para a reserva, bem como a cobrança de uma contribuição de pensionistas.Bolsonaro tem ressaltado aos ministros a necessidade de materializar promessas de campanha. Crítico do Estatuto do Desarmamento, em 15 de janeiro ele assinou o decreto que facilita a posse de armas de fogo.A medida permitiu aos cidadãos em áreas urbanas ou rurais manter arma em casa, desde que cumpridos os requisitos de ""efetiva necessidade"", a serem examinados pela Polícia Federal. Cada pessoa poderá comprar quatro armas, limite que pode ser ultrapassado em casos específicos.Após a assinatura do decreto, o ministro Onyx Lorenzoni (Casa Civil) comparou o risco para uma criança, de alguém manter arma de fogo em casa, ao risco de a mesma criança se acidentar com um liquidificador.Os primeiros dias de governo foram marcados por uma mudança de direção na política externa brasileira, em comparação com os governos anteriores. O principal fato no primeiro mês de Bolsonaro foi o reconhecimento, por parte do Brasil, de Juan Guaidó como presidente interino da Venezuela.Venezuela: A situação da Venezuela foi tema central do primeiro mês do governo na área internacional. Bolsonaro afirmou que espera que o governo do país vizinho mude ""rapidamente"". O Brasil está entre os países que não reconhece o novo mandato de Nicolás Maduro como presidente e considera o líder opositor Juan Guaidó como presidente interino.Mercosul: Após reunião com o presidente da Argentina, Mauricio Macri, Bolsonaro defendeu um Mercosul ""enxuto"", para que o bloco valorize ""abertura comercial, redução de barreiras e eliminação de burocracias"". Ele ainda afirmou que deseja ""fortalecer"" as relações com a Argentina.Israel: Bolsonaro avançou na aproximação com Israel, porém não oficializou a mudança da embaixada no país de Tel Aviv para Jerusalém. Ele condecorou o primeiro-ministro Benjamin Netanyahu. Depois disso, o líder israelense enviou ajuda ao Brasil para lidar com a tragédia em Brumadinho. Apesar das declarações de Bolsonaro sobre mudar a embaixada brasileira em Israel, o vice-presidente, Hamilton Mourão, disse ao embaixador palestino que o Brasil não pensa em mudar embaixada em Israel.Cesare Battisti: O italiano foi preso em 13 de janeiro na Bolívia, após ter a extradição autorizada pelo ex-presidente Michel Temer em 2018. Bolsonaro tentou trazer Battisti ao Brasil, mas a Itália enviou um avião para buscá-lo direto na Bolívia.Base dos EUA: Bolsonaro admitiu a possibilidade da instalação de uma base militar dos EUA no Brasil. O núcleo militar do governo foi surpreendido pela ideia, rechaçada em seguida. Mesmo com a declaração gravada em entrevista, o ministro Augusto Heleno (GSI) disse que Bolsonaro ""nunca falou"" sobre a base.Apex: A primeira demissão do governo foi em 10 de janeiro, com a saída do presidente da Agência Brasileira de Promoção de Exportações e Atração de Investimentos (Apex), Alex Carneiro. Ele teve a demissão anunciada pelo Itamaraty, porém trabalhou no dia seguinte. Bolsonaro colocou o embaixador Mario Vilalva no cargo.Davos: A primeira viagem internacional de Bolsonaro como presidente da República teve como destino a Suíça. Ele estreou no Fórum Econômico Mundial, que reúne todos os anos em Davos líderes mundiais e investidores na discussão de agendas comuns de desenvolvimento. Foram três dias de atividades em Davos. Bolsonaro fez um discurso rápido na sessão plenária do fórum. Na fala de pouco mais de seis minutos, ele afirmou que:Nos primeiros 30 dias de governo, Bolsonaro e sua equipe de ministros adotaram medidas no início de governo que geraram polêmica. Também houve episódios de recuos e de informações desencontradas. O caso que chamou mais atenção foi protagonizado pelo próprio Bolsonaro, que anunciou aumento de imposto e depois foi corrigido por subordinados.Informações ultrassecretas: Decreto assinado pelo vice-presidente Hamilton Mourão, quando esteve no exercício da Presidência, permitiu que autoridades como presidente, vice e ministros deleguem a servidores comissionados a possibilidade de impor sigilo ultrassecreto e secreto a dados públicos. A prática era proibida. O governo modificou regras da Lei de Acesso à Informação, mas assegurou que a ""transparência"" está mantida.Demarcações de terras: Bolsonaro transferiu para o Ministério da Agricultura a atribuição de identificar, delimitar e demarcar terras indígenas e quilombolas. O Serviço Florestal Brasileiro ficou subordinado à pasta, comandado pelo deputado ruralista Valdir Colatto (MDB-SC).Azul e rosa: A ministra Damares Alves (Mulher, Família e Direitos Humanos) provocou polêmica com o vídeo no qual afirmou que o Brasil entrou em uma ""nova era"" em que ""menino veste azul e menina veste rosa"". A declaração foi duramente criticada por movimentos feministas, comunidades LGBTI e educadores.Imposto de Renda e IOF: Bolsonaro disse que havia assinado decreto para aumentar alíquota do Imposto Sobre Operações Financeiras (IOF). Junto, informou a possibilidade de redução de 27,5% para 25% da alíquota máxima do Imposto de Renda. Onyx afirmou que o chefe se ""equivocou"", pois apenas sancionou um projeto que manteve incentivos fiscais no Norte e Nordeste.Livros didáticos com erros: Depois da repercussão negativa, o Ministério da Educação revogou mudanças feitas em um edital para compra de livros escolares que permitiam obras com erros, propagandas e que retiravam a exigência de retratar a diversidade étnica e o compromisso com ações de não violência contra a mulher.Ainda no primeiro mês de governo, Bolsonaro precisou lidar com um desastre ambiental causado pelo rompimento de uma barragem da mineradora Vale, em Brumadinho (MG), que cobriu a região com um mar de lama e rejeitos minerais.Após o ocorrido, Bolsonaro sobrevoou a região do desastre, em sua primeira viagem nacional como presidente. Como resposta ao rompimento da barragem, o presidente determinou a criação de gabinetes de crise. Entre as medidas adotadas pela equipe do gabinete, o governo decidiu fiscalizar 3,3 mil barragens e pretende modificar a Política Nacional de Segurança de Barragens.Bolsonaro também passou por uma nova cirurgia no primeiro mês de governo. Na segunda-feira (28), o presidente foi submetido a um procedimento para retirar uma bolsa de colostomia e religar o intestino.Foi a terceira cirurgia do presidente desde que foi esfaqueado, durante um ato de campanha em setembro de 2018. Ele teve o abdômen perfurado por uma faca e passou 23 dias internado.Bolsonaro ficou 48h afastado das atividades de presidente e tem trabalhado de uma espécie de gabinete montado no próprio Hospital Albert Einstein, em São Paulo.O presidente também precisou lidar com o desgaste provocado por novas revelações sobre movimentações financeiras de seu filho, o senador eleito Flávio Bolsonaro (PSL-RJ), e do ex-assessor dele, Fabrício Queiroz.Flávio figura no noticiário desde que um relatório do Conselho de Controle de Atividades Financeiras (Coaf) mostrou que Queiroz, ex-assessor do senador eleito, movimentou R$ 1,2 milhão em sua conta de maneira considerada ""atípica"".Em entrevista à agência de notícias Bloomberg, Bolsonaro afirmou que, se o seu filho errou e isso for provado, ele ""vai ter que pagar"".""Se, por acaso, ele errou e isso ficar provado, eu lamento como pai, mas ele vai ter que pagar o preço por essas ações que não podemos aceitar"", disse.O Ministério Público Estadual do Rio de Janeiro abriu procedimento investigatório criminal, mas a investigação foi suspensa temporariamente por decisão do Supremo Tribunal Federal (STF) em 17 de janeiro. Quem pediu a suspensão das investigações foi Flávio Bolsonaro.A partir da investigação do MP, o Coaf produziu um novo relatório. O documento aponta movimentações bancárias suspeitas de Flávio Bolsonaro. Em um mês, foram feitos quase 50 depósitos em dinheiro numa conta do senador, no total de R$ 96 mil.Em uma declaração à imprensa, o vice Hamilton Mourão afirmou que o único problema de Flávio Bolsonaro é o sobrenome. "	-1
16	"""Moraes rebateu nesta terça-feira (19), em uma entrevista concedida na entrada da Primeira Turma, críticas à abertura da investigação. Segundo ele, todos têm ""direito de espernear"", mas o Supremo está seguindo o regimento e prossegirá com a apuração.Moraes disse que já inicou medidas de cooperação com a Polícia Federal e as polícias militar e civil de São Paulo. Segundo ele, há ""forte suspeita"" de que grupos de financiamento estejam em São Paulo."""	"""Moraes rebate críticas a inquérito para investigar ataques ao STF: Pode espernear à vontade""Relator do inquérito disse que já iniciou medidas de cooperação com PF e polícias de SP. Ele afirmou que há indícios de que financiadores de ataques ao tribunal estejam em São Paulo. Relator de inquérito aberto na semana passada para investigar ataques ao Supremo Tribunal Federal (STF), o ministro Alexandre de Moraes rebateu nesta terça-feira (19), em uma entrevista concedida na entrada da Primeira Turma, críticas à abertura da investigação. Segundo ele, todos têm ""direito de espernear"", mas o Supremo está seguindo o regimento e prosseguirá com a apuração.Na última quinta (14), o presidente do Supremo, ministro Dias Toffoli, anunciou no plenário da Corte a abertura de um inquérito para apurar ""notícias fraudulentas"", ofensas e ameaças a ministros do tribunal. Na ocasião, Toffoli informou que Alexandre de Moraes _ ex-ministro da Justiça e ex-secretário de Segurança Pública _ iria conduzir as investigações.""No direito a gente chama de jus esperneandi, direito de espernear. Pode espernear à vontade, pode criticar à vontade. Quem interpreta o regimento do Supremo é o Supremo. O presidente abriu, o regimento autoriza, o regimento foi recepcionado com força de lei e nós vamos prosseguir"", disse o ministro nesta terça antes de ingressar no plenário da Primeira Turma do STF.O inquérito foi aberto por uma portaria assinada por Dias Toffoli com base no artigo 43 do regimento interno, que trata da polícia do tribunal. De acordo com este artigo, ""ocorrendo infração à lei penal na sede ou dependência do tribunal, o presidente instaurará inquérito, se envolver autoridade ou pessoa sujeita à sua jurisdição, ou delegará esta atribuição a outro ministro"".""Nos demais casos, o presidente poderá proceder na forma deste artigo ou requisitar a instauração de inquérito à autoridade competente"", diz trecho do regimento interno do tribunal.Um dos magistrados mais antigos do STF, o ministro Marco Aurélio Mello foi uma das vozes críticas à decisão de Dias Toffoli. Marco Aurélio disse em entrevista à GloboNews que o Supremo deveria ""manter uma necessária distância de investigações que envolvam apuração de suposto crime contra a própria Corte"".Moraes disse que já iniciou medidas de cooperação com a Polícia Federal e as polícias militar e civil de São Paulo. Segundo ele, há ""forte suspeita"" de que grupos de financiamento estejam em São Paulo.""Já tive duas reuniões importantes, ontem [segunda-feira] em São Paulo, sexta e ontem, com inteligência da Polícia Militar e Civil de São Paulo, que vão auxiliar no inquérito junto com a inteligência da Polícia Federal, principalmente essa rede de robôs, WhatsApp e Twitter. Essa rede que alguém paga, alguém financia, por algum motivo"", disse Moraes.""Aqui, na verdade, é a desestabilização de uma instituição republicana. O que vem se pretendendo é desestabilizar o Supremo Tribunal Federal, ou seja, o Poder Judiciário. Não existe democracia sem independência do Poder Judiciário. Isso vai ser investigado a fundo"", completou o relator.Alexandre de Moraes também disse aos jornalistas nesta terça-feira que alguns ataques ao Supremo podem incentivar atitudes extremadas.""Vai ser possível verificar se são ataques esparsos, tem ataques que pegam dar tiro na cabeça de ministro do Supremo, ou vamos à sessão matar ministros. Eu tenho suficientemente experiência na área, não são essas acusações covardes por trás de computador e WhatsApp que acabam virando crime, mas são, isso é comprovado, tanto pela ciência médica quanto pela criminal, são essas acusações, esse volume, que acaba incentivando pessoas perturbadas a ir, e aí é facada, tiro"", ponderou o relator.O magistrado frisou ainda que o Supremo não pode tolerar ameaças e que críticas contra o tribunal extrapolaram a liberdade de expressão.Marco Aurélio Mello voltou a criticar a decisão de Dias Toffoli nesta terça-feira, em entrevista coletiva concedida antes de ingressar no plenário da Primeira Turma. Ele reafirmou que, se tivesse sido consultado pelo presidente do Supremo sobre a intenção de abrir o inquérito, teria se manifestado contra.""Me posicionaria contra porque sempre quando me defronto com quadro que sinaliza prática delituosa o que eu faço? Eu aciono o Estado acusador. E o Supremo não é o Estado acusador, é o Estado julgador.""O ministro relatou aos repórteres que alguns integrantes do tribunal haviam entendido que a abertura do inquérito seria decidida em plenário. E frisou que a procuradora-geral da República, Raquel Dodge, já questionou a abertura da investigação.""Parece que a procuradora-geral da República, Raquel, levantou isso. Vai ver que ela teve boa escola, foi boa aluna. As coisas vão se arrumando"", ironizou.Para o magistrado, ""em época de crise"", a lei deve ser seguida. Ele avaliou que o quadro mostra uma ""desavença indesejável"" entre Supremo e o Ministério Público.Na entrevista à GloboNews, Marco Aurélio Mello também havia criticado a escolha _ sem sorteio _ de Alexandre de Moraes para a relatoria do inquérito. Ele enfatizou que teria se posicionado contra a abertura da investigação se o presidente do STF tivesse consultado o plenário.Na semana passada, ao justificar a abertura do inquérito, Dias Toffoli argumentou que é necessário combater informações falsas, um dos alvos da investigação. No entendimento do presidente do Supremo e de outros magistrados da Corte, os ministros representam a sede do tribunal porque eles podem atuar de qualquer lugar do país.Procurada sobre as críticas à abertura do inquérito, a presidência do STF disse, ""que há precedentes nesse sentido. E que isso é o tipo de coisa no limite, que não precisa ser feito, mas se necessário, é preciso fazer"". "	-1
17	"Bolsanaro embarcou na manhã deste sábado (26), às 8h30, em direção a Minas Gerais para sobrevoar a região atingida pelo rompimento de três barragens de rejeito da mineradora Vale, em Brumadinho, na região metropolitana de Belo Horizonte.A barragem rompeu no início da tarde de sexta (25), levando uma enxurrada de lama à região. Bolsonaro anunciou ainda na tarde de sexta-feira, horas depois do rompimento da barragem, a viagem a Minas Gerais para reavaliar os danos provocados pela tragédia e ""tomar todas as medidas cabíveis""."	"""Bolsonaro embarca para sobrevoar região atingida por rompimento de barragem em MG""Barragem de mineradora rompeu em Brumadinho, levando enxurrada de lama à região. Presidente encontrará governador Romeu Zema e já disse que quer avaliar medidas cabíveis. O presidente Jair Bolsonaro embarcou na manhã deste sábado (26), às 8h30, em direção a Minas Gerais para sobrevoar a região atingida pelo rompimento de três barragens de rejeito da mineradora Vale, em Brumadinho, na região metropolitana de Belo Horizonte.A aeronave que levou a comitiva presidencial partiu da base aérea de Brasília e desembarcou na capital mineira pouco antes das 9h30.A barragem rompeu no início da tarde de sexta (25), levando uma enxurada de lama à região. De acordo com os Bombeiros, Nove pessoas morreram e até 300 estão desaparecidas.Acompanham o presidente na viagem a Belo Horizonte os ministros Augusto Heleno (Gabinete de Segurança Institucional), Fernando Azevedo e Silva (Defesa), Carlos Alberto dos Santos Cruz (Secretaria de Governo) e o porta-voz do Palácio do Planalto, Otávio Rêgo Barros.A assessoria da Presidência chegou a informar que a primeira-dama, Michele Bolsonaro, acompanharia o marido na viagem a Minas Gerais para sobrevoar a região atingida pela onda de lama, entretanto, na manhã deste sábado o Planalto disse que ela não viajaria com a comitiva presidencial.Antes de Bolsonaro chegar à base aérea, o ministro-chefe da Casa Civil, Onyx Lorenzoni, foi ao terminal aguardar o presidente no hangar. Onyx não viajou para Minas, mas foi subsidiar Bolsonaro com informações sobre as ações do governo na região da tragédia.Bolsonaro anunciou ainda na tarde de sexta-feira, horas depois do rompimento da barragem, a viagem a Minas Gerais para reavaliar os danos provocados pela tragédia e ""tomar todas as medidas cabíveis"".Segundo a assessoria da Presidência, Bolsonaro pousará em Belo Horizonte, onde se encontrará com o governador mineiro Romeu Zema. A previsão é de que Bolsonaro e Zema façam o sobrevoo na região da tragédia em um helicóptero.Segundo o porta-voz do Palácio do Planalto, Otávio Rêgo Barros, até a noite de sexta não estava decidido se o presidente desceria em Brumadinho.O governo avalia a possibilidade de o presidente conceder uma entrevista em Belo Horizonte antes de retornar a Brasília. O retorno de Bolsonaro para a capital federal está previsto para o início da tarde deste sábado.Após o rompimento da barragem de Brumadinho, o governo federal anunciou a criação de gabinetes de crise para monitorar os desdobramentos da tragédia e definir as medidas a serem adotadas.A assessoria da Casa Civil divulgou na manhã deste sábado imagens que mostram técnicos do governo trabalhando no gabinete de crise de Brasília. Segundo o ministério, o gabinete já estava operando às 6h deste sábado.No mesmo dia em que a barragem rompeu, os ministros Ricardo Sales (Meio Ambiente) e Gustavo Canuto (Desenvolvimento Regional) viajaram para Minas Gerais. A prioridade de Canuto, segundo Bolsonaro, será ""o socorro e assistência à população afetada"".O Ministério da Defesa também se envolveu na resposta do governo à tragédia. A pasta determinou que a 4ª Região Militar coordene as ações das Forças Armadas em apoio à Defesa Civil de Minas.O governo federal disponibilizou três helicópteros de médio porte, equipados e com integrantes da Marinha, Exército e Aeronáutica, para atuar em operações de transporte, busca e resgate. Os militares permanecerão à disposição das operações na região atingida.No domingo (27), Jair Bolsonaro viajará para São Paulo. O presidente realizará exames preparatórios para a cirurgia de retirada de uma bolsa de colostomia que ele carrega junto ao corpo desde que foi vítima de um atentado à faca durante a campanha eleitoral do ano passado, em Juiz de Fora (MG).A previsão é de que ele seja operado na manhã de segunda-feira (28). O procedimento cirúrgico será realizado no Hospital Albert Einstein, em São Paulo, uma das instituições de saúde em que o presidente ficou internado após ter o abdômen perfurado pela facada. "	-1
18	"""O ministro Luís Roberto Barroso, do Supremo Tribunal Federal (STF), deve encaminhar nesta semana à Justiça Federal em Brasília a denúncia apresentada contra o ex-presidente Michel Temer no caso dos portos. No fim do ano passado, Temer foi denuncido pela procuradora-geral da República, Raquel Dodge, pelos crimes de corrupção passiva e lavagem de dinheiro por integrar um suposto esquema para favorecer empresas específicas na edição de um decreto sobre o setor portuário. Temer também é investigado por suposto recebimento de propina da Odebrecht, mas nesse caso Dodge não denuncinou por entender que ele não poderia ser acusado por fato cometido fora do cargo e que a análise caberia à primeira instância quando o mandato terminasse."""	"""Denúncia contra Temer no caso dos portos deve ir à 1ª instância nesta semana"" O ministro Luís Roberto Barroso, do Supremo Tribunal Federal (STF), deve encaminhar nesta semana à Justiça Federal em Brasília a denúncia apresentada contra o ex-presidente Michel Temer no caso dos portos.No fim do ano passado, Temer foi denunciado pela procuradora-geral da República, Raquel Dodge, pelos crimes de corrupção passiva e lavagem de dinheiro por integrar um suposto esquema para favorecer empresas específicas na edição de um decreto sobre o setor portuário.A procuradora denunciou mais cinco pessoas por corrupção ativa e passiva e lavagem, entre elas, o ex-assessor especial da Presidência da República, Rodrigo Rocha Loures. A procuradora também acusou de crimes o amigo do presidente, o coronel aposentado da Polícia Militar João Baptista Lima Filho.Dodge também pediu a abertura de mais cinco inquéritos para investigar Temer. Barroso também deve enviar esses pedidos de investigação para a primeira instância. Caberá ao Ministério Público Federal nos estados conduzir as investigações.Um dos pedidos de inquérito quer apurar se houve lavagem de dinheiro supostamente cometido por Temer e pela filha Maristela em reforma de imóvel em São Paulo. Esse caso, a pedido da procuradora, deve ir para a Justiça Federal de São Paulo.Outro caso deve parar nas mãos do juiz Marcelo Bretas, responsável pela Lava Jato no Rio de Janeiro. Dodge pediu abertura de inquérito para apurar suspeitas apontadas pelo delator José Antunes Sobrinho, de que houve pagamento de R$ 1,1 milhão, em 2014, solicitados por João Baptista Lima Filho e pelo ministro Moreira Franco, com anuência de Michel Temer.O pedido para que o inquérito siga no Rio se deve a uma relação com o esquema de desvios ocorrido na estatal Eletronuclear.Outras duas denúncias e uma investigação contra Temer, que estão nas mãos do ministro Luiz Edson Fachin, também devem ir para primeira instância a partir de fevereiro. Temer foi denunciado por corrupção no caso da mala de R$ 500 mil recebida da JBS por Rodrigo Rocha Loures e por ser o líder de suposta quadrilha do MDB, mas a Câmara barrou o prosseguimento dos dois processos no STF.Temer também é investigado por suposto recebimento de propina da Odebrecht, mas nesse caso Dodge não denunciou por entender que ele não poderia ser acusado por fato cometido fora do cargo e que a análise caberia à primeira instância quando o mandato terminasse. "	-1
19	"""Jucá diz que MDB apoiará reeleição de Rodrigo Maia como presidente da Câmara.""Somos parceiros do Rodrigo.""O que levou [à decisão] foi o entendimento politico, a madurecimento.""Além do MDB, outros 12 partidos já anunciaram oficialmente apoio a Rodrigo Maia."	"""Jucá diz que MDB apoiará reeleição de Rodrigo Maia como presidente da Câmara""Presidente desde julho de 2016, Maia tenta novo mandato, até fevereiro de 2021. Ao comunicar decisão, Jucá afirmou: Somos parceiros do Rodrigo; deputado do MDB-MG diz ser candidato. O presidente do MDB, senador Romero Jucá (RR), afirmou nesta terça-feira (29) que o partido apoiará a reeleição do atual presidente da Câmara dos Deputados, Rodrigo Maia (DEM-RJ).A eleição para presidente da Câmara está marcada para a próxima sexta-feira (1º), e Maia está no comando da Casa desde 14 de julho de 2016.Atual vice-presidente da Câmara, Fábio Ramalho (MDB-MG), afirma que disputará a presidência da Casa na eleição do dia 1º. Questionado sobre o assunto, Jucá respondeu:""Fabinho [Ramalho] é um candidato que já se colocou, tem todo direito de ser candidato, é uma figura expressiva do MDB. Mas, na composição partidária, o MDB está nessa composição com o Rodrigo Maia, inclusive discutindo bloco parlamentar a partir do dia 2 de fevereiro"", afirmou Jucá nesta terça.""O que levou [à decisão] foi o entendimento politico, amadurecimento. Nós somos parceiros do Rodrigo. Houve desencontro na questão da Câmara num certo momento, mas eu acho que o Rodrigo soube recompor bem, teve talento, teve competência. Acho que ele ajustou uma grande chapa, aí que acredito que não vá ter dificuldades"", acrescentou o presidente do MDB.Atualmente segunda maior bancada da Câmara, com 51 deputados, o MDB passará a ter a quarta maior da Casa (34) a partir de 1º de fevereiro, quando os deputados eleitos tomarão posse.Para ser eleito presidente da Câmara, um deputado precisa contar com o apoio da maioria dos parlamentares, desde que estejam presentes à sessão de votação ao menos 257 deputados, o que configura maioria entre os 513.Além do MDB, outros 12 partidos já anunciaram oficialmente apoio a Rodrigo Maia. Juntas, as legendas somam 262 deputados. "	-1
20	"""Gastos de estados com servidores e apoentados crescem em 2018"". Para especialista, alta compromete investimentos. Os gastos dos estados com servidores na ativa e apoentados cresceram novamente em 2018, mostra levantamento do G1 a partir de dados encaminhados pelos estados à Secretaria do Tesouro Nacional."	"""Gastos de estados com servidores e aposentados crescem em 2018""De acordo com dados fornecidos pelos estados ao Tesouro, gastos passaram de 49,3% em 2017 para 50,2% do total arrecadado em 2018. Para especialista, alta compromete investimentos. Os gastos dos estados com servidores na ativa e aposentados cresceram novamente em 2018, mostra levantamento do G1 a partir de dados encaminhados pelos estados à Secretaria do Tesouro Nacional.De acordo com as informações repassadas pelos estados, os gastos ""brutos"" com pessoal, isto é, sem abatimentos, passaram de 47,53% da arrecadação total em 2016 para 49,36% em 2017 e, em 2018, para 50,23%.Isto quer dizer que, pela média, os estados gastaram, em 2018, mais de metade da arrecadação total com servidores na ativa e aposentados (veja no gráfico abaixo).Segundo a área técnica do Tesouro, esse critério de comparação é considerado mais adequado, uma vez que as despesas líquidas com pessoal sofrem alterações, em alguns casos, para os estados se enquadrarem nos limites da Lei de Responsabilidade Fiscal.Pesquisadora do Instituto Brasileiro de Econômica (IBRE), da Fundação Getúlio Vargas (FGV), Vilma Pinto fez um levantamento das despesas com pessoal, e encargos sociais, em relação aos gastos totais dos estados.Os números, segundo ela, mostram que em 17 estados os gastos representaram mais de 60% dos gastos totais no ano de 2017.""Isso compromete o funcionamento do estado como um todo. Quando gasta 60%, 70% para pagar salário, sobra muito pouco para pagar todo o resto, como segurança, assistência. No caso dos estados, o que pesa mais é educação e segurança. [...] Quando diz que sobra pouco para a Saúde, por exemplo, está falando de custeio e investimento, da construção de novas escolas e do pagamento da merenda escolar. Isso mostra que há um desequilíbrio"", avaliou.Ela afirmou, ainda, que há estados com alto número de aposentados. Em cinco estados, os com maiores dificuldades financeiras, há mais aposentados do que servidores na ativa: Rio Grande do Sul, Minas Gerais, Rio de Janeiro, Santa Catarina e Espírito Santo (veja no gráfico abaixo).Números do Tesouro indicam que, para atingir os limites da Lei de Responsabilidade Fiscal (LRF) _ segundo a qual os gastos com pessoal não podem ultrapassar 60% da receita _, alguns estados alteram a contabilidade (com autorização dos tribunais de contas), o que resulta em números inadequados e dificulta a comparação histórica.Veja nos gráficos abaixo a proporção dos gastos, por estado, com servidores em relação ao total arrecadado:No gráfico abaixo, os estados com (**) estão com dados incompletosO Tesouro Nacional informou que negocia com estados e Tribunal de Contas da União (TCU), em uma câmara técnica, a ""harmonização"" das regras contábeis. A ideia é promover um diagnóstico do que pode ser feito até o fim do ano, para propor um calendário de implementação da matriz contábil de forma conjunta.Enquanto a unificação de regras contábeis não acontece, a Secretaria do Tesouro Nacional realiza um recálculo de tudo o que foi informado pelos estados, com base na metodologia internacional, considerada mais adequada pela instituição. Esses números, porém, são divulgados somente mais para o fim de cada ano.No ano passado, a instituição informou, em novembro, que 14 estados superaram em 2017 o limite da LRF: Minas Gerais, Mato Grosso do Sul, Rio Grande do Norte, Rio de Janeiro, Rio Grande do Sul, Mato Grosso, Sergipe, Acre, Paraíba, Roraima, Paraná, Bahia, Santa Catarina e Alagoas.Antes disso, o G1 já havia mostrado, em junho de 2018, que os limites não estavam sendo cumpridos por vários estados porque 18 unidades da federação tinham superado o chamado ""limite de alerta"", de 44,1%.O Tesouro também listou no ano passado uma série de medidas que podem ser adotadas pelos estados para melhorar as contas.Saiba abaixo:Vilma Pinto, da FGC/IBRE, avaliou que essas recomendações do Tesouro Nacional podem ajudar os estados no curto prazo.Para que o efeito seja mais duradouro, ela recomendou que o país caminhe de forma conjunta nas reformas estruturais, entre elas a previdenciária (limitando o pagamento de benefícios nos próximos anos, e aumentando a arrecadação), a tributária, para ajudar a resolver a receita estadual, e a administrativa. "	-1
21	Reforma da Previdência prevê idade mínima de 60 anos para homens e mulheres na apoentadoria rural. Na reforma da Previdência entregue pelo governo nesta quarta-feira (20) ao Congresso, o governo propôs idade mínima de 60 anos para homens e mulheres na apoentadoria rural. Pela reforma, os trabalhadores rurais vão precisar de pelo menos 20 anos de contribuição. Vamos filtrar e permitir uma maior exatidão no cadastro para ver quem merece e tem direito a essa apoentadoria por ser rural.	"""Reforma da Previdência prevê idade mínima de 60 anos para homens e mulheres na aposentadoria rural""Hoje, idade mínima é de 60 para homens e 55 para mulheres. Reforma ainda estipula contribuição de pelo menos 20 anos para trabalhadores da área rural.   Na reforma da Previdência entregue pelo governo nesta quarta-feira (20) ao Congresso, o governo propôs idade mínima de 60 anos para homens e mulheres na aposentadoria rural. Pela regra atualmente em vigor, a idade mínima para homens é de 60 anos e para mulheres de 55 anos.Pela reforma, os trabalhadores rurais vão precisar de pelo menos 20 anos de contribuição.A contribuição do trabalhador rural pode incidir sobre o salário ou sobre a produção. Esses contribuintes especiais contribuem com uma alíquota de 1,7% sobre o valor de venda da produção agrícola.A regra atual não prevê tempo de contribuição, mas apenas um tempo mínimo de atividade rural de 15 anos.O secretário especial da Previdência do Ministério da Economia, Rogério Marinho, afirmou que as mudanças na previdência rural vão ajudar a coibir fraudes.""Vamos filtrar e permitir uma maior exatidão no cadastro para ver quem merece e tem direito a essa aposentadoria por ser rural"", disse. "	-1
22	Governo quer evitar dar à Venezuela pretexto para atritos diplomáticos na fronteira. A avaliação é que a situação está mais tranquila na região entre os dois países. Segundo integrantes do governo brasileiro, a determinação permanece evitar qualquer tipo de movimento favorável de intervenção militar no país vizinho. Por isso mesmo, a estratégia defendida permanece a da pressão diplomática.	"""Governo quer evitar dar à Venezuela pretexto para atritos diplomáticos na fronteira "" Depois do momento de maior tensão no fim de semana com a tentativa de ajuda humanitária, a ordem no governo brasileiro é evitar qualquer tipo de pretexto na fronteira de Roraima com a Venezuela para evitar um atrito diplomático. A avaliação é que a situação está mais tranquila na região entre os dois países.Segundo integrantes do governo brasileiro, a determinação permanece evitar qualquer tipo de movimento favorável de intervenção militar no país vizinho. Essa foi uma das possibilidades colocadas pelos Estados Unidos, mas rejeitada pelo Grupo de Lima.Nas palavras de um integrante do Palácio do Planalto, qualquer ação militar na Venezuela causaria muito problema ao Brasil, já que criaria instabilidade na América do Sul, e especialmente na região de fronteira.Por isso mesmo, a estratégia defendida permanece a da pressão diplomática. E da possibilidade de ganhar o apoio da casta militar _ principalmente de generais _ que tem dado o suporte para a manutenção do regime Maduro. "	-1
23	"O ministro da Economia, Paulo Guedes, afirmou nesta terça-feira (5) que a intenção da equipe econômica é obter uma economia de R$ 1 trilhão em dez anos com a proposta de reforma da Previdência a ser encaminhada pelo governo ao Congresso Nacional.Segundo o ministro, que concedeu entrevista no ministério após receber a visita do presidente da Câmara, deputado Rodrigo Maia (DEM-RJ), também há simulações de uma economia de R$ 1 trilhão em 15 anos.De acordo com o ministro da Economia, a instituição de um regime de capitalização no sistema previdenciário seria um ""segundo capítulo"" da reforma da previdência."	"""Guedes diz que intenção é economizar R$ 1 trilhão em dez anos com reforma da Previdência""Em 2018, déficit da Previdência atingiu R$ 290 bilhões. Ministro da Economia diz que, após deixar hospital, presidente Jair Bolsonaro definirá formato da reforma a ser enviada ao Congresso. O ministro da Economia, Paulo Guedes, afirmou nesta terça-feira (5) que a intenção da equipe econômica é obter uma economia de R$ 1 trilhão em dez anos com a proposta de reforma da Previdência a ser encaminhada pelo governo ao Congresso Nacional.Segundo o ministro, que concedeu entrevista no ministério após receber a visita do presidente da Câmara, deputado Rodrigo Maia (DEM-RJ), também há simulações de uma economia de R$ 1 trilhão em 15 anos. Em 2018, o déficit da Previdência bateu recorde e alcançou R$ 290 bilhões, segundo números do governo.""A ideia é que chegue a R$ 1 trilhão [de economia] em dez anos. Há simulações em que é R$ 1 trilhão em 15 anos. Isso é o que está sendo calibrado. O importante é que tenha potência fiscal [de economia de recursos] para resolver o problema, que se inaugure um período novo para a Previdência"", declarou o ministro.Ele afirmou que, pelas propostas em estudo, o Brasil terá um novo regime trabalhista e previdenciário. ""Tem várias possibilidades"", afirmou.Segundo Guedes, o desafio é ""salvar"" a previdência antiga e também impedir o que classificou de ""mecanismo perverso"" de transferência de renda dos pobres para os ricos _ o que, segundo ele, acontece atualmente.""[Queremos] salvar as futuras gerações dessa armadilha, de um sistema que piora desigualdades e destrói empregos em massa. A reforma é uma construção democrática nossa"", afirmou.Para ele, o atual sistema previdenciário brasileiro é uma ""fábrica de desigualdades"", no qual os pobres, em sua grande maioria, se aposentam por idade, aos 65 anos, e com benefícios menores, geralmente com um salário mínimo, enquanto que os mais ricos se aposentam mais cedo e ganhando bem mais.""Estamos tentando estruturar uma reforma que atenue, que reduza. Isso. Com um período de transição. Muita coisa é paramétrica"", disse o ministro.De acordo com o ministro, a decisão sobre o formato final do texto da proposta de emenda constitucional da reforma da Previdência será do presidente Jair Bolsonaro, depois que ele deixar o hospital, em São Paulo, onde se recupera de uma cirurgia.""O presidente, voltando, vai olhar as propostas"", afirmou Guedes. ""Já temos duas ou três versões alternativas simuladas"", declarou.Guedes declarou que é importante enviar uma proposta que seja aceita pelos parlamentares e, por isso, os parâmetros do texto ainda estão sendo calibrados.Ele lembrou que Bolsonaro chegou a citar, em entrevista recente concedida a jornalistas, a possibilidade de a idade mínima de aposentadoria ser de 57 anos para as mulheres de 62 para homens.Nesse caso, Guedes lembrou que a transição do antigo para o novo regime teria de ser mais rápida, como disse recentemente o presidente da Câmara dos Deputados, Rodrigo Maia.De acordo com o ministro da Economia, a instituição de um regime de capitalização no sistema previdenciário seria um ""segundo capítulo"" da reforma da previdência.No sistema de capitalização, os benefícios são pagos pelas contribuições feitas no passado pelo próprio trabalhador. "	-1
24	"""A Terceira Turma do Superior Tribunal de Justiça (STJ) confirmou, por unanimidade, a condenação da Caixa Econômica Federal (CEF) ao pagamento de indenização no valor de R$ 400 mil ao caseiro Franzenildo dos Santos Costa que teve o sigilo bancário violado em 2006. Franzenildo teve o sigilo bancário quebrado, sem autorização judicial, depois de afirmar em depoimento a CPI dos Bingos, ter visto Antônio Palocci na casa em que trabalhavam. O ex-ministro Antônio Palocci acabou demitido pelo então presidente Luiz Inácio Lula da Silva, em marco de 2006, e foi acusado pelo Ministério Público de ter ordenado a quebra do sigilo."""	"""STJ mantém condenação à Caixa por quebra de sigilo do caseiro Francenildo""Banco foi condenado a pagar indenização de R$ 400 mil ao caseiro que teve sigilo bancário violado. Escândalo derrubou o então ministro da Fazenda Antonio Palocci. A Terceira Turma do Superior Tribunal de Justiça (STJ) confirmou, por unanimidade, a condenação da Caixa Econômica Federal (CEF) ao pagamento de indenização no valor de R$ 400 mil ao caseiro Francenildo dos Santos Costa que teve o sigilo bancário violado em 2006.Francenildo teve o sigilo bancário quebrado, sem autorização judicial, depois de afirmar em depoimento a CPI dos Bingos, ter visto Antônio Palocci na casa em que trabalhava - local que seria frequentado por lobistas, empresários e prostitutas, e teria sido palco de partilha de dinheiro obtido com corrupção. A Caixa quebrou o sigilo bancário do caseiro e enviou as informações a Palocci.Na conta do caseiro, constava um depósito no valor de cerca de R$ 40 mil. À época, parte da base governista especulou e parte da imprensa noticiou que o dinheiro seria referente a pagamento pelas acusações feitas por Francenildo. Depois, ficou comprovado que o valor foi transferido pelo pai do caseiro.O STJ confirmou decisão da Quinta Turma do Tribunal Regional Federal da 1ª Região (TRF-1) que negou recurso da Caixa em 2015 e estabeleceu o pagamento da indenização.Em 2010, a Justiça Federal do Distrito Federal deu ganho de causa a Francenildo e condenou o banco a pagar uma indenização de R$ 500 mil. A Caixa Econômica recorreu contra a decisão, assim como o caseiro, que pediu um valor maior.O ex-ministro Antônio Palocci acabou demitido pelo então presidente Luiz Inácio Lula da Silva, em marco de 2006, e foi acusado pelo Ministério Público de ter ordenado a quebra do sigilo. A denúncia, no entanto, foi arquivada em 2009 pelo Supremo Tribunal Federal (STF). "	-1
25	O texto apresenta um resumo detalhado da sentença que condenou o ex-presidente Luiz Inácio Lula da Silva, baseando-se em depoimentos e evidências apresentadas durante o processo. Aqui está um resumo dos pontos principais e das provas utilizadas:  **Acusação e Condenação:**  *   Lula foi condenado por corrupção passiva e lavagem de dinheiro, relacionado a reformas e obras em um imóvel em Atibaia (SP), que ele supostamente usava como refúgio. *   A acusação é de que as reformas foram pagas pela construtora OAS, como forma de propina em troca de favorecimento em contratos com a Petrobras.  **Provas Apresentadas:**  1.  **Depoimentos:**     *   **Fernando Bittar:** Confirmou ter assinado projetos da Kitchens em seu nome e ter participado de reuniões sobre a reforma, sabendo que a OAS estava envolvida.     *   **Paulo Gordilho:** Trocou e-mails com Bittar para intermediar as negociações entre a OAS e Lula.     *   **Elaine Vitorelli Abib (funcionária da Kitchens):** Confirmou ter recebido pagamentos em dinheiro vivo, em nome de Fernando Bittar, referentes à reforma. 2.  **Comunicações:**     *   **E-mails:** A quebra de sigilo telemático revelou e-mails entre Gordilho e Bittar, demonstrando a intermediação nas negociações.     *   **Ligações Telefônicas:** Foram identificadas 42 ligações entre Gordilho e Bittar durante o período da reforma. 3.  **Documentos:**     *   **Recibos de Pagamento:** Anexados aos e-mails, comprovando pagamentos à Kitchens.  **Argumentos da Justiça:**  *   A Justiça considerou que as provas demonstravam o conhecimento e a participação de Lula nas irregularidades. *   A assinatura de projetos por Fernando Bittar em nome de Lula, juntamente com o conhecimento da OAS como pagadora, indicava a intenção de ocultar a origem dos recursos. *   A forma como os pagamentos foram feitos (em dinheiro vivo) reforçava a tentativa de evitar rastreamento.  **Observações:**  *   A defesa de Lula sempre negou as acusações, alegando que as reformas foram pagas por Fernando Bittar e que Lula não tinha conhecimento da origem dos recursos. *   A sentença é passível de recurso.  **Importante:** Este resumo é baseado nas informações fornecidas no texto. A interpretação das provas e a validade da sentença são temas complexos e sujeitos a debate jurídico.	"""Condenação de Lula em 1ª instância no caso do sítio em Atibaia: veja as provas que basearam a decisão""Na sentença, a juíza Gabriela Hardt diz ter se baseado em depoimentos de réus e testemunhas, além de quebra de sigilo, para condenar o ex-presidente; cabe recurso. A juíza federal Gabriela Hardt, de primeira instância, condenou nesta quarta-feira (6) o ex-presidente Luiz Inácio Lula da Silva a 12 anos e 11 meses de prisão por corrupção e lavagem de dinheiro em ação da Lava Jato sobre sítio de Atibaia.Cabe recurso de decisão, e outras 12 pessoas foram denunciadas no processo. O G1 entrou em contato com a defesa de Lula, que informou ainda não ter um posicionamento sobre a condenação.Para Hardt, ""restou comprovado acima de dúvida razoável"" que a construtora OAS realizou reformas na cozinha do sítio de Atibaia em 2014 a pedido de Lula. O ex-presidente também acompanhou Paulo Gordilho, o arquiteto responsável pelo projeto, ""ao menos na sua primeira visita ao sítio, bem como o recebeu em São Bernanrdo do Campo para que este explicasse o projeto"", diz a juíza.Segundo ela, ""foram executadas diversas benfeitorias"" no sítio, mas a denúncia a partir da qual ela proferiu a sentença cita apenas ""o valor pago à empresa Kitchens no importe de R$ 170 mil"". A empresa trabalha com serviços de instalação e decoração de cozinhas.Na sentença, Hardt diz ainda que ""toda a execução da obra foi realizada de forma a não ser identificado quem a estava executando e em benefício de quem seria realizada"", que os pagamentos da OAS à Kitchens foram feitos em dinheiro ""no intuito de não deixar rastros de quem era o pagador"" e que Lula e sua família não ressarciram a construtora pelos valores que ela gastou na reforma.Veja, abaixo, as provas e os argumentos citados na sentença da juíza de primeira instância:1. Depoimento de Leo PinheiroAo ser questionado por Gabriela Hardt, Leo Pinheiro afirmou, em seu depoimento, que a reforma do sítio em Atibaia foi feita ""a pedido diretamente do presidente"", com custos arcados pela construtora OAS, porque o ex-presidente teria ajudado a empresa durante seu governo.Leia trecho do depoimento:Juíza: De qualquer forma o presidente, o senhor fez a reforma do sítio e a questão do triplex até que já foi julgada a pedido do presidente...Leo Pinheiro: A pedido diretamente do presidente.Juíza: Custeado tudo pela OAS...Leo Pinheiro: Pela OAS, pela construtora.Juíza: Nunca foi indenizado ou repassado nada nem pelo o proprietário de registro, nem pelo presidente?Leo Pinheiro: Não, nunca, não, não.Juíza: E o senhor fez isso por que o senhor entendeu que devia favores ao presidente pelas facilidades ou pela?Leo Pinheiro: Claro, nos ajudou muito.Juíza: Ajudou, ajudou a empresa OAS durante o governo dele?Leo Pinheiro: Sim.A juíza disse, na sentença, entender como comprovado o fato de Lula ter solicitado e recebido ""R$ 170 mil reais da OAS, na forma de reforma e compra de equipamentos para a cozinha do sítio de Atibaia como vantagem indevida em razão do cargo de Presidente da República"", que ele ocupou entre 2003 e 2010.""Entendo que as condutas de recebimento de pelo menos R$ 170 mil como vantagem indevida, realizando para tanto atos de ocultação de dissimulação nas reformas narradas neste tópico da sentença"", escreveu ela.2. Depoimento de Paulo GordilhoSegundo a juíza, um trecho do depoimento do ex-engenheiro da OAS indica que Leo Pinheiro, ex-presidente da construtora, solicitou a Gordilho que ele ""resolva esse problema"", dando a entender que se tratava do uso de dados pessoais de Fernando Bittar, empresário, sócio de um dos filhos de Lula, nas notas fiscais de compra referentes à reforma do sítio.Leia trecho do depoimento:Juíza: Deixa eu aproveitar e fazer essa pergunta, no começo quando o Leo Pinheiro te pediu ""Resolva esse problema"", já ficou claro que a OAS que iria pagar independente do custo?Paulo Gordilho: É, Leo quando, Leo era poderoso, viu, então quando Leo dizia ""Resolva""...Juíza: Já se subentendia?Paulo Gordilho: Ele não queria perguntas de como, como que faz, ele entendia de que eu tinha já setenta anos e sabia muito bem o que ele estava dizendo.""Entendo que tanto para Fernando quanto para Paulo Gordilho, é certo que ambos, no mínimo, assumiram o risco de produção do resultado delitivo, já que não havia razão plausível e coerente para que simulassem que a contratação teria sido feita e paga por Fernando, ocultando a participação de Lula e da OAS, caso se tratasse de um negócio lícito"", afirmou a Gabriela Hardt na sentença.3. Depoimento de Fernando BittarNa senteça, Hardt ainda cita o depoimento de Fernando Bittar que, quando interrogado, confirmou, segundo a Justiça, ter assinado os projetos elaborados pela Kitchens em seu nome e que esteve presente na primeira visita que Paulo Gordilho fez ao sítio para olhou a cozinha, acompanhado de Leo Pinheiro, ""sabendo que ambos eram da OAS"".Além disso, Bittar confirmou que conversou e acompanhou as etapas da reforma com Paulo Gordilho e que as obras foram feitas seguindo orientações de Marisa Letícia.Ele também afirmou, em seu depoimento, que nunca pagou nenhum valor por tal reforma, ""mesmo tendo sido feita em sítio que diz lhe pertencer"".4. E-mails trocados entre Paulo Gordilho e Fernando BittarA juíza afirmou que a quebra de sigilo telemático demonstra que Gordilho e Bittar trocaram e-mails ""claramente com o objetivo de intermediar as negociações feita pela OAS e o ex-presidente, até porque este último afirmou não usar email"".Segundo ela, foi encontrada uma mensagem eletrônica enviada por Gordilho a Bittar em 25 de abril de 2014 na qual ""foi anexado o recibo de pagamento de R$ 120 mil à Kitchens em seu nome, contando no corpo da mensagem para seu controle"".5. Ligações telefônicas entre Paulo Gordilho e Fernando BittarAlém da quebra de sigilo telemático, a juíza mencionou, no documento, que foram verificadas 42 chamadas telefônicas entre Gordilho e Bittar no período entre 25 de fevereiro de 2014 e 31 de outubro de 2014, ""período que a OAS atuou no Sítio de Atibaia para reforma da cozinha e do lago"".""Entendo claro ainda que Fernando tinha conhecimento da ilicitude dos valores empregados na reforma em razão de todo o movimento feito para ocultar a OAS e o ex-presidente"", concluiu a juíza.6. Depoimento de Elaine Vitorelli Abib, funcionária da KitchensA sentença também cita trechos do depoimento de uma das funcionárias da empresa Kitchens que recebeu pagamentos referentes à reforma. Segundo Elaine Vitorelli Abib, ela recebeu um pagamento em dinheiro vivo no valor de R$ 50 mil em março de 2014. Embora não soubesse identificar a pessoa que entregou o dinheiro, ela afirmou que o recibo estava no nome de Fernando Bittar.Ministério Público Federal: A senhora lembra dessa transação, senhora Elaine?Elaine Vitorelli Abib: Lembro, lembro sim.Ministério Público Federal: A senhora poderia explicar, por gentileza?Elaine Vitorelli Abib: Sim. Esse foi da, só um minutinho, para eu ter certeza... Do senhor Fernando Bittar, ele pagou na loja 50 mil no mês 03 de 2014.Ministério Público Federal: Esse pagamento foi feito de que forma, foi de crédito, cheque?Elaine Vitorelli Abib: Dinheiro.Ministério Público Federal: Dinheiro?Elaine Vitorelli Abib: Isso.Ministério Público Federal: Aí de posse do dinheiro a senhora mandou fazer um depósito na conta da empresa, é isso?Elaine Vitorelli Abib: Exato.Ministério Público Federal: No primeiro dia, tem dois depósitos, um de 11.489 e outro de 38 e alguma coisa, que totaliza 50 mil reais.Elaine Vitorelli Abib: Exato.Ministério Público Federal: Depois, se a senhora puder olhar, por gentileza, na 324 verso há um depósito de 92.424, esses valores também foram pagos em dinheiro?Elaine Vitorelli Abib: Sim, foi tudo pago em dinheiro.Ministério Público Federal: Ok. Era comum, usual, clientes da Kitchens fazerem pagamentos dessa forma?Elaine Vitorelli Abib: Não. Não é.LEIA A ÍNTEGRA DA SENTENÇATODOS OS PROCESSOS DE LULA "	-1
26	"""Rodrigo Maia procura cúpula militar para desfazer mal-estar após frase sobre fim de festa"". Maia falou com o general Villas Boas, ex-comandante do Exército, e explicou que fora mal interpretado. A declaração causou pronta reação de generais do Alto Comando do Exército. Ao general Villas Boas, atualmente despachando no Palácio do Planalto, o presidente da Câmara afirmou que, ao longo de sua fala a jornalistas, dissera que os militares foram prejudicados por governos anteriores e que, agora, é preciso ajustar os vencimentos equiparando-os aos vencimentos civis."	"""Rodrigo Maia procura cúpula militar para desfazer mal-estar após frase sobre fim de festa"" O presidente da Câmara, Rodrigo Maia, procurou nesta quarta-feira (20) integrantes da cúpula militar com intuito de desfazer um mal-estar criado por uma declaração sua.Maia falou com o general Villas Boas, ex-comandante do Exército, e explicou que fora mal interpretado. Também mandou mensagem para o ministro da Defesa, Fernando Azevedo e Silva, com uma oferta para que o ministro ajude a indicar o relator do projeto que instituirá o sistema de aposentadorias do setor militar.Na terça-feira (19), o chefe da Câmara reconheceu a defasagem salarial dos militares, mas alertou para as dificuldades fiscais.""O problema é que há uma defasagem grande salarial dos militares em relação aos civis, isso há. Mas o problema é que nós estamos no fim da festa, o Brasil quebrou, e eles estão querendo entrar nessa festa no finalzinho, quando já está amanhecendo, a música já está acabando"", disse.A declaração causou pronta reação de generais do Alto Comando do Exército. Alguns procuraram o blog para manifestar insatisfação.A frase foi considerada infeliz.Ao general Villas Boas, atualmente despachando no Palácio do Planalto, o presidente da Câmara afirmou que, ao longo de sua fala a jornalistas, dissera que os militares foram prejudicados por governos anteriores e que, agora, é preciso ajustar os vencimentos equiparando-os aos vencimentos civis.Ao ministro da Defesa, Maia acrescentou que não gostaria de fazer nada ""sem um bom diálogo com ele"". "	-1
27	"""Não há elementos de crimes eleitorais, hipótese é de crime comum, diz juiz Marcelo Bretas"". Portanto, na visão do magistrado, o caso é de competência da Justiça Federal. ""No caso dos autos não há elementos que indiquem a existência de crimes eleitorais, razão pela qual deve ser reafirmada a competência constitucional desta Justiça Federal, o que, aliás, já foi expressamente reconhecido pelo Supremo Tribunal Federal""."	"""Não há elementos de crimes eleitorais, hipótese é de crime comum, diz juiz Marcelo Bretas"" Na decisão desta quinta-feira (21) que mandou prender o ex-presidente Michel Temer, o juiz Marcelo Bretas escreveu que não há elementos que indiquem a existência de crimes eleitorais na investigação. Portanto, na visão do magistrado, o caso é de competência da Justiça Federal.O ponto destacado na decisão ocorre após a decisão da semana passada do Supremo Tribunal Federal (STF) que determinou que investigações que tratam de supostos crimes eleitorais são competência, agora, da Justiça Eleitoral.No episódio desta quinta-feira envolvendo a prisão de Temer e o ex-ministro Moreira Franco, Bretas deixa claro que ""no caso dos autos não há elementos que indiquem a existência de crimes eleitorais, razão pela qual deve ser reafirmada a competência constitucional desta Justiça Federal, o que, aliás, já foi expressamente reconhecido pelo Supremo Tribunal Federal"".Em outro trecho da decisão, Bretas diz: ""O próprio investigado Michel Temer, quando ouvido em sede policial, disse que o também investigado coronel Lima jamais o auxiliou arrecadando recursos para campanhas eleitorais. [...] Portanto, os indícios de que o investigado coronel Lima, ou João Batista Lima Filho, vem atuando como operador financeiro do requerido Michel Temer, recebendo em seu favor valores indevidos, em princípio, não podem ser entendidos como indícios de crime de natureza eleitoral, ante as palavras do próprio então presidente da República Michel Temer, ora investigado"".A decisão também ressalta que coronel Lima, segundo o delator José Antunes Sobrinho, da Engevix, tinha ""carta branca"" para falar em nome de Temer em negociações ilícitas. "	-1
28	"""Proposta de nova previdência para militares aumenta tempo de serviço e alíquota de contribuição"". O Ministério da Defesa já entregou ao Ministério da Economia proposta de mudança na previdência dos militares. A proposta de reforma da previdência dos militares prevê um aumento escalonado na alíquota de contribuição. O governo garante que o texto estará pronto para ser enviado ao Congresso até a próxima quarta-feira (20)."	"""Proposta de nova previdência para militares aumenta tempo de serviço e alíquota de contribuição""Prazo prometido pelo governo para enviar o projeto de lei ao Congresso termina na quarta-feira (20). Militares querem contrapartidas, como reajustes e reestruturação da carreira. O Ministério da Defesa já entregou ao Ministério da Economia proposta de mudança na previdência dos militares. O texto prevê maior tempo de serviço, aumento da alíquota de contribuição, mas também propõe contrapartidas aos militares, como reajustes e uma reestruturação da carreira.Os técnicos da equipe econômica estão calculando o impacto financeiro da proposta do Ministério da Defesa e fazendo ajustes no texto. O governo garante que o texto estará pronto para ser enviado ao Congresso até a próxima quarta-feira (20).Em fevereiro, o governo entregou ao Congresso proposta de emenda constitucional (PEC) da reforma da Previdência, com mudanças nas regras para trabalhadores do setor privado e servidores públicos. As regras para os militares ficaram de ser apresentadas pelo governo em um texto separado.A proposta de reforma da previdência dos militares prevê um aumento escalonado na alíquota de contribuição. Os atuais 7,5% subiriam um ponto percentual por ano a partir do ano que vem, chegando a 10,5% em 2022.Essa contribuição também passa a ser paga a partir do ano que vem pelos pensionistas. A lista de beneficiados do sistema de pensões fica mais restrita, só a maridos, mulheres, filhos e pais sem renda.Outra mudança é no tempo de serviço mínimo para entrar na reserva, que passa dos atuais 30 para 35 anos. Pela proposta, esta regra só vai valer para quem entrar nas forças armadas com a lei já em vigor. Quem já tem 30 anos ou mais de serviço vai se aposentar com as regras atuais. Quem já está nas forças se aposenta também pelo modelo em vigor, mas com um pedágio de 17%.Por exemplo: um militar com 10 anos de serviço, que pelas regras atuais precisaria trabalhar mais vinte anos, passaria a ter de trabalhar 23 anos, quatro meses e 24 dias.Para compensar as alterações nos tempos mínimos de serviço e nas alíquotas de contribuição, o Ministério da Defesa quer reajustes e uma reestruturação da carreira.A proposta cria mais um nível hierárquico na carreira militar, o de sargento-mor. Também prevê a edição em até 90 dias de uma política de remuneração com reajustes anuais para a categoria.Os militares querem ainda reajuste no salário de algumas patentes mais baixas e em adicionais e gratificações. Em algumas delas, o percentual adicionado ao salário mais que dobraria em relação ao valor atual. Os militares pedem também criação de um novo adicional, com valores entre cinco e quarenta e um por cento do salário, e que seria incluído no cálculo da aposentadoria.De acordo com a proposta, também ficam mantidas a integralidade do benefício e a paridade entre os salários da ativa e os valores destinados a quem está na reserva.Entre as ideias em discussão, está a redução do intervalo de tempo para o aumento da alíquota e menores reajustes nas gratificações e adicionais. Com isso, o governo quer evitar que as mudanças gerem mais custos nos próximos 10 anos. "	-1
29	"Ministério da Educação (MEC) enviou um e-mail para escolas pedindo a leitura de uma carta do ministro, seguida da execução do Hino Nacional. O pedido foi alvo de críticas de educadores e juristas. Já nesta terça, ele afirmou: ""Eu percebi o erro, tirei essa frase, tirei a parte correspondente a filmar crianças sem a autorização dos pais. Evidentemente, se alguma coisa for publicada, será dentro da lei, com autorização dos pais""."	"""MEC diz ter errado ao pedir que escolas filmassem crianças cantando hino sem autorização dos pais; veja repercussão ""Ministério da Educação enviou um e-mail para escolas pedindo a leitura de uma carta do ministro, seguida da execução do Hino Nacional. Crianças seriam filmadas durante o ato. Educadores ouvidos pelo G1 divergem quanto ao posicionamento do ministro da Educação, Ricardo Vélez Rodríguez, que nesta terça-feira (26) afirmou ter errado ao pedir às escolas para filmar, sem autorização dos pais, alunos cantando o Hino Nacional.Na véspera, o Ministério da Educação (MEC) havia enviado um e-mail no qual pedia os responsáveis pelas instituições de ensino que executassem o hino e registrassem em vídeo as crianças durante o ato. Uma carta do ministro também devia ser lida.O pedido foi alvo de críticas de educadores e juristas. Na tarde desta terça, a Procuradoria Federal dos Direitos do Cidadão (PFDC), que integra o Ministério Público Federal, afirmou que encaminhou um ""pedido de esclarecimentos"" ao ministro. Segundo a PFDC, Vélez Rodríguez tem 24 horas para apresentar uma justificativa ao pedido ""fundamentada nos preceitos constitucionais e legais a que estão submetidos todos os agentes públicos"".A carta original de Rodríguez era encerrada com as frases ""Brasil acima de tudo"" e ""Deus acima de todos"", que foram o slogan da campanha do presidente Jair Bolsonaro nas eleições.Já nesta terça, ele afirmou: ""Eu percebi o erro, tirei essa frase, tirei a parte correspondente a filmar crianças sem a autorização dos pais. Evidentemente, se alguma coisa for publicada, será dentro da lei, com autorização dos pais"". Questionado sobre quando retirou o trecho do slogan, respondeu: ""Saiu hoje de circulação"".Em nota, o MEC informou: ""A carta a ser lida foi devidamente revisada a pedido do ministro, após reconhecer o equívoco, tendo sido retirado o trecho também utilizado durante o período eleitoral"".De acordo com o comunicado, ainda nesta terça a versão atualizada vai ser encaminhada aos responsáveis pelas escolas para que leiam, de forma voluntária, no primeiro dia letivo deste ano.Ademar Batista Ferreira, presidente da Federação Nacional de Escolas Particulares (Fenep) _ ""Como educador, acho que era uma intenção muito boa do governo de começar o ano letivo com respeito ao Hino Nacional, no sentido de fazer um movimento cívico. Até porque isso é lei. As escolas particulares sabem disso há muito anos, então não há nenhuma novidade. E está dentro da linha do governo federal, de retomar questões de patriotismo e respeito aos símbolos. O ministro falou que errou, mas não acho que seja um erro _ é uma questão de leitura da opinião pública. A opinião pública poderia pensar em melhorar a autoestima do brasileiro, ensinar a letra do Hino Nacional _ isso está na proposta pedagógica. Particularmente, acho que foi uma tentativa de ação afirmativa, mas nos perdemos em entretantos. Uma ação positiva foi distorcida por questões menores. E questão da autorização para as filmagens foi um erro de comunicação. E é uma orientação. O que acontece à escola se ela não fizer? Nada. Há 181 mil escolas no Brasil, se 500 fizessem os vídeos _ não vejo problema nenhum de fazer um filminho das crianças. Sobre o slogan de campanha, isso estava na carta, mas era uma orientação, uma sugestão. A gente está com autoestima muito baixa.""Cecilia Motta, presidente do Conselho Nacional de Secretários de Educação (Consed) e secretária de Educação do Mato Grosso do Sul _ ""Entendo que não há problema em fazer uma mensagem de boas-vindas ou pedir que o hino seja cantado. Essa já é uma rotina de muitas escolas. O problema estava na utilização de um slogan do governo e na filmagem dos alunos. É preciso ter muito cuidado com o que é enviado para as escolas, porque qualquer mensagem encaminhada por um órgão como o MEC, mesmo que seja um pedido, pode ser entendida como uma determinação. Sem falar que essa iniciativa poderia ter sido conversada com os estados e municípios, o que não foi feito. O diálogo sempre é o melhor caminho pra evitar essa impressão de que o ministério está atravessando as secretarias.""Daniel Cara, coordenador geral da Campanha Nacional pelo Direito à Educação (CNDE) _ ""Reconhecer o erro é importante, mas está virando praxe. O MEC propõe algo fora do que é razoável, as pessoas criticam e eles voltam atrás. A questão é que a iniciativa, sob desculpa de valorizar símbolos nacionais, é uma clara estratégia de propaganda do governo, em um contexto em que o Ministério da Educação não demonstra vontade ou competência para resolver os problemas da área."" "	-1
