	Model Answer	news	label
0	É falso que Haddad criou kit gay para crianças de seis anos.	"É falso que Haddad criou kit gay para crianças de seis anosÉ falso que Haddad criou kit gay para crianças de seis anosTwitter<a href=""#"" data-url=""Não é verdade que o candidato à Presidência pelo PT, Fernando Had"	1
1	É #FAKE que a PF descobriu fraude na Mega-Senna	"""É #FAKE que a PF descobriu fraude na Mega-Sena""Texto, que é compartilhado nas redes sociais desde 2005, foi atualizado com a informação de que ganhador do Maranhão é da família Sarney. PF, Caixa e assessoria dos Sarney dizem que conteúdo é falso. Um texto compartilhado nas redes sociais diz que a Polícia Federal descobriu uma fraude na Mega-Sena e que o único ganhador do concurso 2.062, com sorteio realizado no dia 25 de julho de 2018, foi um funcionário da família Sarney. A mensagem é #FAKE.A assessoria de imprensa da Polícia Federal informa que a mensagem não é verdadeira e que não foi descoberta nenhuma fraude na loteria. Ainda de acordo com o órgão, todas as operações e ações realizadas são publicadas no site da Agência de Notícias.A Caixa diz já ter conhecimento sobre a circulação da mensagem desde 2005. Essa, de 2018, é atualizada com dados do concurso 2.062, que teve sorteio realizado no dia 25 de julho, e ainda diz que o ganhador é um funcionário da família Sarney. A Caixa diz que a mensagem é totalmente falsa.Procurados pelo G1, os assessores de José Sarney e da filha dele, Roseana, dizem que o texto é um ""absurdo"" e que se trata de uma mensagem inteiramente falsa.Esse não é o primeiro boato envolvendo a Mega-Sena. Também foi desmentida pela Caixa a mensagem que acusa a empresa de fraudar o peso da bolinha ""fazendo sempre dar os números que eles quisessem"".A Caixa informa que a geração dos números sorteados é aleatória e garantida por diversas práticas e ações de controle. ""As bolas utilizadas nos sorteios possuem o mesmo peso e diâmetro, características verificadas periodicamente pelo Inmetro."" As bolas são pesadas e medidas em ambiente de laboratório para que agentes externos não influenciem o resultado. Ao final de cada aferição, as maletas são lacradas"", afirma a empresa, que diz que os sorteios passam por auditorias técnicas do Tribunal de Contas da União (TCU) e da Controladoria Geral da União (CGU).""A CASA CAIUPOLÍCIA FEDERAL DESCOBRE FRAUDE MEGA SENAA GRANDE FARSA É DESCOBERTA! BRASIL: O PARAÍSO DA SACANAGEMESSES CANALHAS, CORRUPTOS DESTROEM OS SONHOS DAS PESSOAS!ATENÇÃO! SE VOCÊ FAZ APOSTAS NA LOTERIA DA CAIXA, ESTÁ SENDO ENGANADO!!! LEIA &gt;&gt;&gt;ESTA SEMANA UM ÚNICO GANHADOR do Maranhão fez uma Aposta simples de R$ 3,50 e levou o prêmio de R$ 73 milhões na Mega-Sena APÓS A MEGA SENA ACUMULAR VARIAS VEZES SEGUIDA.. Até aí tudo normal! Porém a Polícia Federal desconfiou que estivesse havendo algum tipo de fraude neste sorteio, mal começaram as investigações, e descobriram que quem ganhou o prêmio foi um FUNCIONARIO DA FAMILIA SARNEYOu seja, peixe grande, ligadas diretamente ao governo e a caixa.Eles fraudaram o peso da bolinha, fazendo sempre dar os números que eles quisessem e usaram um laranjas para jogar e ganhar.Você que achava estranho a Mega Sena acumular tantas vezes seguidamente, e quando saía o prêmio, apenas uma pessoa ganhava, geralmente em algum lugar bem distante? Você tinha razão! Só podia ser algum tipo de fraude mesmo!!! Descobriram membros da família que já ganharam mais de 6 vezes seguida.IMAGINE SÓ: A chance de acertar as seis dezenas da Mega-Sena com um jogo simples é de uma em 50.063.860 possibilidades. É QUAL É A POSSIBILIDADE DESTA PESSOA SER JUSTAMENTE DA FAMÍLIA SARNEY?Isso é sacanagem com o povo brasileiro, que trabalha demais; muitos deixam até de comer alguma coisa para fazer uma fezinha! O que muito me admira é que quase não houve divulgação!!!!!!Na TV só passou uma vez no Jornal da Record, e outra na BAND.. Certamente foram censurados... Está na cara que o governo não quer perder a bocada que fatura cada semana com os jogos, e nem quer mais CPIs.Está notícia não pode ficar na gaveta, espalhem!!! Vamos nos unir e dar fim a essa grande rede de corrupção que envolve o nosso país.Colabore com a DIVULGAÇÃO e ajude a desmantelar essa corja de corruptos que levam 45% do seu salário em impostos e ainda têm coragem de levar mais... Passe para todos da sua lista de contatos.O BRASIL todo precisa saber!!!O único jeito de acabarmos com essa patifaria é ninguém jogar mais em nada. Aí , a CAIXA ECONÔMICA vai ter um enorme prejuízo e, talvez só assim fará alguma coisa. E o que as autoridades vão fazer agora??? Esconder como fizeram quando essa notícia vazou???DIVULGUE... MAS DIVULGUE MESMO!PARA VER SE ACONTECE ALGUMA COISA!!!"" "	1
2	Auxílio-reclusão não foi criado pelo PT e valor depende de contribuição ao INSS	"Auxílio-reclusão não foi criado pelo PT e valor depende de contribuição ao INSSAuxílio-reclusão não foi criado pelo PT e valor depende de contribuição ao INSSTwitterFacebookE-mailWhatsAppAuxílio-reclusão não foi criado pelo PT e valor depende de contribuição ao INSSPor Luiz Fernando Menezes 27 de dezembro de 2018, 16h01TwitterFacebookEmailWhatsAppÉ falsa a informação contida em uma montagem que circula pelas redes sociais de que o valor do auxílio-reclusão é maior que o salário mínimo e que isso seria um feito dos governos federais do PT. Na verdade, o benefício existe desde 1933 e é variável, pois se calcula a partir das contribuições ao INSS do preso antes de ir para a cadeia. Para estar apto ao auxílio, o último salário de contribuição do presidiário também não pode ter ultrapassado o teto de R$ 1.319,18.Logo, ainda que a família de um presidiário possa, em tese, receber de auxílio mais que os R$ 954 do salário mínimo atual, não é possível afirmar que essa é a regra, já que o benefício tem valor e prazo variáveis e não se estende a todos - atualmente só 7,1% das famílias de presidiários recebem o auxílio-reclusão, segundo estimou a ONG Contas Abertas.A peça de desinformação também engana ao atribuir a declaração à deputada estadual eleita por São Paulo Janaína Paschoal (PSL-SP), pois não há indícios de que ela tenha dito coisa parecida.No Facebook, esta imagem foi publicada no dia 18 de novembro por um perfil pessoal e acumula, desde então, mais de 48 mil compartilhamentos. Ela foi denunciada por usuários do Facebook e classificada com o selo FALSO na ferramenta de verificação da rede social (entenda como funciona).FALSOO PT foi tão bom para o trabalhador, mas tão bom, que o salário mínimo é menor que o auxílio-reclusão. No governo do PT, o ladrão ganha mais do que o trabalhador.Mesmo sem especificar o período ao qual se refere, a argumentação é FALSA por uma série de motivos:1) Não existe um valor único do auxílio-reclusão: para cada caso é feita a média aritmética das contribuições do preso (condenado a regime fechado ou semiaberto) ao INSS, excluídas as 20% menores. O objetivo do benefício é garantir provisoriamente a sobrevivência da família que depende do presidiário no período de reclusão, ou em parte dele;2) Para estar apto ao benefício, o último salário de contribuição do presidiário não pode ter sido superior ao teto de R$ 1.319,18. Tal fator já reduz consideravelmente as chances do auxílio estar acima do salário mínimo (hoje, em R$ 954), ainda que isso, em tese, seja possível;3) Só recebem o auxílio-reclusão os familiares dos presos que estavam trabalhando e contribuindo regularmente para o INSS na data em que foram detidos. Podem ganhar o benefício desde o cônjuge até um de seus dependentes;4) Não é possível saber, com exatidão, quantos dependentes recebem o benefício, já que o número, divulgado pelo Ministério da Previdência Social, varia mensalmente. Estudo da ONG Contas Abertas de 2016 concluiu que só 7,1% das famílias de presidiários ganham o auxílio;5) A duração também varia de caso para caso, dependendo do estado civil do beneficiário. Em alguns casos, como de cônjuges separados, o auxílio-reclusão pode durar apenas quatro meses;6) O auxílio-reclusão existe desde 1933, ganhou este nome em 1960, no governo de Juscelino Kubitschek (1956-1961) e está previsto na atual Constituição, promulgada em 1988. Ou seja, o benefício não foi uma criação dos governos federais do PT (2003-2016);7) A frase é atribuída à advogada e deputada estadual eleita Janaína Paschoal, mas não há evidências de que tenha sido proferida por ela. Aos Fatos buscou nos perfis oficiais do Twitter e Facebook, em seu site pessoal e em reportagens da imprensa, mas não encontrou nada parecido. Procurada, ela não se manifestou até a publicação desta checagem.Esta é a segunda vez que Aos Fatos checa informações falsas relacionando o auxílio-reclusão aos governos do PT: na véspera do segundo turno das eleições, uma história muito parecida circulou pelas redes sociais, comparando o salário mínimo com o ""Bolsa Presidiário"".TwitterFacebookEmailWhatsAppLeia tambémCinco fatos sobre migraçãoNão é verdade que Moro afastou promotor do caso Queiroz e delegado que investiga morte de MarielleHomem em foto com Flávio Bolsonaro é assessor do senador, não acusado de matar Marielle]"	1
3	É #FAKE que Haddad criou kit gay e que Câmara realizou seminário LGBT infantil	"""É #FAKE que Haddad criou kit gay e que Câmara realizou seminário LGBT infantil ""Presidente eleito Jair Bolsonaro voltou a falar sobre os dois temas em entrevista ao Jornal Nacional  O presidente eleito Jair Bolsonaro (PSL) concedeu nesta segunda-feira entrevista ao Jornal Nacional, da TV Globo. O ex-deputado federal repetiu declarações com conteúdo falso já checadas anteriormente pela equipe do Fato ou Fake.A declaração é #FAKE. Veja o porquê: Batizado de ""kit gay"" por Bolsonaro, o projeto ao qual ele se refere fazia parte da iniciativa Escola sem Homofobia, que, por sua vez, estava dentro do programa Brasil sem Homofobia, do governo federal, em 2004. Ele era voltado à formação de educadores e não tinha previsão de distribuição do material para alunos. O programa não chegou a ser colocado em prática.Elaborado por profissionais de educação, gestores e representantes da sociedade civil, o kit era composto de um caderno, uma série de seis boletins, cartaz, cartas de apresentação para os gestores e educadores e três vídeos. A distribuição do material foi suspensa em 2011 pela então presidente Dilma Rousseff.Em agosto, também durante entrevista ao Jornal Nacional, Bolsonaro afirmou que o livro ""Aparelho Sexual e Cia"" estava dentro do material do programa. A obra do suíço Phillipe Chappuis, publicado no Brasil pela Companhia das Letras, jamais fez parte do projeto. Tanto o MEC quanto a editora responsável pelo livro negam que a obra tenha sido utilizada em programa escolar. O livro nem sequer foi indicado nas listas oficiais de material didático.Durante a campanha eleitoral, o Tribunal Superior Eleitoral (TSE) determinou a remoção da internet de vídeos nos quais Bolsonaro falava sobre esse tema, por ""gerar desinformação e prejudicar o debate político"".A declaração é #FAKE. Veja o porquê: Não ocorreu na Câmara dos Deputados, em novembro de 2010, nenhum evento chamado ""9° Seminário LGBT Infantil"". Em maio de 2012, foi organizado no auditório Nereu Ramos, da Câmara, o ""9° Seminário LGBT no Congresso Nacional"", um evento realizado anualmente. Naquele ano, foram discutidos os temas ""infância e sexualidade"".Idealizador do seminário, o deputado Jean Wyllys (PSOL-RJ) escreveu no pedido de autorização para organizar o evento que o objetivo era debater com a sociedade civil e o governo federal ""sobre a infância e a adolescência de meninos e meninas que sofrem bullying e violência doméstica por escapar dos papéis de gênero definidos pela sociedade"".O lema do seminário foi ""Todas as infâncias são esperança"". Especialistas em direito, educação, sexualidade, psicologia e cultura participaram do seminário. "	1
4	É #FAKE vídeo em que Lula pede votos para Bolsonaro.	"""É #FAKE vídeo em que Lula pede votos para Bolsonaro""Vídeo com mais de 200 mil visualizações é uma montagem. Gravação original foi postada na página de Lula no Facebook há cerca de 4 meses. Um vídeo em que Lula pede votos para Bolsonaro tem bombado em diversos posts nas redes sociais. Nele, o ex-presidente diz que só Bolsonaro é quem vai conseguir tocar o país para frente e que não adianta perder tempo votando em outros candidatos. O vídeo é #FAKE. Trata-se de uma montagem.Em uma das versões, o vídeo é postado com a mensagem: ""Lula grava vídeo pedindo votos pra o Bolsonaro dentro da cadeia"". Na gravação, o ex-presidente diz que ""jamais imaginava que um dia falaria isso, mas não tem solução"" e que nas próximas eleições, ele volta, concorre e mostra como é que se faz.É possível perceber na dublagem a falta de sincronia entre a voz e a fala no vídeo.O G1 procurou a assessoria de imprensa de Lula, que diz que o vídeo é uma clara montagem. ""É falso. O PT já tem um candidato"", afirma a assessoria, referindo-se ao candidato Fernando Haddad.O G1 encontrou o vídeo original, publicado no Facebook de Lula no dia 31 de maio de 2018. Nas imagens, o ex-presidente diz que quer ser candidato porque é inocente e que estão tentando impedir a candidatura dele porque sabem que ele pode ganhar no primeiro turno. ""Como é que eu posso me conformar quando eu vejo uma elite perversa entregando esse país a meia dúzia de pessoas?"", questiona. O vídeo é um trecho de uma entrevista de Lula à rádio Metrópole de Salvador, feita em março.Lula segue sem permissão para fazer gravações direto da prisão. No último dia 15 de setembro, o ministro Sérgio Banhos, do Tribunal Superior Eleitoral, rejeitou pedido do ex-presidente para gravar áudios e vídeos na cadeia. Em julho, a juíza Carolina Lebbos, responsável pela execução da pena dele na Operação Lava Jato, já havia negado o pedido de Lula para gravar áudios e vídeos na prisão.O ex-presidente inicialmente era candidato do PT à Presidência, mas teve a candidatura rejeitada pelo TSE, com base na lei da Ficha Limpa. Fernando Haddad o substituiu e agora concorre pelo PT.Veja o que diz a voz falsa dublada na versão do vídeo postada nas redes sociais:""Não adianta, minha gente. É votar no Bolsonaro. É só ele quem vai conseguir tocar o nosso país pra frente. E se der burrada, amanhã, depois vai ter eleição novamente. Se Deus quiser, até lá, eu volto e concorro e mostro como é que se faz. Mas não vão perder tempo votando nesses outros candidatos. O nosso candidato tem que ser o Bolsonaro. Jamais imaginava que um dia eu falaria isso, mas não tem outra solução, meus companheiros"". "	1
5	"Não existe um filme chamado ""Corpus Christi"" com a direção do deputado Jean Wyllys."	" #Verificamos: Jean Wyllys não dirige filme que retrata Jesus como homossexualEm 1998, dramaturgo americano escreveu peça que mostrava Jesus e seus discípulos como gays do TexasCircula nas redes sociais um texto que ""informa"" que o deputado federal Jean Wyllys (PSOL-RJ) estaria dirigindo um filme chamado ""Corpus Christi"", retratando Jesus e seus discípulos como homossexuais. Por meio do projeto de verificação de notícias, usuários do Facebook solicitaram que esse material fosse analisado. Confira a seguir o trabalho de verificação da Lupa:""O filme Corpus Christi do diretor safado chamado deputado Jean Wyllys (...) está para ser exibido nos cinemas. Com patrocínio da Lei Rouanet. Este filme mostra Jesus e seus discípulos como gays""Imagem que até as 15h do dia 20 de dezembro de 2018 já tinha cerca de 100 compartilhamentos no FacebookFALSONão existe um filme chamado ""Corpus Christi"" com a direção do deputado Jean Wyllys. O Versalic, sistema público mantido pelo Ministério da Cultura (MinC) para o acompanhamento da Lei Rouanet, mostra um único projeto envolvendo o deputado. Trata-se do documentário ""Tempos de Jean Wyllys"", proposto pela Lente Viva Filmes e descrito como um registro da trajetória de Wyllys. O projeto, no entanto, não foi aprovado e, portanto, não captou nenhum recursos pela Lei Rouanet. Wyllys não é diretor de cinema. Costuma representar a si próprio em filmes e na televisão, como no caso do Big Brother Brasil e no seriado Gaycation, da atriz canadense Ellen Page.O boato em torno de ""Corpus Christi"" pode estar relacionado com uma peça de teatro feita há duas décadas. Em 1998, o autor americano Terrence McNally montou pela primeira vez seu ""Corpus Christi"". Nessa peça, a paixão de Cristo era vivida por um grupo de homens gays no Texas dos dias de hoje. Por seu conteúdo, a obra foi alvo de fortes críticas por parte de conservadores e cristãos, e McNally chegou inclusive a ser ameaçado de morte. A peça nunca foi adaptada para o cinema (embora haja um documentário sobre ela), e Wyllys não tem rigorosamente nada a ver com o assunto.Ainda vale destacar que esse boato é antigo e já foi verificado, em 2017, pelo site Boatos.org.*Nota: esta reportagem faz parte do projeto de verificação de notícias no Facebook. Dúvidas sobre o projeto? Entre em contato direto com o Facebook.Editado por: Cristina Tardáguila"	1
6	É #FAKE que promotor pediu prisão de lutadora do UFC que reagiu a assalto no Rio	"""É #FAKE que promotor pediu prisão de lutadora do UFC que reagiu a assalto no Rio""Mensagem falsa diz ainda que ladrão dominado com socos, chute e mata-leão por Polyana Viana foi solto Um texto com quase 20 mil compartilhamentos no Facebook afirma que um promotor de Justiça pediu, na última segunda feira, a prisão da lutadora paraense Polyana Viana, do UFC, ""pelo crime de lesão corporal grave e excesso de legítima defesa"". A lutadora reagiu a um assalto na noite do último sábado em Jacarepaguá, na Zona Oeste do Rio, e dominou o ladrão que tentava roubar seu celular. A mensagem publicada no site ""O Congresso"" e difundida nas redes sociais, porém, é #FAKE.A mensagem compartilhada diz que o promotor que decretou a prisão da lutadora se chama Jean Carlos Rosário e que o assaltante foi liberado, mas o Ministério Público do Rio de Janeiro (MP-RJ) afirma que não existe nenhum promotor com esse nome em seus quadros e que a prisão do assaltante, identificado como Max Gadelha Barbosa, está mantida.O texto chega a reproduzir uma suposta frase do promotor, em que ele diz que a lutadora teria cometido um crime e poderia pegar de dois a oito anos de prisão.No Instagram, Polyana Viana comentou a mensagem falsa e tranquilizou seus fãs, após treinar nesta terça-feira.""Não recebi nada da Justiça. Realmente aconteceu aquele caso, da tentativa de assalto, que eu reagi, mas me defendi dentro da lei. Não recebi nenhum comunicado ainda. Estou treinando normalmente, muito focada. Queria esclarecer com vocês esse assunto, que é um pouco chato. É muito difícil vocês me verem aqui falando nessa seriedade toda. Tô sempre brincando, com molecagem, mas verdade ou não é um assunto muito sério - disse a lutadora em um vídeo publicado em seu perfil oficial.""O Fato ou Fake não conseguiu localizar os responsáveis pelo site ""O Congresso"". Pesquisas pelo domínio revelam apenas que ele está registrado em nome de uma empresa americana que oferece o serviço para ocultar a identidade dos verdadeiros responsáveis. Não há qualquer forma de contato disponível no site, nem mesmo perfis em redes sociais.A lutadora de MMA Polyana Viana estava saindo de casa na noite de sábado, em Jacarepaguá, na Zona Oeste do Rio, quando foi abordada por um homem que anunciou um assalto. Ele avisou que ela não deveria tentar reagir, pois estava armado. No entanto, ao levar a mão à cintura para indicar onde estaria a pistola, acabou amassando o volume, que mais tarde se revelou um revólver de papelão. Polyana, então, imoblizou o assaltante com uma sequência de socos e um chute. A lutadora contou os detalhes em entrevista ao jornal ""O Globo"".Polyana é oito vezes campeã estadual de jiu-jítsu no Pará, sete vezes campeã estadual de jiu-jítsu no Maranhão, cinco vezes campeã estadual de jiu-jítsu no Tocantins, uma vez campeã estadual de jiu-jítsu em São Paulo, campeã mundial de jiu-jítsu em 2015 e campeã do Jungle Fight.Vídeo: Veja como identificar uma mensagem falsa "	1
7	É #FAKE que Bolsonaro sugeriu troca da imagem de Nossa Senhora Aparecida e que assinou projeto de lei para retirada do título de padroeira do Brasil.	"""É #FAKE que Bolsonaro sugeriu troca da imagem de Nossa Senhora Aparecida e que assinou projeto de lei para retirada do título de padroeira do Brasil ""Print de reportagem publicada na \""Folha de S.Paulo\"" é falso. Já o projeto de lei, que não contém sua assinatura, foi arquivado e não chegou a ser votado. Circulam nas redes sociais um print como se fosse da ""Folha de S.Paulo"" com a manchete ""Encontro de Bolsonaro com o Bispo Edir Macedo gera polêmica ao sugerir a troca da imagem da padroeira do Brasil"" e também um post que diz que Bolsonaro e o filho Eduardo assinaram o projeto de lei 2623/07 para a retirada do título de padroeira do Brasil de Nossa Senhora Aparecida. Os posts são #FAKE.O print atribuído à ""Folha de S.Paulo"" tem como data de publicação o dia 11 de outubro de 2018. Nele, há uma frase que diz que o candidato ""tomará essa postura não somente pelo tom da pele, e sim para trazer mudança em todos os cenários"". Não há, no entanto, qualquer texto publicado com esse mesmo título na Folha nesta data. Além disso, a diagramação da página é diferente da encontrada nas páginas do jornal impresso ou do online.O post que afirma que Jair Bolsonaro e o filho Eduardo assinaram o projeto de lei 2623/07 para a retirada do título de ""padroeira do Brasil"" em relação à Nossa Senhora Aparecida também é falso.No site da Câmara dos Deputados, é possível ver que a proposta, apresentada pelo professor Victorio Galli, foi arquivada em agosto de 2008. O projeto tinha o objetivo de retirar de Nossa Senhora Aparecida o título de ""padroeira do Brasil"" e substituir a expressão por ""padroeira dos brasileiros católicos apostólicos romanos"".Nas redes sociais, Eduardo se manifestou em relação ao post: ""Mais uma fake news, não acredite em tudo que chega ao seu conhecimento através da internet"". Ele diz que, em 2007, não era nem sequer deputado. "	1
8	É #FAKE post atribuído a Bolsonaro em que propõe anexar o estado de Sergipe à Bahia.	"""É #FAKE post atribuído a Bolsonaro em que propõe anexar o estado de Sergipe à Bahia""Um print de um perfil atribuído ao candidato à Presidência da República Jair Bolsonaro (PSL) circula com tal medida. Não é verdade. Um print com uma postagem feita por um perfil atribuído ao candidato Jair Bolsonaro (PSL) no Facebook diz: ""O Estado de Sergipe deveria ser unificado a Bahia, um estado pequeno que não produz nada para que está lá?"" É #FAKE. O perfil não é o do candidato e a mensagem jamais foi postada por ele.O perfil com a postagem é denominado ""Jair Bolsonaro"". O perfil verdadeiro do candidato do PSL, por meio do qual se comunica com seus seguidores e divulga as atividades de sua campanha, é ""Jair Messias Bolsonaro"".A tal proposta de unificação do estado de Sergipe à Bahia não é encontrada em nenhum outro perfil de Jair Bolsonaro nas redes sociais.Em um vídeo publicado no YouTube em março deste ano, Jair Bolsonaro aparece ao lado do deputado federal por Sergipe Fábio Mitidieri (PSD) e nega que tenha defendido essa proposta.No vídeo, gravado no plenário da Câmara dos Deputados, em Brasília, Bolsonaro diz: ""Criaram uma página falsa, que é muito comum acontecer comigo, né"". ""Algumas poucas pessoas acreditam. O assunto é sério. O Sergipe, nós sabemos, que é o menor estado, territorialmente falando, do Brasil, mas tem a sua importância e vai ter seu espaço conosco.""O vídeo em que Bolsonaro desmente a postagem foi noticiado por pelo menos um site de Sergipe, em março deste ano.Aliado de Bolsonaro, Mitidieri foi reeleito com 102.899 votos, a maior votação obtida por um candidato a deputado federal em Sergipe nessa eleição.Neste sábado e domingo a equipe do Fato ou Fake se uniu a outras cinco agências de checagens de notícias no Brasil para checar as mensagens de conteúdo suspeito nesta reta final das eleições. A ideia de juntar forças é para ganhar mais agilidade e aumentar o alcance das checagens. A parceria reúne o Fato ou Fake, Projeto Comprova, Lupa, Aos Fatos, Boatos.org e E-Farsas "	1
9	Ex-candidatos visitaram o local em 5 de setembro e não foram impedidos de discursar	" #Verificamos: É falso que Haddad e Manuela foram vaiados em fábrica da Ford que deve ser fechadaEx-candidatos visitaram o local em 5 de setembro e não foram impedidos de discursarCircula nas redes sociais a ""informação"" de que os ex-candidatos a presidente e vice-presidente da República Fernando Haddad (PT) e Manuela DÁvila (PCdoB) foram hostilizados pelos funcionários da fábrica da Ford em São Bernardo do Campo - local que teve seu fechamento anunciado na última terça-feira (19) - durante a campanha eleitoral do ano passado. Por meio do projeto de verificação de notícias, usuários do Facebook solicitaram que esse material fosse analisado. Confira a seguir o trabalho de verificação da Lupa:""Foi na Ford que não deixaram a Manu [Manuela DÁvila] e o [Fernando] Haddad discursarem aos gritos de mito, mito""Imagem publicada que, até as 16h do dia 22 de fevereiro de 2019 já tinha sido compartilhada mais de 170 vezes no FacebookFALSOA postagem analisada pela Lupa traz uma informação falsa. Apesar de corretamente destacar que o fechamento da fábrica da Ford em São Bernardo do Campo pode afetar mais 24 mil pessoas (segundo calculo do Dieese podem ser até 27 mil), erra ao comentar que Fernando Haddad e Manuela DÁvila foram impedidos de discursar no local durante a campanha eleitoral de 2018. Os dois políticos visitaram o local e não há qualquer registro de que tenham sido vaiados ou impedidos de discursar. A visita à fábrica ocorreu no dia 5 de setembro, quando Haddad ainda era, formalmente, candidato a vice-presidente da República.O presidente do Sindicato dos Metalúrgicos do ABC, Wagner Santana, chegou a se posicionar sobre o assunto na última quinta-feira (21). Em seu Facebook, relatou que a visita ocorreu ""sem que tenha havido incidente ou hostilidade"" e relatou que outra visita de Haddad à fábrica, feita em junho - antes do início do período eleitoral - também havia ocorrido sem nenhum incidente relevante.A página de campanha do então candidato a presidente Luiz Inácio Lula da Silva (PT) no Facebook fez um vídeo ao vivo da visita de Haddad à Ford em 5 de setembro. O vídeo também não mostra qualquer manifestação de hostilidade contra os candidatos.Nota: esta reportagem faz parte do projeto de verificação de notícias no Facebook. Dúvidas sobre o projeto? Entre em contato direto com o Facebook.Editado por: Cristina Tardáguila"	1
10	Guararapes e mais seis fábricas de confecções poderão deixar o RN se Fátima Bezerra do PT vencer.	"""É #FAKE print sobre saída do Grupo Guararapes do RN em caso de vitória de Fátima Bezerra""Mensagem com print de repórter da InterTV circula nas redes sociais. Grupo nega que vai deixar o estado se a petista ganhar; frame é de reportagem sobre prisão de suspeito de tráfico. Circula nas redes sociais uma mensagem que afirma que o Grupo Guararapes, companhia dona da Riachuelo, vai deixar o Rio Grande do Norte caso Fátima Bezerra (PT) ganhe as eleições para o governo neste domingo (28). A mensagem é acompanhada de um frame de uma reportagem da InterTV, afiliada da Rede Globo no estado. A mensagem é #FAKE, e o frame é de uma reportagem que não tem nenhuma relação com o assunto.A mensagem falsa afirma que ""Guararapes e mais seis fábricas de confeccções poderão deixar o RN se Fátima Bezerra do PT vencer"".A candidata do PT vai disputar o segundo turno contra Carlos Eduardo, do PDT.Em nota, a assessoria de imprensa do Grupo Guararapes afirma que as informações são ""inverídicas"" e que ""não há qualquer plano de deixar o Rio Grande do Norte"". O grupo ainda destaca que é ""apartidário"" e que ""as operações continuarão independentemente do candidato eleito"".O repórter da InterTV que aparece no print compartilhado junto com a mensagem é Acson Freitas. O print foi retirado de uma reportagem sobre a prisão de um suspeito de tráfico na Grande Natal - ou seja, não tem nenhuma relação com a mensagem em questão. "	1
11	A imagem que até as 23h do dia 27 de janeiro de 2019 já tinha sido compartilhada mais de 20 mil vezes no FacebookFALSOA imagem analisada pela Lupa não foi feita em Brumadinho (MG) nem data desta semana. A foto consta no banco de imagens da Getty Images desde 2008 e mostra Alyssa Braun, então moradora de Michigan (EUA).	" #Verificamos: Foto de menina gritando na lama foi feita nos EUA em 2008 - não em MGImagem já teve mais de 20 mil compartilhamentos no Facebook ao ser associada com barragem de BrumadinhoCircula na internet a foto de uma menina coberta por lama acompanhada de uma legenda que sugere que a cena tenha sido flagrada em Brumadinho (MG), onde uma barragem da Vale rompeu na última sexta-feira (25), deixando mortos e feridos. Por meio do projeto de verificação de notícias, usuários do Facebook solicitaram que esse material fosse analisado. Confira a seguir o trabalho de verificação da Lupa:""Não é O Grito, de Munch. É o grito e a dor do Brasil [pelo rompimento de barragens]""Imagem que até as 23h do dia 27 de janeiro de 2019 já tinha sido compartilhada mais de 20 mil vezes no FacebookFALSOA imagem analisada pela Lupa não foi feita em Brumadinho (MG) nem data desta semana. A foto consta no banco de imagens da Getty Images desde 2008 e mostra Alyssa Braun, então moradora de Michigan (EUA), quando ela tinha 12 anos. Naquele 8 de julho de 2008, Alyssa e outras crianças fotografadas por Bill Pugliano celebravam o ""Mud Day"", ou ""Dia da Lama"".Outra imagem da mesma série de fotos deBill Pugliano também circula no Facebook como se tivesse sido feita em Brumadinho (MG) nas últimas horas.""Uma das vítimas da facção liberal instalada no Brasil""Imagem que, até as 23h do dia 27 de janeiro de 2019, já tinha sido compartilhada mais de 590 vezes no FacebookFALSOEssa segunda imagem também consta no banco de imagens da Getty Imagese também mostra uma criança que, em 2008, participou do ""Dia da Lama"". Não há, portanto, qualquer conexão com o desastre de Brumadinho (MG).Nota: esta reportagem faz parte do projeto de verificação de notíciasno Facebook. Dúvidas sobre o projeto? Entre em contato direto com o Facebook.Editado por: Maurício Moraes"	1
12	Popularidade de Lula bate recorde e chega a 95%, diz Ibope	" #Verificamos: Lula não bate recorde de popularidade em pesquisa recente do IbopeSites republicaram notícia de 2010 e reutilizaram dado referente ao fim do último mandato presidencial do petistaCircula na internet a informação de que o ex-presidente Luiz Inácio Lula da Silva, lançado candidato do PT à Presidência da República em 2018, teria ""batido recorde de popularidade"" em pesquisa recente divulgada pelo Ibope. Por meio do projeto de verificação de notícias, usuários do Facebook solicitaram que essas informações fossem checadas. Confira a seguir a análise da Lupa:""Popularidade de Lula bate recorde e chega a 95%, diz Ibope""Notícia publicada pelos sites Portal Veja Agora e Alerta Rondônia, com mais de 4,7 mil interações no Facebook até as 15h do dia 7 de agosto de 2018FALSO Os sites Portal Veja Agora e Alerta Rondônia copiaram uma reportagem antiga do portal G1 e publicaram como se fossem recentes. Em dezembro de 2010, pesquisa Ibope mostrou que Lula, então no fim de seu último mandato como presidente, tinha 87% de aprovação. No Nordeste, sua popularidade chegava a 95%. A edição mais recente do Ibope, publicada em 28 de junho, não trata da aprovação pessoal de Lula ou de outros políticos. Indica apenas a intenção de voto e rejeição dos presidenciáveis. Nesta pesquisa, Lula apareceu com 21% na pesquisa espontânea, 33% no cenário de pesquisa estimulada em que ele participa e 31% de rejeição.*Nota: esta reportagem faz parte do projeto de verificação de notícias no Facebook. Dúvidas sobre o projeto? Entre em contato direto com o Facebook.Editado por: Cristina Tardáguila, Clara Becker e Leandro Resende"	1
13	Onyx erra ao afirmar que Brasil preserva área maior que o tamanho da Europa	"Onyx erra ao afirmar que Brasil preserva área maior que o tamanho da EuropaOnyx erra ao afirmar que Brasil preserva área maior que o tamanho da EuropaTwitterFacebookE-mailWhatsAppOnyx erra ao afirmar que Brasil preserva área maior que o tamanho da EuropaPor Alexandre Aragão 14 de novembro de 2018, 17h50TwitterFacebookEmailWhatsAppO ministro extraordinário da transição e futuro ministro-chefe da Casa Civil do governo Bolsonaro, Onyx Lorenzoni (DEM), errou ao afirmar em uma entrevista coletiva nesta segunda-feira (12) que a área preservada pelo Brasil corresponde a ""Europa inteira territorialmente, toda a União Europeia, com as nossas matas, mais cinco Noruegas"".Na verdade, o tamanho das reservas ambientais brasileiras (1,47 milhão de km²) equivale a 15% da Europa (9,95 milhões de km²) e a 34% da área da União Europeia (4,32 milhões de km²). A área protegida no Brasil também não é maior que cinco vezes a área da Noruega (304 mil km², que multiplicados por cinco são 1,52 milhão de km²).Confira abaixo, em detalhes, o que checamos.FALSOO Brasil preservou a Europa inteira territorialmente, toda a União Europeia, com as nossas matas, mais cinco Noruegas.Na segunda-feira (12), Onyx afirmou: ""O que nós fizemos não vale nada, o que vale é a Noruega. E a floresta norueguesa, quanto eles preservaram? Só uma coisa importante que tem que ser lembrada: o Brasil preservou a Europa inteira territorialmente, toda a União Europeia, com as nossas matas, mais cinco Noruegas. Os noruegueses têm que aprender com os brasileiros, e não a gente aprender com eles.""Segundo dados oficiais, a última expansão da área terrestre protegida no Brasil aconteceu em 2011, primeiro ano do governo Dilma Rousseff (PT). Desde então, a área protegida no Brasil é de 1,475 milhão de km², o equivalente a 17,33% do território nacional.Essa área é menor que a Europa e a União Europeia, e não equivale a cinco vezes a área da Noruega, como mostram as informações no ""The World Factbook"", organizado pela CIA (agência de inteligência dos Estados Unidos).Segundo o compêndio:A área terrestre da Europa é de 9,948 milhões de km²;A área terrestre da União Europeia é de 4,324 milhões de km²;A área terrestre da Noruega é de 304.282 km². O Aos Fatos entrou em contato com a assessoria de imprensa de Onyx Lorenzoni na manhã desta quarta (14), mas o ministro não respondeu até a publicação desta checagem.De acordo com a definição adotada internacionalmente, áreas protegidas são áreas ""com limites geográficos definidos e reconhecidos, cujo intuito, manejo e gestão buscam atingir a conservação da natureza, de seus serviços ecossistêmicos e valores culturais associados de forma duradoura, por meios legais ou outros meios efetivos"".As áreas protegidas foram criadas no Brasil em 2006, pelo decreto nº 5.758, assinado pelo então presidente Luiz Inácio Lula da Silva (PT). Na época, a área protegida era de 681 mil km², o equivalente a 8% do território brasileiro. Atualmente, a maior parte (43%) dos 1,47 milhão de km² protegidos por lei ficam na região amazônica, que abrange parques nas regiões Norte e Centro-Oeste do país, como o Parque Nacional dos Campos Amazônicos, que se espraia entre Amazonas, Mato Grosso e Rondônia.A pergunta sobre proteção ambiental foi feita a Onyx Lorenzoni porque a Noruega é o maior doador do Fundo Amazônia, com US$ 1,1 bilhão repassados entre 2009 e 2017. Durante uma visita do presidente Michel Temer (MDB) ao país, no ano passado, o governo norueguês anunciou um corte de US$ 200 milhões nas contribuições após mudanças na legislação de proteção ambiental.TwitterFacebookEmailWhatsAppLeia tambémCinco fatos sobre migraçãoNão é verdade que Moro afastou promotor do caso Queiroz e delegado que investiga morte de MarielleHomem em foto com Flávio Bolsonaro é assessor do senador, não acusado de matar Marielle]"	1
14	A imagem analisada pela Lupa é uma montagem. A foto original mostra que o homem estava vestindo uma camisa vermelha (aqui e aqui) sem qualquer menção ao ex-presidente Luiz Inácio Lula da Silva.	" #Verificamos: É montagem foto que mostra homem preso usando camiseta do Lula LivreNa foto original, homem vestia uma camiseta vermelha sem menção ao ex-presidenteCircula nas redes sociais foto que mostra um homem encostado em um veículo com drogas ilícitas no porta-malas. Ele estaria vestindo uma camisa vermelha com os dizeres ""Lula Livre"". Por meio do projeto de verificação de notícias, usuários do Facebook solicitaram que esse material fosse analisado. Confira a seguir o trabalho de verificação da Lupa:""Já imaginaram se esse cidadão tivesse com a camisa do Bolsonaro? Seria matéria para um Globo Repórter inteiro!""Texto que acompanha imagem que, até às 14h30 do dia 18 de março de 2019, já tinha mais de 17 mil compartilhamentos no FacebookFALSOA imagem analisada pela Lupa é uma montagem. A foto original mostra que o homem estava vestindo uma camisa vermelha (aqui e aqui) sem qualquer menção ao ex-presidente Luiz Inácio Lula da Silva. Em outubro de 2018, a Polícia Rodoviária Estadual do Ceará prendeu Ricelio Vieira de Figueiredo, que transportava cerca de 200 kg de maconha em um fundo falso dentro de um carro. Veja foto tirada na ocasião: Na época, o homem confessou que comprou a droga no Distrito Federal e estava transportando a carga para o Paraíba. Checagem semelhante foi feita pelo site Aos Fatos. Nota: esta reportagem faz parte do projeto de verificação de notíciasno Facebook. Dúvidas sobre o projeto? Entre em contato direto com o Facebook.Editado por: Chico Marés"	1
15	Tribunal divulga documento que prova inocência de Lula	" #Verificamos: decisão de tribunal do DF não prova inocência de LulaPostagem que se popularizou 41 dias depois da prisão do ex-presidente ignora nota emitida por juíza do TJDFTNesta quarta-feira (16), 41 dias depois da prisão do ex-presidente Luiz Inácio Lula da Silva, voltou a ganhar força nas redes sociais uma postagem indicando que o Tribunal de Justiça do Distrito Federal e dos Territórios (TJDFT) havia produzido um documento oficial provando a inocência de Lula. A Lupa analisou o caso.Confira o resultado a seguir:""Tribunal divulga documento que prova inocência de Lula""Título de post feito pelo site ReconVale Notícias e que, até as 18h30 do dia 15 de maio, já tinha tido 268 interações no FacebookFALSONo corpo da ""notícia"", analisada pela Lupa, o ReconVale informa que ""o termo de penhora do famoso triplex do Guarujá"", assinado pela juíza Luciana Oliveira em dezembro do ano passado, pr"	1
16	Bolsonaro manifestou solidariedade a ingleses por incêndio na França.	" #Verificamos: É falso que Bolsonaro manifestou solidariedade a ingleses por incêndio na FrançaPresidente declarou que orações dos brasileiros estavam com o povo francês em seu único tuíte sobre o assuntoCircula nas redes sociais a imagem de um tuíte que teria sido publicado pelo presidente Jair Bolsonaro (PSL) em solidariedade aos ""ingleses"" pelo incêndio na Catedral de Notre Dame, em Paris, na França. Por meio do projeto de verificação de notícias, usuários do Facebook solicitaram que esse material fosse analisado. Confira a seguir o trabalho de verificação da Lupa:""Estou pessoalmente consternado com o incêndio que atingiu a Catedral de Notre-Dame, símbolo da cultura ocidental e da fé cristã. Me solidarizo à todos os ingleses nesse momento tão difícil e doloroso""Tuíte atribuído ao presidente Jair Bolsonaro, compartilhado por mais de 300 pessoas até as 19h do dia 16 de abrilFALSO A imagem analisada pela Lupa é uma montagem. Bolsonaro não mencionou os ingleses no único tuíte que fez sobre o incêndio na Catedral de Notre Dame. O presidente disse que manifestava sua solidariedade ao ""povo francês"".Em nome dos brasileiros, manifesto profundo pesar pelo terrível incêndio que assola um dos maiores símbolos da cultura e da espiritualidade cristã e ocidental, a catedral de Notre-Dame, em Paris. Neste momento sombrio, as nossas orações estão com o povo francês.- Jair M. Bolsonaro (@jairbolsonaro) April 15, 2019O tuíte que aparece na publicação no Facebook, no qual o presidente teria mencionado os ingleses, não está nas ferramentas Tweets de Bolso, de Aos Fatos, e Desbloqueando JB. Esses dois sistemas replicam e arquivam publicações do presidente no Twitter, mesmo que elas sejam eventualmente apagadas.Além disso, a data que aparece no tuíte equivocado atribuído ao presidente na imagem publicada no Facebook é 14 de abril. O incêndio na Notre Dame aconteceu no dia 15 de abril.Nota: esta reportagem faz parte do projeto de verificação de notíciasno Facebook. Dúvidas sobre o projeto? Entre em contato direto com o Facebook.Editado por: Natália Leal"	1
17	É #FAKE que imagem com ilusão de ótica é teste para estresse.	"""É #FAKE que imagem com ilusão de ótica é teste para estresse""Mensagem viral diz que desenho foi criado por neurologista japonês. Não é verdade. ""Esta imagem foi criada pelo professor de Neurologia Dr Yamamoto. Se ela não se movimenta, significa que você está saudável e dormiu bem. Se ela está se movimentando bem devagar, mostra que você está estressado ou cansado. Se ela está se movendo continuamente e rápido, mostra que você está muito estressado, e pode haver alterações de ordem psicológica"". O inofensivo teste para estresse atribuído a um professor japonês circulou em vários grupos de WhatsApp e pelo Facebook nas últimas semanas. A ilusão de ótica formada na imagem, porém, nada tem a ver com cansaço e o desenho nem sequer foi criado por um neurologista chamado Yamamoto. O texto compartilhado é #FAKE.A mensagem viral acompanhada do desenho com a ilusão de ótica circula em vários países e em diferentes idiomas ao menos desde o fim de novembro. Também já foi checada por diversos veículos estrangeiros, como a inglesa BBC.O designer gráfico ucraniano Yurii Perepadia diz ter criado o desenho em setembro de 2016, usando um programa de edição de imagens. Ao jornal ""O Globo"", Perepadia conta que seu trabalho foi influenciado pelas obras de Akiyoshi Kitaoka, professor de Psicologia da Universidade Ritsumeikan, de Kioto, no Japão, conhecido por estudar ilusões de ótica, que pode ser a origem do Dr. Yamamoto citado na mensagem viral.""Foi Akiyoshi Kitaoka quem afirmou que, com a ajuda de suas ilusões visuais, é possível determinar o estado mental de uma pessoa. Eu aprendi e entendi como desenhar ilusões de ótica com seus exemplos. Então criei uma variedade de texturas em movimento e a envolvi em formas: esferas, buracos. Eu fiz até mesmo as cartas se moverem"", afirma o designer.O desenho de Yurii Perepadia começou a viralizar nas redes sociais em outubro a partir de uma postagem feita pela professora de neurociência cognitiva da Universidade de Milão Alice Proverbio no Twitter. Na ocasião, a pesquisadora descreveu como funciona a ilusão de ótica provocada pela imagem estática. De acordo com Proverbio, neurônios que processam cor e forma ficam saturados e dão espaço para outros neurônios responsáveis por processar movimentos, o que causa o efeito.""V5 (ou MT) é a área cortical dedicada ao processamento de movimento, enquanto V4 é dedicada ao processamento de cor e forma (como o pentágono). Os neurônios V4 estão tão saturados que a taxa de disparo basal / repouso dos neurônios MT é interpretada como um sinal sensorial real"", explica a professora no Twitter.Procurada pelo G1, a professora diz que a mensagem que circula associando a imagem a um teste de estresse é ""fake news"". ""Absolutamente não [é verdade]! É fake news! É saudável ver a ilusão no movimento. Isso reflete a maneira como as áreas visuais V4 e V5 interagem."" "	1
18	É #FAKE que lei que isenta idosos de pagar estacionamento em shoppings foi aprovada na Câmara	"""É #FAKE que lei que isenta idosos de pagar estacionamento em shoppings foi aprovada na Câmara""Texto chegou a tramitar entre 2008 e 2011, mas foi arquivado. Estatuto do Idoso não prevê estacionamento gratuito em shopping centers. Circula pelas redes sociais a informação de que foi aprovada a lei 2786/08, que isenta pessoas com mais de 60 anos do pagamento de estacionamento em shoppings pelo país. #FAKEO texto falso diz que, para obter a isenção, basta levar o ticket ao balcão juntamente com a carteira de identidade e pedir um carimbo.O projeto de lei realmente existiu. Ele foi criado em 2008, mas acabou arquivado ao final da legislatura, em 2011.A assessoria de imprensa da Câmara dos Deputados aponta um erro flagrante no texto em circulação que revela a falsidade da mensagem. Se fosse, de fato, aprovada em 2017, o número da lei devia terminar com o referido ano (""/17"") e não com ""/08"", como aponta o texto.O PL 2786/2008 propunha a alteração da lei 10.741, de 1° de outubro de 2003, o chamado Estatuto do Idoso, para proibir a cobrança de estacionamento a condutores idosos. O Estatuto do Idoso não foi modificado neste sentido.A assessoria da Associação Brasileira de Shopping Centers (Abrasce) também informa que a lei citada não condiz com a realidade e que não tem conhecimento de leis estaduais ou municipais que isentem a cobrança.Veja o que diz a notícia falsa:Lei 2786/08 foi aprovada dia 06/8 de 2017 Pessoas idosas, acima de 60 anos, não pagam estacionamento nos shoppings. Faça valer o seu direito. Leve o ticket ao balcão de pagamento juntamente com sua carteira de identidade, e peça o carimbo de isenção. Repassem para todos os seu contatos... idosos ou não. "	1
19	É #FAKE que pesquisa do Datafolha computou votos de Bolsonaro para Haddad	"""É #FAKE que pesquisa do Datafolha computou votos de Bolsonaro para Haddad""Vídeo acusa pesquisa de fraude afirmando que voto 17 foi computado para petista. Instituto explica que houve erro da entrevistadora. Uma denúncia de que o Datafolha está fraudando as pesquisas de intenção de voto para presidente foi compartilhada nas redes sociais nesta semana. Em um vídeo publicado no Facebook, o autor afirma ter respondido que pretendia votar ""17"", número de Jair Bolsonaro (PSL), mas o equipamento estava registrando o voto para Fernando Haddad (PT). O vídeo foi publicado com a mensagem: ""O Instituto Datafolha está fraudando as pesquisas... O entrevistado fala 17. Aparece o Haddad... A pesquisadora fica toda enrolada ao ser questionada"". A acusação é #FAKE.Procurado pela equipe do Fato ou Fake, o Datafolha explica que o caso ocorreu em Ivaiporã, no Paraná, na quarta-feira da semana passada, e que o que houve foi uma aplicação incorreta da primeira de uma série de três questões sobre intenção de voto. O instituto informa que, ao chegar à terceira questão, que estava ligada diretamente à primeira, a funcionária notou o erro, pois o questionário autocompletou a terceira resposta com base na primeira.Após entrar em contato com o suporte técnico do instituto, a pesquisadora concluiu que ""não se tratava de uma falha do sistema, mas de aplicação"", e corrigiu a informação, segundo o Datafolha. A empresa acrescenta ainda que ""o entrevistado, após conversar com a pesquisadora sobre o problema e ter acompanhado o procedimento para verificar eventual falha de sistema e aplicação, aceitou continuar a entrevista, ou seja, suas opiniões estão na amostra do estudo finalizado na semana passada"".""A pesquisadora que aparece no vídeo estava em Ivaiporã, Paraná, na semana passada (17). Ela aplicou incorretamente a questão P1, sobre intenção de voto, registrou corretamente a questão P2, sobre o número da legenda, e ao aplicar a questão P3, que está ligada automaticamente à questão P1, notou o erro (o questionário autocompleta a questão 3 com a resposta da questão 1).Neste momento, ela diz (no vídeo essa parte é mostrada) que deve ter havido algum erro no sistema, que isso não havia acontecido anteriormente. O entrevistado questiona o procedimento, ela então se afasta para carregar o tablet e liga para o setor de planejamento do Datafolha em SP informa sobre a situação. Como o mesmo erro não havia sido reportado por nenhum dos cerca de 600 pesquisadores que cumpriam a mesma tarefa, é pedido à pesquisadora que cheque o problema com sua coordenação local, para eventual troca do tablet e orientação sobre as entrevistas.A partir dessa ligação, a pesquisadora constata que o erro na questão 3 foi causado por um erro de aplicação dela na questão 1, ao qual está vinculada. Portanto, não se tratava de uma falha do sistema, mas de aplicação, e ela então corrige a informação (essa parte não é mostrada no vídeo). É válido ressaltar que o entrevistado, após conversar com a pesquisadora sobre o problema e ter acompanhado o procedimento para verificar eventual falha de sistema e aplicação, aceitou continuar a entrevista, ou seja, suas opiniões estão na amostra do estudo finalizado na semana passada (essa parte também não é mostrada no vídeo).O Datafolha checa, por telefone ou escuta, 30% do material de cada pesquisador. Como isso é feito: a resposta que está na base de dados é confrontada com a gravação da entrevista, ou o questionário é aplicado novamente junto ao entrevistados por telefone para saber se as respostas estão de acordo. Também são analisadas questões de coerência (o entrevistado diz que vai votar em X mas informa o número do adversário U na questão seguinte). Caso sejam encontrados questionários em desacordo, todos os questionários desse pesquisador são cancelados.As questões citadas acima são as seguintes:P.1 No dia 28 de outubro haverá o segundo turno das eleições para presidente da República. Se o segundo turno da eleição fosse hoje, em quem você votaria: (LEIA ATÉ A INTERROGAÇÃO - APLIQUE O RODÍZIO ENTRE OS NOMES - ESTIMULADA E ÚNICA)1 Jair Bolsonaro ou 2 Fernando Haddad ?94 branco 96 Nulo/ nenhum99 Não sabeP.2 (PARA QUEM VOTARIA EM ALGUM CANDIDATO OU DISSE QUE VAI ANULAR / VOTAR NULO NA P.1) Qual número você vai digitar na urna eletrônica para confirmar/ anular seu voto para presidente?(SE VOTARIA EM BRANCO OU ESTÁ INDECISO, NÃO APLIQUE A PERGUNTA)ANOTE AO LADO994 NÃO SABE O NÚMERO DO CANDIDATO996 NÃO SABE COMO ANULAR O VOTOP.3 (PARA QUEM PRETENDE VOTAR EM ALGUM CANDIDATO OU EM BRANCO OU NULO - P.1= 1, 2, 94 OU 96)Por quais motivos você pretende votar em (CITE RESPOSTA DA P.1) Por quais outras razões? Como assim? (RESPOSTA ESPONTÂNEA E MÚLTIPLA - EXPLORE)"" "	1
20	Eleitores do PT já estão atacando os da direita! Vejam eles espancando covardemente essa senhoras de idade eleitoras do Bolsonaro	"""Post com vídeo de \""eleitores do PT espancando idosas\"" é falso  ""Um post com vídeo publicado nas redes sociais alega que idosas eleitoras do candidato à presidência pelo PSL, Jair  Um post com vídeo publicado nas redes sociais alega que idosas eleitoras do candidato à presidência pelo PSL, Jair Bolsonaro, foram atacadas por apoiadores do Partido dos Trabalhadores em 18 de setembro de 2018. No entanto, esta versão é falsa. As imagens estão fora de contexto.""Aconteceu Agora: Eleitores do PT já estão atacando os da direita! Vejam eles espancando covardemente essa senhoras de idade eleitoras do Bolsonaro"" diz a descrição da publicação feita no Facebook na última terça-feira (18).O vídeo não foi gravado recentemente e não há imagens de idosas sendo espancadas nem de eleitores fazendo campanha para Bolsonaro. Na verdade, o vídeo foi gravado em 4 de março de 2016, quando o ex-presidente Luiz Inácio Lula da Silva (PT) foi conduzido coercitivamente a uma delegacia da Polícia Federal no aeroporto de Congonhas, na zona sul de São Paulo, para depor no âmbito da operação Lava Jato.Para chegar a esta conclusão, o projeto Comprova fez uma busca por imagens semelhantes às do vídeo enganoso, com auxílio do Citizen Evidence, e identificamos o dia e o local da gravação.Comparamos as imagens do vídeo com as do Google Street View e confirmamos que ele foi feito nas imediações do aeroporto. A paisagem coincide com a da avenida Washington Luis, nas proximidades de Congonhas.Na sequência, fizemos buscas na web por incidentes com militantes do PT naquelas imediações e também encontramos notícias (como esta) do dia 4 de março de 2016, data em que Lula depôs em Congonhas.O vídeo enganoso foi visualizado cerca de 916 mil vezes e teve mais de 39 mil compartilhamentos desde terça-feira (18). A página ""Jair_Messias_Bolsonaro_Oficial"" também publicou o conteúdo falso no Facebook e impulsionou o boato.O material foi verificado pela agência ""AFP"" e pela ""Poder360"", além de outros integrantes do Comprova: "	1
21	"Boulos defende que há ""um processo de privatização velada"" da Petrobras iniciado pela gestão de Pedro Parente, que ocupou a presidência da estatal de maio de 2016 a 2 de junho desse ano, que inclui reduzir a capacidade de refino da empresa e aumentar a im"	"Na TV, Boulos erra dados sobre petróleo e habitaçãoNa TV, Boulos erra dados sobre petróleo e habitaçãoTwitterFacebookE-mailWhatsAppNa TV, Boulos erra dados sobre petróleo e habitaçãoPor Ana Rita Cunha e Luiz Fernando Menezes 8 de junho de 2018, 17h10TwitterFacebookEmailWhatsAppO pré-candidato à Presidência pelo PSOL, Guilherme Boulos, voltou a usar erroneamente déficit habitacional como sinônimo de famílias sem casa em entrevista ao Band Eleições. Boulos também citou errado informação sobre importação de derivados de petróleo.Aos Fatos, em parceria com o UOL, checou as declarações do líder do MTST (Movimento dos Trabalhadores Sem Teto). Confira o resultado.VERDADEIROAs refinarias da Petrobras estão operando com 70% da sua capacidade...Boulos defende que há ""um processo de privatização velada"" da Petrobras iniciado pela gestão de Pedro Parente, que ocupou a presidência da estatal de maio de 2016 a 2 de junho desse ano, que inclui reduzir a capacidade de refino da empresa e aumentar a importação de derivados.De fato houve redução na capacidade de refino da Petrobras, mas elas começaram ainda no primeiro ano segundo governo da ex-presidente Dilma Rousseff. Entre 2010 e 2014, a Petrobras aumentou o uso da capacidade instalada de refino de 90% para 98%, de acordo com os relatórios financeiros da estatal. A partir de 2015, a porcentagem de utilização começa a cair, ficando em 77% em 2017. O período de redução no processamento de petróleo nas refinarias da empresa coincide com o da crise econômica recente, quando houve redução na demanda por derivados de petróleo.No primeiro trimestre de 2018 refinarias da Petrobras operaram com 72% da capacidade instalada de processamento, de acordo com o relatório de resultados financeiros da companhia, ou seja, um valor bem próximo ao informado pelo candidato. O nível de operação das refinarias, de janeiro a março desse ano é inferior ao registrado nos anos anteriores, quando ficou em 77%, no primeiro trimestre de 2017 e de 84% no primeiro trimestre de 2016. De acordo com o relatório financeiro da Petrobras para o primeiro trimestre de 2018, a""carga processada foi inferior, principalmente em função do aumento da participação de mercado de produtos importados por terceiros e, no caso da gasolina, à perda de participação de mercado para o etanol"".FALSO... e se voltou a velha lógica colonial de exportar petróleo cru e importar derivado.Continuando seu argumento, Boulos afirmando que, na gestão de Pedro Parente, houve uma estratégia de substituição da produção nacional de derivados pela produção importada, com aumento da importação de derivados de petróleo e da exportação do petróleo cru.Os dados da ANP (Agência Nacional de Petróleo) indicam que o aumento da exportação de petróleo e da importação de derivados do petróleo não é novidade do governo Temer, como afirma Boulos. Tanto a importação de derivados de petróleo, como a exportação da commodity subiram ao longo do governo dos três últimos presidentes.Durante o segundo mandato do ex-presidente Luiz Inácio Lula da Silva, no primeiro mandato da ex-presidente Dilma Rousseff e mais recentemente no governo do atual presidente Michel Temer, a importação de derivados de petróleo avançou. A exportação do petróleo cru avançou nos governos dos últimos três presidentes, com exceção do primeiro mandato de Dilma. Entre 2000 e 2002 e entre 2013 e 2014, foram os únicos períodos em que o volume de importação de derivados superou a exportação de petróleo.INSUSTENTÁVELRadical é nós termos 6,3 milhões famílias sem casa...Assunto recorrente nas entrevistas de Boulos, que também é líder do MTST (Movimento dos Trabalhadores sem Teto), o déficit habitacional já foi checado por Aos Fatos. A maior dificuldade para entender o problema fica em determinar o número de ""famílias sem casa"".Os dados utilizados pelo pré-candidato são da FJP (Fundação João Pinheiro) e dizem respeito ao ""déficit habitacional"" (em 2015, estimado em 6,3 milhões de domicílios), porém esse déficit não é sinônimo de ausência de casa, já que representa a deficiências nas moradias, e não a quantidade de pessoas ou famílias sem casa. Portanto, o número citado por Boulos não diz respeito a ""famílias sem casa"", mas sim ""famílias com necessidades habitacionais"" - uma família que vive em uma casa, mas paga aluguel de valor igual ou superior a 30% da renda, por exemplo, entra nessa estimativa.Vale ressaltar que ao dizer ""famílias sem casa"", Boulos contradiz um vídeo publicado em sua página oficial no Facebook na semana passada, no qual ele mesmo explica que o mais correto seria dizer famílias com ""necessidades habitacionais"", já que a FJP utiliza como critérios ""moradias precári"	1
22	Não é verdade que marido de Marina Silva é um dos maiores desmatadores da Amazônia	"Não é verdade que marido de Marina Silva é um dos maiores desmatadores da AmazôniaNão é verdade que marido de Marina Silva é um dos maiores desmatadores da AmazôniaTwitterFacebookE-mailWhatsAppNão é verdade que marido de Marina Silva é um dos maiores desmatadores da AmazôniaPor Bernardo Moura 31 de agosto de 2018, 18h47TwitterFacebookEmailWhatsAppContém informações falsas e distorcidas imagem que circula no Facebook acusando o marido da presidenciável da Rede, Marina Silva, de ser ""um dos maiores desmatadores da Amazônia"". O conteúdo, que traz uma foto da candidata com Fábio Vaz de Lima, seu marido, e outra que mostra toras de madeira derrubadas, enuncia ainda: ""6 mil toras de mogno apreendidas, valor: R$ 8 milhões"".As informações na imagem distorcem os fatos de uma investigação do TCU (Tribunal de Contas da União). Em 2004, o órgão apurou a doação de quase seis mil toras de madeira clandestina apreendidas na Amazônia à ONG Fase (Federação de Órgãos para Assistência Social e Educacional), por meio de um convênio via Ibama. Fábio Vaz é um dos fundadores do Grupo de Trabalho Amazônico (GTA), entidade que tem vínculos com a ONG Fase.Em 2003, a Fase recebeu 5.731 toras de mogno e as vendeu a uma madeireira por R$ 3,5 milhões. A investigação no tribunal se deu por divergências entre o valor real da madeira e o valor que foi atribuído pela contabilidade da empresa compradora do material: R$ 8 milhões. Na época, Marina era ministra do Meio Ambiente.Em 2011, Marina Silva pediu ao MPF (Ministério Público Federal) para investigar as acusações contra o seu marido nesse caso. A Procuradoria, no entanto, não encontrou elementos que respaldassem a denúncia e arquivou o processo.Essas informações sustentam também checagem do projeto Comprova a partir de uma outra versão desse mesmo boato. O Comprova é uma coalizão de veículos de imprensa brasileiros do qual Aos Fatos é parceiro institucional.A imagem foi denunciada por usuários do Facebook (entenda como funciona) em uma postagem feita na segunda-feira (27) que já acumula mais de 21 mil compartilhamentos. O conteúdo foi marcado como FALSO na ferramenta de verificação da rede social.Veja abaixo, em detalhes, o que foi verificado.FALSO6 mil toras de mogno apreendidas. Valor: 8 milhões. Um dos maiores desmatadores da Amazônia é marido de Marina Silva.Não é verdade que Fábio Vaz de Lima, marido da candidata a presidente pela Rede, Marina Silva, é um dos maiores desmatadores da Amazônia, como sugere imagem publicada no Facebook na última segunda-feira (27) e que conta com mais de 21 mil compartilhamentos.O conteúdo também traz informações incorretas sobre a doação, pelo Ibama, de toras de mogno apreendidas a uma ONG que tem ligações com um grupo fundado pelo marido da candidata. Na verdade, os R$ 8 milhões citados na imagem dizem respeito a uma estimativa da contabilidade da madeireira que acabou por adquirir o material por R$ 3,5 milhões, de acordo com investigação do TCU (Tribunal de Contas da União) de 2004. Em 2011, o MPF (Ministério Público Federal) não encontrou indícios da participação de Fábio Vaz na transação entre a ONG e a empresa.Este caso remonta a uma discussão que ocorreu em maio de 2011, em sessão do Senado que discutia o Código Florestal. Durante um debate, o então deputado pelo PC do B Aldo Rebelo se irritou com uma provocação feita por Marina no Twitter, que criticava a apresentação de um texto com ""novas pegadinhas, minutos antes da votação"". Rebelo foi à tribuna e rebateu a ex-ministra, lançando a acusação de que seu marido havia fraudado ""contrabando de madeira"". No dia seguinte, Marina convocou uma coletiva de imprensa para tratar das acusações, classificadas de ""levianas e infundadas"". O deputado também se manifestou, dizendo ter feito as declarações de cabeça quente e afirmando que ligaria para se desculpar.Rebelo fez referência a uma investigação do TCU de 2004. O órgão investigou a doação de quase seis mil toras de madeira clandestina apreendidas na Amazônia para a ONG Fase (Federação de Órgãos para Assistência Social e Educacional), por um convênio via Ibama. Em 2003, a Fase recebeu 5.731 toras de mogno. A investigação se deu por divergências entre o valor real da madeira e o valor atribuído.O Ibama repassou o material à Fase - que, por sua vez, entregou o material nas mãos de uma madeireira, a Cikel. Descontados os custos do processo, a empresa pagou R$ 3,5 milhões à ONG para ficar com as toras de mogno, ainda que o custo estimado pela sua contabilidade tenha atribuído ao material o valor de R$ 8 milhões, segundo o TCU.O caso ocorreu durante a gestão de Marina Silva como ministra do Meio Ambiente - ela ocupou o cargo entre 2003 e 2008, durante o governo de Luiz Inácio Lula da Silva, e enquanto ainda era filiada ao PT.A ligação de Fábio Vaz de Lima com o caso é que ele havia sido um dos fundadores do Grupo de Trabalho amazônico (GTA), grupo ao qual a ONG Fase era ligado. Em uma nota oficial de Marina, ainda em 2011, ela explicava que o marido havia trabalhado no GTA entre 1996 e 1999, quando deixou o grupo para trabalhar no governo estadual do Acre, durante a gestão de Jorge Viana (PT), entre 1999 e 2007.Ainda em 2011, Marina pediu ao MPF para investigar as acusações contra o seu marido. O Ministério Público Federal não encontrou elementos sobre a denúncia e arquivou o processo.O então procurador-geral da República, Roberto Monteiro Gurgel Santos, assina a conclusão do procedimento administrativo, divulgada em 23 de julho de 2013. ""Quanto às acusações feitas contra Fábio Vaz de Lima, não há um único elemento que confira foros de verossimilhança aos fatos noticiados pela imprensa. Como disse a representante, à data em que assumiu o Ministério do Meio Ambiente o seu marido já não mantinha vínculos com as entidades que integram o Grupo de Trabalho Amazônico - GTA, não havendo a indicação de um fato concreto que o vincule à FASE na época em que foi feita a doação do mogno"", diz a decisão.O Boatos.org já publicou um desmentido sobre outra versão deste boato em 2014. A própria candidata também já publicou sua versão sobre o fato.TwitterFacebookEmailWhatsAppLeia tambémCinco fatos sobre migraçãoNão é verdade que Moro afastou promotor do caso Queiroz e delegado que investiga morte de MarielleHomem em foto com Flávio Bolsonaro é assessor do senador, não acusado de matar Marielle]"	1
23	É falsa a foto do atirador de Suzano com camiseta de Bolsonaro.	"É falsa a foto do atirador de Suzano com camiseta de BolsonaroÉ falsa a foto do atirador de Suzano com camiseta de BolsonaroTwitterFacebookE-mailWhatsAppÉ falsa a foto do atirador de Suzano com camiseta de BolsonaroPor Luiz Fernando Menezes 14 de março de 2019, 15h33TwitterFacebookEmailWhatsAppÉ uma montagem a foto do atirador de Suzano Guilherme Taucci Monteiro, 17, com uma camiseta do presidente Jair Bolsonaro (PSL). Por mais que, em seu perfil no Facebook, Monteiro tenha se mostrado apoiador do presidente e de seus filhos, a camisa usada por ele na foto original, publicada antes do atentado, não estampa o rosto de Bolsonaro.A peça de desinformação foi compartilhada por perfis pessoais no Facebook e por páginas como Pequenas Igrejas &amp; Grandes Negócios 3.0, acumulando até o momento mais de mil compartilhamentos. As publicações com este conteúdo enganoso foram marcadas com o selo FALSO na ferramenta de verificação da rede social (entenda como funciona).FALSOLuiz Henrique de Castro autor da chacina de Suzano [vestindo uma camiseta de Bolsonaro]O rosto de Jair Bolsonaro (PSL) foi inserido digitalmente em uma foto de um dos atiradores de Suzano. Na foto original (à direita), o jovem usa uma camiseta preta com a sigla ""NYC"", que nada tem a ver com o presidente ou qualquer outro partido político.Publicações que circulam pelas redes sociais também erram ao dizer que a foto mostra Luiz Henrique de Castro, 25, um dos atiradores do atentado a uma escola em Suzano na última quarta-feira (13), que deixou 10 mortos. Na verdade, quem aparece é Guilherme Taucci Monteiro, 17, o outro atirador envolvido no massacre. A foto original foi postada no perfil dele no Facebook poucas horas antes do ataque.Guilherme era um apoiador de Bolsonaro: no Facebook, ele interagia com conteúdos relacionados ao presidente e sua família, curtia postagens com mensagens como ""O meu candidato é apoiado pela polícia, o seu é procurado por ela"" e comemorou o aumento da pena de prisão do ex-presidente Luiz Inácio Lula da Silva.A Agência Lupa também publicou uma checagem sobre a montagem.TwitterFacebookEmailWhatsAppLeia tambémCinco fatos sobre migraçãoNão é verdade que Moro afastou promotor do caso Queiroz e delegado que investiga morte de MarielleHomem em foto com Flávio Bolsonaro é assessor do senador, não acusado de matar Marielle]"	1
24	Trump avisa: posso intervir militarmente no Brasil para acabar com a corrupção	" #Verificamos: Trump não vai intervir militarmente no Brasil para acabar com a corrupçãoNotícia que já teve mais de 74 mil interações no Facebook se apoia em discurso de senador que nunca existiuDesde o início de junho, circulam nas redes sociais ""notícias"" de que Donald Trump, o atual presidente dos Estados Unidos, teria dito que poderia intervir militarmente no Brasil para pôr fim à corrupção local. As postagens também incitavam as Forças Armadas do país a tomar uma posição dura contra essa suposta ameaça: ""Cadê o Exército Brasileiro, dormiu nas tocas!"".Por meio do projeto de verificação de notícias, alguns usuários do Facebook solicitaram que essa informação fosse verificada. Confira a seguir a análise da Lupa:""Trump avisa: posso intervir militarmente no Brasil para acabar com a corrupção""Título de postagens feitas pelos sites PolíticaAtual, Portal Veja Agora, Aqui Bomba e 1cyber0.blogspot.com e que já somavam mais de 74 mil interações no Facebook até as 14h45 do dia 2 de julho de 2018FALSOAs postagens citam como referência um mesmo discurso - supostamente feito pelo senador republicano Harry MacGaren, não pelo presidente Donald Trump. Uma consulta à lista de parlamentares que estão na ativa e que já passaram pelo Senado dos Estados Unidos mostra, no entanto, que Harry MacGaren não ocupa nem nunca ocupou uma cadeira no Congresso dos Estados Unidos. Assim sendo, também nunca proferiu um discurso político estimulando a Organização do Tratado do Atlântico Norte (Otan) a entrar no Brasil para ""tirar esse governo de bandidos do poder"".Em agosto de 2015, o site e-Farsas já havia desmascarado essa ""notícia"". Na época, ela se relacionava ao governo da ex-presidente Dilma Rousseff. Em 2017, o mesmo conteúdo tornou a ser desconstruído.Por fim, vale destacar que nenhuma das postagens analisadas nesta checagem trazia efetivamente parte de algum discurso de Donald Trump.*Nota: esta checagem faz parte do projeto de verificação de notícias no Facebook.*Dúvidas sobre o projeto? Entre em contato direto com o Facebook.Editado por: Clara Becker, Chico Marés e Leandro Resende"	1
25	Uso de camiseta com inscrição de candidato não anula voto	"Uso de camiseta com inscrição de candidato não anula votoUso de camiseta com inscrição de candidato não anula votoTwitterFacebookE-mailWhatsAppUso de camiseta com inscrição de candidato não anula voto 7 de outubro de 2018, 10h20TwitterFacebookEmailWhatsAppEstão circulando no WhatsApp dois textos que pedem que eleitores do presidenciável Jair Bolsonaro (PSL) não usem camisetas com a identificação do candidato no dia da votação, sob o risco de terem seus votos anulados. As mensagens têm sido compartilhadas desde a última sexta-feira (5), quando o Tribunal Superior Eleitoral anunciou que o uso de camisetas de candidatos está liberado nas eleições. ""Não vá votar com camiseta amarela ou de outra cor qualquer que possa lhe identificar como bolsonariano, pois logo que você votar os mesários podem colocar o n° 17 do lado da sua assinatura de quem votou no Bolsonaro (sic) e assim anular o voto"", diz o texto. Isso, entretanto, está incorreto.Este conteúdo foi originalmente verificado pelo Comprova - coalizão de 24 veículos de imprensa brasileiros para combater a desinformação nas redes sociais. Aos Fatos, que atesta as informações desta checagem, é parceiro institucional da iniciativa.A imagem com a frase falsa também foi enviada por leitores do Aos Fatos no WhatsApp como uma sugestão de checagem (saiba mais). Para participar, adicione o número (21) 99956-5882 na sua lista de contatos e envie uma mensagem com o seu nome.FALSONão vá votar com camiseta amarela ou de outra cor qualquer que possa lhe identificar como bolsonariano, pois logo que você votar os mesários podem colocar o n° 17 do lado da sua assinatura de quem votou no Bolsonaro e assim anular o voto.Além de não haver indícios de que os mesários estariam se articulando para ""anular"" os votos dos eleitores do candidato do PSL, a inclusão do número na assinatura é crime, passível de prisão e multa, mas não gera a anulação do voto.É o que diz o Artigo 350 do Código Eleitoral: ""Omitir, em documento público ou particular, declaração que dele devia constar, ou nele inserir ou fazer inserir declaração falsa ou diversa da que devia ser escrita, para fins eleitorais. Pena: reclusão até cinco anos e pagamento de 5 a 15 dias-multa, se o documento é público, e reclusão até três anos e pagamento de 3 a 10 dias-multa se o documento é particular"".O trecho ainda afirma que ""se o agente da falsidade documental é funcionário público e comete o crime prevalecendo-se do cargo ou se a falsificação ou alteração é de assentamentos de registro civil, a pena é agravada"".Esse boato é, na verdade, o desenvolvimento de outro, desmentido pelo Comprova no dia 20 de agosto , em que um vereador do interior de São Paulo gravou um vídeo pedindo para que os eleitores de Bolsonaro colocassem o número 17 ao lado da sua assinatura, como forma de confrontar os votos computar nas urnas eletrônicas. À época, o Comprova esclareceu que falsificar assinatura poderia levar à prisão.A outra mensagem afirma que ""quando tiver três ou quatro (eleitores) com a camisa do Bolsonaro na fila (de votação), vai sair o presidente da seção que pode ser um esquerdista, chamar a polícia e os acusar de fazer boca de urna, com isso os votos dos trouxas são anulados na hora"". A ""manifestação individual e silenciosa"" do eleitor, através do uso da camiseta, porém, não é punível. A recomendação do TSE esclarece que só são considerados crimes a ""aglomeração de pessoas portando vestuário padroniza"	1
26	IMPRECISOCriamos a Univesp.	As checagens em tempo real do debate da RedeTV! com candidatos ao governo de SPAs checagens em tempo real do debate da RedeTV! com candidatos ao governo de SPTwitterFacebookE-mailWhatsAppAs checagens em tempo real do debate da RedeTV! com candidatos ao governo de SPPor Ana Rita Cunha, Bárbara Libório, Bernardo Moura, Judite Cypreste, Luiz Fernando Menezes e Tai Nalon 24 de agosto de 2018, 21h00TwitterFacebookEmailWhatsAppPostulantes ao governo do estado de São Paulo participaram nesta sexta-feira (24) na RedeTV! do segundo debate televisivo desta campanha ao Palácio dos Bandeirantes. A equipe do Aos Fatos checou em tempo real o debate.Antes de iniciar os trabalhos de tempo real, a reportagem entrou em contato com as assessorias de imprensa dos candidatos para informá-las do processo de checagem do debate. A equipe do Aos Fatos está aberta a observações, justificativas e eventuais correções nos momentos posteriores ao debate.Veja, abaixo, o que checamos.IMPRECISOCriamos a Univesp. Saiu de 3 mil pra mais de 50 mil alunos. - Márcio França (PSB)A informação divulgada pela Univesp (Universidade Virtual do Estado de São Paulo) é que, de 2017 para o primeiro semestre de 2018, o número de alunos cresceu de 3 mil para 35 mil - e não mais de 50 mil, como dito pelo candidato Márcio França. No segundo semestre, foram abertas 21.650 vagas e as matrículas foram recentemente concluídas (diferente do informado anteriormente, quando afirmamos que as matrículas ainda estavam abertas).O número de França também não leva em conta alunos que possam ter concluído o curso no final do primeiro semestre de 2018. Vale ressaltar que o número de vagas não indica necessariamente o número de alunos, pois estas podem estar ociosas. O dado apresentado por Márcio França soma os números de alunos do segundo semestre com as vagas abertas para 2018, mas, como não leva em conta alunos que concluíram o curso no segundo semestre, a declaração foi considerada IMPRECISA.A Univesp confirmou a informação ao Aos Fatos em checagem publicada em 19 de julho. O número de França também não leva em conta alunos que possa ter concluído o curso no final do primeiro semestre de 2018.A Univesp informou também que, neste último concurso, houve 38 mil inscritos em disputa pelas 21.650 vagas para os cursos de Engenharia da Computação, Engenharia de Produção, Licenciatura em Matemática, Pedagogia e Tecnologia em Gestão Pública. O órgão informou que há previsão de que, em agosto, após o resultado do último vestibular, o número de alunos suba para 50 mil.A instituição, criada em 2012 exclusivamente para educação à distância, é mantida pelo Governo do Estado de São Paulo. Em um evento que estabeleceu a expansão do convênio da universidade com 230 municípios, Márcio França chegou a declarar o dado correto: em um ano, a Universidade saiu de 3 mil alunos para 55 mil vagas ofertadas.*Diferentemente do informado na primeira versão da checagem da declaração de Márcio França, as matrículas da Univesp já foram concluídas no dia 17 de agosto de 2018. A informação foi corrigida em 24 de agosto às 23h07.FALSOSão Paulo tem [...] 450 mil alunos em toda a rede pública universitária. - Márcio França (PSB)O estado de São Paulo tinha 286.964 alunos matriculados em cursos universitários presenciais e à distância de universidades públicas de acordo com os dados do Censo de Ensino Superior do Inep de 2016, dado mais recente disponível. O dado mencionado por França é 57% maior do que o apresentado pelo Inep, por isso a declaração foi considerada FALSA.No começo do ano, França repetiu a afirmação em evento da Univesp ao falar sobre as 21 mil novas vagas que foram abertas no vestibular da universidade no segundo semestre de 2018.De acordo com os dados do Inep, a rede pública universitária de São Paulo é a maior do país, à frente de Minas Gerais (201,5 mil alunos), Rio de Janeiro (141,4 mil alunos) e Bahia (112 mil alunos). São Paulo tem 50.544 alunos em instituições federais, 189.014 em instituições estaduais e 47.406 instituições municipais.IMPRECISOA LDO está sendo discutida, foram reservados R$ 23 bilhões para desonerações - Professora Lisete (PSOL)A declaração é IMPRECISA porque, segundo o projeto de 2019, o governo paulista de fato prevê a desoneração de R$ 23 bilhões - mas só em relação ao ICMS. O projeto prevê, por exemplo, mais R$ 1,07 bilhão em desoneração em relação à arrecadação do IPVA.O projeto de LDO (Lei de Diretrizes Orçamentárias) do Estado de São Paulo já está disponível no site do governo. Segundo o te	1
27	É #FAKE que apresentadora Monalisa Perrone declarou voto em Fernando Haddad	"""É #FAKE que apresentadora Monalisa Perrone declarou voto em Fernando Haddad""Monalisa Perrone, que apresenta o Hora Um, não tem redes sociais. Perfil falso da apresentadora defendeu voto no candidato petista. Um perfil no Twitter atribuído à jornalista Monalisa Perrone, apresentadora do jornal Hora 1, da Globo, declarou voto no candidato do PT à Presidência da República, Fernando Haddad. É #FAKE. A jornalista não tem perfil na rede social.O post, no perfil @oficialperrone, foi feito às 16h40 deste sábado (27) e chegou a ser compartilhado tanto pelo candidato Fernando Haddad quanto por Manuela DÁvila, candidata a vice-presidente pela chapa, e tinha quase 3 mil compartilhamentos pouco depois das 18h. Apesar do nome do perfil, a conta é falsa.Monalisa não tem perfis nas redes sociais e não declarou apoio público a nenhum candidato.Neste sábado e domingo a equipe do Fato ou Fake se uniu a outras cinco agências de checagens de notícias no Brasil para checar as mensagens de conteúdo suspeito nesta reta final das eleições. A ideia de juntar forças é para ganhar mais agilidade e aumentar o alcance das checagens. A parceria reúne o Fato ou Fake, Projeto Comprova, Lupa, Aos Fatos, Boatos.org e E-Farsas "	1
28	"""Eu, chegando ao poder, acabarei com tudo o que o PT fez. Prouni, Fies sem fiador, Pronatec, Ciências sem Fronteiras, Mais Médicos, Minha Casa Minha Vida e Bolsa Família. Pobré no Brasil só serve pra votar com título de eleitor na mão e diploma de burro no bolso""."	"""É #FAKE capa da Veja em que Bolsonaro diz que acabará com tudo que o PT fez\n""Capa verdadeira da revista não é com o candidato do PSL. Declarações sobre fim de programas atribuídas a ele na capa falsa não foram feitas na campanha. Circulam nas redes sociais imagens do candidato do PSL à Presidência da República, Jair Bolsonaro, em uma capa da revista ""Veja"" com o título ""Eu chegando ao poder acabarei com tudo o que o PT fez"". As imagens são #FAKENa capa falsa o candidato afirma: ""Eu, chegando ao poder, acabarei com tudo o que o PT fez. Prouni, Fies sem fiador, Pronatec, Ciências sem Fronteiras, Mais Médicos, Minha Casa Minha Vida e Bolsa Família. Pobre no Brasil só serve pra votar com título de eleitor na mão e diploma de burro no bolso"".A imagem jamais estampou a capa da ""Veja"". Trata-se de uma montagem que se utiliza do design gráfico e da linguagem visual da publicação. Vale destacar que a data na capa da revista aparece em resolução baixa, mas consta como sendo abril de 2004.Bolsonaro já afirmou em diversas oportunidades que não só não acabará com o programa Bolsa Família como também acrescentará 13° salário aos seus beneficiados.Para tentar dar autenticidade à capa, o boato se utiliza de uma frase que realmente foi dita por Bolsonaro, mas em novembro de 2013. Na ocasião, ele disse, no plenário da Câmara: ""Só tem uma utilidade o pobre no nosso país: votar. Título de eleitor na mão e diploma de burro no bolso, para votar no governo que está aí. Só para isso e mais nada serve, então, essa nefasta política de bolsas do governo"".Durante toda a campanha, no entanto, o candidato do PSL não adotou o discurso do fim do principal programa social dos governos Lula e Dilma.Neste sábado e domingo a equipe do Fato ou Fake se uniu a outras cinco agências de checagens de notícias no Brasil para checar as mensagens de conteúdo suspeito nesta reta final das eleições. A ideia de juntar forças é para ganhar mais agilidade e aumentar o alcance das checagens. A parceria reúne o Fato ou Fake, Projeto Comprova, Lupa, Aos Fatos, Boatos.org e E-Farsas "	1
29	Pabllo Vittar encerra carreira se Bolsonaro vencer.	" #Verificamos: É falsa notícia de que Pabllo Vittar encerrará carreira se Bolsonaro vencerCantora diz ser fake conteúdo de publicações e imagens que já têm mais de 180 mil interações no FacebookCirculam pela internet textos e imagens informando que a cantora Pabllo Vittar teria feito um tuíte prometendo pôr fim à sua carreira artística no Brasil caso Jair Bolsonaro, candidato do PSL à Presidência da República, fosse eleito em 2018. Por meio do projeto de verificação de notícias, usuários do Facebook solicitaram que essa informação fosse verificada. Confira a seguir o trabalho da Lupa:""@pabllovittar: se Bolsonaro ganhar em 2018, eu declaro toda a minha carreira encerrada no Brasil. Não tenho como viver no mesmo país que esse homem""Conteúdo exibido em imagens (aqui e aqui) que circulam no Facebook e que, até às 12h do dia 21 de agosto de 2018, já tinham sido compartilhadas mais de 145 vezes na rede social, além de posts como o do Jornal do País, SeDeusQuiser, Portal do Holofote, Revista Nossa, Portal do Júnior, Jornal do MS, Bota Pagodão, Blasting News e Liber News que, juntos, já tinham mais de 180 mil interações.FALSOUma análise do perfil de Twitter @PablloVittar mostra que, entre os dias 18 e 20 de setembro de 2017, a conta fez um total de 32 postagens. Nenhuma delas cita o atual presidenciável. O tuíte checado data, supostamente, do dia 19 de setembro.Todas as páginas e imagens analisadas reproduziram uma mesma imagem de tuíte, em vez de embedar a suposta publicação (tornando-a passível de clique e conferência imediata no perfil da cantora). Ao optar pela imagem, deixaram ainda de informar a URL do post, o que permitiria sua plena verificação. A Lupa procurou a assessoria de imprensa da cantora, questionando sobre a publicação. Queria saber se o tuíte havia sido feito ou não. Em nota, os assessores de Pabllo Vittar informaram de forma taxativa: ""o post é fake"". Em seguida, completaram que a cantora ""jamais fez esse tuíte"" sobre Bolsonaro.Essa mesma informação, que já circula na internet desde setembro do ano passado, já havia sido classificada como falsa por dois outros sites de verificação: o e-Farsas e o Boatos.org.*Nota: esta reportagem faz parte do projeto de verificação de notícias no Facebook. Dúvidas sobre o projeto? Entre em contato direto com o Facebook.Editado por: Chico Marés e Clara Becker"	1
30	FALSOA imagem analisada pela Lupa traz uma informação falsa. Segundo a Constituição, todo senador é eleito com dois suplentes (art. 46), e um deles é convocado caso o titular perca,	" #Verificamos: É falso que Lindbergh voltaria ao Senado se Flavio Bolsonaro renunciasseSe filho do presidente abandonar seu mandato, quem assume é o suplente Paulo Marinho (PSL)Circula nas redes sociais a ""informação"" de que o senador Lindbergh Farias (PT-RJ), que deixa o Senado no dia 1 de fevereiro, assumiria a vaga do senador eleito Flavio Bolsonaro (PSL-RJ) se, por algum motivo, ele desistisse ou não pudesse assumir a vaga. Por meio do projeto de verificação de notícias, usuários do Facebook solicitaram que esse material fosse analisado. Confira a seguir o trabalho de verificação da Lupa:""Eleitores do Bolsonaro, se Flavio Bolsonaro cair, quem assume a vaga é Lindbergh Farias""Imagem que foi publicada no Facebook e que, até as 17h do dia 25 de janeiro de 2019, já tinha sido compartilhada mais de 200 vezesFALSOA imagem analisada pela Lupa traz uma informação falsa. Segundo a Constituição, todo senador é eleito com dois suplentes (art. 46), e um deles é convocado caso o titular perca, renuncie ou se afaste temporariamente do mandato (art. 56). Logo, caso Flavio (ou qualquer outro parlamentar) decida renunciar ao posto de senador ou se for cassado, quem assume é seu suplente: o empresário carioca Paulo Marinho (PSL). Senador até o fim deste mês, Lindbergh tentou se reeleger em 2018, mas ficou em quarto lugar, com 10,17% dos votos. Flavio ficou em primeiro, e Arolde de Oliveira (PSD), em segundo. César Maia (DEM) apareceu em na terceira colocação.Os sites Estadão Verifica e Aos Fatos também verificaram esta informação.Nota: esta reportagem faz parte do projeto de verificação de notícias no Facebook. Dúvidas sobre o projeto? Entre em contato direto com o Facebook.Editado por: Cristina Tardáguila"	1
31	Polícia Federal não vai prender artistas que receberam da Lei Rouanet	"Polícia Federal não vai prender artistas que receberam da Lei RouanetPolícia Federal não vai prender artistas que receberam da Lei RouanetTwitterFacebookE-mail<a href=""#"" data-text=*Polícia Federal não vai prender artistas que receberam da Lei Rouanet*https://aosfatos.org/noticias/policia-federal-nao-vai-prender-artistas-que-receberam-da-lei-rouanet/Não é verdade que a ""PF pode prender todos os artistas que receberam dinheiro da Lei Rouanet"", como publicou no último dia 8 o Jornal do País em post que foi denunciado como notícia falsa pelos usuários do Facebook (entenda como funciona).O texto recicla reportagem publicada no site do Estado de S.Paulo em 3 de junho de 2016: em ofício, um delegado da Polícia Federal da força-tarefa da Lava Jato em Curitiba solicitou ao Ministério da Transparência informações sobre os cem maiores beneficiários da Lei Rouanet entre 2006 e aquele ano. O pedido, porém, não previa a prisão de ninguém.Além disso, o Jornal do País omite que, horas depois, o mesmo Estadão publicou que a solicitação da PF foi anulada pelo juiz Sérgio Moro.Artistas mostrados em fotos no post como suspeitos de fraudar a legislação também não estão envolvidos em investigações de irregularidades na Lei Rouanet. No ano passado, operação conjunta da PF e da CGU (Controladoria Geral da União) desbaratou quadrilha que fraudou R$ 21 milhões do mecanismo de incentivo cultural. Os 32 indiciados pela Operação Boca Livre não têm relação com nenhum dos artistas mostrados pelo Jornal do País. Veja abaixo, em detalhes, o que checamos.FALSO_""BOMBA: PF pode prender todos artistas que receberam dinheiro da Lei Rouanet.""_Primeiro sintoma de notícia falsa: as informações que estão no título não condizem com o texto da postagem, como mostra esta publicação do Jornal do País do último dia 8. Apesar de alardear que a Polícia Federal poderia prender os artistas que se beneficiaram da Lei Rouanet, o site reproduz logo em seguida, sem contexto, uma reportagem de 3 de junho de 2016 do jornal O Estado de S.Paulo.Na época, o jornal paulista noticiou que o delegado da Polícia Federal Eduardo Mauat, então integrante da força-tarefa da Lava Jato em Curitiba, havia encaminhado ofício ao Ministério da Transparência, Fiscalização e Controle solicitando detalhes sobre os cem maiores recebedores e captadores de recursos pela Lei Rouanet entre 2006 e 2016. Na solicitação, dizia o jor"	1
32	É falsa a notícia de que Bolsonaro articulou com bispo Macedo mudança na imagem da padroeira do Brasil.	"É falsa a notícia de que Bolsonaro articulou com bispo Macedo mudança na imagem da padroeira do BrasilÉ falsa a notícia de que Bolsonaro articulou com bispo Macedo mudança na imagem da padroeira do BrasilTwitterFacebookE-mailWhatsAppÉ falsa a notícia de que Bolsonaro articulou com bispo Macedo mudança na imagem da padroeira do BrasilPor Luiz Fernando Menezes 16 de outubro de 2018, 12h10TwitterFacebookEmailWhatsAppÉ forjada uma reportagem que mostra que o candidato à Presidência da República, Jair Bolsonaro (PSL), e o bispo Edir Macedo, da Igreja Universal do Reino de Deus, em reunião, conversaram sobre a mudança da imagem da padroeira do Brasil, Nossa Senhora Aparecida. Além de a história ser um boato, a imagem que vem circulando nas redes sociais para atestar sua confiabilidade falseia a primeira página do caderno Cotidiano da Folha de S.Paulo. A imagem não segue o padrão gráfico do jornal e não passa de uma montagem grosseira.A página de jornal falsa foi enviada por leitores de Aos Fatos via WhatsApp com pedido de checagem (saiba mais). Para enviar sugestões e receber checagens por meio do aplicativo, adicione o número (21) 99956-5882 na sua lista de contatos e envie uma mensagem com o seu nome.O boato já foi checado por outros sites como e-Farsas e Boatos.org. Até própria Folha de S.Paulo já desmentiu a montagem.Veja abaixo o que Aos Fatos checou. FALSOEncontro de Bolsonaro com o Bispo Edir Macedo gera polêmica, ao sugerir a troca da imagem da Padroeira no BrasilUma página falsa da edição de 11 de outubro deste ano do caderno Cotidiano do diário Folha de S.Paulo traz como manchete um suposto encontro do candidato à Presidência da República pelo PSL, Jair Bolsonaro, com o bispo Edir Macedo, da Igreja Universal do Reino de Deus. Nesse encontro, segundo a peça de desinformação, o deputado sugere a troca da imagem de Nossa Senhora Aparecida, padroeira do Brasil. Na mesma página, há o comentário da ""crítica Renata Leal"", que ""ressalta"": ""acredito que Jair tomará essa postura, não somente pelo tom de pele da Padroeira, e sim para trazer mudança em todos os cenários"". A imagem da padroeira, em sua representação, tem a pele negra.Nada na página falsa que está circulando pelo WhatsApp, no entanto, é verdadeiro: Bolsonaro não sugeriu trocar a padroeira do Brasil, a crítica Renata Leal não comentou esse suposto ocorrido porque sequer ela existe e os títulos, fotografias e elementos gráficos estão fora do padrão do jornal.Primeiramente, a manchete da primeira página do caderno Cotidiano do dia 11 de outubro, na verdade, foi uma reportagem sobre a lista de projetos não realizados e a metas não cumpridas pelo ex-prefeito de São Paulo, João Doria (PSDB), que hoje disputa o governo de São Paulo.É possível perceber também outros erros grosseiros da montagem: a Folha de S.Paulo não usa mais os nomes dos cadernos com blocos coloridos, o nome do jornal não ocupa tanto espaço como foi feito na montagem, a fonte tipográfica dos títulos são serifadas e há erros de pontuação.Em uma busca pelo acervo da Folha, Aos Fatos encontrou apenas uma matéria que relaciona o candidato com o bispo Edir Macedo: a matéria ""Record oferece tratamento diferenciado, mas Bolsonaro não retribui, ainda"" traz o anúncio do apoio de Macedo à candidatura de Bolsonaro e a decisão do Ministério Público Eleitoral sobre a entrevista exclusiva do candidato ao programa Domingo Espetacular.Aos Fatos também não encontrou, em nenhum outro veículo de imprensa registro de uma reunião entre Bolsonaro e Macedo para a sugestão de mudança da imagem de Nossa Senhora Aparecida. Sobre a ""crítica Renata Leal"", também não foi encontrado nenhum resultado.O deputado Carlos Eduardo Bolsonaro (PSL-SP) também publicou um vídeo desmentindo o boato, dizendo que seu pai, Jair Bolson"	1
33	A equipe do Aos Fatos está checando, em tempo real, a íntegra do debate. Simultaneamente, uma equipe de redatores está registrando o que falam os candidatos. Ao fim do evento, Aos Fatos publicará a transcrição completa do evento.	"As checagens em tempo real do debate da TV Record com os candidatos ao PlanaltoAs checagens em tempo real do debate da TV Record com os candidatos ao PlanaltoTwitterFacebookE-mailWhatsAppAs checagens em tempo real do debate da TV Record com os candidatos ao PlanaltoPor Ana Rita Cunha, Bárbara Libório, Bernardo Moura, Judite Cypreste, Luiz Fernando Menezes e Tai Nalon 30 de setembro de 2018, 21h20TwitterFacebookEmailWhatsAppOs candidatos à Presidência da República se reuniram neste domingo (30) para o debate promovido pela TV Record, em São Paulo. A equipe do Aos Fatos está checando, em tempo real, a íntegra do debate. Simultaneamente, uma equipe de redatores está registrando o que falam os candidatos. Ao fim do evento, Aos Fatos publicará a transcrição completa do evento.Antes de iniciar os trabalhos de tempo real, a reportagem entrou em contato com as assessorias de imprensa dos candidatos para informá-las do processo de checagem. A equipe do Aos Fatos está aberta a observações, justificativas e eventuais correções nos momentos posteriores ao evento.Neste formato, Aos Fatos usa textos mais breves para explicar suas checagens. O imediatismo do tempo real não permite uma análise mais aprofundada de questões abordadas no programa. Para avaliar o histórico dos candidatos, veja o índice das nossas checagens aqui.Siga, abaixo, o que já checamos.EXAGERADOEu fui ministro da Educação e praticamente tripliquei o número de universitários no Brasil. - Fernando Haddad (PT)A declaração é EXAGERADA porque, por mais que o número de universitários tenha de fato aumentado, o crescimento não chegou nem ao dobro. Haddad foi ministro da Educação de julho de 2005 a janeiro de 2012. O petista começou na pasta quando o Brasil apresentou 4,16 milhões de matrículas em todos os tipos de cursos universitários (incluindo presenciais e à distância) em 2004. Em 2011, último ano completo de ministério de Haddad, o país apresentou 6,7 milhões de matrículas. Vale ressaltar que, neste ano, já havia cursos à distância. Os dados são das Sinopses Estatísticas da Educação Superior do Inep.VERDADEIRO220 mil pontos de comércio fecharam no Brasil. - Ciro Gomes (PDT)No triênio 2015-2016-2017, um total de 226,5 mil lojas fecharam as portas no Brasil, de acordo com levantamento da Confederação Nacional do Comércio de Bens, Serviços e Turismo.Foram 101,9 mil pontos fechados em 2015, 105,3 mil em 2016 e 19,3 mil em 2017.VERDADEIROSomos mais de 70 mil políticos no Brasil com mandato. - Alvaro Dias (Podemos)O país, atualmente, possui 70.783 políticos com mandato e, portanto, a declaração é VERDADEIRA. São 513 deputados federais, 1.049 deputados estaduais, 81 senadores, 27 governadores, 27 vice-governadores, 5.568 prefeitos, 5.568 vice-prefeitos, 57.949 vereadores, mais o Presidente da República. As informações são do TSE e da Câmara dos Deputados.IMPRECISONunca fui favorável à PEC do Teto. - Geraldo Alckmin (PSDB)Alckmin é de fato crítico da Proposta de Emenda à Constituição que institui um teto para o crescimento dos gastos públicos de acordo com a inflação do ano anterior, mas o PSDB, seu partido, votou integralmente a favor. Como governador, o candidato tucano à Presidência, em conjunto com outras lideranças estaduais, opunha-se em 2016 à medida. ""Na prática, se não cuidarmos, vai acabar o investimento público"", disse, conforme registrado em reportagem do UOL. Alckmin criticava o governo de Michel Temer por não colocar o crescimento econômico como adicional ao teto.Em seu programa de governo, entretanto, não pretende revogá-la. Disse, segundo reportagem da Folha: ""O teto de gastos, o objetivo dele está correto. O problema é que, se você estabelece um teto e gasta um valor muito acima da inflação, o que vai acontecer? Você não pode passar daquele teto. Mas o pessoal dispara, você vai esmagar o custeio e o investimento"".VERDADEIROExistem 14 milhões de famílias que dependem do Bolsa Família no Brasil. - Henrique Meirelles (MDB)A declaração é VERDADEIRA, uma vez que, segundo os dados mais atualizados do Ministério do Desenvolvimento Social, eram 13.9 milhões de famílias beneficiárias do Bolsa Família em agosto deste ano. Isso significa que cerca de 40,8 milhões de brasileiros recebiam o auxílio no mesmo mês.FALSOO Brasil não tem nem sequer satélite de comunicação. - Cabo Daciolo (Patriota)A afirmação do candidato Cabo Daciolo é FALSA. O Brasil possui, sim, um satélite de comunicação: o Satélite Geoestacionário de Defesa e Comunicações Estratégicas, lançado no primeiro semestre de 2017 e com capacidade para fornecer sinal de acesso à internet a todo território brasileiro.O satélite ainda não está comercialmente operacional, mas já funciona, tendo 30% de sua capacidade reservada para uso militar.O Brasil é, também, considerado o maior distribuidor de imagens satelitais do mundo, de acordo com o Instituto de Pesquisas Espaciais.Há duas famílias de satélites no Brasil, os Satélites de Coleta de Dados (SCD) e os Satélites Sino-Brasileiro de Recursos Terrestres (CBERS), estes últimos desenvolvidos juntos com a China. São três SCD e cinco CBERS, sendo o último lançado em 2014.Segundo o INPE, ""os satélites da família SCD são... brasileiros, totalmente planejados, construídos e qualificados no Brasil. Os satélites da série CBERS são resultado de uma parceria do Brasil com a China e o sistema é operado alternadamente pelo INPE e pela China"".VERDADEIROEducação e saúde podem crescer na PEC [do Teto de Gastos] acima da inflação. - Geraldo Alckmin (PSDB)A PEC (proposta de Emenda Constitucional) apelidada de ""PEC do teto dos gastos"", e que posteriormente se transformou na Emenda Constitucional n° 95 limitou a expansão dos gastos públicos federais nos próximos 20 anos. De acordo com o artigo 107 da Constituição alterado pela emenda, no parágrafo 2°, inciso II a partir de 2018, o limite das despesas primárias de um ano deve ser o valor do ano anterior, corrigido pela variação do IPCA, para o período de 12 meses encerrado em junho do exercício anterior. O teto, portanto, é para o total das despesas, não para cada área. Ou seja, pode haver aumento acima da inflação das despesas com saúde e educação, desde que, no agregado, as despesas totais federais não ultrapassem os limites. Com isso, a afirmação de Geraldo Alckmin é VERDADEIRA.Inicialmente, Alckmin mencionou que os gastos com saúde estariam fora do teto de gastos, mas posteriormente o próprio candidato se corrigiu.Vale lembrar que nem todas as despesas estão dentro do teto de gastos. Estão fora as transferências para estados e municípios previstas na Constituição Federal (como royalties pela exploração de petróleo e outros recursos minerais), despesas com calamidade pública, despesas para realização de eleições ou para capitalizar estatais. Além disso, investimentos (desde que não impliquem em aumento de despesas obrigatórias), não estão sujeitos aos teto de gastos.Em caso de descumprimento do teto, o texto constitucional prevê que o governo federal fique impedido de criar cargos, fazer concursos públicos, dar aumento salarial a servidores ou aumentar os benefícios previdenciários acima da inflação.VERDADEIROBolsonaro também disse em plenário que votou no Lula. - Geraldo Alckmin (PSDB)De fato, há um vídeo da TV Câmara do dia 5 de dezembro de 2002 no qual o deputado Jair Bolsonaro ""confessou publicamente"" ter votado no ex-presidente Lula no segundo turno das eleições de 2002 ""porque jamais votaria no candidato do Fernando Henrique Cardoso"". Naquela ocasião, Lula concorria com José Serra (PSDB). Bolsonaro completou o raciocínio dizendo que ""haverá brava crise pela frente, mas mantemos a esperança de dias melhores. Espero que o companheiro Lula, já que está na moda falar assim, consulte os quadros do PT, do PC do B e de outros partidos para fazer suas escolhas"".INSUSTENTÁVEL[No Brasil] Tem mais casa sem gente do que gente sem casa. - Guilherme Boulos (PSOL)Afirmação dita de forma recorrente pelo candidato, já foi, inclusive, checada em outras oportunidades pelo Aos Fatos. Como não há cálculo oficial que deixe claro quantas famílias necessitam de casa e quantos imóveis poderiam estar disponíveis para recebê-las, a declaração é INSUSTENTÁVEL.Não há uma conceitualização padrão sobre o que seria uma ""pessoa sem moradia"". Se levarmos em consideração apenas pessoas em situação de rua, estima-se que o Brasil tenha 101 mil brasileiros nesta situação em 2015, de acordo com a pesquisa mais recente sobre o assunto, desenvolvida pelo Ipea (Instituto de Pesquisa Econômica Aplicada). Entretanto, pessoas que residem em moradias precárias não são contempladas por essa contabilidade. Desta forma, quem vive em moradias improvisadas em favelas não entra na conta.VERDADEIRO17 milhões de brasileiros desempregados (...) entre desempregados e desalentados. - Ciro Gomes (PDT)O Brasil registrou 4,8 milhões de brasileiros desalentados (pessoas que desistiram de procurar trabalho) e 12,7 milhões de brasileiros sem emprego no trimestre de junho a agosto desse ano, de acordo com dados da Pnad Contínua, do IBGE. Os dois grupos somam 17,5 milhões de pessoas, número muito próximo ao mencionado por Ciro e, portanto, a declaração foi considerada VERDADEIRA.VERDADEIRO32 milhões de brasileiros na informalidade. - Ciro Gomes (PDT)O IBGE mede a informalidade do mercado de trabalho somando o contingente de empregados do setor privado sem carteira assinada ou que trabalham por conta própria. Entre junho e agosto deste ano, o número de trabalhadores informais somou 34,5 milhões de pessoas (11,2 milhões sem carteira assinada e 23,3 milhões trabalhando por conta própria), de acordo com a Pnad Contínua mais recente. O número é próximo ao mencionado por Ciro Gomes no debate, portanto a declaração do candidato foi considerada VERDADEIRA.IMPRECISONunca esteve na minha proposta, a CPMF. - Ciro Gomes (PDT)Por mais que a volta da CPMF (Contribuição Provisória sobre Movimentação Financeira) não esteja presente no plano de governo de Ciro Gomes, a declaração é IMPRECISA porque o candidato disse, em entrevista, que estava estudando a implantação de um imposto semelhante.Ao Jornal das Dez, da GloboNews, o candidato disse que estava pensando em uma alíquota de 0,38% para transações bancárias acima de R$ 5 mil por mês e que o valor arrecadado seria compartilhado com os estados e municípios. Trata-se de um modelo parecido com o da antiga CPMF. No entanto, Ciro, durante seu ato de campanha no Rio de Janeiro no começo da semana passada, disse que desistiu da ideia por acreditar que o imposto não seja uma boa medida: ""ela poderia ser usada, quando comecei a ouvir sugestões, como uma coisa de emergência para tirar o Brasil dessa crise. Mas eu achei outras três saídas que são menos traumáticas e mais eficientes"". Essas três medidas seriam a tributação de lucros e dividendos empresariais, a taxação de heranças a partir de R$ 2 milhões e a revisão de desonerações tributárias para multinacionais.VERDADEIROO general Mourão propôs convocar um conselho de notáveis, (...) e por fora do Congresso Nacional, que não teria nenhuma participação do processo. Submeter uma carta redigida por esse conselho, por plebiscito ou referendo, à população. - Fernando Haddad (PT)Em entrevista, Mourão, candidato à Vice-Presidência na chapa de Jair Bolsonaro, disse que defendia uma nova Constituição Brasileira. Ao ser questionado se o clima político do país permitiria uma constituinte para uma nova Carta Magna, Mourão respondeu que seria melhor a tomada de decisões por uma ""comissão de notáveis"", pessoas que seriam grandes ""juristas e constitucionalistas"". Após o processo, a ""nova"" constituição seria levada a plebiscito. Ele disse ainda que esta comissão não precisaria ser feita com aqueles que ""fossem eleitos pelo povo"". Desta forma, é VERDADEIRA a afirmação.O general afirmou que a reforma da Constituição seria uma solução para a crise econômica do país. Para ele, a Constituição seria extensa demais e deveria ter apenas ""princípios e valores"". O restante, como o ""horário de trabalho do bancário, o juro tabelado, essas coisas"", deveriam figurar leis ordinárias, porque os valores mudariam de acordo com o tempo. O candidato ressaltou ainda que essa era a sua visão pessoal sobre o tema, e não de Bolsonaro.VERDADEIROO próprio candidato [do PT, Fernando Haddad] disse que vai chamar uma constituinte sem dizer quais são as bases dessa constituinte. - Marina Silva (Rede)O programa de governo de Haddad afirma que ""participará, logo após a posse, da elaboração de um amplo roteiro de debates sobre os grandes temas nacionais e o sobre o formato da Constituinte"". No plano do candidato do PT, é expressa ""a necessidade de um novo processo constituinte"" para ""assegurar as conquistas democráticas"" e afirma que em seu governo ""as condições de sustentação social para a convocação de uma Assembleia Nacional Constituinte"". Não há, entretanto, detalhamento sobre o que seriam ""as condições de sustentação social"" supracitadas.No programa de governo, também é mencionado que essa assembleia constituinte deve ser ""livre, democrática, soberana e unicameral, eleita para este fim nos moldes da reforma política que preconizamos"".Em entrevista ao jornal Folha de S.Paulo, durante evento de campanha em 28 de setembro, Haddad afirmou que a inclusão do trecho sobre a assembleia constituinte foi feita após o PC do B integrar a chapa petista.VERDADEIRO52 milhões [de pessoas] abaixo da pobreza. - Alvaro Dias (Podemos)Os números apresentados por Alvaro Dias coincidem com os da Síntese de Indicadores Sociais 2017, publicação do IBGE com análise de dados de 2016 da Pnad Contínua. De acordo com a pesquisa, 52,2 milhões de pessoas (25,4% da população brasileira) têm rendimentos abaixo de US$ 5,5 - linha da pobreza do Banco Mundial para países de nível médio-alto de desenvolvimento, como o Brasil. O número inclui o que foi mencionado pelo candidato e, por isso, a declaração foi considerada VERDADEIRA.Calculada a partir da Pnad Contínua, a linha de US$ 5,5 por dia correspondia a R$ 387,07 em 2016.TwitterFacebookEmailWhatsAppLeia tambémCinco fatos sobre migraçãoNão é verdade que Moro afastou promotor do caso Queiroz e delegado que investiga morte de MarielleHomem em foto com Flávio Bolsonaro é assessor do senador, não acusado de matar Marielle]"	1
34	Sergio Moro condenou Alberto Fragab deputado federal também não está entre os cotados para a Esplanada dos Ministérios	" #Verificamos: É falso que Sergio Moro condenou Alberto FragaDeputado também não está entre os cotados para a Esplanada dos MinistériosCircula nas redes sociais mensagem que ""lembra"" que o juiz federal Sergio Moro, que aceitou o convite do presidente eleito Jair Bolsonaro (PSL) para ocupar o posto de ministro da Justiça e da Segurança Pública, já condenou o deputado federal Alberto Fraga (DEM-DF), cotado para também ocupar um cargo na Esplanada dos Ministérios a partir de janeiro de 2019. Por meio do projeto de verificação de notícias, usuários do Facebook solicitaram que essas informações fossem analisadas. Confira a seguir o trabalho de verificação feito pela Lupa: ""Sergio Moro condenou Alberto Fraga a quatro anos de cadeia...""Descrição de imagem publicada no Facebook e que até as 16h30 do dia 1 de novembro de 2018 já tinha mais 550 compartilhamentosFALSOO deputado Alberto Fraga foi condenado a quatro anos de cadeia por concussão (uso do cargo público para obter vantagem indevida) pelo Tribunal de Justiça do Distrito Federal e Territórios (TJDFT) - não por Sergio Moro, que é titular da 13ª Vara da Justiça Federal de Curitiba. A condenação de Fraga ocorreu no último dia 22 de setembro, quando ele era candidato ao governo do DF. Ele deve cumprir sua pena em regime semiaberto. Em 2009, quando era Secretário de Transportes do Distrito Federal, Fraga foi gravado em conversa com representantes de cooperativas de microônibus, na qual questionava o fato de sua propina ser menor do que entregue a um de seus assessores. O deputado sempre negou as acusações.""... E agora [Sergio Moro] aceita ser ministro, junto com ele [Fraga], no governo do Bozo (sic)""Descrição de imagem publicada no Facebook e que até as 16h30 do dia 1 de novembro de 2018 já tinha mais 550 compartilhamentosFALSONa quarta-feira (31), o presidente eleito Jair Bolsonaro negou que Alberto Fraga fosse ser ministro em seu governo. No Twitter, destacou que qualquer anúncio que não parta dele próprio sobre eventuais nomes para a Esplanada dos Ministérios deve ser desconsiderado. Ele também respondeu diretamente a alguns eleitores que o perguntaram sobre o deputado em redes sociais. Depois, o próprio Fraga também negou que tenha conversado com o presidente sobre o assunto.Vale destacar que, durante a campanha, o deputado brasiliense visitou Bolsonaro na companhia de outros parlamentares da bancada da segurança pública. O encontro foi filmado. Depois que Fraga, em nome da bancada, declarou apoio a Bolsonaro, o então candidato respondeu: ""Já anuncio aqui que quem vai coordenar a bancada lá do [Palácio do] Planalto vai ser o Fraga"". *Nota: esta reportagem faz parte do projeto de verificação de notícias no Facebook. Dúvidas sobre o projeto? Entre em contato direto com o Facebook.Editado por: Cristina Tardáguila e Leandro Resende"	1
35	Bolsanaro diz ao Congresso que rejeita violações de direitos humanos, mas a prática é outra	Bolsonaro diz ao Congresso que rejeita violações de direitos humanos, mas a prática é outraBolsonaro diz ao Congresso que rejeita violações de direitos humanos, mas a prática é outraTwitterFacebookE-mailWhatsAppBolsonaro diz ao Congresso que rejeita violações de direitos humanos, mas a prática é outraPor Ana Rita Cunha e Luiz Fernando Menezes 5 de fevereiro de 2019, 12h59TwitterFacebookEmailWhatsAppEm mensagem ao Congresso Nacional, o presidente Jair Bolsonaro afirmou rejeitar ditaduras e desrespeito aos direitos humanos, o que contraria declarações anteriores em que defendeu a tortura e atacou minorias, como mulheres e homossexuais. Bolsonaro também afirmou que já era possível perceber avanços econômicos graças ao seu governo. Sua equipe de governo, no entanto, não adotou nenhuma medida econômica nos primeiros 30 dias de governo. Os indicadores elencados por ele já vinham em trajetória de alta desde o governo anterior.A carta de Bolsonaro foi lida na abertura do ano legislativo na segunda-feira (4) pela deputada Soraya Santos (PR-RJ), primeira secretária da Câmara.Veja abaixo a transcrição da mensagem presidencial e as checagens de Aos Fatos:TwitterFacebookEmailWhatsAppLeia tambémCinco fatos sobre migraçãoNão é verdade que Moro afastou promotor do caso Queiroz e delegado que investiga morte de MarielleHomem em foto com Flávio Bolsonaro é assessor do senador, não acusado de matar Marielle]	1
36	É #FAKE que Google fez pesquisa eleitoral e que irá deixar de operar no Brasil se resultado não bater com o apurado.	"""É #FAKE que Google fez pesquisa eleitoral e que irá deixar de operar no Brasil se resultado não bater com o apurado""Mensagem e áudio compartilhados nas redes sociais não são verdadeiros. Google não faz pesquisa eleitoral nem é dono da rede NBC. Um áudio acompanhado da frase ""Urgente!!! Pesquisa dos presidenciáveis, realizada pela empresa Google do Brasil"" viralizou nas redes sociais. O autor do texto diz que viu uma entrevista de um representante do Google no Brasil em que ele afirmava que o resultado das eleições 2018 para presidente da República será de 58% para o eleito no primeiro turno e 14% para o segundo colocado. O áudio e a mensagem são #FAKE.O autor do áudio diz ainda que o Google é uma empresa confiável e que o representante disse até que abre mão da operação no Brasil se os percentuais estiverem errados. Além disso, ele afirma que a NBC é do Google. ""Resumindo, a rede NBC é do Google, então vai ser o fim da Globo e NBC toma conta da televisão no Brasil. Olhe o que eu to falando. Não tem segundo turno"", afirma em trecho.Procurada pelo G1, a assessoria de imprensa do Google diz que tanto o conteúdo descrito no áudio como a mensagem que acompanha não são verdadeiros. ""Tal entrevista não existiu e o Google não é dono de emissora de TV"". Além disso, ""o Google não faz pesquisas eleitorais. O posicionamento da empresa é apolítico e apartidário"".""Gurizada, fique tranquilo. Não tem segundo turno, gurizada. É no primeiro turno. Agora tava vendo uma entrevista do representante da Google no Brasil e ele falou que a diferença é de 58 a 14 na pesquisa do Google. Aí o cara perguntou se essa pesquisa era confiável e disse: ""Olha, confiável não é porque sempre tem uma pequena margem de erro, mas se ela não retratar parecido com o que eu estou expondo a Google com certeza abre mão de operar no Brasil. Porque a Google é uma empresa confiável e aí o cara falou: ""Abre mão de operar no Brasil?"". ""Abro mão de operar no Brasil"". Agora, se a Google estiver correta, vocês vão ver o tipo de investimento que nós faremos no Brasil. Vai ser surpreendente. Resumindo, a rede NBC é da Google, então vai ser o fim da Globo e NBC toma conta da televisão no Brasil. Olhe o que eu estou falando. Não tem segundo turno. Não esquenta a cabeça, mas vamos continuar agarrado. Porque eleição se ganha até o último minuto né, até o último minuto. Mas vai ser no primeiro turno gurizada. Eu tenho certeza, eu tenho certeza absoluta. A diferença é muito maior e a história deles, entendeu? A Globo tá forçando o segundo turno e não vai levar"". "	1
37	O Vice-presidente da Guiné Equatorial foi preso ao tentar entrar no Brasil com mais de 50 milhões de dólares em dinheiro.	" #Verificamos: Guiné Equatorial não teve várias obras bilionárias feitas com dinheiro do BNDES, e Lula não perdoou dívidaTambém é falsa informação de que vice-presidente desse país foi detido com US$ 50 milhões em dinheiroCircula na internet a ""informação"" de que o vice-presidente da Guiné Equatorial, Teodoro Obiang Mang, foi preso no Brasil ""com mais de US$ 50 milhões em dinheiro"" e que esse país teria feito ""várias obras bilionárias"" com dinheiro do BNDES. A ""notícia"" acrescenta ainda que o ex-presidente Luiz Inácio Lula da Silva teria perdoado ""uma dívida bilionária"" da Guiné Equatorial quando estava no poder. Por meio do projeto de verificação de notícias, usuários do Facebook solicitaram que esses dados fossem analisados. Confira a seguir o trabalho de verificação da Lupa:""O Vice-presidente da Guiné Equatorial foi preso ao tentar entrar no Brasil com mais de 50 milhões de dólares em dinheiro""Texto de postagens (aqui, aqui, aqui e aqui) que já tinham quase 50 mil compartilhamentos no Facebook até as 19h do dia 18 de setembro de 2018FALSOUma ação conjunta realizada pela Polícia Federal e pela Receita Federal no Aeroporto Internacional de Viracopos, em Campinas (SP), no dia 14 de setembro apreendeu malas de dinheiro e relógios da comitiva do vice-presidente da Guiné Equatorial, Teodoro Obiang Mang. A delegação, que não veio ao Brasil em missão oficial, carregava cerca de US$ 1,5 milhão e R$ 55 mil, em espécie, e relógios de luxo avaliados em US$ 15 milhões. A cifra está bem abaixo da citada na postagem avaliada pela Lupa. Ninguém foi preso no momento, e a comitiva retornou para a Guiné Equatorial. ""Por coincidência [Guiné Equatorial] é o país que o Lula perdoou uma dívida bilionária e teve várias obras bilionárias feitas com dinheiro do BNDES""Texto de postagens (aqui, aqui, aqui e aqui) que já tinham quase 50 mil compartilhamentos no Facebook até as 19h do dia 18 de setembro de 2018FALSOEm nota oficial, o BNDES negou que tenha realizado qualquer empréstimo à Guiné Equatorial e que o governo Lula tenha perdoado dívidas com esse país. Textualmente, o banco escreveu o seguinte:""O governo da Guiné Equatorial não é nem foi cliente do BNDES. O país não é nem foi destino de financiamento do banco à exportação de bens e serviços brasileiros de engenharia. Não há obras na nação africana realizadas por empresas brasileiras com financiamento do BNDES"", diz a nota, publicada no dia 17 de setembro. ""O Banco, portanto, não perdoou nenhuma dívida da Guiné Equatorial, uma vez que não há operações entre o BNDES e o governo do país"".Existem três países africanos com Guiné no nome: além da Guiné Equatorial, há Guiné-Bissau e República da Guiné. Em 2013, a então presidente Dilma Rousseff anunciou que perdoaria ou renegociaria a dívida dessas duas últimas nações, além de outros dez países do continente. O valor total da dívida perdoada era de US$ 900 milhões.*Nota: esta reportagem faz parte do projeto de verificação de notícias no Facebook. Dúvidas sobre o projeto? Entre em contato direto com o Facebook.Editado por: Cristina Tardáguila"	1
38	As obras do Exército na BR-163 foram iniciadas em setembro de 2017, ainda no governo Temer.	" #Verificamos: É falso que recuperação da BR-163 tenha começado no governo BolsonaroExército atua na pavimentação e reforma da estrada, no Pará, desde setembro de 2017, ainda no governo TemerCircula nas redes sociais uma montagem que mostra o antes e depois de uma ação do Exército para recuperar um trecho localizado no Pará da BR-163, rodovia que começa em Tenente Portela (RS) e chega até Santarém (PA), passando pelo porto de Mirituba. Legendas ""informam"" que a obra foi feita durante o governo do presidente Jair Bolsonaro (PSL). Por meio do projeto de verificação de notícias, usuários do Facebook solicitaram que esse material fosse analisado. Confira a seguir o trabalho de verificação da Lupa:""BR-163 Pará - Antes. BR-163 Pará - Agora. São apenas 49 dias do governo Bolsonaro!!!""Legenda de imagem que, até as 14h30 do dia 25 de fevereiro de 2019, tinha sido compartilhada mais de 1,5 mil vezes no Facebook.FALSOAs obras do Exército na BR-163 foram iniciadas em setembro de 2017, ainda no governo de Michel Temer (MDB), e não depois que Jair Bolsonaro assumiu a presidência, em janeiro de 2019. A informação verificada pela Lupa, que consta na legenda da publicação, é, portanto, falsa.A BR-163 é usada para escoamento da produção agrícola do Mato Grosso, mas ainda conta com trechos sem asfalto. O Departamento Nacional de Infraestrutura de Transportes (Dnit) fechou convênio com o Exército para pavimentar 65 quilômetros da rodovia, com previsão de entrega em fevereiro de 2020. De acordo com o boletim diário mais recente sobre a estrada, publicado pelo Dnit em 25 de fevereiro de 2019, as obras do Exército estão em estágio avançado, mas ainda não foram concluídas: ""Houve grandes avanços com a eliminação dos principais pontos de gargalos na trafegabilidade, que são as serras da Anita e de Moraes. Por ter uma rampa muito íngreme para vencer as serras, e por estar em revestimento primário, estes trechos são constantes alvos de bloqueios neste período pelo tráfego pesado de carga. O rebaixamento de ambas as serras já foi 100% concluído, restando apenas serviços de drenagem profunda e superficial e posteriormente sua pavimentação"".Essa checagem foi feita anteriormente pelos sites Aos Fatos, Boatos.org e Estadão Verifica.Nota: esta reportagem faz parte do projeto de verificação de notícias no Facebook. Dúvidas sobre o projeto? Entre em contato direto com o Facebook.Editado por: Natália Leal"	1
39	O petista erra ao dizer que, apesar de forte crescimento econômico, o Peru	"As declarações de Lula à Folha e ao El País, checadasAs declarações de Lula à Folha e ao El País, checadasTwitterFacebookE-mailWhatsAppAs declarações de Lula à Folha e ao El País, checadasPor Hyury Potter e Bruno Fávero 26 de abril de 2019, 20h38TwitterFacebookEmailWhatsAppO ex-presidente Luiz Inácio Lula da Silva concedeu nesta sexta-feira (26) a primeira entrevista desde que foi preso. Aos Fatos checou suas declarações e já constatou que ele errou ao comentar a respeito de convite aos encontros do G8 e sobre a desigualdade social do Peru. Em entrevista ao jornal Folha de S. Paulo e ao site El País, Lula criticou líderes da Operação Lava Jato e fez críticas ao atual governo.Abaixo, o que foi checado:1. Lula disse que foi convidado para todas as reuniões do G8, que reúne alguns dos países mais ricos do mundo. Porém, em 2004, o próprio ex-presidente reclamou da ausência de convite para o evento daquele ano.2. O petista erra ao dizer que, apesar de forte crescimento econômico, o Peru também experimentou aumento da desigualdade nos governos de Alejandro Toledo e Alan Garcia. Em ambos os casos, a alta do PIB veio acompanhada de redução da pobreza, segundo o Banco Mundial.3. O ex-presidente exagerou o valor da multa da Petrobras aos cofres públicos que seria usado para fundação privada de combate à corrupção.4. Lula também exagerou ao dizer que, nos governos petistas, 36 milhões de brasileiros saíram da miséria. Estudo do Ipea apontou que foram 8,4 milhões a menos em situação de extrema pobreza entre 2002 e 2012. Já outros 25,3 milhões de brasileiros saíram da condição de pobreza nesse período.5. É impreciso dizer que a fome foi considerada erradicada no Brasil nos governos do PT. O indicador de desnutrição das Nações Unidas caiu gradualmente desde que o partido chegou o poder até atingir, no período 2008-2010, o nível ""abaixo de 2,5%"", menor patamar possível na pesquisa e em que também estão os países desenvolvidos. Mas o IBGE apontava, em 2013, que 3,2% da população ainda vivia em grave insegurança alimentar.6. Lula acerta quando diz que as exportações brasileiras quase quadruplicaram na era petista no governo federal: eram US$ 60,2 bilhões em 2002, último ano de Fernando Henrique Cardoso (PSDB), e chegaram a US$ 255,9 bilhões, valor 4,2 vezes maior, em 2011, durante o governo Dilma Rousseff (PT).Veja, abaixo, em detalhes.FALSOEu fui o único presidente a ser chamado para todas as reuniões do G8.A afirmação é FALSA, uma vez que o próprio ex-presidente reclamou, em 2004, de não ter sido convidado pelo governo dos Estados Unidos para a reunião do grupo em uma entrevista ao jornal Folha de S.Paulo. Em 2010, fato semelhante também aconteceu, desta vez no Canadá.Durante o período que ocupou a Presidência da República, entre 2003 e 2010, Lula não participou de dois encontros do G8: em 2004 e em 2010. O G8 era o grupo de alguns dos países mais ricos do mundo, integrado por Estados Unidos, Japão, Alemanha, Reino Unido, França, Itália, Canadá e Rússia. Os russos foram excluídos em 2014 e o grupo voltou a ser chamado de G7.Cabe ao chefe de Estado do país anfitrião decidir quais nações serão convidadas além das que integram o grupo. Em 2003, o Brasil foi um dos convidados da 29ª edição do encontro, realizado na França em junho daquele ano. No ano seguinte, o país não recebeu convite dos EUA, país anfitrião daquele ano. Em entrevista à Folha de S.Paulo, em 31 de agosto de 2004, Lula reclamou da falta de convite:""Este país já foi a oitava economia mundial. Quando éramos a oitava economia mundial, não tinha o grupo dos oito. Era só o G7. Quando nós caímos para décimo lugar, aí criaram o G8, porque já não era mais o Brasil. Possivelmente não coubesse um país latino-americano no grupo dos países mais ricos. Mas como nós somos brasileiros e não desistimos nunca, este país ainda vai voltar a ser a sétima, a sexta ou a oitava economia do mundo para ver se os mais ricos vão diminuir o grupo dos privilegiados"", disse o presidente à Folha.O então presidente participou de todos os demais encontros do G8, exceto em 2010, quando a reunião ocorreu no Canadá e não teve participação brasileira.Criado em 1975 pelos seis países mais industrializados do mundo que pretendiam discutir problemas globais como a crise do petróleo do começo daquela década, o grupo virou G7 com a entrada do Canadá no ano seguinte. O grupo se tornaria oficialmente G8 em 1998, quando da entrada da Rússia. Em 2014, os integrantes decidiram retirar a Rússia do grupo após a decisão do presidente Putin de anexar a região ucraniana da Crimeia. Desde então o grupo voltou a ser chamado de G7.FALSO... eles [Peru] crescem, mas não tem distribuição de renda. Então, o país cresce a 5% e a miséria cresce a 10%.Diferentemente do que afirmou Lula, a extrema pobreza caiu no Peru tanto no mandato de Alejandro Toledo (2001-2006) quanto no de Alan Garcia (2006-2011), ex-presidentes do país.Segundo dados do Banco Mundial, durante a gestão Toledo, a porcentagem da população que vivia com menos de US$1,90 por dia caiu de 17,2% em 2001 para 15,3% em 2006. Já no governo Garcia, o número foi de 15,3% para 5,2% em 2011.Ainda segundo o Banco Mundial, o PIB do país (em preços de 2010) foi de US$ 86,3 bilhões em 2001 a US$ 113,7 bilhões em 2006 (crescimento de 31% no período) e a US$ 156,9 bilhões (crescimento de 38% desde 2006).EXAGERADO... [O procurador Delton] Dallagnol pegando R$ 2,5 bilhões da Petrobras para criar uma fundação para ele.A declaração foi considerada EXAGERADA porque, embora o procurador do Ministério Público Federal Deltan Dallagnol, que coordenar a força-tarefa da Operação Lava Jato em Curitiba, tenha articulado a criação de uma fundação ligada à Operação Lava Jato, ela administraria apenas metade do valor citado pelo ex-presidente.A Petrobras assinou, em setembro de 2018, um acordo com o Departamento de Justiça dos EUA no qual se comprometeu a pagar uma multa de US$ 853 milhões (R$ 3,35 bilhões na cotação atual) como punição pelas irregularidades cometidas por executivos da empresa. Desse dinheiro, US$ 170,6 milhões (R$ 670,8 milhões ou 20% do total) ficam com autoridades americanas e US$ 682,6 (R$ 2,7 bilhões ou 80%) com as brasileiras. A empresa foi multada pela Justiça americana porque negocia ações na Bolsa de Valores de Nova York.Em janeiro, quando foi homologado pela Justiça brasileira, o acordo previa que todo o dinheiro fosse depositado em uma conta vinculada à 13ª Vara Federal de Curitiba. Mas metade do valor (R$ 1,3 bilhão) seria usado para eventuais acordos com acionistas brasileiros que foram lesados. A outra parte (R$ 1,3 bilhão) seria usada para a criação de uma fundação privada, administrada pelo MPF, que teria como objetivo o combate à corrupção. O texto foi assinado pelo coordenador da Lava Jato em Curitiba, Deltan Dallagnol, e por outros 11 procuradores.A procuradora-geral da República, Raquel Dodge, considerou a iniciativa ilegal e entrou com uma ADPF (Arguição de Descumprimento de Preceito Fundamental) no Supremo Tribunal Federal para cancelá-la. No pedido, ela afirmou que o ato lesava ""direitos fundamentais e estruturantes da República"".Em 12 de março, a força-tarefa da Lava Jato anunciou que, ""diante do debate social existente sobre o destino dos recursos"", desistiu da criação da fundação. Dias depois, o ministro Alexandre de Moraes acatou o pedido de Dodge e suspendeu o acordo firmado pelo MPF com a Petrobras.EXAGERADOTiramos 36 milhões de pessoas da miséria [nos governos do PT].Esse número tem sido repetido por membros do PT desde o governo Dilma Rousseff, mas está incorreto.Segundo um estudo do Ipea, baseado na Pesquisa Nacional por Amostra de Domicílios, do IBGE, o número de brasileiros vivendo em extrema pobreza (renda de até R$ 70 por mês) caiu de 14,9 milhões de pessoas em 2002 (8,8% da população) para 6,5 milhões em 2012 (3,5% da população), uma redução, em números absolutos, de 8,4 milhões de pessoas.Mesmo se for considerada a redução na pobreza (renda de até R$ 140 por mês), os números não chegam aos mencionados por Lula. Nesse caso, a redução é de 25,3 milhões, passando de 41 milhões, em 2002, para 15,7 milhões em 2012.Em 2014, a Folha de S. Paulo registrou que o governo Dilma chegou à conta dos 36 milhões calculando o número de beneficiários do Bolsa Família que estariam na miséria se não recebessem o benefício, e não fazendo uma comparação entre quantos estavam na extrema pobreza antes e depois do programa.IMPRECISOAcabamos com a fome [nos governos do PT].Durante o período em que o PT esteve no poder (2003-2015), a prevalência da fome no Brasil caiu para níveis de países desenvolvidos, mas não foi eliminada. Desta forma, é IMPRECISO dizer que os governos do partido acabaram com o problema.Segundo dados da FAO (Organização das Nações Unidas para a Alimentação e a Agricultura), 8,7% da população brasileira era subalimentada na média do triênio 2001-2003 (os estudos são feitos a cada três anos). O indicador caiu gradualmente até atingir, no período 2008-2010, o nível ""abaixo de 2,5%"", menor patamar possível na pesquisa e em que também estão os países desenvolvidos.O órgão define subalimentação como a condição ""em que uma pessoa não consegue consumir comida suficiente para atingir requisitos dietéticos diários mínimos"".Em 2010, em reconhecimento por seu trabalho nessa questão, Lula recebeu da FAO o prêmio de ""Campeão Mundial da Luta contra a Fome"". Em 2014, o órgão anunciou que o Brasil saiu do ""Mapa da Fome"".O índice de subalimentação no Brasil se manteve o mesmo até 2017, quando o último levantamento foi divulgado. Vale mencionar que, mesmo antes de Lula assumir o poder, esse indicador já estava em queda - foi de 11,9% no triênio 1999-2001 (primeiro dado disponibilizado pela FAO), para 8,7% em 2001-2003.Contudo, não é possível atestar que houve erradicação completa do problema. Segundo um estudo do IBGE, 3,2% dos brasileiros viviam problema grave de insegurança alimentar em 2013. Em 2004, esse número era de 6,9%.VERDADEIROQuase quadruplicamos as nossas exportações [nos governos do PT].Segundo dados do Ministério da Economia, as exportações brasileiras somaram US$ 60,2 bilhões em 2002, último ano do governo Fernando Henrique Cardoso (PSDB). Em três anos durante o governo Dilma Rousseff, esse número foi pelo menos quatro vezes maior: 2011 (US$ 255,9 bilhões), 2012 (R$ 242,2 bilhões) e 2013 (US$ 241,9 bilhões).O número caiu em 2014 (US$ 225 bilhões), 2015 (US$ 190,9 bilhões) e 2016 (US$ 185,2 bilhões), voltou a subir a partir de 2017 (US$ 217,7 bilhões) e, no ano passado, chegou a US$ 239,9 bilhões.As importações no período 2003-2014 também aumentaram significativamente, o que levou a uma queda no saldo comercial brasileiro. Em 2002, o Brasil teve um resultado positivo de US$ 13,1 bilhões; em 2014, um negativo de US$ 4,1 bilhões.Fontes:1. The Guardian2. Folha de S.Paulo3. G8 20104. Banco Mundial5. Petrobras6. Bloomberg7. Bloomberg8. MPF9. MPF10. MPF11. Folha de S. Paulo12. Ipea13. Folha de S. Paulo14. FAO15. G116. Folha de S. Paulo17. Ministério da Economia*Este texto foi alterado às 10h23 de 30 de abril de 2019 para corrigir informações sobre a balança comercial brasileira. Os valores de exportações e importações inicialmente usados para comparar o último ano do governo FHC com os anos PT eram relativos apenas ao período de janeiro a março, não ao ano todo. Os números foram corrigidos, mas não alteraram o selo VERDADEIRO conferido à declaração.*Esta checagem foi alterada às 16h de 30 de abril de 2019 para incluir dados do IBGE sobre insegurança alimentar. Tais informações fizeram com Aos Fatos reavaliasse o selo de classificação da declaração de Lula de VERDADEIRO para IMPRECISO.TwitterFacebookEmailWhatsAppLeia tambémÉ falso que inverno de 2019 será o mais frio dos últimos cem anos no BrasilDesenhamos fatos sobre o orçamento das universidades federaisComo os filhos de Bolsonaro usam polêmicas para impulsionar engajamento no Twitter]"	1
40	É #FAKE que Datafolha faz pesquisa online sobre o 2° turno das eleições.	"""É #FAKE que Datafolha faz pesquisa online sobre o 2° turno das eleições""Segundo Mauro Paulino, diretor do instituto, os links sobre pesquisa online são falsos. Ele diz ainda que o Datafolha faz apenas pesquisas presenciais Circulam nas redes sociais mensagens que dizem fazer parte de uma pesquisa online do Datafolha sobre o segundo turno das eleições presidenciais. O diretor do instituto, Mauro Paulino, nega que os links sejam verdadeiros e afirma ainda que o Datafolha faz apenas pesquisas presenciais. Portanto, as mensagens são #FAKE.""O Datafolha só faz pesquisas eleitorais presenciais. Nunca por telefone ou internet"", diz Mauro Paulino, diretor do instituto, ao jornal ""Folha de S.Paulo"". As mensagens compartilhadas na internet contêm um link que direciona para um site em que o internauta pode preencher um formulário com cidade, estado e candidato em quem votará.O site falso pede ainda que as pessoas compartilhem o link para confirmar que o internauta não é um robô e também ver o resultado da suposta pesquisa. As mensagens exibidas na internet trazem as fotos dos presidenciáveis Jair Bolsonaro (PSL) e Fernando Haddad (PT).""Bolsonaro e Haddad disputam a Presidência do Brasil. O Datafolha quer saber qual sua intenção de voto neste 2° turno? Confira o resultado a seguir"", diz a mensagem falsa. "	1
41	Donald Trump usou dados falsos ao falar de atos em Charlottesville e conflitos raciais nos EUA.	"Trump usa dados falsos ao falar de atos em Charlottesville e conflitos raciais nos EUATrump usa dados falsos ao falar de atos em Charlottesville e conflitos raciais nos EUATwitterFacebookE-mailWhatsAppTrump usa dados falsos ao falar de atos em Charlottesville e conflitos raciais nos EUA 18 de agosto de 2017, 19h30TwitterFacebookEmailWhatsAppUma semana depois da manifestação de racistas e neonazistas que provocou uma morte em Charlottesville, nos Estados Unidos, o presidente Donald Trump usou informações sem amparo na realidade para repercutir o caso. Além de minimizar a atuação de grupos brancos extremistas, o presidente ainda afirmou erroneamente que manifestações contra supremacistas não tinha licença para sair às ruas. Disse também que seu governo tem investido para diminuir desigualdades raciais.Os checadores do jornal americano Washington Post, parceiros de Aos Fatos na IFCN (International Fact-Checking Network), encontraram equívocos em ambas as declarações. Veja, abaixo, o resultado da apuração.FALSOHavia um grupo de um lado que veio à carga sem permissão, e eles eram muito, muito violentos. Havia também muitas pessoas naquele grupo [de supremacistas] que estavam ali para protestar de modo inocente, de modo legal, porque, vocês sabem - não sei se vocês sabem - eles tinham uma autorização. O outro grupo não tinha. - Donald Trump, em 15.agoAo culpar ambos os lados nos protestos violentos de Charlottesville, Trump disse que os manifestantes contra o ato neonazista não tinham autorização, diferentemente daqueles que protestavam contra a retirada de uma estátua do general confederado Robert E. Lee. O problema é que não eram necessárias autorizações para esse tipo de protesto.A coluna de checagem de fatos do Washington Post, assinada por Glenn Kessler e parceira de Aos Fatos na IFCN (International Fact-Checking Network), apurou que, segundo a porta-voz de Charlottesville, Miriam I. Dickler, só foi expedida uma autorização de manifestação para o Emancipation Park, onde ocorreu o ato contra a retirada da estátua. Essa permissão foi emitida para o protesto de nome Unite The Right, ou Direita Unida, em livre tradução.""Tenha em mente que as pessoas não precisam de permissão oficial para entrar em uma área pública, mesmo que outro evento esteja acontecendo ali, nem é necessário ter uma autorização para estar nas ruas ou nas calçadas adjacentes ao parque"", disse a porta-voz por e-mail.Na última sexta-feira (11), 250 supremacistas brancos carregando tochas marcharam e cantaram hinos antissemitas no campus da Universidade de Virginia, onde eles se encontraram com outros 30 estudantes que faziam um cordão humano ao redor de uma estátua de Thomas Jefferson. Houve conflito e feridos. A universidade em questão é aberta, de modo que não eram necessários registros para esse tipo de protesto, segundo nota da própria instituição. A presidente da Universidade de Virginia Teresa A. Sullivan condenou a ""conduta intimidadora de manifestantes da direita autoritária"".No sábado, quando os maiores confrontos aconteceram, pessoas começaram a se reunir no Emancipation Park. O chefe de polícia de Charlottesville, Al S. Thomas Jr., disse ao Washington Post que os grupos racistas voltaram atrás num plano que os manteria separados dos manifestantes contrários à sua agenda. O conflito teve início pela manhã e, às 11h22, a polícia agiu.Ou seja, até havia autorização expedida para manifestações no sábado, mas, para convocarem um ato dentro ou perto do Emancipation Park não era necessário. O mesmo dentro do campus da Universidade de Virginia.FALSOVou dizer a vocês: estamos gastando muito dinheiro nas áreas pobres. Estamos melhorando as áreas pobres. Estamos fazendo muito mais do que qualquer um a respeito dessas localidades. É uma prioridade para mim. E é muito importante. - Donald Trump, em 15.agoNão há qualquer indicativo de que Trump tem favorecido comunidades pobres e negras com incentivos governamentais. Os dados, na verdade, mostram o contrário.Em resposta a uma pergunta relativa a questões raciais nos Estados Unidos, Trump disse que relações de raça ""melhoraram ou estão na mesma"" no país. Trump afirmou que sua administração está ""gastando muito dinheiro em áreas pobres [em inglês, inner cities, que são regiões centrais de cidades muito degradadas]"" e que ""melhorar as áreas pobres"" é uma prioridade.Segundo a coluna de checagem de fatos do Washington Post, o uso da terminologia inner cities para especificar áreas ocupadas por americanos negros é um equívoco. Houve mudanças sociodemográficas nessas regiões nas últimas décadas, embora a degradação tenha permanecido. Além disso, ao especificar investimentos nessas áreas pobres, Trump também não menciona áreas rurais do sul dos EUA majoritariamente habitadas por negros.""Usar o termo inner city como referência a egros é menos preciso do que usar a expressão suburbano para se referir a brancos,"" , disse o Washington Post durante a campanha presidencial.Mesmo assim, dados apontam o contrário do que Trump disse. Seu orçamento previa reduções drásticas em programas sociais, sobretudo naqueles relativos a minorias, aos pobres, aos idosos e aos deficientes. O Congresso ainda não encerrou as discussões do orçamento de 2018, mas algumas agências do governo já tiveram seus repasses decididos. Algumas delas terão mais recursos que aqueles previstos na proposta original de Trump, mas as verbas serão inferiores ao do ano fiscal de 2017.Exemplo disso é o do Departamento de Habitação e Desenvolvimento Urbano. Trump propôs cortar US$ 6,2 bilhões do seu orçamento - uma redução de cerca de 12%. Isso afetaria programas de revitalização para comunidades pobres e urbanas. Também atingiria programas de habitação popular. Seria a maior redução orçamentária sofrida pela agência desde a década de 1980.Outros exemplos de redução orçamentária seriam as áreas educacionais: Trump planeja reduzir em 14% os repasses para o Departamento de Educação. Consequência disso seria a diminuição de bolsas de estudo, incluindo aquelas reservadas para estudantes pobres e de minorias.O presidente dos EUA também prometeu mais recursos a universidades historicamente identificadas com o movimento negro. Seu orçamento, entretanto, impõe restrições a repasses para essas instituições.Trump também propôs reduzir programas de incentivo ao emprego, segundo o Post.TwitterFacebookEmailWhatsAppLeia tambémCinco fatos sobre migraçãoNão é verdade que Moro afastou promotor do caso Queiroz e delegado que investiga morte de MarielleHomem em foto com Flávio Bolsonaro é assessor do senador, não acusado de matar Marielle]"	1
42	Crítico dos excessos do Estado, Temer agora defende reavaliar e ampliar programas sociais.	"Crítico dos excessos do Estado, Temer agora defende reavaliar e ampliar programas sociaisCrítico dos excessos do Estado, Temer agora defende reavaliar e ampliar programas sociaisTwitterFacebookE-mailWhatsAppCrítico dos excessos do Estado, Temer agora defende reavaliar e ampliar programas sociaisPor Tai Nalon 11 de abril de 2016, 18h55TwitterFacebookEmailWhatsAppO vice-presidente Michel Temer tem apresentado versões conflitantes a respeito de qual será a condução das políticas públicas de seu governo, sobretudo na área social. Em áudio divulgado nesta segunda-feira (11), cujo conteúdo foi confirmado por sua assessoria, ele afirma que é ""mentiroso"" dizer que, em seu eventual governo, irá acabar com programas sociais como o Bolsa Família, o Pronatec e o Fies. Defende, ainda, ampliá-los.E eu sei que dizem de vez em quando que, se outrem assumir, nós vamos acabar com o Bolsa Família, vamos acabar com o Pronatec, vamos acabar com o Fies. Isto é falso, é mentiroso, e é fruto dessa política mais rasteira que tomou conta do país. Portanto, neste particular, quero dizer que devemos manter esses programas, revalorizá-los e ampliá-los.Aos Fatos comparou a declaração com as linhas gerais estabelecidas pelodocumento ""Uma ponte para o futuro"", divulgado no ano passado e vendido pelo PMDB como base para um eventual governo Temer. A fala desta segunda-feira tem pouco a ver com o que seu programa de governo define para a área social, segundo o qual ""o governo cometeu excessos, seja criando novos programas, seja ampliando os antigos"".Segundo o documento, ""o Brasil gasta muito com políticas públicas com resultados piores do que a maioria dos países relevantes"". Quer, por conta disso, criar uma ""agenda de transparência"" dos programas, que seriam reavaliados conforme a necessidade.Reportagem de Aos Fatos mostrou em dezembro último como o discurso do peemedebista mudou desde 2010, quando disputou as eleições presidenciais pela primeira vez na chapa de Dilma. Àquela época, o PMDB dizia querer ampliar o Bolsa Família, com a criação de uma poupança para crianças beneficiárias. Também pregava maior participação da Caixa Econômica Federal para financiar construções de casas próprias do programa Minha Casa, Minha Vida.As declarações desta segunda-feira ficam no meio do caminho entre 2010 e 2015. Segundo Temer, ""o Bolsa Família, por exemplo, há de ser um estágio do Estado brasileiro"". ""Daqui a alguns anos, a empregabilidade tenha atingido um tal nível que não haja necessidade de Bolsa Família"", disse o vice-presidente.Temer gravou seus quase 15 minutos de fala como se endereçada a parlamentares. Porém, segundo a assessoria da Vice-Presidência, as declarações foram enviadas por engano e divulgadas sem autorização do peemedebista. Nela, Temer trata a aprovação do impeachment da presidente Dilma Rousseff na Câmara como fato consumado e diz a ""senadores da melhor cepa"" que deverá comandar um governo de ""pacificação"".Atualização. Após a publicação desta reportagem, Temer afirmou nesta segunda-feira que não mudou ""um centímetro"" do que disse no passado. Diante da apuração de Aos Fatos, a declaração recebeu o selo FALSO.FALSOEu reitero que aquilo que disse seria exatamente o que eu fiz no passado e continuarei a fazer independentemente do que aconteça no domingo. (...) Não mudei um centímetro daquilo que falei no passado.Veja as principais diferenças entre o discurso de Temer na campanha de 2010 e o de agora, no documento ""Uma ponte para o futuro"". TwitterFacebookEmailWhatsAppLeia tambémCinco fatos sobre migraçãoNão é verdade que Moro afastou promotor do caso Queiroz e delegado que investiga morte de MarielleHomem em foto com Flávio Bolsonaro é assessor do senador, não acusado de matar Marielle]"	1
43	Dilma afirma que seu governo foi o que mais reduziu impostos, mas não é verdade	"Dilma afirma que seu governo foi o que mais reduziu impostos, mas não é verdadeDilma afirma que seu governo foi o que mais reduziu impostos, mas não é verdadeTwitterFacebookE-mailWhatsAppDilma afirma que seu governo foi o que mais reduziu impostos, mas não é verdade 16 de novembro de 2015, 21h47TwitterFacebookEmailWhatsApp Nesta segunda-feira (16), a presidente Dilma Rousseff afirmou, durante entrevista coletiva durante a reunião do G20, na Turquia, que sua gestão foi aque mais reduziu impostos ""nos últimos anos"". O problema, entretanto, é que a afirmação não tem amparo nos dados do próprio governo nem em levantamentos mundiais. Sem citar de onde tirou argumentos para sua afirmação, Dilma recebeu o selo FALSO.Esta reportagem é realizada numa parceria com membros da International Fact-Checking Network. Aos Fatos compõe um time de checadores do discurso de líderes mundiais que compareceram à reunião do G20, em Antália, na Turquia, durante o domingo (15) e esta segunda.FALSOSomos um governo que tem um retrospecto. Diminuímos impostos. Nos últimos anos, fomos o governo que mais diminuiu impostos. Não é questão de opinião, mas de números.Se o argumento de Dilma sobre a carga tributária é uma questão de números, a presidente precisa refazer as contas. Uma consulta a dados do Ministério do Planejamento mostra que a quantidade de impostos federais tem se mantido estável desde 2005, depois de um período de ascensão desde pelo menos 1996 (veja gráfico abaixo).Conforme o governo, assim como acontece com a carga tributária total, a elevação da arrecadação federal em relação ao PIB (Produto Interno Bruto) se concentrou de 1997 a 2002 e de 2004 a 2005. Desde então, tem flutuado em torno de 23,1% do PIB, mas com uma queda de 0,4 ponto percentual em 2014, devido à desaceleração do crescimento econômico no ano passado.Não fica claro se Dilma está comparando o próprio governo com o de Lula ou o de Fernando Henrique Cardoso-ou mesmo com os de outros países-, mas, conforme os números acima, sua afirmação é insustentável.De 2008 para 2009, o governo Lula iniciou sua política anticíclica para combate à crise internacional. Muitas das decisões à época foram amparadas em incentivos ao crédito para a indústria e em desonerações tributárias. De um ano para o outro, a carga tributária caiu 1,1 ponto percentual: de 23,4% para 22,3%, segundo o Planejamento.Foi ainda em 2011, primeiro ano do primeiro mandato de Dilma, que a carga tributária federal alcançou o maior nível da série histórica: 24,73%. Em 2007, foi a 24,4%.Além disso, o levantamento em questão não contabiliza o tarifaço do início de 2015, cujo impacto contribuirá para elevar a inflação para dois dígitos ao fim do ano. A Fiesp (Federação das Indústrias de São Paulo), grande opositora do governo federal quando o assunto é aumento de impostos, trabalha com projeção de 24% na relação entre tributos e PIB para este ano.Internacionalmente, é difícil comparar. A média da carga tributária para países da OCDE (Organização para a Cooperação e o Desenvolvimento Econômico), da qual o Brasil não faz parte, é de 20% do PIB, segundo dados de 2013. Desde 1995, esses números variam entre 21% e 19%.TwitterFacebookEmailWhatsAppLeia tambémCinco fatos sobre migraçãoNão é verdade que Moro afastou promotor do caso Queiroz e delegado que investiga morte de MarielleHomem em foto com Flávio Bolsonaro é assessor do senador, não acusado de matar Marielle]"	1
44	A foto em questão é real, mas foi tirada há 10 anos no estado do Amazonas, e não no Mato Grosso do Sul.	" #Verificamos: Imagens de massacre contra índios que circulam no Facebook são antigasFotos, com mais de 1,8 mil compartilhamentos, foram tiradas no Amazonas em 2008 Circulam nas redes sociais duas imagens que mostram índios sendo agredido por policiais. A legenda de uma das fotos diz que a foto é atual e teria sido tirada no Mato Grosso do Sul, enquanto outra coloca a culpa no ""psicopata"" eleito para governar o país. Por meio do projeto de verificação de notícias, usuários do Facebook solicitaram que esse material fosse analisado. Confira a seguir o trabalho de verificação da Lupa:""Está ocorrendo um verdadeiro massacre no Mato Grosso do Sul. Os indígenas estão sendo assassinados""Imagem que até as 14h30 do dia 7 de janeiro de 2019 tinha mais de 300 compartilhamentos no FacebookFALSOA foto em questão é real, mas foi tirada há 10 anos no estado do Amazonas, e não no Mato Grosso do Sul. Em 2008, policiais retiraram à força um grupo de 400 indígenas em uma reintegração de posse em Lagoa Azul, nas proximidades de Manaus. Houve confronto entre índios e policiais, 12 pessoas foram detidas e três policiais ficaram feridos. O registro é do fotógrafo Luiz Vasconcelos, da Agência Estado.Foto de mãe indígena sendo agredida por policiaisImagem compartilhada no Facebook que até as 14h30 do dia 7 de janeiro de 2019 tinha mais de 1,5 mil compartilhamentosFALSOEsta foto também foi feita na reintegração de posse em Lagoa Azul, em 2008, e não atualmente.*Nota: esta reportagem faz parte do projeto de verificação de notícias no Facebook. Dúvidas sobre o projeto? Entre em contato direto com o Facebook.Editado por: Natália Leal"	1
45	O BC sequer exist	A autonomia do Banco Central e a ditaduraA autonomia do Banco Central e a ditaduraTwitterFacebookE-mailWhatsAppA autonomia do Banco Central e a ditadura 2 de fevereiro de 2016, 19h58TwitterFacebookEmailWhatsAppA autonomia do Banco Central e a ditaduraRenan afirma que regime acabou com mandatos fixos para presidente da autarquia em seu primeiro ato, mas ela sequer existia em abril de 1964Opresidente do Senado, Renan Calheiros (PMDB-AL), é um entusiasta do Banco Central independente. Segundo ele, a política monetária é suscetível a pressões políticas circunstanciais, já que a indicação para a presidência da autarquia é prerrogativa do Presidente da República. Nesta terça-feira (2), durante a abertura do ano legislativo, ele defendeu novamente essa ideia, que, ao menos no ano passado, ainda não encontrou eco entre seus pares para que virasse prioridade no Casa.No entanto, ao afirmar que a ditadura militar trabalhou para a perda de autonomia do Banco Central, Renan errou. O BC sequer existia tal como é hoje em 9 de abril de 1964, data do Ato Institucional Número 1. Sua declaração recebeu o selo FALSO.FALSOA extinção do mandato para presidente e diretor do Banco Central foi o primeiro ato da ditadura militar.A independência do Banco Central é uma das bandeiras favoritas de Renan Calheiros, mas, apesar das promessas, não foi perseguida por sua base durante 2015. Para o presidente do Senado, dar independência ao Banco Central significa tirar da Presidência da República a prerrogativa de indicar, sem restrições de outros Poderes, o chefe da instituição. Dessa forma, segundo ele, a política monetária não ficaria suscetível a pressões políticas circunstanciais.Nesse contexto, tramita no Senado uma PEC (proposta de emenda constitucional) que pretende estabelecer que presidente e diretores do Banco Central cumpram mandatos por um prazo determinado. A matéria está na CCJ (Comissão de Constituição e Justiça) e é da autoria de um grupo pluripartidário de senadores, dentre os quais Romero Jucá (PMDB-RR), Aloysio Nunes Ferreira (PSDB-SP) e Randolfe Rodrigues (Rede-AC).O presidente do Senado, entretanto, comete um erro ao dizer que o regime militar retirou a autonomia do BC- e que esse foi seu primeiro ato. O Banco Central, como é hoje, foi instituído em dezembro de 1964, ano do golpe militar. Antes, a Sumoc (Superintendência da Moeda e do Crédito) era a responsável por algumas das responsabilidades do atual BC: fixava os percentuais de reservas obrigatórias dos bancos comerciais, os juros sobre depósitos bancárioso, supervisionava a atuação dos bancos comerciais, orientava a política cambial e representava o país junto a organismos internacionais.Já o Banco do Brasil era responsável por outra fatia das atuais atribuições do BC. Detinha o controle das operações de comércio exterior, além de ser responsável pelo recebimento dos depósitos compulsórios e voluntários dos bancos comerciais e pela execução de operações de câmbio em nome de empresas públicas e do Tesouro Nacional.O Ato Institucional Número 1, de 9 de abril de 1964, é a primeira ação do ponto de vista jurídico e legislativo do governo militar. O documento não trata de regulação financeira-ou seja, não foi o primeiro ato da ditadura qualquer tipo de mudança na principal autoridade financeira brasileira.LEIA TAMBÉMBenefícios da Previdência correspondem a 44% dos gastos do governoA crise hídrica e a situação dos reservatórios do SudestePara Dilma, CPMF é a melhor solução possível, mas falta combinar com aliadosOutros partidos receberam dinheiro de envolvidos na Lava Jato, diz LulaAos Fatos | Twitter | FacebookTwitterFacebookEmailWhatsAppLeia tambémCinco fatos sobre migraçãoNão é verdade que Moro afastou promotor do caso Queiroz e delegado que investiga morte de MarielleHomem em foto com Flávio Bolsonaro é assessor do senador, não acusado de matar Marielle]	1
46	É #FAKE que é recomendável aplicar gelo sobre picada de escorpião	"""É #FAKE que é recomendável aplicar gelo sobre picada de escorpião""Especialista diz que o correto é fazer compressa de água morna para ajudar a aliviar a dor. Circula pelas redes sociais um cartaz que recomenda aplicar gelo sobre a picada do escorpião para atrasar a circulação de sangue. A mensagem é #FAKE.O gelo não tem nenhum benefício, de acordo com a médica infectologista e gestora de projetos do Núcleo Estratégico de Venenos e Antivenenos do Instituto Butantan, Fan Hui Wen.Ela diz que a recomendação correta é aplicação de compressa de água morna e buscar um serviço médico o quanto antes. A compressa tem a função apenas de ajudar a reduzir a dor.No Brasil, o Tityus serrulatus, conhecido como escorpião amarelo, é o que causa maior número de casos graves.A médica diz que ao avistar um escorpião dentro de casa, recomenda-se retirar o animal do ambiente onde possa causar risco de acidente.Se não houver possibilidade de realizar a coleta com segurança, é melhor matar o animal e levá-lo para o órgão da secretaria municipal de saúde encarregado do controle de escorpiões, que pode ser o centro de controle de zoonoses, a vigilância ambiental ou epidemiológica.Para evitar que escorpiões entrem dentro das casas, Fan Hui Wen recomenda: Para diminuir o risco de acidentes, é recomendável: Vídeo: Veja como identificar uma mensagem falsa "	1
47	"""Quem me batia era o Ciro Gomes. Patrícia Pillar"""	" #Verificamos: Em vídeo, Patrícia Pillar nega ter sido vítima de agressão por parte de Ciro GomesImagem que traz declaração falsa atribuída à atriz foi compartilhada mais de 30 mil vezes no FacebookCircula na internet uma foto da atriz, diretora e produtora Patrícia Pillar, ex-mulher do candidato do PDT à Presidência da República, Ciro Gomes, acompanhada de uma declaração em que ela estaria lembrando os eleitores de que o político a agredia. Por meio do projeto de verificação de notícias, usuários do Facebook solicitaram que esse material fosse analisado. Confira a seguir o trabalho de verificação da Lupa:""Quem me batia era o Ciro Gomes. Patrícia Pillar""Frase que acompanha imagem da atriz e diretora (aqui, aqui, aqui e aqui) e que, até as 23h30 do dia 19 de setembro de 2018 já tinha sido compartilhada mais de 30 mil vezes no FacebookFALSONa noite da quarta-feira (19), a atriz, diretora e produtora postou um vídeo em seu perfil de Twitter classificando a informação de que já foi agredida por Ciro Gomes como ""totalmente falsa"". Sem citar o nome dos dois presidenciáveis nomeados na imagem acima - Ciro e Jair Bolsonaro (PSL), Patrícia Pillar fez o seguinte alerta: ""Estão usando minha imagem para divulgar notícias falsas, favorecendo um candidato que jamais seria o meu. Eu nunca sofri nenhum tipo de violência da parte de ninguém. Isso é totalmente falso"". Eu sou Patricia Pillar, atriz , diretora e produtora. Estou aqui para dizer que estão usando a minha imagem para divulgar notícias falsas, favorecendo um candidato que jamais seria o meu. Confira recado da Patricia no vídeo abaixo! pic.twitter.com/x2SUdAD9P0- Patricia Pillar (@patriciapillar) 20 de setembro de 2018Em março deste ano, Patrícia declarou voto em Ciro. Numa entrevista ao jornal O Globo, disse o seguinte: ""Voto nele [Ciro], claro. O panorama ainda está indefinido [Ciro ainda era pré-candidato pelo PDT], mas não há a menor chance de o meu voto não ser dele"".Em agosto, disse à Veja que o apoiaria, mas que não faria parte de sua campanha.Patrícia e Ciro foram casados por mais de uma década, e se separaram em 2012. O ponto mais polêmico da relação dos dois se deu em 2002. Naquele ano, Ciro era candidato à presidência pelo PPS e disse que Patrícia tinha um dos papéis mais importantes da campanha, que era dormir com ele.Checagem semelhante foi feita pelo site Boatos.org.*Nota: esta reportagem faz parte do projeto de verificação de notícias no Facebook. Dúvidas sobre o projeto? Entre em contato direto com o Facebook.Editado por: Clara Becker"	1
48	PF não apreendeu van com urnas eletrônicas adulteradas.	"PF não apreendeu van com urnas eletrônicas adulteradasPF não apreendeu van com urnas eletrônicas adulteradasTwitterFacebookE-mailWhatsAppPF não apreendeu van com urnas eletrônicas adulteradas 6 de outubro de 2018, 10h40TwitterFacebookEmailWhatsAppÉ falso que a Polícia Federal tenha feito uma apreensão de uma van com urnas eletrônicas adulteradas e que a Rede Record tenha noticiado isso, como indica uma mensagem que circula no WhatsApp e já tem ao menos 41,8 mil compartilhamentos no Facebook.O boato afirma que, dos 152 equipamentos que teriam sido confiscados, 121 estariam ""preenchidas com voto para o Haddad com pelo menos 72% dos votos"". Não há qualquer registro oficial que isso tenha acontecido, segundo a própria Polícia Federal.Este conteúdo foi originalmente verificado pelo Comprova - coalizão de 24 veículos de imprensa brasileiros para combater a desinformação nas redes sociais. Aos Fatos, que atesta as informações desta checagem, é parceiro institucional da iniciativa.Uma reprodução do texto, que também foi denunciada por usuários do Facebook, foi marcada por Aos Fatos como FALSA na ferramenta de verificação da rede social (entenda como funciona).FALSOPF apreende van com 152 urnas eletrônicas, dessas 121 estavam preenchidas com votos para o HaddadÉ FALSA a mensagem que diz que 152 urnas eletrônicas foram confiscados pela Polícia Federal, dentre as quais 121 estariam ""preenchidas com voto para o Haddad com pelo menos 72% dos votos"". Procurada, a PF informou que não há registro de uma ocorrência do tipo. No site da instituição, também não existe qualquer referência a recolhimento de urnas eletrônicas.Buscas no site da Record TV e no portal R7 não indicam nenhuma matéria recente sobre apreensão de urnas eletrônicas. Outros veículos de imprensa também não reportaram nenhum caso como o descrito na corrente.O site E-farsas também desmentiu essa peça de informação, assim como a própria campanha do PT.TwitterFacebookEmailWhatsAppLeia tambémCinco fatos sobre migraçãoNão é verdade que Moro afastou promotor do caso Queiroz e delegado que investiga morte de MarielleHomem em foto com Flávio Bolsonaro é assessor do senador, não acusado de matar Marielle]"	1
49	Uma corrente que circula no WhatsApp questiona a credibilidade de fontes ouvidas pela revista e induz interpretações incorretas ao distorcer informações verdadeiras sobre o processo de divórcio do candidato.	"No WhatsApp, corrente pró-Bolsonaro traz informações falsas sobre reportagem da VejaNo WhatsApp, corrente pró-Bolsonaro traz informações falsas sobre reportagem da VejaTwitterFacebookE-mail<a href=""#"" data-text=*No WhatsApp, corrente pró-Bolsonaro traz informações falsas sobre reportagem da Veja*https://aosfatos.org/noticias/no-whatsapp-corrente-pro-bolsonaro-traz-informacoes-falsas-sobre-reportagem-da-veja/Uma corrente que circula no WhatsApp traz informações falsas e distorcidas sobre a reportagem de capa publicada pela revista Veja nesta sexta-feira (28), que revela detalhes sobre o processo de divórcio entre o presidenciável Jair Bolsonaro (PSL) e sua ex-mulher, Ana Cristina Valle, que concorre à Câmara dos Deputados pelo Podemos com o nome de urna Cristina Bolsonaro.A corrente questiona a credibilidade de fontes ouvidas pela revista e induz interpretações incorretas ao distorcer informações verdadeiras sobre o processo de divórcio do candidato. O material foi enviado por leitores de Aos Fatos via WhatsApp como uma sugestão de checagem (saiba mais). Para participar, adicione o número (21) 99956-5882 na sua lista de contatos e envie uma mensagem com o seu nome.Confira abaixo, em detalhes, o que checamos. FALSO_""A revista reproduz várias acusações feitas pela ex-esposa de Bolsonaro em um processo que corria na Vara de Família sobre a guarda de filhos. O processo foi movido pelo presidente; ele, portanto, não é o réu.""_Na verdade, Ana Cristina e Jair Bolsonaro disputavam a guarda de um único filho, Jair Renan, hoje com 20 anos de idade e que na época era menor de idade. Ao contrário do que diz a corrente, quem entrou com o processo foi a ex-mulher de Bolsonaro, e não o presidenciável. Segundo a reportagem da V"	1
50	As checagens em tempo real do debate da Band em SPAs unidas [as	"As checagens em tempo real do debate da Band em SPAs checagens em tempo real do debate da Band em SPTwitterFacebookE-mailWhatsAppAs checagens em tempo real do debate da Band em SPPor Ana Rita Cunha, Bárbara Libório, Bernardo Moura, Judite Cypreste, Luiz Fernando Menezes e Tai Nalon 16 de agosto de 2018, 21h00TwitterFacebookEmailWhatsAppOs postulantes ao governo do estado de São Paulo se reuniram nesta quinta-feira (16) nos estúdios da Band, em São Paulo, para o primeiro debate televisivo desta campanha eleitoral. A equipe do Aos Fatos está checando em tempo real o debate.Antes de iniciar os trabalhos de tempo real, a reportagem entrou em contato com as assessorias de imprensa dos candidatos para informá-las do processo de checagem do debate. Até a última atualização desta reportagem, Aos Fatos não havia recebido manifestações de todas as assessorias dos candidatos, mas está aberto a observações, justificativas e eventuais correções.Veja, abaixo, o que checamos.VERDADEIROElas unidas [as polícias] são um exército de 110 mil homens. - Paulo Skaf (MDB)Aos Fatos já checou outras declarações sobre o efetivo policial de São Paulo. Segundo números da assessoria de imprensa do governo - que hoje é comandado pelo candidato Márcio França (PSB) -, em julho deste ano, o efetivo das polícias do estado era de 114.337 policiais, divididos da seguinte maneira: 83.945 policiais militares, 27.047 policiais civis e 3.345 policiais científicos.O site do governo estadual mostra, porém, outros números parecidos: segundo a página, o estado de São Paulo conta com 115.033 policiais, sendo 83.441 militares, 28.314 civis e 3.278 técnico-científicos.EXAGERADOMas eu reforço, mas faz muitos anos que o governo federal não ajusta a tabela do SUS. - Márcio França (PSB)O governador de São Paulo afirmou duas vezes que a tabela do SUS não é atualizada. Aos Fatos já checou essa informação anteriormente e mostrou que é EXAGERADO falar que não há correção da tabela do SUS, já que houve a correção de vários serviços nos últimos anos, inclusive em 2017.Tabela do SUS é o nome dado ao padrão unificado de referência para o pagamento dos serviços prestados por estabelecimentos da rede pública de saúde. Por mais que várias pessoas também repitam esse dado (como o deputado Estevam Galvão (DEM-SP) em uma reunião com o então ministro da Saúde Ricardo Barros) o Ministério da Saúde e o Diário Oficial da União mostram que alguns serviços foram, sim, atualizados.No Diário Oficial da União é possível ver, por exemplo, que em janeiro foi aumentado o valor da hemodiálise. Foram alterados vários procedimentos oftalmológicos em novembro. E em dezembro foram reajustados os preços de atendimentos e acompanhamentos de pacientes.Por mais que não exista a informação de quando ocorreu a última atualização geral da tabela, os valores são ajustados aos poucos e é EXAGERADO dizer que o governo não corrige a tabela do SUS.FALSONós temos a polícia que mais mata e a polícia que mais morre. - Professora Lisete (PSOL)Segundo dados divulgados no último Anuário Brasileiro de Segurança Pública no Brasil, relativos ao ano de 2017, foi o Pará, com uma taxa de 2 mortes por grupo de mil policiais na ativa, o estado com o maior número de policiais civis e militares mortos. O estado de São Paulo é o nono colocado, com 0,5 mortes, e fica empatado com a Paraíba, Bahia e Acre. Já em número absolutos, o Rio de Janeiro é o primeiro colocado, com 104 mortes, seguido de São Paulo, com 60. Esses dados são relativos a mortes de policiais civis e militares, em confrontos em serviço ou em confronto ou por lesão não natural fora de serviço.No número de mortes decorrentes de intervenções policiais civis e militares, em serviço ou fora dele, o Rio de Janeiro também está em primeiro lugar, tanto proporcionalmente, com uma taxa de 6,7 para cada 100 mil habitantes, quanto em números absolutos, com 1.127 mortes contabilizadas. O estado de São Paulo figura em 12º lugar na proporcionalidade - 2,1 mortes a cada 100 mil habitantes - e em segundo lugar em números absolutos, com 940 no total.VERDADEIROTemos hoje um déficit de policiais. - Rodrigo Tavares (PRTB)Tanto um levantamento feito pelo UOL quanto o Anuário Brasileiro de Segurança Pública mostram que o efetivo existentes nas polícias é menor que o previsto em lei e, portanto, a afirmação é VERDADEIRA.De acordo com o levantamento publicado em 2017, com dados de 2016, em 25 das 27 unidades da federação, as polícias militares têm efetivos menores que o previsto em lei. Apenas no Espírito Santo há uma taxa maior do que a determinada: 110%. No nível nacional, estima-se que faltem pelo menos 170 mil policiais.Mesmo que o Anuário Brasileiro de Segurança Pública não traga os dados de todos os Estados, é possível ver a diferença entre o efetivo previsto e o existente já com as Unidades Federativas que divulgam esses números: no Distrito Federal, por exemplo, o efetivo fixado por lei em 2016 foi de 18.673 policiais, mas o existente era de 13.139 (cerca de 70,3%); já no Rio Grande do Sul, o efetivo fixado era de 32.230, no mesmo ano, mas só possuía 16.827 policiais militares (cerca de 52%).Aos Fatos já verificou essa afirmação em outra ocasião. Você pode acessar a checagem aqui.VERDADEIRONa CPTM, temos uma rede de 270 quilômetros. - Paulo Skaf (MDB)Segundo dados de dezembro do relatório administrativo de 2017, a malha ferroviária da CPTM em São Paulo tem extensão de 260,8 quilômetros e 92 estações. São cerca de 2,8 milhões de passageiros transportados por dia útil.INSUSTENTÁVELA reforma trabalhista (...) tem causado esse imenso desemprego. - Professora Lisete (PSOL)Por mais que, logo após a reforma, o desemprego tenha aumentado, não é possível afirmar que ela é a causa do desemprego. Isso acontece porque 1. o desemprego vem caindo desde abril; e 2. a evolução também leva em conta a sazonalidade.A reforma trabalhista passou a valer no começo de novembro de 2017 e, realmente, a taxa de desocupação do IBGE aumentou a partir de dezembro do mesmo ano: o desemprego, que vinha caindo desde março de 2017, passou a subir. Em dezembro, a taxa estava em 11,8% e subiu até março de 2018, quando chegou a 13,1%.No entanto, o desemprego, a partir desse mês, caiu: em abril estava em 12,9%, em maio caiu para 12,7% e, em junho, fechou em 12,4%.Portanto, por mais que o desemprego tenha aumentado logo após a aprovação da Reforma Trabalhista, a taxa de desocupação está em queda há três meses.Além disso, é necessário comparar as taxas anualmente por causa da sazonalidade do emprego. Em 2017, por exemplo, é possível ver um movimento semelhante: o desemprego subiu de dezembro até março, chegando a 13,7%, quando passou a cair até o final do ano passado.CONTRADITÓRIOEu não proibi caça nenhuma de javali. - Márcio França (PSB)Em junho deste ano, Márcio França sancionou a lei estadual 16.784 que proibia a caça no estado de São Paulo. O texto da lei diz que fica ""vedada a caça, em todas as suas modalidades, sob qualquer pretexto, forma e para qualquer finalidade"" de qualquer animal, com exceção aos sinantrópicos (aqueles que se adaptam a vivência com o ser humano, mas não são domésticos, como pombos, mosquitos e ratos). O projeto de lei foi de autoria do Deputado Roberto Tripoli (PV), e teve sua aprovação por unanimidade na Assembleia Legislativa paulista.O governador disse ainda que ""a Assembleia Legislativa tem 94 deputados e todos eles de maneira unânime aprovaram essa legislação"". Isso é correto, porém, para a vigência de qualquer lei, é necessária a sanção do Poder Executivo. No caso, de França.A assessoria de imprensa do candidato entrou em contato com a reportagem por WhatsApp para informar que seria ""um contrassenso"" vetar um projeto de lei aprovado por unanimidade na Assembleia de São Paulo. Segundo a assessoria de imprensa, a resolução ""não é pra não controlar a espécie"" e que ""não dá para uma pessoa, mesmo sendo o governador, ir contra o parlamentar que é quem representa o público"".VERDADEIRONós aqui [em SP] cobramos 4% da alíquota que é destinada à herança e à doações. - Marcelo Cândido (PDT)O candidato do PDT Marcelo Cândido acertou ao falar sobre a alíquota de ITCMD (Imposto sobre a Transmissão Causa Mortis e Doação) cobrada em São Paulo. É VERDADEIRO que a alíquota referente à herança e à doação no estado paulista é fixa em 4%, segundo levantamento de dezembro de 2017 da Ernst &amp; Young a pedido do portal Poder360.EXAGERADONos outros estados, há uma medida progressiva que não é fixa como em São Paulo, de 4%. - Marcelo Cândido (PDT)Diferente do afirmado por Marcelo Cândido, nem todos os outros estados cobram alíquotas progressivas de ITCMD (Imposto sobre a Transmissão Causa Mortis e Doação). De acordo com o levantamento de dezembro de 2017 da Ernst &amp; Young a pedido do portal Poder360, além de São Paulo, dez estados cobram alíquotas fixas sobre herança e 13, cobram alíquotas fixas sobre doação. Como nem todos os estados cobram alíquotas progressivas, a declaração foi considerada EXAGERADA.A assessoria do candidato disse que o candidato afirmou que seriam ""outros estados"" e não ""todos os outros estados"". Segundo a equipe, Cândido tem conhecimento que sobre 13 estados que flexibilizaram a alíquotasVERDADEIROLuiz Marinho, que responde na Justiça como réu. - João Doria (PSDB)O petista Luiz Marinho é réu duas vezes no caso do Museu do Trabalho e do Trabalhador, também conhecido como Museu do Lula, em São Bernardo do Campo. A primeira denúncia, em julho do ano passado, foi por superfaturamento na fase preparatória da obra, que totalizou R$ 7,9 milhões de prejuízo para os cofres públicos. Na segunda, ele é acusado de formar um conluio para fraudar a concorrência promovida pelo município para definir a empresa que construiria o museu. Marinho é ex-prefeito de São Bernardo e nega irregularidades.VERDADEIRO[Lula] lidera todas as pesquisas, inclusive aqui em SP. - Luiz Marinho (PT)A afirmação de Marinho é VERDADEIRA porque o ex-presidente Lula realmente está na frente das principais pesquisas eleitorais, tanto no cenário nacional, quanto paulista.Na última pesquisa nacional do Datafolha, no único cenário em que Lula aparece, o petista tem 30% das intenções de voto, seguido de Bolsonaro, com 17%, e Marina Silva, com 10%. Na pesquisa nacional do Ibope de junho, Lula aparece com 33%, seguido, mais uma vez, de Bolsonaro (15%) e Marina Silva (7%). Essas pesquisas têm margem de erro de dois pontos percentuais.Em relação apenas ao eleitorado de São Paulo, segundo o Ibope divulgado no início de agosto, Lula está com 23% das intenções de voto, na frente de Bolsonaro, com 18%, e Alckmin, com 15% - como a margem de erro é de 3 pontos percentuais, Lula e Bolsonaro estão tecnicamente empatados. E em relação ao último Datafolha que trouxe os dados do Estado, em abril, Lula aparece com 20% dos votos, seguido de Bolsonaro (14%) e Alckmin (13%).FALSOFui ministro do Trabalho do presidente Lula (...) e foi o período que mais nós geramos emprego nesse Brasil, nesse país. Inclusive aqui no estado de São Paulo. - Luiz Marinho (PT)Ao contrário do que afirmou Luiz Marinho, candidato ao governo de São Paulo pelo PT, o período em que ele esteve à frente do Ministério do Trabalho não foi o de maior geração de emprego. Se considerarmos apenas os ministros do Trabalho desde 1988, o titular da pasta que mais gerou emprego foi Carlos Lupi, de acordo com os dados da Rais (Relação Anual de Informações Sociais), do Ministério do Trabalho, que leva em conta apenas empregos formais, portanto a declaração de Marinho é FALSA.Luiz Marinho foi ministro de Trabalho e Emprego durante o governo Lula entre julho de 2005 e março de 2007. Entre 2005 e 2006, foram gerados 3.747.673 empregos de acordo com os dados da Rais. A gestão de Carlos Lupi (março de 2007 a dezembro de 2011) gerou três vezes mais empregos. Entre 2007 e 2011 foram gerados 11.155.082 empregos formais.CONTRADITÓRIOEu, por exemplo, nessa fase de busca de coligações, não aceitei coligação. Coligações são troca-troca, você faz uma grande coligação mas já começa o governo loteado. (...) Eu preferi não ter compromisso. - Paulo Skaf (MDB)Paulo Skaf nem sempre foi avesso à ideia de coligações. Em março deste ano, por exemplo, quando se lançou pré-candidato, não descartou uma possível coligação com o PSDB. Afirmou que não desistiria da candidatura para aliar-se ao partido tucano, mas que poderia aliar-se oferecendo a vaga de vice ou as candidaturas ao Senado para a legenda tucana. ""Se o PSDB tiver intenção de uma coligação, nós estamos de braços abertos [nessas condições]"", disse.Vale lembrar também que, em 2014, quando foi candidato ao governo pelo então PMDB, sua candidatura era parte da coligação São Paulo Quer o Melhor, com os partidos PROS, PSD, PP e PDT.IMPRECISONós em 83 dias zeramos essa fila [de 478 mil pessoas] com o Corujão da Saúde. - João Doria (PSDB)Segundo dados da Secretaria Municipal de Saúde obtidos pela Folha de S.Paulo via Lei de Acesso à Informação, em 2017, de janeiro a abril do ano passado o Corujão da Saúde realmente acabou com a lista de espera herdada da gestão do petista Fernando Haddad. O problema é que, três meses depois, uma nova fila já havia surgido, com outros exames e novos pacientes. De acordo com o jornal, em julho de 2017 a fila tinha 215 mil procedimentos com 89 dias de tempo médio de espera.Além disso, segundo uma auditoria do Tribunal de Contas do Município, a partir de dados do sistema Siga-Saúde, é fato que a quantidade média mensal de saídas da fila de espera, em razão de agendamentos e de exames realizados aumentou. Mas a fila tambémfoi reduzida nos primeiros meses do programa porque mais de 112 mil solicitação foram retiradas por ter sido o paciente encaminhado para reavaliação acerca da necessidade do procedimento. De acordo com o relatório, não é possível afirmar, quanto aos exames não realizados, que a necessidade de saúde do paciente que deixou a fila foi efetivamente atendida.Procurada, a assessoria de imprensa do ex-prefeito afirmou que a matéria da Folha de S.Paulo faz confusão com as informações sobre os exames em São Paulo, ""pois aborda nos dados da reportagem procedimentos que não fazem parte do escopo do Corujão da Saúde"". Disse também que o programa tinha como meta zerar a fila dos seis mais demandados exames de imagem (ressonância, tomografia, mamografia, ultrassonografia, ecocardiograma e densitometria óssea) e que isso ocorreu. ""A atual demanda foi normalizada, pois temos uma capacidade de atendimento maior do que o número de pedidos que recebemos"".*A reportagem foi atualizada às 11h05 do dia 17 de agosto de 2018 para ampliação da checagem sobre as pesquisas eleitorais para presidência, sobre a letalidade policial nos estados brasileiros, e também para inclusão do relatório do TCM na checagem sobre o Corujão da Saúde.*A reportagem foi atualizada às 14hh22 do dia 17 de agosto de 2018 para inclusão do posicionamento da assessoria do candidato João Doria (PSDB).*A reportagem foi atualizada às 17hh20 do dia 17 de agosto de 2018 para inclusão do posicionamento da assessoria do candidato Marcelo Cândido (PDT).TwitterFacebookEmailWhatsAppLeia tambémCinco fatos sobre migraçãoNão é verdade que Moro afastou promotor do caso Queiroz e delegado que investiga morte de MarielleHomem em foto com Flávio Bolsonaro é assessor do senador, não acusado de matar Marielle]"	1
51	Presidente Jair Bolsonaro acaba de assinar decreto pelo fim do carnaval e parada gay no Brasil	" #Verificamos: É falso que Bolsonaro assinou decreto pelo fim do Carnaval e da parada gayAssessoria do presidente informou que o governo pode não dar incentivo aos eventosCircula pelas redes sociais a ""informação"" de que o presidente Jair Bolsonaro assinou um decreto que põe fim ao carnaval e à parada gay no Brasil. Por meio do projeto de verificação de notícias, usuários do Facebook solicitaram que esse material fosse analisado. Confira a seguir o trabalho de verificação da Lupa:""Presidente Jair Bolsonaro acaba de assinar decreto pelo fim do carnaval e parada gay no Brasil""Publicação que, até as 14h30 do dia 8 de janeiro de 2019, tinha cerca de 20 compartilhamentos (aqui e aqui) no FacebookFALSOAté o dia 8 de janeiro, não consta no Diário Oficial da União nenhuma medida ou decreto do presidente Jair Bolsonaro sobre corte de verbas específicas para o Carnaval ou para as paradas gays realizadas em diferentes cidades brasileiras. A imagem que contém a informação errada foi publicada no dia 3 de janeiro.Por telefone, a assessoria do presidente informou que Bolsonaro ""pode não bancar, não dar incentivo"" para o carnaval e a parada gay, mas que, até o momento, isso não está decretado. Também afirmou que o mandatário não vai impor o fim dos eventos. Essa informação também foi esclarecida pela plataforma Aos Fatos e pelo núcleo de checagem Holofote. *Nota: esta reportagem faz parte do projeto de verificação de notícias no Facebook. Dúvidas sobre o projeto? Entre em contato direto com o Facebook.Editado por: Natália Leal"	1
52	lista de obras raras destruídas após incêndio no Museu Nacional	"""É #FAKE lista de obras raras destruídas após incêndio no Museu Nacional""Mensagem que circula nas redes cita itens preservados na Biblioteca Nacional e no Arquivo Nacional. Após o incêndio de grandes proporções que atingiu o acervo do Museu Nacional, na Quinta da Boa Vista, Zona Norte do Rio de Janeiro, circula pelas redes sociais uma mensagem que lista obras raras destruídas pelas chamas neste domingo. A lista, porém, é #FAKE. Ela mostra obras que estão a salvo e guardadas em outros acervos da cidade, como a Biblioteca Nacional e o Arquivo Nacional, no Centro do Rio.A seção de obras raras da Biblioteca Nacional (BN) mostra que fazem parte do acervo da instituição todos os itens citados na mensagem. Em algumas postagens a lista está até na mesma ordem da que consta do site da Biblioteca Nacional.São eles: pergaminho datado do século XI com manuscritos em grego sobre os quatro Evangelhos; a Bíblia de Mogúncia, de 1462; a crônica de Nuremberg, de 1493, considerado o livro mais ilustrado do século XV; a Bíblia Poliglota de Antuérpia, de 1569; a primeira edição de ""Os Lusíadas"", de 1572; a primeira edição da ""Arte da gramática da língua portuguesa"", escrita pelo Padre José de Anchieta em 1595; o primeiro jornal impresso do mundo, datado de 1601; o ""Rerum per octennium"", de Baerle (1647), com 55 pranchas a cores desenhadas por Frans Post; o exemplar completo da Encyclopédie Française e o um exemplar raro do livro publicado em 1605 pelo autor Hrabanus Maurus. O catálogo que lista essas e outras obras raras está disponível online.Outra postagem com uma informação falsa sobre o acervo do Museu afirma que o a cópia original da Lei Áurea, na qual a princesa Isabel declarou extinta a escravidão no Brasil em 1888, também foi perdida no incêndio. O documento, porém, está preservado no Arquivo Nacional, informação confirmada pela assessoria do local. É possível também acessar o arquivo digital no site da instituição. "	1
53	É falsa foto de encontro de Lula com juíza que condenou Danilo Gentili. Mulheres que aparecem na foto são a ministra do STF Carmen Lúcia e a ex-ministra Ellen Gracie.	" #Verificamos: É falsa foto de encontro de Lula com juíza que condenou Danilo GentiliMulheres que aparecem na foto são a ministra do STF Carmen Lúcia e a ex-ministra Ellen GracieCircula nas redes sociais uma foto na qual o ex-presidente Luiz Inácio Lula da Silva cumprimenta uma mulher de toga. A legenda afirma que se trata da ""juíza que condenou Danilo Gentili"". Por meio do projeto de verificação de notícias, usuários do Facebook solicitaram que esse material fosse analisado. Confira a seguir o trabalho de verificação da Lupa:""Essa é a juíza que condenou o Danilo Gentili. Está explicado, não é?""Legenda de imagem publicada nas redes sociais, com mais de 150 compartilhamentos até as 13h do dia 2 de maioFALSOA mulher cumprimentada por Lula na foto analisada pela Lupa é a ministra do Supremo Tribunal Federal (STF) Carmen Lúcia. A imagem foi registrada no dia 21 de junho de 2006, quando ela tomou posse como ministra da Corte. A juíza que condenou Danilo Gentili se chama Maria Isabel do Prado _ e não é, portanto, a ministra Carmen Lúcia. Maria Isabel é titular da 5ª Vara Federal Criminal de São Paulo, e não do STF.A outra mulher que aparece na foto é Ellen Gracie,à época ministra do STF. Indicada por Fernando Henrique Cardoso, Gracie esteve na corte entre 2000 e 2011.Nota: esta reportagem faz parte do projeto de verificação de notícias no Facebook. Dúvidas sobre o projeto? Entre em contato direto com o Facebook.Editado por: Natália Leal"	1
54	O vídeo que está sendo difundido é, na verdade, Spéléo Seco	" #Verificamos: vídeo não mostra resgate na Tailândia e crianças não foram sedadasGravação que circula no Facebook, Youtube e WhatsApp já está na internet desde junho de 2010Circula no WhatsApp, Youtube e nas redes sociais uma série de imagens e vídeos que supostamente mostram mergulhadores arrastando uma maca dentro de um túnel subterrâneo alagado. O texto que acompanha essa ""notícia"" sugere que aquela é a ""situação na Tailândia"", país que chamou a atenção de todo o mundo por conta do resgate das 12 crianças e do professor de futebol que ficaram presos numa caverna por diversos dias. Por meio do projeto de verificação de notícias, usuários do Facebook solicitaram que as imagens e vídeos fossem verificadas. Confira a seguir a análise da Lupa:""Olha como os meninos estão sendo retirados [da caverna da Tailândia]. Por isso que são sedados""Informação divulgada em canais de WhatsApp, Youtube e por dezenas de usuários do FacebookFALSOO vídeo que está sendo difundido é, na verdade, Spéléo Secours Français (a Federação Francesa de Espeleologia), e está no YouTube desde pelo menos 20 de junho de 2010. Não tem, portanto, qualquer relação com o resgate do jovem time de futebol na Tailândia.Além disso, numa entrevista coletiva realizada em Bangkok, o primeiro-ministro tailândes, Prayuth Chan-ocha, informou que os meninos tinham tomado remédios antes de serem resgatados, mas que fizeram o percurso acordados, na companhia de dois mergulhadores. Não em macas, como mostram os vídeos e as imagens.""[Eles tomaram] Ansiolíticos, algo para que não ficassem excitados nem estressados"", explicou o primeiro-ministro.*Nota: A associação entre o vídeo antigo e o resgate da Tailândia também foi feito pelo site SegundoEvangelho.compor meio do uso de um frame da gravação como ilustração de seu texto. Até as 17h do dia 10 de julho de 2018, a página já havia registrado mais de 6.690 interações no Facebook.*Atualização feita às 8h35 do dia 11 de julho de 2018: o site SegundoEvangelho.com corrigiu as informações incorretas e entrou em contato com a Lupa, informando sobre as alterações feitas. Veja aqui.*Esta reportagem faz parte do projeto de verificação de notícias no Facebook.Dúvidas sobre o projeto? Entre em contato direto com o Facebook.Editado por: Chico Marés e Leandro Resende"	1
55	Fernando Haddad, candidato do PT à Presidência da República, errou ao dizer que seu partido foi o primeiro a apresentar solução para endividamento das famílias no programa de governo, um dos carros-chefe da campanha do adversário Ciro Gomes (PDT).	"No Jornal da Globo, Haddad erra ao dizer que PT propôs limpar nome de endividados primeiroNo Jornal da Globo, Haddad erra ao dizer que PT propôs limpar nome de endividados primeiroTwitterFacebookE-mailWhatsAppNo Jornal da Globo, Haddad erra ao dizer que PT propôs limpar nome de endividados primeiroPor Ana Rita Cunha, Luiz Fernando Menezes e Alexandre Aragão 20 de setembro de 2018, 20h48TwitterFacebookEmailWhatsAppFernando Haddad, candidato do PT à Presidência da República, errou ao dizer que seu partido foi o primeiro a apresentar solução para endividamento das famílias no programa de governo, um dos carros-chefe da campanha do adversário Ciro Gomes (PDT). Em entrevista ao Jornal da Globo na noite desta quarta-feira (19), o petista também cometeu uma imprecisão ao afirmar que Ciro não propõe reforma bancária.Aos Fatos vem checando ao longo da semana as entrevistas dos presidenciáveis ao telejornal da Rede Globo. Além de Haddad, já foram verificadas declarações de Ciro Gomes (PDT) e Geraldo Alckmin (PSDB). Marina Silva (Rede) será entrevistada nesta sexta-feira (21) e Jair Bolsonaro (PSL) não participou por ainda estar internado no hospital Albert Einstein, em São Paulo, devido a um ataque à faca sofrido em Juiz de Fora (MG) no início deste mês.FALSOO nosso programa [Dívida Zero], antes do registro do TSE, vazou para a Folha de S. Paulo (...), antes do Ciro sequer mencionar esse programa [Nome Limpo].Na entrevista, Haddad citou uma reportagem da Folha de S.Paulo de 26 de julho para sustentar que a proposta de oferecer linhas de crédito para sanar dívidas de quem está inadimplente, chamada Dívida Zero, foi criada e divulgada antes de Ciro Gomes (PDT) propôr o programa Nome Limpo, que tem o mesmo propósito. Entretanto, a reportagem mencionada lista a criação de linhas de crédito, mas não fala que a intenção era limpar o nome de quem está no SPC ou Serasa e nem que o nome seria Dívida Zero. Desta forma, a declaração do candidato é FALSA.A reportagem da Folha de S.Paulo revelou trechos do programa de governo petista antes que o documento fosse registrado na Justiça Eleitoral. O texto diz que ""entre as medidas para recuperar produção, emprego e renda, o PT propõe (...) [a] criação de linhas de crédito com juros e prazo acessíveis"", mas não cita que a medida seria voltada aos brasileiros inadimplentes e nem traz o nome Dívida Zero. Esse termo, aliás, também não consta da primeira versão do plano de governo do PT, apresentada quando o ex-presidente Luiz Inácio Lula da Silva ainda era tratado como o candidato do partido.Ciro citou publicamente a proposta do programa Nome Limpo pela primeira vez no debate da Band, em 9 de agosto, quando fez uma pergunta ao adversário Jair Bolsonaro (PSL). Após Haddad passar à cabeça da chapa petista, uma nova versão do plano de governo da sigla foi apresentada ao TSE (Tribunal Superior Eleitoral) com a inclusão do nome Dívida Zero, como mostrou reportagem do G1 na semana passada. A mudança que incluiu a citação nominal à proposta ocorreu em 13 de setembro, dia em que Haddad foi oficializado candidato do PT e mais de um mês após Ciro Gomes apresentar o Nome Limpo.Outro lado. Aos Fatos entrou em contato com a assessoria do candidato, que preferiu não comentar a checagem.FALSOFoi recentemente arquivado um processo do José Serra dizendo ó, tá prescrito porque é só caixa dois.A declaração foi considerada FALSA porque não há, nas argumentações de Dodge e Rosa Weber, o entendimento de que o processo deveria prescrever apenas por causa da natureza do crime. Ao contrário do que sugere o petista, a prescrição não ocorreu porque era ""só caixa dois"", mas pela idade de José Serra aliada ao pequeno tempo de prescrição e pena prevista pelo crime. Como o senador do PSDB tem mais de 70 anos, o inquérito que apura o recebimento de caixa dois prescreveu em 2016 e ele não poderia mais ser condenado.Em sua declaração, Haddad referia-se ao último inquérito (nº 4597) que investigava Serra, e que foi arquivado em março deste ano. O processo foi aberto em agosto de 2017 e apurava denúncia de que o senador teria recebido R$ 7 milhões para sua campanha presidencial de 2010 via caixa dois de Joesley Batista, executivo da JBS. A investigação era baseada em depoimentos do empresário em colaboração premiada com o Ministério Público Federal.O pedido de arquivamento do inquérito foi feito pela procuradora-geral da República, Rachel Dodge, em janeiro deste ano. No entendimento dela, como Serra tem mais de 70 anos de idade, a lei prevê que o tempo de prescrição caia pela metade (de 12 anos foi para seis), o que faria com que ele só pudesse ser eventualmente punido pelo crime até 2016: ""desde o requerimento de abertura de inquérito, o fato estava prescrito. Por evidente, não há como prosseguir com a investigação. Ante o exposto, manifesto-me pelo arquivamento do presente inquérito"".Então, Rosa Weber, ministra do STF (Supremo Tribunal Federal) e relatora do processo, decidiu arquivar o inquérito e decretar extinta a punibilidade de Serra em relação ao crime de falsidade ideológica eleitoral ""supostamente ocorrido em 2010"".Sobre o caso, a assessoria de José Serra disse, na época, que ""a determinação de arquivamento do inquérito pela ministra Rosa Weber, atendendo requerimento da defesa de José Serra, vem colocar um fim a uma investigação que já nasceu morta porque despida de qualquer fundamento ou elemento indicativo da prática de crime"".Logo, dizer que a prescrição se deu ""porque é só caixa dois"" não leva em conta o contexto do inquérito: Serra, por ter mais de 70 anos, só poderia ser condenado pelo crime até 2016, mas o inquérito só foi aberto em 2017. Assim, o tucano não poderia mais ser julgado e o processo acabou arquivado.Outro lado. Aos Fatos entrou em contato com a assessoria do candidato, que preferiu não comentar a checagem.IMPRECISOO Ciro não propõe uma reforma bancária.O programa de governo de Ciro Gomes (PDT) pode até não citar expressamente o termo ""reforma bancária"", mas é fato que constam lá medidas nesse sentido, como desregulamentação bancária, estímulo ao desenvolvimento de instituições financeiras e reforma monetária. Tais medidas, inclusive, vão no mesmo sentido das propostas no plano de Fernando Haddad (PT). É por isso que a declaração dele foi considerada IMPRECISA.Na página 13 do programa de governo, a chapa do PDT defende a ""desregulamentação bancária para possibilitar a maior oferta de serviços financeiros por parte de instituições de pequeno e médio porte e ampliar a rede bancária"".Mais à frente, o plano de Ciro Gomes prega ""maior controle da concentração bancária por parte dos órgãos de regulação"" e ""participação do Cade [Conselho Administrativo de Defesa Econômica] juntamente com o Banco Central nesse processo"".Por fim, a candidatura pedetista também defende uma ""reforma monetária acompanhada de um conjunto de medidas que possibilite diminuir tanto a taxa de juros básica, definida pelo Banco Central, como aquela que é cobrada nos financiamentos a consumidores e empresas"".Essas propostas são semelhantes às que o PT, em seu plano de governo, pôs sob o guarda-chuva de ""reforma bancária"". ""No sentido da democratização do crédito, propõe-se a transformação profunda do sistema bancário e financeiro"", diz um trecho da plataforma de Haddad.Ainda segundo o plano do"	1
56	Seus ternos [de Lula] eram os mais caros que já fiz para um presidente	" #Verificamos: Estilista não disse que ternos de Lula foram os mais caros que já fez para um presidenteRicardo Almeida, que trabalhou na campanha do petista em 2002, publicou desmentido no FacebookCircula nas redes sociais uma foto do estilista Ricardo Almeida acompanhada por uma frase em que ele supostamente afirma que os ternos que confeccionou para o ex-presidente Luiz Inácio Lula da Silva teriam sido os mais caros que ele já fez para um mandatário brasileiro. Por meio do projeto de verificação de notícias, usuários do Facebook solicitaram que essa informação fosse analisada. Confira a seguir o trabalho de verificação da Lupa:""Seus ternos [de Lula] eram os mais caros que já fiz para um presidente""Frase que acompanha imagem (aqui, aqui, aqui, aqui e aqui, por exemplo) e que, até às 10h do dia 17 de novembro de 2018, já tinha sido compartilhada mais de 700 vezes no FacebookFALSOA declaração de que Lula foi o presidente que ""mais ostentou"" por usar os ternos ""mais caros"" que Ricardo Almeida já fez foi falsamente atribuída ao estilista. Em sua página oficial no Facebook, a equipe de Almeida se pronunciou sobre o assunto e classificou a afirmação como ""mentirosa e caluniosa"". Enfatizou que o estilista ""não manifesta as predileções ou gastos dos seus clientes"". Além da Lupa, os sites Aos Fatos e Boatos.org também verificaram esta informação e a classificaram como falsa. *Nota: esta reportagem faz parte do projeto de verificação de notícias no Facebook. Dúvidas sobre o projeto? Entre em contato direto com o Facebook.Editado por: Cristina Tardáguila"	1
57	Homem que fez papel de diabo em desfile da Gaviões da Fiel morreu carbonizado	"""É #FAKE que homem que fez papel de diabo em desfile da Gaviões da Fiel morreu carbonizado""Mensagem falsa circula após desfile da escola de samba de SP. Integrante e coreógrafo têm sofrido ameaças e explicam que ideia não era causar polêmica. Circula pelas redes sociais a informação de que o homem que fez o papel de diabo no desfile da Gaviões da Fiel morreu carbonizado. A mensagem é #FAKE.O coreógrafo da Gaviões, Edgar Júnior, diz que o integrante da escola que interpretou o diabo está vivo e bem. A equipe do Fato ou Fake falou por telefone também com o rapaz. Ele não quis se identificar: diz que está amedrontado pelas ameaças que vem sofrendo em redes sociais.Edgar Júnior, assim como o integrante que representou o personagem, também tem sofrido ameaças nas redes sociais.""Sofri alguns insultos em redes sociais, de pessoas que desejam doença e câncer para mim"", afirma Edgar Júnior. Ele diz que as ameaças partem de pessoas que não entenderam a proposta do desfile, que encena uma luta entre o diabo e Jesus.""Sou fiel, sou cristão. Nossa intenção não era ter esse tipo de repercussão. Foi uma reflexão para que as pessoas pensassem em tudo que Jesus sofreu. O público geral entendeu a proposta"", conta.O coreógrafo diz ainda que agressores têm ido ao seu perfil para ameaçar o rapaz. ""Dizem: coloca ele aqui pra gente dar um fim nele.""Católico, o homem que fez o papel de diabo durante o desfile diz que existe dentro do enredo da escola uma batalha entre o bem e o mal e no final o bem sempre vence.""Foi essa a mensagem que passamos e a maioria entendeu e gostou. O que está acontecendo é que um grupo de pessoas pegou uma imagem e contextualizou para o lado negativo. Estão julgando por uma única imagem.""Ele diz ter ficado assustado com a agressividade das ameaças. ""Tem pessoas falando de fato que o ator deveria morrer. Chegaram a pedir para outras pessoas darem o meu nome"", afirma. ""Sou uma pessoa normal, trabalho, tenho família, não estou acostumado com esse tipo de repercussão.""Vídeo: Veja como identificar uma mensagem falsa "	1
58	O presidente Jair Bolsonaro (PSL) não é dono da casa onde morava o ex-policial militar Ronnie Lessa, preso nesta terça-feira (12) por suspeita de envolvimento no assassinato da vereadora Marielle Franco (PSOL-RJ). Os dois são vizinhos no condomínio Vivendas da Barra, na Barra da Tijuca, mas o ex-PM residia no número 65/66 e os imóveis do presidente ficam nos números 36 e 56.	"Suspeito de matar Marielle não morava em uma das casas de BolsonaroSuspeito de matar Marielle não morava em uma das casas de BolsonaroTwitterFacebookE-mailWhatsAppSuspeito de matar Marielle não morava em uma das casas de BolsonaroPor Luiz Fernando Menezes 13 de março de 2019, 15h05TwitterFacebookEmailWhatsAppO presidente Jair Bolsonaro (PSL) não é dono da casa onde morava o ex-policial militar Ronnie Lessa, preso nesta terça-feira (12) por suspeita de envolvimento no assassinato da vereadora Marielle Franco (PSOL-RJ). Os dois são vizinhos no condomínio Vivendas da Barra, na Barra da Tijuca, mas o ex-PM residia no número 65/66 e os imóveis do presidente ficam nos números 36 e 56.A desinformação ganhou força no WhatsApp nesta quarta-feira (13) e foi denunciada ao Aos Fatos por dezenas de leitores no aplicativo de mensagens (veja como participar). Publicações semelhantes identificadas no Facebook foram marcadas com o selo FALSO na ferramenta de verificação da rede social (entenda como funciona).FALSOAgora fedeu de vez pro JAIR!!! Acredite se puder, ou melhor, não acredite, confira: a cada onde mora o MATADOR de Marielle e Anderson pertence ao PRESIDENTE BOLSONARO. Está na declaração de bens dele ao TSE.Por mais que Ronnie Lessa realmente tenha morado no mesmo condomínio de Jair Bolsonaro, o Vivendas da Barra, não é verdade que ele resida em uma das duas casas que pertencem ao presidente no local.Segundo a última declaração de bens disponível no site do TSE (Tribunal Superior Eleitoral), Bolsonaro tem dois imóveis no condomínio: a casa número 36, avaliada em R$ 603 mil, e a casa número 56, no valor de R$ 400 mil. Lessa, no entanto, mora, há três anos, no número 65/66 do condomínio.Para o MP-RJ (Ministério Público do Rio de Janeiro), a proximidade das residências do ex-PM e do presidente Bolsonaro é, até o momento, uma coincidência: ""Absolutamente, não há nenhum fato que diga que tem alguma vinculação. Muito pelo contrário, não temos controle dos nossos vizinhos. Até esse momento, o fato foi coincidência"", disse Simone Sibílio, coordenadora do Grupo de Atuação Especial no Combate ao Crime Organizado (Gaeco) do MP-RJ.Em um café da manhã com jornalistas na manhã desta quarta-feira (13), o presidente Jair Bolsonaro disse não se lembrar de Lessa e afirmou não ter nenhuma ligação com o suspeito.TwitterFacebookEmailWhatsAppLeia tambémCinco fatos sobre migraçãoNão é verdade que Moro afastou promotor do caso Queiroz e delegado que investiga morte de MarielleHomem em foto com Flávio Bolsonaro é assessor do senador, não acusado de matar Marielle]"	1
59	Dona de empresa de Curitiba que deu notas fiscais de reforma falsa no triplex é filiada ao PSDB	" #Verificamos: Sócios da Tallento Construtora, que emitiu nota de reforma sobre o triplex do Guarujá, não são filiados ao PSDBNotícia que teve mais de 915 mil interações no Facebook confunde organizações homônimas: uma de São Paulo e outra do ParanáDesde abril, circula na internet a informação de que a dona da ""Tallento Construtora"", empresa que teria emitido nota fiscal referente a reformas feitas no triplex do Guarujá, atribuído ao ex-presidente Luiz Inácio Lula da Silva, seria filiada ao PSDB. De acordo com a ""notícia"", Maria Clara Baumgart Gonçalves seria membro do partido na cidade paranaense de Realeza. Por meio do projeto de verificação de notícias, usuários do Facebook solicitaram que a informação sobre os proprietários da ""Tallento Construtora"" fosse verificada. Confira a seguir a análise da Lupa:""Dona de empresa de Curitiba que deu notas fiscais de reforma falsa no triplex é filiada ao PSDB""Texto publicado pelos sites Plantão Brasil, Contraponto e Leftist Brasil, que já somavam 915 mil interações no Facebook até as 12h do dia 3 de julho de 2018FALSO Não há nenhuma empresa chamada ""Tallento Construtora"" com sede em Curitiba, como afirmam as postagens. Em todo estado do Paraná, há quatro empresas com a palavra ""Tallento"" no nome. Apenas uma delas é ligada à construção. Essa empresa é sediada em Realeza, município no interior do estado.Os textos analisados pela Lupa confundem esta empresa com uma companhia homônima, sediada em São Paulo. Apesar do nome similar, as duas não têm qualquer relação societária entre si nem compartilham sócios. Entenda:A empresa paulistana é a Tallento Construtora. Ela realmente emitiu notas fiscais referentes a obras no apartamento 164-A do Edifício Solaris, atribuído a Lula pelo Ministério Público Federal (MPF). Seu CNPJ é 09.053.122/0001-10 e, em 3 de julho de 2018, nenhum de seus sócios (incluindo a Tallento Participações) constava como filiado ao PSDB, na lista disponibilizada pelo Tribunal Superior Eleitoral. Já a Tallento Construtora de Obras, com sede em Realeza, tem o CNPJ 04.379.027/0001-98 e dois proprietários. Uma delas é, de fato, filiada ao PSDB do Paraná desde 1991. Mas esta empresa não emitiu qualquer nota fiscal relacionada ao triplex do Guarucjá. *Nota: esta checagem não avaliou a realização da reforma do triplex. Esta reportagem faz parte do projeto de verificação de notícias no Facebook.*Dúvidas sobre o projeto? Entre em contato direto com o Facebook.Editado por: Leandro Resende, Cristina Tardáguila e Clara Becker"	1
60	O Brasil saiu da recessão que persistia desde 2015 em 2017.	"Mensagem de Temer ao Congresso distorce dados sobre economia, ambiente e Bolsa FamíliaMensagem de Temer ao Congresso distorce dados sobre economia, ambiente e Bolsa FamíliaTwitterFacebookE-mailWhatsAppMensagem de Temer ao Congresso distorce dados sobre economia, ambiente e Bolsa FamíliaPor Ana Rita Cunha e Luiz Fernando Menezes 8 de fevereiro de 2018, 17h00TwitterFacebookEmailWhatsAppO presidente Michel Temer não participou da sessão de abertura do ano legislativo, mas enviou uma mensagem ao Congresso lida pelo deputado Fernando Lúcio Giacobo (PR-PR). Na mensagem, o presidente citou dados econômicos sem contexto e usou informações erradas ao comentar o balanço das ações do governo.Em parceria com o UOL, Aos Fatos checou a mensagem presidencial. Veja abaixo o resultado.IMPRECISOSuperamos a crise.Conforme números oficiais, o Brasil saiu da recessão que persistia desde 2015 em 2017. No entanto, os indicadores ainda apontam incertezas sobre o vigor da recuperação. O PIB (Produto Interno Bruto) acumula alta de 0,6% até o terceiro trimestre de 2017, em relação ao mesmo período de 2016. A alta é puxada pelo setor agropecuário, que cresceu 14,5%, de janeiro a setembro ante mesmo período do ano passado. A indústria e o setor de serviços, em sentido contrário, registraram queda de 0,9% e de 0,2%, respectivamente, na mesma base de comparação.O IBC-Br (Índice de Atividade Econômica do Banco Central), índice calculado e usado pelo Banco Central para antecipar a tendência PIB, apontou uma alta de 1,06% de janeiro a novembro em 2017, ante mesmo período de 2016. O indicador, no entanto, não apresenta o resultado por setor.Outro fator que causa insegurança e dá nuance ao cenário econômico é que, embora os resultados do PIB nos últimos três trimestres sejam positivos, a sequência é de queda: 1,3% no primeiro trimestre, 0,7% no segundo trimestre e 0,1% no terceiro trimestre. Os números do quarto trimestre ainda não foram divulgados.VERDADEIROA inflação, que chegara à casa de 10%, caiu para menos de 3%.A inflação medida pelo índice oficial, o IPCA (Índice Nacional de Preços ao Consumidor Amplo), acumulou alta de 2,95%, ou seja, abaixo de 3%, conforme a mensagem presidencial. O resultado de 2017 ficou abaixo dos 6,29% registrados em 2016 e atingiu a menor inflação anual acumulada desde 1998, quando o índice foi de 1,65%. Em 2015, a inflação chegou a 10,67%.De acordo com os especialistas ouvidos pelo Banco Central na elaboração do último boletim Focus, o IPCA deve ter uma leve aceleração em 2018, passando para 3,94%.IMPRECISOO desemprego, que atingiu níveis alarmantes, começou a ceder.Conforme a Pnad (Pesquisa Nacional por Amostra de Domicílios), do IBGE, o número de desempregados entre agosto e outubro de 2017 chegou a aproximadamente 12,7 milhões de pessoas desocupadas no Brasil, uma queda de 4,4% em relação ao trimestre anterior. Na comparação anual, no entanto, o número de desempregados subiu 5,8%. Não fica claro a que período de tempo Temer se refere. A comparação anual é, muitas vezes, considerada mais adequada por refletir fatores sazonais.Além disso, em 2017, houve uma redução acumulada de 20.832 postos de trabalho, segundo dados do Ministério do Trabalho. O resultado representa um fechamento menos intenso de vagas do que registrado nos anos anteriores, mas não repete o saldo positivo apresentado de 2002 a 2014.IMPRECISOA indústria voltou a crescer.O indicador calculado pelo IBGE para medir a produção industrial mostrou um crescimento de 2,5%, em 2017, na comparação com o ano anterior. Essa é a primeira alta do indicador desde 2013. Apesar da alta, o resultado do PIB industrial ainda acumula queda até o terceiro trimestre, como demonstrado anteriormente nesta reportagem.IMPRECISOEm 2017, zeramos, pela primeira vez, a fila do Bolsa Família.O Palácio do Planalto afirma que zerou seis vezes a fila do Bolsa Família em 2017. No entanto, nas bases de dados federais, não existe série histórica sobre a fila do Bolsa Família - apenas sobre a quantidade de famílias assistidas pelo programa. No material divulgado à imprensa, a situação do fim da fila em janeiro de 2017, por exemplo, não é comparada com outros momentos do programa pelo Ministério do Desenvolvimento Social. Em janeiro de 2018, 14 milhões de famílias estavam cadastradas no programa.A questão, entretanto, transcende filas zeradas. O programa funciona com base em um mecanismo chamado busca ativa: o governo está sempre em busca pessoas em situação de extrema pobreza que não procuram de maneira autônoma se inscrever para receber o benefício, seja por conta de ausência de documentação civil, por migrações constantes, residência em territórios conflagrados, pertencimento a populações tradicionais de áreas isoladas ou mesmo por desconhecimento de seus direitos.Desse modo, a quantidade de famílias da fila de espera do Bolsa Família nunca é estável. Ao longo de 2017, por exemplo, aumentou e diminuiu conforme as variações na demanda pelos benefícios e no volume de cancelamento de beneficiários após detecção de fraudes. Por isso, foi possível zerar a fila todas as seis vezes divulgadas. Isso não significa que o governo abrigou sob o guarda-chuva do Bolsa Família todas as famílias abaixo da linha da pobreza.FALSO Antes, já aumentáramos o valor do benefício, depois de dois anos sem qualquer reajuste.O último reajuste de fato do governo Dilma ocorreu em maio de 2014, quando o Planalto autorizou aumento de 10% no valor do benefício. Durante a campanha pela reeleição, ela chegou a prometer que, em janeiro de 2015, concederia novo aumento ao programa, mas isso não ocorreu.Já sob pressão do processo de impeachment, Dilma anunciou no 1º de maio de 2016 reajuste de 9% no Bolsa Família. Em 6 de maio de 2016, o decreto nº 8.747 foi publicado no Diário Oficial da União. Segundo o texto, os beneficiários do programa passariam a receber os valores de R$ 164 e R$ 82 para famílias em situação de pobreza e extrema pobreza, respectivamente, respeitando tetos e variáveis per capita.Porém, depois de assumir a Presidência interinamente, Temer sustou o decreto. O Diário Oficial da União registrou, em 30 de junho de 2016, o cancelamento do reajuste proposto por Dilma.Um dia antes, porém, o peemedebista anunciara aumento de 12,5% no Bolsa Família. Os novos valores eram de R$ 170 e R$ 85 para famílias em situação de pobreza e de extrema pobreza e entrou em vigor de 1º de julho de 2016.Em novembro de 2017, o ministro Osmar Terra (Desenvolvimento Social) afirmou que o governo pretende reajustar novamente o benefício no primeiro semestre deste ano.EXAGERADO O desmatamento na Amazônia, que vinha crescendo desde 2012, voltou a cair.De acordo com o Prodes, projeto que realiza o monitoramento da Amazônia Legal desde 1988, o desmatamento de fato caiu 16% nos últimos dois anos: no ano passado é estimado que foram desmatados 6.600 km² de floresta, enquanto em 2016 a Amazônia perdeu 7.900 km².Vale ressaltar que, durante esse período, quase todos os estados apresentaram queda no desmatamento da Amazônia. Tocantins (-55%), Roraima (-43%) e Acre (-34%) apresentaram as maiores quedas. Houve aumento apenas no estado do Amapá, que subiu 82%.O que Temer não menciona em sua mensagem presidencial é que esses valores são superiores àquele registrado no último ano do governo Dilma Rousseff. Em 2015, foram desmatados 6.200 km². Isso significa que de 2015 a 2016 houve um aumento de 27% de área cortada.Também é errado dizer que o desmatamento vinha crescendo desde 2012, sendo que em 2014 houve uma queda de 18% (de 5.900 km² em 2013 para 5.000 km² em 2014).VERDADEIRO Nas Nações Unidas, tive a honra de ser o primeiro signatário de tratado global que proíbe o uso de armas nucleares.Temer se refere ao Tratado para Proibição de Armas Nucleares, que foi aprovado no dia 20 de setembro do ano passado e que proíbe que os países assinantes desenvolvam, testem, produzam, adquiram, tenham ou estoquem armas nucleares ou qualquer outro dispositivo nuclear explosivo. O presidente Michel Temer foi o primeiro a assinar o texto e depois foi seguido por mais 50 países.Além disso, o Brasil foi um dos países responsáveis por negociar o tratado no fim de 2016, junto com a África do Sul, Áustria, Irlanda, México e Nigéria. Naquela época, o texto foi aprovado por 122 países. Uma das principais críticas ao tratado é que nenhum dos países que possuem armas nucleares - Estados Unidos, Rússia, Reino Unido, China, França, Índia, Paquistão, Coreia do Norte e Israel - participou das negociações.Os Estados Unidos, por exemplo, argumentam que o acordo esquece do atual panorama norte coreano. Já a França se recusa a aceitar o acordo porque ele apenas ""enfraquece o Tratado de Não-Proliferação Nuclear (TNP)"", aprovado em 1970, e que permite que os continuem possuindo bombas atômicas, mas, paralelamente, proíbe os outros países de fabricar ou possuir armas nucleares.Do outro lado, Temer, que fez o discurso chamando outros países para a assinatura do Tratado, disse que ""os recentes testes nucleares e missilísticos na Península Coreana constituem grave ameaça, à qual nenhum de nós pode estar indiferente. O Brasil condena, com toda a veemência, esses atos. É urgente definir encaminhamento pacífico para situação cujas consequências são imponderáveis"".IMPRECISO Aumentamos o número de médicos...O CFM (Conselho Federal de Medicina) calcula o número total de médicos no Brasil e em cada estado continuamente. No mês de maio de 2016, início do governo Temer, existiam 420.755 médicos em atividade no país. Já no começo de 2017, o número tinha aumentado para 434.787. Hoje, o CFM estima que haja 453.075 médicos no Brasil, ou seja, desde o começo do governo, houve um aumento de 7,6%.O que Temer não disse em seu balanço é que, em novembro passado, o governo anunciou o congelamento por cinco anos da abertura de novos cursos de medicina no Brasil. Trata-se de uma guinada em relação à lei nº 12.871 de 2013, que criou o programa Mais Médicos. O objetivo dessa lei era facilitar a abertura de novas escolas de medicina a fim de diminuir a carência de profissionais em regiões desassistidas do país.A previsão era que o governo publicasse em dezembro o decreto da moratória, mas isso não aconteceu.De acordo com reportagem da BBC Brasil, o Brasil tem hoje 291 cursos de medicina, sendo que 30% deles foram abertos a partir de 2013, já sob a nova legislação. Com os cursos recém-abertos, o Brasil saltou de um patamar de 17.267 novos médicos formados em 2012 para um potencial de formar 29.996 profissionais por ano. Esse crescimento, segundo entidades médicas como o CFM, não é um crescimento sustentável.Já o programa Mais Médicos abriga desde 2015 18.240 médicos no país.IMPRECISO ... [aumentamos o número] de equipes de saúde da família...Segundo o DAB (Departamento de Atenção Básica) do Ministério da Saúde, em maio de 2016, o Brasil possuía 40.349 equipes de saúde familiar implantadas. Em dezembro de 2017, o número subiu para 42.119 equipes, um aumento de 4,3%. Porém, há um detalhe que Temer não menciona: a cobertura da Estratégia para a Saúde da Família diminuiu. O número de municípios com esse tipo de equipes foi de 5.476 para 5.467 no mesmo período.VERDADEIRO ""... aumentamos a quantidade de UPAs.""Segundo a assessoria de imprensa do Ministério da Saúde, contatada por Aos Fatos via e-mail, no começo da gestão Temer - maio de 2016 -, havia 451 UPAs (Unidades de Pronto Atendimento) em funcionamento no país. Hoje, o número subiu para 576 UPAs, um aumento de 27,7% .Não há, entretanto, base de dados pública atualizada para rechecar os números divulgados pelo ministério. Banco de dados referência de políticas públicas para a saúde, a Sage (Sala de Apoio à Gestão Estratégica) agrega informações sobre UPAs em funcionamento até outubro de 2016. Conforme suas bases, à época havia 506 unidades ativas no país em 384 municípios. Mesmo antigo, a quantidade é maior do que quando a ex-presidente Dilma Rousseff deixou o governo. Dessa forma, a afirmação foi considerada VERDADEIRA.Leia esta reportagem também no UOL. TwitterFacebookEmailWhatsAppLeia tambémCinco fatos sobre migraçãoNão é verdade que Moro afastou promotor do caso Queiroz e delegado que investiga morte de MarielleHomem em foto com Flávio Bolsonaro é assessor do senador, não acusado de matar Marielle]"	1
61	É #FAKE que foto postada pelo chanceler Ernesto Araújo mostra protesto pró-Guaidó na Venezuela.	"""É #FAKE que foto postada pelo chanceler Ernesto Araújo mostra protesto pró-Guaidó na Venezuela""Imagem é de passeata de abril de 2017. Ministro afirma, na postagem, que extraordinário movimento pela redemocratização está se avolumando. Ministro das Relações Exteriores de Jair Bolsonaro, Ernesto Araújo postou em suas redes sociais uma foto de um protesto na Venezuela. No tuíte, o chanceler escreve: ""O extraordinário movimento pela redemocratização da Venezuela está se avolumando sob a presidência de Juan Guaidó"", com a imagem em destaque. É #FAKE.O registro não foi feito em 2019, como sugere o chanceler. A foto, na verdade, foi tirada de um vídeo de outro protesto contra Nicolás Maduro, de abril de 2017, também na Venezuela _ dois anos antes da recondução de Maduro ao poder, depois de contestada reeleição.A postagem de Araújo ainda diz: ""Inconformados, países que apoiam ou toleram Maduro querem criar grupos de contato ou diálogo com seu regime ilegítimo. Isso só serve p/ dar sobrevida à ditadura"".O G1 fez contato com o Ministério das Relações Exteriores e aguarda um posicionamento do chanceler sobre a postagem.Vídeo: Veja como identificar uma mensagem falsa "	1
62	28 milhões pessoas fazem viagens/dia: 30% pedestres, 30% veículos/motocicletas, e 40% entre transportes coletivos.	"Veja o que checamos em tempo real no debate da TV Gazeta em SPVeja o que checamos em tempo real no debate da TV Gazeta em SPTwitterFacebookE-mailWhatsAppVeja o que checamos em tempo real no debate da TV Gazeta em SPPor Bárbara Libório, Sérgio Spagnuolo, Tai Nalon e Juliana Elias 18 de setembro de 2016, 20h26TwitterFacebookEmailWhatsAppEm parceria com o UOL, Aos Fatos checou em tempo real, neste domingo (18), o debate da TV Gazeta, do Estadão e do Twitter com os candidatos à Prefeitura de São Paulo.Tal como fez nos debates da Band e da RedeTV!, a equipe de Aos Fatos apontou, em tempo real, deslizes, imprecisões e acertos cometidos pelos candidatos quando eles afirmarem algum dado relevante e verificável. A apuração se dá por meio de bases públicas, estudos independentes e fatos amplamente noticiados.Veja, aqui e no UOL, o que checamos.FALSOHoje, na cidade de São Paulo, 28 milhões pessoas fazem viagens/dia: 30% pedestres, 30% veículos/motocicletas, e 40% entre transportes coletivos. - Celso Russomanno (PRB)Não há qualquer indicativo factual para essa afirmação, segundo apurou Aos Fatos. A cidade de São Paulo, por exemplo, tem 11,2 milhões de habitantes segundo o IBGE, 2,5 vezes menos do que o candidato disse. E uma pessoa pode fazer mais de uma viagem por dia, já que cada deslocamento é contabilizado a partir da quantidade de vezes que uma catraca é rodada ou o bilhete único é usado nos coletivos municipais e na rede de metrô.Já que não é possível saber de imediato a que fonte o candidato se refere, Aos Fatos se baseou em estudo de mobilidade do Metrô, de 2012, citado no plano de mobilidade da Prefeitura, de 2015 (pág 14.).Ali, Aos Fatos viu que não são 28 milhões de viagens por dia, e sim 26,5 milhões. Ou seja, ainda que o candidato tivesse dito viagens, estaria superestimando o número em 1,5 milhão.EXAGERADOO seu partido [PT, partido de Haddad] destruiu a economia brasileira, promoveu 12 milhões de desempregos, 2,4 milhões só na capital de São Paulo. - João Doria (PSDB)O número de desempregados no país é semelhante ao arredondamento feito por Doria: segundo a divulgação mais recente do IBGE, a taxa de desemprego chegou a 11,6% em julho, o equivalente a 11,8 milhões de brasileiros.Vale ressaltar, no entanto, que seria vago dizer que o governo promoveu 11,8 milhões de desempregados, já que esse número não sai do zero. Há sempre uma parcela da população fora do mercado e procurando emprego, que é o perfil contabilizado como desempregado pelo IBGE.A menor taxa de desemprego já registrada, pela Pnad (Pesquisa Nacional por Amostra de Domicílios Contínua), foi de 6,2% em dezembro de 2013. Naquele momento, eram 6,05 milhões de pessoas sem colocação. O mais preciso seria dizer que, desde então, o número de pessoas desempregadas aumentou em 5,5 milhões.Quanto aos números de São Paulo, a mesma pesquisa fala em 1,493 milhões de desempregados na região metropolitana até junho deste ano, dado mais recente. Considerada apenas a capital, são 713 mil, para uma taxa de desocupação de 10,6%. Em ambos os casos, o número citado por Doria é superestimado. Para todo o Estado de São Paulo, o IBGE informa 2,916 milhões de desempregado.Outra fonte possível a respeito do desemprego em São Paulo é o Dieese (Departamento Intersindical de Estatística e Estudos Econômicos), que, junto à Seade, fundação de pesquisas do governo do Estado, calcula o desemprego local. Em julho, dado mais recente do Dieese, eram 1,953 milhões de pessoas sem emprego, mas considerada toda a região metropolitana de São Paulo. Novamente, portanto, menos do o que o citado pelo candidato, que falou em 2,4 milhões apenas para a capital.VERDADEIROÚnica coisa que eu posso dizer é que eu sou ficha limpa, não tenho acusações. - Marta Suplicy (PMDB)Embora Marta seja, na prática, considerada Ficha Limpa (por isso foi possível se candidatar), ela possui cinco ocorrências na Justiça, de acordo com o site Excelências, da Transparêcia Brasil.Ela foi condenada pelo Tribunal de Justiça de São Paulo em 2010 por improbidade administrativa com dano ao erário relativo a gastos desproporcionais com a divulgação de CEUs pela Prefeitura de São Paulo. O processo de Marta sobre os CEUs consta como ""em grau de recurso"" no site do TJ-SP. Por isso, sua candidatura foi deferida pelo TSE.Também há ocorrências na Justiça pela contratação de construtoras sem licitação. Veja as ocorrências aqui.VERDADEIROHá 410 mil pessoas esperando para fazer exames. - João Doria (PSDB)O candidato João Doria afirmou que há 410 mil pessoas esperando para fazer exames na rede pública de São Paulo e a informação, diferentemente do publicado originalmente por Aos Fatos, é VERDADEIRA.Para checar a informação, em um primeiro momento, o Aos Fatos utilizou uma reportagem do jornal O Estado de S. Paulo de maio deste ano que mostrava, com dados da Secretaria Municipal de Saúde obtidos via Lei de Acesso à Informação, que 347.844 esperavam para realizar um exame na rede. Notícia mais atual do mesmo veículo, no entanto, mostra que em setembro deste ano a fila era de 417.224 pessoas.A assessoria do candidato apontou o erro e Aos Fatos corrigiu o texto e reviu sua avaliação às 16h40 do dia 19 de setembro de 2016.VERDADEIROHá 103 mil crianças fora das creches. - João Doria (PSDB)Segundo dados da Secretaria Municipal de Educação, a demanda por vagas para creches em junho deste ano era de 103.496 crianças.IMPRECISOO orçamento para o esporte neste ano é de R$ 580 milhões. - Major Olímpio (SD)O candidato afirmou que o orçamento deste ano para o setor de esportes é de R$ 580 milhões, mas, segundo o site da Câmara Municipal, o orçamento da Secretaria Municipal de Esportes, Lazer e Recreação em 2016 é de R$ 586 milhões. Quase.IMPRECISOO prefeito tem uma proposta no plano de metas de que entregaria 55 mil unidades habitacionais, está entregando 9 mil. - Major Olímpio (SD)Major Olímpio afirmou que plano de metas de Fernando Haddad previa a entrega de 55 mil unidades habitacionais, mas que apenas 9 mil foram entregues. Segundo o site Planeja Sampa, a meta é correta, mas foram entregues 12.585 unidades habitacionais.IMPRECISOO presidente Michel Temer não encampa essa história de jornada de 12 horas de trabalho. Ele vai propor uma reforma trabalhista que ainda não está aberta à discussão. Quem fez essa proposta foi o ministro do trabalho, do PTB, que é o partido da vice do Russomanno. - Marta Suplicy (PMDB)O ministro do Trabalho é o deputado licenciado Ronaldo Nogueira (PTB-RS), do mesmo partido da candidata à vice-prefeitura pela chapa de Russomanno, Marlene Campos Machado.Em conversa com sindicalistas no último dia 8, o ministro Nogueira informou que a proposta de reforma trabalhista sendo discutida no governo prevê jornadas diárias de trabalho que podem chegar até 12 horas ao dia, ante as oito horas previstas atualmente. Aos Fatos chegou a checar essa controvérsia.Devido à polêmica, Temer publicou vídeo explicando a proposta - a jornada de até 12 horas ao dia seria confirmada, mas limitada ao mesmo limite semanal, que é de 44 horas extras, consideradas horas extras.IMPRECISOFiz 410 convênios com as OSs [organizações sociais], que permitiram abrir 98 mil novas vagas de educação infantil. Abrimos 410 novos equipamentos. - Fernando Haddad (PT)Inicialmente, Aos Fatos verificou que, em junho, eram 493.015 crianças matriculadas no ensino infantil da capital, se considerados os alunos em creche (277.899) e pré-escola (215.116) somados. Os dados tomaram por base estudo de demanda mais recente da Secretaria Municipal de Educação.Isso representa 95.664 mais alunos do que em dezembro de 2012, ano em que Haddad se elegeu, quando eram 397.351 alunos nos dois tipos de ensino - 2,4 mil a menos que o candidato cita.No entanto, após rechecar a informação, Aos Fatos verificou que a diferença é um pouco menor e mais próxima ao que o candidato disse: são 494.829 matrículas efetivadas no sistema municipal, com dados de julho. Com isso, Haddad matriculou 97.478 crianças no sistema de educação infantil da Prefeitura. Não há ainda dados para o restante dos meses de 2016.Dessa forma, a afirmação de Haddad ainda fica superestimada em 522 vagas - bem menos que as 2,4 mil acusadas inicialmente pela reportagem. O prefeito, entretanto, ainda arredondou o número, portanto o selo de IMPRECISO permanece.Até agosto, Aos Fatos verificou que foram abertas 394 novas escolas infantis na cidade durante a gestão de Haddad. No debate da Band, conforme publicado em nossa checagem no UOL, a afirmação de Haddad foi considerada exagerada. Agora, o site Planeja Sampa, que acompanha as obras da gestão municipal, também diz que o petista chegou a 410 creches e pré-escolas.EXAGERADONão cometi nenhum crime, fui perseguida politicamente por ter anunciado o fato de não termos autorizado a saída dos ônibus da CMTC [Companhia Municipal de Transporte Coletivo] naquele dia de paralisação para não prejudicar uma frota que já estava deteriorada e bastante reduzida na sua quantidade de ônibus. E tanto é verdade que eu ganhei na Justiça, que a sociedade se mobilizou e conseguiu juntar não R$ 150 mil, mas R$ 300 mil reais que eu paguei aquele dívida. - Luiza Erundina (PSOL)Erundina foi condenada a ressarcir a Prefeitura de São Paulo, em 1989, quando era prefeita, por ter usado recursos do governo para pagar anúncio em jornais em apoio a uma greve nacional. Ou seja, ela não ganhou na Justiça.A decisão foi mantida pelo STF, que entendeu que Erundina desrespeitou o inciso 1 do artigo 37 da Constituição, que diz que ""a publicidade dos atos, programas, obras, serviços e campanhas dos órgãos públicos deverá ter caráter educativo, informativo ou de orientação social, dela não podendo constar nomes, símbolos ou imagens que caracterizem promoção pessoal de autoridades ou servidores públicos"".O parecer do órgão diz que ""a simples leitura do comunicado deixa entrever finalidades diversas da simples informação de cunho orientador ou educativo"".Em agosto, o Ministério Público Eleitoral pediu impugnação da candidatura de Erundina. Sua campanha informou que aguarda a documentação do TJ-SP para regularizar a situação.Esta matéria foi alterada às 22h15 de 19 de setembro de 2016 para corrigir informação relativa à checagem do candidato Fernando Haddad (PT). Inicialmente, o reportagem dizia que usou dados de matrículas de março, mas, na verdade, usou de junho. No entanto, há dados mais recentes, de julho, que agora foram computados.TwitterFacebookEmailWhatsAppLeia tambémCinco fatos sobre migraçãoNão é verdade que Moro afastou promotor do caso Queiroz e delegado que investiga morte de MarielleHomem em foto com Flávio Bolsonaro é assessor do senador, não acusado de matar Marielle]"	1
63	Papa Francisco cancela a Bíblia e propõe novo livro	"Papa Francisco não cancelou Bíblia e propôs novo livroPapa Francisco não cancelou Bíblia e propôs novo livroTwitterFacebookE-mailWhatsAppPapa Francisco não cancelou Bíblia e propôs novo livroPor Luiz Fernando Menezes 25 de abril de 2019, 15h07TwitterFacebookEmailWhatsAppÉ falsa a notícia de que o Papa Francisco teria cancelado a Bíblia por crer que a obra estava ""desatualizada"" para os dias atuais e que a Igreja deveria substituí-la por outro livro. A desinformação surgiu como piada em um site satírico dos EUA em 2018 e logo passou a ser difundida como verdade nas redes sociais. Ao Aos Fatos, o Vaticano negou a veracidade dessas informações.Denunciados por usuários do Facebook, posts com esse conteúdo enganoso já acumulavam, juntos, mais de 9.000 compartilhamentos na manhã desta quinta-feira (25). As publicações foram marcadas por Aos Fatos com o selo FALSO na ferramenta de verificação disponibilizada pela rede social (entenda como funciona).FALSOPapa Francisco cancela a Bíblia e propõe criar um novo livro.Segundo as publicações que circulam nas redes sociais, o Papa Francisco disse que Bíblia era um documento ""desatualizado"" e que a igreja deveria ""reescrever a palavra de Deus"". O texto enganoso sustenta, inclusive, que personalidades do catolicismo já consideravam chamar o novo livro de ""Bíblia 2000"".O Vatican News, veículo oficial do Vaticano, contatado por Aos Fatos, negou: ""sabendo que o Papa Francisco sempre surpreende, atribuem a ele as coisas mais absurdas possíveis. E o pior é que se propaga que nem fogo na palha"".A notícia falsa é reciclada e importada: já aparece nas redes sociais desde abril de 2018, quando foi publicada pelo site satírico americano There is News. O domínio, no entanto, deixa claro em sua página que se trata de um ""site de humor cujo propósito é o entretenimento"".No ano passado, os sites de checagem americanos Snopes e o PolitiFact fizeram verificações sobre o mesmo conteúdo falso.TwitterFacebookEmailWhatsAppLeia tambémÉ falso que inverno de 2019 será o mais frio dos últimos cem anos no BrasilDesenhamos fatos sobre o orçamento das universidades federaisComo os filhos de Bolsonaro usam polêmicas para impulsionar engajamento no Twitter]"	1
64	PF diz que não houve nenhuma ocorrência do gênero. Comitê Internacional da Cruz Vermelha diz que vídeo circula há pelo menos dois anos e que símbolo usado é falso. Vídeo circula em outros países e relaciona dinheiro apreendido a grupos islâmicos. Circula pelas redes sociais mensagens com a informação de que Polícia Federal apreendeu 60 baús de medicamentos cheios de bilhões de dólares. O texto diz que dinheiro do Mais Médicos que vai para Cuba agora volta para financiar uma guerrilha armada do PT e mais de 20 petistas foram presos em flagrante.	"""É #FAKE que PF apreendeu baús de medicamentos da Cruz Vermelha com bilhões de dólares dentro""PF diz que não houve nenhuma ocorrência do gênero. Comitê Internacional da Cruz Vermelha diz que vídeo circula há pelo menos dois anos e que símbolo usado é falso. Vídeo circula em outros países e relaciona dinheiro apreendido a grupos islâmicos. Circula pelas redes sociais mensagens com a informação de que Polícia Federal apreendeu 60 baús de medicamentos cheios de bilhões de dólares. O texto diz que dinheiro do Mais Médicos que vai para Cuba agora volta para financiar uma guerrilha armada do PT e mais de 20 petistas foram presos em flagrante. A mensagem é acompanhada de vídeos e fotos de baús com um emblema da Cruz Vermelha. A mensagem é #FAKE.As mensagens de conteúdo duvidoso que usam essas imagens são recorrentes. O Comitê Internacional da Cruz Vermelha (CICV) informa que desconhece a origem do vídeo e lembra que ele já foi veiculado na internet ao longo dos últimos dois anos.Segundo o Comitê Internacional da Cruz Vermelha, as caixas com dinheiro são identificadas com uma cópia grosseira do emblema da entidade.O Comitê Internacional da Cruz Vermelha esclarece ainda que não tem nada a ver com as transações alegadas pelo vídeo e condena fortemente que seu nome e seu emblema tenham sido usados de maneira indevida.A Polícia Federal, que representa a Interpol no Brasil, informa que não houve qualquer apreensão do gênero.O mesmo vídeo mostra inscrições em árabe nas caixas e foi publicado em outros países acompanhado de legendas que o relacionaram a ""bilhões de dólares"" em dinheiro vivo confiscado de grupos terroristas.Caixas parecidas com as mostradas no vídeo estão em um relatório de especialistas enviado ao Conselho de Segurança da ONU em junho de 2017 sobre grandes quantidades de dinheiro encontradas em Gana. O relatório relaciona o dinheiro à disputa pelo poder na região. "	1
65	Vídeo mostra torcida do Bahia em 2018, não manifestação Lula livre	Vídeo mostra torcida do Bahia em 2018, não manifestação Lula livreVídeo mostra torcida do Bahia em 2018, não manifestação Lula livreTwitterFacebookE-mailWhatsAppVídeo mostra torcida do Bahia em 2018, não manifestação Lula livrePor Luiz Fernando Menezes 16 de abril de 2019, 16h13TwitterFacebookEmailWhatsAppUm vídeo que mostra a multidão de torcedores em volta do ônibus do Bahia antes da primeira partida do time na final do Campeonato Baiano do ano passado, na Arena Fonte Nova, em Salvador, tem sido veiculado nas redes sociais como se registrasse uma manifestação recente pela soltura do ex-presidente Luiz Inácio Lula da Silva (PT).A publicação enganosa denunciada por usuários do Facebook foi feita pela página Haddad é PT no dia 12 de abril e acumulava cerca de 3.200 compartilhamentos até a tarde desta terça-feira (16). Essa e todas as outras publicações com conteúdo igual foram marcadas com o selo FALSO na ferramenta de verificação da rede social (entenda como funciona).FALSOPovão (sic) querem LulaNão tem qualquer relação com a campanha Lula livre o vídeo de uma multidão em festa em torno de um ônibus vermelho e azul. O vídeo, na verdade, foi publicado no Instagram pelo perfil oficial do Esporte Clube Bahia em abril de 2018 e mostra a recepção do time pela torcida na chegada à Arena Fonte Nova, em Salvador. Na ocasião, o Bahia enfrentou o Vitória no primeiro jogo da final do Campeonato Baiano do ano passado. O mesmo vídeo também foi publicado no Twitter oficial da equipe.O vídeo, mesmo em baixa resolução, não esconde o logo do time baiano, que pode ser visto na lateral do ônibus. Abaixo, uma comparação entre o vídeo e uma foto do veículo utilizado pelo Bahia:Outro lado. Procurado por Aos Fatos nesta terça-feira (16), a página Haddad é PT não respondeu até a publicação desta checagem.TwitterFacebookEmailWhatsAppLeia tambémÉ falso que inverno de 2019 será o mais frio dos últimos cem anos no BrasilDesenhamos fatos sobre o orçamento das universidades federaisComo os filhos de Bolsonaro usam polêmicas para impulsionar engajamento no Twitter]	1
66	A imagem que circula na internet e que, até as 22h do dia 27 de janeiro de 2019, já tinha sido compartilhada mais de 270 vezes no Facebook é falsa. O registro foi feito pelo fotógrafo Eraldo Peres, para a Associated Press, em fevereiro de 2013, durante o 1º Encontro Nacional do Movimento de Mulheres.	" #Verificamos: Não vem de Brumadinho foto de grávida deitada de lado e coberta por lamaRegistro foi feito em fevereiro de 2013, em Brasília, durante evento de mulheres do campoCirculam na internet a foto de uma mulher grávida deitada de lado na lama e uma legenda que associa a cena ao rompimento da barragem da Vale em Brumadinho (MG), ocorrido na última sexta-feira (25). Por meio do projeto de verificação de notícias, usuários do Facebook solicitaram que esse material fosse analisado. Confira a seguir o trabalho de verificação da Lupa:""Cadê o criminoso desses assassinatos? (...) Misericórdia ao povo de Brumadinho""Imagem que circula na internet e que, até as 22h do dia 27 de janeiro de 2019, já tinha sido compartilhada mais de 270 vezes no FacebookFALSOA imagem analisada pela Lupa não foi feita em Brumadinho (MG) nem data desta semana. O registro foi feito pelo fotógrafo Eraldo Peres, para a Associated Press, em fevereiro de 2013, durante o 1º Encontro Nacional do Movimento de Mulheres Camponesas do Brasil.Segundo o G1, o evento realizado em Brasília reuniu camponesas de 22 estados e, na abertura, contou com um momento em que ""dezenas delas rolaram na lama e cobriram o corpo de barro"".Nota: esta reportagem faz parte do projeto de verificação de notíciasno Facebook. Dúvidas sobre o projeto? Entre em contato direto com o Facebook.Editado por: Maurício Moraes e Natália Leal"	1
67	Bebianno não disse que facada foi armação de Bolsonaro; tweet é montagem	Bebianno não disse que facada foi armação de Bolsonaro; tweet é montagemBebianno não disse que facada foi armação de Bolsonaro; tweet é montagemTwitterFacebookE-mailWhatsAppBebianno não disse que facada foi armação de Bolsonaro; tweet é montagemPor Luiz Fernando Menezes 7 de março de 2019, 13h54TwitterFacebookEmailWhatsAppÉ uma montagem o tweet do G1 que circula nas redes sociais dizendo que o ex-ministro da Secretaria de Governo, Gustavo Bebianno (PSL), declarou que o ataque sofrido por Jair Bolsonaro (PSL) no ano passado teria sido articulado pelo próprio presidente. Além de não haver qualquer tweet parecido na conta oficial do portal das Organizações Globo, Aos Fatos não identificou declaração similar em redes sociais, entrevistas a outros veículos ou pronunciamentos de Bebianno.No Facebook, a montagem já tinha cerca de 7.000 compartilhamentos até a manhã desta quinta-feira (7). As publicações com este conteúdo enganoso foram marcadas por Aos Fatos com o selo FALSO na ferramenta de verificação da rede social (entenda como funciona).FALSOEx-ministro Gustavo Bebianno diz que facada foi articulação do próprio Bolsonaro.O perfil oficial do G1 no Twitter não publicou tweet com a informação contida na montagem e também não há registros de que o portal tenha publicado notícia similar.Aos Fatos também pesquisou por notícias com este conteúdo em outros sites e jornais das Organizações Globo, da qual o G1 faz parte, mas não encontrou nenhuma entrevista de Bebianno com a alegação citada.O link disponibilizado pelo tweet, que também é muito parecido com os que aparecem em publicações originais, é falso. Ao tentar acessá-lo, o usuário é redirecionado para a home do G1.Jair Bolsonaro foi esfaqueado no dia 6 de setembro de 2018 enquanto participava de um evento de campanha eleitoral em Juiz de Fora (MG). O agressor, Adélio Bispo, foi preso pouco tempo depois do ataque. Investigação da PF (Polícia Federal) concluiu que o agressor agiu sozinho. Há hoje um novo inquérito em curso para apurar quem financiou a defesa de Bispo.TwitterFacebookEmailWhatsAppLeia tambémCinco fatos sobre migraçãoNão é verdade que Moro afastou promotor do caso Queiroz e delegado que investiga morte de MarielleHomem em foto com Flávio Bolsonaro é assessor do senador, não acusado de matar Marielle]	1
68	Acompanhe abaixo. IMPRECISOMeu pai [Jai	"Eduardo Bolsonaro dispara contra a esquerda com dados questionáveisEduardo Bolsonaro dispara contra a esquerda com dados questionáveisTwitterFacebookE-mailWhatsAppEduardo Bolsonaro dispara contra a esquerda com dados questionáveisPor Thays Lavor e Tai Nalon 20 de outubro de 2017, 19h20TwitterFacebookEmailWhatsAppO deputado federal Eduardo Bolsonaro (PSC-SP) visitou o Ceará no último dia 2 de outubro, onde participou de duas audiências públicas para debater o projeto Escola Sem Partido. Tanto na Assembleia Legislativa do Ceará quanto na Câmara dos Vereadores do município de Baturité, a 90 km de Fortaleza, o deputado defendeu o projeto e a candidatura à Presidência da República do pai, Jair Bolsonaro (PSC-RJ), assim como citou dados equivocados a respeito da violência na Venezuela e de mortes motivadas pelos regimes nazista e stalinista. Bolsonaro-filho Ainda citou afirmações nunca ditas por Lênin e Marx.Aos Fatos checou as declarações do deputado. Acompanhe abaixo. IMPRECISOMeu pai [Jair Bolsonaro] tem sete mandatos na vida pública e sem nenhuma denúncia de corrupção.O nome de Jair Bolsonaro aparece em uma lista de propinas pagas pela JBS a 28 partidos durante as eleições de 2014. O documento foi apresentado pelo executivo Ricardo Saud ao firmar um acordo de delação premiada no âmbito da Operação Lava Jato. Segundo o delator, o valor pago ao deputado corresponde a R$ 200 mil. Na época, Bolsonaro-pai era filiado ao PP. A doação também consta do site do Tribunal Superior Eleitoral, declarada oficialmente. Até o momento, Jair Bolsonaro não é alvo de inquérito específico.Aos Fatos procurou ao longo desta semana a assessoria de imprensa do deputado federal por telefone e por e-mail, a fim de obter esclarecimentos. Até a última atualização desta reportagem, no entanto, não havia recebido qualquer retorno.Em abril deste ano, Bolsonaro-pai foi condenado a pagar R$ 50 mil por danos morais por declarações consideradas preconceituosas sobre os quilombolas. A ação, movida pelo Ministério Público Federal, foi julgada na 26ª Vara Federal do Rio de Janeiro pela juíza Frana Elizabeth Mendes. Bolsonaro afirmou que vai recorrer da decisão. IMPRECISOPorque que eles acham e você vê deputados apoiando o regime na Venezuela? Por quê? Lá está tendo uma mortalidade muito maior do que aqui. Aqui nós temos quase 30 homicídios para cada grupo de 100 mil habitantes. O tolerável pela ONU são dez. Aqui nós estamos três vezes mais. Lá na Venezuela, Caracas, este número está em 120 homicídios para cada grupo de 100 mil habitantes.O deputado compara números nacionais, do Brasil, com números da capital venezuelana. Isso não é recomendável, já que uma cidade pode apresentar números muito superiores do que a média de um país inteiro - o que de fato ocorre não só na Venezuela, mas também em território brasileiro. Mesmo assim, Aos Fatos foi às bases da Organização Mundial da Saúde e da ONG Seguridad, Justicia e Paz, que apresentam números em nível nacional e por município, respectivamente.O último relatório divulgado pela OMS (Organização Mundial da Saúde), que trata de taxas de violência no mundo no ano de 2015, incluindo caso de homicídios, aponta o Brasil com uma taxa de 30,5 homicídios para cada 100 mil habitantes. Ou seja, a afirmação do deputado, nesse quesito, é correta. A taxa é realmente superior ao que é considerado tolerável pela instituição, que são de 10 homicídios para cada 100 mil habitantes.Entretanto, o documento não trabalha com os índices por municípios - somente países. No continente americano, o Brasil só é menos violento que Colômbia (48,8), Venezuela (51,7), El Salvador (63,2) e Honduras (85,7).No entanto, diferentemente do que o deputado costuma defender, a ONU (Organização das Nações Unidas) diz que um dos principais impulsionadores das taxas de assassinato no mundo é o acesso a armas, com aproximadamente metade de todos os homicídios cometidos com armas de fogo.Já a ONG Seguridad, Justicia y Paz divulga anualmente a lista das 50 cidades mais violentas do mundo. Em 2016, Caracas aparece como a capital mais violenta do mundo, com uma taxa de 130,35 homicídios por 100 mil habitantes - acima dos números divulgados por Bolsonaro. A Venezuela tem outras sete cidades nesse ranking: Maturín (84,21), Ciudad Guayana (82,84) e Valencia (72,02) estão, junto com Caracas, entre as dez mais violentas do mundo.O que o deputado não diz é que o Brasil aparece nesse mesmo ranking com 21 cidades. Natal (RN) aparece é décimo lugar e é a cidade brasileira mais violenta da lista: são 69,56 homicídios para cada 100 mil habitantes.O problema da metodologia dessa lista é que os números de homicídios são coletados ora de fontes oficiais, ora de fontes alternativas, sem um critério claro. Em alguns casos, os dados são o resultado de uma contagem própria da ONG a partir da análise de notas jornalísticas, de modo que esses dados não devem nortear políticas públicas. INSUSTENTÁVELA máxima do Lênin, pai do comunismo: acuse-os do que você faz e xingue-os do que você é.Não há qualquer frase ou pensamento desta natureza atribuída a Lênin na historiografia de referência. Na verdade, o livro They never said it: a Book of Fake Quotes, Misquotes, and Misleading Attributions (na tradução livre ""Eles nunca disseram isso: um livro de citações falsas, incorretas e enganosas""), dos pesquisadores norte-americanos Paul F. Boller Jr. e John George Jr. se dedica a mostrar que essa referência é equivocada.Na página 70, eles lembram da seguinte frase, em tradução livre, falsamente atribuída a Lênin num livro do evangelizador norte-americano Billy James Hargis da década de 1960: ""Destruir os opositores pela calúnia, difamação e chantagem é uma das técnicas do comunismo"". Segundo os pesquisadores, o próprio assistente de Hargis, Julian Williams, afirma que a citação parece ter sido inventada para se adequar ao propósito de criticar o comunismo. ""Lênin não dizia essas coisas de maneira tão direta"", afirmou ao livro. A publicação de Boller Jr. e George Jr. foi encontrada por Aos Fatos graças à pesquisa do site de Otávio Pinto.Aos Fatos também consultou o pós-doutor em ciência política pela Universidade de São Paulo Fábio Gentile. Especialista em regimes totalitários, ele é categórico ao afirmar que esta frase não faz parte de livros básicos de doutrinação marxista ou leninista. ""Não podemos atribuir ao pensamento comunista , pois não tem nada a ver com a sua elaboração doutrinária. Essa frase só faz sentido dentro de um contexto de pensamento político ocidental"".FALSOA tática da esquerda é a de Karl Marx, dividir para conquistar.O ditado é bastante anterior a Karl Marx: originário do latim divide et impera, era parte da filosofia militar romana difundida pelo imperador Júlio César na sua obra De Bello Gallico, sobre as guerras na região da Gália. O auge do império romano data de 27 a.C. até meados dos anos 300 d.C.. A ideia era dividir o povo dominado para governar melhor.Segundo o especialista em regimes totalitários Fábio Gentile, trata-se de uma estratégia antiga, que é retomada pelo pensamento político moderno. Um dos teóricos fundamentais para entender essa filosofia é Maquiavel, que em seu A Arte da Guerra usa a expressão como estratégia política e militar. Em outra de suas obras, O Príncipe, por exemplo, ele sugere que a melhor maneira de obter força é semeando a intriga entre os que governam, com o objetivo de dividi-los.A obra O Federalista, de Alexander Hamilton, John Jay e James Madison, é considerada uma das pedras fundamentais da Constituição americana. Na página 31, os autores também abordam essa máxima: ""Divide et impera deve ser a máxima de toda nação, que tanto nos odeia quanto nos teme"", em tradução livre. A frase é de Alexander Hamilton, o primeiro secretário do Tesouro dos Estados Unidos, a partir de 1789, além de fundador do primeiro banco dos EUA e considerado um dos precursores da filosofia capitalista norte-americana.Ou seja, a tática de dividir para conquistar não é algo fundamentalmente de esquerda. Encontra respaldo em estratégias políticas de vários matizes ideológicos, baseada em premissas como encorajar cisões em movimentos hostis e alianças entre grupos afins e encorajar desgaste e desconfiança.""Não é algo que pertença à bagagem teórica do comunismo marxista, não é uma teoria marxista, não há nenhuma raiz na teoria do comunismo"", explica o também pesquisador da Universidade Federal do Ceará.É possível encontrar na historiografia, entretanto, usos dessa filosofia também pelo regime soviético. Exemplo disso é que as alianças entre bolcheviques, anarquistas, movimentos internacionalistas e socialistas moderados isolaram uma série de movimentos contrarrevolucionários durante a Revolução Russa de 1917 e a Guerra Civil Russa, que antecedeu a fundação da União Soviética em 1922.FALSOHitler é um mero ladrão de docinhos frente a Stalin. É por isso que eu propus um projeto de lei para acabar com o comunismo, que matou dez vezes mais do que o nazismo. Se Hitler matou 6 milhões, Stalin matou mais de 100 milhões de pessoas. É mais do que todos os desastres naturais juntos e pestes que passaram pelo planeta Terra. Você junta tudo isso e não dá um século de comunismo.É difícil chegar a uma conclusão precisa a respeito da quantidade de mortos decorrentes de ambos os regimes devido à dificuldade de delimitar um período de tempo específico, além de ter informação precisa a respeito de mortes por motivações indiretas.Em relação ao regime nazista, se levarmos em conta os militares e os civis alemães e estrangeiros mortos durante a Segunda Guerra Mundial (1939-1945), os números podem chegar a aproximadamente 45 milhões. Essa é a estimativa usada pelo Museu Nacional da Segunda Guerra Mundial, nos Estados Unidos.No entanto, historiadores de várias nacionalidades e idades apontam para divergências que vão de 40 milhões a 70 milhões de mortes, incluindo militares, civis e atrocidades decorrentes da guerra, como fome e devastação. É consenso que se trata do maior conflito armado da história em termos de quantidade de mortos e que Adolf Hitler desencadeou o evento.Porém, se forem consideradas somente as mortes de judeus dentro dos campos de concentração, durante o Holocausto, esse número corresponde a 6 milhões, segundo o historiador judeu-francês Leon Poliakov. Esse número também é aceito e usado pelo Museu Memorial do Holocausto dos Estados Unidos e pelo museu Yad Vashem, em Israel.Com relação ao stalinismo, período em que Josef Stalin governou a União Soviética (1941-1953), as mortes ficam entre 20 e 30 milhões, tomando por base as obras do escritor polonês Moshe Lewin - um dos maiores historiadores do regime soviético, morto em 2010. Porém, esse não é o único número que existe: estimativas são tão imprecisas, que vão de 13 milhões a 60 milhões.O historiador da Universidade Yale, Timothy Snyder, escreveu em 2010 para a New York Review of Books um ensaio entitulado, em tradução livre, ""Hitler versus Stalin: quem matou mais?"" em que afirma: ""Grandes números importam porque eles são um acúmulo de pequenos números, isto é, preciosas vidas individuais"".Segundo ele, alemães mataram mais gente que os soviéticos: a Alemanha nazista vitimou 11 milhões de não-combatentes, dentre eles judeus, ciganos, homossexuais, eslavos e demais minorias; e mais de 12 milhões se forem levadas em conta mortes decorrentes de deportação, fome e execuções. Do lado soviético, o período de Stalin no poder matou algo entre 6 milhões e 9 milhões de pessoas, dentre elas algo como 5 milhões vítimas de fome, massacres em campos de trabalhos forçados e demais matanças associadas a perseguição étnica.Os tais 100 milhões de mortos, entretanto, não encontram respaldo nem na historiografia mais crítica ao regime stalinista. É possível que sua referência se trate da soma e mortes de vários regimes comunistas ao longo do século 20, mas os números são igualmente controversos.Aos Fatos entrou em contato e enviou e-mail para a assessoria do deputado federal Eduardo Bolsonaro para que ele pudesse dar mais detalhes sobre fontes das frases acima checadas, mas até a última atualização deste material nenhum retorno foi dado.TwitterFacebookEmailWhatsAppLeia tambémCinco fatos sobre migraçãoNão é verdade que Moro afastou promotor do caso Queiroz e delegado que investiga morte de MarielleHomem em foto com Flávio Bolsonaro é assessor do senador, não acusado de matar Marielle]"	1
69	Uma aluna foi expulsa de sala por uso de celular, e não por apoiar Bolsonaro.	"Aluna foi expulsa de sala por uso de celular, e não por apoiar BolsonaroAluna foi expulsa de sala por uso de celular, e não por apoiar BolsonaroTwitterFacebookE-mailWhatsAppAluna foi expulsa de sala por uso de celular, e não por apoiar Bolsonaro 20 de agosto de 2018, 15h30TwitterFacebookEmailWhatsAppVídeo que circula no Facebook distorce notícia de 2015 para dizer que uma estudante foi expulsa de sala pelo professor por trajar uma camisa do presidenciável do PSL, Jair Bolsonaro. Na verdade, o motivo da expulsão foi o uso de celular durante a aula. O vídeo foi checado pelo Comprova - coalizão de veículos de imprensa brasileiros do qual Aos Fatos é parceiro institucional (saiba mais). Aos Fatos rechecou o conteúdo.Até o dia 16 de agosto, este vídeo havia sido compartilhado por 34 páginas que reúnem apoiadores do candidato do PSL. Ao todo, a partir de abril, já recebeu 25,3 mil interações no Facebook.Hoje, o vídeo pode ser encontrado em post da página Robin Arruda, que publica com frequência conteúdos em apoio a Bolsonaro, e já acumula mais de 12 mil visualizações. Esta postagem foi marcada como FALSA na ferramenta de verificação do Facebook (entenda como funciona).FALSOMais uma vez alunos sendo humilhados por professores. Foi expulsa por tá usando uma camisa do Bolsonaro.Páginas de apoio a Jair Bolsonaro publicaram um vídeo que mostra, supostamente, uma jovem sendo expulsa da sala de aula por seu professor por usar uma camiseta do candidato do PSL. A informação não é verdadeira.O texto que introduz a postagem da página Robin Arruda afirma que ""mais uma vez, alunos sendo humilhados por professores. Foi expulsa por tá (sic) usando uma camisa do Bolsonaro"". Na realidade, o vídeo não tem qualquer relação com a campanha presidencial ou com Bolsonaro.O vídeo em questão foi gravado no dia 23 de fevereiro de 2015, na Escola Estadual de Ensino Médio Dr. Silva Mello, no bairro Parque da Areia Preta, em Guarapari (ES). O professor, exaltado, pediu que a estudante tirasse ""essa merda daqui"". No mesmo dia, o vídeo foi compartilhado na página do Facebook ""ES em Foco"" e tornou-se um viral no WhatsApp. Em entrevista ao jornal Gazeta Online, à época, a aluna e o professor confirmaram que a confusão foi motivada pelo uso do celular.O caso rendeu a cobertura jornalística de alguns veículos, como Gazeta Online e G1. A versão recentemente viralizada utilizou 37 segundos de uma matéria de um telejornal do Espírito Santo, que contava a história, mas suprimiu a explicação do celular.Até o dia 16 de agosto, editado e com a justificativa falsa, o vídeo havia sido compartilhado por 34 páginas que reúnem apoiadores do presidenciável. Ao todo, a partir de abril, já recebeu recebeu 25,3 mil interações, segundo a contagem pública do Facebook. Nesta segunda-feira (20), Aos Fatos identificou o mesmo conteúdo replicado pela página Robin Arruda, onde, desde 27 de abril, já acumula mais de 12 mil visualizações.Aos Fatos é parceiro institucional do Comprova. Por meio dessa parceria, reproduz gratuitamente o conteúdo gerado pelo consórcio e presta consultoria sem contrapartida sobre tecnologia em checagem de fatos. A iniciativa é uma coalizão de 24 veículos de imprensa cujo objetivo é combater a desinformação durante as eleições presidenciais.TwitterFacebookEmailWhatsAppLeia tambémCinco fatos sobre migraçãoNão é verdade que Moro afastou promotor do caso Queiroz e delegado que investiga morte de MarielleHomem em foto com Flávio Bolsonaro é assessor do senador, não acusado de matar Marielle]"	1
70	O Datafolha não faz pesquisas online.	"""É falso: Datafolha não realiza pesquisa online sobre eleição presidencial  ""Uma mensagem que circula por aplicativos e redes sociais diz apresentar uma nova forma de pesquisa do Datafolha.... Uma mensagem que circula por aplicativos e redes sociais diz apresentar uma nova forma de pesquisa do Datafolha. Segundo o texto, encaminhado com um link falso, o instituto estaria realizando agora uma pesquisa online para saber em quem os eleitores pretendem votar para presidente.""Oi, o Datafolha lançou a nova pesquisa eleitoral de 2º turno para presidente,eu jávotei em quem prefiro que ganhe"", diz a mensagem. ""Faça sua parte aqui! Sua opinião é importante para o Brasil!""Ao clicar no falsolink, suprimido nesta reportagem, o usuário é encaminhado a uma página com o logotipo do Datafolha e espaços para preencher seus dados.FALSO: O Datafolha não faz pesquisas onlineA mensagem é uma fraude. O Datafolha não faz pesquisas online, e o link usado não é do domínio do Grupo Folha, do qual o instituto faz parte.Ao UOL, o Datafolha negou a procedência da mensagem. O instituto informou que não realiza nenhum tipo de pesquisa online, seja por sites, aplicativos de mensagem ou redes sociais. Todas as pesquisas do Datafolha são realizadas presencialmente, nas ruas.Para a última pesquisa da disputa presidencial, divulgada na última quarta-feira (10), por exemplo, o instituto ouviu 3.235 pessoas.Além disso, todas as pesquisas são registradas no TSE (Tribunal Superior Eleitoral), cada uma com a metodologia usada, conforme exige a legislação eleitoral.Por fim, o domínio usado pelo site na corrente não é registrado pelo Grupo Folha e, portanto, não é recomendável que quem receber a mensagem registre seus dados no link apresentado.Para esclarecer dúvidas dos eleitores, o Datafolha tem ainda uma área de perguntas frequentes em seu site, com explicações sobre a metodologia usada em suas pesquisas.Boatos sobre institutos de pesquisaAlém dos candidatos e partidos políticos, os institutos de pesquisa também têm sido alvo de boatos e notícias falsas nesta eleição. O UOL Confere já desmentiu mensagens como a que revelava supostas fraudes nas pesquisas por meio de uma funcionária do Ibope e do Datafolha ou uma outra em que um homem declarava que as pesquisas do instituto não tinhamregistro. "	1
71	Pedro Paulo ainda é inves tigado por agressão.	"Ao contrário do que diz sua vice, Pedro Paulo ainda é investigado por agressãoAo contrário do que diz sua vice, Pedro Paulo ainda é investigado por agressãoTwitterFacebookE-mailWhatsAppAo contrário do que diz sua vice, Pedro Paulo ainda é investigado por agressãoPor Tai Nalon 26 de julho de 2016, 17h49TwitterFacebookEmailWhatsAppVice do candidato à Prefeitura do Rio de Janeiro Pedro Paulo (PMDB)nas eleições deste ano, a deputada estadual Cidinha Campos (PDT) afirmou nesta segunda-feira (25) que as acusações de violência doméstica que recaem sobre seu companheiro de chapa são ""caso resolvido"".Aos Fatos checou a afirmação de Campos. A declaração é FALSA, já que Pedro Paulo ainda responde a inquérito sob suspeita de lesão corporal contra sua ex-mulher, Alexandra Marcondes. A ação está no Supremo Tribunal Federal, sob relatoria do ministro Luiz Fux.Além disso, o laudo da defesa, que, segundo a candidata, daria por concluído o processo, é o principal motivo que levou o processo à instância superior, mesmo depois de a Polícia Federal recomendar seu arquivamento.Veja o que checamos.FALSOEsse é um caso resolvido [o da acusação de violência doméstica de Pedro Paulo]. (...) A população nunca pergunta pelo laudo, ninguém quer saber do laudo. A Justiça vai querer saber do laudo.Uma investigação só está ""resolvida"" quando a ação transita em julgado. Não é o caso. Pedro Paulo Carvalho Teixeira é investigado no inquérito nº 4199 por lesão corporal. O processo se encontra sob a relatoria do ministro Luiz Fux.Em 2010, a ex-mulher de Pedro Paulo, Alexandra Marcondes, registrou denúncia por agressão e passou por um exame de corpo de delito no IML (Instituto Médico Legal)após ter sido empurrada e espancada durante uma briga entre o casal. Os detalhes da agressão constam do laudo que embasa o inquérito, que hoje tramita no STF. No entanto, um outro laudo foi feito, a pedido da defesa do candidato. As informações são conflitantes.Segundo o sistema de acompanhamento processual do STF, a última movimentação ocorreu em 11 de julho deste ano, depois de o procurador-geral da República, Rodrigo Janot, ter pedido à corte que o perito da Polícia Federal Francisco José Alexandre Mourão, que assinou o exame de corpo de delito de Alexandra em 2010, fosse ouvido. Há contradições entre a perícia conduzida por ele e o laudo ao qual Cidinha Campos se refere, produzido pela defesa de Pedro Paulo.Junto à Polícia Federal, o perito contratado Roger Vinicius Ancilotti afirmou que foi Pedro Paulo quem foi agredido durante a briga. A PF não ouvira, na ocasião, o autor do laudo original e pediu o arquivamento da ação. A PGR, entretanto, interferiu.Fux determinou, então, que a juíza substituta Débora Valle de Brito, da 9ª Vara Federal Criminal do Rio de Janeiro, conduzisse o depoimento do perito original. Isso tudo aconteceu entre o início de junho e o início de julho deste ano. Segundo do sistema de acompanhamento processual do STF, o ministro já recebeu as informações da corte fluminense. No início do mês, entretanto, o Supremo entrou em recesso.Outras versões. Depois de a revista Veja mostrar o caso, em 2015, Alexandra gravou um vídeo desmentindo o que ela mesma afirmara na denúncia, em 2010. Ela diz, agora, que ela mesma provocou o ex-marido e, por consequência, as lesões que constam da perícia do IML. ""Eu parti para cima dele? Eu bati no Pedro Paulo? Bati. (...) E ele se defendeu, óbvio. E, nessa coisa de se defender, ele é muito maior do que eu"", disse.No entanto, a revista Veja também publicou, em novembro de 2015, uma reportagem em que afirma que o casal passou por outro episódio de violência, desta vez em 2008. Um boletim de ocorrência resgatado pela publicação relata xingamentos e agressões contra Alexandra. O caso foi abandonado por opção da vítima, segundo consta da matéria. O processo que tramita no STF não leva em consideração esse episódio.Selo. Por conta das pendências relativas ao inquérito que investiga Pedro Paulo no STF terem sido motivadas pelo laudo que, segundo Cidinha Campos, encerra o caso, classificamos sua afirmação com o selo FALSO.TwitterFacebookEmailWhatsAppLeia tambémCinco fatos sobre migraçãoNão é verdade que Moro afastou promotor do caso Queiroz e delegado que investiga morte de MarielleHomem em foto com Flávio Bolsonaro é assessor do senador, não acusado de matar Marielle]"	1
72	7,2 milhões de votos foram anulados pelas urnas no último domingo	"""É #FAKE que 7,2 milhões de votos foram anulados pelas urnas no último domingo""Mensagem também erra ao dizer que faltaram menos de 2 milhões de votos para Bolsonaro vencer no primeiro turno. Uma mensagem que viralizou nas redes sociais afirma que ""7,2 milhões de votos foram anulados pelas urnas"" nas eleições do último domingo (7) e que ""a diferença de votos que levaria à vitória"" do candidato Jair Bolsonaro (PSL) no primeiro turno ""foi de menos de 2 milhões"". O texto, porém, é #FAKE .O total de votos citado na corrente de WhatsApp se refere aos votos nulos registrados no pleito do último domingo para o cargo de presidente, ou seja, aos casos em que o eleitor, no ato da votação, optou por votar nulo. Foram 7,2 milhões, o equivalente a 6,14% do total de votos. Outros 3,1 milhões de eleitores votaram em branco. Os dados são do Tribunal Superior Eleitoral (TSE) e estão disponíveis em seu site.O número de votos nulos registrado no último domingo é maior que o das últimas duas eleições presidenciais, mas está próximo do patamar do primeiro turno de 2014 e de 2010. Há quatro anos, 6,6 milhões de eleitores anularam seus votos, o equivalente a 5,8% do total de votos. Em 2010, foram 6,1 milhões (5,51%).Também é falsa a afirmação de que Bolsonaro venceria no primeiro turno com menos de 2 milhões de votos a mais. Para conquistar 50% dos votos válidos, o candidato precisaria ultrapassar a marca de 53,5 milhões de votos, ou seja, seriam necessários pouco mais de 4,2 milhões de votos a mais do que os 49,27 milhões recebidos pelo candidato do PSL.""TSE informa: 7,2 milhões de votos anulados pelas urnas! A diferença de votos que levaria à vitória de Bolsonaro no primeiro turno foi de menos de 2 milhões.O TSE tem obrigação de esclarecer os motivos que levaram à anulação de mais de 7,2 milhões de votos que representam 6,2% do total. A anulação só pode acontecer em voto de papel, porque permite rasuras ou ambiguidade.Se você enviar para apenas 20 contatos em um minuto, o Brasil inteiro vai desmascarar este Bandido. NÃO quebre essa corrente. Os incautos precisam ser esclarecidos antes que seja tarde demais"" "	1
73	A meta de 100% dos ônibus com ar condicionado era para este ano, mas passou para 2020.	"Saiba o que checamos em tempo real no debate da TV Record no RioSaiba o que checamos em tempo real no debate da TV Record no RioTwitterFacebookE-mailWhatsAppSaiba o que checamos em tempo real no debate da TV Record no RioPor Ana Freitas, Bernardo Moura e Ana Rita Cunha 25 de setembro de 2016, 21h57TwitterFacebookEmailWhatsAppAos Fatos checou em tempo real neste domingo (25) o debate da TV Record entre os candidatos à Prefeitura do Rio de Janeiro. Em parceria com o UOL, a reportagem identificou deslizes em temas como transporte, índice de criminalidade, saúde e seus feitos no passado.Veja, abaixo, o que checamos durante o embate.IMPRECISOA meta de 100% dos ônibus com ar condicionado era para este ano, mas passou para 2020.- Marcelo Freixo (PSOL)Em 2014, a Prefeitura do Rio de Janeiro assinou um acordo com o Ministério Público em que se comprometia a refrigerar 100% da frota de ônibus. Em dezembro de 2015, por meio do decreto 41.190/2015, a prefeitura reduziu unilateralmente a meta de climatização para 70% das viagens, e não da frota.O Ministério Público pediu a suspensão da medida, e a Justiça decidiu que o município deve seguir o acordo estabelecido sob pena de multa de R$ 20 mil para cada ônibus sem ar condicionado.Pedro Paulo, candidato da atual administração, diz que a meta será cumprida até 2020.FALSOO candidato da situação diz que vai fazer 1 trilhão de quilômetros de BRT. - Carlos Osorio (PSDB)O candidato do PSDB à Prefeitura do Rio, Carlos Osorio, errou ao criticar a proposta do seu adversário, Pedro Paulo (PMDB), sobre a ampliação do BRT na cidade.Osorio questionou a viabilidade da prefeitura construir ""1 trilhão de quilômetros de BRT"". No entanto, o programa de governo de Pedro Paulo afirma que o peemedebista pretende construir ""58 km de BRT"".INSUSTENTÁVELQuase a metade das famílias do Rio são chefiadas por mulheres.- Jandira Feghali (PC do B)Não há dados públicos disponíveis a respeito do tema para a cidade do Rio de Janeiro. De acordo com a Síntese de Indicadores Sociais 2014, do IBGE, na Região Metropolitana do Rio 56,4% das famílias são chefiadas por mulheres. No Estado, são 55,6% das famílias nesta situação. Não há dados sobre o município do Rio. A pesquisa utiliza dados da Pnad 2013. A versão 2015 da Síntese de Indicadores traz dados apenas para as regiões do país - sem detalhar Estados, regiões metropolitanas ou municípios.VERDADEIRONos últimos quatro anos, se você comparar os valores aplicados em 2012, 2013, 2014, 2015, você vai ver que mais de 700 milhões foram descontados da saúde. - Marcelo Crivella (PRB)A diferença entre o valor do Orçamento inicial nesse período e do valor liquidado foi de R$ 2,62 bilhões. Foram 17,5 bilhões definido na LOA (Lei Orçamentária Anual) ao longo desse período para a saúde, e R$ 14,8 bilhões executados na área, segundo o relatório de despesas apresentados no Relatório de Gestão Fiscal à Controladoria Geral do Município.VERDADEIROTemos aproximadamente 5.000 moradores em situação de rua. - Pedro Paulo (PMDB)De acordo com censo divulgado pela Secretaria Municipal de Desenvolvimento Social em fevereiro de 2014, são 5.580 moradores de rua na cidade. A pesquisa foi feita em 2013 em 96 pontos da capital.FALSOA passagem de ônibus aumentou, durante o governo do PMDB, do Eduardo Paes, 77%. A inflação foi de 55%. - Marcelo Freixo (PSOL)O candidato do PSOL à Prefeitura do Rio, Marcelo Freixo, erra ao comparar o aumento da passagem de ônibus em relação à inflação durante o governo de Eduardo Paes (PMDB).Freixo afirmou que a passagem de ônibus aumentou 77% nas duas administrações do peemedebista, iniciada em janeiro de 2009. No período, o valor da viagem passou de R$ 2,20 para R$ 3,80, o que representa um aumento de 72%.O dado apresentado por Freixo sobre a inflação também está impreciso. O candidato do PSOL disse que foi de 55%, mas, segundo o Banco Central, o IPCA no Brasil entre janeiro de 2009 e agosto deste ano foi de 63,7%.FALSOO índice de roubo na rua aumentou 41,7%. - Jandira Feghali (PC do B)Anteriormente, Aos Fatos tinha classificado a fala da candidata como IMPRECISA, uma vez que havia uma variação de apenas um ponto percentual. No entanto, a reportagem verificou que Jandira falou 41,7%, que se refere ao índice para todo o Estado do Rio de Janeiro, por isso reclassificou a declaração como FALSA.De acordo com os indicadores do ISP (Instituto de Segurança Pública), de agosto de 2015 ao mesmo mês deste ano, os roubos de rua subiram 43% na capital - passando de 3.614 para 5.173 ocorrências. São três os indicadores que compõem essa estatística: roubo a transeunte, roubo a coletivo e roubo de aparelho celular.FALSOQuando fui ministro da Pesca, eu dobrei a produção de pescado de 1,4 milhão de toneladas para 2,5 milhões. - Marcelo Crivella (PRB)O candidato à Prefeitura do Rio de Janeiro Marcelo Crivella (PRB) afirmou que durante o mandato no Ministério da Pesca (de 2012 a março de 2014) passou a produção de pescado de 1,5 milhão de toneladas para 2,5 milhões de toneladas. Nesse período a produção de pescado no Brasil aumentou, mas não de forma tão expressiva como afirma o candidato.Segundo informações da Organização das Nações Unidas para Agricultura e Alimentação (FAO), o Brasil passou de 1,20 toneladas produzidas em 2011 para 1,33 toneladas em 2014, uma alta de 10,7%. Entre 2011 e 2013, a produção de pescado cresceu 3,5%, atingindo 1,24 toneladas.Segundo o boletim do Ministério da Pesca e da Aquicultura de 2011, a produção de pescado no Brasil foi de 1,43 toneladas. Não existe nenhum dado recente do governo brasileiro sobre a produção a partir de 2012, apenas uma expectativa de produção acima de 2,5 toneladas em 2013, segundo um relatório do mesmo ano.FALSOA gente sabe que a taxa de desemprego oficial, ela é medida somente conforme aqueles que procuram emprego. Aqueles que estão, por exemplo, no Bolsa Família, são considerados empregados pelo governo. - Flávio Bolsonaro (PSC)A metodologia da Pesquisa Mensal de Emprego do Instituto Brasileiro de Geografia e Estatística (IBGE) inclui como população ocupada as pessoas que tinham trabalho na semana anterior à da entrevista, ou s"	1
74	Thiago Macaco não é acusado pela polícia de assassinar Marielle.	Thiago Macaco não é acusado pela polícia de assassinar MarielleThiago Macaco não é acusado pela polícia de assassinar MarielleTwitterFacebookE-mailWhatsAppThiago Macaco não é acusado pela polícia de assassinar MariellePor Luiz Fernando Menezes 2 de abril de 2019, 19h03TwitterFacebookEmailWhatsAppÉ falsa a informação de que Thiago Bruno Mendonça, conhecido como Thiago Macaco, seria o assassino da vereadora Marielle Franco (PSOL-RJ), ao contrário do que sustentam publicações nas redes sociais.A testemunha que citou o nome dele em depoimento à Polícia Federal no ano passado disse depois ter mentido. Thiago foi preso em 2018 por suspeita de matar um assessor do vereador carioca Marcello Siciliano (PHS), não por envolvimento na execução da parlamentar. Até o momento, a Polícia Civil e o Ministério Público do Rio apontam como responsáveis pelo assassinato de Marielle os ex-PMs Ronnie Lessa e Élcio Vieira de Queiroz, presos desde 12 de março.A informação falsa foi publicada por diversos perfis pessoais no Facebook e já acumula mais de 10 mil compartilhamentos. Todos esses posts foram marcados por Aos Fatos com o selo FALSO na ferramenta de verificação disponibilizada pela rede social (entenda como funciona).FALSOMarielle foi morta por Thiago Macaco, negro, de origem pobre e bandido. Onde está o branco racista, policial e homofóbico que a esquerda e a Globo inventaram?Thiago Macaco chegou a ser mencionado por uma testemunha no curso das investigações da morte de Marielle, no ano passado, mas a Polícia Civil do Rio não confirmou que ele estaria envolvido no assassinato da parlamentar. Até o momento, ex-PMs Ronnie Lessa e Élcio Vieira de Queiroz são os dois acusados da execução da vereadora. Ambos estão presos desde 12 de março.Em maio de 2018, o jornal O Globo publicou que uma testemunha relatou a delegados da Polícia Federal que Thiago Macaco teria levantado informações sobre Marielle Franco a mando de Orlando Araújo, ex-PM preso sob acusação de chefiar uma milícia, e do vereador Marcello Siciliano (PHS), que teria encomendado a morte da colega por conta de uma disputa pela regularização de terras em comunidades da zona oeste do Rio de Janeiro.No mês passado, porém, a mesma testemunha admitiu ter mentido no depoimento à PF ao apontar Orlando Araújo e Marcello Siciliano como mandantes. O vereador permanece no rol de suspeitos de ter encomendado a morte em razão de outra denúncia, anônima, feita à DH (Delegacia de Homicídios), que também aponta Ronnie Lessa como um dos executores. Trechos divulgados do depoimento não trazem citações a Thiago Macaco.No ano passado, Thiago chegou a ser preso preventivamente, mas não por conta do caso Marielle. Ele é suspeito do assassinato de Carlos Alexandre Pereira, assessor de Siciliano. É possível conferir essa história completa na listagem organizada por Aos Fatos dos 100 primeiros dias de investigação do assassinato da vereadora.O delegado Giniton Lages, da DH, disse, logo após a prisão Ronnie e Élcio, que a hipótese do envolvimento de Siciliano e Orlando como mandantes do crime ainda não está totalmente descartada. O nome de Thiago Macaco, no entanto, não foi citado.A Agência Lupa também verificou como falsa esta informação.TwitterFacebookEmailWhatsAppLeia tambémÉ falso que inverno de 2019 será o mais frio dos últimos cem anos no BrasilDesenhamos fatos sobre o orçamento das universidades federaisComo os filhos de Bolsonaro usam polêmicas para impulsionar engajamento no Twitter]	1
75	Lulu Santos em carta aberta sobre o Brasil: não podemos admitir	" #Verificamos: Lulu, Miriam, Catra, Sergio Reis e Roger não escreveram carta aberta criticando o BrasilTexto publicado por artista plástico em 2013 vem sendo equivocadamente atribuído a diversas personalidadesCirculam nas redes sociais ""notícias"" de que o cantor Lulu Santos teria publicado uma carta aberta no Jornal Diário de São Paulo dizendo-se arrependido de ter lutado contra a ditadura. ""Deveria ter ficado em casa ao invés de ir às ruas"". Por meio do projeto de verificação de notícias, usuários do Facebook solicitaram que essas informações fossem verificadas. Confira a seguir a análise da Lupa:""Lulu Santos em carta aberta sobre o Brasil: não podemos admitir""Conteúdo de postagens feitas pelos sites Verdade Mundial, Portal do Zacarias, Cidmahtuk e BlogonoffFALSOAs ""notícias"" que tratam da carta atribuída a Lulu Santos informam que o texto supostamente escrito pelo cantor teria sido publicado no jornal Diário de São Paulo, no dia 26 de maio de 2018. Este jornal, no entanto, teve sua última edição no dia 23 de janeiro deste ano. Não houve, portanto, uma edição na data anunciada. Além disso, em sua conta de Twitter, o próprio Lulu Santos publicou uma nota de repúdio, dizendo que o texto em questão é ""absolutamente falso, fake news da pior espécie"". Em uma pesquisa no Google, é possível verificar que a mesma ""carta"" já foi atribuída a pelo menos outras quatro personalidades ao longo dos últimos anos. Em fevereiro de 2014, diversos sites (Barriguda News e Homem Culto, por exemplo) afirmaram que Roger Moreira, cantor do Ultraje a Rigor, teria publicado o desabafo. Assim como Lulu Santos, Roger se valeu de sua conta de Twitter para desmentir o texto. ""Embora eu concorde, esse texto não é meu"", ele tuitou. O Barriguda News corrigiu a informação. Em março de 2016, foi a vez de a jornalista Miriam Leitão publicar esclarecimento em seu blog no jornal O Globo: ""eu nunca me arrependi de ter lutado contra a ditadura. Permanece sendo um orgulho"". Na época, o blog Aveiro123 era um dos que atribuía a ela a falsa carta aberta contra o Brasil. Em 2017, o deputado federal e cantor Sérgio Reis foi o atacado da vez. Pelo menos 13 sites diferentes disseram que a tal carta seria de sua autoria. Entre as páginas que atrelavam seu nome a esse conteúdo estavam: JucuruNet, Toluna, Gobgo, AcontecendoOnline, Paardesafios, ReporterNemSilva, BlogdoVavadaLuz, SergioFroz, Azenka, JosueDuarteNotícias, VicenteAlencar, MaAvieira e IsmaelitaMelo.Depois, a carta passou a ser atribuída a Mr. Catra por páginas como o site DeOlhoNews. Assim como Lulu Santos, o rapper teria publicado o texto no Diário de São Paulo em maio deste ano - mais uma vez, depois de a publicação já ter saído de circulação. No pé da reportagem ainda consta um pedido típico das notícias falsas: ""Se você repassar para somente 2 amigos nas primeiras horas, em 28 horas toda a população brasileira vai tomar conhecimento deste ABSURDO"". A Lupa chegou à carta original - que de fato foi publicada no Diário de São Paulo - e constatou que ela foi escrita pelo pintor artístico Rogério Moreira. O texto saiu impresso no jornal no dia 28 de maio de 2013. Veja a imagem. Ao telefone, Rogério Moreira riu ao ser questionado sobre essa checagem. ""Meu texto já foi atribuído a Deus e o mundo"".Esta checagem contou com a contribuição da equipe do boatos.org, que já havia feito verificação semelhante sobre Lulu, Rogere outros.*Nota: esta reportagem faz parte do projeto de verificação de notícias no Facebook. Dúvidas sobre o projeto? Entre em contato direto com o Facebook.Editado por: Cristina Tardáguila e Chico Marés"	1
76	Falso. Os posts analisados pela Lupa datham de 5 de setembro	" #Verificamos: É falsa foto que mostra pesquisa Ibope em que Haddad lidera com 34%Imagem com quase mil compartilhamentos sugere que petista ultrapassou concorrentes, mas ele aparece em quintoCircula na internet uma imagem que mostra uma tela de computador em que se vê o logotipo da TV Globo e um gráfico de barras mostrando Fernando Haddad, candidato a vice-presidente pelo PT, em primeiro lugar na disputa presidencial, com 34% das intenções de voto. A foto atribui a informação ao Ibope, instituto que vem realizando pesquisas sobre as eleições deste ano. Por meio do projeto de verificação de notícias, usuários do Facebook solicitaram que essa informação fosse analisada. Confira a seguir o trabalho de verificação feito pela Lupa:""34%. Haddad dispara nas pesquisas""Texto que acompanha imagens (aqui, aqui e aqui) que circulam na internet e que já tinham quase mil compartilhamentos no Facebook até as 15h do dia 6 de setembro de 2018FALSOOs posts analisados pela Lupa datam de 5 de setembro de 2018. Nesse dia, o Ibope publicou uma pesquisa de intenção de votos na qual Haddad aparecia na quinta posição, com 6% das intenções de voto.Jair Bolsonaro (PSL) liderava com 22%, Marina Silva (Rede) e Ciro Gomes (PDT) apareciam empatados com 12%. Os três, portanto, estavam à frente de Haddad. Geraldo Alckmin (PSDB) tinha 9%. Alvaro Dias (Podemos) e João Amoêdo (Novo), 3%, e Henrique Meirelles (MDB), 2%. Todos eles estavam tecnicamente empatados com o petista. A margem de erro é de dois pontos percentuais para mais ou para menos.A pesquisa anterior, divulgada pelo Ibope em 20 de agosto, também colocava Haddad em quinto lugar - no cenário em que ele substituía Luiz Inácio Lula da Silva como candidato do PT. Ele tinha 4% das intenções. Nesse levantamento, o petista estava atrás de Bolsonaro (20%), Marina (12%) e Ciro (9%), e tecnicamente empatado com Alckmin (7%) e Dias (3%). Todos os demais candidatos marcavam 1% de intenções de voto.Vale destacar que o logotipo da Globo que aparece nas imagens analisadas pela Lupa é diferente do utilizado na TV.*Nota: esta reportagem faz parte do projeto de verificação de notícias no Facebook. Dúvidas sobre o projeto? Entre em contato direto com o Facebook.Editado por: Clara Becker e Chico Marés"	1
77	Times Square agora há pouco!!! A esquerda toda se coçando de raiva!!! Hehehe!!!	Foto de Bolsonaro e Trump na Times Square é montagemFoto de Bolsonaro e Trump na Times Square é montagemTwitterFacebookE-mailWhatsAppFoto de Bolsonaro e Trump na Times Square é montagemPor Luiz Fernando Menezes 20 de março de 2019, 14h05TwitterFacebookEmailWhatsAppA foto dos presidentes Jair Bolsonaro e Donald Trump em um outdoor na Times Square é uma montagem usando a ferramenta online Photofunia, que cria efeitos em fotos do usuário. A imagem também não retrata Nova York e sim o Central Building, prédio em Hong Kong.A montagem está sendo compartilhada por perfis pessoais e páginas pró-Bolsonaro para demonstrar o sucesso do encontro dos dois líderes. As publicações, juntas, já acumulam cerca de 4.000 compartilhamentos. Todas elas foram marcadas com o selo FALSO na ferramenta de verificação da rede social (entenda como funciona).FALSOVai vendo!!! Times Square agora há pouco!!! A esquerda toda se coçando de raiva!!! Hehehe!!! Vai nessa, Capitão!!!Circula pelas redes sociais uma foto que alega retratar a Times Square na tarde desta terça-feira (19) com um grande outdoor eletrônico com fotos dos presidentes Jair Bolsonaro (PSL) e Donald Trump. Os dois se encontraram na Casa Branca, em Washington.A foto, no entanto, não é real: duas imagens do encontro entre os presidentes foram colocadas em uma ferramenta online chamada Photofunia, que faz, automaticamente, uma inserção de fotos naquele outdoor. Abaixo, você pode conferir a montagem de Bolsonaro e Trump e um dos exemplos apresentados pelo site.Além disso, a foto não mostra a Times Square, famoso cruzamento da cidade de Nova Iorque, mas sim o Central Building de Hong Kong. A imagem original é da empresa POAD Smarter Outdoors, que trabalha com publicidade em Hong Kong, Singapura e Macau.TwitterFacebookEmailWhatsAppLeia tambémCinco fatos sobre migraçãoNão é verdade que Moro afastou promotor do caso Queiroz e delegado que investiga morte de MarielleHomem em foto com Flávio Bolsonaro é assessor do senador, não acusado de matar Marielle]	1
78	É #FAKE que acordar e se levantar rapidamente à noite pode causar acidente vascular cerebral.	"""É #FAKE que acordar e se levantar rapidamente à noite pode causar acidente vascular cerebral""Mensagem que circula nas redes sociais alerta para lei de um minuto e meio. Médicos dizem que risco apontado não existe. A pessoa que acorda de repente para urinar e levanta rapidamente da cama pode sofrer um acidente vascular cerebral se não respeitar a lei de um minuto e meio? #FAKE.Um texto com essa informação circula na internet. Ele recomenda às pessoas que acordam à noite para ir ao banheiro respeitar a lei do um minuto e meio para evitar o risco de morte.O G1 ouviu o diretor de Promoção de Saúde Cardiovascular da Sociedade Brasileira de Cardiologia (SBC), Weimar Sebba Barroso, e o coordenador de Treinamento em Emergências Cardiovasculares da mesma instituição, Sérgio Timerman. Eles afirmam que, embora uma pessoa possa sentir tontura ao se levantar, não existe risco de AVC ou de colocar a vida em risco por causa disso.""Não existe lei do minuto e meio. O que ocorre muitas vezes é que a pessoa deitada por tempo prolongado (não é necessário estar dormindo ou não) pode apresentar uma lipotímia, ou seja, uma queda de pressão que muitas vezes pode ser até fisiológica, mas que nas pessoas mais idosas pode causar tontura. Essa tontura pode causar uma queda da própria altura. Mas não existe isso de um minuto e meio"", afirma Timerman.Barroso também diz que à noite há uma tendência de a pressão arterial ficar um pouco mais baixa, até por ser um momento de repouso. Quando essa pessoa se levanta subitamente, realmente pode haver uma queda de pressão, uma diminuição do fluxo de sangue para o cérebro, e isso pode levar a uma síncope, uma perda súbita de consciência. Neste caso, pode haver uma queda ao solo, mas não há nenhuma associação à ocorrência de um AVC.""Realmente o risco de uma síncope ou uma pré-sincope ao se levantar bruscamente para ir ao banheiro na madrugada existe, principalmente em pessoas mais idosas. É importante esse cuidado de acordar, sentar primeiro, esperar um pouquinho e depois se levantar e se levantar mais lentamente. A gente costuma fazer essa orientação com muita frequência aos nossos pacientes mais idosos"", diz.No entanto, o médico deixa claro que não existe risco de morte súbita. ""O que acontece numa situação como essa é que - e aí é onde não está a verdade - existe uma queda ao solo e a pessoa pode se machucar. Mas quando ela cai (sem se machucar gravemente) há um restabelecimento do fluxo sanguíneo cerebral e ela recupera os sentidos. Isso não aumenta o risco de uma morte súbita ou de acidente vascular cerebral. A verdade está no risco de um desmaio, mas não existe nenhuma verdade na informação de aumento de risco de morte ou de derrame"", afirma.""AVISO MUITO IMPORTANTE PARA SUA SAÚDE Para aqueles que acordam à noite para ir ao banheiro. Deve-se ter cuidado com a lei de um minuto e meio, que é cientificamente comprovado ""ao acordar de repente"" para urinar. Você ja deve ter ouvido que alguém ""estava com boa saúde e morreu de noite aparentemente sem nenhum motivo."" Mas ai é que está o engano, o motivo mais provável é que, quando ele acorda para ir ao banheiro, levanta da cama com muita pressa. Neste momento, o cérebro precisa de fluxo sanguíneo, e dormindo o bombeamento sanguíneo é mais lento nas mudanças cardíacas e é quando ele levanta apressado o cérebro não recebe sangue suficiente, causando desmaio e acidente vascular cerebral. Recomenda-se treinar a lei do minuto e meio que pode salvar sua vida. Quando levantar a noite para urinar, você tem que permanecer acordado, deitado por 30 segundos, e depois se sentar na cama por mais 30 segundos, baixando as pernas em movimentos lentos para fora da cama por 30 segundos. Ai, já pode e fazer seu xixi sem nenhum risco de morrer de acidente súbito vascular cerebral, essas recomendações são válidas para todas as idades. Agora que eu já fiz a minha parte, faça a sua compartilhando com ssus contatos."" "	1
79	É falso que decreto de Bolsonaro extingue Exame da OAB.	"É falso que decreto de Bolsonaro extingue Exame da OABÉ falso que decreto de Bolsonaro extingue Exame da OABTwitterFacebookE-mail<a href=""#"" data-text=*É falso que decreto de Bolsonaro extingue Exame da OAB*https://aosfatos.org/noticias/e-falso-que-decreto-de-bolsonaro-extingue-exame-da-oab/Não é verdade que um decreto assinado pelo presidente Jair Bolsonaro (PSL) extinguiu o Exame da OAB (Ordem dos Advogados do Brasil). A informação falsa foi publicada pelos sites Portal Pauta Judicial e Notícias Brasil Online e reproduzida por vários posts nas redes sociais.O decreto presidencial mencionado apenas organiza e regulamenta funções do Ministério da Economia, entre elas a ""regulação profissional"", que já era uma atribuição do Ministério do Trabalho, hoje incorporado à pasta chefiada por Paulo Guedes. O Exame da Ordem também não poderia ser extinto por uma canetada de Bolsonaro, pois está previsto em lei federal. Ao Aos Fatos, por e-mail, a OAB também rechaçou essa possibilidade.A desinformação acumulava 1.400 compartilhamentos no Facebook até a tarde desta quarta-feira (24). Denunciada por usuários daquela rede social, ela foi marcada com o selo FALSO na ferramenta de verificação (entenda como funciona). A peça de desinformação também foi enviada ao Aos Fatos por leitores no WhatsApp, onde também circula (veja como participar).FALSO_""Bolsonaro autoriza regulamentar decreto que acaba o exame da OAB.""_O texto do site Portal Pauta Judicial, publicado nesta segunda-feira (22), afirma que está ""tudo pronto para pôr fim ao famigerado Exame da Ordem"". Segundo a publicação, o decreto presidencial nº 9.745/2019 determinaria ao Poder Executivo a prerrogativa de regular as profissões do país, restando aos conselhos de classe, como a OAB (Ordem dos Advogados do Bras"	1
80	Roberto Carlos manifesta publicamente seu apoio a Jair Messias Bolsonaro	" #Verificamos: É falso que Roberto Carlos declarou apoio público a BolsonaroPost com essa informação e foto do cantor já teve mais de 73 mil compartilhamentos no FacebookCircula nas redes sociais uma foto do cantor Roberto Carlos acompanhada da informação de que ele teria supostamente dado uma declaração pública em apoio à candidatura de Jair Bolsonaro, candidato do PSL à Presidência da República. Por meio do projeto de verificação de notícias, usuários do Facebook solicitaram que esse material fosse analisada. Confira a seguir o trabalho de verificação da Lupa:""Roberto Carlos manifesta publicamente seu apoio a Jair Messias Bolsonaro"" Texto de postagem com mais de 73 mil compartilhamentos no Facebook às 17h30 do dia 19 de outubro de 2018FALSOAté a tarde desta sexta-feira (19), não havia nenhum registro público de entrevista em que Roberto Carlos tivesse declarado apoio a Bolsonaro, como sugere a postagem. Nos canais oficiais do cantor na internet, também não havia nenhuma menção ao tema. Avesso a entrevistas, em fevereiro deste ano, Roberto Carlos declarou que o trabalho do juiz federal Sérgio Moro, responsável pela Operação Lava Jato em Curitiba, era uma ""coisa maravilhosa"". Ao comentar o cenário eleitoral, no entanto, não declarou voto em ninguém. ""Eu ainda voto, embora não precise votar, e vejo tudo isso com muito otimismo, as coisas sendo resolvidas. O trabalho do (juiz federal) Sérgio Moro e de todas as instituições é uma coisa maravilhosa, que nos consola, que nos anima. Ele merece todo o nosso apoio, carinho e aplauso"", declarou o cantor. Depois dessa declaração, não há registro de nenhuma outra fala pública de Roberto Carlos sobre política. Nenhuma de apoio a Bolsonaro ou a qualquer outro candidato. Verificação semelhante foi feita pelo site Boatos.org. *Nota: esta reportagem faz parte do projeto de verificação de notícias no Facebook. Dúvidas sobre o projeto? Entre em contato direto com o Facebook.Editado por: Cristina Tardáguila e Clara Becker"	1
81	"Jair Bolsonaro passou à reserva do Exército brasileiro em 22 de dezembro de 1988, quando, de fato, tinha 33 anos de idade. Mas é falsa a informação de que apresentou um atestado de insanidade mental, como ""infor"	" #Verificamos: É falso que Bolsonaro se aposentou do Exército com atestado de insanidade mentalPresidente eleito passou à reserva depois de ser eleito vereador pelo Rio de JaneiroCircula nas redes sociais a ""informação"" de que o presidente eleito, Jair Bolsonaro (PSL), teria se aposentado do Exército aos 33 anos de idade, usando um ""atestado de insanidade mental"". Por meio do projeto de verificação de notícias, usuários do Facebook solicitaram que esse material fosse analisado. Confira a seguir o trabalho de verificação da Lupa:""Só lembrando que Bozo se aposentou aos 33 usando atestado de insanidade mental no Exército""Frase que está na imagem (aqui e aqui) que circula na internet e até as 17h do dia 21 de novembro de 2018 já tinha sido compartilhada 24 mil vezes no FacebookFALSOJair Bolsonaro passou à reserva do Exército brasileiro em 22 de dezembro de 1988, quando, de fato, tinha 33 anos de idade. Mas é falsa a informação de que apresentou um atestado de insanidade mental, como ""informa"" a imagem analisada pela Lupa. A transferência de Bolsonaro se deu de maneira automática, quando o então capitão foi eleito vereador do Rio de Janeiro pelo Partido Democrata Cristão. De acordo com o Estatuto Militar<span style=""font-weight: 400;"	1
82	Um ano depois, como estão 10 promessas de Doria ao assumir a Prefeitura de SP	"As dez mais lidas no Aos Fatos em 2017As dez mais lidas no Aos Fatos em 2017TwitterFacebookE-mailWhatsAppAs dez mais lidas no Aos Fatos em 2017 28 de dezembro de 2017, 15h00TwitterFacebookEmailWhatsAppO prefeito João Doria (PSDB-SP), a família Bolsonaro e o ex-presidente Luiz Inácio Lula da Silva (PT-SP) foram os protagonistas do ano de 2017 para os leitores do Aos Fatos. Eles foram alvo das checagens que mais repercutiram ao longo do ano, com recorde de acesso e engajamento nas redes.Neste fim de ano, nossa equipe ranqueou nossas dez reportagens mais lidas em 2017. Veja abaixo o resultado. Clique no título para ler a íntegra da checagem.1Um ano depois, como estão 10 promessas de Doria ao assumir a Prefeitura de SPA reportagem foi publicada em 22 de dezembro. Aos Fatos checou dez das promessas feitas pelo prefeito paulistano para sua gestão e verificou seus andamentos. Algumas foram cumpridas. Outras, no entanto, estão longe da meta final. Dentre os maiores desafios de Doria estão a fila das creches públicas, a melhoria do transporte público e a construção de piscinões e reservatórios de água.2Eduardo Bolsonaro dispara contra a esquerda com dados questionáveisA reportagem foi publicada em 20 de outubro e narra como o deputado Eduardo Bolsonaro (PSC-SP) defendeu o projeto e a candidatura à Presidência da República do pai, Jair Bolsonaro (PSC-RJ), numa visita ao Ceará. Ele citou dados equivocados a respeito da violência na Venezuela e de mortes motivadas pelos regimes nazista e stalinista. Bolsonaro-filho ainda citou afirmações nunca ditas por Lênin e Marx.3Lula usa Twitter para amplificar versões erradas sobre leis anticorrupção e Lava JatoA pedido de leitora no Twitter, Aos Fatos selecionou três declarações de Lula nessa rede social e verificou que elas eram exageradas ou precisavam de contexto. A reportagem foi publicada em 29 de novembro.4Panfleto contra a reforma da Previdência apresenta informações incorretasEm meio à primeira mobilização nacional contra a reforma da Previdência proposta pelo governo Michel Temer, um panfleto apócrifo comparava idades mínimas e tempo de contribuição para ter acesso à aposentadoria, sem especificar a que classe de trabalhadores se referia. Aos Fatos checou os dados informados na imagem e verificou se tratar de um panfleto sobre aposentadoria de policiais. A informação, do jeito que vem sendo compartilhada, entretanto, é FALSA. A reportagem foi publicada em 15 de março.5Checamos a entrevista de Lula a jornais e blogueirosEm 20 de dezembro, o ex-presidente Luiz Inácio Lula da Silva concedeu entrevista a blogueiros e à imprensa tradicional. Na ocasião, falou das condições econômicas de quando foi eleito presidente pela primeira vez; de seu antecessor, Fernando Henrique Cardoso; reforma tributária; e política de verba publiciatária oficial e comunicação.Aos Fatos foi a algumas de suas declarações e verificou que Lula cita dados equivocados sobre o histórico de seu governo, mas também acerta quando fala em sua derrota ao propor duas reformas tributárias durante seus mandatos.6Dado sobre falsas denúncias de estupro não tem amparo oficial A reportagem é de 19 de abril. Aos Fatos checou a informação em que se baseia o argumento principal para uma proposta que pretende criminalizar quem presta uma falsa acusação de estupro. Por isso, buscou dados oficiais de registros de abuso sexual tanto no Brasil quanto no exterior. Porém, devido à ausência de estatísticas mais básicas para comprovar ou refutar qualquer afirmação categórica a respeito de falsas acusações de estupro em território nacional, classificou a afirmação como INSUSTENTÁVEL.7O que é fato e o que é ficção sobre a condenação de Lula na Lava JatoEm 13 de julho, Aos Fatos checou declarações feitas pelo PT, pela defesa e pelo próprio Lula a respeito de sua condenação em primeira instância no processo que apurava sua relação com um imóvel tríplex no Guarujá (SP).8Após divulgação de gravações, checamos o novo pronunciamento de TemerEm 20 de maio, o presidente Michel Temer fez um segundo pronunciamento para se defender de acusações feitas pelo diretor da JBS, Joesley Batista, a reboque de acusações de obstrução de Justiça e corrupção. Da mesma forma que Aos Fatos checou sua primeira fala sobre o caso, voltamos a checar as declarações do peemedebista.9Notícia falsa: Proposta na Câmara não prevê aumento do mandato de TemerO site Brasil 247 publicara uma matéria em que afirma que a instalação de uma comissão especial na Câmara dos Deputados abre precedente para o adiamento das eleições de 2018. A afirmação, entretanto, era refutada pelo texto do projeto e pelo autor. A reportagem é de 4 de maio.10Lula ataca, PSOL responde e nós checamos a briga na esquerda""A única coisa que desejo é que eles ganhem alguma coisa, eu quero que eles governem a cidade do Rio de Janeiro. Quando eles governarem a cidade do Rio do Janeiro, metade da frescura deles vai acabar"". Essa foi a frase que o ex-presidente Luiz Inácio Lula da Silva usou, em entrevista ao jornalista José Trajano, para criticar o PSOL. O partido respondeu com uma lista de suas ""13 frescuras"", com a intenção de atacar indiretamente ideias defendidas pelo PT. A reportagem foi publicada em 21 de julho.TwitterFacebookEmailWhatsAppLeia tambémCinco fatos sobre migraçãoNão é verdade que Moro afastou promotor do caso Queiroz e delegado que investiga morte de MarielleHomem em foto com Flávio Bolsonaro é assessor do senador, não acusado de matar Marielle]"	1
83	É #FAKE mensagem que diz que placa do Mercosul vai destinar dinheiro a entidade de Cuba	"""É #FAKE mensagem que diz que placa do Mercosul vai destinar dinheiro a entidade de Cuba""Mensagem que circula em redes sociais apresenta placa com logotipo não previsto pelos órgãos oficiais. Uma mensagem que circula pelas redes sociais afirma que 2% de toda a arrecadação de veículos do Mercosul será destinado a uma entidade chamada Reconstrução Nacional de Cuba. A mensagem é #FAKE.A assessoria do Departamento Nacional de Trânsito (Denatran), do Ministério das Cidades, informa que não existe previsão desse tipo de placa (com a inscrição Renac) na resolução 729, que estabelece sistema de placas de identificação de veículos no padrão Mercosul.O Denatran esclarece ainda que a resolução 729/2018 não faz menção e nenhum tipo de arrecadação, como mencionado na mensagem falsa. Os preços praticados em razão da troca de placas pelo padrão Mercosul são de competência dos orgãos estaduais de trânsito, os Detrans.Aliás, o Ministério das Cidades anunciou recentemente a retirada dos brasões das novas placas de padrão Mercosul.O texto que circula com a mensagem falsa tem erros de ortografia. Troca a palavra ""mexe"" por ""meche"" na primeira linha. Afirma que 2% de toda a arrecadação dos veículos do Mercosul serão destinados para uma suposta entidade internacional do Mercosul, chamada Renac (Reconstrucion Nacional de Cuba).""QUANTO MAIS MECHE MAIS FEDEVocê sabia que 2% de toda arrecadação do veiculo do Mercosul será destinado para a Entidade Internacional do Mercosul a RENAC, você sabe o que é a RENAC ? Não sabe e sabe por que não sabe ? Por que tudo que os Comunistas fazem faz nas sombras e você VOTA e os apoia sem COBRAR ou QUESTIONAR. RENAC é Reconstrucción Nacional de Cuba""Veja a placa #FAKE que circula em redes sociais:VEJA outras checagens feitas pela equipe do FATO ou FAKE "	1
84	Mourão também propõe confisco da poupança	" #Verificamos: general Hamilton Mourão não propôs confisco da poupançaPublicação com título sem relação com o texto tinha 33 mil compartilhamentos na noite deste sábado (06) Circula nas redes sociais a informação de que o general Hamilton Mourão (PRTB), vice na chapa de Jair Bolsonaro (PSL) à Presidência da República, teria sugerido o ""confisco da poupança"". Por meio do projeto de verificação de notícias, usuários do Facebook solicitaram que esse material fosse analisado. Confira a seguir o trabalho de verificação da Lupa:""Mourão também propõe confisco da poupança""Título de postagem feita no Blog da Cidadania, que já tinha mais de 33 mil compartilhamentos até às 20h35 deste sábado (6/10)FALSOO título da postagem não tem relação com seu conteúdo. Não há qualquer menção ao confisco da poupança ao longo do texto, publicado no dia 28 de setembro. Trata-se, na verdade, da cópia integral de uma reportagem publicada pela Folha de S.Paulo no dia 27 de setembro, com o título original ""Mourão propõe renegociar os juros da dívida do governo"" e o subtítulo ""Em palestra, vice de Bolsonaro também criticou o 13° salário e o adicional de férias."" Em evento realizado no Rio Grande do Sul, Mourão classificou dois direitos trabalhistas (o 13° salário e o abono de férias) como ""jabuticabas brasileiras"". No Twitter, Jair Bolsonaro não citou o vice de sua chapa, mas defendeu a permanência do 13° salário: ""Criticá-lo [o 13° salário], além de uma ofensa a quem trabalha, confessa desconhecer a Constituição"".No evento em que supostamente teria defendido o confisco da poupança, Mourão fala do assunto em apenas uma ocasião, ao dizer que ""o brasileiro poupa pouco"". Além da Folha de S.Paulo, outros jornais publicaram notícias sobre o evento e nenhum deles mencionou que Mourão tivesse falado em confisco da poupança (veja aqui e aqui).A Lupa entrou em contato com o Blog da Cidadania sobre essa checagem, mas ainda não obteve retorno. Nota: esta reportagem faz parte do projeto de verificação de notícias no Facebook. Dúvidas sobre o projeto? Entre em contato direto com o Facebook. Editado por: Cristina Tardáguila"	1
85	É #FAKE texto que diz que cédulas de dinheiro carregam bactéria sem cura que come carne humana?	"""É #FAKE texto que diz que cédulas de dinheiro carregam bactéria sem cura que come carne humana""Mensagem tem sido compartilhada no WhatsApp. Supermercado diz que mulher citada na mensagem não existe; especialistas dizem que mensagem não tem fundamento. Uma funcionária de um supermercado foi hospitalizada e terá apenas 21 dias de vida após ter contato com uma bactéria no dinheiro que não tem cura e que ""come"" carne humana? #FAKE.A mensagem diz que a jovem foi internada em um hospital municipal de São Luís, no Maranhão, com hematomas e manchas pelo corpo. A Secretaria Municipal de Saúde de São Luís diz, em nota, que a informação não procede e que nenhum paciente foi atendido na rede municipal de saúde de São Luís sob essas circunstâncias.O texto viral afirma que a paciente, chamada Aline, é uma operadora de caixa de um supermercado de São Luís. O gerente da frente de loja do estabelecimento citado na mensagem, Luiz Fernando dos Santos, afirma que não existe nenhuma funcionária com o nome Aline. ""Na minha escala não existe nenhuma pessoa com esse nome aqui e também não conheço a pessoa da foto. A gente puxou o histórico anterior e essa pessoa não existe"", diz.O conteúdo da mensagem é questionado pela mestre e doutora em microbiologia Rosana Siqueira. Ela diz que as ideias colocadas na mensagem não têm fundamento. E argumenta que, embora dinheiro seja uma superfície supercontaminada, porque tem muitos microorganismos, bactérias, fungos, vírus e parasitas, se houvesse uma bactéria específica outras pessoas teriam sido afetadas.A pesquisadora diz que algumas bactérias podem matar em até menos que 21 dias, mas chama a atenção para o fato de que isso depende de uma série de fatores, entre os quais a combinação do microorganismo letal com a presença de portas de entrada, como feridas, aliada a uma baixa imunidade da pessoa afetada.A mensagem que circula na internet é publicada com a foto de uma mão lesionada. Uma pesquisa no Google revela que essa imagem também é encontrada em outras centenas de posts em todo o mundo que a relacionam com assuntos diversos, que vão desde a bactéria que come carne até mordida de cobra. Esses posts são publicados ao menos desde 2015.A bióloga explica que o termo popularmente conhecido como bactéria comedora de carnes fala, na verdade, de uma infecção, chamada fasciíte necrosante. No entanto, ela frisa que a ação da bactéria que provoca essa infecção, normalmente gradativa e passível de tratamento, não ocorre sozinha.A especialista diz estranhar alguns aspectos da mensagem. Para ela, um médico não daria um diagnóstico tão rápido assim; uma enfermeira e profissionais de saúde em geral dificilmente escreveriam uma mensagem alarmante antes de acionar as autoridades de saúde; autoridades de saúde se mobilizariam ante um caso tão grave. A mensagem também não deixa claro se a cédula foi examinada para saber que tipo de bactéria tinha, afirma. ""Se o problema estava na cédula, outras pessoas também teriam sido afetadas e teria de haver um rastreamento.""Por fim, ela recomenda que as pessoas lavem as mãos sempre, porque todas as superfícies são contaminadas. Recententemente, um estudo do qual ela fez parte identificou 23 mil fungos e bactérias em celulares, com riscos que vão de micoses até infecções respiratórias.O biomédico Alexandre Veronez, especialista em patologia clínica e MBA em biotecnologia, também diz que a notícia é falsa. ""Primeiro que as notas de dinheiro têm milhões de bactérias: do ar, da pele, de superfícies etc. O dinheiro é uma das coisas que mais têm bactérias, mas essas bactérias convivem com a gente no dia a dia. Algumas delas podem ser patogências, mas não nesse grau. Podem no máximo causar uma dor de barriga"", diz.Assim como sua colega, o professor também desmistifica a menção à bactéria que come carne. ""Não existe uma bactéria que come carne. Existe uma bactéria que causa necrose, mas isso é raro. Só ocorre em condições especiais, como, por exemplo, nas camadas mais profundas da pele e quando a pessoa está bem debilitada, com a imunidade muito baixa"", afirma.u26a0ALERTA, REPASSEM URGENTE*Pessoal, sou enfermeira do SUS e trabalho no SOCORRÃO_DE SÃO_LUIS-MA e estou mandando essa mensagem para vocês pra alertar a todos sobre uma bactéria sem cura que esta nas notas de dinheiro! Trata-se de uma Bactéria que come a carne do corpo humano até matar a pessoa, e é mortal e sem tratamento até o momento.CASO RECENTE - JOVEM DE SÃO LUIS FOI CONTAMINADANesta sexta-feira uma funcionaria que trabalha no caixa do SuperMercado_MT da COHAB, uma jovem menina de 21 anos e se chama Aline, deu entrada no hospital toda cheia de hematoma e umas feridas PRETA no corpo. Em seguida foram feito vários testes e exame no laboratório, e o medico técnico responsável Dr Edgard disse que o resultado de um exame feita na paciente apontou a bactéria do dinheiro , UMA BACTÉRIA QUE COME CARNE HUMANA.Imediatamente ela foi transferida para um hospital especializado o HOSPITAL SÃO DOMINGOS, e ao iniciar os tratamentos , foram feitos vários exames e testado vários medicamentos, só que o médico falou para a mãe dela hoje que esta bactéria não tem tratamento, porem ela precisa ficar internada. INFELIZMENTE HOJE O MÉDICO CHAMOU A MÃE DELA E DISSE QUE ESSA BACTÉRIA NÃO TEM CURA E QUE DEU 21 DIAS DE PRAZO DE VIDA PRA ELA.ude31Porem a _ Secretaria de Estado da Saúde do Maranhão _ abafou o caso e não se manifestou e por estou enviado esta mensagem para pedir oração para a jovem garota.Esta bactéria pode ter sido criada em laboratório e pode matar a pessoa em poucos dias.EVITEM CONTATO COM NOTAS DE DINHEIRO DE 10,20 E 50 REAIS, SE PEGAR EM NOTAS COM MARCAS PRETA LAVE SUA MAO IMEDIATAMENTE! "	1
86	João de Deus é filiado ao PT.	" #Verificamos: É falsa a informação de que João de Deus é filiado ao PTNo passado, médium acusado de estuprar fiéis chegou a ser filiado ao PFLCircula pelas redes sociais a ""informação"" que o médium João de Deus, preso e acusado de estuprar e abusar sexualmente de fiéis que buscavam sua orientação religiosa, é filiado ao PT. Por meio do projeto de verificação de notícias, usuários do Facebook solicitaram que esse material fosse analisado. Confira a seguir o trabalho de verificação da Lupa:""João do Demo (sic) é filiado ao PT há mais de 20 anos""Informação (aqui e aqui) que, até as 18h do dia 25 de janeiro de 2019, já tinha sido compartilhada mais de 70 vezes no Facebook FALSOA frase analisada pela Lupa é falsa. Segundo dados públicos disponíveis no Tribunal Superior Eleitoral (TSE), o médium João Teixeira de Faria, popularmente conhecido como João de Deus, não aparece na lista de filiados do PT em Goiás, estado em que vive. Ao todo, a sigla tem quase 64 mil filiados, mas nenhum deles tem o nome do médium.Pelo sistema do TSE, é possível encontrar o registro de um ""João de Deus"" no PT-SP, filiado em Guarulhos. Contudo, esse não é o nome oficial do médium, como informado anteriormente. Em 2017, a revista Veja divulgou que João de Deus já foi filiado ao PFL, partido que acabou dando origem ao DEM. Na época em que a reportagem foi publicada, no entanto, o médium dizia que não tinha nenhuma filiação político-partidária. Essa informação também foi verificada pelo sitesBoatos.org eEstadão VerificaNota: esta reportagem faz parte do projeto de verificação de notícias no Facebook. Dúvidas sobre o projeto? Entre em contato direto com o Facebook.Editado por: Cristina Tardáguila e Chico Marés"	1
87	Falso áudio tem viralizado. Voz não é dela; atriz fez post no Instagram para dizer que não apoia nenhum dos dois candidatos do 2° turno.	"""É #FAKE áudio atribuído a Luana Piovani em que há declaração de apoio a candidato""Falso áudio tem viralizado. Voz não é dela; atriz fez post no Instagram para dizer que não apoia nenhum dos dois candidatos do 2° turno. Um áudio atribuído à atriz Luana Piovani em que há uma declaração de apoio a Jair Bolsonaro (PSL) tem viralizado nas redes sociais. Uma das versões aparece com a frase ""Exclusivo. Atenção. Luana Piovani abriu o bico"" e conta com mais de 5,5 milhões de visualizações no Facebook. O áudio não foi feito por ela e é #FAKE.É possível notar que a voz não é, de fato, da atriz.Procurada, a assessoria de Luana Piovani reforça que o áudio não foi feito por ela e que os posts que atribuem o conteúdo à atriz são falsos. Luana também se pronunciou pelo stories do Instagram e disse que não apoia nenhum dos dois candidatos no 2° turno. "	1
88	Imigrantes islâmicos na Alemanha destruindo árvores de natal na Woolworth	" #Verificamos: Vídeo não mostra islâmicos destruindo árvore de natal na AlemanhaGravação que viraliza no Facebook brasileiro agora ocorreu no Cairo, no Egito Circula nas redes sociais a ""informação"" de que imigrantes islâmicos teriam destruído uma árvore de natal na Alemanha com a intenção de impor à força a cultura deles aos alemães. Por meio do projeto de verificação de notícias, usuários do Facebook solicitaram que esse material fosse analisado. Confira a seguir o trabalho de verificação da Lupa:""Imigrantes islâmicos na Alemanha destruindo árvores de Natal na Woolworth""Vídeo que, até as 16h30 do dia 5 de dezembro de 2018, já tinha mais de 300 compartilhamentos no FacebookFALSOO vídeo analisado pela Lupa de fato mostra crianças e mulheres escalando uma árvore de natal. No YouTube, é possível encontrar diferentes versões desta mesma gravação que está nas redes desde ao menos janeiro de 2016. Na edição mais antiga localizada pela Lupa a imagem é atribuída a um shopping na cidade do Cairo, no Egito, o Mall of Arabia. Na página do Facebook do Mall é possível confirmar que o vídeo foi de fato gravado no local. Há também registro fotográfico da árvore de natal em questão. Ou seja, os muçulmanos estão no Egito e não na Alemanha, como afirma a postagem que agora viraliza nas redes sociais brasileiras. Consequentemente é incorreto dizer que este vídeo prova que os muçulmanos estão querendo impor à força a cultura deles aos alemães. Por fim, vale ressaltar que a árvore de natal não está sendo destruída. Como se pode observar nas imagens, ela foi feita para ser escalada e para que as pessoas encontrem presentes nela. As pessoas que acompanham a cena não demonstram qualquer tipo de revolta ou protesto. Este vídeo de 2016, além de antigo, já viralizou na Alemanha, na Suécia, nos Estados Unidos e na Romênia. Checagem semelhante foi publicada pela plataforma americana Snopes.*Nota: esta reportagem faz parte do projeto de verificação de notícias no Facebook. Dúvidas sobre o projeto? Entre em contato direto com o Facebook.Editado por: Cristina Tardáguila"	1
89	O programa de governo registrado por Ciro Gomes no Tribunal Superior Eleitoral (TSE) não menciona qualquer plano relacionado à exportação de carne de jumento - e de nenhum outro tipo de carne.	" #Verificamos: programa de governo de Ciro Gomes não prevê exportação de carne de jumentoPosts ainda falam que vice de Ciro, Katia Abreu, autorizou que animais fossem enviados a países asiáticos quando era ministraCircula na internet uma montagem de fotos de jumentos, Katia Abreu e Ciro Gomes com o texto ""Programa de governo: exportar carne de jumento"". Por meio do projeto de verificação de notícias, usuários do Facebook solicitaram que esse material fosse analisado. Confira a seguir o trabalho de verificação da Lupa:""Programa de governo: exportar carne de jumento. Ué causa animal? Ciro não!""Post publicado no Facebook com pelo menos 242 compartilhamentos até às 17h16 do dia 6 de outubro de 2018FALSOO programa de governo registrado por Ciro Gomes no Tribunal Superior Eleitoral (TSE) não menciona qualquer plano relacionado à exportação de carne de jumento - e de nenhum outro tipo de carne. No terceiro capítulo do documento, destinado a políticas de desenvolvimento e meio ambiente, no ítem 3.15 o candidato defende a ""criação de política de proteção aos animais."" Também não há declarações pública de Ciro sobre esse tema.Já a vice na chapa do PDT, Kátia Abreu, falou sobre o assunto publicamente pelo menos duas vezes. Em 2015, relatou, em sua conta no Twitter, o pedido de um ""investidor asiático"" para importar jumentos do Brasil. À época, Kátia era ministra da Agricultura e participava de um evento na China, com investidores e com o ministro local. ""No seminário dos empresários chamou a atenção um investidor c/um interesse que nos pareceu piada mas não era: quer importar jumentos para a China"", escreveu ela.Em agosto de 2017, Kátia publicou em seu Facebook uma imagem em que aparece tomando sopa de jumento em Pequim, capital da China, e elogiando o alimento. ""Exportação de carne de jumento é uma grande oportunidade de negócio para o Brasil"", afirmou a candidata. A atual vice de Ciro foi ministra da Agricultura de dezembro de 2014 a maio de 2016. Nem naquele período, e nem neste ano, o Brasil exportou carne de jumentos para a China, de acordo com dados do Ministério da Indústria, Comércio Exterior e Serviços. Uma pesquisa com o código ""carnes de animais das espécies cavalar, asinina e muar, frescas, refrigeradas ou congeladas"" revela que, em 2018, o Brasil exportou U$ 6,2 milhões deste tipo de carne - a maior parte para a Rússia. Veja os dados completos aqui. Nota: esta reportagem faz parte do projeto de verificação de notícias no Facebook. Dúvidas sobre o projeto? Entre em contato direto com o Facebook. Editado por: Cristina Tardáguila"	1
90	Alvaro Dias erra ao falar de educação infantil e teto de gastos no Roda Viva	"Alvaro Dias erra ao falar de educação infantil e teto de gastos no Roda VivaAlvaro Dias erra ao falar de educação infantil e teto de gastos no Roda VivaTwitterFacebookE-mailWhatsAppAlvaro Dias erra ao falar de educação infantil e teto de gastos no Roda VivaPor Luiz Fernando Menezes, Bárbara Libório e Ana Rita Cunha 6 de junho de 2018, 14h00TwitterFacebookEmailWhatsAppO pré-candidato à Presidência da República pelo Podemos, Alvaro Dias, foi ao Roda Viva na última segunda-feira (4) e usou dados datados e de outro país para falar de investimento na educação infantil e errou ao dizer o número de países que utilizam uma política de limite de gastos.Dias é o terceiro entrevistado pelo programa checado por Aos Fatos. Antes, foram os candidatos Ciro Gomes (PDT) e Guilherme Boulos (PSOL). Também foram convidados para o programa Marina Silva (Rede) e João Amoêdo (Novo).IMPRECISOUS$ 1 investido na educação infantil significa um retorno de US$ 6 a 7.Essa relação foi dita pelo Nobel de economia de 2000, James Heckman, durante um seminário de 2013 na Câmara dos Deputados, quando ele explicava a experiência do Programa Perry. O programa, que aconteceu na década de 1960 nos EUA, atendeu crianças vulneráveis em idade pré-escolar. De acordo com o economista, cada dólar investido no programa representou uma economia de US$ 7 até a idade de 27 anos e de US$ 13 até os 40 anos. A explicação é que o investimento em uma criança carente na primeira infância aumenta a renda, os índices de saúde e o emprego e diminui a criminalidade. Heckman estudou o programa em 2006 e seu artigo pode ser lido aqui.O ganho chegou a ser citado por outras pessoas. Flávio Cunha, coautor de vários estudos com Heckman, repetiu uma conta parecida em entrevista ao UOL, em 2017; e a última citação veio no mês passado, quando Tim Evans, diretor de Saúde, Nutrição e População do Banco Mundial, defendeu a priorização dessa faixa etária.Heckman apresentou outra conta em um encontro, também no Brasil, em 2017: ""cada dólar gasto com uma criança pequena trará um retorno anual de mais 14 centavos durante toda a sua vida"", afirmou o pesquisador. Ou seja, até os 27 anos, cada dólar renderia US$ 3,78 e não mais US$ 7. Para ele, é o melhor investimento que existe porque é ""mais eficiente e seguro do que apostar no mercado de ações americano"".Na entrevista ao UOL, Flávio Cunha explicou que, para o investimento funcionar no Brasil, é necessário adicionar à fórmula a valorização dos pais e dos cuidadores das crianças. Além disso, diz que ""cada projeto tem de atender às necessidades daquele local. Um programa norte-americano talvez não funcione no Brasil, assim como um programa que atende famílias no interior do Ceará pode não ser boa ideia para São Paulo"".Quando perguntado quais seriam as três principais medidas que ele tomaria para melhorar a educação no Brasil, Alvaro Dias utilizou esses dados para argumentar por que a prioridade de seu eventual governo seria a educação de crianças de 0 a 6 anos: de acordo com ele, esse ganho de US$ 7 ""por si só justifica esse investimento"", mas também significa que haverá influência no desempenho escolar, no desempenho da atividade profissional, na produtividade e até no produto interno bruto do país. Como a conta apresentada por Heckman, além ser datada - referia-se a um programa dos anos 1960 -, também dizia respeito a um outro país, Aos Fatos classificou a declaração como IMPRECISA.EXAGERADOO Fundo Monetário Internacional frisou que, de 90 países, 50 deles adotam uma política de teto de gastos porque é necessário o controle dos gastos públicos.O levantamento a qual Dias se refere é o Fiscal Rules at a Glance, de 2017, que estudou as políticas fiscais de 96 países. A política de teto de gastos é chamada, no relatório, de expenditure rule (de sigla ER), que significa uma política de limitação de despesa, e é dividida em limitação do gasto real (que foi a adotada no Brasil) e outros tipos de limitações.De acordo com a última atualização do levantamento, 30 países adotam algum tipo de ER - e não 50 como diz o senador. No entanto, se também levarmos em consideração os países que já adotaram a política de limitação de gastos, o número chega próximo ao citado por Dias: 48.Já se formos levar em conta apenas as nações que adotavam ou já adotaram políticas de limitação do gasto real, o número cai para 14 países: Austrália, Bélgica, Croácia, Dinamarca, Finlândia, França, Holanda, Hungria, Islândia, Israel, Kosovo, México, Peru e Polônia. Dessas, dez ainda adotam as medidas.Como o senador não fez a distinção entre o tipo de política - e o texto considera também aqueles que já adotaram essas medidas mas já não adotam mais -, Aos Fatos classifica a declaração como EXAGERADA.Dias usou esse dado como argumento para defender que, se eleito, não vai acabar com a PEC, mas sim revê-la. De acordo com o pré-candidato, o controle do gasto público é necessário, mas não do jeito que foi feito.VERDADEIRONós tivemos um referendo em que 63% da população optou por revogar o artigo 35, que diz respeito à venda de armas.Dias refere-se ao plebiscito que ocorreu em outubro de 2005 e estava previsto no próprio texto do Estatuto do Desarmamento. Naquele ano, os eleitores foram questionados sobre o artigo 35 do estatuto que proibia ""a comercialização de arma de fogo e munição em todo o território nacional"", salvo exceções previstas em lei, como agentes de segurança.A proibição do comércio foi rejeitada por 63,94% dos votantes. Com esse resultado, foi revogado o artigo e a venda de armas de fogo e munição é permitida seguindo as regras que constam no estatuto.O pré-candidato usou o plebiscito como argumento para a legalização da posse de armas no Brasil. No entanto, a votação citada não dizia respeito ao porte de armas, que é regulado principalmente pelo artigo 6 do estatuto, mas apenas à comercialização. Aos Fatos já checou uma declaração parecida na justificativa do projeto que revoga o estatuto do desarmamento.FALSOA indústria brasileira já respondeu a 27% das gerações de empregos, os manufaturados. Hoje, próximo de 10%.Considerando geração de emprego o mesmo que a quantidade de vagas efetivamente criadas no ano, o pico de participação na geração de empregos formais da indústria de transformação - aquela que transforma matéria-prima em bens manufaturados - aconteceu em 2004, de acordo com o dados do Caged (Cadastro Geral de Empregados e Desempregados ), do Ministério do Trabalho e Emprego, considerando a série histórica desde 2000. Em 2004, foram criados 1,8 milhão de empregos, sendo que 30,4% do total de vagas criadas, ou seja 545.665, foram abertas na indústria de transformação.De 2014 a 2017, o saldo de empregos formais da indústria de transformação ficou negativo, ou seja, o número de postos de trabalho fechados nesse setor superou o de postos abertos. A declaração de Alvaro Dias portanto é FALSA, pois, desde 2014, a participação da indústria brasileira de manufaturados na geração de empregos é nula.Se considerarmos o estoque de vagas, em 2017, os trabalhadores formais da indústria de transformação representavam 19% dos 37,9 milhões de trabalhadores formais, segundo a Rais (Relação de Informações Sociais) do IBGE. Na série histórica, o pico de participação da indústria no estoque de empregos foi em 1995, primeiro ano da série, quando a indústria representava 21% dos trabalhadores formais. Esses números também não batem com os citados pelo pré-candidato.VERDADEIROTemos 60.000 homicídios por ano.Os últimos números do Anuário Brasileiro de Segurança Pública, do Fórum Brasileiro de Segurança Pública, mostram que o Brasil teve, em 2016, 61,2 mil mortes violentas. O número corresponde à soma das vítimas de homicídio doloso, latrocínio, lesão corporal seguida de morte e mortes decorrentes de intervenções policiais em serviço e fora, e tem como fontes os dados das Secretarias Estaduais de Segurança Pública e/ou Defesa Social e o Instituto Brasileiro de Geografia e Estatística, o IBGE. Foi o maior número registrado na história do Anuário.O Atlas da Violência 2018, lançado nesta terça-feira (5), um dia depois da declaração proferida pelo pré-candidato, mostra um número ainda maior de homicídios: foram 62.517 casos, de acordo com os dados do Ministério da Saúde. Nos últimos dez anos, 553 mil pessoas perderam a vida vítimas de violência no país.Outro lado. A reportagem entrou em contato com a assessoria do senador mas, até a última atualização, não tinha recebido resposta.TwitterFacebookEmailWhatsAppLeia tambémCinco fatos sobre migraçãoNão é verdade que Moro afastou promotor do caso Queiroz e delegado que investiga morte de MarielleHomem em foto com Flávio Bolsonaro é assessor do senador, não acusado de matar Marielle]"	1
91	Pablo Vittar vai ganhar mais de R$ 1 milhão para cantar hino brasileiro na Copa do Mundo!	"Não é verdade que Pabllo Vittar vai cantar na Copa do Mundo; site recicla boatoNão é verdade que Pabllo Vittar vai cantar na Copa do Mundo; site recicla boatoTwitterFacebookE-mailWhatsAppNão é verdade que Pabllo Vittar vai cantar na Copa do Mundo; site recicla boatoPor Bernardo Moura 18 de maio de 2018, 21h00TwitterFacebookEmailWhatsAppNão é verdade que a cantora Pabllo Vittar vai receber R$ 1 milhão para cantar o hino nacional na Copa do Mundo da Rússia, como afirma postagem do site Pensa Brasil que foi marcada como potencialmente falsa por usuários do Facebook (entenda como funciona). O boato começou a circular nas redes sociais no final de 2017 e agora ressurgiu com outras informações enganosas, como o suposto cachê pago à artista. A Copa do Mundo começa no próximo dia 14 de junho e a seleção brasileira entra em campo no dia 17 contra a Suíça. Veja o que Aos Fatos checou.FALSO""Pabllo Vittar vai ganhar mais de R$ 1 milhão para cantar hino brasileiro na Copa do Mundo!""A postagem do Pensa Brasil diz que ""a pedido de fãs e torcedores, o presidente da CBF (Confederação Brasileira de Futebol), Marco Polo del Nero, convidou formalmente o cantor (sic) Pabllo Vittar para ser a voz principal do hino nacional na estreia da seleção brasileira na Copa"". Além do desmentido da cantora, que respondeu a Aos Fatos nesta sexta-feira (18) por meio de sua assessoria de imprensa, Marco Polo del Nero não é mais dirigente da CBF. Ele foi afastado em 15 de dezembro de 2017 e substituído interinamente por Antonio Carlos Nunes de Lima.O texto não para por aí. Em seguida, é apresentada uma suposta declaração de del Nero com elogios à cantora, o que não consta no site e nem nas redes sociais da CBF. O texto informa ainda que ""em sua conta no Twitter, Pabllo agradeceu o convite e confirmou presença"", mas tal tweet não foi encontrado no perfil da artista.A notícia falsa publicada pelo Pensa Brasil é uma versão turbinada de um outro boato, que Aos Fatos identificou ter surgido no Facebook em dezembro de 2017. À época, se espalhou pela rede uma postagem do site LineLeaks que afirmava que Pabllo Vittar havia sido contratada pela FIFA - e não pela CBF - para cantar na abertura da Copa da Rússia, sem detalhes sobre o suposto cachê. Em janeiro deste ano, em formato mais parecido com o publicado agora pelo Pensa Brasil, o boato chegou a ser desmentido pelo G1 e pelo site da Veja.Em abril último, ao G1, Pabllo Vittar se pronunciou sobre as notícias falsas a seu respeito: ""hoje em dia eu dou risada. Mas antes eu ficava muito incomodada com o quanto as pessoas têm capacidade de inventar notícias falsas sobre alguém por simples desejo de prejudicar, porque não gosta ou odeia"".Procuradas, a CBF e a FIFA não responderam até a publicação desta checagem.TwitterFacebookEmailWhatsAppLeia tambémCinco fatos sobre migraçãoNão é verdade que Moro afastou promotor do caso Queiroz e delegado que investiga morte de MarielleHomem em foto com Flávio Bolsonaro é assessor do senador, não acusado de matar Marielle]"	1
92	A foto analisada pela Lupa é uma montagem. A imagem original é da campanha eleitoral de 2016, quando Flávio foi candidato	" #Verificamos: Flávio Bolsonaro não veste camiseta contra nordestinosNa fotografia real, candidato do PSL do RJ ao Senado usa roupa sem qualquer frase estampada no peitoCircula nas redes sociais uma fotografia de Flávio Bolsonaro, candidato do PSL do RJ ao cargo de senador e filho de Jair Bolsonaro, candidato da mesma sigla à Presidência da República, usando uma camiseta que pede aos nordestinos que ""voltem para casa"". Por meio do projeto de verificação de notícias, usuários do Facebook solicitaram que esse material fosse analisado. Confira a seguir o trabalho de verificação da Lupa:""Movimento nordestinos voltem para casa. O Rio não é lugar para jegue!""Frase supostamente escrita na camiseta do candidato a senador Flávio Bolsonaro (PSL-RJ) em imagens (aqui, aqui e aqui) que, às 13h30 do dia 6 de outubro de 2018, já tinha mais de 550 compartilhamentos no FacebookFALSOA foto analisada pela Lupa é uma montagem. A imagem original é da campanha eleitoral de 2016, quando Flávio foi candidato a prefeito do Rio de Janeiro. A camisa utilizada por ele não tem qualquer estampa. No retrato real, ele usava um adesivo no peito com o ""20"", seu número de urna naquela campanha. Esta informação foi apagada na montagem que viralizou no Facebook nas últimas horas.No Twitter, o hoje candidato ao Senado alertou seus seguidores sobre a montagem. Mais uma Fake News!Me ajudem a divulgar, por favor!#FlavioBolsonaroSenador177 pic.twitter.com/L1Lq7vItDu- Flavio Bolsonaro 177 Senador_RJ (@FlavioBolsonaro) 5 de outubro de 2018Verificação semelhante também pelos sites e-Farsas, Boatos.org e Fato ou Fake.*Nota: esta reportagem faz parte do projeto de verificação de notícias no Facebook. Dúvidas sobre o projeto? Entre em contato direto com o Facebook.Editado por: Cristina Tardáguila e Clara Becker"	1
93	Moro não é professor da UFPR desde 13 de março de 2018, quando pediu exoneração do cargo. E já não dava aula na universidade federal desde novembro de 2016, quando pediu licença sem vencimentos para se dedicar a outras atividades.	" #Verificamos: É falsa informação de que Moro recebe salário da UFPR sem trabalharFuturo ministro da Justiça pediu exoneração da universidade pública em março e já não tinha vencimentos desde 2016Circula nas redes sociais a ""informação"" de que o juiz federal Sérgio Moro, futuro ministro da Justiça, seria ""funcionário fantasma"" da Universidade Federal do Paraná (UFPR). Por meio do projeto de verificação de notícias, usuários do Facebook solicitaram que esse material fosse analisado. Confira a seguir o trabalho de verificação da Lupa:""O Moro é professor na UFPR, não vai trabalhar e recebe salário. (...) O guerreiro contra a corrupção recebe sem trabalhar""Texto que pode ser lido em imagem que, até as 17h do dia 23 de novembro de 2018, já tinha mais de 110 compartilhamentos no FacebookFALSOMoro não é professor da UFPR desde 13 de março de 2018, quando pediu exoneração do cargo. E já não dava aula na universidade federal desde novembro de 2016, quando pediu licença sem vencimentos para se dedicar à Operação Lava Jato.Antes disso, foi professor no curso de Direito, dando aulas de direito processual penal, e era reconhecido por alunos e colegas como um professor assíduo. Em abril de 2016, o jornal espanhol El País chegou a fazer uma reportagem sobre uma de suas aulas na UFPR.Depois de deixar a universidade pública, Moro passou a lecionar no mestrado da UniCuritiba, instituição de ensino privada da capital paranaense. Vale destacar que o boato de que Moro recebe, mas não dá aulas na UFPR circula desde 2016 e já foi desmentido pelos sites e-Farsas e Boatos.org*Nota: esta reportagem faz parte do projeto de verificação de notícias no Facebook. Dúvidas sobre o projeto? Entre em contato direto com o Facebook.Editado por: Cristina Tardáguila"	1
94	Fátima Bernardes faz surpresa e reforma casa da família de esfaqueador de Bolsonaro	" #Verificamos: Fátima Bernardes não reformou casa da família de esfaqueador de Bolsonaro Notícia e imagem informação falsa já têm mais de 15 mil interações no FacebookCircula no Facebook a ""notícia"" de que o programa ""Encontro com Fátima Bernardes"", da TV Globo, reformou a casa da família de Adélio Bispo de Oliveira, que esfaqueou Jair Bolsonaro, o candidato do PSL à Presidência da República, no último dia 6. Por meio do projeto de verificação de notícias, usuários do Facebook solicitaram que esse material fosse analisado. Confira a seguir o trabalho de verificação da Lupa:""Fátima Bernardes faz surpresa e reforma casa da família de esfaqueador de Bolsonaro""Título de texto publicado no site Mídia Imparcial, com mais de 15,3 mil interações no Facebook até as 20h do dia 14 de setembroFALSOAo contrário do ""informado"" no texto analisado pela Lupa, no último dia 12 (quarta-feira), o programa Encontro com Fátima Bernardes não mostrou, em momento algum, reforma na casa da família do homem que esfaqueou Bolsonaro. Nessa edição, o principal tema em discussão foi ""O que podemos aprender com derrotas?"" e contou com a participação do escritor e consultor financeiro Gustavo Cerbasi. O texto dessa ""notícia"" já havia sido publicado anteriormente, com pequenas modificações, dizendo que Fátima teria reformado a casa do assaltante que foi morto por uma policial militar na frente de uma escola em São Paulo. Na época, a Lupa mostrou que o texto também era falso. A Rede Globo confirmou que se tratava de ""fake news"".*Nota: esta reportagem faz parte do projeto de verificação de notícias no Facebook. Dúvidas sobre o projeto? Entre em contato direto com o Facebook.Editado por: Cristina Tardáguila"	1
95	Moro não retirou tomadas de presídios; medida é parte de lei sancionada no Ceará	"Moro não retirou tomadas de presídios; medida é parte de lei sancionada no CearáMoro não retirou tomadas de presídios; medida é parte de lei sancionada no CearáTwitterFacebookE-mailWhatsAppMoro não retirou tomadas de presídios; medida é parte de lei sancionada no CearáPor Luiz Fernando Menezes 17 de janeiro de 2019, 17h44TwitterFacebookEmailWhatsAppÉ falsa a publicação que afirma que o ministro da Justiça e da Segurança Pública, Sérgio Moro, teria mandado retirar as tomadas de dentro das celas de penitenciárias e que, com isso, teria resolvido o problema da rede de comunicação de presidiários e facções criminosas. A remoção, na verdade, partiu de uma emenda a um projeto de lei que foi aprovado pela Assembleia Legislativa do Ceará após a onda de violência que assola o estado.A emenda ao texto, que foi sancionado pelo governador Camilo Santana (PT) no sábado (13), é de autoria do deputado estadual Carlos Matos (PSDB). Além da retirada das tomadas existentes, a norma proíbe novas instalações e determina o bloqueio de sinal de celular nos presídios cearenses. Ou seja, além de restringir as conexões, a medida pretende evitar que os aparelhos dos detentos sejam carregados.A sugestão de checagem deste conteúdo foi enviada por leitores do Aos Fatos no WhatsApp (saiba mais). Para participar, adicione o número (21) 99956-5882 nos seus contatos e envie uma mensagem pra gente com o seu nome. A postagem, inicialmente publicada pelo site República de Curitiba, também é compartilhada no Facebook por vários perfis pessoais. Esses posts foram marcadas com o selo FALSO na ferramenta de verificação da rede social (entenda como funciona).FALSOGovernos anteriores gastaram milhões em bloqueadores de sinal de celular [em presídios], e não resolveram o problema. Aí vem Sergio Moro e simplesmente tira as tomadas, problema resolvido.O site República de Curitiba fez uma publicação que dizia que o ministro da Justiça e da Segurança Pública, Sergio Moro, teria resolvido o problema do uso de celulares nos presídios ao exigir a tirada das tomadas das celas. A publicação começou a ser replicada nas redes sociais e viralizou no Facebook na última semana.Em busca nos principais jornais e sites de notícias, não encontramos nenhuma proposição de Moro em relação à retirada de tomadas em presídios. Houve, porém, a aprovação de um projeto de lei nesse sentido pela Assembleia Legislativa do Estado do Ceará em sessão convocada pelo governador Camilo Santana (PT-CE). O projeto dispõe sobre as restrições ao uso de áreas no entorno de presídios do estado e traz uma emenda do deputado estadual Carlos Matos (PSDB-CE) que trata do bloqueio de sinal de celular em presídios, da proibição de instalação de tomadas nas celas e da remoção das instalações existentes.O projeto foi aprovado junto com outros sete em sessão extraordinária no último sábado (13). A medida é uma resposta do governo à onda de ataques de facções criminosas que atingiu o Estado logo após o secretário da Administração Penitenciária do Ceará, Luís Mauro Albuquerque, dizer que seriam realizadas fiscalizações mais rigorosas nos presídios e que não haveria mais divisões de presos por facção nas unidades prisionais.Não há evidências ou mesmo indícios de que o ministro Sérgio Moro tenha participado da formulação da emenda ou que tenha articulado sua aprovação junto aos deputados e ao governo cearense. Com relação àquele estado, a ação de Moro foi a de autorizar, a pedido do governador, o envio de 300 homens e 30 viaturas da Força Nacional para ajudar às polícias locais.Os presídios do Ceará não serão os primeiros a restringir o uso de tomadas em celas. Em 2017, os pavilhões de Alcaçuz, no Rio Grande do Norte, por exemplo, tiveram as tomadas retiradas após uma reforma. Já em Goiás, no ano passado, o Ministério Público do Estado pediu para que o presídio de Formosa, único que não possuía bloqueadores de sinal, retirasse as tomadas das celas.Aos Fatos entrou em contato com a assessoria do Ministério da Justiça e Segurança Pública no começo da tarde de ontem (16), mas não obteve retorno até a publicação desta checagem nesta quinta-feira (17).Gastos com bloqueadores de sinal. A afirmação feita pela peça checada de que ""governos anteriores gastaram milhões em bloqueadores de sinal de celular"" também não se sustenta, uma vez que a tecnologia só é obrigatória desde o ano passado, quando foi aprovado o PLS 32/2018.Porém, é fato que o uso de bloqueadores não tem se mostrado efetivo: a tecnologia, além de atrapalhar o sinal de celular também no entorno dos presídios, não impede que os presidiários utlizem as redes de dados móveis, como o sinal 3G.Os sites e-Farsas e Boatos.org publicaram verificações similares a respeito deste conteúdo.TwitterFacebookEmailWhatsAppLeia tambémCinco fatos sobre migraçãoNão é verdade que Moro afastou promotor do caso Queiroz e delegado que investiga morte de MarielleHomem em foto com Flávio Bolsonaro é assessor do senador, não acusado de matar Marielle]"	1
96	Policial é estuprada por oito menores e morta com 32 facadas na zona norte do Rio de Janeiro	" #Verificamos: É falso que policial foi estuprada e morta por menores do RJ com 32 facadasConteúdo circula desde, pelo menos, 2016, e voltou a ser publicada no último dia 21Voltou a circular nas redes sociais a ""informação"" de que uma policial militar chamada Alana Benatti foi estuprada e morta por oito menores de idade no Rio de Janeiro. Por meio do projeto de verificação de notícias, usuários do Facebook solicitaram que esse material fosse analisado. Confira a seguir o trabalho de verificação da Lupa:""Policial é estuprada por oito menores e morta com 32 facadas na zona norte do Rio de Janeiro""""Notícia"" publicada pelo site Alex De Olho Na Notícia no dia 21 de janeiro e que, até 16h do dia 22 de janeiro de 2019, já mais de tinha 16,7 mil compartilhamentos no FacebookFALSOEssa ""notícia"" circula desde 2016 e é falsa. O texto analisado pela Lupa ""informa"" que a sargento da PM Alana Benatti teria sido sequestrada por oito menores no morro do Cantagalo e posteriormente estuprada e morta. Os menores teriam sido liberados depois de prestar depoimento. Mas nada disso é verdade. Não há, nos quadros da Polícia Militar do Rio de Janeiro, registros de uma pessoa chamada Alana Benatti. É possível verificar esta informação no Portal da Transparência do governo do Rio de Janeiro.Além disso, a foto que ilustra a ""reportagem"" é de uma modelo italiana chamada Giusy Ranucci, morta em 2014 na cidade de Palermo.Na primeira vez que essa notícia falsa veio à tona, em 2016, foi analisada pelos site Boatos.org e pelo jornal Extra, que também a classificaram como falsa.*Nota: esta reportagem faz parte do projeto de verificação de notícias no Facebook. Dúvidas sobre o projeto? Entre em contato direto com o Facebook.Editado por: Cristina Tardáguila"	1
97	Nova etapa da Lava Jato não vai banir PT, PMDB e PP	" #Verificamos: Nova etapa da Lava Jato não vai banir PT, PMDB e PPNotícia com mais de 37 mil interações no FB requenta reportagem de 2015 e é negada pelo MPFCircula no Facebook a ""notícia"" de que uma nova etapa da Operação Lava Jato ""pode banir PT, PMDB e PP"" da política brasileira"". Trata-se, no entanto, de uma reportagem requentada com título enganoso. Confira a checagem da Lupa abaixo: ""Nova etapa da Lava Jato pode banir PT, PMDB e PP da política brasileira""Publicado pelo site Thefolha, tinha 37,5 mil interações no Facebook até as 17h do dia 18 de maio de 2018FALSO Publicada no dia 23 de abril deste ano pelo site Thefolha, a ""reportagem"" utiliza um título chamativo para atrair cliques, mas seu conteúdo não tem qualquer relação com o fato enunciado.O texto do Thefolha é uma cópia dos dois primeiros dois parágrafos de uma reportagem feita pelo jornalista Fausto Macedo e publicada no dia 8 de novembro de 2015, no jornal O Estado de S.Paulo. O trabalho de Macedo não trata do banimento (expulsão ou proibição) dos três partidos citados, mas sim da possibilidade de responsabilização das legendas, como pessoas jurídicas, em ações de improbidade administrativa.Em nota enviada à Lupa, o Ministério Público Federal no Paraná esclareceu que ""em nenhum momento foi sequer mencionada a hipótese de banir qualquer sigla da política brasileira (durante o processo da Operação Lava Jato)"" e que isso ""só seria possível por meio de Reforma Política no Congresso ou cassação de registro"".Ainda segundo a instituição, em 30 de março de 2017, foi ajuizada a ação pública pública com pedido de responsabilização por atos de improbidade administrativa contra o Partido Progressista (PP) e alguns de seus integrantes. Nela, o MPF faz diversos pedidos e nenhum deles diz respeito ao cancelamento de registro da legenda da política brasileira. Foi pedido o ressarcimento ao erário equivalente à propina paga a legenda, a seus integrantes e a terceiros a partir do esquema de corrupção descoberto na Petrobras.Em relação aos demais partidos as apurações prosseguem no MPF.*Nota: esta checagem faz parte do projeto de verificação de notícias no Facebook.Editado por: Cristina Tardáguila e Chico Marés"	1
98	Tossir de forma repetida e muito vigorosa pode salvar a vida de quem está tendo um infarto.	"""É falso: tossir não ajuda a sobreviver a um infarto  ""Faz algum tempo que volta e meia retorna a grupos de WhatsApp um texto afirmando, erroneamente, que \""tossir de... Faz algum tempo que volta e meia retorna a grupos de WhatsApp um texto afirmando, erroneamente, que ""tossir de forma repetida e muito vigorosa"" pode salvar a vida de quem está tendo um infarto. O autor anônimo pede o compartilhamento do conteúdo, por seu potencial de evitar mortes, e cita o apoio de um cardiologista, mas sem informar o nome.O início do texto sugere que o leitor imagine-se voltando para casa à noite, depois de um dia difícil no trabalho, e sentindo uma dor severa no peito, que se espalha para o braço e a mandíbula. Em seguida, vem a pergunta: ""Como sobreviver a um ataque do coração quando sozinho?""O autor alerta que o surgimento dos sinais de fraqueza indica que a pessoa tem cerca de dez segundos até perder a consciência. O método recomendado promete ajudar o coração a recuperar o ritmo normal, dando à vítima tempo para chegar a um hospital.O passo a passo descrito no texto envolve fazer uma inspiração antes de cada tossida, que ""deve ser profunda e prolongada"". A orientação é que se execute uma inspiração e uma tossida a cada dois segundos, sem parar, até que a ajuda chegue, ou até que o coração volte a bater normalmente.Gastar tempo tossindo pode piorar sequelas de infartoNão há evidências científicas de que tossir possa ajudar alguém a sobreviver a um infarto, afirma o médico cardiologista Ademilson Rogério Ferreira, que atende em emergências e ambulatórios de cardiologia, e trabalhou por seis anos no Serviço de Atendimento Móvel de Urgência (SAMU).""O essencial é ser atendido rapidamente. Se ficar tossindo na expectativa de que passe, o indivíduo pode perder um tempo valioso em que deveria estar pedindo socorro, até para evitar o agravamento das sequelas"", diz. Ele esclarece que a tosse e a chamada Manobra de Valsalva podem auxiliar na melhora de alguns casos de arritmia (batimento cardíaco muito rápido, lento ou irregular).Mas, no caso de um infarto, primeiramente, é importante saber identificar os sintomas. O médico explica que a dor na região torácica é de moderada a forte, com característica de queimação ou aperto e duração contínua superior a 15 ou 20 minutos, irradiando para o braço, o pescoço, a mandíbula ou a coluna. Pode haver dificuldade para andar, náusea, vômito e diarreia. ""Não é uma dor que dura segundos. Isso costuma ser dor muscular.""A atitude mais indicada, se a pessoa perceber que não terá condições de chegar a uma unidade de saúde, é parar onde está e pedir ajuda, principalmente telefonando para o SAMU (192). Nesse caso, o cardiologista recomenda que a vítima seja bem objetiva, informando o nome, descrevendo o local em que se encontra - preferencialmente com pontos de referência - e declarando que suspeita estar infartando.""Isso ajudará a ambulância a chegar à pessoa, mesmo que ela desmaie no meio da ligação. Enquanto estiver aguardando o socorro, também aconselho contatar alguém próximo"", orienta Ferreira.Se presenciar uma pessoa desmaiando e desconfiar de infarto, a recomendação do médico também é ligar para o 192 e solicitar uma ambulância. Para tentar despertar a vítima, pode-se dar um chacoalhão pelos ombros e um grito perto do ouvido. Durante o período de espera, também é aconselhável fazer massagem cardíaca, principalmente se não houver batimento.""Não precisa de respiração boca a boca. O protocolo mudou. O que importa é a velocidade da massagem, com aproximadamente 100 compressões por minuto"", afirma o cardiologista.Ferreira acrescenta que vale conhecer os hospitais da cidade e suas especialidades, para saber para onde ir em cada situação. ""Também é fundamental ter noções de primeiros socorros. Isso deveria ser ensinado com mais ênfase nas escolas. Seria um benefício maravilhoso para a saúde pública."" "	1
99	É mentira que Haddad estuprou uma menina de 11 anos.	"É mentira que Haddad estuprou uma menina de 11 anosÉ mentira que Haddad estuprou uma menina de 11 anosTwitterFacebookE-mailWhatsAppÉ mentira que Haddad estuprou uma menina de 11 anosPor Tai Nalon 27 de outubro de 2018, 22h55TwitterFacebookEmailWhatsAppSão FALSAS as informações que constam de uma imagem de procedência desconhecida que circula no WhatsApp desde o início da noite deste sábado (27) e que afirma que o candidato à Presidência Fernando Haddad (PT) é acusado de estuprar uma menina de 11 anos de idade. Além de não haver qualquer investigação, processo ou denúncia contra o candidato nesse sentido, o conteúdo aponta como fonte reportagens do UOL e do Jornal Nacional que jamais existiram.A peça de desinformação coloca a foto do candidato ao lado do registro fotográfico de uma criança cujo nome, diferentemente do que é informado na imagem, é Esther Marcos. Trata-se de uma atriz e cantora gospel que hoje tem 16 anos.A checagem da imagem foi sugerida por leitores do Aos Fatos por meio de sua ferramenta de checagem por WhatsApp. Para sugerir uma verificação, envie uma mensagem para (21) 99956-5882.FALSOACUSADO DE ESTUPRO. O candidato a presidente Fernando Haddad está sendo acusado de estuprar a pequena Vitória de 11 anos, desde ontem ele vem perdendo o apoio de várias pessoas. Fonte: UOL Notícias e Jornal NacionalNão é verdade que Haddad é acusado de estuprar ""a pequena Vitória de 11 anos"" ou qualquer outra criança. A informação consta de uma imagem apócrifa que circula em grupos no WhatsApp na noite deste sábado (27), véspera do segundo turno das eleições presidenciais. Não há qualquer investigação, processo ou denúncia contra o candidato nesse sentido.Para concorrer à Presidência, qualquer candidato tem de apresentar à Justiça Eleitoral uma série de documentos que demonstrem idoneidade pública. As certidões servem como prova de que nada consta contra o candidato. No caso de Haddad, este e este documento do Tribunal de Justiça do Estado de São Paulo; este documento da Justiça Federal de Primeiro Grau de São Paulo; este documento do Tribunal Regional Federal da 3ª Região; e este documento do Tribunal Superior Eleitoral demonstram que não há pendências do candidato com a Justiça - muito menos que Haddad responde a qualquer acusação de estupro de menor.A imagem com conteúdo falso também aponta como fonte reportagens do UOL e do Jornal Nacional, da TV Globo, que jamais existiram. Não existe qualquer registro jornalístico, desses veículos ou de qualquer outro veículo de imprensa brasileiro, que aponte para essa acusação.A montagem também traz a foto de uma criança com nome falso. Ao usar a busca reversa de imagens do Google, Aos Fatos encontrou a foto original, que é, na verdade, da atriz e cantora gospel Esther Marcos. Ela ficou conhecida por estrear a novela infantil do SBT Carrossel. É possível ver a mesma fotografia de Esther Marcos no site Aniversário dos Famosos, junto com outros cliques da artista.O registro original traz ainda uma marca dágua que atribui a autoria do registro à fotógrafa Thalita Tavares, cujo site é www.thalitatavares.com e está fora do ar.A assessoria de imprensa de Fernando Haddad desmentiu a acusação e disse tratar-se de crime espalhar tal desinformação. ""Uma mentira suja, triste, sórdida, baixa, absurda. Uma mentira grave, em suma"", diz nota publicada no site oficial do ex-presidente Luiz Inácio Lula da Silva.Já a assessoria de imprensa da atriz afirmou que tomará medidas legais. ""A AG Comunicação Integrada, assessoria de imprensa da cantora e atriz Esther Marcos, informa que a foto foi utilizada indevidamente e de forma errônea. Todas as medidas legais serão tomadas pelos pais da artista.""* Essa checagem foi atualizada às 10h10 de 28 de outubro de 2018 para incluir o posicionamento da assessoria de imprensa de Esther Marcos.TwitterFacebookEmailWhatsAppLeia tambémCinco fatos sobre migraçãoNão é verdade que Moro afastou promotor do caso Queiroz e delegado que investiga morte de MarielleHomem em foto com Flávio Bolsonaro é assessor do senador, não acusado de matar Marielle]"	1
100	Aprovamos tudo aqui em São Paulo. Não teve um projeto meu que não tenha sido aprovado pela Câmara.	"As declarações de Haddad na Band, e o que checamosAs declarações de Haddad na Band, e o que checamosTwitterFacebookE-mailWhatsAppAs declarações de Haddad na Band, e o que checamosPor Alexandre Aragão e Bárbara Libório 22 de agosto de 2018, 10h30TwitterFacebookEmailWhatsAppO ex-prefeito de São Paulo e ex-ministro da Educação petista Fernando Haddad, candidato a vice-presidente na chapa do PT, foi o convidado do programa Canal Livre, da rede Bandeirantes, no último domingo (19). Ele falou sobre a governabilidade de seu partido na Câmara dos Deputados, de seus projetos aprovados pela Câmara Municipal de São Paulo quando era prefeito, e também sobre temas econômicos.Aos Fatos checou alguma de suas declarações. Veja abaixo.EXAGERADOAprovamos tudo aqui em São Paulo. Não teve um projeto meu que não tenha sido aprovado pela Câmara.Haddad usou seu bom índice de aprovação de matérias na Câmara Municipal de São Paulo para ilustrar que é possível governar mesmo sem formar maioria no Legislativo. É verdade que a maior parte dos projetos aprovados por Haddad foram promulgados. Segundo consulta à base de dados da Câmara, de 151 projetos enviados pelo executivo do ex-prefeito, 111 passaram pela aprovação dos parlamentares e foram promulgados. Não é possível afirmar, no entanto, que todos os projetos apresentados por ele foram aprovados, já que mais de 30 projetos ainda estão em tramitação ou ficaram parados na Câmara.Em maio de 2013, o G1 destacou a produção legislativa intensa nos primeiros meses da gestão do petista. Foram 92 projetos de lei em segunda votação, dos quais 13 foram de autoria de Haddad. Em 2009, também no começo do mandato, Gilberto Kassab (PSD) teve apenas um projeto aprovado em segundo turno. Entre janeiro e abril de 2005, início da gestão José Serra (PSDB), a Câmara não aprovou projetos em segundo turno. O desempenho seria parte de acordo entre líderes dos partidos e a liderança do governo: de um lado, a aprovação de projetos individuais, e do outro mais agilidade nos projetos prioritários para a administração municipal.Nem todas as aprovações foram fáceis, no entanto. O aumento do Imposto Predial e Territorial Urbano, o IPTU, para terrenos ociosos e subutilizados com mais de 500 metros quadrados a partir de 2016 só foi aprovada após manobras do governo. Em setembro de 2015, a base de Haddad tentou aprovar a medida a todo custo em seis sessões distribuídas ao longo de um dia, e não conseguiu apoio necessário mesmo após recuar da proposta inicial. No fim, a ideia foi aprovada no dia seguinte como emenda a um projeto de lei que tratava de outro assunto - o estímulo a empresas de feiras de negócios.A criação dos corredores de ônibus na cidade também foi polêmica e Haddad teve que flexibilizá-lo para que ele fosse aprovado, em junho de 2014. Para assegurar a vitória em plenário, Haddad apresentou um substitutivo ao projeto aprovado em primeira discussão, em março.Apenas um projeto de autoria de Haddad aparece como arquivado, mas o arquivamento aconteceu após a saída do ex-prefeito e a troca de vereadores na Câmara - o PL foi apresentado em dezembro de 2016, último mês da gestão petista. Grande parte dos projetos ainda em tramitação, aliás, foram apresentados nos últimos meses do mandato.IMPRECISOSe você entra no cheque especial, você vai pagar 100% de juros de crédito ao ano.Haddad citou dados sobre as taxas de juros cobradas por bancos brasileiros para falar de como elas eram exorbitantes para os consumidores. As taxas de juros do cheque especial variam de acordo com a instituição financeira. Apesar de existirem bancos com taxas que se aproximam da citada pelo candidato, a média cobrada pelos bancos brasileiros é três vezes maior. Isso não invalida o argumento do petista, mas mostra que os dados estão subestimados, tornando a declaração do candidato IMPRECISA.Os dados mais recentes do Banco Central mostram que, entre 31 de julho e 6 de agosto deste ano, a taxa do cheque especial cobrada para pessoas físicas por 29 bancos brasileiros ficou entre 27,34% ao ano e 537,98% ao ano. Nenhuma delas cobra juros de 100% ao ano - o Banco Pine é quem mais se aproxima, com taxa de 87,37% ao ano, enquanto o Banco do Nordeste cobra taxa de 121,49%. Segundo dados do BC também, no cheque especial, a média das taxas de juros caiu de 311,9% ao ano, em maio, para 304,9% ao ano, em junho. No mesmo mês do ano passado, era de 322,6% ao ano.IMPRECISOÉ 200% [a taxa de juros ao ano] no caso do rotativo do cartão de crédito.As taxas de juros do rotativo do cartão de crédito também variam entre as instituições financeiras. A declaração do candidato é IMPRECISA porque, apesar de existir cobranças semelhantes em alguns bancos brasileiros, a taxa média cobrada pelas instituições é mais de 90 pontos percentuais acima do mencionado por Haddad.Os dados do Banco Central mostram que, entre 31 de julho e 6 de agosto deste ano, elas ficaram entre 51,04% e 1.361,57% ao ano. O Banco Baneste é o que mais se aproxima da taxa citada por Haddad: 195,22% ao ano. A taxa média em junho, no entanto, segundo o BC, era de 291,88% ao ano.A Proteste - Associação de Consumidores comparou, em outubro do ano passado, a taxa média de juros cobradas nas operações realizadas com o cartão de crédito no Brasil frente a outros seis países da América Latina - no caso, Colômbia, Argentina, Venezuela, México, Peru e Chile) -, Estados Unidos e Portugal. A associação encontrou juros no rotativo de 830% ao ano nos cartões do Banco Pan, os maiores do mundo.VERDADEIROO PT nunca foi um partido com mais de 100 deputados.O ex-prefeito usou esse argumento quando foi perguntado se conseguiria governar mesmo sem ampla maioria na Câmara dos Deputados. A frase de Haddad é VERDADEIRA, mas durante a maior parte dos quatro mandatos presidenciais petistas, entre 2003 e 2016, o partido teve apoio da maioria dos deputados.Em 2003, os partidos que apoiavam Lula elegeram 257 dos 513 deputados federais, sendo 91 do PT - melhor desempenho da história da sigla. Ainda no primeiro semestre daquele ano, PMDB (atual MDB), PPB (atual PP) e PSC aderiram ao governo e o número de deputados na base subiu para 376.Desde então, em todos os governos petistas a base aliada elegeu mais deputados que naquele ano. O pico foi no segundo mandato de Lula, quando os partidos de sustentação ao governo conseguiram 357 dos 513 assentos na Câmara - mais que dois terços do total (342), o necessário para aprovar uma PEC (Proposta de Emenda à Constituição).A última vez em que um partido elegeu, sozinho, mais de 100 deputados federais foi em 1998: o PFL, atual DEM, fez uma bancada de 105 parlamentares na Câmara.VERDADEIRO[O Lula tem muito orgulho de ter sido] o presidente que pagou o FMI.Por mais que Lula, de fato, tenha pago a dívida bilionária do FMI em seu governo, essa decisão é alvo de críticas de economistas: a dívida para com o fundo, que tinha juros pequenos, foi paga com outros endividamentos, com juros maiores.O Brasil realmente saldou sua dívida com o FMI (Fundo Monetário Internacional) em dezembro de 2005. O governo Lula pagou os US$ 15,5 bilhões restantes do valor de um empréstimo negociado com a entidade em 2002. Na época, inclusive, o diretor-gerente do Fundo, Rodrigo Rato, elogiou a decisão: ""Essa decisão reflete o fortalecimento da posição externa do Brasil, em especial os recorrentes superávits comerciais e de conta corrente e as fortes entradas de capital, que aumentaram muito as reservas e reduziram a dívida externa"".No entanto, o que Haddad não diz é que, para quitar a dívida com o FMI, Lula precisou contrair dívidas internas e externas, como explicado em uma reportagem da Época Negócios: para a quitação de uma dívida que custava apenas 4% de juros, o ex-presidente entrou em outras com taxas muito maiores.No artigo ""A Política Externa Brasileira em relação ao Fundo Monetário Internacional durante o Governo Lula"", publicado na revista científica Revista Brasileira de Política Internacional, essa visão também aparece: ""diversos economistas e associações da sociedade civil defenderam que o governo brasileiro teria priorizado o pagamento de uma dívida que não precisava ser quitada naquele momento pelo simples fato de apresentar um taxa de juros bastante baixa (4% ao ano)"".De acordo com os pesquisadores, a dívida do FMI ""foi claramente fundamentada na importância política desse pagamento antecipado"", tanto que o tema era recorrente nos discursos do ex-presidente.Vale ressaltar que o FMI não é um banco, mas sim uma entidade criada para garantir a estabilidade do sistema monetário internacional. Seus empréstimos são concedidos somente a países com problemas financeiros e para receberem a ajuda, é preciso cumprir algumas metas, como ajuste orçamentário, cortes nos gastos públicos, monitoramento da taxa cambial, etc.Outro lado. Procurada para comentários, a assessoria de imprensa da campanha do PT não havia retornado o contato até a última atualização desta reportagem.*A checagem foi atualizada às 18h15 de 22 de agosto de 2018 para correção do texto em que se afirmava que os vereadores de São Paulo haviam promulgado os projetos de Haddad. A promulgação é de competência do Executivo. Os vereadores aprovaram os projetos.TwitterFacebookEmailWhatsAppLeia tambémCinco fatos sobre migraçãoNão é verdade que Moro afastou promotor do caso Queiroz e delegado que investiga morte de MarielleHomem em foto com Flávio Bolsonaro é assessor do senador, não acusado de matar Marielle]"	1
101	É falsa a imagem de um Boletim de Urna que circula em redes sociais e em aplicativos de mensagens instantâneas indicando que o candidato do PT à Presidência, Fernando Haddad, teve mais votos que o número de eleitores que usaram uma urna eletrônica.	"""Boletim de Urna em que votos de Haddad superam total de eleitores é falso  ""é falsa a imagem de um Boletim de Urna que circula em redes sociais e em aplicativos de mensagens instantâneas... É falsa a imagem de um Boletim de Urna que circula em redes sociais e em aplicativos de mensagens instantâneas indicando que o candidato do PT à Presidência, Fernando Haddad, teve mais votos que o número de pessoas que usaram uma urna eletrônica.Ainda de acordo com a peça de desinformação, os candidatos Jair Bolsonaro (PSL) e Geraldo Alckmin (PSDB) não teriam tido nenhum voto, o que também é falso.A imagem falsa foi compartilhada no perfil oficial do próprio Bolsonaro no Instagram, pelo Stories -- ferramenta em que fotos e vídeos desaparecem após 24 horas.De acordo com a foto digitalmente alterada, Haddad teria computado 9.909 votos, enquanto o número de eleitores que compareceram à votação seria de 477 nesta urna. A imagem viral, além de não exibir o boletim inteiro, não mostra o número da seção e do município.O projeto Comprova teve acesso ao documento originale à foto original dele. A votação aconteceu na cidade de Nagoia, no Japão _ município 30198, na documentação do TSE (Tribunal Superior Eleitoral). Haddad teve, na verdade, nove votos (0009 na numeração do boletim).Além disso, o TSE informa que Boletins de Urna regulares não exibem nomes de candidatos que não receberam votos, ao contrário do que a imagem que circula nas redes apresenta.Também é possível observar que a foto falsa que circula na internet exibe borrões nos números dos candidatos que não teriam recebido nenhum voto, como no caso do dígito zero mais à direita junto aos nomes dos candidatos Alckmin e Bolsonaro.O tucano e o candidato do PSL, que está no segundo turno com Haddad, obtiveram, respectivamente, 11 e 372 votos em Nagoia.O Boletim de Urna original mostra que, naquela seção, de 777 eleitores aptos a votar, 477 compareceram e 300 se abstiveram _ estes dados conferem com os apresentados na imagem alterada.Os números de ""resumo de correspondência"" e ""código de verificação"" são os mesmos na imagem falsa e na verdadeira. O horário também é o mesmo nas duas imagens.O material enganoso foi verificado pela ""Folha de S.Paulo"", pela rádio ""BandNews FM"", além, do UOL, do ""Estadão"", da ""Gazeta Online"", do ""Jornal do Commercio"" e ""O Povo"", todos integrantes do projeto Comprova. "	1
102	Não existe um príncipe saudita chamado Kahtani casado com uma menina de 6 anos.	" #Verificamos: Não existe um príncipe saudita chamado Kahtani casado com uma menina de 6 anosImagem que viraliza nas redes sociais tem pelo menos quatro erros factuais grosseirosCircula nas redes sociais a imagem de um senhor barbudo ao lado de uma menina vestida de noiva, acompanhada da informação de que se trata do ""príncipe Kahtani"", da Arábia Saudita, homem de 51 anos, supostamente casado com uma criança de apenas seis. Por meio do projeto de verificação de notícias, usuários do Facebook solicitaram que o material fosse analisado. Confira a seguir o trabalho de verificação da Lupa:""O príncipe saudí Kahtani, 51 anos, com sua esposa Nawaf de 6 anos de idade. Arábia preside comissão de direitos humanos da ONU!""Imagem que até as 15h30 do dia 17 de dezembro de 2018 já tinha sido compartilhada mais de 700 vezes no FacebookFALSOTodas as informações associadas à imagem analisada pela Lupa são falsas. Não existe nenhum príncipe saudita chamado Kahtani (ou Qahtani, sobrenome relativamente comum na Arábia Saudita). O homem da foto não é um príncipe saudita. É o ex-imã da Grande Mesquita de Meca, Sheikh Adel Al Kalbani, e, em dezembro de 2018, tinha 59 anos - não 51. Também não há qualquer registro público de casamento de Al Kalbani com uma menina de seis anos. Não há registros públicos sobre a criança que aparece na foto - para além de informações que confirmam que esta é realmente uma notícia falsa.Por fim, a Comissão de Direitos Humanos da Organização das Nações Unidas (ONU) foi extinta em 2006, e substituída pelo Conselho de Direitos Humanos - que hoje é presidido por Vojislav u0160uc, representante da Eslovênia.Essa ""notícia"" falsa circula em inglês desde 2015. Na versão anglo-saxã, informava-se ainda que a Arábia Saudita integra o Conselho de Direitos Humanos da ONU, o que é verdade. Apesar de ser um países com graves registros de violações aos direitos humanos, em 2013, o reino árabe foi eleito para compor o colegiado ao lado de outras 46 nações. O mandato se encerra em 2019. Na tradução para o português, a Arábia Saudita ""ganhou"" o status de presidente do órgão - o que não é verdade. *Nota: esta reportagem faz parte do projeto de verificação de notícias no Facebook. Dúvidas sobre o projeto? Entre em contato direto com o Facebook.Editado por: Clara Becker e Cristina Tardáguila"	1
103	Aos Fatos checou suas declarações.	"Ao lado de Lula, Renan distorce dados sobre cortes no Bolsa FamíliaAo lado de Lula, Renan distorce dados sobre cortes no Bolsa FamíliaTwitterFacebookE-mailWhatsAppAo lado de Lula, Renan distorce dados sobre cortes no Bolsa FamíliaPor Luiz Fernando Menezes 23 de agosto de 2017, 19h25TwitterFacebookEmailWhatsAppO ex-presidente Luiz Inácio Lula da Silva, que está fazendo uma caravana pelo Nordeste, foi recebido pelo senador Renan Calheiros (PMDB) e pelo governador do Alagoas, Renan Filho (PMDB), quando passou pelo estado na última terça-feira (22).Enquanto Renan Filho apenas elogiou o ex-presidente, Renan subiu ao palanque do petista para atacar o governo do presidente Michel Temer e suas reformas. Durante o discurso, falou do programa Bolsa Família - e Aos Fatos checou suas declarações.EXAGERADO[Lula,] O governo do senhor é do povo, para o povo, diferentemente do governo de agora, com o qual não podemos concordar, que tem um deficit, um buraco, um rombo de R$ 139 bilhões e vai elevar para R$ 159 bilhões, enquanto corta recurso do programa Bolsa Família.O governo federal de fato reviu o deficit fiscal para 2017: de R$ 139 bilhões previstos na Lei de Diretrizes Orçamentárias, irá para R$ 159 bilhões. Entretanto, conforme Aos Fatos apurou, isso não teve impacto verificável nas contas do Bolsa Família até agosto deste ano, apesar dos cortes promovidos pelo Palácio do Planalto no número de beneficiários.De acordo com dados dos Relatórios de Informações Sociais e da Matriz de Informação Social do Ministério do Desenvolvimento Social e Agrário, mesmo com a crise econômica, os investimentos federais no Bolsa Família não sofreram cortes. Em 2016, a totalidade dos gastos ficou em R$ 28,5 bilhões. Até os dados de agosto de 2017, o governo tinha repassado R$ 19,2 bilhões - valor proporcional ao gasto no ano passado para o período.Além disso, no ano passado, tanto o governo Dilma Rousseff quanto o governo Temer autorizaram reajustes nos vencimentos do programa.É fato, entretanto, que houve cortes no número de beneficiários. Até 2016, havia 13.569.576 famílias recebendo mensalidades do Bolsa Família. Já em agosto de 2017, o governo computa 13.495.513 famílias. Isso acontece porque 828 mil famílias foram retiradas do programa entre os meses de junho e o de julho.A explicação do governo para esses cortes é que, com a crise econômica, era necessário fazer um ""pente-fino"" nos cadastros para descobrir eventuais irregularidades e cancelar benefícios de pessoas que não deveriam estar recebendo o benefício. Se a família estivesse com o cadastro desatualizado, ela teria que corrigir as pendências ou seria cortada do programa. Ou seja, o governo alega que os cortes em questão foram desligamentos voluntários ou cancelamentos por conta de inconsistência cadastral.Ao analisar os dados de 2008 a 2017, percebemos também que o número de famílias contempladas pelo benefício vem diminuindo desde 2013 (14,08 milhões), caindo em 2014 (14 milhões), em 2015 (13,93 milhões), em 2016 (13,56 milhões) e chegando ao número de agosto de 2017 (13,49 milhões).Os números não se associam com a elevação da pobreza no Brasil. De acordo com os dados do IBGE, por mais que a quantidade de pessoas pobres tenha diminuído desde 2004 (22,4%) a 2014 (8,7%), os índices voltaram a subir em 2015 (10%) e em 2016 (11,2%), segundo pesquisa da FGV.EXAGERADOAlagoas era um dos mais expressivos nesse programa e perdeu 21 mil famílias. Se multiplicarmos por três, são mais de 60 mil pessoas diretamente beneficiadas.Ainda de acordo com os dados do Ministério do Desenvolvimento Social e Agrário, 18.365 famílias alagoanas tiveram seus benefícios cortados nos sete primeiro meses deste ano - e não 21 mil, como afirma o senador. Em relação aos valores, o Estado recebeu R$ 854 milhões para o Bolsa Família em 2016 e, até julho de 2017, foram repassados R$ 509 milhões.Se levarmos em conta o mês de agosto, então, o cenário muda: de 376 mil famílias, foi para 395 mil e mais R$ 73 milhões foram repassados ao Estado, totalizando R$ 582 milhões.Além disso, Renan também cometeu um equívoco ao propor uma multiplicação por três para estimar quantas pessoas não estavam sendo beneficiadas. A média brasileira, na última atualização do Censo do IBGE, de 2010, era de 1,77 filho por família. Alagoas, que era um dos Estados com a maior média de filhos por família em 2010 (2,22 filhos), só vai chegar nesse número em 2020. Renan, portanto, deveria ter multiplicado por quatro para ter um resultado mais próximo da realidade alagoana.TwitterFacebookEmailWhatsAppLeia tambémCinco fatos sobre migraçãoNão é verdade que Moro afastou promotor do caso Queiroz e delegado que investiga morte de MarielleHomem em foto com Flávio Bolsonaro é assessor do senador, não acusado de matar Marielle]"	1
104	Bolsonaro autoriza execução da dívida da Globo de R$ 358 milhões de impostos sonegados	" #Verificamos: É falsa notícia de que Bolsonaro autorizou execução de dívida da GloboSuposta fonte da informação, Diário Oficial da União não traz qualquer decisão do tipoCircula nas redes sociais ""notícia"" de que o presidente Jair Bolsonaro autorizou a execução de uma suposta dívida da TV Globo no valor de R$ 358 milhões. Por meio do projeto de verificação de notícias, usuários do Facebook solicitaram que esse material fosse analisado. Confira a seguir o trabalho de verificação da Lupa:""Bolsonaro autoriza execução da dívida da Globo de R$ 358 milhões de impostos sonegados""Conteúdo publicado nos sites Primeiro Governo, Política Atual e De Olho News, com mais de 65 mil compartilhamentos até as 18h20 do dia 9 de janeiro de 2018FALSONão há qualquer decisão do presidente neste sentido registrada no Diário Oficial da União(DOU) do dia 8 de janeiro, como cita a publicação falsa. Também não há qualquer referência a uma suposta dívida da TV Globo nas edições publicadas entre os dias 2 e 9 de janeiro.O Grupo Globo aparece no DOU do dia 8 de janeiro, mas no detalhamento de um contrato do Fundo Nacional de Desenvolvimento da Educação com a Editora Globo Livros para a ""aquisição de obras literárias para atendimento ao Programa Nacional do Livro Didático."" O extrato está publicado na Seção 3. A Lupa contatou a Procuradoria-Geral da Fazenda Nacional (PGFN) que, em nota, confirmou a falsidade da informação. ""A notícia divulgada não tem procedência e não houve publicação de ato no Diário Oficial da União neste sentido"", diz a nota.A PGFN esclareceu, também, que ""a cobrança de débitos tributários federais é atividade administrativa estritamente vinculada, praticada pelos órgãos competentes que compõem a Administração Tributária Federal (Secretaria da Receita Federal do Brasil e Procuradoria-Geral da Fazenda Nacional), observando a legislação de regência e critérios exclusivamente técnicos"". Ou seja, não cabe ao presidente determinar a execução de dívidas. *Nota: esta reportagem faz parte do projeto de verificação de notícias no Facebook. Dúvidas sobre o projeto? Entre em contato direto com o Facebook.Editado por: Natália Leal"	1
105	Governo impede desconto em folha e determina que contribuição sindical deve ser feita via boleto. A contribuição sindical já havia deixado de ser obrigatória na reforma trabalhista proposta pelo governo. A medida provisória tem força de lei e passa a valer a partir de sua publicação. 	"""Governo impede desconto em folha e determina que contribuição sindical deve ser feita via boleto""Mudança está em medida provisória assinada pelo presidente Jair Bolsonaro, começa a valer imediatamente, mas perde efeito se não for aprovada pelo Congresso em até 120 dias. As contribuições financeiras de trabalhadores para seus sindicatos não poderão mais ser descontadas diretamente dos salários e terão, a partir de agora, que ser pagas exclusivamente por boleto bancário.Essa nova regra está prevista em uma medida provisória assinada pelo presidente Jair Bolsonaro e pelo ministro da Economia, Paulo Guedes, publicada em edição extra do ""Diário Oficial da União"" da sexta-feira (1º).Uma medida provisória tem força de lei e passa a valer a partir de sua publicação. Entretanto, ela precisa ser aprovada pelo Congresso em até 120 dias, caso contrário perde validade e a regra antiga volta a vigorar.A contribuição sindical já havia deixado de ser obrigatória na reforma trabalhista proposta pelo governo do ex-presidente Michel Temer e aprovada pelo Congresso em 2017. Desde então, os trabalhadores são obrigados a expressar a vontade de contribuir para seu sindicato, mas o desconto continuava sendo feito diretamente do salário pelas empresas, como antes da reforma.Reforma trabalhista completa 1 ano; veja os principais efeitosEm uma rede social, o secretário de Previdência e Trabalho do governo Bolsonaro, Rogério Marinho, disse que a decisão do governo de editar uma medida provisória para tratar do assunto se deve ""ao ativismo judiciário que tem contraditado o legislativo e permitido cobrança"" das contribuições sindicais.Marinho foi o relator da proposta da reforma trabalhista do governo Michel Temer.Desde o fim de 2017, sindicatos recorrem à Justiça para tentar manter a cobrança, mas a maioria das ações tem sido rejeitada no TST.Em julho, o Supremo Tribunal Federal (STF) negou os pedidos para tornar novamente obrigatório o pagamento da contribuição sindical pelos trabalhadores. A Corte analisou 19 ações de entidades sindicais contra a regra da reforma trabalhista que tornou o repasse facultativo, em que cabe ao trabalhador autorizar o desconto na remuneração.A medida provisória pode dificultar o recolhimento das contribuições pelos sindicatos, que desde a reforma trabalhista perderam arrecadação. No ano passado, no acumulado até setembro, a arrecadação da contribuição sindical despencou 86% em relação ao mesmo período de 2017, passando de R$ 1,9 bilhão para R$ 276 milhões.A MP altera alguns artigos da Consolidação das Leis do Trabalho (CLT), entre eles o 582. Antes da mudança, esse artigo estabelecia a obrigatoriedade de ""os empregadores"" descontarem a contribuição sindical ""da folha de pagamento de seus empregados.""Na nova redação, estabelecida pela medida provisória de Bolsonaro, o ""recolhimento da contribuição sindical será feita exclusivamente por meio de boleto bancário ou equivalente eletrônico, que será encaminhado obrigatoriamente à residência do empregado ou, na hipótese de impossibilidade de recebimento, à sede da empresa.""Outro artigo alterado é o 578. Antes, ele previa o recolhimento e pagamento da contribuição sindical ""desde que prévia e expressamente"" autorizado.Agora, o artigo reforça a necessidade de que o pagamento seja ""prévia, voluntária, individual e expressamente autorizado pelo empregado.""No comentário feito em rede social, o secretário de Previdência e Trabalho do governo Bolsonaro, Rogério Marinho, afirmou que a medida provisória ""deixa ainda mais claro que contribuição sindical é fruto de prévia, expressa e individual autorização do trabalhador."" "	-1
106	Após desistência de Renan e duas votações, Davi Alcolumbre é eleito presidente do Senado em 1º turno. O senador do Amapá recebeu 42 votos, um a mais que o mínimo necessário para vencer no 1º turno. Com o resultado, DEM passa a deter o comando de Senado e Câmara. Dos 81 senadores, votaram 77.	"""Após desistência de Renan e duas votações, Davi Alcolumbre é eleito presidente do Senado em 1º turno""Senador do Amapá recebeu 42 votos, um a mais que o mínimo necessário para vencer no 1º turno. Com o resultado, DEM passa a deter o comando de Senado e Câmara. O senador Davi Alcolumbre (DEM-AP), 41 anos, se elegeu presidente do Senado neste sábado (2) ao obter 42 votos, um a mais que os 41 necessários para um candidato ganhar no primeiro turno. Dos 81 senadores, votaram 77.É a segunda vez que o MDB perde uma eleição para a presidência do Senado desde o fim da ditadura. Renan Calheiros (MDB-AL) buscava se tornar presidente da Casa pela quinta vez. Mas abandonou a candidatura durante a eleição por entender o processo ""deslegitimado"".Com a vitória de Alcolumbre _ um aliado do ministro Onyx Lorenzoni (Casa Civil), de quem recebeu apoio nos bastidores _, o DEM passa a comandar o Senado Federal e a Câmara dos Deputados _ nesta sexta-feira (1º), Rodrigo Maia (DEM-RJ) foi reeleito presidente da Câmara, também em primeiro turno.O resultado da eleição no Senado foi o seguinte:A vitória de Davi Alcolumbre foi precedida de:Logo após o anúncio da vitória, Davi Alcolumbre assumiu a cadeira de presidente. Ele cumprimentou todos os concorrentes, inclusive Renan Calheiros. Disse que dará ao rival o mesmo tratamento conferido aos demais colegas.""Quero dizer ao senador Renan Calheiros que terá dessa presidência o mesmo tratamento que todos os partidos devem ter"", afirmou.O novo presidente do Senado destacou a importância de ""reunificar"" a Casa e afirmou que não conduzirá os trabalhos com ""revanchismo"". Segundo ele, a condição de adversários é ""passageira"", enquanto as instituições são permanentes.""Deixo claro também que não conduzirei um Senado de revanchismo. Os meus adversários terão, todos eles, de minha parte, pujante disposição para o diálogo e cooperação"", declarou.Alcolumbre declarou que, a depender da condução dele, a sessão na qual se elegeu presidente terá sido a ""derradeira sessão do segredismo, do conforto enganoso do voto secreto"".O parlamentar afirmou que na Casa não haverá senadores de alto ou de baixo clero. ""Todos serão tratados com a mais absoluta deferência e respeito"", declarou.Alcolumbre pediu ""desculpas pelos ultrajes que apequenaram o Senado"" e disse que terá ""grande espírito público"" na função de presidente.""Espero deixar esta Casa com o país retomando os trilhos, enfrentando as reformas complexas com a urgência que nosso país reclama"", declarou.Em entrevista à GloboNews (veja no vídeo acima), Alcolumbre disse que a agenda econômica será prioridade no Senado e defendeu a reforma da Previdência.Indagado sobre a suspeita de fraude na eleição à presidência do Senado, afirmou que vai determinar a apuração sobre o que aconteceu.Ele atribuiu a vitória à renovação política resultante das eleições de outubro. ""A mudança que vem das urnas aconteceu hoje no plenário do Senado Federal"", disse.Perguntado sobre o compromisso com medidas de combate à corrupção, o novo presidente do Senado disse que a Mesa Diretora e os líderes vão definir a pauta. ""Não será uma decisão exclusiva do presidente"", afirmou.E acrescentou: ""Eu tenho que tratar todos os projetos que forem encaminhados para o Senado com a celeridade e a urgência que eles merecem. Como eu me propus a ser um presidente que vai dividir o poder, eu quero dar essa resposta para você a partir do momento em que os partidos indicarem todos os líderes, e os líderes definirem a pauta"".A sessão que elegeu Alcolumbre se iniciou na tarde de sexta-feira, mas foi suspensa à noite após um tumulto motivado pelo debate sobre voto aberto ou fechado e pela contestação à presença de Alcolumbre _ que era um dos candidatos _ na condução dos trabalhos (veja no vídeo abaixo). Ele assumiu a presidência porque, embora suplente, foi o único dos integrantes da Mesa Diretora da legislatura anterior que se reelegeu.Enquanto presidiu a sessão, Alcolumbre colocou em votação uma questão de ordem sobre voto aberto para a eleição, aprovada por 50 votos a 2 e uma abstenção _ 28 senadores não votaram.Aliados do senador Renan Calheiros (MDB-AL) _ também candidato _ se insurgiram contra a decisão, sob o argumento de que a votação violava o regimento do Senado, que prevê voto secreto.Por proposta do senador Cid Gomes (PDT-CE), aprovada por votação simbólica, a sessão foi suspensa pouco depois das 22h e remarcada para a manhã deste sábado. Alcolumbre concordou em deixar a presidência da sessão desde que o resultado da votação sobre o voto aberto fosse respeitado.Mas, na madrugada, os partidos Solidariedade e MDB ingressaram com uma ação no Supremo Tribunal Federal (STF) para anular a votação conduzida por Alcolumbre e impedir que candidatos a presidente do Senado comandassem a sessão.Às 3h45, o ministro Dias Toffoli, presidente do tribunal, declarou nulo o processo de votação da noite de sexta-feira, determinou votação secreta e mandou comunicar a decisão ao senador José Maranhão (MDB-PB), que, conforme ""anunciado publicamente"", iria comandar a sessão por ser o mais idoso. A decisão foi tomada por Toffoli porque o tipo de ação apresentada é de competência do presidente do Supremo.""Estou convencido da nulidade do resultado da questão de ordem, que operou verdadeira metamorfose casuística à norma do art. 60 do RISF [Regimento Interno do Senado Federal], pois, ainda que tenha ocorrido por maioria, a superação da norma em questão, por acordo, demanda deliberação nominal da unanimidade do Plenário, o que não ocorreu naquela reunião meramente preparatória"", escreveu o ministro na decisão.Ele também apontou na decisão ""conflito de interesses"" se um candidato conduzir o processo de votação.""A conclusão lógica a que se chega é de que, por imperativo constitucional e regimental, candidato declarado à Presidência do Senado, como na espécie, não pode presidir reunião preparatória, já que interesses particulares não devem se sobrepor às finalidades republicanas das reuniões preparatórias. Há inegavelmente verdadeiro conflito de interesses"", afirmou.Embora a votação tenha sido secreta, muitos senadores favoráveis ao voto aberto criticaram no plenário a decisão do presidente do STF e declararam o voto no microfone ou exibiram a cédula de papel antes de introduzi-la na urna.Antes de se iniciar o processo de votação, nove candidatos discursaram no plenário. Nessa etapa, três senadores _ Alvaro Dias (Pode-PR), Major Olímpio (PSL-SP) e Simone Tebet (MDB-MS), que havia se lançado de forma avulsa _ renunciaram às candidaturas e manifestaram apoio a Alcolumbre.Com isso, mantiveram-se na disputa, além de Renan Calheiros e Alcolumbre, os senadores Fernando Collor (Pros-AL), Reguffe (sem partido-DF), Angelo Coronel (PSD-BA) e Esperidião Amin (PP-SC).Concluída a votação, iniciou-se a etapa de apuração dos votos. Mas identificou-se que a urna continha 82 votos _ os senadores são 81 (veja no vídeo acima). Havia 80 envelopes com uma cédula cada um e duas cédulas sem envelopes. Imagens feitas pela TV Globo revelaram que os votos dessas duas cédulas sem envelopes eram para Renan Calheiros.Decidiu-se, então, anular a primeira votação e se iniciar um segundo processo. Enquanto a votação transcorria pela segunda vez, Renan Calheiros foi ao microfone e anunciou que retirava a candidatura. Isso provocou nova interrupção e outro debate sobre a continuidade ou não daquele segundo processo de votação. A decisão foi por prosseguir. "	-1
107	"""Esta é uma decisão meio que inócua que a gente tomou: só votar na CCJ depois do dia 20 [quando o governo deve enviar o texto sobre militares]."" ""O presidente da Câmara, Rodrigo Maia (DEM-RJ), afirmou nesta terça-feira (12) ser possível a Comissão de Constituição e Justiça (CCJ) votar a proposta de reforma da Previdência entre os dias 27 e 28 deste mês."" ""O acordo firmado entre os líderes partidários nesta segunda (11), a CCJ, contudo, só analisará a reforma após o governo enviar a proposta para a aposentadoria dos militares."""	"""Rodrigo Maia diz ser possível CCJ votar Previdência entre os dias 27 e 28 de março""Comissão de Constituição e Justiça será instalada nesta quarta (13) e será 1ª etapa da tramitação da reforma. Por acordo, CCJ só votará texto após governo enviar proposta sobre militares. O presidente da Câmara, Rodrigo Maia (DEM-RJ), afirmou nesta terça-feira (12) ser possível a Comissão de Constituição e Justiça (CCJ) votar a proposta de reforma da Previdência entre os dias 27 e 28 deste mês.A instalação da CCJ está marcada para esta quarta (13), e caberá à comissão analisar se a reforma da Previdência está de acordo com a Constituição.Pelo acordo firmado entre os líderes partidários nesta segunda (11), a CCJ, contudo, só analisará a reforma após o governo enviar a proposta para a aposentadoria dos militares.""Esta é uma decisão meio que inócua que a gente tomou: só votar na CCJ depois do dia 20 [quando o governo deve enviar o texto sobre militares]. Infelizmente ou felizmente, o regimento [da Câmara] só permite que seja votado lá pelo dia 27, 28"", declarou Rodrigo Maia.Se a CCJ aprovar a admissibilidade da reforma, ou seja, entender que a proposta está de acordo com a Constituição, o texto seguirá para análise de uma comissão especial, à qual caberá discutir o mérito, portanto, o conteúdo da reforma.Por se tratar de emenda à Constituição (PEC), a reforma precisa dos votos de pelo menos 308 dos 513 deputados, em dois turnos de votação, quando for analisada pelo plenário da Câmara.Rodrigo Maia já estimou ser possível o plenário votar o texto em maio e, na opinião dele, o governo precisa contar os votos de cerca de 350 deputados para ter margem para aprovar a reforma.""Se o governo tiver 320 votos não passa. Tem que ter 350 votos para aprovar uma reforma da Previdência"", declarou o presidente da Câmara. "	-1
108	Mourão defende corredor de escape para Maduro deixar a Venezuela. Ele ainda afirmou que decreto sobre sigilo de informações não fere Lei de Acesso a Informações. A Venezuela passa por uma forte crise política, econômica e social.	"""Mourão defende corredor de escape para Maduro deixar a Venezuela""Vice-presidente disse que Maduro deve sair do país vizinho para a Venezuela se reconstruir. Ele ainda afirmou que decreto sobre sigilo de informações não fere Lei de Acesso a Informações.  O vice-presidente Hamilton Mourão disse nesta quinta-feira (24), em entrevista ao programa do jornalista Roberto DÁvila, na GloboNews, que deve ser criado um ""corredor de escape"" para o presidente Nicolás Maduro ""e seu pessoal"" deixarem a Venezuela.Mourão, nesta semana, é o presidente da República em exercício, com a viagem de Jair Bolsonaro para participar do Fórum Econômico Mundial, em Davos, na Suíça.A Venezuela passa por uma forte crise política, econômica e social. A tensão no país vizinho se agravou na quarta-feira (23), quando o presidente da Assembleia Nacional e líder da oposição, Juan Guaidó, se autoproclamou presidente interino do país.A oposição na Venezuela e alguns países da comunidade internacional, entre eles o Brasil e os Estados Unidos, não reconhecem o mandato de Maduro, sob a alegação de que a eleição vencida por ele, no ano passado, foi fraudada.Na entrevista a Roberto DÁvila, Mourão foi questionado sobre o risco de uma eventual guerra civil na Venezuela.""Eu ainda julgo que a grande missão que os outros países têm é oferecer uma saída para o Maduro e seu pessoal. Tem que ter um corredor de escape"", afirmou o vice-presidente.Ele lembrou que na batalha de Lomas Valentinas (1868), na Guerra do Paraguai, o marechal brasileiro Caxias deu a possibilidade de escapada para o líder paraguaio, Solano López.""Eu até citei outro dia que na batalha de Lomas Valentinas o Caxias deixou um lugar para o Solano López escapar. Então nós temos que deixar um lugar para o Maduro e sua turma escaparem"", afirmou Mourão. ""Deixar ele [Maduro] ir embora e o país se reconstruir a partir daí"", completou.Para Mourão, o fato de o governo brasileiro ter reconhecido Guaidó como o presidente interino é condizente com o entendimento do Grupo de Lima, do qual o Brasil faz parte. O grupo, além de Brasil e Peru, tem outros 11 países: Argentina, Canadá, Colômbia, Costa Rica, Chile, Guatemala, Guiana, Honduras, México, Panamá e Paraguai. Em janeiro, o grupo decidiu que não reconheceria o mandato de Maduro.""Na realidade, já a resolução do Grupo de Lima já tinha sido uma resolução bem forte e a partir dali considerava o governo do Maduro na ilegalidade. Acho que nós [governo brasileiro] simplesmente seguimos o que o Grupo de Lima, integrado pelos nossos vizinhos da América do Sul e outros países, já tinha previsto"", disse Mourão.Mourão também foi questionado sobre o decreto, assinado por ele, que altera regras da Lei de Acesso à Informação (LAI).O decreto permite que servidores comissionados e dirigentes de fundações, autarquias e empresas públicas imponham sigilo ultrassecreto a dados públicos.Antes, a classificação dos documentos só podia ser feita pelo presidente e vice-presidente da República, ministros de Estado e autoridades equivalentes, além dos comandantes das Forças Armadas e chefes de missões diplomáticas no exterior.De acordo com Mourão, o decreto vai dar mais agilidade para o processo de impor sigilo a uma informação e também para retirar o sigilo.""Isso é uma questão que a gente tem que equilibrar; segurança com a transparência necessária dos atos do governo. Nós não ferimos em nenhum momento a LAI. O regulamento da lei, que era o decreto que estava em vigor, ele era muito mais draconiano e engessava, tornava burocrática a questão própria não só de você dar um grau de sigilo a um documento, como principalmente você desabilitar aquele grau de sigilo, pelas comissões que havia"", disse o vice-presidente.""Então ficava tudo concentrado na mão do ministro, que acabava atrasando os trabalhos. Então, agora, terá maior rapidez para não só colocar o próprio grau de sigilo, como também para levantar esse grau de sigilo"", completou Mourão.Outro tema da entrevista foi o caso do senador Flávio Bolsonaro (PSL-RJ), filho do presidente Jair Bolsonaro.O Conselho de Controle de Atividades Financeiras (Coaf) identificou 48 depósitos de R$ 2 mil entre junho e julho de 2017 e um pagamento de pouco mais de R$ 1 milhão de um título bancário da Caixa Econômica Federal na conta de Flávio Bolsonaro.Além disso, um ex-assessor de Flávio, o motorista Fabrício Queiroz, é investigado por movimentações atípicas identificadas pelo Coaf no valor de até R$ 7 milhões em três anos.A exemplo do que tem dito nos últimos dias, Mourão afirmou que o caso não diz respeito ao governo.""Eu tenho dito seguidamente que essa questão pertence ao Flávio. O Flávio era deputado estadual lá no Rio de Janeiro, e os fatos todos estão ligados ao período desses mandatos que ele teve lá no Rio de Janeiro. Até citei uma expressão que o Exército usa, que é o famoso ""apurundaso"", apurar e punir se for o caso, que foi o que o próprio presidente [Bolsonaro] falou"", disse Mourão.Para ele, as investigações devem continuar. Mourão disse que a ""lei é para todos"".""Então eu julgo que nós temos que esperar o trabalho que está sendo feito pelo Ministério Público do Rio de Janeiro, em termos de investigação, e que depois siga os trâmites normais de qualquer processo judicial. Deixando claro, e eu acho que o presidente também deixou isso claro, a lei é para todos"", concluiu o vice-presidente. "	-1
109	"""Proposta de nova previdência para militares aumenta tempo de serviço e alíquota de contribuição."" ""O prazo prometido pelo governo para enviar o projeto de lei ao Congresso termina na quarta-feira (20)."" ""Militares querem contrapartidas, como reajustes e reestruturação da carreira."" ""O Ministério da Defesa já entregou ao Ministério da Economia proposta de mudança na previdência dos militares."""	"""Proposta de nova previdência para militares aumenta tempo de serviço e alíquota de contribuição""Prazo prometido pelo governo para enviar o projeto de lei ao Congresso termina na quarta-feira (20). Militares querem contrapartidas, como reajustes e reestruturação da carreira. O Ministério da Defesa já entregou ao Ministério da Economia proposta de mudança na previdência dos militares. O texto prevê maior tempo de serviço, aumento da alíquota de contribuição, mas também propõe contrapartidas aos militares, como reajustes e uma reestruturação da carreira.Os técnicos da equipe econômica estão calculando o impacto financeiro da proposta do Ministério da Defesa e fazendo ajustes no texto. O governo garante que o texto estará pronto para ser enviado ao Congresso até a próxima quarta-feira (20).Em fevereiro, o governo entregou ao Congresso proposta de emenda constitucional (PEC) da reforma da Previdência, com mudanças nas regras para trabalhadores do setor privado e servidores públicos. As regras para os militares ficaram de ser apresentadas pelo governo em um texto separado.A proposta de reforma da previdência dos militares prevê um aumento escalonado na alíquota de contribuição. Os atuais 7,5% subiriam um ponto percentual por ano a partir do ano que vem, chegando a 10,5% em 2022.Essa contribuição também passa a ser paga a partir do ano que vem pelos pensionistas. A lista de beneficiados do sistema de pensões fica mais restrita, só a maridos, mulheres, filhos e pais sem renda.Outra mudança é no tempo de serviço mínimo para entrar na reserva, que passa dos atuais 30 para 35 anos. Pela proposta, esta regra só vai valer para quem entrar nas forças armadas com a lei já em vigor. Quem já tem 30 anos ou mais de serviço vai se aposentar com as regras atuais. Quem já está nas forças se aposenta também pelo modelo em vigor, mas com um pedágio de 17%.Por exemplo: um militar com 10 anos de serviço, que pelas regras atuais precisaria trabalhar mais vinte anos, passaria a ter de trabalhar 23 anos, quatro meses e 24 dias.Para compensar as alterações nos tempos mínimos de serviço e nas alíquotas de contribuição, o Ministério da Defesa quer reajustes e uma reestruturação da carreira.A proposta cria mais um nível hierárquico na carreira militar, o de sargento-mor. Também prevê a edição em até 90 dias de uma política de remuneração com reajustes anuais para a categoria.Os militares querem ainda reajuste no salário de algumas patentes mais baixas e em adicionais e gratificações. Em algumas delas, o percentual adicionado ao salário mais que dobraria em relação ao valor atual. Os militares pedem também criação de um novo adicional, com valores entre cinco e quarenta e um por cento do salário, e que seria incluído no cálculo da aposentadoria.De acordo com a proposta, também ficam mantidas a integralidade do benefício e a paridade entre os salários da ativa e os valores destinados a quem está na reserva.Entre as ideias em discussão, está a redução do intervalo de tempo para o aumento da alíquota e menores reajustes nas gratificações e adicionais. Com isso, o governo quer evitar que as mudanças gerem mais custos nos próximos 10 anos. "	-1
110	Toffoli autoriza Lula a sair da prisão para se encontrar com familiares em São Bernardo. Mas, segundo lideranças do PT, decisão saiu tarde, e Lula desistiu da viagem. O presidente do Supremo Tribunal Federal (STF), Dias Toffoli, de plantão no recesso do Judiciário, autorizou nesta quarta-feira (30) o ex-presidente Luiz Inácio Lula da Silva a deixar a prisão para se encontrar com familiares. Toffoli atendeu a pedido da defesa de Lula.	"""Toffoli autoriza Lula a sair da prisão para se encontrar com familiares em São Bernardo""Ex-presidente pediu à Justiça para acompanhar enterro do irmão Vavá, nesta quarta (30), em São Bernardo. Mas, segundo lideranças do PT, decisão saiu tarde, e Lula desistiu da viagem. O presidente do Supremo Tribunal Federal (STF), Dias Toffoli, de plantão no recesso do Judiciário, autorizou nesta quarta-feira (30) o ex-presidente Luiz Inácio Lula da Silva a deixar a prisão para se encontrar com familiares.Toffoli atendeu a pedido da defesa de Lula. O ex-presidente pretendia acompanhar o enterro do irmão Genival Inácio da Silva, o Vavá, como era conhecido. Vavá morreu na manhã desta terça-feira (29), aos 79 anos, vítima de câncer, e foi sepultado nesta quarta.Mas, após a decisão do ministro do STF, lideranças do PT informaram que Lula desistiu de ir a São Bernardo. Segundo o ex-ministro Gilberto Carvalho, a decisão saiu muito tarde. ""É lamentável que a decisão só tenha saído a essa hora. É totalmente inviável. Não era para vir ver o corpo do Vavá. Era para falar com a família. O Lula, com muita dignidade, agradeceu, mas não vem, não faz sentido mais"", disse Carvalho.O ministro concedeu o direito de Lula de se encontrar com os familiares em uma unidade militar, com a possibilidade de que o corpo de Vavá fosse levado até lá. O corpo de Vavá, contudo, foi sepultado no início da tarde desta quarta (30), no Cemitério Paulicéia, em São Bernardo do Campo.Em decisão de nove páginas, o ministro Dias Toffoli citou que a Polícia Federal (PF) se manifestou contra o pedido. De acordo com a PF, a falta de tempo hábil para organizar a viagem de Lula a São Bernardo, a fim de comparecer ao velório, impediu a concessão do pedido como foi formulado.Segundo o ministro, a PF também apontou ""risco quanto à segurança dos presentes e dos agentes públicos mobilizados, mormente se levado em conta as notícias veiculadas em redes sociais sobre a convocação de militantes para comparecerem a São Bernardo do Campo, o que corrobora as informações da inteligência policial"".Toffoli disse que essas intercorrências não poderiam impedir o direito de Lula ""ainda que de forma parcial"".""As eventuais intercorrências apontadas no relatório policial, a meu ver, não devem obstar o cumprimento de um direito assegurado àqueles que estão submetidos a regime de cumprimento de pena, ainda que de forma parcial, vale dizer, o direito de o requerente encontrar-se com familiares em local reservado e preestabelecido para prestar a devida solidariedade aos seus, mesmo após o sepultamento, já que não há objeção da lei"", afirmou o ministro.Toffoli proibiu o uso de celulares e outros meios de comunicacçaão, bem como a presencça de imprensa e declaracções públicas. A justificativa é a manutenção da segurança do ex-presidente, dos presentes e dos agentes públicos que o acompanharem.O presidente do Supremo citou que cabe ao Judiciário garantir a segurança dos detentos. ""Prestar a assistência ao preso é um dever indeclinável do Estado (art. 10, da Lei no 7.210/84), sendo certo, ademais, que a República Brasileira tem como um de seus pilares fundamentais a dignidade da pessoa humana"", afirmou.O pedido de Lula apresentado ao STF havia sido rejeitado por instâncias inferiores.No pedido apresentado ao STF, a defesa argumentou que a Lei de Execução Penal prevê o ""direito humanitário"" de o ex-presidente comparecer ao velório.Segundo a norma, os condenados que cumprem pena em regime fechado ou semi-aberto e os presos provisórios podem obter permissão para sair da cadeia, desde que escoltados, quando há o falecimento ou doença grave do cônjuge, companheira, ascendente, descendente ou irmão.Os advogados do ex-presidente ainda relembraram episódio da década de 1980, quando mesmo preso durante a ditadura militar, Lula obteve autorização para comparecer ao velório da mãe, Eurídice Ferreira Mello, a Dona Lindu.O ex-presidente foi condenado por corrupção passiva e lavagem de dinheiro pelo juiz Sérgio Moro a nove anos e seis meses de prisão em julho de 2017.Em janeiro de 2018, o Tribunal Regional Federal da 4ª Região (TRF-4) confirmou a sentença e aumentou a pena do ex-presidente para 12 anos e 1 mês de prisão no caso do triplex em Guarujá (SP).No dia 7 de abril, Lula se entregou à Polícia Federal. Ele está preso na Superintendência da Polícia Federal em Curitiba. "	-1
111	"""Tasso desiste de candidatura no Senado: Não vou participar deste espetáculo deprimente"", a tendência é que bancada do PSDB dê apoio a Davi Alcolumbre (DEM-AP), Major Olímpio (PSL) também deve retirar candidatura a fim de tentar reduzir as chances de vitória de Renan Calheiros. "	"""Tasso desiste de candidatura no Senado: Não vou participar deste espetáculo deprimente""Tendência é que bancada do PSDB dê apoio a Davi Alcolumbre (DEM-AP). Major Olímpio (PSL) também deve retirar candidatura a fim de tentar reduzir as chances de vitória de Renan Calheiros. O senador Tasso Jereissati (PSDB-CE) desistiu de disputar a presidência do Senado. ""Não vou participar deste espetáculo deprimente"", declarou ao Blog o senador.A tendência agora é que a bancada do PSDB dê apoio à candidatura de Davi Alcolumbre (DEM-AP).Major Olímpio (PSL-SP) também deve retirar a candidatura antes da sessão de votação no final da tarde desta sexta.(ATUALIZAÇÃO: após a publicação deste texto, Major Olímpio decidiu manter a candidatura. Ele admitiu que participava de uma articulação para ""enxugar"" candidaturas, mas, como não houve outros gestos como o de Tasso Jereissati, decidiu seguir na disputa.)O objetivo das retiradas de candidaturas é diminuir a fragmentação de postulantes como forma de tentar impedir uma eventual vitória de Renan Calheiros (MDB-AL).Até o início da tarde, havia oito possíveis candidatos a presidente do Senado. Fernando Collor registrou a candidatura no início da tarde.Numa outra articulação, alguns candidatos defendem que a senadora Simone Tebet (MDB-MS), que perdeu a indicação para Renan em reunião da bancada, se inscreva como candidata avulsa. Mas ela resiste.Antes do início da sessão, alguns senadores conversaram com Simone Tebet insistindo para que ela se lance na disputa. "	-1
112	Governo diz a aliados que vai liberar recursos e analisar indicações para cargos. O presidente Jair Bolsonaro e o ministro da Casa Civil, Onyx Lorenzoni, informaram a deputados aliados que o governo vai liberar recursos das emendas e analisar as indicações dos parlamentares para cargos nos estados. O governo sinalizou que deve liberar entre R$ 2 milhões e R$ 3 milhões aos novos parlamentares.	"""Governo diz a aliados que vai liberar recursos e analisar indicações para cargos"" O presidente Jair Bolsonaro e o ministro da Casa Civil, Onyx Lorenzoni, informaram a deputados aliados que o governo vai liberar recursos das emendas e analisar as indicações dos parlamentares para cargos nos estados, informa o repórter Nilson Klava, da GloboNews.Bolsonaro e Onyx se reuniram nesta terça-feira (26) com líderes da base para discutir a articulação política do governo e as medidas necessárias para aprovar a reforma da Previdência Social.Onyx disse que começará a se reunir com as bancadas estaduais e partidárias depois do carnaval para começar a analisar todas as demandas. Disse também que, além das emendas impositivas dos parlamentares reeleitos, irá conversar com o ministro da Economia, Paulo Guedes, para encontrar meios para liberação de recursos para os novos parlamentares.Na reunião com o PSL, na semana passada, o governo sinalizou que deve liberar entre R$ 2 milhões e R$ 3 milhões aos novos parlamentares, além de destinar outros R$ 2 milhões a cada um para conclusão de obras inacabadas nos estados.""Foi uma sinalização boa, um início, mas ainda está engatinhando"", disse um líder que esteve presente à reunião desta terça-feira.O presidente e o ministro também ouviram uma série de reclamações dos aliados. Deputados reclamaram da falta do diálogo do governo, falaram que alguns ministros estão criando dificuldades para receber parlamentares.Durante a reunião, o presidente, mais uma vez, disse que errou ao ser contra a reforma da previdência em projetos anteriores e sinalizou que o governo está disposto a fazer concessões para aprovar as mudanças na aposentadoria. ""A reforma vai ser a possível"", disse o presidente. "	-1
113	"""Deputado Coronel Tadeu diz que apresentará emenda para incluir militares na PEC da Previdência"", o deputado federal Coronel Tadeu (PSL-SP), eleito pelo partido do presidente Jair Bolsonaro, afirmou ao blog que pretende propor uma emenda à PEC da reforma da Previdência para que os militares já sejam contemplados na mesma proposta. ""Eu vou preparar uma emenda na PEC, justamente colocando os militares dentro. Junta tudo. Posso até de repente pensar o projeto dentro da PEC, fazendo suas devidas adaptações para andar tudo junto. É mais rápido"", afirmou o parlamentar. O deputado declarou que não concorda com a separação das reformas e enfatizou que o melhor quadro para tramitação se"	"""Deputado Coronel Tadeu diz que apresentará emenda para incluir militares na PEC da Previdência"" O deputado federal Coronel Tadeu (PSL-SP), eleito pelo partido do presidente Jair Bolsonaro, afirmou ao blog que pretende propor uma emenda à PEC da reforma da Previdência para que os militares já sejam contemplados na mesma proposta.Na semana passada, o governo federal encaminhou ao Congresso a proposta de reforma da Previdência que abrange os trabalhadores do setor privado, que estão no Instituto Nacional do Seguro Social (INSS), e os servidores públicos. A previdência dos militares será discutida em projeto de lei a ser enviado pelo governo.""Eu vou preparar uma emenda na PEC, justamente colocando os militares dentro. Junta tudo. Posso até de repente apensar o projeto dentro da PEC, fazendo suas devidas adaptações para andar tudo junto. É mais rápido"", afirmou o parlamentar.O deputado declarou que não concorda com a separação das reformas e enfatizou que o melhor quadro para tramitação seria com as duas propostas juntas.Segundo o parlamentar, a separação causou desconforto em policiais militares que cumprem mandato na Câmara. ""O discurso é quase que único entre nós [militares parlamentares] que incomodou a forma como fomos tratados. Nós não gostamos dessa separação. Poderia, sem nenhum problema, ter vindo tudo junto. Qual seria o problema? Nenhum"", questiona o deputado.Além da questão da separação, o deputado também enfatiza que a reforma dos militares deveria ser elaborada em forma de Proposta de Emenda à Constituição (PEC) e não como Projeto de Lei, como o governo pretende.""Pelo campo jurídico, é muito mais seguro para nós estarmos pendurados numa PEC do que em um projeto de lei. Futuramente, se troca o governo e ele resolve mudar a previdência dos militares, haverá um caminho mais fácil sendo uma lei do que uma emenda à Constituição"", afirma o coronel Tadeu.A equipe econômica do governo busca tirar o máximo possível da reforma da Constituição. Internamente, os integrantes do governo acreditam que não faz sentido colocar as regras de aposentadoria dos militares na Constituição porque elas sempre estiveram fora.O secretário de Previdência e Trabalho do Ministério da Economia, Rogério Marinho, explica que as regras sobre os militares constam de leis ordinárias e não na Constituição e, por isso, não podem ser modificadas por meio de uma PEC.""Eles [militares] não poderiam entrar na PEC. Essa é uma condição, inclusive, da própria legislação do país. Nós vamos mandar no mesmo momento, apenas em tempos distintos, inclusive chegará aqui antes da votação do primeiro turno da PEC"", disse o secretário quando a proposta do governo foi entregue ao Congresso, na semana passada.Nesta terça-feira (26), Rogério Marinho afirmou que o governo federal irá encaminhar ao Congresso, até 20 de março, o projeto que reestrutura a aposentadoria dos militares.Na noite desta terça-feira, Bolsonaro se reuniu com deputados aliados no Palácio do Alvorada para discutir, entre outros assuntos, a reforma da Previdência. Segundo o secretário especial de Previdência e Trabalho, Rogério Marinho, o governo deve encaminhar o projeto de aposentadoria dos militares até o dia 20 de março para a Câmara.O deputado Coronel Tadeu voltou a defender a bandeira de que os policiais militares tem direitos e deveres diferentes dos trabalhadores que cumprem a CLT e, por isso, merecem uma compensação no momento da aposentadoria.""O estresse nosso é incomparável com qualquer outra profissão. Temos uma situação excepcional. Nada mais é do que uma compensação, o fato de você aposentar antes, com a integralidade do salário, daquilo que o trabalhador comum tem: garantia, hora extra, adicional de periculosidade, de insalubridade"", enfatizou o coronel. "	-1
114	No 1º mês, governo Bolsonaro mostra comunicação frágil e usa Davos como vitrine.	"""No 1º mês, governo Bolsonaro mostra comunicação frágil e usa Davos como vitrine"""	-1
115	"""O presidente do Supremo Tribunal Federal no uso de atribuições que lhe conferem o regimento interno considerando que velar pela intangibilidade das prerrogativas do Supremo"" , ""O ministro anunciou a medida no início da sessão da Corte desta quinta"", ""Dias Toffoli nomeou o ministro Alexandre de Moraes como instritor do processo"", ""A portaria não delimita um objeto específico ou grupo a ser investigado, apenas as possíveis infrações""."	"""Toffoli abre inquérito para apurar notícias fraudulentas, ofensas e ameaças a ministros do STF""Presidente do Supremo determinou abertura de inquérito para apurar notícias fraudulentas, denunciações caluniosas, ameaças e infrações que atinjam o STF, seus ministros e familiares. O presidente do Supremo Tribunal Federal (STF), ministro Dias Toffoli, anunciou nesta quinta-feira (14) abertura de inquérito criminal para apurar ""notícias fraudulentas"", ofensas e ameaças, que ""atingem a honorabilidade e a segurança do Supremo Tribunal Federal, de seus membros e familiares"".O ministro anunciou a medida no início da sessão da Corte desta quinta. Dias Toffoli nomeou o ministro Alexandre de Moraes como instrutor do processo.A portaria não delimita um objeto específico ou grupo a ser investigado, apenas as possíveis infrações.""O presidente do Supremo Tribunal Federal no uso de atribuições que lhe conferem o regimento interno considerando que velar pela intangibilidade das prerrogativas do Supremo Tribunal Federal e dos seus membros é atribuição regimental do presidente da corte, considerando a existência de notícias fraudulentas, conhecidas como fake news, denunciações caluniosas, ameças e infrações revestidas de animus caluniandi, diffamandi e injuriandi, que atingem a honorabilidade e a segurança do Supremo Tribunal Federal, de seus membros e familiares, resolve, como resolvido já está, nos termos do artigo 43, instaurar inquérito criminal para apuração de fatos e infrações correspondentes em toda sua dimensão. Designo instrutor do feito o ministro Alexandre de Moraes que poderá requerer estrutura necessária"", afirmou o ministro.O ministro destacou que o STF sempre atou na defesa das liberdades, em especial, ""na liberdade de imprensa e de uma imprensa livre em vários dos seus julgados"". "	-1
116	Ministério da Justiça manda PF apurar suposto ataque de militantes contra ministro do Meio Ambiente na BA. O MST e o partido negam as acusações. Salles disse que o carro em que estava com servidores públicos foi cercado após solenidade de lançamento da pedra inaugural de concessão para revitalização do Parque Nacional Pau Brasil.	"""Ministério da Justiça manda PF apurar suposto ataque de militantes contra ministro do Meio Ambiente na BA""Situação teria ocorrido durante visita de Ricardo Salles ao Parque Nacional do Pau Brasil, em Porto Seguro. MST diz que há \""tentativa de criminalização\"" contra manifestantes e PCO afirma que houve \""armação\"" e que carro com ministro foi jogado contra grupo ligado ao partido. O Ministério da Justiça e Segurança Pública determinou à Polícia Federal a abertura de inquérito para apurar denúncia feita pelo ministro do Meio Ambiente, Ricardo Salles, que relatou ter sido alvo de tentativa de agressão por parte de integrantes do Partido da Causa Operária (PCO) e do Movimento dos Trabalhadores Rurais Sem Terra (MST) durante uma visita à Bahia, na quarta-feira (27). O MST e o partido negam as acusações.Salles disse que o carro em que estava com servidores públicos foi cercado após solenidade de lançamento da pedra inaugural de concessão para revitalização do Parque Nacional Pau Brasil, em Porto Seguro, no sul do estado e que veículos oficiais foram depredados por manifestantes.Ele usou o perfil no Instagram para relatar o ocorrido e classificou o episódio como uma ""vergonha"".""Na manhã de hoje, logo após uma bela e comemorativa agenda de Concessão ao setor privado do Parque Nacional Pau Brasil em Porto Seguro -BA, fomos cercados e atacados por membros do MST e do PCO, que agrediram as pessoas e depredaram viaturas oficiais do MMA. Uma vergonha"", escreveu Salles na postagem.Na postagem, o ministro publicou um vídeo que mostra o momento em que manifestantes se aproximam do carro em que ele estava e também uma foto que mostra um carro com adesivo do governo federal com uma bandeira do PCO estendida na parte da frente e o vidro dianteiro estilhaçado.Ainda no post, o ministro publicou a foto de um suposto manifestantes que teria relação com o ocorrido.Conforme relato dos servidores que acompanhavam o ministro, houve momentos de tensão devido à violência dos manifestantes. De acordo com o depoimento colhido pelas autoridades, um dos membros da manifestação chegou a subir no teto do carro oficial, destruindo partes do veículo e, municiado de uma pedra, quebrou o para-brisa, bradando palavras de ordem e palavrões, ameaçando diretamente o ministro Ricardo Salles.O Ministério da Justiça e Segurança Pública informou que para identificar os suspeitos, solicitou que a PF, por meio de inquérito, apure o caso como ""ameaça e dano qualificado contra um ministro de Estado"".O MST e o PCO rebateram as acusações do ministro e dos demais servidores que o acompanhavam.A assessoria de comunicação do Movimento dos Trabalhadores Rurais Sem Terra no sul da Bahia divulgou nota em que afirma que repudia o que chamou de ""tentativa de criminalização"" contra o MST. Disse que os manifestantes realizavam apenas uma manifestação contra a tentativa de privatização do Parque Nacional do Pau Brasil.A assessoria ainda enviou a imprensa um vídeo com depoimento de Evanildo Costa, da direção nacional do MST na Bahia, sobre o caso.No vídeo Evanildo diz que ""Estamos acompanhando pelas redes sociais mais uma tentativa do governo de criminalizar o MST, mediante a manifestação espontânea que houve da população e diversas organizações no extremo sul da Bahia. As pessoas estavam protestando contra a privatização do parque e em defesa dos indígenas"", disse Evanildo Costa, da direção nacional do MST na Bahia.""O MST não pratica e nem incentiva a violência, ao contrário, vemos membros do governo incentivando a violência contra os movimentos sociais, quilombolas e indígenas. A gente sabe o tanto de assassinato que já ocorreu nesse país, fruto desse incentivo, tanto de índio, quanto negro, quanto LGBTs. Estamos aqui repudiando essa atitude de violência contra os movimentos e ao mesmo tempo questionando e repudiando todo esse processo de entreguismo, todo esse processo de privatização dos recursos naturais que o governo vem fazendo para o capital financeiro internacional, principalmente"", completou.O PCO informou que não houve tentativa de agressão contra o ministro e as acusações dele são falsas. O partido divulgou uma nota no site Causa Operária, ligado ao PCO, em que afirma que o carro da comitiva do ministro foi jogado contra os manifestantes que protestavam contra a privatização do Parque.Além disso, Antônio Carlos Silva, membro da Direção Nacional do PCO, fez uma transmissão ao vivo via YouTube, ainda na quarta-feira, para falar sobre o caso. Ele também negou as acusações de Salles e disse que houve uma ""armação"" contra os manifestantes.""Ele fez lá uma cerimônia com assessores, com pessoas que provavelmente tenham interesse na privatização do parque. Quando os manifestantes chegaram, o ministro se retirou do local, foi correndo para o carro com assessores e tentou se evadir do local como um fujão, como uma pessoa, embora sendo um ministro, uma pessoa pública, que se recusa a dar as devidas explicações ao povo. O carro em que o ministro se encontrava se lança contra a multidão. Começa a acelerar, vai de encontro, inclusive ameaçando a vida dos manifestantes"", destacou.Silva diz que não houve tentativa de agressão.""Não acontece absolutamente nada que tenha a ver com agressão, como as alegações do ministro. Inclusive, nos vídeos, não há nada que mostre isso, nenhuma foto, nada. Aparece, inclusive nas imagens divulgadas pela imprensa e pelo próprio ministro policiais acompanhando ao lado dos manifestantes. Se tivesse acontecendo alguma coisa que tivesse colocado em risco o ministro, como ele alega falsamente, a polícia tava acompanhando. Não há nenhum enfrentamento, nada disso, apenas o pessoal tentando bloquear a ação agressiva da parte do carro que conduzia o ministro com seus assessores"", destacou.O diretor do PCO ainda diz que uma bandeira foi roubada dos manifestantes e usada, segundo ele, para ""armar"" a cena em que o carro oficial aparece com o vidro quebrado.""momentos depois que o ministro se retira em fuga, atitude covarde, medrosa, que tem medo do povo, medo de conversar com a população, uma bandeira é roubada por parte de alguns policiais. Roubam a bandeira de militantes do PCO que estavam no local, junto com companheiros do MST, de outros setores da esquerda, sindicatos... A bandeira é roubada e aí a gente vai ver algumas horas depois essa bandeira na foto. Se vocês verem a foto postada pelo ministro, é uma armação. O carro está vazio, com a porta aberta, uma bandeira do PCO colocada sobre o carro que supostamente teria o seu vidro quebrado e aparece a acusação do ministro de que tenham sido os manifestantes que fizeram isso daí. O carro foi colocado numa pose para a foto e quem roubou a bandeira, obviamente uma armação da polícia, da segurança do ministro, colocou lá para fazer uma armação e procurar criar uma provocação, numa atitude totalmente de falsificação contra o partido"", disse.Antônio Carlos Silva ainda nega que o membro do partido cuja foto foi publicada pelo ministro tenha envolvimento com o caso.""O ministro apresenta aí dossiê com colocações sobre o militante nosso que teria sido responsável por essa atitude, coisa que não houve. Fala de peças quebradas do carro, sendo que o carro se retirou, inclusive, as pressas do local"", destacou.A assessoria de comunicação do ministro Ricardo Salles disse que não vai divulgar posicionamento sobre o caso, mas pediu que o G1 encaminhasse um email para que o próprio ministro possa falar sobre o ocorrido. A reportagem aguarda um retorno dele. "	-1
117	Governo deve enviar projeto de socorro aos estados separado de PEC do pacto federativo. Propostas tem por objetivo atender demandas dos governdadores e prefeitos e, assim, conquistar apoio para a reforma da Previdência. O programa de ajuda aos estados será enviado ao Congresso por meio de um projeto de lei complementar, antes da Proposta de Emendam Constitucional (PEC) do pacto federativo, que pretende desvincular, desobrigar e desindexar os gastos orçamentários. 	"""Governo deve enviar projeto de socorro aos estados separado de PEC do pacto federativo""Propostas tem por objetivo atender demandas dos governadores e prefeitos e, assim, conquistar apoio para a reforma da Previdência. O programa de ajuda aos estados será enviado ao Congresso por meio de um projeto de lei complementar, antes da Proposta de Emenda Constitucional (PEC) do pacto federativo, que pretende desvincular, desobrigar e desindexar os gastos orçamentários.Segundo técnicos do Ministério da Economia ouvidos pelo blog, ainda não está definido se o projeto será enviado para Câmara ou para o Senado, embora haja a convicção de que ele deve correr de forma independente à PEC.O ministro Paulo Guedes pretende enviar a PEC do pacto federativo ao Senado até abril. A ideia inicial era que o programa de socorro aos estados, que estão enfrentando sérios problemas fiscais, estivesse no pacote do pacto federativo.O envio da PEC e do programa de socorro aos estados, esse último por meio do projeto de lei complementar, fazem parte de uma estratégia de atender à demanda dos governadores e prefeitos, ganhando assim a ajuda deles na reforma da Previdência, que já está na Câmara. Além disso, a PEC do pacto federativo, se aprovada, tem impacto fiscal mais imediato que a reforma da Previdência.O programa de socorro aos estados está desenhado para atender a 12 unidades da federação, aquelas que têm nota C na classificação feita pelo Tesouro Nacional, o que significa na prática que elas não podem tomar empréstimos tendo a União como garantidora _ o que faz com que as taxas de juros pagas por esses estados sejam mais elevadas.Os estados atendidos não se enquadram nos critérios do Regime de Recuperação Fiscal, que foi firmado entre a União e o Rio de Janeiro e que pode ter a adesão de Minas Gerais e Rio Grande Sul, porque, entre outros fatores, não possuem alto nível de endividamento.Para dar a garantia aos estados, a União vai demandar contrapartidas de ajuste fiscal, que deverão ser feitas basicamente com o corte de gastos com pessoal e custeio. O acompanhamento do ajuste será feito com uma periodicidade a ser definida pelo Tesouro. E os detalhes do programa serão firmados por meio de portaria.O Tesouro será responsável por dar o sinal verde para os bancos para que as parcelas dos empréstimos possam ser liberadas, progressivamente. "	-1
118	O corregedor-geral eleitoral votou para cassar todos os vereadores eleitos em 2016 por coligação que usou laranjas. O TSE começou a discutir nesta manhã a extensão de punições impostas a coligações que usam candidaturas fictícias para preencher cotas de gênero. O julgamento foi interrompido por um pedido de vista do ministro Edson Fachin. Pela legislação eleitoral, cada partido ou coligação deve preencher o mínimo de 30% e o máximo de 70%	"""Corregedor-geral eleitoral vota por cassar vereadores eleitos em 2016 por coligação que usou laranjas""Julgamento no Tribunal Superior Eleitoral sobre caso ocorrido no Piauí pode abrir precedente aplicável a casos como o de supostos laranjas do PSL. Análise foi suspensa por pedido de vista. O corregedor geral eleitoral, ministro do Tribunal Superior Eleitoral (TSE) Jorge Mussi, votou nesta quinta-feira (14) para cassar todos os vereadores eleitos por duas coligações que usaram candidaturas fictícias, as chamadas candidaturas-laranja, em uma cidade do Piauí nas eleições municipais de 2016.O TSE começou a discutir nesta manhã a extensão de punições impostas a coligações que usam candidaturas fictícias para preencher cota mínima de gênero. O julgamento foi interrompido por um pedido de vista do ministro Edson Fachin.Pela legislação eleitoral, nas eleições proporcionais (vereadores, deputados estaduais e federais), cada partido ou coligação deve preencher o mínimo de 30% e o máximo de 70% para candidaturas de cada sexo.O debate no TSE se dá em torno das eleições municipais de 2016 em Valença do Piauí (PI), onde ficou comprovada fraude de duas coligações (Compromisso com Valença 1 e Compromisso com Valença 2) no preenchimento de cota por gênero. Cinco candidaturas de mulheres à Câmara de Vereadores se provaram fictícias.Em voto nesta manhã, Mussi manteve decisão do Tribunal Regional Eleitoral do Piauí (TRE-PI) e mandou cassar todos os candidatos eleitos pela coligação na eleição proporcional (vereadores), ainda que esses não tenham participado da fraude.O ministro também votou pela inelegibilidade dos que tenham participado do ilícito.""Diante dessas considerações, pelo meu voto, mantém-se a cassação de todos os candidatos que disputaram o pleito pelas duas coligações. No tocante à inelegibilidade e sua abrangência, consoante jurisprudência do TSE, a inelegibilidade constitui sanção personalíssima que se aplica apenas a quem cometeu, participou ou anuiu para a prática ilícita e não ao mero beneficiário"", disse Mussi.O ministro Edson Fachin pediu vista na sequência.A posição, entretanto, deve enfrentar resistência na Corte. O ministro Admar Gonzaga já adiantou que discorda do relator. Para o ministro, o ""comportamento desajustado com os princípios democráticos"" de alguns candidatos não pode prejudicar todos os eleitos, alguns deles, mulheres.""Nós estamos condenando muita gente. Estamos tornando inválidos os votos e frustrando por um tempo alargado a vontade do eleitor"", afirmou.A discussão pode formar um precedente aplicável aos supostos casos de candidaturas laranjas do PSL, partido do presidente Jair Bolsonaro. Há investigações sobre supostas fraudes pelo partido nas eleições de 2018 em Pernambuco e Minas Gerais.Um dos casos envolve o ministro do Turismo, Marcelo Álvaro Antônio, alvo de apurações que miram irregularidades no repasse de recursos do Fundo Especial de Financiamento de Campanha pelo PSL a quatro candidatas a deputado estadual e federal no estado, nas eleições de 2018.Elas tiveram votações pouco expressivas, embora tenham recebido dinheiro da sigla, o que levantou a suspeita de uso de candidaturas-laranja.O ministro do Turismo presidia o diretório do partido em Minas Gerais durante as eleições e parte do dinheiro enviado às quatro candidatas, segundo as investigações, foi devolvido a assessores ligados ao ministro. "	-1
119	Uma breve pausa para férias, Caríssimos leitores, Depois de longo período de intensa cobertura política, vou fazer uma breve pausa para férias. Volto no dia 25 de março. Até já!	"""Uma breve pausa para férias"" Caríssimos leitores,Depois de longo período de intensa cobertura política, vou fazer uma breve pausa para férias.Volto no dia 25 de março.Até já! "	-1
120	"""Câmara faz sessão em homenagem a Marielle Franco e Anderson Gomes""Assassinos da vereadora do PSOL e do motorista completaram um ano na semana passada. Alguns deputados vestiriam camiseta com a pergunta: Quem mandou matar Marielle? A Câmara dos Deputados fez nesta segunda-feira (18) uma sessão solen e em homenagem à vereadora do PSOL do Rio de Janeiro Marielle Franco e de seu motorista, Anderson Gomes, assassinados em março de 2018.O pai da vereadora, Antônio Francisco, e a viúva do motorista, Ágatha Arnaus Reis, estavam entre os convidados da solenidade.Na solenidade, alguns presentes, entre visitantes e deputados vestiam uma blusa preta com a pergunta ""Quem mandou matar Marielle?"" e uma faixa foi estendida com a mesma frase. Alguns manifestantes seguravam outra faixa escrita ""Justiça para Marielle!"".No início da sessão, o deputado Ivan Valente (PSOL-SP) leu um discurso envia pelo presidente da Câmara, Rodrigo Maia (DEM-RJ). No texto, Maia afirmou que o ataque contra Marielle e Ande"	"""Câmara faz sessão em homenagem a Marielle Franco e Anderson Gomes""Assassinatos da vereadora do PSOL e do motorista completaram um ano na semana passada. Alguns deputados vestiram camiseta com a pergunta: Quem mandou matar Marielle? A Câmara dos Deputados fez nesta segunda-feira (18) uma sessão solene em homenagem à vereadora do PSOL do Rio de Janeiro Marielle Franco e de seu motorista, Anderson Gomes, assassinados em março de 2018.O pai da vereadora, Antônio Francisco, e a viúva do motorista, Ágatha Arnaus Reis, estavam entre os convidados da solenidade.Na solenidade, alguns presentes, entre visitantes e deputados vestiam uma blusa preta com a pergunta ""Quem mandou matar Marielle?"" e uma faixa foi estendida com a mesma frase. Alguns manifestantes seguravam outra faixa escrita ""Justiça para Marielle!"".No início da sessão, o deputado Ivan Valente (PSOL-SP) leu um discurso enviada pelo presidente da Câmara, Rodrigo Maia (DEM-RJ). No texto, Maia afirmou que o ataque contra Marielle e Anderson foi brutal e ""reflete o trágico avanço da escalada da barbárie que vem avassalando o rumo do Rio de Janeiro"" e que ""a execução de uma legítima representante da população carioca, militante ativa de causas presentes representa um inequívoco atentado contra a democracia brasileira"".O pai de Marielle, em seu discurso, agradeceu a homenagem elogiou o trabalho feito pelas promotoras que investigam o caso. Ele também cobrou a identidade do mandante do crime. ""Quando ocorrem fatos como o do assassinato de minha filha e de seu motorista Anderson Gomes e outras barbáries no Brasil ficamos perguntando que país democrático é esse?"", questionou.A viúva do motorista Anderson Gomes reforçou a perda que seu marido representa na vida de sua família. ""Marielle era alvo por ser vereadora com a atuação que tinha, mas isso não diminui a gravidade da morte do meu marido. Anderson deixou um filho, e o Artur é exemplo de resistência desde seu nascimento, filho de um homem honrado, digno"", afirmou.Na semana passada, as investigações do caso levaram a polícia a prender dois suspeitos de terem executado Marielle e Anderson Gomes: o policial reformado Ronnie Lessa e o ex-policial militar Élcio de Queiroz. Uma segunda fase da investigação ainda continuará, com a intenção de esclarecer o mandante do crime. "	-1
121	Pneumonia retém Bolsonaro no hospital; Pneumonia estica estada de Bolsonaro em hospital; O presidente Jair Bolsonaro vai ficar no hospital por pelo menos mais 7 dias para tratar um quadro de pneumonia detectado após a realização de uma tomografia.	"""Pneumonia retém Bolsonaro no hospital; Governadores pedem ao STF para cortar salário de servidores. Jornais de sexta (8) ""Veja quais são as notícias de destaque nos matutinos brasileiros\n O presidente Jair Bolsonaro vai ficar no hospital por pelo menos mais 7 dias para tratar um quadro de pneumonia detectado após a realização de uma tomografia. A Folha de S.Paulo lembra que Bolsonaro passou por uma cirurgia no dia 28 de janeiro para retirada da bolsa de colostomia colocada após a facada que o presidente sofreu em setembro.Apesar do aumento no número de antibióticos para tratar a pneumonia, Bolsonaro usou as redes sociais para dizer que está tranquilo. ""Cuidado com o sensacionalismo. Estamos tranquilos e seguimos firmes"", escreveu o presidente. Nesta quinta-feira (7), Bolsonaro ainda permanecia em uma unidade semi-intensiva com visitas restritas apenas aos familiares. ""Pneumonia estica estada de Bolsonaro em hospital"", sublinha a manchete da Folha.O Estado de S.Paulo dá destaque às declarações do ministro Paulo Guedes (Economia) noas quais ele diz que os militares vão participar da reforma da Previdência junto com os demais brasileiros. Segundo o ministro, os militares não estarão na Proposta de Emenda à Constituição (PEC) pois suas regras são previstas em lei.""A legislação que trata da previdência dos militares é diferente e não está na Constituição. Os militares vão conosco na reforma, mas não na Proposta de Emenda à Constituição"", disse Guedes. O ministro Fernando Azevedo e Silva (Defesa) disse também que será possível chegar a um entendimento com 100% dos militares. ""Militares aceitam regras mais duras na sua Previdência"", mostra o título principal do Estadão.O Globo mostra que a prefeitura do Rio de Janeiro poderia ter evitar ou diminuído os danos causados pelo temporal que aconteceu nesta quarta-feira (6) na cidade. Segundo o matutino, já havia alertas sobre fortes chuvas desde a terça-feira (5) e, desde as 17h de quarta, a chuva que caía em Paraty já estava se deslocando para a capital.O Globo lembra que 6 pessoas foram vítimas do temporal e, além das mortes, a chuva deixou árvores caídas, carros e lojas destruídos, deslizamentos e um cenário de caos na cidade. O fechamento da Avenida Niemeyer, por exemplo, poderia ter evitado duas mortes, segundo o matutino. ""Despreparo fatal"", destaca a manchete do Globo.O Estadão também informa que o governador de Goiás, Ronaldo Caiado (DEM), entregou ao STF uma carta na qual os secretários da Fazenda de Goiás, Minas Gerais, Rio Grande do Sul, Paraná, Pará, Alagoas e Mato Grosso do Sul pedem a aprovação de proposta que permite a redução de salário e carga horária de servidores públicos quando os gastos com a folha de pagamento superarem o limite previsto em lei. O julgamento está marcado para o dia 27 deste mês. "	-1
122	Bolsanaro chega a SP e é internado para passar por cirurgia de retirada da bolsa de colostomia. A cirurgia de reconstrução do trânsito intestinal está confirmade para amanhã (28/01). O procedimento médico está programado para o início da manhã desta segunda-feira no Hospital Albert Einstein. 	"""Bolsonaro chega a SP e é internado para passar por cirurgia de retirada da bolsa de colostomia"" Bolsa foi implantada após atentado a faca em Juiz de Fora (MG) durante a campanha. Presidente fez exames com resultados normais e será operado nesta segunda, segundo boletim médico. O presidente Jair Bolsonaro chegou a São Paulo na manhã deste domingo (27) para se preparar para a cirurgia que fará para a retirada da bolsa de colostomia. O procedimento médico está programado para o início da manhã desta segunda-feira no Hospital Albert Einstein.Segundo boletim médico divulgado às 17h, Bolsonaro ""foi submetido à avaliação clínica pré-operatória, exames laboratoriais e de imagem, com resultados normais. A cirurgia de reconstrução do trânsito intestinal está confirmada para amanhã (28/01)"". O boletim é assinado pelos médicos Antônio Luiz Macedo (cirurgião), Leandro Echenique (clínico e cardiologista) e Miguel Cendoroglo (diretor superintendente do Einstein).O avião presidencial decolou de Brasília por volta de 8h30 e pousou no Aeroporto de Congonhas, Zona Sul de São Paulo, às 10h. Bolsonaro viajou acompanhado de uma delegação, que incluía assessores e ajudantes de ordens, e da esposa, a primeira-dama Michelle Bolsonaro. Ela deverá ficar com o presidente nos dias em que ele permanecer internado em São Paulo.Também faziam parte da comitiva o ministro-chefe do Gabinete de Segurança Institucional, general Augusto Heleno, o porta-voz da Presidência da República, Otávio Rêgo Barros, e um dos filhos do presidente, o deputado federal Eduardo Bolsonaro (PSL).Bolsonaro seguiu de carro do aeroporto até o hospital, trajeto que durou cerca de 20 minutos. O veículo que o levava foi acompanhado por um comboio de batedores do Exército, da Polícia Militar e carros do Corpo de Bombeiros.Ele deu entrada no hospital às 10h33, depois de passar por uma garagem separada da entrada principal e sem falar com a imprensa, que o aguardava.Às 15h36, Bolsonaro publicou um vídeo em seu perfil no Twitter gravado no quarto do hospital com o presidente usando a roupa de paciente. ""Bem, hoje, domingo, voamos de manhã para SP, estou aqui em SP no Albert Einstein, onde amanhã a partir das 7h eu devo ser submetido a cirurgia de retirada da bolsa de colostomia. Deve durar por volta de 3 horas, mas se Deus quiser correrá tudo muito bem. Muito obrigado a todos vocês, mais uma vez. E obrigado também pelas orações. O Brasil é nosso"", disse Bolsonaro no vídeo.Bolsonaro tem junto ao corpo uma bolsa de colostomia implantada em setembro do ano passado, quando foi operado após receber uma facada de Adélio Bispo de Oliveira durante campanha eleitoral em Juiz de Fora (MG). Esta será a terceira cirurgia à qual Bolsonaro será submetido desde o atentado.A cirurgia é necessária para reconstruir o trânsito intestinal. Neste domingo, o presidente deverá se reunir com médicos, passar por exames de imagem e sangue pré-operatórios, ficar em repouso e iniciar jejum. A cirurgia está prevista para 6h desta segunda-feira e será comandada pelo gastroenterologista Antonio Luiz de Vasconcellos Macedo.Neste tipo de cirurgia, que costuma durar de três a quatro horas, os médicos retiram a bolsa de colostomia e religam as partes do intestino grosso que estavam separadas pela bolsa. O prazo de recuperação estimado é de dez dias.Nos primeiros dias após a cirurgia, o presidente deverá ter uma dieta com água, suco e gelatina, conforme mostrou a GloboNews. Neste período ele vai precisar tomar antibióticos e anticoagulantes.O porta-voz do governo, Otávio Santana do Rêgo Barros, afirmou na última segunda-feira (21) que o gabinete da Presidência da República será transferido para o Hospital Albert Einstein, em São Paulo, enquanto o presidente estiver se recuperando.Bolsonaro chegou ao hospital por volta das 15h40 do dia 6 de setembro de 2018 perdendo muito sangue por causa do ferimento e foi submetido a uma cirurgia de urgência chamada laparotomia exploradora. No procedimento, o abdômen é aberto para que sejam corrigidas as lesões.O procedimento médico detectou que o intestino grosso de Bolsonaro foi transfixado pela faca e que houve também três lesões no intestino delgado. A facada atingiu, ainda, ramos de uma veia e uma artéria do abdômen. Foi retirada a parte lesada do intestino grosso, e o intestino delgado foi costurado.Os médicos fizeram uma colostomia temporária, procedimento que conecta o intestino a uma bolsa fora do corpo, evitando que as fezes passassem pela região ferida - caso contrário haveria risco de infecção no local onde foi tratada a perfuração.Cinco cirurgiões e dois anestesistas trabalharam na operação. Durante o procedimento, Bolsonaro precisou receber quatro bolsas de sangue em transfusão. A cirurgia durou cerca de duas horas e terminou por volta das 19h40. Em seguida, Bolsonaro foi levado entubado e sedado para a Unidade de Tratamento Intensivo (UTI).No dia seguinte, Bolsonaro foi transferido para o hospital Albert Einstein, em São Paulo.No dia 9 de setembro o boletim médico apontou que Bolsonaro tinha uma leve anemia. No dia 12 de setembro, a alimentação oral foi suspensa. À noite, Jair Bolsonaro foi operado pela segunda vez.Os médicos reabriram o corte da primeira cirurgia e encontraram a obstrução em uma alça do intestino delgado, que fica na parte esquerda do abdômen. Ela foi provocada por aderências em áreas inflamadas das paredes do intestino.Nesse lugar, a passagem do suco entérico - que vem do estômago - ficou interrompida e o líquido começou a se acumular. Isso fez a pressão aumentar e rompeu os pontos que fechavam um dos cortes provocados pela facada. Um pouco do líquido vazou.O cirurgião conseguiu desfazer a aderência com as mãos, sem precisar cortar. Em seguida, a sutura foi refeita e o médico fechou a abertura na parede do tubo. O material que tinha vazado foi todo retirado.A cirurgia durou uma hora, e Jair Bolsonaro voltou a ter atendimento de terapia intensiva. Durante a cirurgia, todos os outros pontos que poderiam provocar novas obstruções foram tratados, para diminuir o risco de o problema se repetir.Quatro dias após a segunda cirurgia, Bolsonaro passou para a unidade semi-intensiva. Ele recebeu alta e deixou o hospital no dia 29 de setembro.No dia 13 de novembro, já como presidente eleito, Jair Bolsonaro viajou para São Paulo e passou por consultas no Hospital Albert Einstein. O estado de saúde foi considerado excelente pelos médicos.No dia 23 de novembro, o presidente eleito voltou ao Einstein para fazer exames pré-operatórios. Os exames de imagem revelaram uma inflamação do peritônio (membrana que recobre as paredes do abdômen) e processo de aderência entre as alças intestinais.Por causa disso, a terceira cirurgia de Bolsonaro para retirar a bolsa de colostomia e religar todo o intestino foi agendada para após a participação do presidente no Fórum de Davos, na Suíça, no final de janeiro. "	-1
123	Colegiado vai acompanhar casos, ouvir vítimas de violência e autoridades. O objetivo é apresentar propostas que tornem mais efetivas medidas de proteção às mulheres. A intenção é, ao fim dos trabalhos, apresentar propostas de leis que tornem mais efetivas as m	"""Câmara formaliza criação de comissão para acompanhar casos de violência contra a mulher""Colegiado vai acompanhar casos, ouvir vítimas de violência e autoridades. Objetivo é apresentar propostas que tornem mais efetivas medidas de proteção às mulheres O presidente da Câmara, Rodrigo Maia (DEM-RJ), formalizou nesta sexta-feira (8) a criação de uma comissão externa da Casa que vai acompanhar casos de violência doméstica contra a mulher e feminicídio no Brasil.A comissão foi aprovada em plenário no último dia 25 de fevereiro. Na ocasião, a votação foi simbólica (sem registro de votos no painel eletrônico) e o pedido teve o apoio de todos os partidos.O próximo passo é a instalação do colegiado, prevista para o dia 26 de março, segundo a deputada Flávia Arruda (PR-DF). O objetivo da comissão, ainda de acordo com a parlamentar, é ouvir vítimas de violência contra a mulher e autoridades sobre o tema.A intenção é, ao fim dos trabalhos, apresentar propostas de leis que tornem mais efetivas as medidas de proteção às mulheres.A cerimônia ocorreu no gabinete da Presidência da Câmara e foi acompanhado por 11 deputadas. Os participantes fizeram discursos.O presidente Rodrigo Maia lembrou o caso do espancamento da paisagista Elaine Caparroz, no Rio de Janeiro. E defendeu que o Legislativo pode ajudar a construir soluções, além da legislação.""Acho que a Câmara pode muito mais do que legislar. Eu acho que a gente pode e tem prerrogativas pra isso, pra que gente possa ter uma comissão, um ambiente, aonde a gente participe, a gente use o poder delegado para que a gente possa estar mais próximo, ajudando, vendo os problemas e construindo soluções no Legislativo e também no Poder Executivo. A gente não pode esquecer que as políticas públicas são aprovadas pelo Parlamento e executadas pelo governo federal"", declarou.Flávia Arruda afirmou que é preciso dar efetividade à legislação atual de combate à violência contra a mulher.""A Lei Maria da Penha foi um grande avanço que nós tivemos nos últimos anos. A tipificação do feminicídio no Código Penal também foi um avanço, mas nós precisamos fazer com que isso realmente seja cumprido. A comissão visa buscar um protocolo de atendimento no país todo, ver como essas mulheres estão sendo atendidas, ver qual acolhimento a gente pode dar a essas mulheres"", argumentou.""É importante ver o fluxo de atendimento, que essas mulheres possam ser atendidas, é importante fazer essa discussão e envolver todas as políticas públicas"", afirmou a deputada Érika Kokay (PT-DF).Atualmente, duas leis se destacam no cenário do combate à violência contra a mulher: a Lei Maria da Penha, de 2006, que torna mais rigorosa a punição de agressões contra a mulher quando ocorridas no âmbito doméstico e familiar.E a lei de 2015, que estabeleceu o feminicídio como crime, com pena de 12 a 30 anos de prisão. É enquadrado nesta legislação o crime que ocorre em circunstâncias de violência e familiar, ou menosprezo e discriminação à condição de mulher. "	-1
124	"""Fachin encerra coleta de provas sobre delação da J&F e ordena manifestação final sobre caso."" ""Não há, no entender desta relatoria, diligências complementares a deferir."" ""Considero, assim, encerrada a instrução."" ""O ministro Luiz Edson Fachin, relator da Operação Lava Jato no Supremo Tribunal Federal (STF), encerrou nesta quinta-feira (28) a fase de coleta de provas o procedimento sobre a validade da delação de executivos do grupo J&F e determinou que delatore."""	"""Fachin encerra coleta de provas sobre delação da J&F e ordena manifestação final sobre caso""Delatores e PGR devem se manifestar. Supremo Tribunal Federal deve julgar ainda em 2019 a validade das colaborações e o destino das provas entregues pelos delatores. O ministro Luiz Edson Fachin, relator da Operação Lava Jato no Supremo Tribunal Federal (STF), encerrou nesta quinta-feira (28) a fase de coleta de provas o procedimento sobre a validade da delação de executivos do grupo J&amp;F e determinou que delatores e Procuradoria-Geral da República (PGR) enviem manifestação final sobre o caso.Na decisão, Fachin rejeitou pedidos de novas provas tanto da PGR quanto dos colaboradores. ""Não há, no entender desta relatoria, diligências complementares a deferir. Ademais, o procedimento de oitiva das testemunhas se encontra levado a efeito. Considero, assim, encerrada a instrução"", decidiu.Segundo ele, após providências administrativas que devem ser tomadas, o processo deve ser remetido para a Procuradoria para entrega em alegações finais em até 15 dias, ou seja, o posicionamento definitivo após a coleta das provas e depoimentos. Depois, os colaboradores terão 15 dias para se manifestar. O caso, então, estará liberado para julgamento em plenário.Em setembro de 2017, a PGR _ na gestão de Rodrigo Janot _ pediu a revogação dos acordos de quatro executivos (Joesley Batista, Wesley Batista, Francisco de Assis e Ricardo Saud), por suposta omissão. Eles teriam deixado de informar sobre suposta orientação do ex-procurador Marcelo Miller quando ele ainda integrava o MP.Depois de assumir a PGR, Raquel Dodge reiterou o pedido para anulação dos acordos.O Supremo Tribunal Federal deve julgar ainda em 2019 a validade das colaborações e o destino das provas entregues pelos delatores. Eles negam qualquer tipo de omissão ou irregularidade e afirmam que colaboraram efetivamente com a Justiça. "	-1
125	"Empresas terão 3 dias para dizer se reforçaram segurança em barragens, informa governo. As empresas terão até três dias para dizer se adotaram medidas para reforçar a segurança de barragens de rejeitos de mineração. A decisão será publicada no ""Diário Oficial da União"", e o prazo começará a ser contado a partir do momento em que a empresa for notificada pela Agência Nacional de Mineração (ANM). A medida foi adotada em razão da tragédia de Brumadinho (MG)."	"""Empresas terão 3 dias para dizer se reforçaram segurança em barragens, informa governo""De acordo com pasta de Minas e Energia, prazo será contado a partir da hora em que empresa for notificada pela Agência de Mineração. Medida é adotada em razão do caso de Brumadinho. O Ministério de Minas e Energia informou nesta quinta-feira (31) que as empresas terão até três dias para dizer se adotaram medidas para reforçar a segurança de barragens de rejeitos de mineração.De acordo com o ministério, a decisão será publicada no ""Diário Oficial da União"", e o prazo começará a ser contado a partir do momento em que a empresa for notificada pela Agência Nacional de Mineração (ANM).A medida foi adotada em razão da tragédia de Brumadinho (MG). Na semana passada, uma barragem da mineradora Vale rompeu na cidade, levando uma enxurrada de lama à região.Conforme as autoridades locais, 110 pessoas morreram e outras 238 ainda estão desaparecidas. Além disso, mais de 100 estão desalojadas.Na segunda-feira, três dias após o rompimento da barragem, o governo recomendou aos órgãos reguladores a fiscalização ""imediata"" de todas as barragens, com ênfase para as que apresentam risco de ""dano potencial"" à vida humana.A portaria do Ministério de Minas e Energia, informou a pasta, determinará às empresas que detalhem alguma ação urgente que tenham adotado ou que venham a adotar ""ou mesmo que deva ser adotada pelo Poder Público, para imediatas providências, seja quanto à prevenção, controle, mitigação e evitação de risco e de dano potencial associado"".Segundo a pasta, o atraso na prestação das informações pode levar a responsabilização dos empreendedores. "	-1
126	"""Policiamento militar permanente e ações da PF são negociados para a terra indígena Awa Guajá"" A Polícia Militar Ambiental do Maranhão reforçará a vigilância na terra indígena Awá Guajá, e o Ministério Público Federal iniciou as tratativas para que o Polícia Federal realize operações específicas contra madeireiras que atuam na região. Como o blog revelou, as madeireiras invadiram novamente a terra indígena Awá Guajá na semana passada. Em vídeo enviado à coluna, o cacique Antônio Guajajara mostra máquinas de cortes de madeira e diversas toras empilhadas no chão. Guajajara é cacique na terra indígena Caru, também no Maranhão, que fica ao lado da TI Awá Guajá. As terras Caru, Awá Guajá e Alto Turiaçu ficam coladas uma à outra e se uniram para fazer essa vigilância conjunta desde 2014. Segundo o cacique, haviam no final da semana passada mais de 100 caminhões dentro da terra Awá Guajá realizando extração ilegal de madeira, fora os tratores que também ajudam no trabalho."	"""Policiamento militar permanente e ações da PF são negociados para a terra indígena Awa Guajá"" A Polícia Militar Ambiental do Maranhão reforçará a vigilância na terra indígena Awá Guajá, e o Ministério Público Federal iniciou as tratativas para que o Polícia Federal realize operações específicas contra madeireiras que atuam na região.Como o blog revelou, as madereiras invadiram novamente a terra indígena Awá Guajá na semana passada. Em vídeo enviado à coluna, o cacique Antônio Guajajara mostra máquinas de cortes de madeira e diversas toras empilhadas no chão.Guajajara é cacique na terra indígena Caru, também no Maranhão, que fica ao lado da TI Awá Guajá. As terras Caru, Awá Guajá e Alto Turiaçu ficam coladas uma à outra e se uniram para fazer essa vigilância conjunta desde 2014.Segundo o cacique, haviam no final da semana passada mais de 100 caminhões dentro da terra Awá Guajá realizando extração ilegal de madeira, fora os tratores que também ajudam no trabalho.De acordo com documento enviado ao blog, o Policiamento Militar Ambiental foi garantido, também no final da semana passada, pelo governo do Maranhão por 90 dias, com a possibilidade de uma nova avaliação após esse período.""Para resolver é preciso policiamento permanente. Nós já vínhamos negociando o policiamento e as novas denúncias ajudam a dar uma ideia do que está acontecendo na região"", afirmou Bruno de Lima e Silva, coordenador da Funai na Frente de Proteção Etnoambiental Awá.As terras Caru, Awá Guajá e Alto Turiaçu abrigam os remanescentes da Floresta Amazônica no Maranhão. Nas terras Caru, vivem os povos guajajara. Na Awá Guajá estão os awá e, em Alto Turiaçu, estão o Kaapor. "	-1
127	Dos 54 deputados, devem ter três [que o apoiam], disse um deputado do PSL. Ontem, Vitor Hugo convocou alguns integrantes de	"""Em dois dias, líder do governo já é alvo de fogo amigo"" Mal estreou na liderança do governo na Câmara dos Deputados, Major Vitor Hugo (PSL-GO) já caminha para a ""fritura"" no cargo. Integrantes do próprio partido, líderes de legendas da base governista e até integrantes do Planalto veem com reticências sua atuação como o interlocutor do governo na Câmara, principalmente num momento em que o sucesso da gestão Bolsonaro está relacionado à aprovação das reformas no Legislativo.Dois líderes de partidos do centrão fizeram chegar ao Planalto hoje que não conversam com Vitor Hugo e não o reconhecem como líder do governo. Deputados do partido do presidente Jair Bolsonaro também avaliam faltar traquejo e experiência para o parlamentar ocupar a liderança. Falta a Major Vitor Hugo ainda interlocução com Onyx Lorenzoni (Casa Civil) _ os dois devem se encontrar hoje às 17h30.""Dos 54 deputados, devem ter três [que o apoiam]"", disse um deputado do PSL. Ontem, Vitor Hugo convocou alguns integrantes de partidos que integram o bloco de apoio ao governo para uma reunião, mas a adesão foi baixa _ e os que compareceram ficaram por pouco tempo e reclamaram de terem sido acionados por meio de WhatsApp. ""Não dou muito tempo para ele ficar no cargo. Bolsonaro vai só esperar alguma votação concreta para ter a desculpa pra poder tirá-lo"", declarou um dos líderes de partido aliado ao governo.Hugo é próximo ao ministro Santos Cruz (Governo), que divide as atribuições da articulação política do governo com Onyx Lorenzoni. O corpo a corpo com o Congresso, porém, é feito pela equipe de Onyx, que indicou ex-parlamentares para ajudar na costura política. ""Eu quero um espaço para atender os deputados lá na Câmara. Estou conversando com o Rodrigo Maia sobre isso"", disse Carlos Manato, ex-deputado que tem feito, via Casa Civil, a articulação do governo com os deputados.Deputado em primeiro mandato, Hugo foi integrante do Exército e atuou na Brigada Paraquedista, assim como Bolsonaro. À época da indicação, em janeiro, contou a favor do deputado o fato de ter sido consultor legislativo e conhecer a mecânica de tramitação de projetos na Casa _ além de, supostamente, ter um olhar renovado para a forma como Executivo e Legislativo devem se relacionar, alinhado portanto com a visão defendida publicamente por Bolsonaro.Aliados do presidente advogavam a indicação de alguém de outra legenda para o cargo, para facilitar as negociações na Casa. O deputado Celso Russomanno (PRB-SP) chegou a ser cotado para a função. Uma alternativa é indicar um deputado experiente para líder da maioria, esvaziando assim Hugo.""Tem um pouco de preconceito. É como um soldado recruta que chega no quartel. Pessoal tem que dar trote nele"", declarou o senador Major Olímpio, que atuou com o correligionário na Câmara. ""Querem derrubá-lo antes de começar."" "	-1
128	"Ministérios da Educação e da Justiça assinam acordo para investigar indícios de corrupção no MEC. Em comunicado, MEC afirmou que acordo é marco inicial de uma ampla investigação interministerial sobre possíveis atos de corrupção em programas da pasta. O Ministério da Educação anunciou, na tarde desta quinta-feira (14), o início de uma ""ampla investigação interministerial"" de indícios de corrupção em ações da pasta."	"""Ministérios da Educação e da Justiça assinam acordo para investigar indícios de corrupção no MEC""Em comunicado, MEC afirmou que acordo é marco inicial de uma ampla investigação interministerial sobre possíveis atos de corrupção em programas da pasta. O Ministério da Educação anunciou, na tarde desta quinta-feira (14), o início de uma ""ampla investigação interministerial"" de indícios de corrupção em ações da pasta. Em um comunicado, o MEC afirmou que o ministro Ricardo Vélez Rodríguez assinou um ""protocolo de intenções"" com o Ministério da Justiça para ""apurar indícios de corrupção, desvios e outros tipos de atos lesivos à administração pública no âmbito do MEC e de suas autarquias nas gestões anteriores"".Ainda segundo a nota, o documento foi assinado por Vélez e pelo ministro da Justiça, Sérgio Moro, além de representantes da Controladoria Geral da União (CGU) e da Advocacia Geral da União (AGU). ""Também participou da reunião o diretor-geral da Polícia Federal, Maurício Valeixo"", disse o MEC.""Queremos apurar todos os desvios praticados por pessoas que usaram o MEC e as suas autarquias como instrumentos para desvios"", afirmou o ministro da Educação, via assessoria de imprensa.Entre ""exemplos emblemáticos"" que o MEC afirmou ter apresentado na reunião estão supostos ""favorecimentos indevidos no Programa Universidade para Todos (ProUni), desvios no Programa Nacional de Acesso ao Ensino Técnico e Emprego (Pronatec), envolvendo o sistema S, concessão ilegal de bolsas de ensino a distância e irregularidades em universidades federais"". "	-1
129	Fachin nega pedido de Lula para suspender ação penal que envolve terreno de instituto. Na ação, ex-presidente é acusado de corrupção passiva e lavagem de dinheiro. MPF acusa a Odebrecht de pagar R$ 12 milhões pelo terreno para sede do Instituto Lula. O ministro Luiz Edson Fachin, relator da Operação Lava Jato no Supremo Tribunal Federal (STF), rejeitou pedido da defesa do ex-presidente Luiz Inácio Lula da Silva para suspender ação penal que corre contra ele no caso do instituto Lula. A decisão foi tomada nesta sexta-feira (15). Na ação penal, o Ministério Público Federal acusa a Odebrecht de pagar R$ 12 milhões pelo terreno onde seria construída uma nova sede para o Instituto Lula. Segundo o MP, Lula teria obtido, ainda, uma cobertura em São Bernardo do Campo, vizinha ao apartamento dele. Ao todo, o PT teria recebido R$ 75 milhões da empreiteira, conforme a denúncia.	"""Fachin nega pedido de Lula para suspender ação penal que envolve terreno de instituto""Na ação, ex-presidente é acusado de corrupção passiva e lavagem de dinheiro. MPF acusa a Odebrecht de pagar R$ 12 milhões pelo terreno para sede do Instituto Lula.  O ministro Luiz Edson Fachin, relator da Operação Lava Jato no Supremo Tribunal Federal (STF), rejeitou pedido da defesa do ex-presidente Luiz Inácio Lula da Silva para suspender ação penal que corre contra ele no caso do instituto Lula. A decisão foi tomada nesta sexta-feira (15).Na ação penal, o Ministério Público Federal acusa a Odebrecht de pagar R$ 12 milhões pelo terreno onde seria construída uma nova sede para o Instituto Lula. Segundo o MP, Lula teria obtido, ainda, uma cobertura em São Bernardo do Campo, vizinha ao apartamento dele. Ao todo, o PT teria recebido R$ 75 milhões da empreiteira, conforme a denúncia.O ex-presidente é acusado de corrupção passiva e lavagem de dinheiro e responde junto com o ex-ministro Antonio Palocci, que virou delator da Lava Jato.Lula está preso na Superintendência da Polícia Federal (PF), em Curitiba, desde o dia 7 de abril do ano passado depois condenação em segunda instância no caso do triplex em Guarujá (SP).Ele também já foi condenado no processo que envolve um sítio em Atibaia, no interior paulista _ a defesa também pediu ao STF para suspender esse processo, mas ainda não houve decisão.Os advogados do ex-presidente apontaram cerceamento de defesa, ou seja, prejuízos à ampla defesa do acusado porque não tiveram acesso a um acordo de leniência da Odebrecht.Mas, conforme o ministro Fachin, a defesa conseguiu acessar o material apesar de ter relatado dificuldades e, por isso, não há ilegalidade que exija reparação. Segundo Fachin, a defesa teve acesso aos principais documentos, ressalvados apenas ""aparentemente"" eventuais informações que ainda estão sob sigilo.Fachin pediu informações à 13ª Vara Federal de Curitiba sobre o episódio antes de analisar definitivamente a questão.No pedido de 35 páginas, a defesa do ex-presidente apontou que houve cerceamento de defesa porque a Justiça Federal no Paraná negou pedidos de Lula para acessar o acordo de leniência fechado pela Odebrecht com o MP. Conforme a defesa, isso afrontou ""as garantias da paridade de armas, da ampla defesa e do contraditório"".Os advogados afirmaram que os supostos pagamentos foram registrados nos sistemas internos da Odebrecht e entregues pela empresa para cumprir acordo de leniência. E que a defesa fez um parecer apontando inconsistências no laudo sobre o material, mas não obteve detalhes sobre o acordo.A defesa diz ainda que se cobra R$ 75 milhões dos acusados, mas que a Odebrecht já devolveu valores aos cofres públicos no acordo de leniência e, por isso, quer estudar melhor os termos do que foi negociado entre o MP e a empreiteira. "	-1
130	Sistema da PF é utilizado para identificar vítimas de Brumadinho por meio de biometria. Equipamento cruza dados disponíveis em sistemas de outros órgãos com impressão digital das vítimas; PF já havia utilizado o sistema depois do acidente da Chapecoense e nas Olimpíadas. Um sistema desenvolvido pelo Instituto Nacional de Identificação (INI) da Polícia Federal está sendo utilizado para identificar vítimas na região atingida pelo rompeminto da barragem I da Mina do Feijão, em Brumadinho (MG). Denominado Alethia, o equipamento faz o cruzamento das impressões digitais das vítimas encontradas com impressões armazenadas em diversos bancos de dados existentes. Até a tarde desta quinta-feira (31), 99 mortes já haviam sido confirmadas _ dessas, 57 já haviam sido identificadas. Com base na lista de desaparecidos, policiais abastecem o sistema com informações de diversos bancos biométricos, como do Detran, Polícia Militar, Secretaria de Segurança Pública.	"""Sistema da PF é utilizado para identificar vítimas de Brumadinho por meio de biometria""Equipamento cruza dados disponíveis em sistemas de outros órgãos com impressão digital das vítimas; PF já havia utilizado o sistema depois do acidente da Chapecoense e nas Olimpíadas. Um sistema desenvolvido pelo Instituto Nacional de Identificação (INI) da Polícia Federal está sendo utilizado para identificar vítimas na região atingida pelo rompimento da barragem I da Mina do Feijão, em Brumadinho (MG).Denominado Alethia, o equipamento faz o cruzamento das impressões digitais das vítimas encontradas com impressões armazenadas em diversos bancos de dados existentes.Até a tarde desta quinta-feira (31), 99 mortes já haviam sido confirmadas _ dessas, 57 já haviam sido identificadas.Com base na lista de desaparecidos, policiais abastecem o sistema com informações de diversos bancos biométricos, como do Detran, Polícia Militar, Secretaria de Segurança Pública. O equipamento portátil utiliza as digitais das vítimas e, em cerca de dois segundos, localiza a identidade da pessoa.Quando não há possibilidade de colher a biometria da vítima, os corpos podem ser identificados de outras duas maneiras: pela arcada dentária e pelo DNA. Nesses outros métodos, o tempo para identificação é maior.Equipes de papiloscopistas e peritos criminais da Polícia Federal foram enviadas ao local para colaborar com as demais forças de segurança nas identificações.O Alethia foi lançado em 2016 e utilizado, no mesmo ano, para identificar todas as vítimas brasileiras no acidente com o avião que levava a delegação da Chapecoense para a Colômbia.O sistema também foi usado nos aeroportos de todas cidades-sede nas Olimpíadas do Rio de Janeiro para o controle de entrada de estrangeiros, verificando a biometria com as listas de difusão de procurados e terroristas da Interpol. Duas pessoas tiveram a entrada barrada no Brasil após o alerta do sistema.Além disso, peritos criminais da Polícia Federal também participam das buscas com auxílio do sistema Inteligeo, que processa imagens aéreas do local e auxilia a Defesa Civil fornecendo mapas com informações atualizadas. "	-1
131	Bolsonaro diz acreditar em aprovação da reforma da Previdência na Câmara e no Senado neste semestre. Ele afirmou ainda que no Senado vai ser possível contar até com votos do PT a favor da reforma. A reforma da Previdência é uma das principais apostas do governo para equilibrar as contas públicas do país.	"""Bolsonaro diz acreditar em aprovação da reforma da Previdência na Câmara e no Senado neste semestre""Presidente participou de café da manhã com jornalistas no Palácio do Planalto. Ele afirmou também que deve trocar os embaixadores do Brasil em pelo menos 15 países, entre eles EUA e França.  O presidente Jair Bolsonaro afirmou nesta quarta-feira (13), em um café da manhã com jornalistas no Palácio do Planalto, que tem a convicção de que a reforma da Previdência será aprovada na Câmara e no Senado ainda neste semestre.Questionado pelos jornalistas presentes sobre o prazo apertado, Bolsonaro disse que tem a convicção de que no Senado vai ser mais fácil, porque ali há muitos ex-governadores que, nas palavras do presidente, sabem mais do que ninguém da importância da reforma da Previdência.Ele afirmou ainda que no Senado vai ser possível contar até com votos do PT a favor da reforma.A reforma da Previdência é uma das principais apostas do governo para equilibrar as contas públicas do país e impulsionar a retomada da economia. O texto, enviado ao Congresso na forma de uma Proposta de Emenda à Constituição (PEC), deve tramitar primeiro na Câmara e depois no Senado.Bolsonaro afirmou também que deve fazer a troca de embaixadores do Brasil em pelo menos 15 países importantes, entre eles os Estados Unidos e a França.O presidente falou especificamente sobre os Estados Unidos, já que tem uma viagem oficial marcada para o país neste mês.Ele foi questionado se o embaixador brasileiro em Washington, Sérgio Amaral, será trocado antes dessa viagem. O presidente respondeu que não e afirmou que seria muito ruim dar bilhete azul para o embaixador na chegada de uma visita como essa. Mas disse que o embaixador será trocado com certeza, porque não está vendendo uma boa imagem do Brasil no exterior.Bolsonaro afirmou que sua imagem no exterior era muito ruim, que ele era apresentado como ditador, racista e homofóbico. O presidente afirmou que não é nada disso.Ele disse ainda que devem ser assinados três acordos com os Estados Unidos durante a viagem. O presidente mencionou dois deles: um sobre tributação de produtos e outro sobre a base militar de Alcântara (MA).Bolsonaro afirmou que vê a perspectiva de que o presidente norte-americano, Donald Trump, conceda ao Brasil durante a viagem o status de grande aliado dos Estados Unidos extra- Otan. A Otan é a Organização do Tratado do Atlântico Norte, aliança militar que reúne potências como Estados Unidos, Reino Unido e Alemanha. "	-1
132	A Câmara dos Deputados aprovou nesta terça-feira (12) o projeto de lei que acelera o bloqueio de bens e ativos de pessoas e empresas investigadas ou acusadas de terrorismo. O projeto determina o cumprimento imediato pelo Brasil de sanções impostas pelo Conselho de Segurança das Nações Unidas (ONU). No entanto, os deputados modificaram a proposta para definir que o bloqueio precisará ser homologado pelo Executivo, em um procedimento sigiloso. 	"""Câmara aprova projeto que acelera bloqueio de bens de investigados por terrorismo""Proposta permite que medidas tenham execução imediata; deputados incluíram trecho que prevê que bloqueio de bens precisará de homologação pelo Executivo. Texto vai ao Senado. A Câmara dos Deputados aprovou nesta terça-feira (12) o projeto de lei que acelera o bloqueio de bens e ativos de pessoas e empresas investigadas ou acusadas de terrorismo. O texto segue para o Senado.De autoria do Executivo, a proposta tem como objetivo a prevenção e o combate ao terrorismo, incluindo a lavagem de dinheiro e o financiamento de atos ou grupos terroristas.O projeto determina o cumprimento imediato pelo Brasil de sanções impostas pelo Conselho de Segurança das Nações Unidas (ONU).No entanto, os deputados modificaram a proposta para definir que o bloqueio precisará ser homologado pelo Executivo, em um procedimento sigiloso.Hoje, a legislação brasileira já possui normas para atender a essas sanções, mas o bloqueio de bens depende de autorização judicial prévia, o que torna o processo demorado.O projeto de lei em discussão, defendido pelo ministro da Justiça, Sérgio Moro, está em tramitação desde o ano passado.Caso não seja aprovado, o Brasil corre o risco de entrar na lista de nações não engajadas na prevenção ao terrorismo e sofrer sanções econômicas e políticas de outros países.A proposta que determina o bloqueio imediato de bens atende a uma recomendação do Grupo de Ação Financeira contra a Lavagem de Dinheiro e o Financiamento do Terrorismo (Gafi).O grupo, do qual o Brasil faz parte, elabora recomendações contra a lavagem de dinheiro. O país já foi advertido de que o não cumprimento das normas poderia resultar em sanções.Defensores do projeto de lei entendem que a celeridade neste tipo de bloqueio é condição fundamental para que a medida, de fato, funcione. O entendimento é de que a movimentação de recursos financeiros é veloz e qualquer atraso no bloqueio pode possibilitar a execução dos crimes.Eles argumentam ainda que o projeto não representa risco de desrespeito aos direitos fundamentais das pessoas atingidas pelas medidas, já que elas poderão, a qualquer momento, recorrer à Justiça.Partidos críticos à proposta alegam que a proposta fere a soberania do Brasil. Também consideram que o texto pode levar à ""criminalização dos movimentos sociais"".Em entrevista ao fim da sessão, o presidente da Câmara, Rodrigo Maia (DEM-RJ), negou esta possibilidade. ""A ONU nunca vai criminalizar movimento social até porque não tem essa força do ponto de vista jurídico no nosso país"", disse.Maia comentou ainda sobre o impacto da proposta. ""É a garantia de que o Brasil faz parte, dentro dos acordos internacionais o Brasil segue a mesma regra de preocupação de movimentação de fluxo financeiro que os outros países em relação ao terrorismo"". "	-1
133	"""A definição de votação aberta ou secreta para a escolha do novo presidente da Casa será decisiva para o resultado do placar."" ""A maior preocupação é que a votação aberta acabe inibindo votos já garantidos para Renan por causa da pressão da opinião pública pela renovação na política."" ""A questão de ordem será analisada pelo presidente da sessão, que será o senador José Maranhão (MDB-PB), aliado de Renan."" ""Por isso, tanta apreensão de aliados de Renan."""	"""Definição de votação aberta ou secreta será decisiva para futuro de Renan na disputa pelo Senado"" O grupo mais próximo do senador Renan Calheiros (MDB-AL) admite que a definição sobre votação aberta ou secreta para a escolha do novo presidente da Casa será decisiva para o resultado do placar.A maior preocupação é que a votação aberta acabe inibindo votos já garantidos para Renan por causa da pressão da opinião pública pela renovação na política.No início da manhã desta sexta-feira (1º), um requerimento pedindo a votação aberta já tinha quase 40 assinaturas de senadores.A questão de ordem será analisada pelo presidente da sessão, que será o senador José Maranhão (MDB-PB), aliado de Renan. Um ato da Secretaria-Geral do Senado definiu que caberá ao senador mais velho conduzir os trabalhos. Maranhão tem 85 anos.Mesmo assim, independentemente da decisão de Maranhão, o caso pode ser analisado pelo plenário em votação. Por isso, tanta apreensão de aliados de Renan.""Vários senadores já avisaram que votam em Renan. Mas caso definição de voto aberto, muitos serão pressionados pelos eleitores por uma onda de renovação"", admitiu um senador do MDB que apoia Renan. "	-1
134	Toffoli defende rigor e celeridade na apuração de responsabilidades sobre Brumadinho. O ministro Dias Toffoli, presidente do Supremo Tribunal Federal (STF), defendeu nesta sexta-feira (1º), durante a abertura do ano do Judiciá	"""Toffoli defende rigor e celeridade na apuração de responsabilidades sobre Brumadinho""Presidente do Supremo Tribunal Federal fez discurso em cerimônia de abertura do ano do Judiciário. Toffoli também defendeu um pacto entre os três poderes em favor de reformas.  O ministro Dias Toffoli, presidente do Supremo Tribunal Federal (STF), defendeu nesta sexta-feira (1º), durante a abertura do ano do Judiciá"	-1
135	Se eleito, Renan será garantia de votação das reformas, mas pode ser obstáculo para projetos de Moro. Se eleito, sua vitória será uma garantia para a equipe econômica de votação das reformas. Mas pode ser um obstáculo para os projetos do ministro da Justiça e Segurança Pública, Sérgio Moro. Se eleito, sua vitória será uma garantia para a equipe econômica de votação das reformas.	"""Se eleito, Renan será garantia de votação de reformas, mas pode ser obstáculo para projetos de Moro"" O senador Renan Calheiros (MDB-AL) conseguiu ganhar a disputa interna com a colega Simone Tebet (MDB-MS) e será o candidato do partido à presidência do Senado. Se eleito, sua vitória será uma garantia para a equipe econômica de votação das reformas. Mas pode ser um obstáculo para os projetos do ministro da Justiça e Segurança Pública, Sérgio Moro.Em sua estratégia para ganhar a eleição desta sexta-feira (1º), Renan Calheiros deixou claro, principalmente para o Palácio do Planalto, de que vai trabalhar pela aprovação das reformas estruturantes do governo de Jair Bolsonaro, principalmente a da Previdência. Nesta quinta-feira (31), depois de ganhar a disputa interna na legenda, recebeu uma ligação do presidente.Sua eleição, porém, pode representar uma barreira para aprovação dos projetos que o ministro Sérgio Moro vai encaminhar ao Congresso, alguns voltados para endurecer o combate à corrupção. Renan Calheiros sempre foi um crítico da Operação Lava Jato e da atuação da sua Força Tarefa. Antes de assumir o ministério, Moro era juiz e trabalhava na Lava Jato.Renan Calheiros tem dito que é um novo senador e tem pedido para esquecerem o velho. Uma tentativa de vacina contra o discurso de que ele representa a velha política e, por isso, não estaria em sintonia com o novo Senado. Dos 54 senadores que tomam posse nesta sexta-feira (1º), apenas 8 foram reeleitos, entre eles Renan.Depois de vencer a disputa interna, agora o senador alagoano terá de ganhar no plenário. Ali, seu grupo vai trabalhar para manter a votação secreta, enquanto seus adversários vão apresentar uma questão de ordem para que a eleição seja feita pelo voto aberto. Neste modelo, seus adversários acreditam que teriam mais chances de vitória. "	-1
136	"Simone Tebet foi eleita presidente da Comissão de Constituição e Justiça (CCJ) do Senado, a principal da Casa. É o caso de propostas de emenda à Constituição (PEC), como a reforma da Previdência, e projetos que fazem alterações na legislação penal. Em entrevista, depois da eleição, Simone Tebet afirmou que não haverá ""hierarquia"" entre os senadores na comissão e que não vai ""segurar"" nem ""engaivetar"" projetos. "	"""Senado elege presidentes de comissões: Simone Tebet fica com CCJ; Omar Aziz, com a CAE""Próxima ao presidente do Senado, Davi Alcolumbre (DEM-AP), Simone conduzirá trabalhos da principal comissão da Casa. Divisão das comissões foi anunciada nesta terça (12); veja lista. A senadora Simone Tebet (MDB-MS) foi eleita nesta quarta-feira (13) presidente da Comissão de Constituição e Justiça (CCJ) do Senado, a principal da Casa. Jorginho Mello (PR-SC) foi escolhido vice-presidente.Disputada pelos partidos, a CCJ é considerada a comissão mais importante do Senado por ser a responsável pela análise dos principais projetos que tramitam na Casa.É o caso de propostas de emenda à Constituição (PEC), como a reforma da Previdência, e projetos que fazem alterações na legislação penal.No primeiro discurso como nova presidente da CCJ, Simone Tebet afirmou que não haverá ""hierarquia"" entre os senadores na comissão e que não vai ""segurar"" nem ""engavetar"" projetos.Em entrevista, depois da eleição, Simone Tebet afirmou que a CCJ é o ""coração do Senado"" e que a comissão vai debater todos os projetos relevantes que serão encaminhados pelo Executivo.""Diante de um novo governo, diante de uma série de pautas prioritárias para o país, querendo ou não, votando a favor ou não, nós vamos enfrentar todos os projetos relevantes vindos do Executivo ou de qualquer senador"", disse.""Portanto, a reforma da Previdência, o projeto que vai ser encaminhado em momento oportuno pelo ministro Sérgio Moro, a pauta de combate à violência, qualquer projeto ligado a desenvolvimento nacional e regional, e a pauta de políticas públicas e sociais, qualquer projeto que venha terá prioridade, relevância, na medida do que for considerado urgente para o país"", acrescentou.Simone Tebet tentou disputar a presidência do Senado, mas o MDB indicou Renan Calheiros para o posto, e ela acabou apoiando a candidatura de Davi Alcolumbre.Também nesta quarta-feira, Omar Aziz (PSD-AM) foi eleito presidente da Comissão de Assuntos Econômicos (CAE), outra comissão muito disputada no Senado. Plínio Valério (PSDB-AM) foi escolhido vice-presidente.Cabe à CAE, entre outras atribuições, analisar concessões de empréstimos, dar parecer sobre projetos na área econômica e sabatinar indicados para a presidência do Banco Central.Em um dos primeiros atos como novo presidente da CAE, Omar Aziz marcou para o 26 de fevereiro a sabatina de Roberto Campos Neto, indicado pelo presidente Jair Bolsonaro para presidir o Banco Central. Cabe ao Senado aprovar indicações para a instituição.Saiba os novos presidentes e vice-presidentes das demais comissões temáticas do Senado (2019-2020):Presidente: Romário (Pode-RJ)Vice-presidente: Selma Arruda (PSL-MT)Presidente: Marcos Rogério (DEM-RO)Vice-presidente: Wellington Fagundes (PR-MT)Presidente: Dário Berger (MDB-SC)Vice-presidente: Flávio Arns (Rede-PR)Presidente: Paulo Paim (PT-RS)Vice-presidente: Telmário Mota (PROS-RR)Presidente: Soraya Thronicke (PSL-MS)Vice-presidente: Luis Carlos Heinze (PP-RS)Presidente: Fabiano Contarato (Rede-ES)Vice-presidente: Jaques Wagner (PT-BA)Presidente: Nelsinho Trad (PSD-MS)Vice-presidente: Marcos do Val (PPS-ES)Presidente: Romário (Pode-RJ)Vice-presidente: Styvenson Valentim (Pode-RN)Presidente: Soraya Thronicke (PSL-MS)Vice-Presidente: Luis Carlos Heinze (PP-RS)Nesta terça (12), o presidente do Senado, Davi Alcolumbre (DEM-AP), anunciou a divisão das comissões. Saiba abaixo: "	-1
137	"""Terror e morte em escola de Suzano; Bolsonaro mostra insatisfação com imagem no exterior. Os principais jornais detalham as informações sobre o atentado realizado por dois jovens nesta quarta-feira (13) em uma escola pública de Suzano, na Grande São Paulo. O Globo destaca que Guilherme Taucci Monteiro, de 17 anos, e Luiz Henrique de Castro, de 25 anos, eram ex-alunos da Escola Estadual Professor Raul Brasil, entraram por volta de 9h40 da manhã no local e atacaram alunos e funcionários. O matutino carioca ressalta que o ataque reacende o debate sobre a flexibilização do porte de armas e mostra que, para o presidente da Câmara, deputado Rodrigo Maia (DEM-RJ), porte de arma em área urbana é ""proposta de barbárie""."""	"""Terror e morte em escola de Suzano; Bolsonaro mostra insatisfação com imagem no exterior. Jornais de quinta (14) ""Veja quais são as notícias de destaque nos matutinos brasileiros  Os principais jornais detalham as informações sobre o atentado realizado por dois jovens nesta quarta-feira (13) em uma escola pública de Suzano, na Grande São Paulo. O Globo destaca que Guilherme Taucci Monteiro, de 17 anos, e Luiz Henrique de Castro, de 25 anos, eram ex-alunos da Escola Estadual Professor Raul Brasil, entraram por volta de 9h40 da manhã no local e atacaram alunos e funcionários. Os assassinos mataram 8 pessoas e deixaram outras 11 feridas.Ao serem encurralados pela polícia, Guilherme Taucci atirou no companheiro e se matou em seguida. O matutino carioca ressalta que o ataque reacende o debate sobre a flexibilização do porte de armas e mostra que, para o presidente da Câmara, deputado Rodrigo Maia (DEM-RJ), porte de arma em área urbana é ""proposta de barbárie"". ""O horror na escola"", sublinha a manchete do Globo.O Estado de S.Paulo também dá destaque ao assunto e afirma que os assassinos demoraram 15 minutos para realizar o massacre, que terminou com a morte dos dois. Segundo o Estadão, Guilherme Taucci usava um revólver quando entrou na escola e Luiz Henrique de Castro chegou em seguida segurando uma besta _ arma que dispara flechas _ e uma machadinha.A polícia ainda não descobriu a motivação para o crime, mas as investigações apuram se a dupla de assassinos planejou o massacre em um fórum de jogadores de videogame. Momentos antes do ataque, Guilherme Taucci postou fotos em sua rede social segurando um revólver e usando uma máscara com desenho de caveira. ""15 minutos de terror na escola"", aponta o título principal do Estadão.A Folha de S.Paulo conta que, antes de entrar na escola e atirar contra alunos e funcionários, Guilherme Taucci matou o próprio tio, dono de uma locadora de veículos na região próxima à Escola Raul Brasil. Jorge Antônio de Moraes chegou a ser socorrido e levado ao hospital depois de ser baleado, mas não resistiu aos ferimentos.O matutino trata das imagens captadas por câmeras de segurança que mostram pessoas correndo dentro da escola em desespero e alunos pulando o muro para escapar do massacre. Após a tragédia, a Secretaria da Educação de São Paulo afirmou que vai revisar os procedimentos de segurança nas escolas. ""Ex-alunos invadem escola e matam estudantes e funcionários em Suzano"", diz a manchete da Folha.Na primeira página, O Globo comenta a decisão anunciada nesta quarta-feira (13) pelo presidente Jair Bolsonaro de trocar o comando de 15 importantes embaixadas brasileiras. Durante café da manhã com jornalistas, Bolsonaro disse que o principal motivo para a troca é a insatisfação com sua imagem no exterior.O presidente se queixa de estar sendo chamado de ditador e homofóbico e vai trocar embaixadores de países importantes como Estados Unidos, Itália e Portugal. O Globo enfatiza que a troca no comando deve priorizar embaixadores mais experientes e lembra que o chanceler Ernesto Araújo já fez grandes alterações no Itamary desde o início da gestão de Bolsonaro. "	-1
138	Reforma mira redução de privilégios e promete economia de R$ 1,1 trilhão caso o texto seja aprovado como está. Segundo o matutino carioca, foi confirmada a idade mínima para aposentadoria de 65 anos para homens e 62 anos para mulheres e o período de transição de 12 anos. Reforma aperta servidores e deixa militares para depois; EUA querem força militar na Venezuela.	"""Reforma aperta servidores e deixa militares para depois; EUA querem força militar na Venezuela. Jornais de quinta (21)""Veja quais são as notícias de destaque nos matutinos brasileiros\n A entrega da proposta da reforma da Previdência ao Congresso ganha destaque nos principais jornais, que dão detalhes sobre o texto elaborado pelo governo, a importância da correção das injustiças e os obstáculos para a sua aprovação.O Globo afirma que a proposta tem o objetivo de equilibrar as contas públicas e reduzir os privilégios. O texto prevê alíquotas de contribuição progressivas que podem chegar a no máximo 14% do salário para quem recolhe pelo INSS e a 22% para os servidores públicos.Segundo o matutino carioca, foi confirmada a idade mínima para aposentadoria de 65 anos para homens e 62 anos para mulheres e o período de transição de 12 anos.O governo estima uma economia de cerca de R$ 1,1 trilhão caso o texto seja aprovado como está. ""Reforma mira redução de privilégios e promete economia de R$ 1,1 trilhão"", sublinha a manchete do Globo.A Folha de S.Paulo destaca que as novas regras estabelecem um regime previdenciário mais duro tanto para o setor público como para o setor privado, como havia adiantado ao blog o secretário da Previdência do Ministério da Economia, Leonardo Rolim.O matutino afirma que o período de transição terá sistemas diferentes pelos quais o trabalhador poderá se aposentar por tempo de contribuição e por idade. O objetivo da reforma é acabar com a aposentadoria concedida exclusivamente por tempo de contribuição.Atualmente, homens e mulheres podem pedir aposentadoria, independentemente da idade, se tiverem contribuído por 35 anos, no caso dos homens, e por 30 anos, no caso das mulheres.Pelo novo texto, todos devem ter a idade mínima para conseguir a aposentadoria. ""Reforma aperta aposentadoria nos setores público e privado"", aponta o título principal da Folha.O Estado de S.Paulo destaca que a reforma proposta pelo governo é mais dura com quem ganha mais e enfatiza que políticos, trabalhadores rurais, policiais federais e professores foram incluídos no texto.O Estadão chama a proposta de ""a mais ambiciosa das reformas"" e registra que, enquanto o texto de Temer previa economia de R$ 800 bilhões, a proposta do governo Bolsonaro pretende economizar os R$ 1,1 trilhão em 10 anos.A categoria dos militares também será atingida pelas mudanças, mas as propostas serão feitas em projeto à parte. Uma das alterações é o aumento no tempo de contribuição: de 30 para 35 anos.Segundo o matutino, a base desarticulada no Congresso pode dificultar a aprovação da reforma ainda no primeiro semestre. ""A mais ambiciosa das reformas"", mostra a manchete do Estadão.Na primeira página, a Folha destaca ainda que os Estados Unidos pressionam o Brasil a usar força militar na ajuda humanitária que enviará à Venezuela. Segundo o matutino, o Brasil resiste à ideia pois teme que a situação gere um conflito.O líder opositor Juan Guaidó, considerado o presidente interino da Venezuela pelo Brasil e por outros países, pediu que a ajuda brasileira comece a chegar no sábado (23).A Folha explica que o chanceler brasileiro, Ernesto Araújo, é um admirador do presidente dos EUA, Donald Trump, mas a simpatia não se estende à cúpula militar do governo. "	-1
139	"Jean Wyllys desiste de mandato: veja repercussão. Deputado federal havia sido reeleito para terceiro mandato, mas abriu mão nesta quinta (24) de assumir o cargo. Posse estava marcada para 1º de fevereiro. Políticos, entidades e imprensa internacional comentaram o caso. Jean Wyllys, reeleito para um terceiro mandato, comunicou nesta quinta-feira (24) que não assumiria o cargo, citando ameaças de morte e difamação. O ""The Guardian"" lembra a amizade de Jean Wyllys com Marielle Franco, vereadora assassinada em março do ano passado. O ""The New York Times"" destaca o papel de Jean Wyllys na luta pelos direitos LGBT."	"""Jean Wyllys desiste de mandato: veja repercussão""Deputado federal havia sido reeleito para terceiro mandato, mas abriu mão nesta quinta (24) de assumir o cargo. Posse estava marcada para 1º de fevereiro. Políticos, entidades e imprensa internacional comentaram o caso. O deputado federal Jean Wyllys, reeleito para um terceiro mandato, comunicou nesta quinta-feira (24) que não assumiria o cargo, citando ameaças de morte e difamação. Veja como a renúncia repercutiu na imprensa internacional e entre políticos e entidades, do Brasil e de fora do país:O britânico ""The Guardian"" lembra a amizade de Jean Wyllys com Marielle Franco, vereadora assassinada em março do ano passado. ""Sua saída provavelmente aumentará o temor da comunidade LGBT no Brasil de que a homofobia aumente ainda mais sob o governo do presidente Jair Bolsonaro, que ganhou notoriedade por sua evidente homofobia"", diz o jornal.Nos EUA, o ""The New York Times"" destaca o papel de Jean Wyllys na luta pelos direitos LGBT, além das ameaças de morte citadas pelo deputado federal. ""Wyllys tem sido alvo de ameaças de morte há anos, mas ele disse que essas ameaças se tornaram mais severas depois que Marielle Franco, uma defensora dos direitos humanos que era sua amiga e aliada política, foi assassinada"", afirma o jornal.Ainda nos Estados Unidos, o ""The Washington Post"" lembra dos embates frequentes entre Wyllys e o presidente Jair Bolsonaro, além das medidas de segurança adicionais adotadas pelo deputado após o assassinato de Marielle.""Wyllys, que foi reeleito em outubro e deveria começar um terceiro mandato em fevereiro, disse que as ameaças de morte contra ele aumentaram significativamente desde que a vereadora do Rio de Janeiro, Marielle Franco, foi baleada e morta junto com seu motorista em março. Desde então, Wyllys, que representa o Rio de Janeiro, usa uma equipe de segurança"", relata o jornal.O vice-presidente da República, Hamilton Mourão, se manifestou nesta sexta (25) sobre a saída de Wyllys: ""quem ameaça parlamentar está cometendo um crime contra a democracia. Uma das coisas mais importante é você ter sua opinião e ter liberdade para expressar sua opinião"", disse.O ex-candidato à Presidência Ciro Gomes fez um apelo, em sua página no Facebook, para que Wyllys reconsiderasse a decisão:""Estou profundamente indignado com a situação que leva um jovem parlamentar a não se sentir mais seguro em seu país e ter que ir embora para o exterior enquanto as autoridades brasileiras descambam para a canalhice pura e simples. Mesmo reconhecendo a gravidade de todas as ameaças, faço um apelo, se ainda for tempo, para que Jean Wyllys reflita e decida seguir lutando no Congresso Nacional contra todas essas barbaridades. Muitos resistiremos"".Deputada estadual eleita por São Paulo com a maior votação na história do país, Janaína Paschoal comentou o caso no Twitter, afirmando que""quando esse parlamentar noticia que a causa da renúncia é ameaça, penso ser imperioso investigar. Já não é uma situação pontual, atinge a Democracia"", disse.Fundador do Grupo Gay da Bahia - primeira associação dos direitos LGBT do Brasil -, Luiz Mott chamou a desistência de ""triste verdade"" em post no Facebook:Presidente da Câmara, Rodrigo Maia divulgou nota nesta quinta (24) na qual afirmou que ninguém pode ameaçar um deputado e sentir-se impune:""Lamento a decisão tomada pelo deputado Jean Wyllys. Como presidente da Casa, e seu colega na Câmara, mesmo estando em posições divergentes no campo das ideias, reconheço a importância do seu mandato. Nenhum parlamentar pode se sentir ameaçado, ninguém pode ameaçar um deputado federal e sentir-se impune"", afirmou Rodrigo Maia na nota.A ex-presidente da República Dilma Rousseff se manifestou sobre a saída de Wyllys em posts no Twitter:Ex-candidato à Presidência, Guilherme Boulos afirmou no Twitter que ""o que levou Jean a essa decisão drástica foram sucessivas ameaças e hostilidades. Ele inclusive já havia denunciado às autoridades e à Comissão de Direitos Humanos da OEA. Exigiremos esclarecimentos e punição dos responsáveis. Foi uma vitória da intolerância"".Também ex-candidata à Presidência, Marina Silva afirmou em seu Twitter que ""é lamentável que o deputado Jean Wyllys tenha que abrir mão do seu mandato por sofrer ameaça de morte. Independente de divergências políticas, a gravidade desse fato exige que a vida de quem é ameaçado seja protegida"".O ex-procurador-geral da República Rodrigo Janot comentou um tuíte com a notícia da saída de Wyllys com a palavra ""inacreditável"":A relatora da Comissão Interamericana de Direitos Humanos, Antonia Urrejola, disse em entrevista à BBC que a decisão de Wyllys ""é muito lamentável. Não é possível que, em um estado democrático, autoridades eleitas não tenham as condições básicas para exercer suas funções. Me parece que a situação de Jean é exatamente uma destas situações em que o Estado não foi capaz de blindá-lo com a proteção requerida"", afirmou.A Comissão é vinculada à Organização dos Estados Americanos (OEA).Graeme Reid, diretor do programa de direitos LGBT da ONG Human Rights Watch, tuítou reportagem da entidade afirmando que ""uma voz para os direitos LGBT é silenciada no Brasil"".""Em novembro, a Comissão Interamericana de Direitos Humanos afirmou que Jean Wyllys, um defensor dos direitos LGBT no Brasil, estava em grande risco, e o Estado não estava fazendo o suficiente para protegê-lo. Ontem, ele desistiu do seu cargo no Congresso por temer pela vida"", diz o tuíte.Na página brasileira, a entidade também afirmou que ""nenhum político, da esquerda ou direita, deveria se sentir forçado a abandonar o Congresso por ameaças"":Em nota, a Associação de Juízes para a Democracia manifestou forte preocupação com a notícia de que ameaças contra a vida Jean Wyllys. Disse que ""não há verdadeira democracia sem respeito aos partidos e aos parlamentares de oposição, a suas manifestações, suas opiniões e à integridade física. Qualquer ameaça ou intimidação visando constranger ou calar a oposição deve ser prontamente rechaçada pelas instituições democráticas"".Em nota, a Anistia Internacional afirmou que ""Jean Wyllys teve atuação importante na defesa dos direitos humanos e das pessoas LGBT. Em consequência disso, foi alvo de massivos ataques públicos, intensa campanha de difamação, e ameaças à sua vida. A decisão de abrir mão do terceiro mandato como deputado federal e deixar o país por temer pela sua vida é sintomática do atual contexto brasileiro de supressão do dissenso, de aumento da violência baseada na discriminação de gênero e orientação sexual, de restrição para a atuação de defensores de direitos humanos"".A deputada federal eleita pelo Rio de Janeiro Cristiane Brasil também comentou o caso no Twitter: ""Será que é Deus ouvindo nossas preces ou mais um chilique pra atrair mídia dessa estrela de esquerda decadente? Vai pra Cuba? Angola? China e Rússia vão querer ele? "	-1
140	STF retomada o julgamento sobre criminalização da homofobia.Julgamento foi interrompido nesta quarta. Ações em pauta querem criminalizar todas as formas de ofensas, homicídios, agressões e discriminações motivadas por orientação sexual. O Supremo Tribunal Federal (STF) retomada, às 14h desta quinta-feira (13), o julgamento sobre a criminalização da homofobia e da transfobia.	"""STF retoma nesta quinta-feira julgamento sobre criminalização da homofobia""Julgamento foi interrompido nesta quarta. Ações em pauta querem criminalizar todas as formas de ofensas, homicídios, agressões e discriminações motivadas por orientação sexual. O Supremo Tribunal Federal (STF) retoma, às 14h desta quinta-feira (13), o julgamento sobre a criminalização da homofobia e da transfobia.Nas duas ações em julgamento, PPS (Partido Popular Socialista) e Associação Brasileira de Gays, Lésbicas e Transgêneros (ABGLT) pedem a criminalização de todas as formas de ofensas, individuais e coletivas, homicídios, agressões e discriminações motivadas pela orientação sexual e/ou identidade de gênero, real ou suposta, da vítima.O julgamento teve início nesta quarta (12), com a leitura do relatório (resumo dos pedidos das ações) pelos ministros relatores. Em seguida, advogados começaram a sustentar suas posições na tribuna (leia mais abaixo como foi o primeiro dia de julgamento).O segundo dia de julgamento deve ser iniciado pelo voto do ministro Celso de Mello. A expectativa é que Edson Fachin também leia seu voto. Os dois votos somam em torno de 100 páginas.Não deve haver tempo hábil na sessão para que todos os ministros apresentem seus votos. Algum dos ministros também pode pedir vista (mais tempo para analisar os processos), o que adiaria a decisão final.As ações apontam demora e omissão do Congresso em legislar sobre o tema e pedem ao STF que declare que o Congresso foi omisso e enquadre as condutas como crime de racismo, até que o Legislativo se pronuncie sobre o tema.A análise das duas ações deve início na quarta. Após a leitura dos relatórios, advogados passaram a falar aos ministros para defenderem suas posições.Paulo Iotti, autor das ações, defendeu a proteção dos direitos fundamentais dos LGBTI e afirmou que a Constituição exige a criminalização da homotransfobia. Já o advogado-geral da União André Luiz de Almeida Mendonça, disse que, embora esses direitos devam ser protegidos, essa é uma competência exclusiva do Legislativo.O advogado-geral do Senado, Fernando Cesar Cunha, disse que há projeto de lei sobre o tema em discussão e negou que haja omissão. Luciano Mariz Maia, vice-procurador-geral da República, cobrou o envio dos projetos para sanção presidencial e disse que há uma cultura de violência contra homossexuais no país. "	-1
141	"É falso que vídeo mostra queda de avião na Etiópia. Circula pelas redes sociais um vídeo que mostra a decolagem e queda de um avião, seguida por uma grande explosão no solo. A legenda ""informa"" que a aeronave mostrada é a que sofreu um acidente na Etiópia em 10 de março, matando 157 pessoas. A câmera em carro flagra momento exato do acidente com o 737 MAX 8 da Boeing na Etiópia. O avião mostrado no vídeo não é o Boeing da Ethiopian Airlines que caiu na Etiópia no início de março."	" #Verificamos: É falso que vídeo mostra queda de avião na EtiópiaGravação que circula no Facebook registra acidente com aeronave de carga no Afeganistão, em 2013Circula pelas redes sociais um vídeo que mostra a decolagem e queda de um avião, seguida por uma grande explosão no solo. A legenda ""informa"" que a aeronave mostrada é a que sofreu um acidente na Etiópia em 10 de março, matando 157 pessoas. Por meio do projeto de verificação de notícias, usuários do Facebook solicitaram que esse material fosse analisado. Confira a seguir o trabalho de verificação da Lupa:""Câmera em carro flagra momento exato do acidente com o 737 MAX 8 da Boeing na Etiópia. Que loucura...""Legenda de vídeo que, até as 17h do dia 29 de março, tinha 107 compartilhamentos e 3,5 mil visualizações no FacebookO avião mostrado no vídeo não é o Boeing da Ethiopian Airlines que caiu na Etiópia no início de março, momentos depois de decolar. A aeronave exibida na gravação tem quatro turbinas, duas em cada asa, enquanto o modelo que caiu recentemente, um 737 MAX 8, possui apenas duas no total, uma em cada asa.O vídeo, na verdade, é antigo e mostra a queda de um Boeing 747-400 da National Airlines, que transportava 207 toneladas de carga, no Afeganistão, em 29 de abril de 2013. O desastre foi causado logo após a decolagem da Base Aérea de Bagram por pelo menos um dos veículos militares transportados. A investigação concluiu que um dos veículos se desprendeu na hora da decolagem e se moveu para a parte traseira. Com o deslocamento, a aeronave perdeu sustentação e bateu no solo, matando sete tripulantes.Esta informação também foi verificada pelos sites Fato ou Fake e Snopes.Nota: esta reportagem faz parte do projeto de verificação de notícias no Facebook. Dúvidas sobre o projeto? Entre em contato direto com o Facebook.Editado por: Chico Marés e Natália Leal"	-1
142	"""Defesa de Jucá pede ao STF para arquivar inquérito sobre suposto esquema em Santo Antônio."" Os advogados do ex-senador Romero Jucá (MDB-RR) pediram ao Supremo Tribunal Federal (STF) o arquivamento do inquérito que apura se ele participou de esquema de corrupção envolvendo o processo licitatório do Projeto Madeira (Usina Hidrelétrica de Santo Antônio).Os advogados rebatem a manifestação da Procuradoria-Geral da República (PGR) que, na última semana, pediu que o inquérito seja encaminhado à Seção Judiciária do Paraná. ""A tentativa da PGR de prolongar a situação flagranmente constrangedora em que se encontra o ora requerentte que, há quase 2 anos vem sendo investigado."""	"""Defesa de Jucá pede ao STF para arquivar inquérito sobre suposto esquema em Santo Antônio"" Os advogados do ex-senador Romero Jucá (MDB-RR) pediram ao Supremo Tribunal Federal (STF) o arquivamento do inquérito que apura se ele participou de esquema de corrupção envolvendo o processo licitatório do Projeto Madeira (Usina Hidrelétrica de Santo Antônio).No pedido de arquivamento, a defesa, liderada pelo criminalista Antonio Carlos de Almeida Castro, o Kakay, ressalta que o inquérito teve início em abril de 2017 e que ainda não houve comprovação da culpa de Romero Jucá no caso.Os advogados rebatem a manifestação da Procuradoria-Geral da República (PGR) que, na última semana, pediu que o inquérito seja encaminhado à Seção Judiciária do Paraná. Para a defesa, caso o processo não seja arquivado, deve ser enviado à Justiça do Distrito Federal.""A tentativa da PGR de prolongar a situação flagrantemente constrangedora em que se encontra o ora requerente que, há quase 2 anos vem sendo investigado mesmo ausentes os mínimos indícios de materialidade e autoria, não merece guarida deste Colendo Tribunal, devendo a investigação contra o ex-Senador Romero Jucá ser arquivada"", destacam os advogados.Como o blog informou, o ministro Edson Fachin pediu que a PGR dissesse se o inquérito sobre Jucá seria caso de arquivamento. Em resposta, a PGR afirmou que as investigações seguem seu curso natural, e pediu o encaminhamento do processo para a primeira instância, já que o ex-senador não tem mais foro privilegiado por prerrogativa de função.""Não há que se falar em arquivamento, haja vista que as medidas investigativas estão seguindo o curso natural, com grande possibilidade de permitir a formação do juízo sobre a responsabilidade penal do investigado, sem prejuízo de outros delitos"", argumentou a PGR.Neste inquérito, Romero Jucá é suspeito de receber R$ 10 milhões em propina da Odebrecht e da Andrade Gutierrez para beneficiar as empresas na licitação do Projeto Madeira (Usina Hidrelétrica de Santo Antônio). Caberá ao ministro Edson Fachin, relator do inquérito, decidir sobre o arquivamento ou envio do processo para a primeira instância.Nesta semana, Fachin determinou o arquivamento de um inquérito que investigava o ex-senador Edison Lobão. Ele era suspeito de participar de esquema de corrupção envolvendo projetos de usinas hidrelétricas no Rio Madeira. O arquivamento foi solicitado pela PGR, que afirmou não ter coletado provas suficientes que justificassem a continuidade do caso.Em dezembro de 2018, o ministro Gilmar Mendes determinou o arquivamento de outro inquérito aberto contra o ex-senador Romero Jucá. Aberto em 2010, Jucá era investigado pelos crimes de falsidade ideológica, desvio de contribuições previdenciárias e crimes contra a ordem tributária.Na época, Gilmar Mendes acatou a manifestação da PGR, que afirmou que, ao longo de 8 anos de investigações, não reuniu provas mínimas contra o ex-senador. "	-1
143	Ex-governador Beto Richa é preso pela 2ª vez no Paraná. A prisão é preventiva, ou seja, por tempo indeterminado. O juiz Paulo Sérgio Ribeiro, da 23ª Vara Federal de Curitiba, justificou a prisão alegando que Richa e Pupo tentaram influenciar os depoimentos de testemunhas da investigação. O Ministério Público Federal (M	"""Ex-governador Beto Richa é preso pela 2ª vez no Paraná""Preso nesta sexta-feira (25), tucano tentou influenciar depoimentos de testemunhas na Lava Jato, segundo a Justiça. Defesa disse que os fatos são antigos e que o pedido de prisão se baseia em ilações do MPF. O ex-governador do Paraná Beto Richa (PSDB) foi preso no apartamento onde mora, em Curitiba, por volta das 7h desta sexta-feira (25), de acordo com a Justiça Federal, na deflagração da 58ª fase da Operação Lava Jato. A investigação que originou o mandado de prisão apura supostos crimes na concessão de rodovias do estado. É a segunda vez que o tucano é detido.A prisão é preventiva, ou seja, por tempo indeterminado. Dirceu Pupo Ferreira, contador da família Richa, também foi preso.Na decisão, o juiz Paulo Sérgio Ribeiro, da 23ª Vara Federal de Curitiba, justificou a prisão alegando que Richa e Pupo tentaram influenciar os depoimentos de testemunhas da investigação. O despacho é de terça-feira (22).O Ministério Público Federal (MPF) sustenta que Dirceu Pupo Ferreira, a mando de Beto Richa, pediu a um corretor de imóveis que ocultasse os pagamentos com dinheiro por fora caso fosse intimado a depor. Essa era uma tentativa de esconder o esquema de lavagem de dinheiro, segundo os procuradores.Os pedidos de prisões foram feitos pelo MPF em um desdobramento da Operação Integração II _ que foi a 55ª fase da Lava Jato. A ação investigou a concessão de rodovias no Paraná.Beto Richa e Dirceu Pupo Ferreira foram presos por policiais federais. Os dois foram levados para a Superintendência da Polícia Federal (PF), na capital paranaense.Depois, ex-governador foi transferido para o Regimento da Polícia Montada, no bairro Tarumã. Já o contador deve ir para a Casa de Custódia de Piraquara (CCP), na Região Metropolitana de Curitiba.O ex-governador é investigado pelos crimes de corrupção, lavagem de dinheiro e associação criminosa.A defesa de Beto Richa disse que os fatos que levaram à prisão do ex-governador são antigos e que o pedido de prisão se baseia em ilações do MPF. *Leia a nota, na íntegra, no fim da reportagem. O PSDB informou, por meio de nota, que prefere aguardar os desdobramentos dos fatos e que confia na Justiça. Ainda afirmou que tem expectativa que Beto Richa consiga provar inocência.Conforme o MPF, Beto Richa se beneficiou com, pelo menos R$ 2,7 milhões, em propinas pagas em espécie pelas concessionárias de pedágio do Paraná e por outras empresas que mantinham interesses em atos do governo.De acordo com os procuradores, parte deste valor, cerca de R$ 142 mil, foi lavada por meio de depósitos feitos em favor da empresa Ocaporã Administradora de Bens.A empresa, segundo o MPF, era controlada por Beto Richa, apesar de estar no nome de Fernanda Richa e dos filhos do casal.O MPF explicou que, para ocultar a origem ilícita dos recursos, o contador solicitava que os vendedores lavrassem escrituras públicas de compra e venda por um valor abaixo do que havia sido firmado entre as partes.A diferença entre o valor da escritura e o acordado era paga em espécie, com propinas, conforme os procuradores.Até o momento, a investigação identificou três imóveis que foram pagos em espécie por Dirceu Pupo Ferreira para a Ocaporã.De acordo com o MPF, e-mails apreendidos durante a investigação comprovaram que Beto Rihca tinha a palavra final sobre as atividades da empresa referentes a compra e venda de imóveis.Por meio de nota, o advogado que defende Fernanda Richa, André Richa _ filho de Fernanda e de Beto _ e da Ocaporã Administradora de Bens disse que operação deflagrada nesta sexta-feira foi baseada em fatos antigos já esclarecidos pelo Grupo de Atuação Especial de Combate ao Crime Organizado (Gaeco).A defesa afirmou que a empresa ""não é, nem nunca foi, administrada formal ou informalmente"" por Beto Richa e que não há qualquer fato que ligue a Ocaporã a fatos ilícitios. Também enfatizou que Fernanda e André Richa estão à disposição da Justiça.Segundo o MPF, a mando de Beto Richa, Dirceu Pupo Ferreira procurou em agosto de 2018 um dos corretores de imóveis que intermediou a negociação das salas comerciais. O contador pediu ao vendedor que, se fosse intimado a depor, ocultasse os pagamentos em dinheiro por fora.A tentativa de influenciar o depoimento do corretor foi praticado, conforme o MPF, para impedir a descoberta do esquema de lavagem de dinheiro.Por essa razão, o juiz avaliou a necessidade de decretrar a prisão preventiva. O procurador da República Diogo Castor explicou que a influência no depoimento de possíveis testemunhas é fundamento clássico para a prisão preventiva, com a finalidade de garantir a instrução criminal.Em 2018, Beto Richa foi preso pelo Gaeco, em Curitiba, no âmbito da Operação ""Rádio Patrulha"".Essa investigação apurou esquema de superfaturamento de contratos para manutenção de estradas rurais e pagamento de propina para agentes públicos.Em 11 de setembro de 2018, dia da prisão, ele foi alvo de duas operações: a do Gaeco, pela qual foi preso, e outra da Polícia Federal (PF), em uma etapa da Lava Jato, em que foi alvo de busca e apreensão.Quatro dias depois, Beto Richa foi solto após decisão do ministro do Supremo Tribunal Federal (STF) Gilmar Mendes.Conforme a decisão que decretou novamente a prisão de Beto Richa, o salvo conduto concedido pelo ministro do STF ""não tem o alcance de impedir a análise do pedido de prisão preventiva com base na hipótese legal da conveniência da instrução ciminal"".""Passo a analisar, portanto, os pedidos de prisão preventiva de Carlos Alberto Richa e Dirceu Pupo Ferreira por conveniência da instrução criminal, em decorrência da identificação de evento concreto em que os investigados atuaram no sentido de influenciar o depoimento de testemunhas"", afirma o juiz federal.Richa também foi alvo de inúmeras investigações por supostos crimes cometidos também no exercício do seu mandato como na Operação Publicano, Operação Piloto, Operação Superagui e Operação Quadro Negro.Leia a nota da defesa de Beto Richa na íntegra""1- Os fatos que conduziram à prisão do ex-Governador são antigos. Sobre eles, todos os esclarecimentos foram por ele devidamente esclarecidos, não restando qualquer dúvida quanto à regularidade de todas as condutas praticadas, no exercício de suas funções. 2- Mais do que isso. Os fatos ora invocados já foram anteriormente utilizados, na decretação das medidas cautelares expedidas contra o ex-Governador. Cumpre registrar que o Supremo Tribunal Federal, ao julgar referidas medidas, reconheceu a flagrante ilegalidade na ordem prisão decretada.3- Na realidade, a prisão requerida pelo Ministério Público Federal afronta o quanto decidido pelo Supremo Tribunal Federal, com o evidente objetivo de desrespeitar os julgamentos proferidos pela Suprema Corte, sobre o tema.4- No mais, o pedido se lastreia em ilações do MPF, exclusivamente suportadas em falsas e inverídicas informações prestadas em sede de colaboração premiada, por criminosos confessos. 5- Em síntese, a prisão se baseia em fatos absolutamente requentados, carentes de qualquer comprovação e sobre os quais o Supremo Tribunal Federal já decidiu, no sentido de que os mesmos não justificam a decretação de prisão.6- A defesa confia que o Poder Judiciário reverterá a ordem de prisão, que não atende a qualquer dos pressupostos exigidos em lei.""Defesa de Dirceu PupoA defesa de Dirceu Pupo Ferreira disse, em nota, que é importante destacar que os fatos que ensejaram a prisão de seu cliente não são novos e que eles já haviam sido esclarecidos em petição encaminhada à Justiça Estadual do Paraná. Veja a íntegra da nota:""Importante destacar que os fatos que ensejaram a prisão no dia de hoje, 25 de janeiro de 2018, não são novos. Eles já haviam sido esclarecidos em petição encaminhada à Justiça Estadual do Paraná.Dirceu Pupo Ferreira jamais buscou atrapalhar as investigações e a sua conversa com testemunha do caso já foi devidamente esclarecida.Ademais, ele sempre esteve à disposição das autoridades, tendo comparecido ao Ministério Público Federal e no Estadual (GAECO), que apuram os mesmos fatos, prestando todos os esclarecimentos que lhe foram solicitados.Assim sendo, a prisão preventiva decretada revela-se absolutamente desnecessária e ilegal.A defesa confia nas autoridades e espera que a prisão seja brevemente revogada"". Veja mais notícias da região no G1 Paraná. "	-1
144	3,5 milhões no país vivem em áreas com barragens em risco; Militares entrarão na reforma; A Folha de S.Paulo aponta que cerca de 3,5 milhões de pessoas vivem no Brasil próximas a barragens com risco de rompemnto; A decisão da empresa Vale de fechare barragens construídas da mesma forma que a estrutura que se rompeu em Brumadinho.	"""Milhões de pessoas ameaçadas pelos rejeitos de mineradoras; Militares entrarão na reforma. Jornais de quinta (31)""Veja quais são as notícias de destaque nos matutinos brasileiros A Folha de S.Paulo aponta que cerca de 3,5 milhões de pessoas vivem no Brasil próximas a barragens com risco de rompimento. O matutino apresenta dados da Agência Nacional de Águas (ANA) e enfatiza que, em 2017, 45 delas apresentaram falhas estruturais. A barragem de Brumadinho, que se rompeu na última sexta-feira (25), era considerada de baixo risco.Segundo a Folha, entre as cidades mais populosas com barragens em risco estão Campo Grande (MS) e Pelotas (RS). A Folha ainda lembra que, atualmente, não existe regra que estabeleça uma distância mínima entre as barragens e as comunidades. ""3,5 milhões no país vivem em áreas com barragens em risco"", informa a manchete da Folha.O Globo destaca que a decisão da empresa Vale de fechar barragens construídas da mesma forma que a estrutura que se rompeu em Brumadinho vai impactar a economia de municípios e do estado de Minas Gerais. Segundo o matutino, Minas, que já vive uma crise fiscal, deve perder cerca de R$ 220 milhões por ano de tributos estaduais de mineração e R$ 79 milhões em royalties.Com o encerramento de algumas barragens, a Vale perderá algo entre US$ 3 bilhões e US$ 3,5 bilhões de receita ao ano. O matutino também enfatiza que o rompimento da barragem tem impacto negativo na economia brasileira e mexe nos preços do minério de ferro no mercado internacional. ""Tragédia afeta economia do país e custos da siderurgia global"", sublinha a manchete do Globo.Na primeira página, O Globo mostra também que o presidente Jair Bolsonaro determinou que todas as categorias, inclusive militares e servidores estaduais, sejam incluídas na reforma da Previdência. Segundo o Secretário da Previdência, Rogério Marinho, pelo menos oito governadores já manifestaram apoio à reforma.""O presidente Bolsonaro quer uma reforma com justiça social"", disse Marinho. Em evento com prefeitos realizado nesta quarta-feira (30), o ministro Paulo Guedes afirmou que o governo pretende contemplar todas as categorias na reforma.O Estado de S.Paulo afirma que o Congresso deixou de votar uma medida provisória que poderia aumentar o valor da multa a ser aplicada pela Agência Nacional de Mineração (ANM) a mineradoras. De acordo com o Estadão, uma medida provisória do governo Temer enviada ao Congresso em julho de 2017 determinava o aumento da multa dos atuais R$ 3,2 mil para até R$ 30 milhões.No entanto, o Congresso não votou a medida e a Vale deverá pagar uma multa irrisória de R$ 3.293,99 pelo rompimento da barragem em Brumadinho (MG). Como comparação, o Estadão mostra que outras agências cobram multas muito maiores. A Agência Nacional de Telecomunicações (Anatel), por exemplo, pode aplicar multas de até R$ 50 milhões por infração. ""Multa máxima de agência a mineradoras é de R$ 3,2 mil"", aponta o título principal do Estadão. "	-1
145	"Menor volume de multas do Ibama em 24 anos; Em 4 estados, 100 mil funcionários podem se aposentar. O órgão aplicou a menor quantidade de punições para o período desde 1995. O matutino lembra que o presidente Jair Bolsonaro já mencionou a existência de uma ""indústria da multa"" no Ibama em diversas oportunidades. No primeiro bimestre de 2019 foram aplicadas 1.139 autuações, número menor que o do mesmo período de 2018 e de 2017, quando o órgão emitiu 1.580 e 1.630 multas, respectivamente. Exceto pelo caso da tragédia em Brumadinho, em que cinco multas somaram o valor de R$ 250 milhões."	"""Menor volume de multas do Ibama em 24 anos; Em 4 estados, 100 mil funcionários podem se aposentar. Jornais de segunda (4) ""Veja quais são as notícias de destaque nos matutinos brasileiros  A Folha de S.Paulo faz uma análise da aplicação de multas pelo Ibama no primeiro bimestre do ano e afirma que o órgão aplicou a menor quantidade de punições para o período desde 1995. O matutino lembra que o presidente Jair Bolsonaro já mencionou a existência de uma ""indústria da multa"" no Ibama em diversas oportunidades e enfatiza que o ministro Ricardo Salles (Meio Ambiente) concorda.No primeiro bimestre de 2019 foram aplicadas 1.139 autuações, número menor que o do mesmo período de 2018 e de 2017, quando o órgão emitiu 1.580 e 1.630 multas, respectivamente. Em relação a valores, a Folha diz que os números também foram inferiores neste ano.Exceto pelo caso da tragédia em Brumadinho, em que cinco multas somaram o valor de R$ 250 milhões, o valor total das autuações nos meses de janeiro e fevereiro de 2019 foi de R$ 200,4 milhões, o menor desde 2014. ""Multas do Ibama são as menores em 24 anos"", sublinha a manchete da Folha.O Estado de S.Paulo destaca a reforma da Previdência em sua primeira página e chama atenção para o número de servidores aptos a se aposentar em quatro grandes estados brasileiros. De acordo com o matutino, apesar de a proposta da reforma não mexer nos servidores que já cumpriram os requisitos para se aposentar, os governadores temem um ""boom"" de pedidos de aposentadoria antes de aprovação da proposta pelo Congresso.Segundo o Estadão, Rio de Janeiro, São Paulo, Minas Gerais e Rio Grande do Sul têm, juntos, cerca de 100 mil servidores em condição de se aposentar. O Estado de São Paulo tem a situação mais dramática e possui 60 mil servidores com o direito de se aposentar por idade ou por tempo de serviço. Metade deles recebe abono de permanência e estão na ativa.Além disso, o governo já lida com o problema do rombo da previdência nos cofres públicos. No caso da Polícia Militar de São Paulo, por exemplo, o número de policiais aposentados é maior do que o número de policiais na ativa. ""Maiores Estados têm 100 mil servidores aptos a se aposentar"", aponta o título principal do Estadão.Em sua manchete, O Globo mostra um resumo dos desfiles na Sapucaí neste domingo (3) e dá destaque ao enredo da escola de samba Viradouro, que criou um mundo de imaginação na avenida e falou sobre contos de fadas com bruxas e um motoqueiro fantasma em chamas cruzando a Sapucaí. O matutino carioca lembra que o desfile marcou a volta de Paulo Barros à Viradouro depois de 11 anos.O carnavalesco criou uma história contada pela avó para seu neto com mistérios, fantasias e maldições. O Globo afirma que a Beija-Flor e o Salgueiro também se destacaram nos desfiles de ontem e lembra que o evento teve atraso de meia hora por causa das fortes chuvas no Rio de Janeiro. ""A magia no céu da Sapucaí"", diz a manchete do Globo. "	-1
146	Nós erramos no passado _ eu errei no passado _ e temos uma oportunidade ímpar de realmente garantir para as futuras gerações uma Previdência onde todos possam receber. A proposta de emenda à Constituição (PEC) com novas regras para a Previdência é considerada prioridade pela equipe econômica para tentar reequilibrar as contas públicas nos próximos anos. A proposta de emenda à Constituição (PEC) com novas regras para a Previdência é considerada prioridade pela equipe econômica para tentar reequilibrar as contas públicas nos próximos anos. 	"""Bolsonaro diz que errou no passado ao votar contra mudanças nas aposentadorias""Presidente deu a declaração ao entregar pessoalmente a proposta de reforma da Previdência ao Congresso Nacional, nesta quarta-feira (20).  O presidente da República, Jair Bolsonaro, disse nesta quarta-feira (20), ao entregar a reforma da Previdência ao Congresso Nacional, que errou no passado ao votar contra propostas de governos anteriores com mudanças nas regras de aposentadoria.A proposta de emenda à Constituição (PEC) com novas regras para a Previdência é considerada prioridade pela equipe econômica para tentar reequilibrar as contas públicas nos próximos anos. O texto prevê uma idade mínima para aposentadoria e abrange trabalhadores da iniciativa privada e do serviço público.""Nós erramos no passado _ eu errei no passado _ e temos uma oportunidade ímpar de realmente garantir para as futuras gerações uma Previdência onde todos possam receber"", afirmou Bolsonaro na reunião a portas fechadas no gabinete do presidente da Câmara dos Deputados, Rodrigo Maia (DEM-RJ), onde foi feita a entrega do texto.A fala do presidente foi transmitida em rede social pelo deputado Capitão Augusto (PR-SP).Também estavam presentes os ministros Paulo Guedes (Economia) e Onyx Lorenzoni (Casa Civil), além de diversos parlamentares, incluindo o presidente do Senado, Davi Alcolumbre (DEM-AP).Entre os pontos propostos, que terão de ser aprovados por deputados e senadores, a reforma prevê uma idade mínima de aposentadoria de 65 anos para homens e de 62 para mulheres, a ser aplicada após 12 anos de transição.A reforma abrange os trabalhadores do setor privado, que estão no Instituto Nacional do Seguro Social (INSS), e os servidores públicos. No caso da previdência dos militares, o governo enviará ao Congresso em até 30 dias uma proposta de mudança.A proposta também determina que os idosos terão de aguardar até os 70 anos para receber integralmente o Benefício de Prestação Continuada (BPC).A equipe econômica também informou que buscará implementar um regime de capitalização, no qual cada trabalhador financia a própria aposentadoria por depósitos em uma conta individual. Detalhes sobre essa proposta serão apresentados somente no futuro. "	-1
147	Durante a campanha, me comprometi a doar minha remuneração para instituições sociais. O governador Ibaneis vai doar salário para a Casa do Ceará, em Brasília. O anúncio foi feito nesta sexta-feira (8) e era uma das promessas de campanha. O governador do Distrito Federal, Ibaneis Rocha (MDB), irá doar salário para a Casa do Ceará, em Brasília.	"""Governador Ibaneis vai doar salário para a Casa do Ceará, em Brasília""Promessa de não receber vencimentos foi feita durante campanha. Entidade irá receber R$ 18 mil por mês, até dezembro. O governador do Distrito Federal, Ibaneis Rocha (MDB), irá doar o salário para a Casa do Ceará, em Brasília. O anúncio foi feito nesta sexta-feira (8) e era uma das promessas de campanha.No dia 11 de setembro, o então candidato do MDB ao governo do Distrito Federal afirmou, em entrevista ao DF1 que, se eleito, iria abrir mão do salário de governador, da residência oficial e de carros oficiais (relembre abaixo).Até dezembro deste ano, segundo o GDF, a Casa do Ceará irá receber R$ 18,5 mil mensais, referentes aos vencimentos do governador após o abatimento do imposto de renda e da seguridade social. A entidade faz cerca de 12 mil atendimentos odontológicos e 14 mil atendimentos médicos por ano, de graça, para pessoas de baixa renda.""Durante a campanha, me comprometi a doar minha remuneração para instituições de caridade. O trabalho realizado pela Casa do Ceará me deixou bastante sensibilizado. Sei que é uma instituição séria e acompanho o trabalho desses dirigentes"", afirmou Ibaneis.Durante o encontro com dirigentes da Casa do Ceará, o governador encaminhou também um pedido à Secretaria de Saúde para que avalie a possibilidade de firmar uma parceria com o GDF para ampliar os atendimentos.""Eu fui presidente da Ordem [dos Advogados do Brasil no DF] sem receber nada, e vou ser governador sem receber R$ 1 dos cofres públicos. Não vou ocupar a residência de Águas Claras, vou continuar morando na minha casa, vou continuar andando no meu carro particular"" _ Entrevista ao DF1 em 11/9.Leia mais notícias sobre a região no G1 DF. "	-1
148	Governo vai anunciar ampliação da validade da CNH, diz Bolsonaro. O presidente Jair Bolsonaro afirmou neste sábado em rede social que o ministro da Infraestrutura, Tarcísio Freitas, vai anunciar medidas de desburocratização e economia para o trânsito. Bolsonaro mencionou algumas medidas como a ampliação da validade da carteira nacional de habilitação (CNH) e fim da obrigatoriedade de aulas em auto-escolas com simuladores.	"""Governo vai anunciar ampliação da validade da CNH, diz Bolsonaro""Presidente publicou em rede social neste sábado (9) que o ministro da Infraestrutura, Tarcísio Freitas, vai anunciar medidas de desburocratização e economia para o trânsito. O presidente Jair Bolsonaro afirmou neste sábado em rede social que o ministro da Infraestrutura, Tarcísio Freitas, vai anunciar medidas de desburocratização e economia para o trânsito.Bolsonaro mencionou algumas medidas como a ampliação da validade da carteira nacional de habilitação (CNH) e fim da obrigatoriedade de aulas em auto-escolas com simuladores. Sem dar detalhes das mudanças, o presidente também afirmou que ""medidas que afetam caminhoneiros serão extintas ou revistas"" e falou em simplificação do emplacamento.A resolução do Conselho Nacional de Trânsito (Contran) que tornou obrigatório o uso de simuladores pelas auto-escolas é de 2015.Na mesma publicação, o presidente afirmou que o Contran atrapalha a vida de quem transporta no Brasil.""O Contran emite cerca de 100 resoluções/ano atrapalhando a vida de quem transporta no Brasil"", disse Bolsonaro.No fim do ano passado, o presidente já havia falado em estender a validade da CNH. Atualmente, a CNH tem validade de cinco anos.Com a reforma ministerial feita em janeiro, o Contran passou a ser subordinado ao Ministério da Infraestrutura, comandado pelo ministro Tarcísio Gomes de Freitas. Até então, o conselho estava ligado ao extinto Ministério das Cidades. "	-1
149	"""Reforma prevê inclusão de futuros parlamentares no regime geral da Previdência""Pela norma atualmente em rigor, deputados e senadores têm regime especial. Reforma, apresentada nesta quarta, prevê ainda uma regra de transição para quem já é parlamentar. As novas regras para o regime geral, propostas na reforma, preveem idade mínima de 65 anos para homens e 62 para mulheres, além de 25 anos de contribuição, no caso de servidores públicos. Hoje, a regra atual prevê uma idade mínima de 60 anos para a aposentadoria de deputados federais e senadores, com 35 anos de contribuição."	"""Reforma prevê inclusão de futuros parlamentares no regime geral da Previdência""Pela norma atualmente em rigor, deputados e senadores têm regime especial. Reforma, apresentada nesta quarta, prevê ainda uma regra de transição para quem já é parlamentar. A proposta de reforma da Previdência entregue pelo presidente Jair Bolsonaro ao Congresso nesta quarta-feira (20) prevê que os futuros deputados e senadores estarão automaticamente dentro do Regime Geral de Previdência Social (RGPS).As novas regras para o regime geral, propostas na reforma, preveem idade mínima de 65 anos para homens e 62 para mulheres, além de 25 anos de contribuição, no caso de servidores públicos.Hoje, a regra atual prevê uma idade mínima de 60 anos para a aposentadoria de deputados federais e senadores, com 35 anos de contribuição. No sistema atual, os deputados federais e senadores recebem 1/35 do salário para cada ano como parlamentar.De acordo com o secretário de Previdência, Leonardo Rolin, o regime especial está em extinção.""O sistema que existe hoje é um sistema em extinção. Só vale par quem está hoje e vai ter regras mais duas"", disse.Para os parlamentares já em exercício, a proposta prevê uma transição que eleva para 65 anos a idade mínima para homens e para 62 anos a de mulheres _ a exemplo do regime geral _ e estipula a cobrança de 30% de pedágio do tempo de contribuição que falta para completar os 35 anos. "	-1
150	"O presidente Jair Bolsonaro afirmou que democracia e liberdade existem quando as Forças Armadas querem. Para Mourão, Bolsonaro foi ""mal interpretadado""; para Alcolumbre, fala causa certo desconforto. "	"""Saiba como políticos reagiram à fala de Bolsonaro sobre Forças Armadas e democracia""Presidente afirmou que democracia e liberdade existem quando as Forças Armadas querem. Para Mourão, Bolsonaro foi mal interpretado; para Alcolumbre, fala causa certo desconforto. O presidente Jair Bolsonaro afirmou nesta quinta-feira (7) que democracia e liberdade existem quando as Forças Armadas querem.Bolsonaro deu a declaração ao participar de uma cerimônia no Rio de Janeiro.A fala do presidente repercutiu no mundo político. O vice-presidente Hamilton Mourão, por exemplo, disse que Bolsonaro foi ""mal interpretado"". O presidente do Congresso Nacional, senador Davi Alcolumbre (DEM-AP), disse que a declaração causa ""certo desconforto"".Saiba abaixo como políticos reagiram à fala de Bolsonaro (por ordem alfabética):Alessandro Molon (PSB-RJ), deputado e líder da oposição na Câmara: ""O presidente ou não conhece ou finge não conhecer a Constituição que jurou defender. Dizer que a democracia e a liberdade só existem quando as Forças Armadas querem é uma ameaça inaceitável. Meu mais forte repúdio.""Augusto Heleno, ministro do Gabinete de Segurança Institucional (GSI): ""Não achei polêmica. Não vejo nada demais na declaração. Ele estava fazendo um discurso para comemoração dos 111 anos do corpo de fuzileiros navais e ele falou o que todo mundo sabe: as Forças Armadas são o baluarte da democracia e da liberdade. Historicamente, em todos os países do mundo.""Davi Alcolumbre (DEM-AP), senador e presidente do Congresso: ""Uma declaração dessa natureza dá um certo desconforto em relação ao segmento que compreende uma mensagem de forma diferente de outro segmento. [...] Essa foi uma declaração do presidente. Do meu ponto de vista, como presidente do Senado, eu quero fortalecer as instituições, fortalecer a democracia. Nós precisamos estar juntos nesse projeto de construção de um novo Brasil, que saiu das urnas com desejo da maioria dos brasileiros de que Jair Bolsonaro fosse presidente do Brasil. Assim como elegeram governadores, deputados federais e senadores da República.""Hamilton Mourão, vice-presidente da República: ""O que que o presidente quis dizer? Está sendo mal interpretado. O presidente falou que onde as Forças Armadas não estão comprometidas com democracia e liberdade, esses valores morrem. É o que acontece na Venezuela. Lá, infelizmente, as Forças Armadas venezuelanas rasgaram isso aí. Foi isso que ele [Bolsonaro] quis dizer.""Joice Hasselmann, deputada do PSL-SP e líder do governo no Congresso: ""[A declaração de Bolsonaro] não muda em nada a relação do governo com o Congresso, até porque o presidente está correto. E os nossos militares, as nossas Forças Armadas querem a democracia. É isso que a gente está vivendo no momento. A plena democracia no Brasil.""Juliano Medeiros, presidente nacional do PSOL: ""O presidente acaba de afirmar que a democracia só existe se as Forças Armadas quiserem. Mais uma vez ele desrespeita a Constituição federal, que afirma expressamente que as Forças Armadas estão subordinadas ao poder civil, cuja origem está no voto popular.""Otto Alencar (PSD-BA), senador: ""O presidente Jair Bolsonaro foi eleito pelo voto popular dentro do regime democrático. Em nosso país, a democracia está consolidada, com as instituições funcionando normalmente, inclusive as Forças Armadas. O presidente precisa tomar consciência de que, já investido do poder e como tal, é preciso meditar para falar e não cometer lapso verbal.""Rodrigo Maia (DEM-RJ), presidente da Câmara: ""Como ele [Bolsonaro] vem das Forças Armadas, tem sempre uma parte da sociedade que tem uma dupla interpretação ou uma preocupação excessiva. Pelo que eu conheço o presidente Bolsonaro como deputado, eu não tenho dúvida nenhuma que foi uma frase mal colocada, não foi o que ele quis dizer. Quis dizer apenas que as Forças Armadas têm um papel fundamental na garantia da nossa soberania e que esse papel as Forças Armadas exercem muito bem. Mas o coração da democracia brasileira não está nas Forças Armadas , está no Congresso Nacional e principalmente na relação harmônica independente entre poder Executivo, o Legislativo e o Judiciário brasileiro"".Rubens Bueno (PPS-PR), deputado federal: ""[A declaração de Bolsonaro] trata-se de uma afronta aos Três Poderes e à Constituição. Espero que ele explique direito o que quis dizer. Se isso não for esclarecido, vão começar a surgir dúvidas sobre sua real intenção no governo. Um homem eleito pelo povo jamais poderia falar uma coisa dessas"". "	-1
151	É #FAKE que Chile previu calor de 55°C no Brasil, mas é #FATO que médico compilou dicas contra o calor intenso. O texto foi publicado originalmente em 10 de janeiro. Silveira conta que recebeu pe	"""É #FAKE que Chile previu calor de 55°C no Brasil, mas é #FATO que médico compilou dicas contra o calor intenso""Post com informação parcialmente duvidosa parcialmente verdadeira circula na internet.  Circula pelas redes sociais uma mensagem que diz que há previsão de onda de calor atingindo sensação térmica de 55°C no Brasil na próxima semana, informada pelo Serviço de Meteorologia do Chile. Esse trecho da mensagem é #FAKE.O serviço meteorológico do Chile diz que não fez nenhuma previsão para o Brasil. ""A Dirección Meteorológica de Chile (DMC) não realiza previsões meteorológicas para outros países, apenas para nossa jurisdição e território nacional. É impossível que este serviço tenha realizado o prognóstico mencionado"", afirma.Em outra parte da mensagem o médico oncologista Luiz Alberto Silveira, de 71 anos, 45 de profissão, dá dicas de como se proteger do calor intenso. Essa parte da mensagem é #FATO.O texto foi publicado originalmente em 10 de janeiro. Silveira conta que recebeu pelo WhatsApp a informação de que o serviço chileno previu calor de 55°C ""nas próximas semanas"". Como o calor é intenso em Florianópolis nas últimas semanas, ele decidiu compilar na internet dicas de como sobreviver a temperaturas muito altas.""Como profissional de saúde tenho obrigação de orientar. Fiz uma pesquisa de cuidados com a insolação. É uma compliação de várias fontes"", diz. "	-1
152	"""Bolsonaro e presidente do Parguai se reúnem no Palácio do Planalto. ""Construção de pontes entre os países, agenda econômica e situação da Venezuela estão na pauta do encontro. ""Após a reunião, a previsão é de um encontro ampliado, com a presença de ministros dos dois governos. ""O Brasil é o pr"""	"""Bolsonaro e presidente do Paraguai se reúnem no Palácio do Planalto\n""Construção de pontes entre os países, agenda econômica e situação da Venezuela estão na pauta do encontro. Depois, Bolsonaro oferecerá um almoço a Mario Abdo Benítez no Itamaraty. O presidente Jair Bolsonaro recebeu o presidente do Paraguai, Mario Abdo Benítez, para uma reunião no Palácio do Planalto nesta terça-feira (12).Abdo chegou ao Planalto por volta de 10h40, passou as tropas em revista e subiu a rampa do palácio, onde era aguardado por Bolsonaro. Os chefes de Estado acompanharam a execução dos hinos dos dois países e posaram para fotos.Após a recepção, Bolsonaro e Abdo seguiram para uma reunião privada. Após a reunião, a previsão é de um encontro ampliado, com a presença de ministros dos dois governos.A agenda prevê ainda uma declaração à imprensa dos dois presidentes e um almoço oferecido por Bolsonaro em homenagem a Abdo no Palácio Itamaraty, sede do Ministério das Relações Exteriores (MRE).O Brasil é o principal parceiro comercial do Paraguai, de acordo com o o MRE. Já o Paraguai abriga a segunda maior comunidade brasileira no exterior, estimada em cerca de 330 mil pessoas.Os dois países integram o Mercosul, bloco sul-americano que também é composto por Argentina e Uruguai.Segundo o MRE, a agenda econômica bilateral, o combate a crimes nas fronteiras, a construção de pontes entre os dois países (uma no Paraná e outra no Mato Grosso do Sul) e a situação da Venezuela entraram na pauta das reuniões desta terça.Brasil e Paraguai estão entre os países que não reconhecem o atual mandato de Nicolás Maduro como presidente venezuelano e apoiam o líder opositor e autodeclarado presidente interino Juan Guaidó.Bolsonaro e Abod receberam recentemente Guaidó, que realizou um tour pela América do Sul a fim de aumentar a pressão internacional contra Maduro.Já a Presidência do Paraguai informou que um dos temas do encontro é a renegociação do anexo C do tratado que viabilizou a construção da usina de Itaipu. O ""anexo C"" em 2023 trata da parte fin "	-1
153	Governo brasileiro não descarta apoio logístico a eventual intervenção militar dos EUA na Venezuela. Uma coisa é participar de uma intervenção militar como invasor. Outra coisa é participar do apoio logístico. Houve duas fases na Segunda Guerra Mundial. Inicialmente, o Brasil deu apoio logístico, permitindo apenas que os aliados, principalmente os Estados Unidos, instalassem bases aéreas e usassem portos brasileiros.	"""Governo brasileiro não descarta apoio logístico a eventual intervenção militar dos EUA na Venezuela""Jornalista Natuza Nery estreia blog no G1. O presidente Jair Bolsonaro destacou nesta terça-feira que a diplomacia é seu canal prioritário para a Venezuela. No entanto, nos bastidores, uma nova opção surgiu no horizonte do governo Brasileiro: dar ""apoio logístico"" aos Estados Unidos caso Donald Trump decida invadir o país vizinho.""Uma coisa é participar de uma intervenção militar como invasor. Outra coisa é participar do apoio logístico"", disse ao blog um representante da área militar do governo.A autoridade, que falou sob condição de anonimato, exemplificou o que seria esse ""apoio logístico"".""Houve duas fases na Segunda Guerra Mundial. Inicialmente, o Brasil deu apoio logístico, permitindo apenas que os aliados, principalmente os Estados Unidos, instalassem bases aéreas e usassem portos brasileiros. Posteriormente, [o Brasil] enviou tropas para a Itália e participou ativamente da guerra.""Em outras palavras, as Forças Armadas brasileiras não entrariam na Venezuela, mas dariam todo o suporte para que o Exército americano entrasse.Não está claro se a discussão sobre um possível auxílio nesses moldes chegou a ser levantada no encontro entre Bolsonaro e Trump na Casa Branca. O interlocutor do presidente diz que não há nada decidido.Mas a reação de Bolsonaro durante entrevista na Casa Branca acabou levantando dúvidas sobre se a via diplomática é a única opção em estudo no Palácio do Planalto.Durante entrevista a jornalistas dos dois países, enquanto Donald Trump reiterava que ""todas as opções"" de sanções à Venezuela estão à mesa, Jair Bolsonaro evitou dar uma resposta direta, conclusiva, o que gerou questionamentos sobre se, de fato, o Brasil estaria tão fora assim de um apoio mais explícito aos Estados Unidos como se imaginava até aqui.A hipótese de ""apoio logístico"", embora não dê ao Brasil o rótulo de interventor, na visão do auxiliar militar do governo, contrasta com declarações públicas proferidas, por exemplo, pelo vice-presidente Hamilton Mourão. Dias atrás, em 25 de fevereiro, ele chegou a afirmar, em entrevista à GloboNews, que não se considerava, em ""hipótese alguma"", facilitar o acesso militar dos EUA pela fronteira brasileira. "	-1
154	Após ser sorteado relator, Lewandowski nega pedido de liberdade de João de Deus. O médium está preso desde 16 de dezembro e é acusado de abuso sexual, o que ele nega. Lewandowski também decidiu pedir informações sobre a movimentação financeira do médium ao Conselho de Controle de Atividades Financeiras (Coaf). 	"""Após ser sorteado relator, Lewandowski nega pedido de liberdade de João de Deus""Médium está preso desde 16 de dezembro e é acusado de abuso sexual, o que ele nega. Fux e Gilmar Mendes se declararam suspeitos de julgar o caso alegando razão de foro íntimo. O ministro Ricardo Lewandowski negou nesta sexta-feira (1º) o pedido de liberdade apresentado pelo médium João de Deus ao Supremo Tribunal Federal (STF). Ele negou o pedido após ser sorteado relator do caso.Lewandowski também decidiu pedir informações sobre a movimentação financeira do médium ao Conselho de Controle de Atividades Financeiras (Coaf).Réu na Justiça por abusos sexuais, João de Deus está preso desde 16 de dezembro e nega ter cometido os crimes.Relator do caso, Lewandowski foi o terceiro ministro a receber o processo. Isso porque os ministros Luiz Fux e Gilmar Mendes se declararam suspeitos de julgar o pedido por razão de ""foro íntimo"".A suspeição é prevista em lei para situações em que o juiz não se sente confortável para julgar algum tema por razões pessoais, mas ele não precisa explicar a motivação. Já o impedimento tem motivação definida, como nos casos de já ter julgado o mesmo processo em outros tribunais, por exemplo.No pedido de liberdade, a defesa de João de Deus alegava que a conduta atribuída ao médium tem mais de dois anos, e, portanto, não há motivo que justifique prisão preventiva.Os advogados pedem ainda que o STF, caso não libere, conceda prisão domiciliar porque João de Deus tem 77 anos e poderia ser monitorado com tornozeleira eletrônica.Durante o recesso do STF, em janeiro, a defesa de João de Deus desistiu de pedido de liberdade feito logo após a prisão do médium.No último dia 15 de fevereiro, um novo pedido foi apresentado e enviado para o ministro Gilmar Mendes, que havia sido sorteado relator do primeiro pedido.Na última quinta (21), Gilmar se declarou suspeito de analisar o caso por questões pessoais.Nesta quinta (28), Fux também preferiu não analisar por motivos íntimos e pediu que a presidência do tribunal definisse o relator. "	-1
155	"Marco Aurélio nega pedido de Flávio Bolsonaro para suspender investigação. O ministro Marco Aurélio Mello, do Supremo Tribunal Federal (STF), decidiu negar nesta sexta-feira (1º) um pedido do deputado estadual e senador eleito Flávio Bolsonaro (PSL-RJ) para suspender as inves tigações do Ministério Público do Rio de Janeiro (MP-RJ) a partir de movimentações financeiras consideradas ""atípicas"" pelo Conselho de Controle de Atividades Financeiras (Coaf). O senador eleito Flávio Bolsonaro disse, por meio de sua assessoria, que não vai se pronunciar por ora, mas que deve se manifestar no Senado sobre a decisão na tarde desta sexta-feira (1º). Flávio havia pedido a suspenção do procedimento investigatório com o argumento de que uma vez eleito senador, a competência para autorizar investigação seria do STF, por causa do foro privilegiado."	"""Marco Aurélio nega pedido de Flávio Bolsonaro para suspender investigação"" O ministro Marco Aurélio Mello, do Supremo Tribunal Federal (STF), decidiu negar nesta sexta-feira (1º) um pedido do deputado estadual e senador eleito Flávio Bolsonaro (PSL-RJ) para suspender as investigações do Ministério Público do Rio de Janeiro (MP-RJ) a partir de movimentações financeiras consideradas ""atípicas"" pelo Conselho de Controle de Atividades Financeiras (Coaf).O senador eleito Flávio Bolsonaro disse, por meio de sua assessoria, que não vai se pronunciar por ora, mas que deve se manifestar no Senado sobre a decisão na tarde desta sexta-feira (1º). Flávio havia pedido a suspensão do procedimento investigatório com o argumento de que uma vez eleito senador, a competência para autorizar investigação seria do STF, por causa do foro privilegiado.Em entrevista ao blog há duas semanas, Marco Aurélio já tinha sinalizado que rejeitaria o pedido da defesa do senador eleito. ""Tenho negado seguimento a reclamações assim, remetendo ao lixo"", afirmou o ministro na ocasião.Com a decisão de Marco Aurélio, a investigação do MP-RJ pode ser retomada. O ministro também determinou o fim do sigilo do caso.Na decisão, Marco Aurélio afirma que a competência da Corte ""está delimitada, de forma exaustiva, na Constituição Federal"", e que cabe ao STF julgar deputados e senadores por crimes cometidos no exercício do mandato.""Reitero o que sempre sustentei: a competência do Tribunal é de Direito estrito, está delimitada, de forma exaustiva, na Constituição Federal. As regras respectivas não podem merecer interpretação ampliativa. A Lei Maior, ao prever cumprir ao Supremo julgar Deputados e Senadores, há de ter abrangência definida pela conduta criminosa: no exercício do mandato e relacionada, de algum modo, a este último"", disse o ministro.Marco Aurélio disse, ainda, que a Corte não pode servir de ""elevador processual"".""A situação jurídica não se enquadra na Constituição Federal em termos de competência do Supremo. Frise-se que o fato de alcançar-se mandato diverso daquele no curso do qual supostamente praticado delito não enseja o chamado elevador processual, deslocando-se autos de inquérito, procedimento de investigação penal ou processo-crime em tramitação"", afirmou o ministro.Após a decisão do ministro, o MP-RJ comunicou que o procurador-geral de Justiça, Eduardo Gussem, encaminhou onze Procedimentos de Investigação Criminal (PICs) abertos a partir dos relatórios do Coaf para a coordenação da 1ª Central de Inquéritos.""Caberá a essa coordenação remeter os expedientes para a Promotoria de Justiça com atribuição para prosseguir nas investigações"", informou o MP.Flávio Bolsonaro e seu ex-motorista Fabrício Queiroz são alvos de procedimento investigatório do Ministério Público do Rio de Janeiro iniciado a partir de relatórios do Coaf. O conselho identificou uma movimentação suspeita de R$ 1,2 milhão na conta de Queiroz e também na conta de Flávio Bolsonaro _ em um mês, foram 48 depósitos em dinheiro, no total de R$ 96 mil, de acordo com o Coaf.Os depósitos, concentrados no autoatendimento da agência bancária que fica dentro da Assembleia Legislativa do Rio (Alerj), foram feitos sempre no mesmo valor: R$ 2 mil.A investigação faz parte da Operação Furna da Onça, desdobramento da Lava Jato no Rio de Janeiro que prendeu dez deputados estaduais.De acordo com o Coaf, nove funcionários do gabinete de Flávio Bolsonaro na Assembleia Legislativa do Rio de Janeiro transferiam dinheiro para a conta de Fabrício Queiroz em datas que coincidem com as datas de pagamento de salário.O filho do presidente Jair Bolsonaro tem dito estar à disposição da Justiça para prestar esclarecimentos, mas não atendeu aos convites do Ministério Público para apresentar as explicações.Ainda durante o recesso do Judiciário, o ministro Luiz Fux, do STF, mandou suspender provisoriamente o procedimento investigatório do MP-RJ atendendo a pedido de Flávio Bolsonaro, até que o relator do caso, ministro Marco Aurélio pudesse decidir.Na reclamação ao STF, Flávio Bolsonaro argumentava que o Ministério Público requereu ao Coaf informações sobre dados sigilosos de sua titularidade e que as informações do procedimento investigatório foram obtidas de forma ilegal, sem consultar a Justiça.Segundo Flávio, houve usurpação de competência da Corte para decidir sobre o precedimento investigatório, uma vez que foi confirmada sua eleição como senador e que só o Supremo poderia decidir neste caso.Ele alegou, ainda, que ""o Ministério Público do Rio se utilizou do Coaf para criar atalho e se furtar ao controle do Poder Judiciário, realizando verdadeira burla às regras constitucionais de quebra de sigilo bancário e fiscal"".Flávio Bolsonaro pediu a suspensão de todos os atos da investigação em curso até que se decida a respeito da competência do Supremo para processar e julgar e ainda o reconhecimento da ilegalidade das provas e de todas as diligências de investigação determinadas a partir delas. "	-1
156	Projeto de Moro vai para banho-maria até votação da Previdência. O objetivo é blindar o projeto que prevê mudanças no sistema de apoentadorias. O objetivo é blindar o projeto que prevê mudanças no sistema de apoentadorias.	"""Projeto de Moro vai para banho-maria até votação da Previdência""Pacote deve ser enviado na terça-feira (19) ao Congresso e vai tramitar em ritmo mais lento do que a reforma no sistema de aposentadorias. O governo decidiu que o pacote anti-corrupção e de combate ao crime organizado, que será enviado pelo ministro Sérgio Moro (Justiça) ao Congresso na terça-feira (19), vai tramitar num ritmo mais lento que a proposta de reforma da Previdência. O objetivo é blindar o projeto que prevê mudanças no sistema de aposentadoria e que chega à Câmara dos Deputados na quarta-feira, evitando assim que as propostas debatidas no pacote de Moro ""contaminem"" a discussão.Nos últimos dias, parlamentares questionavam a conveniência de os dois projetos correrem em paralelo na Câmara. A avaliação de parte dos deputados, endossada pelo presidente da Casa, Rodrigo Maia, era que o pacote de Moro poderia prejudicar as negociações sobre a reforma da Previdência - ou seja, parlamentares insatisfeitos com pontos do pacote de combate à corrupção poderiam retaliar o governo na discussão sobre o novo sistema de aposentadoria.Ciente desse risco, o Palácio do Planalto não vai se empenhar para o projeto de Moro avançar num ritmo mais acelerado neste primeiro momento. ""Vamos segurar em um segundo plano"", disse ao blog um integrante da Casa Civil.O líder do governo na Câmara, Major Vitor Hugo, chama de ""marcha natural"" o andamento do projeto de Moro, mas admite: ""A prioridade zero é a reforma da Previdência. Se aprovada a reforma, se Deus quiser, aí todo o esforço será para a aprovação (do pacote de Moro)"".Ainda assim valeu a avaliação de que era necessário mandar um pacote que dialogasse diretamente com os anseios da população, que aponta a segurança pública como um dos principais problemas do país, no mesmo momento em que se falará sobre Previdência, um tema de menor popularidade.Mesmo que haja resistência dos congressistas em relação a pontos do pacote de Moro, por ele não demandar alteração na Constituição, ou seja, o quórum de 308 deputados e 49 senadores, em dois turnos, a aprovação das propostas tende a ser mais fácil - o pacote altera diferentes legislações, como o Código Penal e a lei de combate às organizações criminosas.Maia, porém, ainda tem de definir como será o trâmite do projeto, principalmente se ele se dará por meio de comissão especial ou de modo fatiado, percorrendo diferentes comissões temáticas. A tramitação em comissão especial ocorre quando as alterações na legislação envolvem mais de três comissões - no caso do pacote de Moro, por exemplo, há temas que passam pelas comissões de segurança pública, defesa nacional e etc.O governo, no entanto, não tem pressa quanto ao andamento das propostas. Já a expectativa em relação à reforma da Previdência é a de que o projeto passe pela CCJ (Comissão de Constituição e Justiça) em cinco sessões e, depois, pela comissão especial em onze sessões. A votação no plenário ficaria para julho, pouco antes do recesso parlamentar, que começa no dia 15 daquele mês. "	-1
157	Procurador pede que TCU apure se Justiça Eleitoral agiu para coibir candidatas-laranja. Conforme o procurador, há fortes indícios de desvio de recursos do Fundo Partidário e do Fundo Especial de Financiamiento de Campanha (FEFC) em benefício de partidos e políticos. O pedido será analisado pelo TCU, que poderá determinar ou não abertura de auditoria. 	"""Procurador pede que TCU apure se Justiça Eleitoral agiu para coibir candidatas-laranja""Lucas Rocha Furtado apontou que há fortes indícios de desvio de dinheiro público nas campanhas. Corte de contas decidirá se abre auditoria em relação à atuação da Justiça Eleitoral. O subprocurador-geral do Ministério Público junto ao Tribunal de Contas da União (TCU) Lucas Rocha Furtado pediu nesta terça-feira (26) que a Corte de fiscalização apure medidas e providências adotadas pela Justiça Eleitoral para coibir desvio de dinheiro público para candidaturas de mulheres que seriam ""laranjas"" nas eleições de 2018.Conforme o procurador, há fortes indícios de desvio de recursos do Fundo Partidário e do Fundo Especial de Financiamento de Campanha (FEFC) em benefício de partidos e políticos. O pedido será analisado pelo TCU, que poderá determinar ou não abertura de auditoria.Na representação de cinco páginas, o procurador lembra que o Supremo determinou percentual mínimo de 30% dos valores nas candidaturas de mulheres, o que foi regulamentado pelo Tribunal Superior Eleitoral (TSE).Furtado frisou que reportagens jornalísticas têm demonstrado o desvio da aplicação. Ele citou que ao jornal ""Folha de S.Paulo"" indicou que ""potenciais laranjas"" receberam R$ 15 milhões de verba pública de 14 partidos. Na avaliação do procurador, os casos sugerem que os partidos teriam lançado candidatas de pouca ou nenhuma expressão política para desviar dinheiro.""É de se reconhecer que o fato de os partidos políticos e as coligações terem lançado candidatas que tiveram votação inexpressiva não configura, por si só, ação fraudulenta. [...] O que realmente salta aos olhos, nas reportagens que têm sido divulgadas sobre a matéria em questão, [...] são os fortes indícios de que os recursos do Fundo Partidário e do FEFC que deveriam ter sido aplicados no financiamento das campanhas de candidatas foram, na verdade, desviadas para o custeio de outras campanhas dos partidos e coligações"", destacou o procurador na representação.Segundo Furtado, se ficar confirmado o desvio dos valores destinados às mulheres, será ""apropriado dizer que as candidaturas das mulheres configuraram candidaturas ""laranjas"", ou seja, candidaturas materialmente falsas ou ""de fachada"", que tiveram o único propósito de garantir recursos daqueles fundos públicos para utilização em fins outros"".O procurador ressaltou que a Justiça Eleitoral tem o dever de avaliar a prestação de contas e o uso adequado dos valores. Portanto, cabe ao TCU ""decidir pela adoção das medidas necessárias a conhecer e a avaliar as providências que vem sendo tomadas"".Lucas Rocha Furtado destacou que, se for necessário quebra de sigilo bancário, fiscal e telefônico, o Ministério Público eleitoral poderá ""atuar em conjunto e em cooperação com esta Corte de contas, mediante compartilhamento de informações e confluência de esforços"". "	-1
158	"""Precisamos conversar sempre, reforçar o diálogo, gerar intimidade. Tudo isso sempre é bom para pensarmos o país juntos"", disse Maia ao blog. ""Todas"""	"""Maia convida Bolsonaro, Toffoli e Davi Alcolumbre para encontro para afinar diálogo entre poderes"" O presidente da Câmara, Rodrigo Maia, convidou os chefes dos três poderes para um encontro neste sábado (16) na residência oficial da Câmara. O objetivo é ""afinar o diálogo"" entre eles, de olho numa agenda comum do Executivo, do Legislativo e do Judiciário.Maia convidou os presidentes da República, Jair Bolsonaro; do Supremo Tribunal Federal, Dias Toffoli; e do Senado, Davi Alcolumbre.""Precisamos conversar sempre, reforçar o diálogo, gerar intimidade. Tudo isso sempre é bom para pensarmos o país juntos"", disse Maia ao blog.O Planalto ficou de definir quais ministros também participarão do almoço. No domingo (17), Bolsonaro embarcará para os Estados Unidos.Este será o segundo encontro entre Maia e Bolsonaro nos últimos dias. No fim de semana passado, os dois se reuniram para discutir a reforma da Previdência.Questionado se o tema será foco do almoço deste sábado, Maia respondeu: ""Todas as agendas que são importantes para o país"".O encontro ocorrerá em meio a queixas de parlamentares, que querem que o governo afine a articulação política visando a aprovação da reforma da previdência.O presidente do Senado, questionado pelo blog, concorda com a avaliação de que a articulação do governo precisa melhorar para garantir a aprovação da reforma no Congresso. "	-1
159	"""Nas últimas horas tive o prazer de voltar a comer. Ontem pela noite um caldo de carne e hoje uma boa gelatina. Estou feliz, apesar de não ser aquele pão com leite condensado kkkk."" ""Bolsonaro passou por uma cirurgia para retirar uma bolsa de colostomia e refazer a ligação entre o"""	"""Bolsonaro diz que voltou a se alimentar comendo caldo de carne e gelatina em hospital de SP: Estou feliz""Presidente está internado desde o dia 28 de janeiro e vinha recebendo líquidos por via oral em associação à nutrição parenteral. O presidente Jair Bolsonaro (PSL) postou na manhã desta sexta-feira (8) em sua conta no Twitter uma foto segurando uma colher com gelatina em seu quarto no Hospital Albert Einstein, em São Paulo, onde se recupera da cirurgia a que se submeteu no dia 28. Bolsonaro disse que voltou a se alimentar pela primeira vez desde cirurgia:""Nas últimas horas tive o prazer de voltar a comer. Ontem pela noite um caldo de carne e hoje uma boa gelatina. Estou feliz, apesar de não ser aquele pão com leite condensado kkkk. Bom dia a todos!""Esta é a primeira vez que o presidente recebe alimento. Bolsonaro vinha recebendo líquidos por via oral em associação à nutrição parenteral.Bolsonaro passou por uma cirurgia para retirar uma bolsa de colostomia e refazer a ligação entre o intestino delgado e parte do intestino grosso no dia 28 de janeiro. Ele está internado na unidade semi-intensiva do hospital.Segundo boletim médico divulgado na tarde desta quinta-feira (7), Bolsonaro teve episódio isolado de febre e foi submetido a uma tomografia de tórax e abdome que mostrou ""boa evolução do quadro intestinal e imagem compatível com pneumonia"".De acordo com o porta-voz da Presidência, Otávio Rêgo Barros, os novos exames detectaram que a pneumonia tem causa bacteriana. ""Fizeram exames viral e bacteriano, e descartaram o viral. Trata-se de uma causa bacteriana"", afirmou o porta-voz. ""Algumas causas podem ser geradoras dessa pneumonia, mas ficar na suposição não me parece adequado.""Um novo antibiótico foi incluído no tratamento e deve ser administrado por sete dias.Ainda segundo o boletim, ""foi realizado um ajuste na antibióticoterapia e mantidos os demais tratamentos"". ""[Bolsonaro] Continua sem dor, com sonda nasogástrica, dreno no abdome e recebendo líquidos por via oral em associação à nutrição parenteral.""Segundo o porta-voz, ""o estado de saúde do presidente é o esperado dentro desse pico térmico que lhe acometeu na noite de ontem [quarta]"". ""Por precaução os médicos fizeram exame de imagem, incluso tomografia por contraste. O pulmão tinha uma imagem que era compatível com pneumonia.""Rêgo Barros afirmou: ""O presidente vem recebendo administração de antibiótico de amplo espectro. Médicos optaram por acrescentar uma nova medicação. Esta ação vai debelar essa pneumonia que foi encontrada em seu pulmão"".Segunda-feira (28/1)Jair Bolsonaro foi submetido a uma cirurgia para retirada da bolsa de colostomia no Hospital Albert Einstein, na Zona Sul de São Paulo. O procedimento terminou após sete horas e ocorreu ""com êxito"", segundo informou o Palácio do Planalto.De acordo com o boletim médico divulgado pelo hospital, a cirurgia foi realizada ""sem intercorrências e sem necessidade de transfusão de sangue"". Foi realizada uma ""anastomose do íleo com o cólon transverso"", que é a união do intestino delgado com uma parte do intestino grosso. Foram retirados de 20 a 30 centímetros do intestino grosso de Bolsonaro na parte que ligava o intestino delgado à bolsa de colostomia.Terça-feira (29/1)Bolsonaro seguiu na UTI do Hospital Albert Einstein após a retirada da bolsa de colostomia. Ele recebeu analgésicos para controle da dor e não apresentou sangramentos ou complicações, ficando sem febre ou sinais de infecção.Quarta-feira (30/1)Bolsonaro reassumiu a Presidência da República e passou a despachar de um escritório que foi montado no mesmo andar onde está internado no Hospital Albert Einstein, na Zona Sul de São Paulo.Quinta-feira (31/1)O porta-voz da presidência, Otávio do Rêgo Barros, disse que Bolsonaro estava tentando se manter sem falar, mas a recomendação médica era difícil de ser acolhida: ""O presidente é difícil, ele está falando já. A despeito do médico dizer para ele ficar calado, ele já está falando"".Sexta-feira (1º/2)O boletim médico do dia informou que Bolsonaro teve boa evolução clínica. ""Já apresenta sinais de início dos movimentos intestinais"". ""Segue com dieta parenteral (endovenosa) exclusiva, sem infecção ou outras complicações. Realiza fisioterapia respiratória e períodos de caminhada fora do quarto. Por ordem médica, o paciente segue com visitas restritas.""Sábado (2/2)O presidente teve náuseas e vômito, e os médicos precisaram colocar uma sonda nasogástrica.Domingo (3/2)Jair Bolsonaro continuou usando uma sonda nasogástrica aberta, com evolução clínica estável. De acordo com o boletim médico, o presidente ficou sem dor e sem sinais de infecção. Bolsonaro foi submetido a uma tomografia de abdome que descartou complicações cirúrgicas. Ele está em jejum oral e nutrição parenteral exclusiva.Segunda-feira (4/2)Bolsonaro teve elevação na temperatura, passou a tomar antibiótico e a alta prevista para quarta-feira (6) foi adiada, segundo o porta-voz Otávio Rêgo Barros. O boletim médico informou que o presidente passou a tomar antibióticos e foram realizados novos exames de imagem. Identificou-se uma coleção líquida ao lado do intestino na região da antiga colostomia. Foi submetido à punção guiada por ultrassonografia e permanece com dreno no local. O presidente apresentou movimentos intestinais e teve dois episódios de evacuação.Terça-feira (5/2)O presidente teve melhora do seu estado de saúde e começou a receber líquido por via oral. Bolsonaro apresentou aumento da movimentação intestinal, o que possibilitou o início de injeção de líquido por via oral. ""Os exames laboratoriais apresentam melhora. O paciente segue com antibióticos e dreno no abdome"", disse o boletim médico.Quarta-feira (6/2)O presidente apresentou quadro clínico estável, sem dor ou febre, com melhora dos exames laboratoriais e de imagem, segundo boletim médico divulgado nesta quarta-feira (6). Ele também voltou a caminhar no corredor do Hospital Albert Einstein, na Zona Sul de São Paulo.Quinta-feira (7/2)Segundo boletim médico, Bolsonaro teve um episódio de febre e uma tomografia no tórax detectou uma pneumonia. Segundo os exames, a pneumonia teve origem bacteriana. Foi acrescentado um novo antibiótico no tratamento do presidente. "	-1
160	"""Guerra no MEC pode fazer segunda baixa no primeiro escalão do governo Bolsonaro"" Depois da demissão de Gustavo Bebianno da Secretaria-Geral da Presidência, outro ministro do governo Bolsonaro está na corda bamba e pode cair em breve. O ministro da Educação, Ricardo Vélez Rodríguez, está sendo alvo de pressões para deixar o posto. Para tentar acabar com a guerra interna, o presidente Jair Bolsonaro determinou que o ministro demitisse não só assessores ligados a Olavo de Carvalho mas também militares que estavam gerando insatisfeito no escritor."	"""Guerra no MEC pode fazer segunda baixa no primeiro escalão do governo Bolsonaro"" Depois da demissão de Gustavo Bebianno da Secretaria-Geral da Presidência, outro ministro do governo Bolsonaro está na corda bamba e pode cair em breve. O ministro da Educação, Ricardo Vélez Rodríguez, está sendo alvo de pressões para deixar o posto.Se cair, será a segunda baixa do novo governo em menos de três meses de existência.Rodríguez foi indicado para o posto pelo guru do governo Bolsonaro, Olavo de Carvalho. O escritor, de direita, bancou sua nomeação e indicou vários assessores para ocupar cargos dentro do Ministério da Educação. Só que o ministro também nomeou para sua equipe militares, que entraram em confronto com o grupo de seguidores de Olavo de Carvalho, chamados de ""olavetes"".Para tentar acabar com a guerra interna, o presidente Jair Bolsonaro determinou que o ministro demitisse não só assessores ligados a Olavo de Carvalho mas também militares que estavam gerando insatisfação no escritor e guru do governo atual.Foram seis exonerações no ministério e outras podem ser feitas, porque Olavo de Carvalho segue cobrando novas demissões.Dentro do Palácio do Planalto, há um sentimento de insatisfação em relação ao desempenho de Ricardo Vélez Rodríguez, que até agora gerou muito mais polêmica e pouca ação efetiva na linha desejada pelo presidente.Bolsonaro, inclusive, chegou a destacar recentemente que seu governo está fazendo uma ""Lava Jato da Educação"", investigação em contratos que seriam suspeitos realizados em administrações anteriores. "	-1
161	Presidente viajou no domingo para a primeira visita oficial aos EUA e terá encontro com Donald Trump na terça-feira (19). Presidente viajou no domingo para a primeira visita oficial aos EUA e terá encontro com Donald Trump na terça-feira (19). O compromisso não estava previsto na agenda do presidente, que chegou na tarde de domingo à capital norte-americana para sua primeira visita oficial aos Estados Unidos. O compromisso não estava previsto na agenda do presidente, que chegou na tarde de domingo à capital norte-americana para sua primeira visita oficial aos Estados Unidos.	"""Bolsonaro visita sede da CIA em Washington na manhã desta segunda""Presidente viajou no domingo para a primeira visita oficial aos EUA e terá encontro com Donald Trump na terça-feira (19). Visita à CIA não estava prevista na agenda. O presidente Jair Bolsonaro fez uma visita na manhã desta segunda-feira (18) à sede da Agência Central de Inteligência dos Estados Unidos (CIA), em Washington.O compromisso não estava previsto na agenda do presidente, que chegou na tarde de domingo à capital norte-americana para sua primeira visita oficial aos Estados Unidos. Ele terá um encontro na terça-feira (19) com o presidente norte-americano Donald Trump.O ministro da Justiça, Sérgio Moro, que faz parte da comitiva brasileira, acompanhou Bolsonaro na visita à CIA.A agenda do presidente, divulgada pelo Palácio do Planalto, previa para esta segunda compromissos apenas à tarde: uma audiência com o ex-secretário do Tesouro dos EUA Henry Paulson, uma cerimônia de assinatura de atos e um jantar oferecido pelo Conselho Empresarial Brasil-EUA.Acompanhado de sete ministros, entre os quais Paulo Guedes (Economia) e Sérgio Moro (Justiça e Segurança Pública), Bolsonaro viajou no domingo (17) para Washington.O presidente chegou à capital dos EUA à tarde e participou de um jantar na residência do embaixador brasileiro, Sérgio Amaral, com ministros e intelectuais de direita norte-americanos e brasileiros.Bolsonaro fez um discurso no jantar. O presidente disse que era uma ""alegria e satisfação"" visitar o país e que deseja ter um Brasil ""grande"", a exemplo dos planos de Trump para os EUA.Bolsonaro também declarou que o Brasil ""não é um terreno"" no qual pretende ""construir coisas para o nosso povo"".""Nós temos que descontruir muita coisa, desfazer muita coisa para, depois, começarmos a fazer"", disse, sem especificar o que pretende desconstruir. "	-1
162	O MDB reivindica presidência da Comissão de Constituição e Justiça, diz líder do Senado. O MDB é o maior partido no Senado, com 13 parlamentares, seguido por PSD (10 senadores) e PSDB (8). O MDB reivindica presidência da Comissão de Constituição e Justiça, diz líder do Senado.	"""MDB reivindica presidência da Comissão de Constituição e Justiça, diz líder do Senado""Eduardo Braga (MDB-AM) afirmou que legenda quer que seja respeitada a ordem de tamanho das bancadas. Sigla é a maior do Senado, com 13 integrantes.  O líder do MDB no Senado, Eduardo Braga (MDB-AM), afirmou nesta segunda-feira (4) que o partido, derrotado na eleição para a presidência da Casa, reivindicará o comando da Comissão de Constituição e Justiça (CCJ).Cobiçada entre os partidos, a CCJ é considerada a comissão mais importante do Senado, por ser responsável pela análise dos principais projetos que passam pelo Senado. É o caso de propostas de emenda à Constituição (PEC), como a reforma da Previdência, e projetos que fazem, por exemplo, alterações na legislação penal.Braga afirmou que a sigla quer que seja respeitada, na divisão das comissões temáticas da Casa, a ordem de tamanho das bancadas. O MDB é o maior partido no Senado, com 13 parlamentares, seguido por PSD (10 senadores) e PSDB (8).PSD e PSDB ajudaram Davi Alcolumbre (DEM-AP) a se eleger presidente do Senado, derrotando o emedebista Renan Calheiros (MDB-AL).Pela regra, segundo o líder do MDB, o MDB tem direito a dois cargos na Mesa Diretora e duas presidências de comissões.""Nós reivindicamos a CCJ. A primeira pedida seria a CCJ. Eu acho que é importante para o bom andamento dos trabalhos no Senado que haja esse entendimento. Esta Casa, as vezes que não encontrou um critério claro na proporcionalidade acabou tendo um resultado que não foi muito bom"", afirmou Braga.""Esse critério [o da proporcionalidade] é o que a Casa estabeleceu há muitos anos. Obviamente, a primeira pedida da Mesa [a presidência], que é do MDB, houve uma disputa e nós não vencemos. Agora, nós continuamos tendo a primeira pedida depois da presidência e é isso que queremos conversar com o presidente Davi [Alcolumbre]. Tanto nas comissões quanto na proporção da Mesa"", acrescentou o líder do MDB.Questionado sobre como ficará a situação, caso o tamanho do MDB não seja respeitado, Braga afirmou: ""Aí o tempo dirá. O tempo é senhor da razão"".O parlamentar disse ainda que a bancada, pelo tamanho, tem, na avaliação de Braga, direito a fazer duas indicações para a Mesa Diretora, uma delas seria a primeira vice-presidência ou a primeira-secretaria.O emedebista declarou também que o MDB ainda vai discutir quais nomes serão indicados para as funções que o partido vier a ter. "	-1
163	"""Se for expulsar todo mundo, não vai ficar muita gente"", diz Alckmin. O Estatuto do partido diz que a expulsão só pode ocorrer após o trânsito em julgado. Não tem ainda a decisão da última instância [no caso do Aécio]. A rigor, nem Azeredo, que está preso, poderia ser expulso."	"""Se for expulsar todo mundo, não vai ficar muita gente, diz Alckmin"" O presidente do PSDB, Geraldo Alckmin, afirmou hoje ao blog que não houve acordão no partido para salvar o deputado Aécio Neves (MG) de um pedido de expulsão. A Executiva Nacional do PSDB se encontrou ontem e resolveu que, antes de decidir sobre o caso de Aécio, réu por corrupção no STF, precisa mudar o Estatuto da legenda e criar um Código de Ética. A decisão causou polêmica interna e foi vista como uma operação pró Aécio, pego em gravações do caso JBS pedindo R$ 2 milhões para Joesley Batista. A decisão do partido foi revelada hoje pelo jornal ""O Estado de S. Paulo"".""O Estatuto do partido diz que a expulsão só pode ocorrer após o trânsito em julgado. Não tem ainda a decisão da última instância [no caso do Aécio]. A rigor, nem Azeredo, que está preso, poderia ser expulso"", declarou o ex-governador, alegando que casos que ainda estão em discussão na Justiça, como o de Aécio, não se encaixam nas regras previstas do Estatuto para expulsão. A cúpula do partido também resolveu enviar para o diretório de Minas o pedido de expulsão de Eduardo Azeredo, ex-presidente tucano e ex-governador mineiro que está preso após condenação no caso do mensalão do PSDB. Aécio foi alvo de um pedido de expulsão, por quebra de decoro parlamentar, em dezembro passado, pelo atual vice-governador do Acre, Wherles Rocha.Na mesma reunião, os tucanos também decidiram arquivar pedidos de expulsão contra seis integrantes do partido, por infidelidade partidária. O ex-governador Alberto Goldman, o prefeito paulistano Bruno Covas, o prefeito de Santos, Paulo Barbosa, e o prefeito de Manaus, Arthur Virgílio, entre outros, eram acusados de fazer campanha para candidatos de outra legenda na eleição do ano passado. Os pedidos de expulsão evidenciam a guerra entre tucanos, principalmente entre os do grupo mais tradicional e os ligados ao atual governador João Doria. Goldman e Barbosa, que é aliado de Alckmin, não apoiaram o hoje governador, mas seu adversário Marcio França, do PSB, que contava ainda com o apoio tácito do próprio presidente do PSDB.""Se for expulsar todo mundo, não vai ficar muita gente"", diz Alckmin, dizendo que não houve acordo para salvar Aécio em troca de manter no partido os seus aliados, acusados de infidelidade partidária. ""Eu sou o maior prejudicado. A maior infidelidade partidária ocorreu na eleição nacional"", disse o candidato derrotado à Presidência, que acabou traído na disputa por tucanos que apoiaram ainda no primeiro turno Jair Bolsonaro (PSL), entre os quais o grupo de Doria. ""A decisão foi igual para todo mundo. Porque senão representa contra um, vem o outro e representa também.""As duas decisões levantaram polêmica no partido, num momento em que o PSDB vive uma grande crise ética e há demanda interna para que a legenda dê uma resposta forte e definitiva contra casos envolvendo desvios éticos. Nesta semana, o ex-senador Aloysio Nunes foi alvo de mandados de busca e apreensão em uma fase da Lava Jato. Dois ex-governadores também já foram presos (Beto Richa, do Paraná, e Marconi Perillo, de Goiás). A bancada do partido perdeu espaço na eleição de 2018: em 2014 elegeu 54 deputados; em 2018 foram 29.Alckmin disse que no congresso nacional do partido, no dia 31 de maio, a legenda alterará a regra do estatuto que permite a expulsão apenas após o trânsito em julgado. E diz que fará um código de ética prevendo as infrações passíveis de expulsão. "	-1
164	Proposta de Moro prevê que juiz possa reduzir ou deixar de aplicar pena em casos de ações policiais resultantes de medo, surpresa ou violença emoção. O juiz poderá reduzir a pena até a metade ou deixar de aplicá-la se o excesso decorrer de escusável medo, surpresa ou violença emoção. Além disso, na nova redação do artigo 25 considera-se legítima d	"""Proposta de Moro prevê que juiz possa reduzir ou deixar de aplicar pena em casos de ações policiais resultantes de medo, surpresa ou violenta emoção""Projeto considera situações como conflito armado ou risco de agressão a vítima mantida refém. De acordo com a proposta, a autoridade policial poderá deixar de efetuar a prisão em flagrante se o agente tiver agido nas situações descritas. Uma das alterações propostas no projeto de lei anticrime apresentado pelo ministro da Justiça, Sérgio Moro, nesta segunda-feira (4), diz respeito à legítima defesa. Ele propõe mudanças no Código Penal e no Código de Processo Penal.O artigo 23 do Código Penal, que tinha um parágrafo único (O agente, em qualquer das hipóteses deste artigo, responderá pelo excesso doloso ou culposo), ganha um segundo parágrafo: ""O juiz poderá reduzir a pena até a metade ou deixar de aplicá-la se o excesso decorrer de escusável medo, surpresa ou violenta emoção"".Além disso, na nova redação do artigo 25 considera-se legítima defesa:O projeto também prevê uma alteração no artigo 309 do Código de Processo Penal com a seguinte redação:Veja aqui a íntegra do projetoNa coletiva, o ministro disse que ""a proposta fala por si"". ""O que a proposta faz é tirar dúvidas de que aquelas situações específicas descritas caracterizam legítima defesa. Então, um agente policial, que numa situação de sequestro de refém toma uma providência para prevenir a morte da vítima, é evidente que ele atua em legítima defesa. No entanto, às vezes por questões discricionárias e subjetivas de interpretação da lei, essa situação não era assim entendida. Nós apenas deixamos claro na lei, extraímos do conceito de legítima defesa situações que a ela são pertinentes. Não existe nenhuma licença para matar. Quem afirma isso está equivocado, não leu o projeto.""No final do ano passado, Moro comentou a questão, dizendo que era preciso ""repensar"" se ""o tratamento jurídico atual era suficiente ou não para cobrir situações em que um policial, no âmbito de um confronto, tenha que eventualmente disparar a sua arma contra um criminoso fortemente armado"".O chamado ""excludente de ilicitude"" foi uma das bandeiras do presidente Jair Bolsonaro durante a campanha. ""Se chama excludente de ilicitude, existe em muitos estados norte-americanos. O elemento, ao ser flagrado portando uma arma de forma ostensiva, o lado de cá pode atirar primeiro sem problema nenhum."" "	-1
165	Para Planalto, Congresso renovado deve garantir aprovação de propostas de Moro. Além de fazer a economia crescer, Bolsonaro acredita que as medidas do seu ministro da Justiça vão trazer mais segurança ao país e reduzir a corrupção, essencial para a gestão dos recursos públicos e atração de investimentos.As dúvidas recaem sobre a possibilidade de prisão após condenação em segunda instância, por causa das dúvidas relacionadas a	"""Para Planalto, Congresso renovado deve garantir aprovação de propostas de Moro"" Ao lado da economia, o pacote do ministro da Justiça, Sergio Moro, é uma das principais apostas do presidente Jair Bolsonaro para ter sucesso no seu mandato. Além de fazer a economia crescer, Bolsonaro acredita que as medidas do seu ministro da Justiça vão trazer mais segurança ao país e reduzir a corrupção, essencial para a gestão dos recursos públicos e atração de investimentos.O pacote de Moro foi considerado ousado pelo Palácio do Planalto e a avaliação é que, em um Congresso renovado, tanto na Câmara como no Senado, os projetos devem ser aprovados com certa facilidade.Como parcela significativa do Legislativo foi eleita dentro da onda nacional contra a corrupção e por mais segurança pública, a expectativa é que esse grupo de parlamentares seja a garantia de aprovação das medidas.As dúvidas recaem sobre a possibilidade de prisão após condenação em segunda instância, por causa das dúvidas relacionadas ao Supremo Tribunal Federal, que vai analisar o tema em abril, e a criminalização do caixa dois. Neste tópico, o receio é que congressistas aproveitem para aprovar uma anistia para os crimes cometidos no passado.Em relação à reforma da Previdência, a outra prioridade do governo Bolsonaro, os discursos dos presidentes do Senado e da Câmara na reabertura dos trabalhos do Legislativos aumentaram a confiança do Palácio do Planalto na aprovação da proposta. Davi Alcolumbre e Rodrigo Maia, ambos do DEM, fizeram defesa enfática da medida em suas falas.E tal como Sergio Moro, que está costurando apoio político para seu pacote, o ministro da Economia, Paulo Guedes, está fazendo o mesmo roteiro. Ontem, jantou com o presidente do STF, Dias Toffoli. Vai se reunir nesta terça-feira (5) com o presidente da Câmara, Rodrigo Maia, e pretende fazer o mesmo com o do Senado, Davi Alcolumbre, para tratar da tramitação da proposta.Com Maia, ele quer conversar sobre a posição do presidente da Câmara, que avaliou ser necessária a tramitação da medida do governo pela comissão especial, enquanto a equipe econômica preferia aproveitar o projeto do ex-presidente Michel Temer, que já tramita na Casa e está pronto para ser votado no plenário.Enquanto isso, a proposta final da reforma ainda aguarda o aval final de Bolsonaro. Segundo assessores, ele deu a senha de qual caminho adotará na mensagem enviada ao Congresso na reabertura dos trabalhos do Legislativo. Ele defendeu uma reforma moderna, mas ao mesmo tempo fraterna e que garanta o equilíbrio atuarial, com o amparo a quem mais precisa, separando Previdência de assistência.Ou seja, ele vai aprovar uma reforma substancial, mas não chegará a ser radical, porque ele quer algo fraterno. Segundo assessores, isso significa que ele não vai radicalizar demais, mas sabe que precisa enviar ao Congresso um texto que garanta o equilíbrio das contas previdenciárias. E vai separar Previdência de assistência, bancando benefícios previdenciários para quem não tem condições de contribuir com recursos do Tesouro Nacional. "	-1
166	"""Previdência: Não faz sentido ceder sem qualquer negociação, alerta articulador do governo."" Integrantes da equipe econômica e até lideranças políticas mais experientes do Congresso Nacional ouvidos pelo Blog avaliam que o presidente Jair Bolsonaro fez um movimento muito precoce para flexibilizar a reforma da Previdência. ""É normal negocia, mas deveria ter esperado outro momento."" Disse que ""há um pouco de gordura para cortar"", mas ressaltou que a ""alma"" da reforma precisa ser mantida."	"""Previdência: Não faz sentido ceder sem qualquer negociação, alerta articulador do governo"" Integrantes da equipe econômica e até lideranças políticas mais experientes do Congresso Nacional ouvidos pelo Blog avaliam que o presidente Jair Bolsonaro fez um movimento muito precoce para flexibilizar a reforma da Previdência. O consenso é de que o governo só deveria dar essa sinalização por uma negociação com o andamento mais avançado da reforma no parlamento.""É normal negociar, mas deveria ter esperado outro momento. Foi cedo demais"", disse ao Blog um auxiliar próximo de Bolsonaro.Nesta quinta-feira (28), durante café com jornalistas, o presidente disse que está disposto a negociar alguns pontos da sua proposta, entre os quais baixar a idade mínima de aposentadoria para mulher, de 62 para 60 anos.Ele também admitiu mudanças no Benefício de Prestação Continuada (BPC). Disse que ""há um pouco de gordura para cortar"", mas ressaltou que a ""alma"" da reforma precisa ser mantida.No Congresso, lideranças mais antigas receberam com surpresa as declarações. ""Isso poderia ser feito para conseguir votos para aprovar a reforma da Previdência. Mas não faz sentido ceder agora sem qualquer negociação"", observou um parlamentar que ajuda na articulação política do governo. "	-1
167	"""A reforma] é uma necessidade para o país e ela vai demandar uma atuação coordenada em várias frentes. Na esfera política, econômica, mas também jurídica. Vamos ter, em todo o país, advogados"" "	"""AGU cria força-tarefa para defender na Justiça proposta de reforma da Previdência""Grupo vai monitorar eventuais ações apresentadas contra a proposta. De acordo com o advogado-geral da União, ideia é dar segurança jurídica para as novas regras previdenciárias. A Advocacia-Geral da União (AGU) publicou nesta segunda-feira (11) portaria que cria uma força-tarefa para monitorar eventuais ações judiciais que contestem pontos da proposta de reforma da Previdência apresentada pelo governo federal.Segundo o órgão, o grupo irá monitorar tribunais de todo o país, inclusive o Supremo Tribunal Federal (STF), para se antecipar a possíveis ações que sejam movidas para questionar as modificações nas regras de aposentadoria.De acordo com a portaria publicada nesta segunda, a força-tarefa ficará responsável por:""[A reforma] é uma necessidade para o país e ela vai demandar uma atuação coordenada em várias frentes. Na esfera política, econômica, mas também jurídica. Vamos ter, em todo o país, advogados da União acompanhando eventuais questionamentos judiciais sobre qualquer questão relacionada à reforma"", explicou o advogado-geral, André Mendonça.A força-tarefa será composta por "	-1
168	"""O porta-voz do presidente Jair Bolsonaro, Otávio Rêgo Barros, informou nesta quinta-feira (21) que o limite de ação do Brasil em relação à Venezuela é a faixa de fronteira."" ""Rêgo Barros convocou uma entrevista coletiva no Palácio do Planalto para falar sobre a ajuda humanitária que o Brasil pretende enviar à Venezuela no sábado (23), com alimentos e medicamentos."" ""De acordo com o porta-voz, a ajuda será transportada até Boa Vista e Pacaraima por motoristas brasileiros."""	"""Venezuela: limite de ação do Brasil para levar ajuda humanitária é a faixa de fronteira, diz porta-voz""Otávio Rêgo Barros afirmou que governo mantém previsão de enviar alimentos e remédios para Roraima no sábado. Mais cedo, nesta quinta, Nicolás Maduro anunciou fechamento da fronteira. O porta-voz do presidente Jair Bolsonaro, Otávio Rêgo Barros, informou nesta quinta-feira (21) que o limite de ação do Brasil em relação à Venezuela é a faixa de fronteira.Rêgo Barros convocou uma entrevista coletiva no Palácio do Planalto para falar sobre a ajuda humanitária que o Brasil pretende enviar à Venezuela no sábado (23), com alimentos e medicamentos.De acordo com o porta-voz, a ajuda será transportada até Boa Vista e Pacaraima por motoristas brasileiros. A partir da fronteira, explicou, os medicamentos e os alimentos deverão ser transportados por motoristas venezuelanos.Mais cedo, nesta quinta, porém, o presidente venezuelano Nicolás Maduro informou que iria fechar a fronteira do país com o Brasil, em Roraima. A fronteira foi fechada às 21h desta quinta.Rêgo Barros afirmou que uma aeronave da Força Aérea Brasileira (FAB) saiu de Porto Alegre (RS) com 22,8 toneladas de leite em pó. A aeronave pousou em Brasília na noite desta quinta para ser abastecida com 500 kits de primeiros-socorros e seguirá até Boa Vista.Segundo Rêgo Barros, os caminhões venezuelanos serão conduzidos por cidadãos venezuelanos e deverão entrar no Brasil, pegar os itens da ajuda humanitária e levá-los ao país.O porta-voz afirmou que, segundo relatos de militares brasileiros em Roraima, a fronteira estava ""aberta e com fluxo normal"" nesta quinta-feira.Segundo Rêgo Barros, o Brasil mantém a programação de enviar a ajuda humanitária no próximo dia 23.""Estamos disponibilizando os meios logísticos na região de operações, inicialmente em Boa Vista, depois uma subárea de apoio logístico em Pacaraima, e depois nos quedamos a vinda dos caminhões de transporte dirigidos por venezuelanos"", declarou o porta-voz.Questionado se o governo teme algum tipo de conflito na região da fronteira, respondeu: ""O governo brasileiro não identifica, neste momento, possibilidade de fricção na região porque o ponto focal é a ajuda humanitária.""Rêgo Barros também informou que, se os caminhões venezuelanos não puderem entrar no Brasil para buscar a ajuda, os alimentos e medicamentos ficarão estocados em Boa Vista e Pacaraima.Ele acrescentou, ainda, que os alimentos não são perecíveis e podem ficar estocados por um tempo ""bastante alongado"".Segundo o porta-voz, a situação na fronteira com a Venezuela já foi discutida pelo presidente Jair Bolsonaro em uma reunião na tarde desta quinta com os ministros Onyx Lorenzoni (Casa Civil), Augusto Heleno (Gabinete de Segurança Institucional) e Carlos Alberto dos Santos Cruz (Secretaria de Governo).De acordo com Rêgo Barros, o vice-presidente Hamilton Mourão e o ministro Ernesto Araújo (Relações Exteriores) irão à Colômbia participar de uma reunião do Grupo de Lima.A Venezuela enfrenta uma profunda crise política, social e econômica.A inflação no país já ultrapassa 1.000.000% ao ano; milhares de cidadãos têm fugido do país para outras regiões da América Latina; e líderes de oposição têm denunciado perseguição política por parte do regime Maduro.O Brasil já declarou que não reconhece a legitimidade de Maduro como presidente do país e passou a considerar o líder oposicionista Juan Guaidó como presidente interino da Venezuela, assim como Estados Unidos, Colômbia e o Parlamento Europeu, por exemplo.Nicolás Maduro diz ser vítima de uma tentativa de golpe de Estado, comandada pelos Estados Unidos. "	-1
169	Bolsonaro chega aos EUA para visita oficial; primeira agenda é jantar com embaixador. É o começo de uma parceria pela liberdade e prosperidade, como os brasileiros sempre desejaram.	"""Bolsonaro chega aos EUA para visita oficial; primeira agenda é jantar com embaixador""Presidente participará neste domingo (17) de jantar oferecido pelo embaixador do Brasil em Washington. Encontro com Donald Trump será na terça (19). O presidente Jair Bolsonaro chegou na tarde deste domingo (17) aos Estados Unidos, onde terá a primeira reunião bilateral como chefe de Estado com o presidente norte-americano Donald Trump. O encontro será na terça-feira (19) na Casa Branca.Bolsonaro decolou pela manhã da base aérea de Brasília e desembarcou por volta das 16h40 na base aérea de Andrews, próxima da capital Washington, onde a comitiva brasileira ficará hospedada e terá compromissos até a terça-feira (19), dia do retorno ao Brasil.Em uma rede social, depois do desembarque, Bolsonaro afirmou que, ""pela primeira vez em muito tempo"", chega a Washington um presidente brasileiro que não é antiamericano.""É o começo de uma parceria pela liberdade e prosperidade, como os brasileiros sempre desejaram"", disse.O presidente viajou com uma comitiva de ministros, entre os quais, Paulo Guedes (Economia), Sérgio Moro (Justiça e Segurança Pública) e Ernesto Araújo (Relações Exteriores). Entre os temas que serão abordados estão:Bolsonaro ficará hospedado na Blair House, residência utilizada pelo governo norte-americano para receber chefes de Estado em visitas oficiais.O presidente participará ainda neste domingo de um jantar na residência do embaixador do Brasil em Washington, Sérgio Amaral, com ""formadores de opinião"".Bolsonaro está em sua segunda viagem internacional como presidente _ a primeira foi a estreia no Fórum Econômico Mundial, em Davos (Suíça). A agenda do presidente nos EUA prevê compromissos com líderes conservadores, lideranças religiosas e empresários. Bolsonaro terá audiências com:Na terça-feira, após o encontro com Trump, Bolsonaro e o presidente norte-americano farão uma declaração à imprensa no Rose Garden, seguida de uma visita do chefe de Estado brasileiro ao cemitério de Arlington.Bolsonaro tem previsão de desembarcar em Brasília na quarta-feira (20) e, no dia seguinte, partirá para uma visita ao Chile. No final do mês, o presidente fará sua primeira visita oficial a Israel. "	-1
170	"""A Venezuela é o resultado dos delírios autocráticos de Chávez e da violência urdida pela mente limitada de Maduro."" ""Obama foi o único capaz de vislumbrar que o bloqueio pune o povo cubano e mumifica o regime."""	"""Por que chorar por ti Venezuela""O artigo do cientista político Sérgio Abranches para o blog neste domingo\n A Venezuela é o resultado dos delírios autocráticos de Chávez e da violência urdida pela mente limitada de Maduro. Chávez foi eleito originalmente pelo povo excluído, invisível de seu país. E foi a esse mesmo povo que traiu ao buscar perpetuar um regime autoritário e clientelista. Mas o drama venezuelano é, também, consequência dos erros da esquerda mundial e lationoamericana, em particular, que teima em não se atualizar historicamente. Primeiramente de Cuba, relíquia de uma era já superada historicamente, preservada pela resistência dos cubanos e pelo reacionarismo da elite floridiana, que Trump expressa com contundência, e pelo imobilismo do establishment de segurança nacional em Washington. Obama foi o único capaz de vislumbrar que o bloqueio pune o povo cubano e mumifica o regime. Segundo, do PT, a mais relevante força da esquerda latino-americana. Ele fortaleceu e protegeu um regime cuja degeneração era visível e estava a rumar para um governo ditatorial, mentiroso e cruel. O panorama da esquerda mundial é desalentador. A atrofia do seu pensamento só se iguala ao da alt-right. São polos símiles de reacionarismos que se opõem por princípio, mas se igualam na obsolescência das visões de mundo. Um alimenta e garante a sobrevida do outro.Há impaciência e inconformidade de numerosos progressistas em todo o mundo com essa petrificação da esquerda político-partidária. Estamos a nos perguntar se há possibilidade de uma via progressista na fundação das novas sociedades pós-transição neste século. O politólogo Michael Walzer pergunta se ainda há possibilidade de uma esquerda decente nas grandes potências. Eu me pergunto sobre essa possibilidade em geral. A atualização histórica de uma visão progressista para o futuro demanda uma revisão radical dos erros recentes e o abandono de dogmas que estiolaram o pensamento da esquerda. Basta rever algumas das intuições mais agudas de Marx sobre mecanização, ampliação do trabalho improdutivo, coletivização do capital, para se ver que os caminhos do pensamento progressista são vários e, se alguns chegaram ao fim, outros abrem sendas inovadoras que comportam um novo quadro conceitual para a política democrática do futuro.O apego das esquerdas ao regime decadente de Maduro é um equívoco que beira o impulso suicida. Deixa como única alternativa saídas pela direita. Para a direita o melhor seria sufocar o regime venezuelano economicamente e isola-lo na política, até que as restrições atinjam os interesses da elite militar e a forcem a abandonar Maduro e bancar eleições livres. Isso aprofundaria o já insuportável sofrimento do povo venezuelano. O pior seria que resultasse desse estrangulamento político e econômico um golpe militar tradicional.A esse bloqueio se opõem os interesses da plutocracia russa, que estabeleceu profunda vinculação com o regime venezuelano por meio de investimentos na economia petrolífera. O braço visível de Vladimir Putin nas transações com a Venezuela é Igor Sechin, CEO da Rosnef, a petrolífera russa. Ele organizou um consórcio das cinco maiores petrolíferas do país para investir na Venezuela. O pesado envolvimento econômico na indústria petrolífera venezuelana alicerça o interesse geopolítico de Putin em ter um ponto de contraste com os Estados Unidos no Caribe. Sechin é aliado de primeira hora do autocrata russo e experiente em intrigas político-militares. A China apoia Maduro por razões econômicas e não ideológicas, também tem investimentos no petróleo. A cúpula chinesa anda preocupada com a esquerda marxista em seu meio, que reprime e persegue do mesmo modo que aos outros setores da oposição e aos intelectuais e acadêmicos. Em quê os interesses empresarial-militares do governo Putin ou do Comitê Central chinês são diferentes dos propósitos de Donald Trump na Venezuela? Nenhum dos três representa alternativa democrática. Para qualquer progressista mais atento à dinâmica de interesses dessa profunda transição geopolítica que o mundo atravessa, a única escolha possível é manter-se equidistante e aguçar a visão crítica em relação a esses polos distintos de autoritarismo.É pouco provável uma intervenção militar comandada por Washington para derrubar Maduro, embora nada possa se dizer impossível em se tratando de Trump. Um conservador bem pensante como Fareed Zakaria já percebeu que a chave para o dilema venezuelano são os militares. Mas os locais. Enquanto apoiarem Maduro, é quase impossível mudar o governo sem muita violência e sangue. A proposta europeia de uma solução negociada é cosmética. Maduro já deixou claro que não está para conversa.O apoio a Maduro da esquerda liderada pelo PT joga no impasse e, portanto, contra o interesse popular. O povo, esfaimado, tem sido vítima da truculência das milícias bolivarianas e da polícia do governo. Basta examinar como se distribuem as cotas do racionamento de gêneros de primeira necessidade, para se ver o grau de iniquidade desse governo ditatorial. A Venezuela sangra nas mãos de uma ditadura iníqua e cada vez mais brutal. A corrupção, inclusive dos militares, é um complicador que não se deve desprezar.Se a esquerda ouvisse, já não digo os críticos progressistas, mas a sabedoria sofrida de Pepe Mujica, veria que há muito está no caminho errado. Deveria ver-se retratada de corpo e alma quando ele, diz que existe uma parcela da esquerda latino-americana e mundial que não aprende as lições da história. Que a primeira tarefa é combater a pobreza. E a pobreza na Venezuela é avassaladora. O correlato desse desafio é restaurar a democracia e isto só será possível por meio de eleições gerais, com garantias de plena liberdade e isenção, portanto com Maduro fora do poder e os militares à distância do governo e apoio de uma coalizão de governos democráticos. Ao ficar do lado de Maduro para estar contra Trump e Bolsonaro, a esquerda se demite do processo político e mostra que não aprende com a história. O PT, ao defender Maduro fortalece Bolsonaro e lhe dá mais razões para aliar-se a Trump contra o venezuelano, namorando as piores saídas.* Sérgio Abranches é cientista político, escritor e comentarista da CBN. É colaborador do blog com análises do cenário político internacional "	-1
171	"""Telecomunicações lideram ranking de reclamações de consumidores em 2018. Os números englobam informações dos Procons de todo o país e da plataforma consumidor.gov.br. A empresa OI é a recordista de reclamações, com 145 mil casos no ano passado."	"""Telecomunicações lideram ranking de reclamações de consumidores em 2018 ""Números englobam informações dos Procons de todo o país e da plataforma consumidor.gov.br. A empresa OI é a recordista de reclamações, com 145 mil casos no ano passado. Os serviços de telecomunicações lideraram o ranking de reclamações de consumidores em 2018. Os dados foram divulgados nesta sexta-feira (15) pelo Ministério da Justiça e Segurança Pública.Os números englobam as duas principais bases de dados de reclamações de consumo no país: o Sindec, que reúne informações dos Procons de todo o país, e a plataforma online consumidor.gov.br.Nos Procons de todo o país, foram 460 mil reclamações sobre telefonia celular e fixa _ além disso, quatro das cinco empresas mais acionadas pelos Procons são de serviços de telecomunicações.No consumidor.gov.br, mais de 40% das reclamações finalizadas pela plataforma foram contra serviços das operadoras.O Sindec (Sistema Nacional de Informações de Defesa do Consumidor) integra os Procons dos 26 estados do país, do Distrito Federal e de 560 municípios. No total, foram mais de 2,2 milhões de atendimentos em 2018, entre reclamações, denúncias e consultas.O assunto mais demandado foi telefonia celular, seguido de telefonia fixa e cartão de crédito.De acordo com o MJ, do total de reclamações no ano passado, 897,1 mil foram relacionadas a problemas com cobranças, o que representa 40,8%.Em seguida, foram as reclamações relacionadas a problemas com contratos entre consumidores em empresas (366 mil) e problemas com vícios ou má qualidade de produtos ou serviços (272,9 mil).Segundo o balanço divulgado nesta sexta, das cinco empresas mais demandas nos Procons, quatro prestam serviços de telecomunicação.O consumidor.gov.br é um serviço de intermediação entre o consumidor e a empresa. Pelo site, o usuário verifica se a empresa está cadastrada, registra sua reclamação e, a partir daí, começa a interação entre o consumidor e a empresa. Ao término, o usuário registra se o problema foi resolvido ou não.De acordo com a Secretaria Nacional do Consumidor, o sistema vem auxiliando a solução de conflitos de consumo sem a necessidade de processos judiciais. De junho de 2014, quando foi lançado, até dezembro de 2018, o site registrou, segundo os dados divulgados, mais de 1,5 milhão de reclamações.Em 2018, foram 690.644 reclamações finalizadas, 431.923 novos usuários cadastrados e 65 empresas credenciadas. As empresas aderem ao sistema voluntariamente, não há obrigatoriedade. Mas, das 20 empresas mais demandadas pelo Procon em 2018, 19 delas já aderiram ao site.Neste período, as principais reclamações foram contra as empresas de telecomunicação, seguidas dos bancos e financeiras e bancos de dados e cadastro de consumidores e do comércio eletrônico.Segundo o levantamento, o índice médio de solução das empresas foi de 81% e o prazo médio de resposta foi de 6,5 dias.O principal problema relatado pelos usuários foi com banco de dados e cadastros de consumidores (12,5%). Também tiveram um alto índice de reclamações questões relacionadas a cartão de crédito e débito (9,1%) e telefonia móvel pós-paga (8,1%).As queixas registradas indicam que as principais reclamações referentes às operadoras de telecomunicações são sobre telefonia móvel pós-paga (20%), pacote de serviços (19%) e internet fixa (14%).Já os principais problemas relatados são cobranças por serviços não contratados (15%), cobrança indevida (13%) e venda enganosa (12%).Presente na cerimônia na qual o levantamento foi apresentado, o ministro Sérgio Moro afirmou que empresas abusam das informações fornecidas pelos consumidores e defendeu que a proteção desses dados seja pensada ""com um olho nos avanços tecnológicos"".Segundo Moro, a relação de consumo ainda é pensada de forma ""tradicional"", mas que é preciso estar atento a mudanças relacionadas a inovações tecnológicas, a ampliação da utilização da internet e o papel atual das redes sociais.""As grandes empresas hoje são empresas do ramo tecnológico e surgem outros problemas, como muito bem colocado, na necessidade de proteção de dados dessa relação de consumo e eventualmente empresas acabam, por estarem tendo acesso a essas informações, acabam, as vezes, de absolutamente boa-fé, mas buscando um lucro maior nessas relações, abusando da sua posição de informação"", afirmou Moro.Para o ministro, é preciso manter ""um olho nos avanços tecnológicos"" ao se pensar novas soluções para a proteção dos dados fornecidos pelos consumidores.""Então temos que cogitar, pensar essas questões com um olho nos avanços tecnológicos. Claro que acabaremos muitas vezes surpreendidos porque existe um certo grau de imprevisibilidade quanto ao futuro"", completou. "	-1
172	"""No Senado, a gente sente dos senadores também o desejo, na sua ampla maioria, de que a reforma passe, que a gente possa virar essa página no Brasil em relação a combater esses privilégios e poder dar para as pessoas um Estado mais eficiente"", afirmou Alcolumbre. ""Novo presidente do Senado fez estimativa em entrevista à GloboNews. Também nesta terça, Rodrigo Maia disse que objetivo na Câmara é conseguir votos a favor da reforma em até 2 meses. O novo presidente do Senado, Davi Alcolumbre (DEM-AP), estimou nesta terça-feira (5) em três meses o prazo para a Casa votar a proposta de reforma da Previdência Social."" "	"""Alcolumbre estima em 3 meses prazo para votação da reforma da Previdência no Senado""Novo presidente do Senado fez estimativa em entrevista à GloboNews. Também nesta terça, Rodrigo Maia disse que objetivo na Câmara é conseguir votos a favor da reforma em até 2 meses. O novo presidente do Senado, Davi Alcolumbre (DEM-AP), estimou nesta terça-feira (5) em três meses o prazo para a Casa votar a proposta de reforma da Previdência Social.Alcolumbre concedeu entrevista à GloboNews e foi questionado sobre uma entrevista na qual o presidente da Câmara, Rodrigo Maia (DEM-RJ), afirmou que o objetivo é conseguir os votos a favor da reforma em até dois meses e votar a proposta até maio.""No Senado, a gente sente dos senadores também o desejo, na sua ampla maioria, de que a reforma passe, que a gente possa virar essa página no Brasil em relação a combater esses privilégios e poder dar para as pessoas um Estado mais eficiente"", afirmou Alcolumbre.Por se tratar de proposta de emenda à Constituição (PEC), a reforma da Previdência precisa do apoio mínimo de três quintos dos parlamentares: 308 dos 513 deputados e 49 dos 81 senadores.Se a proposta for aprovada em dois turnos na Câmara, seguirá para o Senado, onde também será submetida a dois turnos de votação.Para o presidente do Senado, a reforma a ser votada precisa estabelecer idades diferentes para homens e mulheres poderem se aposentar.Na entrevista desta terça-feira, Alcolumbre anunciou uma reunião com governadores para ""cobrar"" empenho deles junto às bancadas dos estados para a proposta ser aprovada.Para o presidente do Senado, os governadores estão ""desesperados"" com a situação fiscal e por isso precisam ""incorporar o sentimento"" a favor da reforma.De acordo com o Tesouro Nacional, no ano passado, o sistema previdenciário registrou déficit de R$ 290,2 bilhões.Saiba outros temas abordados por Davi Alcolumbre:""Vamos trabalhar com os senadores para construir e já tem uma proposta do senador Lasier Martins (PSD-RS) que está tramitando e a gente vai dar celeridade nas comissões para que isso [o voto aberto para presidente do Senado] aconteça. Eu sempre me manifestei nas minhas redes sociais que eu gostaria que o voto fosse aberto para as pessoas saberem quem os senadores estariam escolhendo.""""Confesso que acho que, se o MDB, na decisão da bancada, tivesse escolhido Simone Tebet, talvez tivesse inviabilizado nossa candidatura. Como o MDB ofertou a candidatura do Renan, esse sentimento das ruas e o desgaste natural com o tempo da imagem do senador Renan proporcionou que os senadores viabilizassem uma candidatura competitiva"".""Assim que começarem as sessões do Senado, a gente vai dar encaminhamento [ao pedido de criação de CPI para apurar o rompimento da barragem da Vale em Brumadinho], fazer a leitura, se tiver o número que o regimento impõe, que são 27 assinaturas, nós vamos fazer a leitura, vamos instalar a comissão e vamos deixar os senadores façam a apuração para ajudar o Brasil. Eu acho que vai dar uma contribuição, porque qualquer parlamentar que queira dar uma contribuição para que uma tragédia dessas nunca mais aconteça é uma ação muito bem-vinda."" "	-1
173	"Tão pequenas que não merecem nem comentário, diz Bivar sobre denúncias de candidatos laranjas. A crise dos candidatos ""laranja"" levou à queda. O presidente do PSL, deputado Luciano Bivar (PE), disse nesta terça-feira (19) que as denúncias de candidatos ""laranjas"" no partido são ""tão pequenas que não merecem nem comentário""."	"""Tão pequenas que não merecem nem comentário, diz Bivar sobre denúncias de candidatos laranjas""Presidente do PSL almoçou com Bolsonaro no Palácio do Planalto. Denúncias de candidatos laranjas no PSL levaram à crise que culminou com a demissão do ex-ministro Gustavo Bebianno.  O presidente do PSL, deputado Luciano Bivar (PE), disse nesta terça-feira (19) que as denúncias de candidatos ""laranjas"" no partido são ""tão pequenas que não merecem nem comentário"".Bivar deu a declaração ao voltar para a Câmara, após um almoço com o presidente Jair Bolsonaro no Palácio do Planalto. O PSL também é o partido do presidente.Reportagens do jornal ""Folha de S.Paulo"" relataram repasse do PSL de dinheiro do fundo partidário para uma candidata do partido em Pernambuco, suspeita de ter ser sido uma ""laranja"" nas eleições. Ainda de acordo com o jornal, ela se tornou candidata por iniciativa do grupo ligado a Bivar.A crise dos candidatos ""laranja"" (há suspeitas também no PSL de Minas Gerais), levou à queda do ministro Gustavo Bebianno, que ocupava a Secretaria-Geral da Presidência. Ele foi presidente nacional do PSL durante as eleições.""São coisas tão pequenas que não merecem nem comentário"", afirmou Bivar ao ser questionado por jornalistas sobre o tema, na chegada à Câmara.Em seguida, ele falou de como foi o encontro com Bolsonaro. ""Foi um almoço muito cordial. Levei um presente para o meu presidente. Comi um peixe delicioso. Então foi ótimo"", disse o deputado.Segundo ele, todas as contas do partido foram aprovadas ""sem ressalva"" pela Justiça eleitoral.Bivar, que é também segundo vice-presidente da Câmara, foi questionado se as denúncias inviabilizariam a permanência dele no cargo.""Não, está tudo muito bem. Está formidável. Foi tudo aprovado, sem nenhum problema"", respondeu. "	-1
174	O juiz Luiz Antônio Bonat assume a Operação Lava Jato no Paraná. O juiz Luiz Antônio Bonat assume, nesta quarta-feira (6), os processos em 1ª instância da Operação Lava Jato no Paraná. Bonat ocupa a vaga de Sérgio Moro, que assumiu como ministro da Justiça no governo de Jair Bolsonaro.	"""Juiz Luiz Antônio Bonat assume a Operação Lava Jato no Paraná""Ele se encarrega dos processos da Lava Jato na 1ª instância a partir desta quarta-feira (6).  O juiz Luiz Antônio Bonat assume, nesta quarta-feira (6), os processos em 1ª instância da Operação Lava Jato no Paraná.Bonat ocupa a vaga de Sérgio Moro, que assumiu como ministro da Justiça no governo de Jair Bolsonaro. A juíza Gabriela Hardt, que estava comandando as ações penais desde a saída de Moro, volta a ser substituta.A primeira audiência conduzida por Bonat na Lava Jato será nesta quinta-feira (7). Na nova função, ele deve julgar, pelo menos, 40 ações penais da operação.Ao ficar na 13ª Vara da Justiça Federal do Paraná, onde tramitam os processos da Lava Jato, Bonat deixa a 21ª Vara Federal, também em Curitiba _ especializada em casos da área previdenciária.Bonat tem 64 anos e ingressou na magistratura em 1993. Ele trabalhou como servidor da Justiça antes de receber a toga.Nascido na capital paranaense, ele se formou em direito em 1979, na Faculdade de Direito de Curitiba. O juiz tem especialização em Direito Público pela Universidade Federal do Paraná (UFPR).Um ano antes de se formar, ele começou a trabalhar como servidor da Justiça, passando pelas funções de auxiliar, técnico judiciário e diretor de secretaria.Há 25 anos, Bonat assumia a 1ª Vara Federal de Foz do Iguaçu, no oeste do Paraná. Ele também atuou na 3ª Vara Criminal Federal de Curitiba e na 1ª Vara Federal de Criciúma (SC).O juiz já trabalhou no Tribunal Regional Federal da 4ª Região (TRF-4) em vários momentos da carreira em substituição a desembargadores.Ele é coautor do livro ""Importação e Exportação no Direito Brasileiro"", que tem como tema os crimes relacionados com o comércio exterior.Em um vídeo institucional, Bonat chegou a classificar a Justiça Federal como parte da família. Ele é considerado por colegas como um juiz de perfil discreto.Durante grande parte da carreira, Bonat julgou processos envolvendo matéria criminal.Vinte e cinco candidatos se inscreveram para assumir a vaga deixada por Sérgio Moro. Bonat era o mais antigo entre os candidatos.Apenas juízes da 4ª Região, que abrange do Sul do país, podiam participar da seleção. O nome de Bonat passou por julgamento pelo Conselho de Administração do TRF-4.Veja mais notícias do estado no G1 Paraná. "	-1
175	Militares, filhos e ministros prevalecem na agenda de Bolsonaro no 1º mês de governo. Presidente prestigiou transmissões de cargos dos novos comandantes das Forças Armadas. Agenda oficial mostra que filhos de Bolsonaro foram ao gabinete presidencial nove vezes. As primeiras semanas da gestão Bolsonaro ficaram marcadas pela presença cative do presidente do República em solenidades e confraternizações das Forças Armadas.	"""Militares, filhos e ministros prevalecem na agenda de Bolsonaro no 1º mês de governo""Presidente prestigiou transmissões de cargos dos novos comandantes das Forças Armadas. Agenda oficial mostra que filhos de Bolsonaro foram ao gabinete presidencial nove vezes. No primeiro mês como presidente da República, Jair Bolsonaro ocupou a maior parte da agenda oficial participando de cerimônias militares, audiências com ministros e recebendo no Palácio do Planalto três filhos que atuam na política. Nesta sexta-feira (1º), faz um mês que Bolsonaro assumiu o comando do Palácio do Planalto.As primeiras semanas da gestão Bolsonaro ficaram marcadas pela presença cativa do presidente do República em solenidades e confraternizações das Forças Armadas. Capitão reformado do Exército, ele compareceu a sete eventos do círculo militar no primeiro mês de governo.Embora não seja trivial presidentes da República prestigiarem cerimônias de transmissão de cargo, Bolsonaro compareceu à passagem de comando do Ministério da Defesa e dos chefes do Exército, da Aeronáutica e da Marinha.Da área política do governo, ele só prestigiou a transmissão dos quatros ministros com assento no Palácio do Planalto: Onyx Lorenzoni (Casa Civil), Augusto Heleno (GSI), Gustavo Bebianno (Secretaria-Geral) e Carlos Alberto dos Santos Cruz (Secretaria de Governo). Os quatro ministros receberam os cargos em uma mesma cerimônia em 2 de janeiro.No dia 10, o presidente e a primeira-dama Michele Bolsonaro se encontraram com o alto comando das Forças Armadas no jantar em homenagem ao agora ex-comandante do Exército general Eduardo Villas Bôas.No dia seguinte à confraternização do Clube do Exército, Villas Bôas _ que tem uma doença degenerativa _ se despediu da caserna e passou o comando da corporação ao general Edson Leal Pujol.Bolsonaro participou ainda de um almoço em homenagem ao então comandante da Marinha, almirante Eduardo Bacellar Leal Ferreira, e de um jantar de despedida do comando da Aeronáutica do brigadeiro Nivaldo Rossato.A agenda presidencial registrou que, no total, Flávio, Eduardo e Carlos Bolsonaro foram nove vezes ao gabinete da Presidência no mês de estreia do pai deles como presidente da República.Deputado federal reeleito, Eduardo (PSL-SP) e o irmão mais velho, o deputado estadual e senador eleito Flávio (PSL-RJ), estiveram reunidos com o pai no terceiro andar do Planalto, onde fica o gabinete de Jair Bolsonaro, em quatro ocasiões em janeiro.Há registro de duas agendas do presidente com Eduardo Bolsonaro em 18 de janeiro. Em uma das audiências, o deputado federal acompanhou o ministro das Relações Exteriores, Ernesto Araújo.Já Flávio Bolsonaro esteve no Palácio do Planalto em duas agendas, ambas em 3 de janeiro. Conforme os registros, ele se encontrou sozinho com o presidente.O vereador do Rio Carlos Bolsonaro (PSL) foi quem mais esteve no Planalto dos três filhos do presidente que atuam na política. Ele foi ao gabinete do pai em cinco ocasiões, sozinho ou acompanhado de outras autoridades.Carlos participou até mesmo de audiências sem ligação com a atividade de vereador, como o encontro de Jair Bolsonaro com o diretor-geral da Organização Mundial do Comércio, Roberto Azevêdo.Além dos filhos políticos, o presidente da República abriu as portas do gabinete no primeiro mês de governo para outros parlamentares. Estiveram com Bolsonaro no terceiro andar do Planalto os senadores Davi Alcolumbre (DEM-AP), Fernando Collor (PTC-AL) e Rose de Freitas (Pode-ES).Da Câmara, o presidente recebeu em janeiro nove deputados ou futuros parlamentares, com destaque para o deputado eleito Major Vitor Hugo (PSL-GO), que, apesar de novato no parlamento, foi anunciado para o prestigiado e concorrido posto de líder do governo na Casa.No primeiro mês de gestão, o presidente esteve com 17 autoridades internacionais, segundo a agenda oficial. O secretário de Estado norte-americano, Mike Pompeo, foi o primeiro deles. Bolsonaro esteve com o enviado de Donald Trump no dia 2 de janeiro, um dia após tomar posse.Na oportunidade, Bolsonaro comunicou ao americano a intenção de revogar a adesão do Brasil ao pacto global de migrações.Bolsonaro ainda esteve com o presidente de Portugal, Marcelo Rebelo de Souza e o primeiro-ministro da Hungria, Viktor Orban.Crítico contundente do regime bolivariano, o presidente brasileiro elevou o tom contra o governo da Venezuela tão logo assumiu o comando do Planalto. Além de não ter convidado o para a posse, o Itamaraty ainda divulgou uma nota na qual afirmou que a gestão do presidente venezuelano Nicolás Maduro é baseado no tráfico de drogas, de pessoas e no terrorismo.Em 17 de janeiro, Bolsonaro recebeu o presidente Tribunal Supremo de Justiça da Venezuela no exílio, Miguel Ángel Martín. O tribunal é formado por juízes nomeados para a Suprema Corte venezuelana, mas que não foram reconhecidos pelo governo Maduro.Seis dias depois, Jair Bolsonaro foi um dos primeiros chefes de Estado a reconhecer o presidente da Assembleia Nacional da Venezuela, Juan Guaidó, como presidente interino do país. Guaidó é o atual líder da oposição venezuelana.Em sua estreia no cenário internacional, o presidente brasileiro viajou para Davos, na Suíça, para participar do Fórum Econômico Mundial. No encontro anual dos mais ricos, poderosos e famosos do planeta, Bolsonaro discursou e teve encontros bilaterais com nove autoridades, com destaque para o primeiro-ministro italiano Giuseppe Conte e o primeiro-ministro japonês, Shinzo Abe.Ao longo de janeiro, passaram pelo gabinete do presidente titulares de 18 das 22 pastas do primeiro escalão.O ministro da Casa Civil, Onyx Lorenzoni, foi quem mais esteve no gabinete presidencial nos primeiros 30 dias de governo. Ele despachou com o presidente em 25 oportunidades.Jair Bolsonaro comandou no primeiro mês de gestão três das quatro reuniões do ""Conselho de Governo"", colegiado criado pelo novo governo que é formado pelo próprio presidente, pelo vice-presidente Hamilton Mourão e pelos ministros de Estado. O conselho se reúne todas as terças-feiras. Em janeiro, só não houve reunião na semana em que o presidente viajou para Davos.Veja as principais decisões do Conselho de Governo no primeiro mês de atividades:3 de janeiro8 de janeiro15 de janeiro29 de janeiro "	-1
176	O ministro Luiz Fux se declarou suspeito, por questões de foro íntimo, de julgar um habeas corpus do médium João de Deus, acusado de abusos sexuais durante atendimentos espirituais em Abadiânia.O pedido de liberdade será agora redistribuído para um dos outros magistrados da corte.O ministro do Superior Tribunal de Justiça (STJ), Nefi Cordeiro, nega um pedido de habeas corpus para o médium, que está preso há mais de dois meses e sempre nega ter relação com os crimes dos quais é acusado.	"""Fux se diz impedido de julgar pedido para libertar João de Deus; outro ministro será escolhido"" O ministro Luiz Fux, do Supremo Tribunal Federal (STF), se declarou suspeito, por questões de foro íntimo, de julgar um habeas corpus do médium João de Deus, acusado de abusos sexuais durante atendimentos espirituais em Abadiânia.O pedido de liberdade será agora redistribuído para um dos outros magistrados da corte.Nesta quinta-feira (28), João de Deus sofreu uma derrota em outra corte superior.O ministro do Superior Tribunal de Justiça (STJ), Nefi Cordeiro, negou um pedido de habeas corpus para o médium, que está preso há mais de dois meses e sempre nega ter relação com os crimes dos quais é acusado. "	-1
177	Senado aprova projeto que multa em até R$ 10 bilhões responsáveis por falhas em barragens. O Senado aprova nesta quarta-feira (27) projeto que endurece as regras da Política Nacional de Segurança de Barragens. Pelo texto, em caso de falhas em barragens, empresas que descumprirems normas de segurança ficarão sujeitas a multa que varia de R$ 10 mil a R$ 10 bilhões. O projeto foi motivado pela tragédia do rompinento da barragem da Vale, em Brumadinho (MG).	"""Senado aprova projeto que multa em até R$ 10 bilhões responsáveis por falhas em barragens""Projeto endurece regras da Política Nacional de Segurança de Barragens e foi aprovado pela Comissão do Meio Ambiente do Senado e seguirá para análise da Câmara dos Deputados. O Senado aprovou nesta quarta-feira (27) projeto que endurece as regras da Política Nacional de Segurança de Barragens. Pelo texto, em caso de falhas em barragens, empresas que descumprirem normas de segurança ficarão sujeitas a multa que varia de R$ 10 mil a R$ 10 bilhões. A lei que criou a política de segurança, de 2010, não estipula o valor da multa a ser aplicada.Segundo o projeto, as empresas precisarão informar ao órgão fiscalizador qualquer alteração que possa comprometer a segurança da barragem e ainda permitir o acesso ""irrestrito"" da fiscalização ao local e à documentação.O projeto foi motivado pela tragédia do rompimento da barragem da Vale, em Brumadinho (MG). De acordo com o último balanço, 179 mortos foram identificados. Outras 131 pessoas continuam desaparecidas.O texto determina ainda que, em situação de acidente, a multa por infração ambiental seja revertida obrigatoriamente à região afetada.A proposta também proíbe a construção de reservatórios pelo método de alteamento a montante - aquele em que a barragem vai crescendo em degraus, utilizando o próprio rejeito da mineração.A proposta foi aprovada pela Comissão de Constituição de Justiça (CCJ) e depois, em caráter terminativo, pela Comissão de Meio Ambiente (CMA). O projeto seguirá para a Câmara, caso nenhum senador entre com recurso solicitando a tramitação do texto em plenário. "	-1
178	"""A mensagem presidencial vai reforçar com otimismo a esperança em um Brasil que vai ter um governo mais leve para as pessoas e que vai servir à população. E que vai, com coragem, enfrentar todas as reformas para resgatar o Brasil e colocar o Brasil junto às principais nações do mundo."""	"""Onyx: mensagem presidencial reforçará otimismo com Brasil e coragem para reformas"" O ministro da Casa Civil, Onyx Lorenzoni, disse ao blog que o ""eixo"" da mensagem presidencial que será lida nesta segunda-feira (4) no Congresso Nacional vai reforçar o otimismo e esperança para o Brasil e ""coragem"" para enfrentar as reformas.Nesta segunda, o Congresso Nacional dará início aos trabalhos legislativos do ano em uma sessão solene conjunta da Câmara e do Senado _ a primeira com os deputados federais e senadores recém-empossados.Na cerimônia, marcada para começar às 15h no plenário da Câmara, será lida uma mensagem do presidente Jair Bolsonaro com os planos do Poder Executivo para 2019.""A mensagem presidencial vai reforçar com otimismo a esperança em um Brasil que vai ter um governo mais leve para as pessoas e que vai servir à população. E que vai, com coragem, enfrentar todas as reformas para resgatar o Brasil e colocar o Brasil junto às principais nações do mundo. O eixo do discurso é este"", disse ele. "	-1
179	Oficialmente, o governo nega a intenção de demitir o ministro da Educação, Ricardo Vélez Rodríguez. Tampouco admite a fragilidade dele no cargo. Pelo contrário. A Apesar da defesa pública de Vélez, nos bastidores, a pressão pela troca do ministro, que coleciona polêmicas, também coleciona novas adesões. A Apesar da defesa pública de Vélez, nos bastidores, a pressão pela troca do ministro, que coleciona polêmicas, também coleciona novas adesões.	"""Pressão por saída de Vélez vai de ala militar a política e cria impasse no DEM"" Oficialmente, o governo nega a intenção de demitir o ministro da Educação, Ricardo Vélez Rodríguez. Tampouco admite a fragilidade dele no cargo. Pelo contrário.Apesar da defesa pública de Vélez, nos bastidores, a pressão pela troca do ministro, que coleciona polêmicas, também coleciona novas adesões.De ministros da ala militar a parlamentares da base aliada, Vélez é descrito como um ministro na prorrogação. O impasse estaria em definir quem seria o substituto.Dos argumentos contrários a Vélez colhidos pelo blog, até a defesa de que o presidente deveria ter escolhido um ministro brasileiro entrou nas rodas de conversas desta semana.Além da conhecida briga de poder na pasta _ Olavo de Carvalho versus ala militar _ um novo imbróglio ganhou a semana: é o impasse sobre o eventual substituto de Vélez.De um lado, há a defesa para que seja um nome do DEM _ partido que já tem três ministros, além do presidente da Câmara e do Senado. Um dos nomes costurados para o MEC é o de Mendonça Filho, que ocupou o cargo no governo Temer.O problema: dentro do próprio DEM, há dúvidas se o partido deveria trabalhar por Mendonça. Motivo? Diferentemente de Tereza Cristina e Luiz Mandetta, Mendonça representaria a cúpula, a própria ""cozinha"" do DEM dentro do Planalto.Em outras palavras: o discurso de que a escolha dos ministros do DEM são, na verdade, escolhas pessoais do presidente Bolsonaro não vale para Mendonça. Ele é unha e carne com o presidente do partido, o prefeito de Salvador, ACM Neto, e com o presidente da Câmara, Rodrigo Maia (DEM-RJ) - dois personagens que não cansam de repetir que o DEM é independente.Com Mendonça, o discurso não colaria, o que significa que o DEM entraria de corpo e alma no governo. Somado a isso, o partido ainda sente os traumas de ter mergulhado no governo de Michel Temer e, diante da crise ética que se instalou, ter sofrido derrota nas urnas _ caso do próprio Mendonça.Por isso, lideranças do partido ouvidas pelo blog afirmam que uma adesão mais orgânica do DEM ao governo Bolsonaro só acontecerá se o presidente der o cargo e o poder de decisão ao eventual indicado.Oficialmente, no entanto, políticos afirmam que não houve nenhum aceno do Planalto a Mendonça. E que trata-se de uma defesa de grupos do DEM e de alguns ministros, que têm a expectativa de que o assunto MEC seja tratado no encontro deste sábado entre Bolsonaro e Maia.Além de Mendonça, parlamentares afirmaram ao blog que há uma ala política que defende o nome de Anderson Correia, presidente da Coordenação de Aperfeiçoamento de Pessoal de Nível Superior (Capes), para o MEC.Mas, claro, falta combinar com o presidente Bolsonaro _ que é quem bate o martelo das nomeações e que, segundo o ministro da Casa Civil, mantém confiança absoluta em Vélez e não vai demiti-lo. "	-1
180	"""Política Nacional de Segurança de Barragens precisa ser revista, diz ministro"" Segundo ele, é preciso promover com urgência mudanças na lei. A declaração foi dada após uma reunião entre o ministro e técnicos da Agência Nacional de Águas (ANA), na qual foram discutidos, entre outros assuntos, a qualidade da água do Rio Paraopeba e previsão de avanço de rejeitos após o rompemnto da barragem da mineradora Vale em Brumadinho, Minas Gerais. "	"""Política Nacional de Segurança de Barragens precisa ser revista, diz ministro""Gustavo Canuto (Desenvolvimento Regional) falou à imprensa após reunião com técnicos da Agência Nacional de Águas. Segundo ele, é preciso promover com urgência mudanças na lei. O ministro do Desenvolvimento Regional, Gustavo Canuto, afirmou neste domingo (27) que a lei que instituiu a Política Nacional de Segurança de Barragens (PNSB) precisa de revisão para ser aperfeiçoada (leia mais sobre a política ao final desta reportagem).A declaração foi dada após uma reunião entre o ministro e técnicos da Agência Nacional de Águas (ANA), na qual foram discutidos, entre outros assuntos, a qualidade da água do Rio Paraopeba e previsão de avanço de rejeitos após o rompimento da barragem da mineradora Vale em Brumadinho, Minas Gerais.Segundo Canuto, a política que trata da segurança de barragens foi instituída em 2010 e, mesmo após o acidente com a mineradora da Samarco, em Mariana (MG), o governo ainda não conseguiu promover mudanças na legislação.Um projeto que propunha mudanças para endurecer a lei não prosperou no Senado e foi arquivado no final do ano passado, em razão do término da legislatura iniciada em 2015. O texto chegou a receber relatório favorável do senador Jorge Viana (PT-AC), mas não foi votado pela Comissão de Meio Ambiente.""A política nacional de segurança de barragens foi editada em 2010. É uma lei que precisa de revisão. Após o acidente de Mariana, vários projetos foram apresentados, a gente ainda não conseguiu finalizar a alteração dessa lei, mas ela é essencial. Foi consenso aqui entre os técnicos que isso precisa ser feito"", disse o ministro.Canuto explicou que a lei prevê, entre outros pontos, a categoria de risco e o dano potencial associado a cada barragem do país. Ele disse que é preciso promover mudanças para que aqueles empreendimentos com maior risco sejam vistoriados de forma ""imediata"".""Dessa lei resultaram resoluções do Conselho Nacional de Recursos Hídricos. Essas resoluções definem a matriz, que é a categoria de risco e o dano potencial associado, que é como a gente calcula o risco e o tamanho do impacto, que também precisa ser aperfeiçoada, para que a gente tenha uma categorização e classificação mais refinada para poder separar aquilo que é mais urgente"", afirmou o ministro do Desenvolvimento Regional.De acordo com ele, a intenção de promover mudanças na lei será levada ao gabinete de crise criado pelo presidente Jair Bolsonaro para dar respostas ao acidente em Brumadinho. Canuto explicou que deve ser criado um comitê formado por técnicos para discutir quais alterações precisam ser feitas com ""urgência"".Canuto ressaltou que cabe aos órgãos estaduais avaliar os projetos e licenciar barragens de rejeitos minerais. O governo federal responde pela fiscalização da operação dessas barragens, por meio da Agência Nacional de Mineração (ANM).O ministro explicou que a ANM dispõe de um sistema, no qual a empresa responsável pela barragem inclui informações sobre inspeções realizadas. A partir dos dados fornecidos, a agência adota providencias e traça um plano de vistorias.Canuto defendeu ""melhorias"" neste procedimento, mas não especificou sugestões de mudanças. Para o ministro, novas tragédias serão evitadas com uma ""ação conjunta"" entre empresas, estados e governo federal.""A questão da fiscalização e a possibilidade de evitar futuros desastres é de todos nós: privado, estadual e federal. A ideia é que todos sentemos à mesa, temos que ouvir os melhores especialistas, rever esse marco regulatório e melhorar essa situação para evitar que futuros desastres aconteçam"", declarou.Criada em 2010, a PNSB tem, entre as metas, garantir a observância de padrões de segurança para reduzir a possibilidade de acidentes em barragens.Entre outras obrigações que devem ser cumpridas pelas empresas, a lei prevê: "	-1
181	"Ex-executivo diz que OAS pagou a delatore por ajustes em delações; empresa nega. O ex-executivo disse que sofreu represálias por não participar desse conjunto de delações. Procura, a OAS negou ter feito qualquer pagamento relacionado aos fatos mencionados. Adriano alegou que foi ""dispensado da OAS de forma abusiva e discriminatória."	"""Ex-executivo diz que OAS pagou a delatores por ajustes em delações; empresa nega""Adriano Santana Quadros de Andrade pede indenização de R$ 2,7 milhões e afirma que sofreu represálias por não participar do acordo. OAS diz que não houve pagamento aos delatores. Um ex-executivo da OAS afirmou em uma ação trabalhista que a empresa pagou milhões de reais a um grupo de ex-funcionários com o objetivo, segundo ele, de ajustar delações premiadas aos interesses da empreiteira. O ex-executivo disse que sofreu represálias por não participar desse conjunto de delações.Procurada, a OAS negou ter feito qualquer pagamento relacionado aos fatos mencionados.O processo está na Justiça do Trabalho em São Paulo. O caso foi divulgado pelo site O Antagonista.Na ação, Adriano Santana Quadros de Andrade pede indenização de R$ 2.745.000,00. Adriano começou na OAS como trainee em 2004 e, em 14 anos na empresa, chegou a diretor comercial.Adriano alegou que foi ""dispensado da OAS de forma abusiva e discriminatória durante a operação Lava Jato"" porque, segundo ele, decidiu ""fazer delação premiada com o Ministério Público Federal separadamente da cúpula da empresa"". Acrescentou ainda que, por isso, sofreu represálias e foi ""abandonado à própria sorte"".Adriano afirmou que ""aos integrantes do departamento de propina que ajustaram seus depoimentos ao interesse da OAS foi dispensado tratamento distinto, sendo contemplados com indenização através de doação simulada feita pela empresa"".Uma das testemunhas de Adriano no processo, o ex-diretor financeiro da OAS Mateus Coutinho de Sá Oliveira, também delator, afirmou que ele e outros ex-executivos que aceitaram fazer a delação combinada com a empresa receberam indenização de R$ 6 milhões.Já Adriano Santana Quadros de Andrade afirmou que não recebeu sequer parte do FGTS e a multa de 40% sobre o fundo.A juíza Solange Aparecida Gallo, da 31ª Vara do Trabalho de São Paulo, mandou a OAS pagar a Adriano todas as verbas indenizatórias previstas na CLT.Mas a juíza negou o pedido de reparação por danos morais porque, segundo ela, Adriano sabia da irregularidade dos atos cometidos na empresa e deveria ter se recusado a cumpri-los. Ao contrário, destacou a juíza, ele preferiu não ir contra as ordens porque recebia um alto salário.Na sentença, a juíza afirmou que o fato de o ex-executivo Mateus Coutinho de Sá Oliveira ter recebido um benefício extra da OAS pelo acordo de delação premiada não gera para Adriano de Andrade o direito de ganhar igual valor. Ele recorreu da decisão.Segunda a juíza, Adriano disse que o pagamento se deu porque Mateus Oliveira beneficiou a OAS na delação, ""o que demonstra que a mesma, a empresa, continua a cometer crimes e omitir fatos à Justiça e que tal benefício também foi pago por ato ilegal cometido, o que não pode ter o aval do Judiciário"".O advogado Pedro Iokoi ,que representa ex-executivos da OAS, disse que a indenização da empresa foi paga porque delatores não conseguiram recolocação no mercado. E que o resultado dos processos comprovará que eles apresentaram fatos e elementos de prova. "	-1
182	Já está combinado com o presidente [da Câmara] Rodrigo Maia e comigo para os militares se despreocuparem. O projeto de lei dos militares só será votado após a aprovação da PEC da Previdência.Governo já enviou reforma da Previdência ao Congresso, e texto está na Câmara. Equipe econômica informou que enviará proposta sobre militares até o próximo dia 20. 	"""Alcolumbre diz que Senado votará primeiro PEC da Previdência e, depois, regras sobre militares""Governo já enviou reforma da Previdência ao Congresso, e texto está na Câmara. Equipe econômica informou que enviará proposta sobre militares até o próximo dia 20. O presidente do Senado, Davi Alcolumbre (DEM-AP), afirmou nesta quinta-feira (14) que a Casa votará primeiro a proposta de emenda à Constituição (PEC) que trata da reforma da Previdência e, somente depois, o projeto sobre aposentadoria dos militares.Alcolumbre deu a informação após almoçar com o ministro da Defesa, Fernando Azevedo e Silva.A PEC que trata da reforma da Previdência já foi enviada pelo governo ao Congresso e está em análise na Comissão de Constituição e Justiça da Câmara. De acordo com a equipe econômica, o texto sobre os militares deve ser enviado até o dia 20 deste mês.""Já está combinado com o presidente [da Câmara] Rodrigo Maia e comigo para os militares se despreocuparem. O projeto de lei dos militares só será votado após a votação da reforma da Previdência"", disse Alcolumbre.""A matéria vai tramitar na CCJ, nas comissões temáticas, vai ao plenário. E, o compromisso é votar o projeto de lei [sobre os militares] após a votação da emenda constitucional da reforma da Previdência no plenário"", acrescentou o presidente do Senado.O governo defende a reforma da Previdência como uma das principais formas de equilibrar as contas públicas. Pela estimativa da equipe econômica, será possível economizar R$ 1 trilhão com as mudanças.Integrantes do governo e aliados no Congresso têm dito que mudanças podem ser feitas, desde que o texto proposto pelo governo não seja desfigurado.O próprio presidente Jair Bolsonaro já afirmou que o Congresso é ""soberano"" para fazer eventuais mudanças, mas pediu que o texto não seja ""desidratado"". "	-1
183	No primeiro mês, Bolsonaro libera equipe econômica para preparar reforma da Previdência.	"""No primeiro mês, Bolsonaro libera equipe econômica para preparar reforma da Previdência"""	-1
184	"""PT, PSB, PSOL e Rede anunciam bloco para disputar cargos da Mesa Diretora da Câmara."" Juntos, os quatro partidos somam 97 deputados, e distribuição de cargos é feita conforme proporção das bancadas. Eleição da nova Mesa Diretora da Casa será nesta sexta (1º)."	"""PT, PSB, PSOL e Rede anunciam bloco para disputar cargos da Mesa Diretora da Câmara""Juntos, os quatro partidos somam 97 deputados, e distribuição de cargos é feita conforme proporção das bancadas. Eleição da nova Mesa Diretora da Casa será nesta sexta (1º). O PT, o PSB, o PSOL e a Rede Sustentabilidade anunciaram nesta quinta-feira (31) a formação de um bloco parlamentar com o objetivo de disputar cargos na Mesa Diretora da Câmara.Juntos, os quatro partidos somam 97 deputados. A eleição da nova Mesa Diretora da Casa está marcada para esta sexta (1º), e o bloco ainda não decidiu se terá um candidato a presidente da Câmara.A distribuição dos cargos da Mesa Diretora e do comando das 25 comissões da Câmara é feita conforme a proporção das bancadas.Pelas regras da Câmara, os blocos apresentados no dia 1º de fevereiro são a base para a divisão dos cargos da Mesa pelos próximos dois anos e servem de parâmetro para a distribuição das vagas nas comissões pela legislatura completa (pelos próximos 4 anos).Mas, ao anunciar a formação do bloco, os partidos informaram que terão autonomia para agir e se posicionar em relação a votações e até mesmo em relação à continuidade no bloco.Oposição ao governo do presidente Jair Bolsonaro, os partidos que anunciaram o bloco nesta quinta-feira deverão manter posições semelhantes em relação a pautas propostas pelo Palácio do Planalto.Pretendem, ainda, atrair PCdoB e PDT, que já declararam apoio à reeleição do atual presidente da Câmara, Rodrigo Maia (DEM-RJ), que conta com o apoio do PSL, partido de Bolsonaro.A Mesa Diretora da Câmara é formada por:De acordo com o site da Câmara, cabe à Mesa dirigir os trabalhos legislativos e os serviços administrativos da Casa.O primeiro vice-presidente, por exemplo, é responsável por elaborar pareceres sobre os requerimentos; o segundo vice, por analisar pedidos de ressarcimento de despesas médicas dos deputados; os secretários são responsáveis por serviços administrativos, relações internacionais e fornecimento de passagens aéreas. "	-1
185	Juíza nega pedido de Cunha para suspender prazo das alegações finais em processo. No processo, Cunha é investigado por suposta participação em um esquema de corrupção relativo à compra de navios-sonda pela Petrobras. Os advogados de Cunha pediram a suspensão argumentando que Júlio Camargo não anexou um documento importante para a elaboração da defesa.	"""Juíza nega pedido de Cunha para suspender prazo das alegações finais em processo"" A juíza Gabriela Hardt negou o pedido apresentado pela defesa do deputado cassado Eduardo Cunha (MDB-RJ) para suspender o prazo das alegações finais em um processo no qual ele é investigado.No processo, Cunha é investigado por suposta participação em um esquema de corrupção relativo à compra de navios-sonda pela Petrobras. O ex-deputado nega a acusação.Gabriela Hardt concedeu um novo prazo de 4 dias para as alegações, mas também negou o pedido para que o delator Júlio Camargo pudesse anexar um documento ao processo.Os advogados de Cunha pediram a suspensão argumentando que Júlio Camargo não anexou um documento importante para a elaboração da defesa.O documento ao qual os advogados se referem é a cópia de um processo de arbitragem envolvendo Júlio Camargo e a Samsung, que tramitou perante a Corte de Londres.Ao analisar o caso, Gabriela Hardt ressaltou que em 2016 o ministro Teori Zavascki, do Supremo Tribunal Federal (STF), já havia negado um pedido dos advogados de Cunha para anexar a cópia do processo. Segundo a juíza, não haveria motivos para pedir novamente o documento após a negativa do STF.""Se o pedido foi indeferido naquele momento, não caberia a sua reiteração na fase [...], pois não se trata de prova cuja necessidade surgiu no decorrer da instrução"", afirma a juíza.Ainda assim, a magistrada esclarece que determinou a intimação da defesa de Júlio Camargo para que informasse se poderiam anexar a cópia do processo. Em resposta, os advogados do delator afirmaram que não possuem o documento.Na conclusão do documento, a juíza rebate a alegação dos advogados de Cunha e afirma que não é possível chamar de mentirosa a alegação da defesa de Júlio Camargo de que não possui a cópia do processo.""A questão foi resolvida, não havendo motivos para se reputar mentirosa a alegação da Defesa do colaborador"", afirmou a magistrada.Neste processo, os ex-deputados Eduardo Cunha e Solange Pereira de Almeida são investigados pela suposta participação em um esquema de pagamento de propinas envolvendo a contratação dos navios-sonda Petrobras 10.000 e Vitória 10.000. O ex-deputado nega todas as acusações. "	-1
186	Venezuela tem novo dia de violência nas fronteiras, e mais militares desertam; Venezuela tem novo dia de violência nas fronteiras; Venezuela tem novo dia de violência nas fronteiras; Venezuela tem novo dia de violência nas fronteiras.	"""Venezuela tem novo dia de violência nas fronteiras; Alcolumbre não declarou imóveis. Jornais de segunda (25)""Veja quais são as notícias de destaque nos matutinos brasileiros  Em sua manchete, O Globo dá detalhes sobre o domingo (24) na fronteira entre o Brasil e a Venezuela e afirma que militares leais a Nicolás Maduro entraram novamente em confronto com manifestantes no país. Segundo o matutino carioca, alguns militares estão abandonando seus postos em busca de refúgio no Brasil e na Colômbia. Três sargentos venezuelanos conseguiram entrar no Brasil por uma trilha e afirmaram que estão cansados da ditadura de Maduro.Os desertores admitiram que novos militares da Guarda Nacional Bolivariana devem abandonar seus postos e pedir refúgio. De acordo com o sargento Jean Carlos Cesar Parra, não há uma deserção em massa porque os militares temem uma perseguição de Nicolás Maduro. ""Venezuela tem novo dia de violência na fronteira, e mais militares desertam"", sublinha a manchete do Globo.A Folha de S.Paulo revela que o presidente do senado, Davi Alcolumbre (DEM-AP), ocultou parte de seu patrimônio em suas declarações à Justiça Eleitoral durante quase toda a sua carreira política. O matutino explica que a ocultação de informações é crime eleitoral e que, em 2012, por exemplo, quando já era deputado federal, Davi afirmou não ter patrimônio. Ele já tinha salário de R$ 26,7 mil e, segundo apuração da Folha, havia três lotes e uma casa em nome do senador em cartórios de Macapá.Durante sua carreira, iniciada em 1990, Davi ocupou cargos de vereador, deputado federal e, atualmente, é senador. Segundo a Folha, Davi é de uma família de grandes posses em Macapá, mas tem informado aos seus eleitores que tem poucas posses. A Folha afirma que tentou obter explicações do senador e recebeu apenas uma resposta genérica da assessoria afirmando que os bens foram declarados aos órgãos competentes. ""Novo presidente do Senado ocultou imóveis da Justiça"", destaca a manchete da Folha.O Estado de S.Paulo informa que, com o objetivo de tentar driblar a redução nas receitas com o fim da contribuição obrigatória determinada pela reforma trabalhista, os sindicatos planejam se fundir. A ideia é a forma encontrada para conseguir se manter financeiramente. O Estadão explica que, além de aumentar o número de demissões e a venda de imóveis, os sindicatos ainda tentam reequilibrar as contas.Em 2017, quando a reforma trabalhista ainda não estava vigente, 90% dos impostos arrecadados pelos sindicatos era composta pelas contribuições obrigatórias. Em 2018, após a reforma, o valor caiu 80%. De acordo com o Estadão, além de ajudar na questão financeira, a fusão de sindicatos fortalecerá as negociações salariais. ""Sindicatos fazem fusões para driblar queda na receita"", mostra o título principal do Estadão. "	-1
187	"""Câmara tem clima de campanha na véspera da eleição para presidente"" Cabos eleitorais distribuíram material de campanha e fizeram corpo a corpo com parlamentares. Candidatos fizeram discursos em curso de ambientação para novos deputados. A Câmara dos Deputados viveu um clima de campanha nesta quinta-feira (31), véspera da eleição para presidente da Casa."	"""Câmara tem clima de campanha na véspera da eleição para presidente""\nCabos eleitorais distribuíram material de campanha e fizeram corpo a corpo com parlamentares. Candidatos fizeram discursos em curso de ambientação para novos deputados.   A Câmara dos Deputados viveu um clima de campanha nesta quinta-feira (31), véspera da eleição para presidente da Casa.A votação está marcada para 18h de sexta-feira (1º). Também estão em disputa outros dez cargos da Mesa Diretora, responsável pela condução dos trabalhos legislativos e a gestão administrativa da Câmara. São duas vice-presidências, quatros secretarias (sendo quatro vagas titulares e quatro suplentes).Quase todos os candidatos à Presidência participaram na manhã desta quinta, ainda que por alguns minutos, de um curso de ambientação promovido pela Câmara para receber os novos deputados, com palestras sobre as regras da Casa.Em um auditório parcialmente ocupado, os candidatos fizeram discursos defendendo a independência da Câmara e pedindo votos.Em todas as entradas do prédio da Câmara e pelos corredores, profissionais contratados distribuíram adesivos e material de campanha com fotos dos candidatos.Sete nomes devem disputar a Presidência da Câmara, mas esse número pode ser alterado até horas antes da eleição.O atual presidente da Câmara, Rodrigo Maia (DEM-RJ), é candidato à reeleição. Apontado como favorito nos bastidores, ele foi o candidato que conseguiu abarcar o apoio oficial do maior número de partidos: são 15 até o momento.No entanto, como a votação é secreta, não há a garantia de todos os deputados das bancadas seguirão a orientação do partido.Atual primeiro-vice-presidente da Câmara, o deputado Fábio Ramalho (MDB-MG) vai disputar como candidato avulso, uma vez que não tem o apoio do seu próprio partido. O MDB resolveu ficar com Maia.Na mesma situação está o deputado Ricardo Barros (PP-PR), já que o PP declarou o voto em Maia.O deputado João Henrique Caldas (PSB-AL), conhecido como JHC, que inicialmente sairia também como avulso, conseguiu o aval da sua legenda após fracassar uma articulação do PSB com outros partidos da esquerda para apoiar um candidato em comum.Candidato pelo Novo, Marcel Van Hattem (Novo-RS) espera conquistar o voto dos parlamentares de primeiro mandato com um discurso de renovação.Pelo PSOL, o candidato será Marcelo Freixo (PSOL-RJ), que fará seu primeiro mandato como federal.O deputado General Peternelli (PSL-SP) entrou na disputa há poucos dias e não conta com o apoio oficial do PSL, partido do presidente Jair Bolsonaro. Já no início de janeiro, a legenda declarou o voto em Rodrigo Maia.Para os demais cargos da Mesa, as maiores bancadas ou blocos têm direito a ocupar mais cadeiras. Diferentemente da presidência da Câmara, em que pode haver candidatura avulsa de qualquer partido, nos cargos da Mesa só podem concorrer a vaga candidatos que forem da mesma legenda. "	-1
188	"Reforma da Previdência tem mais consenso no Congresso, mas Bolsonaro precisa afinar a base "" Líderes aliados do presidente Jair Bolsonaro fazem um alerta ao Palácio do Planalto. Se há atualmente mais consenso dentro do Congresso em torno da necessidade de se aprovar a reforma da Previdência do que na época do ex-presidente Michel Temer, o que é uma boa notícia, por outro lado, a base aliada no governo do emedebista era mais afinada.Por isso, o recado que está sendo passado para a equipe de Bolsonaro é que o governo precisa urgentemente afinar sua base aliada. Neste momento, afirmam líderes de partidos governistas, o comportamento dos aliados no Congresso quando ocorrer uma votação importante é uma interrogação.Assesores diretos de Bolsonaro lembram que o governo está apenas no seu início, mas reconhecem que há um clima de desorganização da base de apoio do Palácio do Planalto. Destacam, porém, que há tempo para melhorar o relacionamento com deputados e senadores antes de medidas como"	"""Reforma da Previdência tem mais consenso no Congresso, mas Bolsonaro precisa afinar a base "" Líderes aliados do presidente Jair Bolsonaro fazem um alerta ao Palácio do Planalto. Se há atualmente mais consenso dentro do Congresso em torno da necessidade de se aprovar a reforma da Previdência do que na época do ex-presidente Michel Temer, o que é uma boa notícia, por outro lado, a base aliada no governo do emedebista era mais afinada.Por isso, o recado que está sendo passado para a equipe de Bolsonaro é que o governo precisa urgentemente afinar sua base aliada. Neste momento, afirmam líderes de partidos governistas, o comportamento dos aliados no Congresso quando ocorrer uma votação importante é uma interrogação.Assessores diretos de Bolsonaro lembram que o governo está apenas no seu início, mas reconhecem que há um clima de desorganização da base de apoio do Palácio do Planalto. Destacam, porém, que há tempo para melhorar o relacionamento com deputados e senadores antes de medidas como a reforma da Previdência chegarem ao momento de votação.O governo já foi avisado que há um clima ruim da parte de parlamentares governistas em relação ao líder do governo na Câmara, deputado major Vitor Hugo. O argumento é que ele é marinheiro de primeira viagem, está em seu primeiro mandato, e não teria condições de ""liderar os líderes"".Além disso, há reclamações sobre retaliações contra nomeações de aliados nos Estados, o que levou o ministro da Casa Civil, Onyx Lorenzoni, a suspender qualquer nova nomeação por enquanto.O dado positivo da semana ficou com a eleição de Rodrigo Maia (DEM-RJ) e Davi Alcolumbre (DEM-AP) para a presidência da Câmara e Senado, dizem governistas, ambos fazendo discursos enfáticos a favor da reforma da Previdência. Mas aí vem outro alerta: Maia e Alcolumbre podem liderar o movimento das votações, mas não têm condições de unir a base aliada. Só o Palácio do Planalto. "	-1
189	"""Declaração dá certo desconforto, diz presidente do Senado, sobre fala de Bolsonaro em relação a Forças Militares e democracia. Para Alcolumbre, é preciso fortalecer as instituições e a democracia. Após Jair Bolsonaro afirmar que ""democracia e liberdade só existem quando as Forças Armadas querem"", em cerimônia de aniversário do Corpo de Fuzileiros Navais no Rio de Janeiro, Davi Alcolumbre, que está no Amapá cumprindo agenda de trabalho, disse que ""uma declaração dessa natureza dá um certo desconforto em relação ao segmento que compreende uma mensagem de forma diferente de outro segmento"".Alcolumbre também lembrou que Bolsonaro governa para todos os brasileiros e não apenas para aqueles que o elegeram: ""Eu compreendo que o presidente da República disse que vai governa"	"""Declaração dá certo desconforto, diz presidente do Senado, sobre fala de Bolsonaro em relação a Forças Militares e democracia""Em evento no RJ nesta quinta-feira (7), presidente afirmou que democracia e liberdade só existem quando as Forças Armadas querem. Para Alcolumbre, é preciso fortalecer as instituições e a democracia. Após Jair Bolsonaro afirmar que ""democracia e liberdade só existem quando as Forças Armadas querem"", em cerimônia de aniversário do Corpo de Fuzileiros Navais no Rio de Janeiro, Davi Alcolumbre, que está no Amapá cumprindo agenda de trabalho, disse que ""uma declaração dessa natureza dá um certo desconforto em relação ao segmento que compreende uma mensagem de forma diferente de outro segmento"".Alcolumbre também lembrou que Bolsonaro governa para todos os brasileiros e não apenas para aqueles que o elegeram: ""Eu compreendo que o presidente da República disse que vai governar para todos os brasileiros, e para todas as famílias. A partir do momento que o Jair Bolsonaro foi eleito presidente da República, ele não foi eleito só daqueles que votaram nele ou não votaram nele. Ele é presidente do país de 200 milhões de brasileiros, 26 estados, Distrito Federal, de várias regiões do Brasil"".Bolsonaro deu a declaração na manhã da quinta (6), no Rio de Janeiro, ao participar da cerimônia de aniversário do Corpo de Fuzileiros Navais. O presidente também disse que quer fazer do Brasil um país de primeiro mundo e que reconhecerá os militares neste contexto. Prometeu ainda debater uma nova ""retaguarda jurídica"" para os militares.Além de Alcolumbre, o vice-presidente Hamilton Mourão também se manifestou sobre o assunto e disse que o presidente foi ""mal interpretado"" na declaração. ""O que que o presidente quis dizer? Está sendo mal interpretado. O presidente falou que onde as Forças Armadas não estão comprometidas com democracia e liberdade, esses valores morrem"", disse Mourão.O ministro-chefe do Gabinete de Segurança Institucional (GSI), Augusto Heleno, afirmou ainda nesta quinta-feira (7) que não viu polêmica na declaração do presidente Jair Bolsonaro sobre as Forças Armadas. ""Não achei polêmica. Não vejo nada demais na declaração. Ele estava fazendo um discurso para comemoração dos 111 anos do corpo de fuzileiros navais e ele falou o que todo mundo sabe: as Forças Armadas são o baluarte da democracia e da liberdade. Historicamente, em todos os países do mundo"", disse Heleno.Pela manhã, em encontro com o comandante do Comando Militar Norte e comandante da 22ª Brigada de Infantaria de Selvacom, o presidente do Senado já havia comentado sobre a repercussão do post de Bolsonaro nas redes sociais com imagens que mostram homem dançando em cima de ponto de táxi. Na ocasião, o presidente disse que ""é isto que tem virado muitos blocos de rua no carnaval brasileiro"". O presidente do Senado também fez um alerta sobre as desigualdades e preconceitos.""Em relação ao post que o presidente da República colocou em suas redes é uma opinião dele. A minha opinião como cidadão é que nós temos que trabalhar para melhorar o Brasil, para diminuir as desigualdades, diminuir os preconceitos, e nesse sentido eu faço um apelo à sociedade brasileira, aonde nesse momento as redes sociais tomam uma dimensão estratosférica diante de qualquer comentário, de quaisquer posicionamento, e o posicionamento de um líder de uma nação repercutiu internacionalmente"", finalizou.Tem alguma notícia para compartilhar? Envie para o Tô Na Rede! "	-1
190	MPF pede à Justiça Federal envio de informações sobre fundo da Lava Jato ao STF. A força-tarefa da Operação Lava Jato pediu, no início da noite desta sexta-feira (15), que a Justiça Federal encaminhe uma série de informações sobre a criação de uma fundação para gerir recursos acordados pela Petrobras com autoridades americanas. A decisão foi tomada a partir de pedido de anulação feito pela procuradora-geral da Repúbli	"""MPF pede à Justiça Federal envio de informações sobre fundo da Lava Jato ao STF ""Acordo suspenso pelo ministro Alexandre de Moraes, nesta sexta-feira (15), permitiria a criação de uma fundação para gerir parte dos R$ 2,5 bilhões de acerto feito pela Petrobras com autoridades americanas. A força-tarefa da Operação Lava Jato pediu, no início da noite desta sexta-feira (15), que a Justiça Federal encaminhe uma série de informações sobre a criação de uma fundação para gerir recursos acordados pela Petrobras com autoridades americanas.Mais cedo, o ministro do Supremo Tribunal Federal (STF) Alexandre de Moraes suspendeu a homologação e a eficácia do acordo firmado entre os procuradores do Ministério Público Federal (MPF) e a estatal.O pedido dos procuradores será analisado pelo juiz Luiz Antonio Bonat, da 13ª Vara da Justiça Federal de Curitiba, responsável por encaminhar ou não as informações ao STF.A decisão foi tomada a partir de pedido de anulação feito pela procuradora-geral da República, Raquel Dodge, na segunda-feira (12).Segundo a liminar (decisão temporária) concedida pelo ministro, os valores depositados pela Petrobras deverão ser bloqueados e mantidos em uma conta designada pela Justiça.A liminar é válida até a análise da ação pelo plenário da Corte. Procuradores, Câmara dos Deputados, Petrobras e Advocacia-Geral da União foram intimados a apresentar informações em dez dias.A força-tarefa já havia pedido para suspender a parte mais polêmica do acordo, a que prevê a criação de entidade para administrar uma parte dos recursos. A criação do fundo foi suspensa por 90 dias pelo juiz federal Luiz Antônio Bonat na quarta-feira (13).O primeiro passo foi dado em 25 de janeiro, quando a Justiça Federal homologou acordo entre MPF e Petrobras na qual a estatal se comprometeu a depositar US$ 682,56 milhões como restituição dos crimes identificados na Lava Jato.Em 30 de janeiro, a Petrobras depositou o equivalente em reais (R$ 2,567 bilhões) em conta vinculada à 13ª Vara Federal de Curitiba, que julga os casos da operação.Esse compromisso é consequência de um outro acordo, firmado em 2018 entre Petrobras e autoridades americanas, para encerrar investigações nos Estados Unidos de irregularidades na estatal. Ficou acertado na ocasião que 80% do montante seria depositado no Brasil --exatamente os R$ 2,567 bilhões. O restante ficará nos EUA.Já cerca de R$ 1,25 bilhão seria aplicado em um fundo patrimonial gerido por uma fundação independente e distribuídos os rendimentos para projetos de combate à corrupção e promoção da cidadania e da integridade.Veja mais notícias do estado no G1 Paraná."	-1
191	"O CNJ mantém decisão que proíbe TJ-SP de executar contrato de R$ 1,32 bilhão com a Microsoft. ""Plataforma passará por análise técnica. Em fevereiro, o presidente do TJ disse que contratação foi pautada pela total e irrestrita observância aos princípios da moralidade."", O Conselho Nacional de Justiça (CNJ) confirmou nesta terça-feira (12), por unanimidade, a decisão que proibiu o Tribunal de Justiça de São Paulo (TJ-SP) de fechá-lo ou executar contrato bilionário firmado com a Microsoft.O conselho entendeu que o contrato do TJ-SP não atendeu resolução do CNJ que estabeleceu regras sobre o processo eletrônico."	"""CNJ mantém decisão que proíbe TJ-SP de executar contrato de R$ 1,32 bilhão com a Microsoft""Plataforma passará por análise técnica. Em fevereiro, o presidente do TJ disse que contratação foi pautada pela total e irrestrita observância aos princípios da moralidade. O Conselho Nacional de Justiça (CNJ) confirmou nesta terça-feira (12), por unanimidade, a decisão que proibiu o Tribunal de Justiça de São Paulo (TJ-SP) de fechar ou executar contrato bilionário firmado com a Microsoft.O conselho entendeu que o contrato do TJ-SP não atendeu resolução do CNJ que estabeleceu regras sobre o processo eletrônico. Um dos acordos firmados entre o tribunal e a empresa tem valor estimado de R$ 1,32 bilhão para o desenvolvimento de uma plataforma digital de processos.O plenário do conselho confirmou a liminar (decisão provisória) do relator Márcio Schiefler, de fevereiro deste ano. O conselho também determinou que seja feita uma análise da plataforma e das justificativas apresentadas pela empresa.Com a decisão, a plataforma da Microsoft será analisada por uma equipe do CNJ composta por profissionais de Tecnologia da Informação (TI) em diálogo com os técnicos do Tribunal de Justiça de São Paulo.Quando houver um relatório sobre o caso, o relator Márcio Schiefler apresentará ao colegiado do órgão. De acordo o presidente do CNJ, ministro Dias Toffoli, o prazo para estudo será de 15 a 30 dias. ""Nós queremos definir isso rapidamente"", afirmou.Segundo Toffoli, o conselho tem uma resolução que determina a todos os tribunais que privilegiem o Processo Judicial Eletrônico (PJe), já instalado e investido pelo CNJ. Contudo, de acordo com o ministro, aqueles tribunais que já tinham sistemas poderiam adaptá-los e aprimorá-los, mas de acordo com orientações do CNJ.""É importante analisar que não há nenhum tipo de suspeita [sob o presidente do Tribunal de Justiça]. É que ele [o contrato] não foi atendido na forma de resolução. São Paulo tem um custo muito grande com a informatização é necessário realmente um aperfeiçoamento"", acrescentou.Para Toffoli, o acesso aos processos e a proteção de dados é o ""elemento mais importante"". ""O elemento mais importante é que a plataforma seja segura, que proteja os dados e que seja de propriedade da Justiça [...] nós não podemos instalar projetos que depois possam ser levados embora"", disse o ministro.Em fevereiro, o presidente do Tribunal de Justiça de São Paulo, Manoel De Queiroz Pereira Calças, disse que a contratação foi pautada ""pela total e irrestrita observância aos princípios da moralidade, economicidade, legalidade, ética e respeito ao erário e que teve o objetivo de melhorar o serviço da justiça à população"". "	-1
192	"""MEC desistiu de pedir vídeos de alunos durante Hino Nacional por questões técnicas e de segurança."" ""O Ministério da Educação (MEC) desistiu de pedir às escolas para gravarem alunos durante a execução do Hino Nacional, segundo a pasta, por questões técnicas de armazenamento e de segurança."" ""O Ministério da Educação (MEC) desistiu de pedir às escolas para gravarem alunos durante a execução do Hino Nacional, segundo a pasta, por questões técnicas de armazenamento e de segurança."""	"""MEC desiste de pedir vídeos de alunos durante Hino Nacional por questões técnicas e de segurança""Há quatro dias, ministério da Educação havia enviado e-mail para escolas pedindo a leitura de uma carta do ministro, seguida da execução do Hino Nacional. Crianças seriam filmadas durante o ato. O Ministério da Educação (MEC) desistiu de pedir às escolas para gravarem alunos durante a execução do Hino Nacional, segundo a pasta, por questões técnicas de armazenamento e de segurança. De acordo com o MEC, um novo comunicado começou a ser encaminhado às escolas na manhã desta quinta-feira (28), com a retirada do pedido.A carta às escolas foi alvo de críticas de educadores e juristas e motivou um processo de apuração pela Procuradoria Federal dos Direitos do Cidadão e uma representação de parlamentares ao Ministério Público Federal.Na última terça-feira (26), o ministro da Educação, Ricardo Vélez Rodríguez, reconheceu que errou ao pedir que as escolas filmassem as crianças cantando o Hino Nacional sem a autorização dos pais. O MEC decidiu enviar nova carta às escolas destacando que a gravação era voluntária, mediante autorização da pessoa filmada ou de seus pais ou responsáveis.A primeira carta do MEC também gerou polêmica porque pedia que fosse lida na escola, antes da execução do Hino, uma mensagem do ministro contendo as frases ""Brasil acima de tudo"" e ""Deus acima de todos"", que foram o slogan da campanha do presidente Jair Bolsonaro nas eleições. Na nova versão da carta enviada às escolas, o slogan foi retirado.""O slogan de campanha foi um erro. Já tirei, reconheci, foi um engano, tirei imediatamente. E quanto à filmagem, só será divulgada com autorização da família"", disse o ministro da Educação durante audiência no Senado na última terça. "	-1
193	Reunião ministerial desta terça discutirá Política de Segurança de Barragens, diz Mourão. Na semana passada, barragem rompeu em Brumadinho, levando à morte 65 pessoas; 279 estão desaparecidas. A discussão sobre mudanças na política de segurança de barragens acontece em razão da tragédia em Brumadinho (MG).	"""Reunião ministerial desta terça discutirá Política de Segurança de Barragens, diz Mourão""Presidente em exercício, Mourão disse que objetivo é identificar falhas. Na semana passada, barragem rompeu em Brumadinho, levando à morte 65 pessoas; 279 estão desaparecidas. O presidente da República em exercício, Hamilton Mourão, informou nesta segunda-feira (28) que a reunião ministerial desta terça (29) discutirá a Política Nacional de Segurança de Barragens. O objetivo, afirmou Mourão, é identificar eventuais ""falhas"" na política.Mourão deu a declaração em uma entrevista coletiva ao deixar o Palácio do Planalto. Ele está no exercício da Presidência porque o presidente Jair Bolsonaro se recupera da cirurgia à qual foi submetido nesta segunda (28).A discussão sobre mudanças na política de segurança de barragens acontece em razão da tragédia em Brumadinho (MG). Na semana passada, uma barragem da mineradora Vale rompeu na cidade, levando à morte mais de 60 pessoas; outras 279 estão desaparecidas. Uma enxurrada de lama invadiu a região.""Amanhã [terça-feira], nós vamos começar a olhar aquela política nacional de controle [segurança] de barragens. Vamos ver quais as falhas que ela tem para a gente tentar corrigir"", disse Mourão nesta segunda.A reunião ministerial acontece semanalmente. O Conselho de Governo é composto por Bolsonaro, Mourão e por todos os ministros de Estado. Bolsonaro ainda se recupera da cirurgia e não participará do encontro.Inicialmente, a reunião trataria sobre governança, em uma apresentação feita pelo Tribunal de Contas da União (TCU). A tragédia em Brumadinho modificou o assunto do encontro.Criada em 2010, a PNSB tem entre as metas garantir a observância de padrões de segurança para reduzir a possibilidade de acidentes em barragens.Entre outras obrigações que devem ser cumpridas pelas empresas, a lei prevê:A necessidade de modificar a política foi apontada pelo ministro do Desenvolvimento Regional, Gustavo Canuto, após reunião com técnicos na Agência Nacional de Águas (ANA).Um projeto que propunha mudanças para endurecer a lei não prosperou no Senado e foi arquivado no final do ano passado, em razão do término da legislatura iniciada em 2015.""A política nacional de segurança de barragens foi editada em 2010. É uma lei que precisa de revisão. Após o acidente de Mariana, vários projetos foram apresentados, a gente ainda não conseguiu finalizar a alteração dessa lei, mas ela é essencial. Foi consenso aqui entre os técnicos que isso precisa ser feito"", disse Canuto no domingo (27).Na semana passada, uma barragem da mineradora Vale rompeu na cidade de Brumadinho (MG), levando uma enxurrada de lama à região. A barragem de rejeitos, que ficava na mina do Córrego do Feijão, se rompeu na sexta-feira (25)Ao todo, já foram confirmadas as mortes de 65 pessoas; outras 292 estão desaparecidas; e muitos moradores tiveram de deixar as casas.As buscas entraram em seu quarto dia nesta segunda-feira (28).Para auxiliar a população da região, o governo diz que vai antecipar o pagamento do Bolsa Família aos beneficiários que moram na cidade e permitir o saque do FGTS aos atingidos pelo desastre.Sobre a possibilidade de afastar a diretoria da Vale durante a apuração do rompimento da barragem em Minas Gerais, Mourão declarou que a prerrogativa cabe ao conselho de administração da empresa.Segundo o presidente em exercício, o governo federal pode convocar uma reunião do conselho, porém a opção ""não está em estudo"" no momento.Mais cedo, ao ser questionado sobre o tema, Mourão afirmou que o gabinete de crise criado por Bolsonaro estuda o afastamento da diretoria da mineradora. "	-1
194	Ibama diz que Samarco não pagou nenhuma multa aplicada pelo órgão após desastre em Mariana; Penalidades somam R$ 350,7 milhões; de acordo com o órgão ambiental, empresa insiste em recorrer das multas. Mais de três anos após o rompimento da barragem de Mariana (MG), que deixou 19 mortos, a mineradora Samarco, que tem a Vale como uma de suas controladoras, não pagou nenhuma das 25 multas aplicadas pelo Instituto Brasileiro do Meio Ambiente e dos Recursos Naturais Renováveis (Ibama).	"""Ibama diz que Samarco não pagou nenhuma multa aplicada pelo órgão após desastre em Mariana""Penalidades somam R$ 350,7 milhões; de acordo com o órgão ambiental, empresa insiste em recorrer das multas. Empresa diz que destinou R$ 5,2 bilhões em ações para reparar danos. Mais de três anos após o rompimento da barragem de Mariana (MG), que deixou 19 mortos, a mineradora Samarco, que tem a Vale como uma de suas controladoras, não pagou nenhuma das 25 multas aplicadas pelo Instituto Brasileiro do Meio Ambiente e dos Recursos Naturais Renováveis (Ibama), conforme antecipou o jornal ""O Globo"" nesta terça-feira (29).De acordo com o órgão ambiental, as multas somam R$ 350,7 milhões. O Ibama informou, por meio de nota, que desde a tragédia, a Samarco ""insiste em recorrer"" das multas, mesmo com todas as penalidades confirmadas administrativamente, ""buscando afastar sua responsabilidade pelo desastre"".Procurada, a Samarco informou que até dezembro de 2018 destinou R$ 5,2 bilhões em ações de reparação dos impactos causados pelo rompimento da barragem e que já pagou multa de R$ 45 milhões aplicada pela Secretaria de Estado de Meio Ambiente e Desenvolvimento Sustentável de Minas Gerais (Semad).Sobre as multas aplicadas pelo Ibama e por outros órgãos, a empresa informou que ""há aspectos jurídicos em análise"".A barragem de Fundão abrigava cerca de 56,6 milhões de m³de lama de rejeito. Desse total, 43,7 milhões de m³ vazaram. Os rejeitos atingiram os afluentes e o próprio Rio Doce, destruíram distritos e deixaram milhares de moradores da região sem água e sem trabalho.Até o rompimento da barragem I da Vale, em Brumadinho (MG), o caso de Mariana era considerado o maior desastre ambiental do Brasil. Apenas um mês depois, foram retiradas 11 toneladas de peixes mortos, oito em Minas e três no Espírito Santo. Três anos depois, estes estados ainda sentem os impactos ambientais.A vida após a lama: G1 percorreu caminho do Rio Doce ouvindo relatos de pessoas afetadas pela tragédia de MarianaSegundo o Ibama, além das multas aplicadas, também foram aplicadas 73 notificações com o objetivo de ""exigir a adoção de medidas de regularização e correção de conduta, entre outras ações"".Além de todas as penalidades administrativas, 22 pessoas e quatro empresas respondem na Justiça pelo desastre ambiental provocado pelo rompimento da barragem da Samarco _ 21 delas por homicídio. Até o momento, nenhum dos investigados foi condenado judicialmente pelo caso. "	-1
195	Cidades têm manifestações a favor da Lava Jato.Ato em defesa da Operação Lava Jato ocorreu na Praça da República, em Belém.Ato em defesa da Operação Lava Jato aconteceu na Praça da Liberdade, em Belo Horizonte.	"""Cidades têm manifestações a favor da Lava Jato""Atos, que foram convocadas pelo Movimento Brasil Livre (MBL) e outros grupos, aconteceram no DF e em AC, AM, BA, MG, MS, PA, PE, PR, RJ, RS, SC e SP. Cidades em ao menos 12 estados e o DF tiveram manifestações a favor da Lava Jato neste domingo (17), dia em que a operação completa 5 anos. Além do ato na capital federal, foram registradas manifestações em: AC, AM, BA, MG, MS, PA, PE, PR, RJ, RS, SC e SP.As convocações foram feitas pelo Movimento Brasil Livre e outros grupos. A força-tarefa da Lava Jato não fez parte da convocação.O ato em defesa da Operação Lava Jato ocorreu na Praça da República, em Belém. A concentração começou às 9h. Cerca de 80 pessoas participaram, segundo estimativa dos organizadores. O ato foi encerrado ao meio dia.Em Belo Horizonte, o ato a favor da Lava Jato aconteceu na Praça da Liberdade, em Belo Horizonte, durante a manhã. A manifestação foi realizada das 9h às 12h. De acordo com a organização, de 800 a mil pessoas participaram do ato. A Polícia Militar acompanhou a manifestação, mas não fez estimativa de público. O trânsito na região não foi afetado.O ato em Campinas (SP) aconteceu no Centro da cidade. Os organizadores estimaram 2 mil participantes, enquanto a Guarda Municipal disse aproximadamente 400 integrantes. O grupo permaneceu concentrado no Largo do Rosário. A maioria foi vestida com camisetas nas cores verde e amarelo e levou bandeiras e havia um carro de som.Em Campo Grande, o grupo se reuniu em frente ao Ministério Público de Mato Grosso do Sul. Segundo a organização, cerca de mil pessoas participaram da manifestação.Em Curitiba, os manifestantes se reuniram na Boca Maldita, no Centro. O grupo usou carro de som e levava faixas e cartazes. No interior do Paraná também houve manifestações em cidades como Foz do Iguaçu, Londrina e Cascavel. A Polícia Militar não informou o número de participantes de cada ato.Manifestantes se reuniram pela manhã em frente em STF. O ato reuniu 500 pessoas, segundo a PM. Os manifestantes vestiam camisas com as cores do Brasil e em apoio ao presidente, Jair Bolsonaro.Manifestantes usaram camisas de cor preta e da bandeira do país na manifestação que aconteceu em Florianópolis na parte da tarde. Cerca de 600 pessoas participaram do ato, que aconteceu em frente ao prédio da sede da Justiça Federal. Os números são do Movimento Brasil Livre (MBL).Um grupo de manifestantes se reuniu pela manhã em frente ao Fórum de Joinville, no Norte catarinense. De acordo com o MBL, cerca de 200 pessoas participaram do ato que começou por volta das 10h, na Avenida Hermann August Lepper.Com palavras de ordem, faixas e camisas do Brasil, o protesto reuniu cerca de 100 pessoas, segundo o movimento Direita Amazonas. Os manifestantes percorreram a avenida Coronel Teixeira, no bairro Ponta Negra, na Zona Oeste de Manaus, pela manhã.Manifestação na capital reuniu dezenas de pessoas durante a tarde no Parque Moinhos de Vento, conhecido como Parcão. Números não foram divulgados.Na Zona Sul do Recife, movimentos sociais ligados à direita realizaram um ato na Avenida Boa Viagem em defesa da Operação Lava Jato. Com vuvuzelas, apitos, faixas e cartazes com a foto do ministro da Justiça e Segurança Pública Sérgio Moro, eles ocuparam uma faixa de pedestres a cada vez que o semáforo fechava. O Movimento Direita Pernambuco afirma que, das 9h ao meio-dia, cerca de 600 pessoas passaram pelo local. A Polícia Militar não divulgou estimativa de público.Debaixo de uma fina chuva, um grupo de 20 pessoas se reuniu em frente da Assembleia Legislativa do Acre (Aleac), no Centro de Rio Branco, nesta tarde. Os manifestantes devem permanecer no local até às 16h30 (horário local).No Rio, o ato foi realizado em Copacabana, na Zona Sul da cidade, e começou por volta das 8h, no Posto 5. Em Niterói, um grupo se reuniu às 10h, na praia de Icaraí, em frente à reitoria da UFF. A Polícia Militar não divulgou a estimativa de público.Um grupo de pessoas se reuniu em frente ao Farol da Barra, um dos principais pontos turísticos de Salvador, nesta manhã. O ato começou por volta das 10h e foi encerrado por volta das 12h. Os manifestantes usaram camisas com a cor da bandeira do país, além de cartazes e faixas. A manifestação teve participação de grupos como Vem Pra Rua Bahia, Ordem dos Médicos do Brasil e Movimento Nas Ruas.Em São Paulo, um grupo de manifestantes se reuniu em frente ao Museu de Arte de São Paulo, na Avenida Paulista, no início da tarde. A manifestação ocorreu em meio a frequentadores que utilizam a avenida, fechada para os carros aos domingos, como ponto de lazer. Parte do ato ocorreu sob chuva.Um grupo se concentrou no Parque Carlos Alberto de Souza, no bairro Campolim, em Sorocaba (SP), no fim da tarde. O protesto pacífico teve início às 16h e acabou antes das 17h por conta da chuva. De acordo com os organizadores, mais de 300 pessoas participaram do ato vestindo as cores da bandeira do Brasil. Já a Polícia Militar contabilizou cerca de 70 manifestantes. "	-1
196	"Bolsonaro compartilha mensagens em que filho acusa ministro Bebianno de mentir. Segundo informou o blog de Valdo Cruz, há pressões no Palácio do Planalto pela demissão de Bebianno, em razão da crise entre o ministro e o filho do presidente. Para o deputado Delegado Waldir, líder na Câmara do PSL, partido de Bolsonaro, o ""risco"" de demissão de Bebianno é ""zero""."	"""Bolsonaro compartilha mensagens em que filho acusa ministro Bebianno de mentir""Carlos Bolsonaro afirma ser mentira absoluta que ministro conversou com o presidente nesta terça (12) por 3 vezes. Líder do PSL diz ser zero o risco de Bebianno ser demitido. O presidente Jair Bolsonaro compartilhou na noite desta quarta-feira (13) três mensagens nas quais o filho dele Carlos Bolsonaro acusa o ministro da Secretaria-Geral, Gustavo Bebianno, de mentir.Bolsonaro não acrescentou comentário nas postagens, somente republicou o mesmo conteúdo publicado pelo filho.Segundo informou o blog de Valdo Cruz, há pressões no Palácio do Planalto pela demissão de Bebianno, em razão da crise entre o ministro e o filho do presidente. Para o deputado Delegado Waldir, líder na Câmara do PSL, partido de Bolsonaro, o ""risco"" de demissão de Bebianno é ""zero"".As publicações de Carlos Bolsonaro foram feitas após Bebianno afirmar ao jornal ""O Globo"" que havia falado com o presidente por três vezes nesta terça (12), o que, segundo Carlos Bolsonaro, é uma ""mentira absoluta"". Ainda na entrevista, Bebianno negou ser o pivô de uma suposta crise no governo.A crise negada por Bebianno está relacionada a reportagem publicada pelo jornal ""Folha de S. Paulo"". Segundo o jornal, o PSL, partido de Bolsonaro, repassou R$ 400 mil a uma candidata a deputada federal em Pernambuco quatro dias antes da eleição do ano passado. Segundo a ""Folha"", ela recebeu 274 votos.O repasse, ainda segundo o jornal, aconteceu no período em que Bebianno era o presidente do PSL. Um dos principais coordenadores da campanha de Bolsonaro, Bebbiano deixou o comando da legenda após o período eleitoral.Diante da polêmica em torno do tema, o líder do PSL na Câmara, deputado Delegado Waldir (GO), afirmou que o ""risco"" de Bebianno ser demitido do cargo é ""zero"".""Zero. Zero de risco. Nós somos um governo correto. Para correr risco, tem que roubar, tem que ser corrompido que nem a esquerda fazia"", afirmou Waldir. "	-1
197	STF suspende ações que pedem adicional de 25% a aposentados que precisam de cuidadores. Decisão da Primeira Turma vale até que plenário da Corte analise o caso. Não há data marcada para a análise dessa questão. Com a decisão do STJ, foi esquerdo a todos os outros que necessitam de cuidadores.	"""STF suspende ações que pedem adicional de 25% a aposentados que precisam de cuidadores""Decisão da Primeira Turma vale até que plenário da Corte analise o caso. Sem suspensão, impacto fiscal das ações seria de R$ 7,15 bilhões por ano, segundo INSS. A Primeira Turma do Supremo Tribunal Federal (STF) decidiu nesta terça-feira (12), por unanimidade, suspender as ações que pedem na Justiça o adicional de 25% na aposentadoria de idosos que precisam de cuidadores até que a Corte se pronuncie definitivamente sobre o tema. Não há data marcada para a análise dessa questão.Em agosto do ano passado, o Superior Tribunal de Justiça (STJ) reconheceu o direito a todos os aposentados, permitindo o pagamento adicional de 25% sobre o vencimento.Até então, o adicional só era pago aos aposentados por invalidez. Com a decisão do STJ, foi estendido a todos os outros que necessitam de cuidadores. Esse benefício passou a ser pedido na Justiça por aposentados nessas condições com base no entendimento do tribunal.O governo então foi ao STF para pedir a suspensão desses processos até o plenário se pronuncie sobre o tema. Segundo o INSS, o impacto fiscal é de R$ 7,15 bilhões por ano.Em fevereiro, o ministro Luiz Fux negou o pedido de suspensão das ações e o governo recorreu para levar o caso à Primeira Turma.Na decisão desta terça, o colegiado atendeu ao pedido do governo e suspendeu a tramitação das ações que requerem o benefício, sejam individuais ou coletivas, em todo o país.""Em termos de repercussão econômica, a informação do Ministério da Fazenda é no sentido de que essa utilização imoderada do adicional leva a um benefício de R$ 7,15 bilhões por ano, em um ano em que se discute a reforma da Previdência e se antevê as dificuldades da Previdência. Então, realmente, essa benesse judicial me pareceu extremamente exagerada"", afirmou Fux, relator do pedido, que mudou de entendimento e votou pela suspensão dos processos.""O risco de lesão grave a ser afastado com a suspensão dos processos que versam sobre a controvérsia debatidas nos autos, consiste no impacto bilionário causado aos já combalidos cofres públicos"", completou o relator.O ministro justificou que o primeiro pedido de suspensão foi negado por ele, porque se tratava de uma petição ""sem elementos robustos de convicção"". Fux considerou que, no recurso apresentado, o poder público conseguiu comprovar a repercussão da decisão, o que levou à mudança de entendimento.Para o ministro Alexandre de Moraes, benefícios da Previdência não podem continuar sendo concedidos judicialmente.""Se o tratamento previdenciário continuar sendo judicialmente dado como vem sendo, nem mil reformas da previdência vão dar certo. Ou todos os poderes tomam consciência da necessidade de estancar a sangria da Previdência ou não vamos conseguir chegar nunca a um resultado bom"", disse Moraes.Os ministros Luís Roberto Barroso, Marco Aurélio e Rosa Weber seguiram o relator e também votaram pela suspensão. "	-1
198	"""Presidente do Senado do Chile recusa convite para almoço com Bolsonaro""Ele afirma que não pode homenagear quem se manifesta contra minorias sexuais, mulheres e indígenas. ""Não estarei sábado em La Moneda (palácio presidencial), por convicção política e também porque tenho uma agenda regional já confir made"", disse Quintana, em entrevista publicada no site do jornal ""La Tercer terceira""."	"""Presidente do Senado do Chile recusa convite para almoço com Bolsonaro""Ele afirma que não pode homenagear quem se manifesta contra minorias sexuais, mulheres e indígenas. Governistas criticaram a atitude como pouco republicana. O presidente do Senado do Chile, Jaime Quintana, afirmou nesta terça-feira (19) que recusou um convite do presidente do país, Sebastián Piñera, para participar do almoço que será oferecido ao presidente Jair Bolsonaro.Quintana, do Partido pela Democracia, de centro-esquerda, assumiu o comando do Senado na semana passada. Ele afirmou que participará nesta quinta-feira dos atos envolvendo a visita do presidente da Colômbia, Iván Duque, mas que não estará em nenhum evento da programação de Bolsonaro em solo chileno.""Não estarei sábado em La Moneda (palácio presidencial), por convicção política e também porque tenho uma agenda regional já confirmada"", disse Quintana, em entrevista publicada no site do jornal ""La Tercera"".O socialista Alfonso de Urresti, vice-presidente do Senado, também recusou o convite para participar da recepção a Bolsonaro, na sede do governo, e declarou que o presidente do Brasil é um ""perigo para a democracia"". ""É um ultradireitista, que pode provocar muito dano. Meu gesto de desagravo é a Bolsonaro, e não ao povo brasileiro"", afirmou.A posição dos senadores Quintana e Urresti, de esquerda, foi criticada por representantes que apoiam o governo direitista de Sebastián Piñera. A chefe de bancada da União Democrática Independente (UDI), Ena von Baer, disse que Quintana ""tomou essa decisão como senador de esquerda, mas não representando todos nós"".Iván Moreira, outro senador da UDI, disse que a decisão da mesa do Senado, liderada por Quintana ""representa uma atitude muito pouco republicana"". ""O presidente do Brasil, além das conotações que tem, é o presidente de um país com o qual mantemos relações diplomáticas há décadas"", destacou.Bolsonaro e Duque participarão, na sexta-feira, em Santiago, de uma cúpula presidencial, para abordar a criação de um novo grupo de integração na América do Sul denominado Prosul. Como informa a agência EFE, além disso, eles aproveitarão a ocasião para ter um encontro oficial.A visita de Bolsonaro gerou muitas críticas da oposição ao governo de Piñera e de organizações de defesa de minorias, que rejeitam as posições conservadoras do governante brasileiro.Piñera tem buscado uma boa relação com Bolsonaro, aproveitando-se do fato de ambos serem líderes de perfil conservador. O chileno, que iniciou seu segundo mandato como presidente em março do ano passado (o anterior foi de 2010 a 2014, sendo sucedido pela socialista Michelle Bachelet), veio à posse de Bolsonaro em janeiro e logo o convidou para ir a Santiago.Piñera também tem se posicionado de forma alinhada com o Brasil e demais países com governos de direita na região na questão da Venezuela, pedindo a saída de Nicolás Maduro do poder. Ele até mesmo foi a Cúcuta, na Colômbia, para encontrar o oposicionista Juan Guaidó e tentar pressionar para que o regime chavista permitisse a entrada de ajuda humanitária patrocinada pelos Estados Unidos. "	-1
199	"Agora é hora de esfriar a cabeça"", afirmou o ministro. Integrantes do governo dão como certa a demissão do ministro. Aos jornalistas que o aguardavam no hotel, Bebianno disse que, por ora, não vai se pronunciar sobre o caso."	"""Agora é hora de esfriar a cabeça, diz Bebianno""Ministro da Secretaria-Geral da Presidência foi abordado por jornalistas quando saía do hotel onde mora, para almoçar. Integrantes do governo dão como certa a demissão do ministro.   O ministro da Secretaria-Geral da Presidência, Gustavo Bebianno, disse neste domingo (17) que o momento é de ""esfriar a cabeça"".Ele foi abordado por jornalistas no hotel onde mora, em Brasília, quando saía para o almoço. Bebianno deu a declaração diante de perguntas sobre se falaria a respeito de sua eventual demissão do cargo.""Agora é hora de esfriar a cabeça"", afirmou o ministro.Bebianno viveu uma semana de crise dentro do governo, após denúncias de candidaturas ""laranjas"" no PSL e um episódio de atrito entre ele e o filho do presidente Jair Bolsonaro, Carlos Bolsonaro. Integrantes do governo dão como certo que o presidente vai exonerar o ministro.Aos jornalistas que o aguardavam no hotel, Bebianno disse que, por ora, não vai se pronunciar sobre o caso. ""Daqui a alguns dias"", afirmou.Entenda: o que são candidatos ""laranjas""Reportagem da ""Folha de S.Paulo"" publicada na semana passada revelou repasse do PSL de R$ 400 mil de recursos públicos do fundo partidário para uma candidata de Pernambuco suspeita de ser ""laranja"". Bebianno era o presidente do partido durante as eleições e, segundo a reportagem, autorizou os repasses.Dias depois, para negar que houvesse crise por causa da denúncia do jornal, Bebianno disse que tinha conversado três vezes com Jair Bolsonaro enquanto o presidente ainda estava internado em São Paulo.Em uma rede social, o vereador Carlos Bolsonaro classificou a afirmação de Bebianno como ""mentira absoluta"". Depois, Jair Bolsonaro compartilhou as mensagens do filho na mesma rede social.Na sexta-feira (15), Bolsonaro e Bebianno se encontraram pela primeira vez depois do episódio. Apesar dos apelos de ministros para que a crise fosse encerrada, o clima continuou tenso, mesmo depois de um encontro reservado entre os dois. Bolsonaro apontou Bebianno como o responsável por vazamentos de informações do governo para a imprensa.Na madrugada de sábado, o ministro reproduziu um texto sobre lealdade em uma rede social. Bolsonaro recebeu ministros no Palácio da Alvorada ao longo do dia. Entre eles, não estava Bebianno.Sobre os repasses do PSL para candidatos supostamente ""laranjas"", Bebianno disse que não escolhia os candidatos do partido nos estados. Essa atribuição, segundo ele, cabia aos diretórios regionais. "	-1
