	Model Answer	news	label
0	"Com base no texto da notícia de checagem, a informação falsa que foi desmentida é:  **""É #FAKE que PF apreendeu van com urnas eletrônicas alteradas com votos para Haddad""**  Mais especificamente, a notícia desmentiu a alegação de que:  *   A Polícia Federal (PF) apreendeu uma van com urnas eletrônicas alteradas. *   121 dessas urnas estavam preenchidas com votos para Haddad.  A notícia de checagem detalha que a PF e o TSE negaram a ocorrência da apreensão e explicaram que as urnas eletrônicas possuem lacres físicos e são programadas para receber votos apenas no dia da eleição."	"""É #FAKE que PF apreendeu van com urnas eletrônicas alteradas com votos para Haddad""Mensagem falsa diz que 121 aparelhos foram preenchidos com votos para o petista. Às vésperas da eleição, uma mensagem falsa dizendo que a Polícia Federal apreendeu 152 urnas eletrônicas dentro de uma van, sendo que 121 delas estavam preenchidas com votos para o candidato à Presidência pelo PT, circulou em tom alarmista pelas redes sociais, principalmente no WhatsApp. A afirmação é #FAKE.A Polícia Federal e o Tribunal Superior Eleitoral (TSE) informam que nenhuma apreensão do tipo foi feita e que a informação não procede. O TSE explica que as urnas eletrônicas têm lacres físicos que impedem qualquer tentativa de manipulação até chegarem ao local de votação e estão programadas para receber votos apenas a partir das 8h do dia da eleição.""Antes de a votação começar, a urna emite o relatório zerésima, que é impresso após a verificação de que não existem votos gravados na urna, comprovando que a urna está sem votos"", acrescenta ainda o órgão, em nota. A Polícia Federal informa, também na nota, que ""não há registro dessa ocorrência"".""Acabou de dar na Record, PF prende uma van com 152 urnas eletrônicas, dessas 121 estavam preenchidas com voto para o Haddad com pelo menos 72% dos votos. Repassem urgente, é um golpe contra o bolsonaro e um crime contra seus seguidores""""A informação não procede. As urnas eletrônicas são preparadas em cerimônia pública presidida por um juiz eleitoral e acompanhada por ampla fiscalização (partidos políticos, Ministério Público e OAB). Nessa cerimônia, é possível verificar a integridade e a autenticidade do software. No mesmo evento, as urnas recebem lacres físicos, o que impede ou torna evidente qualquer tentativa de manipulação das urnas, do transporte até o local de votação.Na urna, mesmo que violada, um atacante não teria sucesso em qualquer tipo de manipulação de dados ou aplicativos, uma vez que tudo está protegido por criptografia e assinatura digital. Esses mecanismos se mostraram plenamente eficazes no teste de confirmação do Teste Público de Segurança (TPS) do Sistema Eletrônico de Votação 2017, realizado em maio deste ano.Finalmente, a urna é programada para receber votos somente a partir das 8h do dia da eleição. Antes de a votação começar, a urna emite o relatório ""zerésima"", que é impresso após a verificação de que não existem votos gravados na urna, comprovando que a urna está sem votos."" "	1
1	"Com base no texto fornecido, a informação falsa que foi desmentida é:  **""Brasil terá o inverno mais frio dos últimos 100 anos""**  O texto explica que essa afirmação é uma cópia de uma previsão de 2018 que não se confirmou, e que a fonte original (ACG News) copiou integralmente um texto de 2018, sem alterar o ano. "	" #Verificamos: É falso que inverno de 2019 será o mais frio dos últimos 100 anosNotícia é cópia exata de previsão realizada em 2018, que não se confirmouCircula nas redes sociais a ""informação"" de que o próximo inverno será o mais frio dos últimos 100 anos. Por meio do projeto de verificação de notícias, usuários do Facebook solicitaram que esse material fosse analisado. Confira a seguir o trabalho de verificação da Lupa:""Brasil terá o inverno mais frio dos últimos 100 anos""Título de conteúdo compartilhado pelos sites ACG News e Baixada Viva Notícias, com mais de 2,5 mil compartilhamentos somados no Facebook até as 19h do dia 25 de abril de 2019FALSOO conteúdo analisado pela Lupa é falso. O site ACG News copiou integralmente um texto publicado no ano passado, sem nem sequer modificar o ano em questão. A publicação diz que, por causa do fenômeno La Niña, havia a possibilidade de 2018 _ e não 2019 _ ter o inverno mais frio em um século. Isso, no entanto, não se confirmou. Já o site Baixada Viva Notícias trocou o ano para 2019, mas é possível verificar que o resto do texto foi integralmente copiado do conteúdo publicado em 2018.Nota: esta reportagem faz parte do projeto de verificação de notícias no Facebook. Dúvidas sobre o projeto? Entre em contato direto com o Facebook.Editado por: Natália Leal"	1
2	"Com base no texto do site de checagem, a informação falsa que foi encontrada é:  **""Colocar feijão de molho em água com vinagre antes de cozinhá-lo mata uma bactéria vinda das plantações...""**  O texto afirma explicitamente que o texto que viralizou contém ""conteúdo falso"" e que a alegação sobre o feijão de molho com vinagre ter efeito antibiótico é falsa. "	"""É #FAKE mensagem que diz que colocar feijão de molho com vinagre mata bactéria que nem antibióticos estão resolvendo""Mensagem tem viralizado em aplicativo de mensagens e redes sociais. Texto que circula tem conteúdo falso. Um texto que se espalhou pelo WhatsApp afirma que colocar o feijão de molho em água com vinagre antes de cozinhá-lo mata uma bactéria vinda das plantações, que, segundo a mensa"	1
3	"Com base no texto do site de checagem, a informação falsa que foi desmentida é:  **""Bolsonaro votou a favor de arquivamento de denúncias contra Temer""**  O texto explica que, quando Bolsonaro era deputado, ele votou contra os relatórios que suspendiam investigações contra Temer, o que contradiz a alegação que circulava nas redes sociais. "	" #Verificamos: É falso que Bolsonaro votou a favor de arquivamento de denúncias contra TemerQuando deputado, atual presidente votou contra os relatórios que suspendiam investigações contra seu antecessorCircula nas redes sociais foto do presidente Jair Bolsonaro (PSL) acompanhada de texto dizendo que ele votou ""contra o impeachment"" do ex-presidente Michel Temer (MDB). Por meio do projeto de verificação de notícias, usuários do Facebook solicitaram que esse material fosse analisado. Confira a seguir o trabalho de verificação da Lupa:""Será que dá para apagar aquele vídeo que votei contra o impeachment do Temer (...)""Texto em imagem publicada no Facebook, que até as 17h do dia 25 de março de 2019, havia sido compartilhada 4,6 mil vezesFALSOAo longo de seus dois anos e meio de mandato, Michel Temer (MDB) não chegou a ser alvo de um processo de impeachment. Ele foi, na verdade, denunciado por crime de corrupção passiva duas vezes, por parte da Procuradoria-Geral da República (PGR). Nesse caso, pela legislação, Temer deveria ser afastado da presidência para que o julgamento prosseguisse, mas o afastamento precisaria ser autorizado pela Câmara. Nas duas ocasiões, o plenário da Casa votou contra a aceitação da denúncia, mas Jair Bolsonaro (então deputado federal pelo PSC-RJ) votou a favor do prosseguimento.A primeira denúncia foi apresentada no dia 26 de junho de 2017 pelo procurador-geral à época, Rodrigo Janot. A comissão que analisou o caso apresentou parecer indeferindo a ação. O parecer foi votado em plenário no dia 2 de agosto. Bolsonaro votou contra o indeferimento, ou seja, a favor do prosseguimento da ação. O parecer, no entanto, foi aprovado por 267 votos a 227, livrando Temer do processo.Um mês depois dessa votação, em 14 de setembro de 2017, o ex-presidente foi denunciado pela segunda vez. Novamente, uma comissão analisou o caso e votou pelo indeferimento da ação. Bolsonaro, mais uma vez, votou contra o indeferimento e, assim como na votação anterior, o parecer foi aprovado, desta vez por 251 votos a 233.""(...) E o outro que eu dizia que era um crime uma pessoa se aposentar somente aos 65 anos de idade?""Texto em imagem publicada no Facebook, que até as 17h do dia 25 de março de 2019, havia sido compartilhada 4,6 mil vezesVERDADEIRO, MASEm discurso feito quando ainda era deputado federal, Bolsonaro declarou o seguinte: ""A expectativa de vida no Nordeste está na casa dos 70 anos. Querer aprovar uma reforma com 65 anos [como idade mínima para aposentadoria], é, no mínimo, uma falta de humanidade. Querer uma contribuição de 49 anos, isso é um crime."" Ele comentava a proposta de reforma da previdência do então presidente Michel Temer, a PEC 287/2016, que estabelecia, inicialmente, idade mínima de 65 anos e 49 anos de contribuição para receber a aposentadoria integral. Durante a tramitação do projeto, o limite de idade foi reduzido para 62 anos para mulheres e a contribuição mínima para aposentadoria integral passou para 40 anos. A PEC 6/2019, apresentada pelo poder Executivo em fevereiro, prevê uma idade mínima de 62 anos para mulheres, 65 anos para homens e aposentadoria integral após 40 anos de contribuição.Nota: esta reportagem faz parte do projeto de verificação de notícias no Facebook. Dúvidas sobre o projeto? Entre em contato direto com o Facebook.Editado por: Natália Leal"	1
4	"Com base no texto do site de checagem, a informação falsa que foi desmentida é:  **""Uma eleitora do PT teria sido expulsa de um avião após agredir uma comissária de bordo e discutir com apoiadores do candidato do PSL à Presidência Jair Bolsonaro (PSL).""**  O texto afirma explicitamente que o vídeo viralizou de um episódio ocorrido no dia 5 de outubro e que não há relação com a alegação de agressão e discussão. "	" #Verificamos: Mulher não foi expulsa de voo comercial por questões eleitoraisVídeo que viralizou não é de hoje. Foi gravado do último dia 5 de outubro. Veja a checagem na íntegraCircula nas redes sociais um vídeo acompanhado da informação de que uma eleitora do PT teria sido expulsa de um avião após agredir uma comissária de bordo e discutir com apoiadores do candidato do PSL à Presidência da Presidência Jair Bolsonaro (PSL). Por meio do projeto de verificação de notícias, usuários do Facebook solicitaram que esse material fosse analisado. Confira a seguir o trabalho de verificação da Lupa:""Eleitora do PT dá tapa na aeromoça por conta dos passageiros cantarem a música do Mito!""Título de vídeos que circulam nas redes sociais (aqui, aqui, aqui e aqui), que já tinham mais de 100 compartilhamentos às 16h20 deste domingo, 7 de outubro de 2018FALSOO vídeo que viralizou nas redes sociais é de um episódio que ocorreu no último dia 5 - não neste domingo (7) - e também não há qualquer relação dele com o PT ou com o candidato do PSL à Presidência da República, Jair Bolsonaro. De acordo com reportagem publicada no portal G1, uma mulher foi retirada de um voo que ia de Goiânia para São Paulo por ""se recusar a despachar bagagem, desrespeitar a tribulação e causar tumulto dentro da aeronave"". Diversos passageiros filmaram a ação da Polícia Militar. No dia seguinte, em entrevista à TV Anhanhanguera, a mulher afirmou que iria ""tomar providências"".Verificação semelhante foi feita pelo site Boatos.org. *Nota: esta reportagem faz parte do projeto de verificação de notícias no Facebook. Dúvidas sobre o projeto? Entre em contato direto com o Facebook.Editado por: Cristina Tardáguila e Chico Marés"	1
5	"Com base no texto fornecido do site de checagem, a informação falsa que foi encontrada e desmentida é:  **""Os advogados da família do assaltante morto pela mãe-PM, que foi assassinado no último sábado (12), solicitaram ao Ministério Público de São Paulo, a prisão preventiva da policial que atirou no suspeito à queima roupa""**  O texto confirma que o Ministério Público de São Paulo informou que **nenhum procedimento** foi iniciado com base nessa solicitação. "	" #Verificamos: Família de assaltante morto em SP não pediu prisão de mãe-PMNotícia com mais de 900 interações no FB também erra ao dizer que corregedoria já instaurou apuração internaCircula no Facebook nesta sexta-feira (18) a ""notícia"" de que os advogados da família do assaltante que foi morto por uma policial militar em São Paulo na porta de uma escola solicitaram a prisão preventiva dela ao Ministério Público. A mesma ""notícia"" também informa que a Corregedoria Interna da PM instaurou uma apuração para verificar se existiu crime na ação. As duas informações são falsas. Confira a análise:""Os advogados da família do assaltante morto pela mãe-PM, que foi assassinado no último sábado (12), solicitaram ao Ministério Público de São Paulo, a prisão preventiva da policial que atirou no suspeito à queima roupa""Texto que foi publicado no site TopFiveTV e que tinha 983 interações até as 21h15 do dia 15 de maioFALSOO Ministério Público de São Paulo informa, por e-mail, que nenhum procedimento relativo ao caso foi registrado no órgão até a manhã desta sexta-feira (18).Ainda vale ressaltar que a imagem utilizada pela reportagem é uma montagem de duas fotografias. A foto do lado direito é um frame de vídeo da câmera de segurança que gravou a ação da policial em São Paulo. A foto do lado esquerdo foi retirada de uma outra reportagem do jornal Correio Popular, de Campinas, que noticiou a prisão de uma foragida da justiça - alguém sem relação alguma com o caso de São Paulo.Por fim, vale ressaltar que o termo ""direitos humanos"", utilizado no título da reportagem, é um conceito amplo. E que, ao longo de todo o texto, nenhuma instituição que se defina como defensora desses direitos foi citada.""Segundo os advogados, a PM-mãe deve ser autuada por homicídio cruel e sem possibilidade de defesa para a vítima, pois teria se excedido na reação""Texto publicado no site TopFiveTV com 983 interações até as 21h15 do dia 15 de maioFALSODe acordo com o artigo 121 do Código Penal, o termo ""homicídio cruel"" não é utilizado como classificação dos tipos de homicídios. Porém, ainda de acordo com o Código Penal, caso a ação utilize de ""meio insidioso ou cruel"", o homicídio passa a ser considerado qualificado - o que faz com que a pena de reclusão possa ser agravada (elevada).Mesmo assim, de acordo tanto com a Polícia Militar quanto com o Ministério Público, até a manhã desta sexta-feira (18) não existia nenhuma ação no sentido de enquadrar a policial em nenhuma dessas classificações.""A PM disse que a Corregedoria Interna instaurou apuração para verificar se houve a prática de crime militar e transgressão disciplinar""Texto publicado no site TopFiveTV com 983 interações até as 21h15 do dia 15 de maioFALSOEm nota, a Secretaria de Segurança Pública e a Polícia Militar de São Paulo afirmam que as ""informações passadas pela reportagem não procedem"". De acordo com a PM, o inquérito policial segue em andamento na Delegacia de Homicídios e de Proteção à Pessoa (DHPP) de Mogi das Cruzes. Portanto, a corregedoria interna não instaurou nenhuma apuração até o momento. A arma utilizada pelo assaltante foi apreendida e enviada para o Instituto de Criminalística para perícia.*Nota: esta checagem faz parte do projeto deverificação de notíciasno Facebook.*Dúvidas sobre o projeto? Entre em contato direto com o Facebook.(Plínio Lopes, especial para a Lupa, sob supervisão de Clara Becker)Editado por: Cristina Tardáguila"	1
6	"Com base no texto do site de checagem fornecido, a informação falsa que foi encontrada e desmentida é:  **""Vila na Itália oferece 2 mil euros para quem quiser se mudar para lá""**  O texto explica que essa afirmação, que circulou online e foi compartilhada no Brasil, é falsa e foi confirmada pelo próprio prefeito da cidade de Bormida. "	" #Verificamos: Vila na Itália não oferece 2 mil euros para quem quiser se mudar para lá Notícia publicada em 2017 voltou a circular no Facebook e já tem mais de 207 mil interações na redeVoltou a circular no Facebook a ""notícia"" de que o prefeito da cidade italiana de Bormida, que teria apenas 349 habitantes, está oferecendo 2 mil euros a qualquer um que tenha interesse em se mudar para lá. A informação surgiu na internet pela primeira vez em maio de 2017, tendo sido compartilhada inclusive por meios de comunicação do Brasil, mas é falsa - diz o próprio prefeito. Por meio do projeto de verificação de notícias do Facebook, usuários da plataforma denunciaram links contendo essa ""notícia"" e solicitaram que sua veracidade fosse checada. Confira a seguir o trabalho feito pela Lupa, em parceria com o site italiano de checagens Pagella Politica, membro da International Fact-checking Network (IFCN).""Vila na Itália oferece 2 mil euros para quem quiser se mudar para lá""Título de postagem feita por ao menos oito sites brasileiros e que, até as 15h do dia 7 de junho de 2018, já tinha mais de 207 mil interações no FacebookFALSOEm maio de 2017, o jornal Il Secolo XIX, baseado na região da Ligúria, publicou uma reportagem informando que o prefeito de Bormida, Daniele Galliano, estava disposto a repovoar seu pequeno município, ajudando financeiramente quem quisesse se mudar para lá. O texto não destacou, no entanto, que o projeto era exclusivamente para cidadãos italianos e que a quantia de 2 mil euros ainda era uma ideia - não um fato concreto.A notícia deturpada rodou o mundo e deu muita dor de cabeça a Galliano. À BBC, o prefeito contou que recebeu 17 mil contatos via Facebook e que atendeu a uma série de telefonemas. O impacto da informação equivocada foi tanto que Galliano precisou recorrer à agência italiana de notícias Ansa para tentar desmentir mundialmente a ""notícia"". ""Ajudem-nos. Não podemos responder todos. Precisamos explicar que, em Bormida, não damos 2 mil euros nem trabalho para quem vier morar aqui"", desabafou. ""Nos telefonam de todo o mundo. Nos escrevem de jornais internacionais e de canais de TV de toda a Europa. Infelizmente, a notícia está errada"".Não suficiente, Galliano foi às redes sociais. No Facebook, escreveu: ""Este será o meu último post (sobre o assunto) e espero conseguir esclarecer (...) A notícia foi feita de forma errada e atingiu um público mundial. A Itália é um país maravilhoso, mas, como outros em crise econômica, (...) não consegue ajudar todos"".No Brasil, em 2017, a ""notícia"" sobre a oferta de Bormida foi publicada por veículos de comunicação como IstoÉ, UOL, O Povo e Época Negócios. Nos últimos dias, voltou ao Facebook com postagem do site Jornal da Ciência.Leia a checagem italiana aqui.*Atualização às 00h22 do dia 13 de junho de 2016: o site da Exame, que havia republicado essa notícia e sido checado pela Lupa, entrou em contato, informando da correção feita no título e no corpo da reportagem.*Nota: esta checagem faz parte do projeto de verificação de notícias no Facebook.*Dúvidas sobre o projeto? Entre em contato direto com o Facebook.Editado por: Chico Marés e Clara Becker"	1
7	"Com base no texto da notícia de checagem, a informação falsa que está sendo desmentida é:  **""É #FAKE que CNH digital some automaticamente quando o condutor atinge 20 pontos""**  O texto explica que essa afirmação é falsa, pois o Ministério das Cidades esclarece que tanto a CNH digital (CNH-e) quanto a versão impressa do documento permitem ""ampla defesa do condutor antes de haver a suspensão do direito"". "	"""É #FAKE que CNH digital some automaticamente quando o condutor atinge 20 pontos""Gravação viralizada recomenda ainda que motorista não baixe versão eletrônica da Carteira Nacional de Habilitação (CNH). Ministério das Cidades diz que documentos digital e impresso dão ampla defesa ao condutor. Um áudio compartilhado em aplicativos de mensagens afirma que a CNH eletrônica (CNH-e), ou CNH digital, some automaticamente quando o condutor atinge 20 pontos. Assim, o motorista perde o documento mais rapidamente. Não é verdade.Em nota enviada ao G1, a assessoria de imprensa do Ministério das Cidades diz que a CNH eletrônica e a versão impressa do documento adotam o mesmo procedimento administrativo e permitem ""ampla defesa do condutor antes de haver a suspensão do direito"".""O referido áudio é falso, podendo ser considerado pelas terminologias atuais como ""fake news"", pois é revestido de factoides que podem levar o cidadão de bem a acreditar que a solução tecnológica CNH Eletrônica (CNH-e) possa trazer problemas, em vez de solução"", diz trecho da nota.O aplicativo da CNH Digital está disponível para Android e iOS e foi lançado pelo Departamento Nacional de Trânsito (Denatran), que é ligado ao Ministério das Cidades. Desde abril deste ano, a versão digital está disponível em todo o país.A nota da assessoria de imprensa lembra ainda que ""a CNH-e é a forma digital da Carteira Nacional de Habilitação e possui a mesma validade e o mesmo valor jurídico do modelo impresso"".Citado no áudio, o Detran do RJ enviou uma nota na qual reforça que não há distinção entre a CNH Digital e a CNH tradicional. O procedimento é o mesmo para ambos documentos, conforme diz o texto:O Denatran diz que a cobrança de possíveis taxas para emissão da CNH digital fica a cargo dos Departamentos Estaduais de Trânsito (Detrans). São eles que determinam atualmente os valores das taxas da CNH impressa, que variam de estado para estado. Em São Paulo, por exemplo, a CNH-e foi lançada gratuitamente.A CNH digital só pode ser emitida para quem tem a nova CNH, com QR Code, um código específico para ser lido por aparelhos eletrônicos. Ele existe na parte interna das carteiras de habilitação emitidas desde maio do ano passado. Quem tem a versão antiga precisará pedir uma segunda via ou renovar a impressa para, então, solicitar a digital. Não é necessário esperar a CNH vencer para renová-la.Fato ou Fake está nas redes sociais e no WhatsApp; saiba como acessar e tirar dúvidas. "	1
8	"Com base no texto fornecido, a informação falsa que está sendo desmentida é:  **""As imagens foram apreendidas em poder de milicianos durante uma operação policial.""**  O texto deixa claro que a assessoria do governador Pezão e a própria assessoria do governo negam essa informação, afirmando que o vídeo foi gravado em outra circunstância, com o governador aceitando carona de desconhecidos. "	"""É #FAKE que vídeo em que Pezão pega carona em carro foi apreendido com milicianos em operação policial ""Segundo a assessoria do governador, é mentira que o vídeo foi apreendido em operação policial. Uma mensagem que circula na internet junto a um vídeo que mostra o governador do Rio de Janeiro, Luiz Fernando Pezão, de carona num carro diz que as imagens foram apreendidas em poder de milicianos durante uma operação policial. A mensagem é #FAKE.O vídeo é verdadeiro, como a assessoria de Pezão confirma, mas a informação de que as imagens foram apreendidas durante operação policial é falsa, assim como não se sustenta a acusação de que os homens são milicianos.O vídeo que circula pelas redes sociais mostra o governador de carona num carro com três homens. Pezão está no banco de trás. A assessoria do governo afirma que o vídeo foi gravado no último sábado em Piraí, no Sul do estado, onde Pezão tem uma casa. A assessoria do governador diz que ele aceitou carona de desconhecidos.Nas redes sociais, comenta-se que o vídeo foi apreendido em poder de milicianos, mas a assessoria do governador nega os relatos e diz que a informação de que o vídeo foi apreendido numa operação policial é mentirosa.Nesta quinta-feira (16), o dono do bar Rei do Torresmo, em Piraí, Luiz Geraldo, disse que Pezão esteve no local no sábado. O G1 conversou com Greidomar Soares dos Santos, que dirigia o carro e confirmou que deu carona para o governador. Ele afirmou que é motorista de uma empresa terceirizada da Petrobras e informou as profissões dos colegas.Greidomar disse que o vídeo foi gravado no último sábado, por volta de meio-dia. Ele contou que mora em Pinheiral e que tinha ido a Piraí visitar amigos que moram em um sítio. Na volta, combinou de buscar a mulher na rodoviária e passou em frente à casa do governador.""Ele estava na calçada da casa dele. Brincamos e gritamos botafoguense, e ele pediu carona até o bar do Torresmo. Era caminho pra rodoviária"", disse Greidomar.No caminho, o amigo, que estava sentado no banco da carona, resolveu gravar o vídeo. ""Era um caminho de um quilômetro e meio mais ou menos. No interior, é comum a gente dar carona para quem está passando na rua. O segurança dele até viu o governador entrando no carro"", comentou.Greidomar também disse que um dos amigos enviou o vídeo a um grupo do WhatsApp, mas não imaginou que ele ia viralizar nem sabe quem foi a pessoa que disse que eles têm ligação com a milícia.""Não conheço ninguém da milícia. Foi uma manipulação, é mentira. Por ele ser um cara conhecido, querem prejudicar a imagem dele, aproveitando as eleições"", disse. O autor do vídeo, do banco de carona, segundo ele, chamado Nelson Wallace, trabalha na área de construção civil e o que aparece no banco de trás, ao lado do governador, Anderson Daniel da Silva, é açougueiro e músico.Questionado sobre o vídeo, Pezão confirma que pegou carona no último sábado em Pinheiral, no Sul fluminense, e diz que os homens não faziam parte de nenhum grupo paramilitar. ""Preconceito"", afirma.Segundo ele, o mais ""difícil é acreditar que um governador anda pela rua e pede carona para ir para o bar"".A Polícia Civil diz que os homens que aparecem no vídeo foram até a 101ª Delegacia de Pinheiral na noite de quarta-feira (15), receberam orientação, mas ainda não registraram o boletim de ocorrência porque ficaram de decidir que providências irão tomar. De acordo com a polícia, eles ficaram de retornar à DP. Se for feito o boletim, de acordo com a polícia, será provavelmente por injúria. "	1
9	"Com base no texto fornecido do site de checagem, a informação falsa que foi desmentida é:  **""Mourão também propõe confisco da poupança""**  O texto explica que a postagem original, com esse título, não contém nenhuma informação que sugira a proposta de confisco da poupança. O conteúdo da postagem trata de um evento da Câmara de Dirigentes Lojistas de Uruguaiana, onde Mourão falou sobre outros temas, sem mencionar a poupança. "	"""É #FAKE que candidato a vice de Bolsonaro propôs confisco da poupança""Postagem tem bombado na web. Proposta não foi feita por general Mourão. Uma postagem com o título ""Mourão também propõe confisco da poupança"" tem bombado na web. A publicação, que tem mais de 30 mil compartilhamentos, porém, é #FAKE.Apesar do título, o conteúdo do postagem, feita no último dia 28 de setembro no Blog da Cidadania, não traz qualquer informação neste sentido. O texto faz menção à participação de Mourão em evento da Câmara de Dirigentes Lojistas de Uruguaiana, no Rio Grande do Sul (RS), onde o candidato a vice-presidente na chapa de Jair Bolsonaro (PSL) falou sobre temas como 13° salário, abono de férias e renegociação da dívida pública. Mourão não fez, entretanto, qualquer referência à poupança.Nos vídeos do evento que mostram a íntegra do discurso de Mourão, disponíveis na internet, há apenas um referência do general à poupança - e não em contexto que envolva confisco. ""Nós somos um país de poupança baixa, o brasileiro poupa pouco. Nós somos muito mais cigarras que formigas. Portanto o capital custa caro no país"", disse o general ao comentar o tripé macroeconômico.No evento, Mourão classificou o pagamento do 13° salário e abono de férias como jabuticabas brasileiras. ""Temos algumas jabuticabas que a gente sabe que é uma mochila nas costas de todo empresário. Jabuticabas brasileiras: 13° salário. Se a gente arrecada 12 (meses), como é que nós pagamos 14? É complicado"", afirmou o general.Após as primeiras reportagens sobre o assunto surgirem, o candidato Jair Bolsonaro desautorizou as críticas do vice, mas sem citá-lo. ""O 13º salário do trabalhador está previsto no art. 7º da Constituição em capítulo das cláusulas pétreas (não passível de ser suprimido sequer por proposta de emenda à Constituição). Criticá-lo, além de uma ofensa à quem trabalha, confessa desconhecer a Constituição"", disse o candidato.A reportagem da ""Folha de S.Paulo"" sobre o assunto, citada pelo blog como fonte das informações, também não tem qualquer registro de comentário de Mourão sobre o assunto. Reportagens de outros veículos que noticiaram o evento, como o Jornal ""O Globo"", também não trazem qualquer menção ao assunto. "	1
10	"Com base no texto da notícia de checagem, a informação falsa que está sendo desmentida é:  **""É #FAKE que fotos de estrutura em má conservação são da Ponte Rio-Niterói""**  O texto explica que as fotos mostradas nas redes sociais, que alegavam que a Ponte Rio-Niterói estava em má conservação, na verdade, são de outras pontes:  *   **Ponte Pedro Ivo e Colombo Salles** em Florianópolis. *   Uma ponte na **Itália**.  Portanto, a notícia de checagem está desmentindo a atribuição incorreta dessas fotos à Ponte Rio-Niterói."	"""É #FAKE que fotos de estrutura em má conservação são da Ponte Rio-Niterói""Mensagens têm circulado nas redes sociais uma semana após acidente na Itália que deixou dezenas de mortos. Imagens mostradas são de outros locais.   Após o desabamento da Ponte Morandi deixar 43 mortos na semana passada, em Gênova, na Itália, imagens acompanhadas de uma mensagem alarmista sobre um possível estado de má conservação da Ponte Rio-Niterói começaram a circular nas redes sociais. O texto, entretanto, é #FAKE.Ao menos cinco fotos atribuídas à ponte sobre a Baía de Guanabara mostram estruturas de concreto deterioradas, com trechos desgastados e corroídos. As imagens são verdadeiras, mas retratam duas pontes em Florianópolis e uma na Itália.Quatro das cinco fotos que circulam são, na verdade, as pontes Pedro Ivo e Colombo Salles, em Florianópolis, que ligam a Ilha de Santa Catarina ao continente. Elas foram publicadas entre 2011 e 2014 pelo jornal ""Notícias do Dia"", da capital catarinense, em reportagens sobre as licitações de obras de manutenção das construções.A quinta foto que circula como se fosse da Rio-Niterói é de uma ponte em Ripafratta, na cidade italiana de San Giuliano Terme. A imagem foi publicada pela primeira vez em um artigo sobre degradação do concreto armado em um site italiano de engenharia. A foto também circulou na Itália atribuída à ponte de Gênova que desabou, mas foi desmentida por veículos de checagem do país.A manutenção das pontes de Florianópolis virou caso de Justiça. Em 2014, o Departamento Estadual de Infraestrutura (Deinfra), responsável pela manutenção das estruturas, apresentou relatórios que apontavam o mau estado de conservação das pontes e, desde aquele ano, o Ministério Público do estado vem cobrando na Justiça o início das obras.A Ponte Pedro Ivo, inaugurada em 1975, e a Colombo Salles, em 1991, nunca passaram por grandes reformas. O governo chegou a fazer licitações para as obras, que nunca tiveram início. No mais recente episódio, o Tribunal de Contas do Estado de Santa Catarina chegou a barrar um dos certames realizados pelo governo por irregularidades. O órgão autorizou, no início deste mês, a retomada da licitação após adequações.A Ecoponte, que gerencia a Rio-Niterói, também nega que as fotos sejam da estrutura fluminense, e acrescenta que a ponte passa por ""rigoroso controle de monitoramento e inspeção"". Não é a primeira vez que a via que liga o Rio a Niterói é alvo de mensagens falsas. Uma foto que circulou em maio do ano passado levantava suspeitas sobre espaços entre as estruturas de concreto da construção. Contudo, trata-se de vãos previstos no projeto justamente para evitar desgaste.Em nota, o Deinfra admite que as pontes Colombo Salles e Pedro Ivo precisam ser recuperadas e informa que o governo do estado ""está trabalhando para que a recuperação seja feita"", mas acrescenta que o parecer técnico realizado a pedido do órgão conclui que não há problema estrutural nem de risco de colapso nas pontes.""A obra de recuperação está contratada e a supervisão está em fase de contratação. O governo do Estado pleiteia o financiamento da obra de recuperação das pontes no BNDES. O projeto já foi enquadrado e aguarda o prosseguimento dos trâmites legais"", afirma o Deinfra. "	1
11	"Com base no texto do site de checagem, a informação falsa que foi encontrada e desmentida é:  **""Supermercados Guanabara."" anunciou no Facebook postos de emprego para as lojas da rede.""**  O texto explica que a página mencionada não é oficial e que os anúncios de emprego são falsos, originados de uma página com um nome incorreto (""Supermercados Guanabara."" em vez de ""Supermercados Guanabara""). "	"""É #FAKE página que promove suposto processo seletivo dos Supermercados Guanabara""Página não faz parte dos canais oficiais da empresa, que utiliza o site para receber currículos. Uma página intitulada ""Supermercados Guanabara."" anunciou no Facebook postos de emprego para as lojas da rede. Segundo as mensagens, após as inscrições, o processo estava marcado para ocorrer na próxima sexta-feira. As publicações, no entanto, são #FAKE.Os anúncios se referem a diversas ocupações, como segurança, auxiliar de serviços gerais, operador de caixa, açougueiro e estoquista. Ao clicar na opção ""candidatar-se a esta vaga"", o usuário é redirecionado para uma página em que deve confirmar nome, telefone, e-mail, experiência e formação.No entanto, a página oficial do mercado no Facebook se chama ""Supermercados Guanabara"", sem o ponto final que existe na versão falsa. Em nota, a empresa esclarece que não utiliza o Facebook para prospectar funcionários, e que o site é o único meio oficial de cadastro de currículos.""A rede de Supermercados Guanabara esclarece que não haverá nenhum processo seletivo na próxima sexta-feira, 05 de abril. Reforça ainda que cadastros de currículos só podem ser realizados no site oficial da empresa (www.supermercadosguanabara.com.br)"", diz o texto.Não é a primeira vez que uma página falsa é criada para anunciar supostas vagas no Guanabara. Em dezembro do ano passado, ""RH Supermercados Guanabara"" também se passou por canal oficial da rede. A página segue no ar. "	1
12	"Com base no texto da notícia de checagem fornecido, a informação falsa que foi identificada e desmentida é:  **""É #FAKE que piauiense é a primeira mulher negra diplomata do Itamaraty""**  O texto explica que, apesar da nomeação de Luana Alessandra Rödder, já existiam embaixadoras negras no quadro diplomático brasileiro, e que ela não era a primeira. "	"""É #FAKE que piauiense é a primeira mulher negra diplomata do Itamaraty""Diplomatas negras já ocuparam quadro antes de Luana Alessandra Roeder. Um texto compartilhado por várias páginas nas redes sociais gerou confusão ao afirmar que a piauiense Luana Alessandra Roeder era a primeira mulher negra diplomata do Itamaraty. Na realidade, já há embaixadoras negras no quadro diplomático brasileiro. A mensagem é #FAKE.Luana Roeder assumiu o cargo no dia 15 de janeiro deste ano com o grupo aprovado no ""Concurso de Admissão à Carreira de Diplomata de 2017"", realizado pelo Ministério das Relações Exteriores. Na ocasião, a pasta afirmou que esses aprovados representavam todas as regiões do país e este era um recorde no percentual de mulheres aprovadas.Procurado, no entanto, o Itamaraty negou que Luana seja a primeira mulher negra diplomata. Segundo a assessoria de imprensa do órgão, há inclusive embaixadoras negras no quadro diplomático. Na foto da posse dos candidatos aprovados no mesmo concurso de Admissão à Carreira de Diplomata que Luana, compartilhada pelo Itamaraty no Twitter, é possível ver outra mulher negra participando da cerimônia.O Itamaraty informou que não há uma estatística de quantos negros trabalham na pasta porque não há um formulário perguntando sobre a cor da pele dos funcionários, mas os concursos para diplomatas realizados pelo órgão têm cotas para negros desde 2011.Desde 2002, o Itamaraty também oferece um sistema de bolsas para negros. O candidato recebe uma bolsa de estudos para se preparar para as provas e depois presta o concurso em igualdade de condições.Em 2011, ""O Globo"" noticiou a morte da diplomata Milena Oliveira de Medeiros por malária na Guiné Equatorial, durante viagem a trabalho. "	1
13	"Com base no texto do site de checagem, a informação falsa que foi encontrada e desmentida é:  **""É falsa informação de que Dinamarca tem meta para ser 100% orgânica até 2020.""**  O texto detalha que essa informação circulou nas redes sociais após uma polêmica relacionada a um projeto de lei sobre agrotóxicos, e que a verificação confirmou que essa afirmação era falsa. A Dinamarca não tem essa meta de ser 100% orgânica até 2020. "	" #Verificamos: é falsa informação de que Dinamarca tem meta para ser 100% orgânica até 2020Notícias passaram a circular depois de polêmica relacionada a projeto de lei que muda o uso de agrotóxicos no BrasilCircula nas redes sociais uma série de ""notícias"" de que, até 2020, a Dinamarca será o primeiro país a ter uma agricultura totalmente orgânica. Por meio do projeto de verificação de notícias, usuários do Facebook solicitaram que essas informações fossem checadas. Confira a seguir a análise da Lupa:""A Dinamarca se tornará, até 2020, o primeiro país do mundo com produção de alimentos 100% orgânica"" e""A Dinamarca estabeleceu a meta de se tornar o primeiro país do mundo totalmente orgânico até 2020""Informações disseminadas por postagens feitas pelos sites EuSemFronteiras, Agroplural, Animaisecompanhia e Anda.jor, que, até as 15h do dia 19 de julho de 2018 tinham mais de 4,3 mil interações no FacebookFALSOEm 2015, o Ministério da Comida, Agricultura e Pesca da Dinamarca lançou o Plano de Ação de Orgânicos para o país. A meta da política pública é duplicar a área de cultivo orgânico até 2020. Isso quer dizer que o objetivo do governo é que a produção livre de agrotóxicos passe de 9% para 18%, bem longe dos 100% noticiados pelos sites analisados. Como parte do projeto, as escolas, os hospitais e os restaurantes públicos dinamarqueses passaram a priorizar os produtores de orgânicos em suas compras.Em 2017, a Dinamarca foi o país com o maior consumo proporcional de alimentos biológicos, com 9,6% de toda a comida vendida no país sendo de origem orgânica. A informação é do Conselho de Comida e Agricultura dinamarquês, que representa o setor no país. Ao longo da realização desta checagem, a Lupa localizou ainda uma série de postagens com o seguinte título: ""Dinamarca será o primeiro país do mundo 100% orgânico até 2020"". É o caso dos sites bemblogado, vivagreen, sabervivermais, suburbanodigital, smartcitylaguna, lusopt, ogritodobicho2, cantuemfoco, capitanbado e boaspraticasfarmaceuticas. Juntos, até a tarde de 19 de julho, eles já tinham mais de 400 mil interações no Facebook.Essas páginas, no entanto, equivocaram-se apenas ao escolher essa frase para manchetar a informação. No corpo de suas postagens, informaram corretamente sobre o processo em marcha na Dinamarca.No dia 9 de julho, o jornal Folha de S.Paulo publicou uma reportagem desconstruindo a ideia de que a Dinamarca seria 100% orgânica até 2020. Leia aqui. O mesmo foi feito pela Gazeta do Povo no dia seguinte. Veja aqui.*Nota: esta reportagem faz parte do projeto de verificação de notícias no Facebook. Dúvidas sobre o projeto? Entre em contato direto com o Facebook.Editado por: Cristina Tardáguila e Chico Marés"	1
14	"Com base no texto da checagem da Aos Fatos, podemos identificar a seguinte informação falsa:  **""Uma nuvem negra paira sobre nós""** - A fala do diretor da IFCN, Alexios Mantzarlis, é o foco da informação falsa. O texto sugere que essa declaração indica uma situação preocupante para a Aos Fatos e para a comunidade de fact-checkers em geral.  **Justificativa:**  O texto não apresenta uma informação factual diretamente desmentida. Em vez disso, ele destaca uma declaração controversa feita por um especialista, que é apresentado como um ""alerta para tempos difíceis"". A implicação é que essa declaração, e a situação que a gerou, são problemáticas para a Aos Fatos.  **Observação:**  É importante notar que a tarefa de extração de notícias falsas em checagens de sites pode ser complexa. Em alguns casos, a ""falsidade"" pode residir na interpretação ou no contexto da informação, e não na informação em si. "	"Aos Fatos faz três anos com três novidades na mangaAos Fatos faz três anos com três novidades na mangaTwitterFacebookE-mailWhatsAppAos Fatos faz três anos com três novidades na mangaPor Tai Nalon 7 de julho de 2018, 02h00TwitterFacebookEmailWhatsAppHá três anos, Aos Fatos ia ao ar com a ambição de restabelecer o diálogo perdido entre leitores e políticos ao separar fato de ficção no discurso público. Nesse período, a equipe cresceu de dois para dez colaboradores; de zero para mais de 1.500 checagens publicadas; de zero para três principais fontes de financiamento. Entretanto, o saldo neste 7 de julho de 2018 ainda é preocupante.Como disse em junho passado o diretor da IFCN (International Fact-Checking Network), Alexios Mantzarlis, ""uma nuvem negra paira sobre nós"". A fala do diretor da entidade norte-americana que agrega checadores do mundo inteiro servia de alerta para tempos difíceis: ""o descontentamento e a desconfiança que atormentam a mídia tradicional estão atingindo os checadores"". Não só no Brasil, mas também em outros países, esta técnica jornalística que se presume isenta e plural tem sido alvo de ataques de políticos e de extremistas de ambos os lados do espectro político. A preocupação é única: anular de maneira irreversível aquela tentativa de diálogo preconizada na criação do Aos Fatos.A crescente radicalização não impediu que o número de iniciativas de checagem de fatos crescesse. Até fevereiro deste ano, de acordo com o Reporters Lab da Universidade Duke, nos Estados Unidos, havia 149 projetos de checagem ativos em 53 países - o triplo em relação há quatro anos.Grandiosos, os números são cortina de fumaça para uma atividade tanto necessária quanto pouco rentável. No mês passado, encontraram-se em Roma 42 plataformas de checagem de todos os continentes. Todavia, 26 delas operaram em 2017 com um orçamento abaixo de US$ 100 mil (cerca de R$ 386 mil). Aos Fatos é uma dessas iniciativas.A fragilidade financeira dessas plataformas não impediu que elas fossem alçadas à presunçosa função de arbitrar a verdade factual nas redes sociais. Também não foi entrave para que assumissem protagonismo político na luta contra uma das epidemias do nosso tempo histórico: a da desinformação. Assim, criou-se um problema de assimetria entre o ofício e a expectativa em torno dele.Na Europa, mesmo subfinanciados e sobrecarregados, checadores de fatos foram instados a cooperar em reuniões de alto nível para estabelecer diretrizes de combate a boatos inflados pelas redes sociais. Já no Brasil, viraram alvo do ódio de políticos cujos vencimentos anuais superam com folga os supracitados US$ 100 mil.Em vez de construir políticas públicas de ampliação do acesso à informação e à educação para a mídia, legisladores têm preferido usar seus mais de R$ 400 mil anuais para agendar reuniões, audiências e sessões que defendem a intimidação de jornalistas, a violação da liberdade de expressão e a criminalização da produção de notícias falsas. As eleições deste ano devem impor uma folga à sanha autoritária de alguns projetos de lei que tentam resolver o problema da desinformação, mas o assunto não morrerá com o fechamento das urnas.Ao completar esses intensos três anos de história, Aos Fatos prega serenidade. Esta plataforma pretende fazer sua parte e construir estratégias transformadoras para uma sociedade bem informada. Não há mistério: a ideia é aliar jornalismo, tecnologia e educação para, passadas as eleições, investir em tecnologia educacional para a mídia, por meio de publicações digitais, aplicativos, plug-ins e robôs educativos. Aos Fatos acredita que só com a tecnologia é possível municiar jovens com as melhores ferramentas de identificação de conteúdo confiável. Este site está aberto a parcerias nesse sentido.Antes de tantos planos para o futuro, porém, vamos aos fatos? O título deste texto promete três novidades em comemoração aos três anos deste site. Nesta e nas próximas três semanas, Aos Fatos deve publicar nas redes uma série de iniciativas cujo objetivo é promover transparência e ampliar o nosso alcance. Veja, abaixo, quais são elas.1. @fatimabotNa próxima semana, a @fatimabot, a robô checadora do Aos Fatos no Twitter, sairá de sua fase beta. O aplicativo mapeia na rede social links com conteúdo checado e cadastrado por Aos Fatos num banco de dados de notícias falsas ou distorcidas. Ao identificar a URL (endereço do site) desse conteúdo problemático, @fatimabot dispara uma resposta para o perfil que compartilhou a URL com o link para a informação correta: a checagem do Aos Fatos. Desse modo, todos aqueles usuários do Twitter que foram expostos a uma informação falsa também terão acesso à informação verificada.A iniciativa, mesmo em fase de teste, já tem resultados relevantes. Até este 7 de julho, em menos de um mês, @fatimabot havia detectado a distribuição de 625 links com notícias falsas. Ao menos 30 usuários deletaram o tweet com a informação falsa como resultado do alerta emitido pela robô. Há até mesmo usuários satisfeitos com o alerta.2. Manual Aos Fatos de ChecagemProduzido pela equipe de editores do Aos Fatos, o Manual Aos Fatos de Checagem é a primeira edição do nosso manual de redação e será lançado nas próximas semanas. A publicação será digital, de livre distribuição e trará dezenas de páginas explicativas com todos os procedimentos adotados pela equipe editorial do Aos Fatos ao checar uma informação. O objetivo é tornar a rotina da redação deste site mais clara para o nosso leitor mais exigente.O Manual Aos Fatos de Checagem vai abordar desde o processo de escolha de uma informação a ser checada até o tratamento editorial final. Também publicará parâmetros mais objetivos para a escolha dos selos de classificação de informações, deixará claro com quantas fontes se constrói uma checagem robusta e quais os procedimentos adotados durante uma cobertura em tempo real.3. Fátima no MessengerFátima é nosso chatbot para Messenger, fruto de uma colaboração do Aos Fatos Lab com o Facebook Journalism Project. A partir da segunda quinzena de julho, Fátima dará dicas sob demanda sobre checagem e verificação de fatos por meio do aplicativo de mensagens do Facebook. Bastará acioná-la na página do Aos Fatos na rede social ou procurar por Aos Fatos no aplicativo do Messenger para começar a conversar.Quer saber como checar uma informação em vídeo? Fátima vai poder ajudar. Quer saber identificar uma notícias falsa? Fátima vai saber orientar. Quer entender a diferença entre notícia e opinião? Fátima terá a resposta.Com essas iniciativas, Aos Fatos acredita estar na vanguarda do combate à desinformação nas redes sociais ao mesmo tempo em que presta contas ao seu leitor mais entusiasta. O objetivo dessas experiências é, a longo prazo, tornar o consumidor de informações online mais maduro, de modo que ele tenha autonomia para saber o que é verdadeiro e o que é falso nas redes sociais e, com isso, tomar decisões bem informadas.Aos Fatos acredita também que a melhora do ambiente informativo passa por mais transparência. Precursor na tarefa de separar fato de ficção no discurso público, também é nossa função listar o que são nossos feitos, de modo que não haja suspeita ou conspiração sobre a nossa capacidade organização, nosso financiamento e nossa conduta.Fatos importam. Veja, abaixo, uma boa lista deles. OS SUCESSOS DO ÚLTIMO ANOPor meio do Aos Fatos Lab, firmamos uma parceria com o Facebook Journalism Project para desenvolver um dos braços de inteligência artificial do Aos Fatos: o chatbot Fátima.Também na seara da automação, ganhamos um prêmio de R$ 100 mil para desenvolver a versão da Fátima para o Twitter. A @fatimabot distribui checagens para todos aqueles perfis que compartilharem uma URL com conteúdo falso ou distorcido.Iniciamos uma parceria com o Facebook para verificar conteúdo marcado por usuários como potencialmente falsos. O projeto tem hoje 26 veículos envolvidos em mais de dez países com o objetivo de combater a desinformação na rede social.Renovamos nossa certificação pela IFCN (International Fact-Checking Network) após uma auditoria que reconheceu nosso compromisso com apartidarismo, transparência e correção.Em parceria com a mesma IFCN, lançamos no Dia Internacional da Checagem, em 2 de abril, um manual ilustrado em formato HQ com dicas de verificação voltadas a jovens. ""Fábio Fato não dá mole para notícias falsas"" foi traduzido para o inglês, o espanhol, o italiano, o francês e o suaíli.Com uma checagem que desmentia boatos sobre a vereadora Marielle Franco, morta em março deste ano, tivemos mais de um milhão de acessos em nosso site em apenas um fim de semana e contribuímos para diminuir a disseminação de desinformação sobre o caso.Em parceria com o Volt Data Lab, produzimos uma investigação inédita sobre consumo de notícias online. Verificamos que leitores desconfiam das informações que recebem via ferramentas como o WhatsApp, mas não checam.Por meio do Aos Fatos Lab, firmamos uma parceria com a revista Nova Escola para o projeto Mentira na educação, não!, com checagens temáticas sobre as políticas públicas educacionais no país.Seguimos de vento em popa com o UOL, nosso primeiro parceiro editorial, para checar o que os candidatos às eleições 2018 andam falando por aí.Ampliamos nossas equipes editorial e de tecnologia. Hoje somos sete jornalistas e três desenvolvedores - alguns em meio período e outros com carga horária completa. Quando foi lançado, em 7 de julho de 2015, Aos Fatos tinha apenas dois integrantes.Usamos as redes sociais como catalisadores de audiência: criamos um perfil bem sucedido no Instagram, com mais de 2,5 mil seguidores. Acumulamos desde 2015 mais de 47 mil curtidas na nossa página do Facebook e 143 mil seguidores no Twitter.Repercutimos em veículos nacionais e internacionais, sobretudo para dar dicas de checagem e comentar a crise de desinformação acentuada pelas redes sociais. OS DESAFIOS DO ÚLTIMO ANOAos Fatos considera ter alcançado entre 2017 e 2018 um número inédito de pessoas com suas checagens. No entanto, não conseguiu superar a barreira de resistência de alguns leitores à checagem de fatos como consequência da forte polarização política que se impõe no país. Por conta disso também, foi alvo de campanha de ódio e perseguição nas redes sociais.Aos Fatos se percebe um produtor de conteúdo de excelência, mas ainda não amadureceu seu método para dar conta de verificar o número incomensurável de inverdades produzidas e reproduzidas na internet - e suas nuances. Não raro, é difícil chegar a um consenso interno sobre qual selo dar a uma determinada declaração. Apesar disso, esta equipe entende a limitação dos nossos recursos editoriais e tenta encontrar soluções para eles. Acreditamos que nossos leitores não estão suficientemente cientes desse esforço cotidiano. Sabemos também que comunicar esse esforço não nos isenta de intenso escrutínio.Estivemos perto de fechar em meados do segundo semestre de 2017. Embora Aos Fatos não siga um modelo lógico de lucro, pois absolutamente todos os recursos geridos são reinvestidos em pessoal e estrutura, em setembro de 2017 este site esteve próximo de não conseguir cobrir seus próprios custos. Foi, contudo, circunstancial: a partir de outubro daquele ano, firmou novas parcerias, que permitiram que a equipe fosse ampliada e a estrutura, mantida.TwitterFacebookEmailWhatsAppLeia tambémCinco fatos sobre migraçãoNão é verdade que Moro afastou promotor do caso Queiroz e delegado que investiga morte de MarielleHomem em foto com Flávio Bolsonaro é assessor do senador, não acusado de matar Marielle]"	1
15	"Com base no texto da notícia de checagem fornecido, a informação falsa identificada é:  **""É #FAKE que simulação de sexo em teatro seja no Brasil e tenha relação com Haddad""**  Mais especificamente, a notícia desmente a alegação de que a simulação de sexo em teatro ocorreria no Brasil e estaria relacionada ao presidenciável Haddad. A notícia esclarece que a cena foi uma peça teatral realizada na Bélgica, especificamente o espetáculo ""Lam Gods"" do diretor suíço Milo Rau, que é caracterizado como uma simulação de sexo. "	"""É #FAKE que simulação de sexo em teatro seja no Brasil e tenha relação com Haddad""Legenda sobre foto atrela imagem ao presidenciável do PT. Foto usada na montagem é de espetáculo realizado na Bélgica. Circulam pelas redes sociais imagens de uma peça teatral em que um casal encena uma cena de sexo enquanto crianças observam. As fotos são acompanhadas de uma legenda que diz: ""Isso é o que o Mhalddad tem preparado com Cultura para os seus filhos"". É #FAKE.A foto é do espetáculo ""Lam Gods"", do diretor suíço Milo Rau, e foi encenada em Ghent, na Bélgica. Os jornais que acompanharam o espetáculo o descrevem como uma simulação de sexo.A encenação provocou protestos de uma organização chamada ""Comitê de Pais Preocupados"", que por meio da plataforma Citizen Go pediu ao ministro da Cultura do país que retirasse os subsídios ao teatro enquanto a peça estiver sendo encenada, ressaltando que isso não significa censura, mas proteção das crianças contra intimidações sexuais.O teatro argumenta, em sua resposta às criticas, que não se trata de um show pornô, mas de uma cena de amor envolvida em ternura.Não há nada que ligue o espetáculo a Haddad ou a seu plano de governo na área da cultura. Procurada, a assessoria do candidato do PT diz que a mensagem é totalmente fake. "	1
16	"Com base no texto fornecido, a informação falsa que está sendo desmentida é:  **""Gleisi Hoffmann enviou ofício ao TSE para impedir doação de Bolsonaro à Santa Casa de Juiz de Fora""**  O texto desmentindo essa informação é o que circula nas redes sociais, com erros de ortografia, que afirma que Gleisi Hoffmann questionou a legalidade da doação feita por Bolsonaro à Santa Casa. "	"""É #FAKE que Gleisi Hoffmann enviou ofício ao TSE para impedir doação de Bolsonaro à Santa Casa de Juiz de Fora""Texto que circula nas redes tem erros de ortografia e não é verdadeiro. Presidente do PT critica mensagens falsas quem têm circulado na web.  Circula pelas redes sociais uma mensagem que afirma que a presidente do PT, a senadora Gleisi Hoffmann, quer impedir o envio das sobras de campanha de Jair Bolsonaro à Santa Casa de Juiz de Fora e que diz que ela enviou ofício à presidente do TSE, Rosa Weber, questionando a legalidade da doação. A mensagem é #FAKE.O Tribunal Superior Eleitoral (TSE) informa que não existe ofício da senadora com esse teor para a presidência do tribunal.Em seu perfil no Twitter, Gleisi diz que postagens mentirosas afirmam que ela questionou a intenção de Bolsonaro de doar as sobras de sua campanha para a Santa Casa como agradecimento ao hospital onde ficou internado após um atentado a faca.O texto falso tem erros no título, onde troca o nome de Gleisi por Gleise, e no corpo, onde troca o nome da ministra Rosa Weber por Rose.A mensagem falsa foi criada a partir do anúncio, feito pelo presidente eleito Jair Bolsonaro, sobre sua intenção de doar as sobras de campanha para a Santa Casa de Juiz de Fora.Bolsonaro foi esfaqueado durante um ato de campanha em Juiz de Fora no dia 6 de setembro, e socorrido para a Santa Casa de Misericórida, onde foi operado pela primeira vez. No dia seguinte, o então candidato do PSL foi transferido para o Hospital Albert Einstein, onde passou por nova cirurgia e ficou internado por 22 dias, até a alta, em 29 de setembro.Segundo a legislação eleitoral, as sobras de campanha das candidaturas à Presidência da República devem ser transferidas para a direção nacional do partido - no caso, o PSL -, que será o responsável pela identificação, utilização, contabilização e prestação de contas ao TSE.O advogado Michel Bertoni, ex-funcionário do Tribunal Regional Eleitoral de São Paulo, avalia que o PSL não pode fazer a doação. ""Partidos não podem fazer doações. Os recursos que arrecadam devem ter finalidade partidária ou eleitoral"", afirma.Já Henrique Neves, ex-ministro do TSE, diz que, em princípio, não há impedimento, uma vez que os recursos são oriundos de pessoas físicas, e não do Fundo Partidário ou do fundo eleitoral. ""Se for só dinheiro de doação privada, em princípio, entendo que o partido - não o candidato - poderia fazer a doação de recursos próprios, se for esse o interesse partidário. Mas a questão tem que ser estudada. "	1
17	"Com base no texto do site de checagem fornecido, a informação falsa que está sendo desmentida é:  **""É falso que urnas estão programadas para horário de verão.""**  O texto explica que a corrente de informação que afirmava que as urnas funcionariam com o horário de verão é falsa, pois o horário de verão começou em 4 de novembro e as urnas estão preparadas para funcionar no horário padrão. "	"É falso que urnas estão programadas para horário de verãoÉ falso que urnas estão programadas para horário de verãoTwitterFacebookE-mailWhatsAppÉ falso que urnas estão programadas para horário de verãoPor Bárbara Libório 28 de outubro de 2018, 11h55TwitterFacebookEmailWhatsAppCirculam nas redes sociais imagens que alertam que as urnas estão programadas de acordo com o horário de verão - que, neste ano, foi adiado para novembro, em vez de iniciar em outubro. Por isso, segundo essas correntes, os votos efetuados antes das 9h e depois das 16h não seriam computados. Essas informações são FALSAS. O horário de verão começa apenas no dia 4 de novembro e os relógios não serão alterados antes disso. Segundo o Tribunal Superior Eleitoral, as urnas neste segundo turno estão preparadas para funcionar no mesmo horário que funcionaram no primeiro turno. A informação foi verificada por Aos Fatos, Fato ou Fake e Comprova.No Facebook, a imagem tem sido postada por páginas e perfis pessoais. O conteúdo foi denunciado por usuários do Facebook e classificadas com o selo FALSO na ferramenta de verificação da rede social (entenda como funciona).Confira, abaixo, o que checamos.FALSOUrnas estão estão programadas de acordo com o horário de verão.O boato que começou a ser difundido no início da semana também já foi checado pelo Comprova e pelo Fato ou Fake. A informação é FALSA. O próprio TSE divulgou uma nota de esclarecimento em que afirma que, por solicitação do tribunal, o início do horário de verão foi alterado para depois do segundo turno. ""Portanto, as urnas estarão preparadas para funcionar no mesmo horário que funcionaram no primeiro turno"", diz o comunicado.Isso aconteceu em dezembro do ano passado, quando o presidente da República, Michel Temer, alterou o decreto n° 6.558/2008 para estabelecer que a partir deste ano o horário de verão tenha início depois do segundo turno das eleições. À época, o então presidente do TSE, ministro Gilmar Mendes afirmou: ""Com isso, teremos uniformidade nesse processo e as eleições vão começar às 8h e terminar as 17h de Brasília"".Para o tribunal, o horário de verão durante as eleições atrapalharia a apuração de votos, em razão da maior diferença de fuso horário entre as cidades. Isso porque, devido aos quatro fusos horários no país, a votação não se inicia nem se encerra de modo concomitante em todo o território nacional, e o horário de verão contribuiria para agravar essa situação.Neste sábado e domingo, a equipe do Aos Fatos se uniu a outras cinco agências de checagens de notícias no Brasil para verificar as mensagens de conteúdo suspeito nesta reta final das eleições. A ideia de juntar forças é para ganhar mais agilidade e aumentar o alcance das checagens. A parceria reúne o Fato ou Fake, Projeto Comprova, Lupa, Boatos.org e e-Farsas. Este conteúdo foi checado originalmente por Fato ou Fake e Comprova.TwitterFacebookEmailWhatsAppLeia tambémCinco fatos sobre migraçãoNão é verdade que Moro afastou promotor do caso Queiroz e delegado que investiga morte de MarielleHomem em foto com Flávio Bolsonaro é assessor do senador, não acusado de matar Marielle]"	1
18	"Com base no texto do site de checagem, a informação falsa que foi desmentida é:  **""É falsa troca de tuítes entre Bolsonaro e Guaidó sobre 'se autoproclamar presidente'.""**  O texto detalha que o tuíte supostamente publicado por Bolsonaro não veio do perfil oficial do presidente, e que a verificação da Lupa confirmou a falsidade da informação. "	" #Verificamos: É falsa troca de tuítes entre Bolsonaro e Guaidó sobre ""se autoproclamar presidente""Brasileiro e venezuelano não trocaram mensagens pelo Twitter no dia 8 de marçoCircula nas redes sociais uma suposta troca de tuítes entre o presidente Jair Bolsonaro (PSL) e o autoproclamado presidente interino da Venezuela Juan Guaidó. Nesta conversa, Bolsonaro faz indireta ao ator José de Abreu sobre ""se autoproclamar presidente"", mas é respondido de forma crítica pelo venezuelano. Por meio do projeto de verificação de notícias, usuários do Facebook solicitaram que esse material fosse analisado. Confira a seguir o trabalho de verificação da Lupa:""Se autoproclamar presidente é fácil, quero ver governar. Boa noite a todos!""Suposto tuíte do presidente Jair Bolsonaro, do dia 8 de março, com mais de 2,4 mil compartilhamentos no Facebook até as 15h do dia 11 de março de 2019FALSOO tuíte analisado pela Lupa não foi publicado no perfil oficial de Bolsonaro. No dia 8 de março, data na qual a publicação teria sido feita, ele publicou ou republicou oito conteúdos. Foram quatro tuítes sobre previdência e dois sobre o Dia Internacional da Mulher, um retuíte de um conteúdo publicado por página do próprio governo sobre parcerias público-privadas e ""um abraço"" ao deputado federal Vinícius Poit (Novo-SP).É possível constatar, também, que Bolsonaro tampouco apagou qualquer publicação deste dia. O perfil do twitter Desbloqueando JB, que replica automaticamente todas as publicações do presidente (e mantém no ar quando apagadas), não mostra outros tuítes além dos citados. O mesmo vale para a ferramenta Tweets de Bolso, do site Aos Fatos, que compila publicações do presidente _ incluindo conteúdos que, posteriormente, podem ser apagados.""Um chefe de estado não exerce a democracia pelo Twitter""Suposto tuíte do autodeclarado presidente interino da Venezuela Juan Guaidó, do dia 8 de março, com mais de 2,4 mil compartilhamentos no Facebook até as 15h do dia 11 de março de 2019FALSOO tuíte de Guaidó também é falso. No dia 8 de março, ele tuitou nove vezes, mas em nenhuma ocasião falou sobre Bolsonaro ou sobre o Brasil. Além disso, na imagem analisada pela Lupa, a publicação do venezuelano aparece como resposta ao tuíte do presidente brasileiro _ que, como mostrado acima, não existiu.Segundo a busca avançada do Twitter, as duas contas nunca interagiram diretamente _ ou seja, respondendo uma a outra. Entretanto, os dois políticos já mencionaram um ao outro na rede social. Bolsonaro mencionou Guaidó em uma ocasião, em 20 de fevereiro, falando sobre entrega de ajuda humanitária. Já o venezuelano mencionou o presidente brasileiro em três ocasiões, todas elas de forma positiva.Essa informação também foi verificada pelo site Boatos.org.Nota: esta reportagem faz parte do projeto de verificação de notícias no Facebook. Dúvidas sobre o projeto? Entre em contato direto com o Facebook.Editado por: Nathália Afonso"	1
19	"Com base no texto do site de checagem, a informação falsa que foi desmentida é:  **""Advogado Cristiano Zanin, que defende o ex-presidente Luiz Inácio Lula da Silva, tornou-se réu em um desdobramento da Operação Lava Jato.""**  O texto da checagem confirma que a informação original se baseava na Operação Jabuti, um desdobramento da Operação Lava Jato, e não em um processo judicial real contra o advogado. "	" #Verificamos: É falsa informação de que advogado Cristiano Zanin é réu na Lava JatoNotícia associa advogado do ex-presidente Lula a operação que envolve a FecomércioCircula nas redes sociais a ""informação"" de que o advogado Cristiano Zanin, que defende o ex-presidente Luiz Inácio Lula da Silva, tornou-se réu em um desdobramento da Operação Lava Jato. Por meio do projeto de verificação de notícias, usuários do Facebook solicitaram que esse material fosse analisado. Confira a seguir o trabalho de verificação da Lupa:""Advogado de Lula vira réu por embolsar R$ 68 milhões da Fecomércio""Texto que aparece na imagem que, até as 15h30 do dia 18 de dezembro de 2018, já tinha tido mais de 110 compartilhamentos no FacebookFALSOA imagem analisada pela Lupa faz referência à Operação Jabuti, deflagrada pelo Ministério Público Federal (MPF) em fevereiro deste ano e que é um dos desdobramento da Operação Lava Jato. O alvo da Jabuti era uma ramificação do esquema de corrupção comandado pelo ex-governador do Rio de Janeiro Sérgio Cabral e que envolvia o então presidente da Federação do Comércio do Rio de Janeiro (Fecomércio-RJ) Orlando Diniz, preso na ocasião. Ele foi solto por decisão liminar do Supremo Tribunal Federal (STF) em junho. Cristiano Zanin, que aparece na imagem e que atua como advogado do ex-presidente Luiz Inácio Lula da Silva, não é réu no processo, segundo consta no site da Justiça Federal. Além disso, o Ministério Público Federal informou que Zanin não foi denunciado em nenhuma ação da Lava Jato. O valor atribuído a Zanin pelo viral falso foi retirado de uma reportagem publicada em fevereiro pelo jornal Valor Econômico. Nela, é mencionada a existência de um relatório da Receita Federal que aponta o pagamento de R$ 68 milhões pela Fecomércio ao escritório de Zanin, o Teixeira Martins e Advogados. À Lupa, o escritório informou que atua na defesa da Fecomércio na disputa entre a entidade e a Confederação Nacional do Comércio (CNC) pelo controle do Sesc-Rio desde 2012. No caso da Operação Jabuti, a Fecomércio é investigada por supostamente ter usado usado R$ 180 milhões de verba pública do Sesc/Senac para contratação irregular de escritórios de advocacia. Um dos escritórios investigados no caso é o de Adriana Ancelmo, esposa de Sérgio Cabral, que teria recebido R$ 19,9 milhões. Zanin não é réu no caso que ficou nacionalmente conhecido. No entanto, um dos advogados de Lula, Roberto Teixeira, sócio do Teixeira Martins e Advogados, foi denunciado duas vezes no âmbito da Lava Jato. Isso ocorreu no caso do terreno para construção do Instituto Lula e no do sítio de Atibaia. Em nota enviada à Lupa, o escritório Teixeira e Martins Advogados alegou que Roberto Teixeira ""tem mais de 45 anos de atuação e sempre se pautou pela ética e pela legalidade"". ""As acusações dirigidas a ele dizem respeito à prática de atos inerentes à advocacia, conforme manifestação do Conselho Federal da OAB. Busca-se, por meio de tais acusações, a intimidação e a criminalização da advocacia"".*Nota: esta reportagem faz parte do projeto de verificação de notícias no Facebook. Dúvidas sobre o projeto? Entre em contato direto com o Facebook.Editado por: Cristina Tardáguila"	1
20	"Com base no texto do site de checagem, a informação falsa que foi encontrada e desmentida é:  **""O PSOL se reúne nesta quarta-feira para discutir juntemente [com] a CNBB para a canonização de Marielle Franco""**  A verificação da Lupa concluiu que essa informação foi originada de um **perfil falso da jornalista Mônica Bergamo, colunista da Folha de S. Paulo.** "	" #Verificamos: É falso que PSOL tenha se reunido com a CNBB para discutir canonização de MarielleFonte da informação é perfil falso de jornalista da Folha de S. PauloEsta publicação foi corrigida às 15h12 do dia 20 de Março de 2019. Veja abaixo.Circula nas redes sociais a informação de que o PSOL marcou reunião com a Confederação Nacional dos Bispos do Brasil (CNBB) para discutir a canonização da vereadora Marielle Franco (PSOL-RJ), assassinada em março do ano passado. Por meio do projeto de verificação de notícias, usuários do Facebook solicitaram que esse material fosse analisado. Confira a seguir o trabalho de verificação da Lupa:""O PSOL se reúne nesta quarta-feira para discutir juntamente [com] a CNBB para a canonização de Marielle Franco""Imagem publicada no Facebook que, até as 12h30 do dia 20 de março de 2019, tinha 180 compartilhamentosFALSOA ""informação"" que consta na imagem analisada pela Lupa partiu de um perfil falso da jornalista Mônica Bergamo, colunista da Folha de S. Paulo, no Twitter, identificado como ""Mônica Bengamo"". O perfil verdadeiro da jornalista, @monicabergamo, não publicou nada a respeito de uma suposta canonização de Marielle Franco.Correção às 14h55 do dia 20 de março de 2019: A assessoria da bancada do PSOL na Câmara entrou em contato com a Lupa e corrigiu informação prestada pela assessoria de imprensa do partido. Informou que haverá, sim, uma reunião entre deputados e deputadas do partido e a direção da CNBB, para discutir o monitoramento de lideranças religiosas por parte do governo. A canonização de Marielle não estará na pauta. A assessoria classificou essa ""informação"" como ""mau gosto"" e ""desrespeito"".Mais cedo, a assessoria do partido informou que não haveria reunião ou pedido de canonização, e que o PSOL pede ""apenas Justiça e que os mandantes do crime sejam identificados e punidos"".(Por WhatsApp, a assessoria do PSOL confirmou que a direção do partido não tem nenhuma reunião marcada com a CNBB para esta quarta-feira e que não pede a canonização da vereadora. ""Não há nenhuma reunião marcada do PSOL com a CNBB, nem qualquer pedido de canonização. O PSOL tem pedido apenas Justiça e que os mandantes do crime sejam identificados e punidos"", diz nota enviada pela assessoria)Nota: esta reportagem faz parte do projeto de verificação de notícias no Facebook. Dúvidas sobre o projeto? Entre em contato direto com o Facebook.Editado por: Nathália Afonso"	1
21	"Com base no texto do site de checagem fornecido, a informação falsa que foi desmentida é:  **""Um áudio que tem circulado nas redes sociais cuja voz é atribuída a Jair Bolsonaro e que teria sido gravado por uma enfermeira do hospital Albert Einstein, em São Paulo, onde o presidenciável do PSL segue internado.""**  Em resumo, o texto desmente a existência de um áudio específico que circulava online, atribuído a Bolsonaro e gravado por uma enfermeira do hospital. "	"Áudio de Bolsonaro em conversa exaltada no hospital é falsoÁudio de Bolsonaro em conversa exaltada no hospital é falsoTwitterFacebookE-mailWhatsAppÁudio de Bolsonaro em conversa exaltada no hospital é falsoPor Bernardo Moura 21 de setembro de 2018, 18h40TwitterFacebookEmailWhatsAppÉ falso um áudio que tem circulado nas redes sociais cuja voz é atribuída a Jair Bolsonaro e que teria sido gravado por uma enfermeira do hospital Albert Einstein, em São Paulo, onde o presidenciável do PSL segue internado. A veracidade do conteúdo foi desmentida pela assessoria do hospital nesta sexta-feira (21) e pelos filhos do candidato, Carlos e Flávio Bolsonaro, em publicações no Twitter.O áudio foi enviado por dezenas de leitores do Aos Fatos via WhatsApp com pedido para checagem - para participar, inscreva-se em (21) 99956-5882. Ele também foi denunciado por usuários do Facebook, tendo sido marcado como FALSO na ferramenta de verificação disponibilizada pela rede social (entenda como funciona).O conteúdo falso começou a se espalhar primeiro no WhatsApp e logo se espraiou para outras redes sociais. No Facebook, por exemplo, uma das reproduções do áudio, publicada pela página Sou Esquerda e daí?, já foi ouvida 2,2 milhões de vezes e tem cerca de 60 mil compartilhamentos.Confira, abaixo, o que checamos.FALSOÁudio gravado por enfermeira mostra Bolsonaro surtando após divulgação de pesquisa IbopeNão é verdade que uma enfermeira do Hospital Albert Einstein teria gravado áudio do candidato à Presidência da República pelo PSL, Jair Bolsonaro, em uma conversa exaltada com seu filho, e deputado federal, Carlos Bolsonaro (PSL-SP). Na mensagem, a voz que foi atribuída ao presidenciável diz que quer sair do hospital logo pois tem uma ""eleição pra ganhar"". ""E você me mantendo aqui nessa merda de teatro"", emenda ainda, dando a entender que a sua internação, iniciada em 7 de setembro último, pode ter sido forjada.Também sobram xingamentos para o vice Hamilton Mourão (PRTB), o adversário Fernando Haddad (PT) e para a própria enfermeira, que não serviria ""nem pra tirar injeção"".Por telefone, a assessoria de imprensa do hospital Albert Einstein informou ao Aos Fatos nesta sexta-feira (21) que o áudio ""é uma fake news"".Aos Fatos também analisou o áudio, cuja qualidade da gravação dá indícios de ser fraudulento. É comum alterar o formato da gravação para evitar que análises periciais sejam feitas, e sua veracidade, comprovada. Nesse caso, o tom da voz, somado à qualidade do áudio, denotam que se trata de uma falsificação. A análise do Comprova, coalizão de veículos que Aos Fatos apoia, também confirmou com peritos profissionais que se trata de um áudio forjado.Os filhos de Jair, Carlos e Flavio Bolsonaro também negaram a veracidade do áudio. Em tweet publicado na última quarta-feira (19), Carlos, que é vereador do PSL na cidade do Rio de Janeiro, disse: ""A mais nova fake news com [sic] um áudio em que dizem ser Bolsonaro reclamando no hospital. O negócio é mais mal feito do que dizer que Socialismo e Liberdade andam juntos!""Na mesma rede social, Flavio Bolsonaro, candidato ao Senado pelo Rio de Janeiro, compartilhou nesta quinta-feira (20) um texto do site Conexão Política, que usa o tweet de Carlos para atestar a falsidade do áudio, e escreveu: ""Dando RT para encerrar o assunto, caso alguém ainda acredite nessa grosseira fake news. Muitas outras surgirão, fiquem ligados nas redes sociais oficiais da família Bolsonaro"".O áudio falso circula no WhatsApp ao menos desde a noite da última terça-feira (18), data em que Aos Fatos recebeu a primeira mensagem de leitor pedindo uma checagem do conteúdo. Foram, ao todo, doze pedidos - o que dá uma dimensão da viralização da mensagem. No entanto, não é possível medir o alcance exato deste áudio no WhatsApp por conta de características do serviço de troca de mensagens.No Facebook, o primeiro registro público do áudio foi em post da página Sou Esquerda e daí? da última quarta-feira (19). Até a tarde desta sexta-feira (21), o conteúdo já teve 2,2 milhões de reproduções e cerca de 60 mil compartilhamentos. O áudio falso também foi reproduzido em postagens públicas de ao menos uma dezena de perfis pessoais naquele rede social.Esta reportagem foi atualizada às 20h21 de 21 de setembro de 2018 para acrescentar informações relativas a perícias técnicas no áudio.TwitterFacebookEmailWhatsAppLeia tambémCinco fatos sobre migraçãoNão é verdade que Moro afastou promotor do caso Queiroz e delegado que investiga morte de MarielleHomem em foto com Flávio Bolsonaro é assessor do senador, não acusado de matar Marielle]"	1
22	"Com base no texto do site de checagem fornecido, a informação falsa que está sendo desmentida é:  **""Vídeos disseminados nas redes sociais, no WhatsApp e no YouTube no último dia 7, data em que aconteceu o primeiro... davam a entender que a foto do candidato Fernando Haddad (PT) aparecia na tela quando o dígito ""1"" era apertadado em uma urna eletrônica usada na cidade de São Paulo.""**  Em resumo, o texto desmente a alegação de que os vídeos mostravam uma fraude envolvendo urnas eletrônicas e a imagem do candidato Fernando Haddad. A conclusão é que os vídeos são falsos e não demonstram fraude. "	"""Vídeos com urna que autocompleta voto para presidente são falsos  ""Vídeos disseminados nas redes sociais, no WhatsApp e no YouTube no último dia 7, data em que aconteceu o primeiro... Vídeos disseminados nas redes sociais, no WhatsApp e no YouTube no último dia 7, data em que aconteceu o primeiro turno, davam a entender que a foto do candidato Fernando Haddad (PT) aparecia na tela quando o dígito ""1"" era apertado em uma urna eletrônica usada na cidade de São Paulo.ENGANOSO: Não se comprovou fraude em urna; Justiça afirma que vídeos são falsosUm perito consultado pela reportagem analisou as gravações e concluiu que elas não demonstram fraude. A Justiça Eleitoral sustenta que os vídeos são falsos, que não é possível o voto ser completado sem que alguém aperte a tecla ""confirma"" e que não há indícios de fraude.No dia 7, o candidato eleito ao Senado Flávio Bolsonaro (PSL), filho do presidenciável Jair Bolsonaro, publicou uma versão do vídeo no Twitter, mas apagou-a horas depois. ""Meu objetivo de alertar ao TSE (Tribunal Superior Eleitoral) foi atingido, logo, retirei a postagem do vídeo"", argumentou.Nos vídeos, é possível ver uma etiqueta colada na urna indicando que ela seria do modelo UE 2008 e estaria na zona eleitoral 404, na capital paulista. Esta zona fica no bairro de Cidade Tiradentes, na zona leste da capital paulista.Embora tenham sido publicados no dia 7, os vídeos não exibem elementos que provem que a gravação aconteceu em uma sala de votação e no horário de votação.O perito forense Maurício Raimundo de Cunto, da empresa Fonolab, ressalta que as versões diferentes do vídeo não exibem a urna eletrônica por completo. ""Os vídeos são muito curtos, não estabilizados fisicamente e têm baixa qualidade. Todos os vídeos mostram ou a tela, ou o teclado, dando pouca importância a tê-los juntos na demonstração do suposto defeito, vício ou fraude da urna"", afirma.""Os ruídos das teclas ouvidos nos vídeos são diferentes entre si e não há como se afirmar que foram editados. Não há como determinar com precisão se as teclas foram pressionadas sempre com a mesma força e pelo mesmo tempo, fato este que pode causar bounces, ou seja, ricochetes nos contatos das teclas produzindo supostamente erros de digitação"", explica o perito.Perante o conhecimento deste perito, os vídeos não garantem a ocorrência de fraude da urna ou algo semelhante, mas ilustram uma aparente falha no sistema de entrada de dados via tecladoO que diz a Justiça EleitoralA Justiça Eleitoral usou quatro argumentos para contestar a denúncia a respeito desta urna: que o equipamento foi substituído, que não se constatou nenhuma fraude, que as urnas não completam o voto sozinhas e que os vídeos foram manipulados.""O TSE compartilhou informações sobre o episódio no âmbito do Centro Integrado de Comando e Controle Eleitoral, coordenado pela Polícia Federal. Segundo informações obtidas, houve checagem policial no local, no próprio dia 7, junto com representantes do TRE-SP (Tribunal Regional Eleitoral de São Paulo). A urna foi prontamente substituída e separada para auditoria. Não foram verificados indícios de fraudes no equipamento"", informou em nota o Tribunal Superior Eleitoral.Ainda no dia 7, o TRE-MG (Tribunal Regional Eleitoral de Minas Gerais) também se manifestou sobre caso ao publicar um vídeo feito por um técnico de edição que apontou supostas manipulações feitas na gravação disseminada na internet. Um dos argumentos é que outra pessoa pode ter digitado o teclado sem aparecer nas imagens. O material afirma que o vídeo é ""uma fake news"".Em nota publicada em seu site, o TSE reforçou a tese de manipulação do vídeo. ""No momento em que o primeiro número é apertado, o teclado da urna não aparece por completo, o que sugere que outra pessoa teria digitado o restante do voto. É possível, ainda, constatar, no programa de edição, o ruído de dois cliques simultâneos, o que reforça essa tese.""Por causa deste episódio no bairro de Cidade Tiradentes, o TRE-SP realizou noúltimosábado (20)uma audiência pública de verificação de urnas eletrônicas. A audiência demonstrou que a urna citada tinha um problema técnico que não resultava em fraude (ver aqui, aqui e aqui).""Nessa urna específica, foram observados defeitos aleatórios em teclas diversas"", explicou o TRE-SP. ""Cabe esclarecer que a Justiça Eleitoral promove a imediata substituição de qualquer urna eletrônica com defeito técnico. A propósito, a urna eletrônica auditada foi substituída no início da manhã (às 9h42) no dia da eleição, tão logo se tomou conhecimento da ocorrência de defeitos.""A auditoria foi acompanhada pela Polícia Federal, pelo Ministério Público, por representantes da OAB (Ordem dos Advogados do Brasil), de partidos políticos e um observador técnico internacional da OEA (Organização dos Estados Americanos).Gravação no local de votação é proibidaCaso o vídeo fosse feito no local de votação, o eleitor responsável pela gravação estaria cometendo um crime. ALei das Eleições proíbe o uso de equipamentos eletrônicos diante da urna eletrônica. No artigo 91-A, a norma estabelece que ""fica vedado portar aparelho de telefonia celular, máquinas fotográficas e filmadoras, dentro da cabina de votação"".No Código Eleitoral, é considerado crime ""violar ou tentar violar o sigilo do voto"". A pena é de detenção de até dois anos. "	1
23	"Com base no texto fornecido do site de checagem, a informação falsa que foi desmentida é:  **""Presidente Jair Bolsonaro assina decreto que acaba com a obrigatoriedade de bacharel em direito prestar exame [d]a OAB""**  O texto afirma explicitamente que essa informação é falsa, ressaltando que a exigência do exame da OAB é garantida por lei e não pode ser alterada por decreto. "	" #Verificamos: É falso que Bolsonaro tenha decretado o fim da obrigatoriedade do exame da OABExigência do exame é garantida por lei, e não pode ser alterada por decretoCircula nas redes sociais a notícia de que o presidente Jair Bolsonaro teria decretado o fim do exame da Ordem de Advogados do Brasil (OAB). A aprovação neste exame, atualmente, é condição obrigatória para o exercício da advocacia no país. Por meio do projeto de verificação de notícias, usuários do Facebook solicitaram que esse material fosse analisado. Confira a seguir o trabalho de verificação da Lupa:""Presidente Jair Bolsonaro assina decreto que acaba com a obrigatoriedade de bacharel em direito prestar exame [d]a OAB""Conteúdo publicado pelos sites SJNotíciasMA e A Voz das Cidades, com mais de 200 compartilhamentos no Facebook segundo a ferramenta BuzzsumoFALSOÉ falso que o presidente tenha decretado o fim do exame da OAB. Atualmente, a lei 8.906/1994 inclui a aprovação no exame da OAB como pré-condição para o exercício da advocacia. Pela legislação brasileira, decretos presidenciais, considerados atos infralegais, não podem contrariar a lei. O conteúdo analisado pela Lupa cita o decreto 9.745/2019 como fonte da ""informação"". Na realidade, este decreto apenas estabelece a ""regulação profissional"" entre as 37 áreas de competência do Ministério da Economia, ou seja, não acaba com a obrigatoriedade do exame. Em nota oficial, a OAB reiterou que a informação é falsa:""É falsa a informação de que o governo editou um decreto que acaba com a obrigatoriedade da inscrição nos quadros da OAB para o exercício da advocacia, bem como a necessidade de realização do Exame de Ordem para tal registro. Trata-se de fake news o texto que circula pelas redes sociais apontando o decreto 9.745, de 8 de abril de 2019, como instrumento disso. O referido decreto trata apenas e tão somente da aprovação da estrutura regimental e do quadro demonstrativo dos cargos em comissão e das funções de confiança do Ministério da Economia e sequer cita a OAB, o Exame de Ordem ou qualquer outro conselho profissional apontado no texto mentiroso.""Checagens semelhantes foram publicadas pelos sites Estadão Verifica e Aos Fatos. Nota: esta reportagem faz parte do projeto de verificação de notícias no Facebook. Dúvidas sobre o projeto? Entre em contato direto com o Facebook.Editado por: Chico Marés"	1
24	"Com base no texto da notícia de checagem fornecido, a informação falsa que foi identificada é:  **""É #FAKE que Facebook, Instagram e WhatsApp foram bloqueados por tempo indeterminado em razão de ataque em Suzano.""**  O texto da checagem desmente explicitamente essa afirmação, indicando que houve apenas uma ""instabilidade temporária"" nos aplicativos e que o problema não está relacionado à tragédia em Suzano, mas sim afetou usuários em vários países ao redor do mundo. "	"""É #FAKE que Facebook, Instagram e WhatsApp foram bloqueados por tempo indeterminado em razão de ataque em Suzano""Mensagem que circula na web é falsa. Apps apresentam instabilidade, mas problema é verificado em vários países, não apenas no Brasil, e não tem relação com a tragédia na Grande SP. Circula na web uma mensagem que diz que o Facebook, o Instagram e o WhatsApp foram bloqueados para publicação de fotos, vídeos e áudios por conta da repercussão da tragédia em Suzano. Além disso, o texto diz que os apps permanecerão assim por tempo indeterminado. É #FAKE.Não houve nenhum bloqueio. Segundo o Facebook, uma ""instabilidade temporária"" ocorreu em toda a família de aplicativos. Ainda assim, nem todos os usuários foram afetados.Também não há qualquer relação com o ataque ocorrido na Escola Estadual Raul Brasil, em Suzano, na Grande SP. Prova disso é que o problema com os aplicativos não se restringiu ao Brasil. Houve relatos em vários países ao redor do mundo.""Isso não é verdade. O Facebook está enfrentando questões técnicas em diversas partes do mundo, e estamos trabalhando para normalizar o acesso aos nossos serviços o mais rápido possível"", afirma, em nota, um porta-voz do Facebook.Hashtags como #FacebookDown , #instagramdown e #WhatsApp ficaram entre os trending topics do Twitter no mundo durante a tarde desta quinta (13).O Facebook diz ainda que o problema não está está relacionado a um ataque de negação de serviço (DDoS), que é um acesso coordenado, em massa, que visa derrubar um site.Algumas das mensagens que circulam dizem que houve o bloqueio ""porque estão investigando as redes"". Isso também não é verdade. "	1
25	"Com base no texto do site de checagem, a informação falsa que foi desmentida é:  **""Seus ternos [de Lula] eram os mais caros que já fiz para um presidente""**  O texto indica que a frase, originalmente publicada em uma imagem compartilhada nas redes sociais, foi considerada ""FALSO"" pela Lupa, o projeto de verificação de notícias. "	" #Verificamos: Estilista não disse que ternos de Lula foram os mais caros que já fez para um presidenteRicardo Almeida, que trabalhou na campanha do petista em 2002, publicou desmentido no FacebookCircula nas redes sociais uma foto do estilista Ricardo Almeida acompanhada por uma frase em que ele supostamente afirma que os ternos que confeccionou para o ex-presidente Luiz Inácio Lula da Silva teriam sido os mais caros que ele já fez para um mandatário brasileiro. Por meio do projeto de verificação de notícias, usuários do Facebook solicitaram que essa informação fosse analisada. Confira a seguir o trabalho de verificação da Lupa:""Seus ternos [de Lula] eram os mais caros que já fiz para um presidente""Frase que acompanha imagem (aqui, aqui, aqui, aqui e aqui, por exemplo) e que, até às 10h do dia 17 de novembro de 2018, já tinha sido compartilhada mais de 700 vezes no FacebookFALSOA declaração de que Lula foi o presidente que ""mais ostentou"" por usar os ternos ""mais caros"" que Ricardo Almeida já fez foi falsamente atribuída ao estilista. Em sua página oficial no Facebook, a equipe de Almeida se pronunciou sobre o assunto e classificou a afirmação como ""mentirosa e caluniosa"". Enfatizou que o estilista ""não manifesta as predileções ou gastos dos seus clientes"". Além da Lupa, os sites Aos Fatos e Boatos.org também verificaram esta informação e a classificaram como falsa. *Nota: esta reportagem faz parte do projeto de verificação de notícias no Facebook. Dúvidas sobre o projeto? Entre em contato direto com o Facebook.Editado por: Cristina Tardáguila"	1
26	"Com base no texto do site de checagem, a informação falsa que foi desmentida é:  **""É #FAKE que mesário pode acionar código 555 e reiniciar urna após voto para governador já ter sido dado""**  Mais especificamente, a notícia falsa reside na alegação de que mesários podem usar o código 555 para reiniciar a urna após o voto para governador, permitindo que o eleitor altere seu voto. O texto deixa claro que essa informação é falsa e que o Tribunal Superior Eleitoral (TSE) a desmentiu.  **Em resumo, a extração de notícias falsas identificou a seguinte afirmação como falsa:**  ""Mesários podem usar o código 555 para reiniciar a urna após o voto para governador."" "	"""É #FAKE que mesário pode acionar código 555 e reiniciar urna após voto para governador já ter sido dado""Candidato a deputado nesta eleição fez vídeo dizendo que mesário pode ser solicitado para reiniciar a ordem dos votos se houver dificuldade na hora de colocar o número para presidente mesmo após candidato a governo já ter sido escolhido. A informação não é verdadeira. Circula em redes sociais um vídeo que diz que os mesários podem ser chamados para reiniciar a urna caso o eleitor suspeite de fraude na hora de votar para presidente. O autor do vídeo diz que, com o código 555, o mesário pode permitir que o eleitor reinicie o processo de votação, mesmo já tendo dado seu voto para governador. É #FAKE.O vídeo foi feito pelo empresário Renato Tamaio. Ele foi candidato a deputado federal em São Paulo pelo Podemos e não conseguiu se eleger. Tamaio sugere que as urnas serão fraudadas para prejudicar a candidatura de Jair Bolsonaro, do PSL.O Tribunal Superior Eleitoral esclarece que, na verdade, o código de número ""555555555555"" (ou seja, com 9 números a mais) pode ser utilizado por um mesário em situações muito específicas. O processo de votação somente poderá ser reiniciado, por exemplo, caso o eleitor não tenha votado para nenhum cargo.Nesses casos, se a urna eletrônica fica inativa por mais de 40 segundos, o mesário é então avisado por seu terminal e é orientado a perguntar se o eleitor está enfrentando alguma dificuldade. Caso o mesário digite o código ""555555555555"" antes de o eleitor concluir seu primeiro voto, o eleitor poderá reiniciar o procedimento.Contudo, se o código for digitado depois que o eleitor já tenha votado para algum cargo, a urna gravará o dado e anulará os demais.É, portanto, mentira que o eleitor possa requisitar tal expediente na hora do voto para presidente nos casos em que haverá 2° turno para a disputa ao cargo de governador no país, já que ele já terá digitado o voto ao escolhido para o Executivo estadual.No vídeo publicado no ""Canal do Tamaio"" no Youtube, no dia 14 de outubro de 2018, o autor convoca os eleitores a solicitar que o mesário use o código ""555"" caso a urna mostre a foto de outro candidato ou voto nulo ao se digitar o número 17, de Jair Bolsonaro. O título da postagem é ""Fiscalizar e não aceitar a fraude"".A orientação do TSE é sempre visualizar a foto do candidato antes de pressionar a tecla ""confirma"". Em qualquer caso de suspeição ou divergência, o tribunal pede que o eleitor alerte o mesário, que cuidará para que a situação seja analisada por um juiz eleitoral, pelo Ministério Público Eleitoral ou por pessoas por eles delegadas.Tamaio reforça no vídeo um boato já checado pela equipe do Fato ou Fake, a de que 7,2 milhões de votos foram anulados pelas urnas no 1° turno. Também não é verdade. "	1
27	"Com base no texto da notícia de checagem fornecido, a informação falsa que foi desmentida é:  **""É #FAKE que Obama já recitou poema divulgado por Onyx em rede social""**  Mais especificamente, a notícia desmentiu que o ex-presidente Barack Obama tenha recitedo um poema divulgado por Onyx Lorenzoni. O texto explica que os versos citados eram de um veterano de guerra americano e que Obama nunca teve conhecimento do uso do poema por ele. "	"""É #FAKE que Obama já recitou poema divulgado por Onyx em rede social""Versos citados por Onyx Lorenzoni são de veterano de guerra americano, mas não foram citados pelo ex-presidente. Autor diz que nunca teve conhecimento de uso de seu poema por Obama. O ministro da Casa Civil, Onyx Lorenzoni (DEM), publicou em uma de suas redes sociais frases que ele atribuiu a um discurso do ex-presidente americano Barack Obama sobre a importância dos soldados. A citação ao discurso, no entanto, é #FAKE.Na tarde desta sexta-feira (8), o ministro postou: ""É graças aos soldados, e não aos sacerdotes, que podemos ter a religião que desejamos. É graças aos soldados, e não aos jornalistas, que temos liberdade de imprensa. É graças aos soldados, e não aos poetas, que podemos falar em público. É graças aos soldados, e não aos professores, que existe liberdade de ensino. É graças aos soldados, e não aos advogados, que existe o direito a um julgamento justo. É graças aos soldados, e não aos políticos, que podemos votar...""Em seguida, o ministro atribuiu a autoria das frases ao ex-presidente Obama que, segundo ele, ""disse o óbvio"". ""Aí não teve polêmica. Mas com o presidente Bolsonaro vcs viram o que aconteceu."" O ministro fazia referência à repercussão de declarações do presidente Jair Bolsonaro na quinta-feira, em solenidade no Rio de Janeiro, quando o presidente afirmou que democracia e liberdade só existem quando as Forças Armadas querem.Pouco depois, o ministro corrigiu a autoria das frases, atribuindo-as a ""um pensador chamado Charles Province"". O ministro alegou, no entanto, que ""a frase foi citada por Barack Obama"".A versão original dos versos citados pelo ministro compõe o poema ""It Is The Soldier"", escrito pelo veterano de guerra Charles Province em 1970. Province é presidente da George S. Patton Jr. Historical Society e autor de livros focados em história militar, principalmente relacionados ao general americano George Patton.O poema é famoso nos Estados Unidos e já foi citado, por exemplo, em discurso de um parlamentar americano em 2006. As primeiras referências à versão traduzida citada pelo ministro Onyx, no entanto, são de 2011, em uma página de rede social brasileira. O perfil autor do post atribuiu as frases a trechos de um discurso do então presidente Barack Obama na cerimônia do Memorial Day, em maio daquele ano (veja na íntegra ao final desta reportagem).A transcrição do discurso e o registro da TV americana da solenidade mostram, porém, que Obama não citou em qualquer momento os versos do poema. Também não há nenhuma referência às frases em outros discursos do ex-presidente dos Estados Unidos, como mostram os arquivos da Casa Branca.A suposta citação de Obama já foi utilizada no Brasil em outras circunstâncias. Em 2015, por exemplo, em discurso na Câmara dos Deputados em 2015, o então parlamentar Marcelo Belinati (PP-PR) usou os versos em uma manifestação em homenagem aos soldados brasileiros. Segundo Belinati, o ""presidente Barack Obama, num pronunciamento que fez no Memorial Day, que é quando os norte-americanos homenageiam seus veteranos de guerra, reproduziu uma fala do ilustre chefe militar americano, Charles M. Province."" Belinati é hoje prefeito de Londrina.O Fato ou Fake procurou Charles Province. Ele afirma que, até onde sabe, nunca foi citado pelo presidente Barack Obama, nem integralmente nem em paráfrase.A assessoria do ministro Onyx Lorenzoni foi questionada sobre a autenticidade da citação. Não houve uma resposta.Veja o discurso de Obama em que ele não cita os versos de Charles Province:Vídeo: Veja como identificar uma mensagem falsa "	1
28	"Com base no texto do site de checagem, a informação falsa que foi desmentida é:  **""É falso vídeo de soldado israelense resgatando bebê em Brumadinho""**  O texto detalha que o vídeo em questão foi registrado na Síria em 2016 e não está relacionado ao desastre em Brumadinho. A legenda original do vídeo, que circulava nas redes sociais, atribuía erroneamente a origem israelense ao soldado e à vítima. "	" #Verificamos: É falso vídeo de soldado israelense resgatando bebê em BrumadinhoImagens foram registradas na Síria, em 2016, e publicadas pela rede de televisão ABCCircula nas redes sociais vídeo em que um soldado chora ao resgatar um bebê recém-nascido. Na legenda, é ""informado"" que esse homem é israelense e que a vítima teria sido ""tirada da lama"" de rejeitos da barragem que rompeu em Brumadinho (MG) na última sexta-feira (25). Por meio do projeto de verificação de notícias, usuários do Facebook solicitaram que esse material fosse analisado. Confira a seguir o trabalho de verificação da Lupa:""Foram os equipamentos israelenses que tiraram da lama a criança com vida. E o choro de um soldado israelense não comove essa raça que se instalou e gangrenou o nosso país""Legenda de vídeoque foi publicado no Facebook e que até as 19h15 do dia 29 de janeiro de 2019 já tinha sido compartilhado mais de 1,3 mil vezesFALSOO vídeo analisado pela Lupa é de 2016, foi registrado na Síria, e o soldado que chora não é israelense. Trata-se de um socorristasírio que resgatou um bebê vivo nas ruínas de um local que havia sido bombardeado. O vídeo foi publicado pela conta da emissora de televisão americana ABC no dia 30 de setembro de 2016. Veja a seguir:Também é possível reparar a partir dessa gravação que o personagem do vídeo não é do exército de Israel. O emblema de seu uniforme está escrito em alfabeto árabe, não hebraico, e mostra um mapa da Síria.Nota: esta reportagem faz parte do projeto de verificação de notícias no Facebook. Dúvidas sobre o projeto? Entre em contato direto com o Facebook.Editado por: Nathália Afonso e Cristina Tardáguila"	1
29	Com base no texto do site de checagem, a informação falsa que foi desmentida é:  **Fernando Haddad segurando um brinquedo sexual.**  O texto explica que a imagem original mostra Haddad segurando uma garrafa de Catuaba Selvagem, uma foto antiga publicada em 2016. A imagem que circulava nas redes sociais era uma montagem. 	" #Verificamos: É falsa imagem de Haddad segurando brinquedo sexualFoto original é antiga e mostra candidato do PT à Presidência da República com uma garrafa de catuabaCircula nas redes sociais imagem que mostra o candidato do PT à Presidência da República, Fernando Haddad, segurando um brinquedo sexual. Por meio do projeto de verificação de notícias, usuários do Facebook solicitaram que essa foto fosse analisada. Confira a seguir o trabalho de verificação da Lupa:""Olha o exemplo do cidadão! Acha mesmo que um cara desses pode ser Presidente da República?""Pergunta que acompanha foto (aqui, aqui e aqui) que até as 18h do dia 18 de setembro de 2018 já tinha sido compartilhada mais de 440 vezes no FacebookFALSOA imagem acima é uma montagem. Na foto original, Fernando Haddad segura uma garrafa da bebida alcoólica Catuaba Selvagem. A versão mais antiga localizada pela Lupa na internet data de 9 de outubro de 2016 e foi publicada por um perfil de apoio a Haddad, que havia acabado de perder a reeleição para a prefeitura de São Paulo. Veja a seguir:*Nota: esta reportagem faz parte do projeto de verificação de notícias no Facebook. Dúvidas sobre o projeto? Entre em contato direto com o Facebook.Editado por: Cristina Tardáguila e Clara Becker"	1
30	"Com base no texto do site de checagem, a informação falsa que foi identificada é:  **""É #FAKE que vereadores, deputados, governadores e senadores não pagam Imposto de Renda nem contribuem para a Previdência""**  O texto confirma que políticos, incluindo os mencionados, sim pagam Imposto de Renda e contribuem para a Previdência, citando informações da Receita Federal e do Senado. "	"""É #FAKE que vereadores, deputados, governadores e senadores não pagam Imposto de Renda nem contribuem para a Previdência""Imagem tem se espalhado pela web. Políticos recolhem, sim, Imposto de Renda e contribuem para a Previdência na fonte. Circula pelo Facebook e pelo WhatsApp a informação de que vereadores, deputados, governadores e senadores não pagam Imposto de Renda nem contribuem com a Previdência. Um dos posts teve mais de 100 mil compartilhamentos. Mas a informação é #FAKE.A Receita Federal diz que as informações são falsas.O Senado diz que os senadores seguem as mesmas regras dos demais contribuintes no que diz respeito ao Imposto de Renda. Os valores do Plano de Seguridade Social dos Congressistas (PSSC) e do Imposto de Renda são descontados, em folha, do subsídio mensal (R$ 33.763,00) e estão disponíveis no Portal da Transparência de cada parlamentar.A aposentadoria dos senadores é atualmente regida pela Lei n° 9.506/97, que instituiu o PSSC. Para se aposentar, o ex-senador deve preencher os requisitos de 60 (sessenta) anos de idade e 35 (trinta e cinco) anos de contribuição, em qualquer regime da Previdência.O valor dos proventos será proporcional ao tempo de mandato exercido e contribuído ao plano, variando de 1/35 a 35/35 do subsídio parlamentar, hoje no valor de R$ 33.763,00.""Assim, na atualidade, para ter direito à aposentadoria integral, o ex-senador precisa contar, além dos requisitos de idade e tempo de contribuição, com 35 anos de mandato eletivo, efetivamente contribuído ao PSSC"", diz a Casa.A Câmara dos Deputados informa que os deputados federais também têm o Imposto de Renda e a contribuição previdenciária descontados na fonte. Em relação à contribuição previdenciária, o deputado pode optar por contribuir para o Plano de Seguridade Social dos Congressistas (PSSC). É possível conferir as folhas de pagamento no portal da Câmara na internet. É só acessar o link ""Transparência/Recursos humanos e concursos/Consulta nominal"".Os deputados precisam apresentar a declaração do Imposto de Renda à Receita Federal. Além disso, devem encaminhá-la à Câmara ou autorizar o acesso da Câmara ao documento.Quem acessa o formulário para o preenchimento da Declaração do Imposto de Renda 2018 encontra a instrução normativa 1500/2014 da Receita Federal, que determina que a incidência do Imposto de Renda é universal.Ela diz que ""são contribuintes do imposto sobre a renda as pessoas físicas residentes no Brasil titulares de disponibilidade econômica ou jurídica de renda"" e que ""a tributação independe da denominação dos rendimentos, títulos ou direitos, da localização, condição jurídica ou nacionalidade da fonte, da origem dos bens produtores da renda e da forma de percepção das rendas ou proventos"".O advogado e diretor jurídico da União dos Vereadores do Brasil (UVB), André Camilo, explica que os parlamentares nos municípios têm o Imposto de Renda retido na fonte e esse dinheiro entra como receita para o município, conforme estabelece a Constituição Federal. Os vereadores também contribuem para o Regime Geral da Previdência Social (RGPS) , cujo desconto também ocorre na fonte.A União Nacional dos Legisladores e Legislativos Estaduais (Unale) informou que os deputados pagam Iimposto de renda normalmente, uma vez que o subsídio é considerado renda para todos os efeitos. Eles também recolhem ao INSS o percentual legal. Esse recolhimento só não ocorre se a Assembleia do Estado possuir regime de previdência própria, o que é uma exceção nas 26 Assembleias dos Estados e Câmara Legislativa do DF.Fato ou Fake está nas redes sociais e no WhatsApp; saiba como acessar e tirar dúvidas. "	1
31	"Com base no texto do site de checagem fornecido, a informação falsa que foi desmentida é:  **""É falso que PSL publicou tweet defendendo fim do 13ºba salário e das férias.""**  O texto detalha que a afirmação de que o PSL defendeu o fim do 13º salário e das férias é uma montagem que circulou no Facebook, e que a conta oficial da sigla, @PSL_Nacional, não se manifestou sobre o assunto. Além disso, o texto contextualiza que o candidato Jair Bolsonaro, na campanha eleitoral, defendeu a manutenção do 13º salário e das férias. "	"É falso que PSL publicou tweet defendendo fim do 13ºba salário e das fériasÉ falso que PSL publicou tweet defendendo fim do 13ºba salário e das fériasTwitterFacebookE-mailWhatsAppÉ falso que PSL publicou tweet defendendo fim do 13º salário e das fériasPor Alexandre Aragão 12 de novembro de 2018, 16h46TwitterFacebookEmailWhatsAppNão é verdade que o PSL defendeu, em um tweet, o fim do 13º salário e das férias remuneradas. Uma montagem que circula no Facebook atribui a mensagem do partido do presidente eleito Jair Bolsonaro ao perfil @PSLOficial, mas a conta verdadeira da sigla é @PSL_Nacional, que não se manifestou publicamente a respeito quaisquer mudanças nesses direitos.Na campanha eleitoral, Bolsonaro foi a público defender a manutenção do 13º salário e das férias remuneradas, após seu vice, Hamilton Mourão (PRTB), criticar publicamente esses direitos, que estão na Constituição. O plano de governo do candidato também não prevê, direta ou indiretamente, o fim de tais garantias ao trabalhador.Publicado pela página Meu Professor de História neste sábado (10), o conteúdo enganoso já tem mais de 1.760 compartilhamentos no Facebook. Ele foi denunciado por usuários daquela rede social e marcado por Aos Fatos com o selo FALSO na ferramenta de verificação (entenda como funciona).Leia abaixo, em detalhes, o que checamos.FALSOPSL: ""Defendemos o fim do 13º salário e das férias pagas""O tweet falso atribuído ao PSL afirma que o partido defende ""o fim do 13º salário e das férias pagas"". A informação é falsa: a sigla não defendeu, em nenhum documento ou no plano de governo da chapa presidencial vitoriosa, que esses direitos trabalhistas sejam extintos.Ainda durante a campanha eleitoral, Bolsonaro foi a público defender a manutenção do 13º salário e de todos os direitos trabalhistas garantidos na Constituição Federal, como as férias remuneradas. A fala ocorreu após o então candidato a vice, general reservista Hamilton Mourão, ter declarado que o 13º salário é uma ""jabuticaba brasileira"" e ""uma mochila nas costas de todo empresário"".No mesmo dia, 26 de setembro, Bolsonaro escreveu no Twitter: ""O 13° salário do trabalhador está previsto no art. 7° da Constituição em capítulo das cláusulas pétreas (não passível de ser suprimido sequer por proposta de emenda à Constituição). Criticá-lo, além de uma ofensa à quem trabalha, confessa desconhecer a Constituição.""O texto falso atribuído ao partido não foi escrito por nenhuma das duas contas. No perfil oficial do PSL, há apenas dois tweets que citam o termo ""13º"", como mostra a busca no Twitter. Um deles, publicado em 11 de outubro, fala sobre a proposta de Bolsonaro para instituir o 13º salário no Bolsa Família. E o outro, publicado em 25 de outubro, é acompanhado de um vídeo para desmentir que Bolsonaro planeje dar fim ao 13º salário: ""Bolsonaro não vai acabar com o 13º salário e nem com o Bolsa Família; não vai entregar a Amazônia para os americanos e nem tem marqueteiro estrangeiro em sua campanha.""No plano de governo registrado por Bolsonaro no TSE (Tribunal Superior Eleitoral) também não há menção a medidas que resultem na supressão de direitos trabalhistas constitucionais. No capítulo que fala sobre modernização da legislação trabalhista, a coligação do presidente eleito propõe a criação de uma carteira de trabalho ""verde e amarela, voluntária, para os novos trabalhadores"".Segundo o documento, ""todo jovem que ingresse no mercado de trabalho poderá escolher entre um vínculo empregatício baseado na carteira de trabalho tradicional (azul) - mantendo o ordenamento jurídico atual - ou uma carteira de trabalho verde e amarela (onde o contrato individual prevalece sobre a CLT, mantendo todos os direitos constitucionais)"".TwitterFacebookEmailWhatsAppLeia tambémCinco fatos sobre migraçãoNão é verdade que Moro afastou promotor do caso Queiroz e delegado que investiga morte de MarielleHomem em foto com Flávio Bolsonaro é assessor do senador, não acusado de matar Marielle]"	1
32	"Com base no texto do site de checagem fornecido, a informação falsa que foi encontrada e desmentida é:  **""Mulher que acusa Ibope e Datafolha nunca foi funcionária e usa dados falsos sobre pesquisas""**  Mais especificamente, a notícia desmentiu que a mulher, identificada como Conceição Duarte, era uma funcionária dos institutos Datafolha e Ibope e que ela utilizava dados falsos sobre as pesquisas.  **Em resumo, a extração de notícias falsas identificou a alegação principal da mulher como a informação falsa a ser desmentida.** "	"Mulher que acusa Ibope e Datafolha nunca foi funcionária e usa dados falsos sobre pesquisasMulher que acusa Ibope e Datafolha nunca foi funcionária e usa dados falsos sobre pesquisasTwitterFacebookE-mailWhatsAppMulher que acusa Ibope e Datafolha nunca foi funcionária e usa dados falsos sobre pesquisas 3 de outubro de 2018, 17h09TwitterFacebookEmailWhatsAppSão falsas as afirmações da mulher que se apresenta como Conceição Duarte, engenheira e pastora, em vídeo que circula por redes sociais. Segundo ela, que diz trabalhar para os institutos de pesquisa Datafolha e Ibope, os resultados são fraudados. A mulher afirma que mesma pesquisa era feita por telefone ""há um mês e meio"", nas suas palavras, e que o resultado apontava o candidato do PSL, Jair Bolsonaro, com ""cerca de 70% dos votos"". Não só as acusações são falsas como Ibope como Datafolha afirmam que ela nunca trabalhou nos institutos.Este conteúdo foi originalmente verificado pelo Comprova - coalizão de 24 veículos de imprensa brasileiros para combater a desinformação nas redes sociais. Aos Fatos, que atesta as informações desta checagem, é parceiro institucional da iniciativa.Confira abaixo, em detalhes, o que foi checado.FALSOFUNCIONÁRIA DO IBOPE E DATA FOLHA DESMASCARA O INSTITUTO E FALA A VERDADETodas as acusações feitas pela mulher que se apresenta em vídeo como Conceição Duarte são falsas. Em nenhuma das pesquisas divulgadas por Ibope e Datafolha neste ano o candidato do PSL chegou a 70% das intenções de voto. Os levantamentos realizados pelos dois institutos são feitos presencialmente - no Ibope, o pesquisador visita a casa do entrevistado; no Datafolha, a pesquisa é feita em pontos de fluxo.A mulher do vídeo também afirma que as questões dos institutos de pesquisa são feitas de forma enviesada. Segundo ela, na pesquisa estimulada, quando são apresentados os nomes dos candidatos ao entrevistado, o nome de Jair Bolsonaro aparece por último - o que não é verdade. Tanto Ibope como Datafolha oferecem opções de resposta em um disco, em que o nome de cada presidenciável aparece em uma ""fatia"". Dessa forma, diminui uma possível influência que o ordenamento dos candidatos poderia exercer sobre a resposta.A pergunta sobre rejeição também é feita de forma diferente do que descreve Conceição. Conforme o questionário registrado no Tribunal Superior Eleitoral (TSE) dos últimos levantamentos Ibope e Datafolha, o pesquisador pergunta ""em qual desses nomes você não votaria de jeito nenhum"". Em seguida, o funcionário do instituto mostra mais uma vez o disco com os nomes dos presidenciáveis.O Ibope ainda apresenta aos entrevistados uma pergunta exclusiva sobre o apoio do ex-presidente Luiz Inácio Lula da Silva ao candidato à Presidência do PT, Fernando Haddad. Porém, mais uma vez, a questão não é feita da forma descrita no vídeo viral. Segundo documento registrado no TSE, o pesquisador fala ""O candidato do PT, Lula, foi impedido de disputar a eleição para presidente da República. Considerando que Lula declarou seu apoio a Fernando Haddad, o(a) sr(a) com certeza votaria em Fernando Haddad, poderia votar nele ou não votaria em Fernando Haddad de jeito nenhum?""Ibope e Datafolha negaram que Conceição Duarte trabalhe ou tenha trabalhado em qualquer um dos institutos de pesquisa. O Datafolha comunicou ainda que a empresa não utiliza nenhum funcionário terceirizado, como Conceição alega ser. Todos os pesquisadores que vão a campo são treinados pelo próprio instituto de pesquisa, segundo o Datafolha. O Comprova não conseguiu localizar a mulher do vídeo nem confirmar sua identidade.Até a tarde do dia 2 de outubro, uma das versões do vídeo no YouTube tinha mais de 878 mil visualizações. Segundo a ferramenta Crowdtangle, do Facebook, a gravação teve mais de 18,3 mil compartilhamentos na rede social. Aos Fatos é parceiro institucional do Comprova. Por meio dessa parceria, reproduz gratuitamente o conteúdo gerado pelo consórcio e presta consultoria sem contrapartida sobre tecnologia em checagem de fatos. A iniciativa é uma coalizão de 24 veículos de imprensa cujo objetivo é combater a desinformação durante as eleições presidenciais.TwitterFacebookEmailWhatsAppLeia tambémCinco fatos sobre migraçãoNão é verdade que Moro afastou promotor do caso Queiroz e delegado que investiga morte de MarielleHomem em foto com Flávio Bolsonaro é assessor do senador, não acusado de matar Marielle]"	1
33	"Com base no texto da notícia de checagem fornecido, a informação falsa que está sendo desmentida é a seguinte:  **""A que tem uma barrinha colorida é produto que já venceu, voltou para o fabricante e colocaram mais produtos para reaproveitar, voltou para o mercado. A que não tem, é produto novo, que ainda não venceu e está ótimo para consumo.""**  Em resumo, a notícia de checagem afirma que a barrinha colorida na embalagem de leite indica que o produto está vencido e foi reaproveitado, o que é falso. A Tetra Pak explica que a barrinha é um teste de cores para controle de qualidade. "	"""É #FAKE que barrinha colorida em caixa de leite indique produto vencido que voltou ao mercado""Mensagem com imagens de caixas de leite circula nas redes sociais. Segundo a Tetra Pak, que fabrica as embalagens, a barra colorida é um teste de cores para o controle de qualidade de impressão das caixas. Circula nas redes sociais uma mensagem afirmando que, se uma caixa de leite tem uma barrinha colorida na sua parte de baixo, quer dizer que o produto venceu, mas foi reaproveitado e voltou ao mercado. A mensagem é acompanhada de uma imagem com caixas de leite. As informações, porém, são #FAKE.A mensagem falsa diz que ""todo produto encaixotado (leite, creme de leite, leite condensado, achocolatado, etc.)"" tem um padrão de imagens no fundo da caixa. ""A que tem uma barrinha colorida é produto que já venceu, voltou para o fabricante e colocaram mais produtos para reaproveitar, voltou para o mercado. A que não tem, é produto novo, que ainda não venceu e está ótimo para consumo.""A imagem mostra o fundo de duas caixas de leite. Na caixa que fica do lado esquerdo, é possível ver um padrão de cores que não está presente na embalagem à direita.Segundo a Tetra Pak, fabricante das caixas de leite, a barra colorida que aparece embaixo de algumas embalagens da empresa corresponde a um teste de cores que é feito para o controle de qualidade de impressão.""Como imprimimos mais de uma embalagem na bobina, não há necessidade de imprimir este teste de cores em todas as embalagens, por isso encontramos embalagens com e sem a impressão desta barra colorida"", afirma a empresa em nota. ""Há também embalagens que saem com a impressão de pontos no lugar da barra colorida, que corresponde ao controle de registro da máquina de impressão.""A Tetra Pak ainda afirma que as embalagens da empresa não são reaproveitadas, respeitando a legislação existente para embalagens de alimentos e bebidas. "	1
34	"Com base no texto da notícia de checagem, a informação falsa que foi encontrada e desmentida é:  **""12 médicos americanos estariam dispostos a operar lábios leporinos ou fendas palatinas em um Hospital Militar, mas que faltariam pacientes para as cirurgias.""**  A Lupa, através de sua verificação, confirmou que a informação original era falsa, apontando que apenas 71 pacientes e eram necessários 135 pacientes para operar na próxima semana. "	" #Verificamos: É falso que médicos americanos buscam pacientes com lábio leporino para operar no Hospital MilitarBoato que circula nas redes sociais desde 2016 já passou por pelo menos seis países Circula nas redes sociais que 12 médicos americanos estariam dispostos a operar lábios leporinos ou fendas palatinas em um Hospital Militar, mas que faltariam pacientes para as cirurgias. Por meio do projeto de verificação de notícias, usuários do Facebook solicitaram que esse material fosse analisado. Confira a seguir o trabalho de verificação da Lupa:""Caso conheçam alguém com Lábio Leporino e/ou Fenda Palatina, informa-se que existem 12 médicos americanos dispostos a operar no hospital militar, mas só existem 71 pacientes e são necessários 135 pacientes para operar na próxima semana""Publicação que, até as 18h do dia 28 de março de 2019, tinha sido compartilhada ao menos 8 mil vezes no FacebookFALSOA informação analisada pela Lupa é falsa. Há publicações circulando atualmente em redes sociais com dois números de telefone atribuídos ao Hospital Militar onde as cirurgias seriam realizadas. Nenhum deles existe. No primeiro, o código de Discagem Direta à Distância (DDD) indicado é 222, que não existe no Brasil. Além disso, o número de telefone propriamente dito tem sete dígitos _ um a menos do que o padrão brasileiro atual. Já o segundo número indicado tem o DDD de Porto Alegre, mas, ao ser discado, uma mensagem afirma que ele não existe.Em uma terceira versão, mais antiga, o número divulgado era, de fato, o do Hospital da Polícia Militar em Belo Horizonte. À época, o diretor-geral do Instituto de Previdência dos Servidores Militares (IPSM) de Minas Gerais, coronel Vinícius Rodrigues de Oliveira Santos, publicou esclarecimento e chamou a mensagem de ""irresponsável"". A instituição não estava realizando os procedimentos afirmados pela publicação, nem mantinha qualquer convênio com médicos americanos para tal.Esse boato está nas redes sociais desde janeiro de 2016 e já rodou a América Latina, atingindo usuários de Chile, Argentina, Colômbia, México e Equador.Checagens semelhantes foram feitas pelos sites Boatos.org e G1.Nota: esta reportagem faz parte do projeto de verificação de notícias no Facebook. Dúvidas sobre o projeto? Entre em contato direto com o Facebook.Editado por: Natália Leal e Chico Marés"	1
35	"Com base no texto da notícia de checagem fornecido, a informação falsa que está sendo desmentida é:  **""É falso que Comissão de Direitos Humanos mandou prender estudante que bateu em assaltante em MG""**  O texto explica que o estudante foi preso em flagrante após as agressões, e não por ordem de uma Comissão de Direitos Humanos. "	"É falso que Comissão de Direitos Humanos mandou prender estudante que bateu em assaltante em MGÉ falso que Comissão de Direitos Humanos mandou prender estudante que bateu em assaltante em MGTwitterFacebookE-mailWhatsAppÉ falso que Comissão de Direitos Humanos mandou prender estudante que bateu em assaltante em MGPor Alexandre Aragão 29 de novembro de 2018, 17h59TwitterFacebookEmailWhatsAppNão é verdade que o estudante que agrediu um assaltante em Belo Horizonte, na última quinta-feira (22), foi preso a pedido de uma Comissão de Direitos Humanos em Minas Gerais em decorrência dos socos e chutes que desferiu no ladrão.As agressões foram registradas por uma câmera de segurança e também pela própria vítima do assalto, que entrou em luta corporal ao perceber que a arma do ladrão era falsa. Conforme registrou o jornal Estado de Minas, após trocar socos e dar chutes na cabeça do assaltante, o rapaz chamou a polícia. O assaltante foi atendido no hospital e, depois, preso em flagrante.Diferentes versões da notícia falsa foram publicados em sites como Blog do Alex Ramos, Poções 24 Horas e O Congresso e, juntas, foram compartilhadas mais de 40 mil vezes no Facebook. Denunciados por usuários da rede social, os conteúdos foram classificados por Aos Fatos com o selo FALSO na ferramenta de checagem (entenda como funciona).Leia abaixo, em detalhes, o que checamos.FALSOComissão de Direitos Humanos manda prender jovem que agrediu assaltante em MGA notícia falsa afirma que a ""Comissão de Direitos Humanos de Minas Gerais, por meio de um pedido feito junto à promotoria de Belo Horizonte, conseguiu autorizar a prisão do estudante de 21 anos que reagiu a um assalto com arma de brinquedo e espancou o bandido"". A informação é falsa: o estudante não foi preso.Além disso, não há nenhum órgão chamado ""Comissão de Direitos Humanos de Minas Gerais"". O mais próximo disso seria a Comissão de Direitos Humanos da Assembleia Legislativa de Minas Gerais ou a Secretaria de Direitos Humanos do governo de Minas Gerais, que não se manifestaram nesse sentido.Na versão falsa também é citado o nome de uma mulher que seria presidente dessa comissão. Segundo os textos falsas, ela se chamaria Gizelle Rosário Leitte e teria defendido o assaltante. Porém, não há nenhum membro com esse nome nos órgãos estaduais de direitos humanos citados acima.De acordo com o Estado de Minas, o estudante de 20 anos estava indo para a aula na faculdade quando foi abordado pelo assaltante, de 21 anos. Os nomes de ambos não foram divulgados. As imagens da câmera de segurança mostram que o estudante entra em luta corporal com o assaltante que, após levar um soco no rosto, cai no chão.Em seguida, o estudante dá chutes na cabeça do assaltante. ""É isso aqui que nós faz com ladrão aqui no [bairro] Camargos. Tá pensando o quê? Vai roubar o quê? Vem com réplica [de arma] pro meu lado aqui que vai tomar é toda hora. Aqui não tem bobo não"", afirma o estudante em um vídeo gravado por ele próprio.Após a polícia chegar, o assaltante foi levado para uma Unidade de Pronto Atendimento a fim de checar se ele havia sofrido alguma fratura. Ele foi liberado depois de receber sutura nos cortes e fazer exames, que não apontaram nenhuma lesão grave. Ele foi preso em flagrante por tentativa de assalto.Outros sites de checagem, como o Boatos, o e-farsas, e a agência Lupa, também desmentiram os textos falsos.TwitterFacebookEmailWhatsAppLeia tambémCinco fatos sobre migraçãoNão é verdade que Moro afastou promotor do caso Queiroz e delegado que investiga morte de MarielleHomem em foto com Flávio Bolsonaro é assessor do senador, não acusado de matar Marielle]"	1
36	"Com base no texto da notícia de checagem, a informação falsa que foi identificada e desmentida é:  **""Trump não publicou tweet em apoio a Bolsonaro...""**  Mais especificamente, o texto desmentiu a existência de um tweet falso que afirmava que Donald Trump apoiou a candidatura de Jair Bolsonaro, utilizando a frase ""Make Brazil Great Again"" e afirmando que Bolsonaro era o único candidato honesto e decente. "	"Trump não publicou tweet em apoio a BolsonaroTrump não publicou tweet em apoio a BolsonaroTwitterFacebookE-mailWhatsAppTrump não publicou tweet em apoio a BolsonaroPor Luiz Fernando Menezes 8 de outubro de 2018, 18h05TwitterFacebookEmailWhatsAppÉ FALSO um tweet de Donald Trump no qual ele apoia a candidatura presidencial de Jair Bolsonaro e diz coisas como ""Make Brazil Great Again"" (Faça o Brasil bom de novo, em inglês) e afirma que Bolsonaro é o único candidato honesto e decente ""que o Brasil já teve"". O tweet nunca foi publicado pela conta oficial do presidente americano.A imagem com o tweet falso foi enviada por leitores do Aos Fatos no WhatsApp como uma sugestão de checagem (saiba mais). Para participar, adicione o número (21) 99956-5882 na sua lista de contatos e envie uma mensagem com o seu nome.FALSO É engraçado ver a Mídia Brasileira de Fake News tentando descreditar a candidatura de Jair Bolsonaro. ERRADO! O cara é o único candidato presidencial respeitoso da lei, honesto, decente e confiável que o Brasil já teve. Faça o Brasil bom de novo. Brasil acima de tudo e Deus acima de todos (em inglês)Está circulando no WhatsApp uma imagem de uma mensagem atribuída ao perfil do presidente dos EUA, Donald Trump, no Twitter, na qual ele demonstra apoiar o candidato à Presidência da República pelo PSL, Jair Bolsonaro. No tweet, Trump teria dito que Bolsonaro era o ""único candidato presidencial respeitoso da lei, honesto, decente e confiável que o Brasil já teve"". No entanto, não há, no Twitter oficial do presidente americano, nenhuma postagem semelhante à da imagem que vem circulando no WhatsApp.No dia 6 de outubro, data atribuída ao tweet, Trump publicou quatro mensagens, nenhuma relacionada a Jair Bolsonaro ou pelo menos o Brasil.Aos Fatos também não encontrou registros de que Trump tenha dito, em alguma ocasião, as frases ""Make Brazil Great Again"" e ""Brasil acima de tudo e Deus acima de todos"", slogans adotados pela campanha de Bolsonaro e seus apoiadores.A relação entre Trump e Bolsonaro já rendeu outras histórias falsas, como a de que o presidente americano, durante um discurso proferido em New Hampshire, teria mencionado o nome do candidato do PSL para dizer que os dois compartilhavam do ""vício de dizer a verdade"".A conta falsa (@ReaDonnaldTrump), por outro lado, já publicava tweets sobre Bolsonaro desde 2017. Na apuração de ontem, o perfil chegou a se posicionar dizendo ""GO BONORO"" (o perfil explicou que chama o candidato de Bonoro porque é mais ""afetivo"" e que um ""apelido afetivo é mais difícil de esquecer"").GO BONORO- DonaId J. Trump (@ReaDonnaIdTrump) 7 de outubro de 2018 É verdade, no entanto, que, após o atentado sofrido por Bolsonaro no dia 6 de setembro, alguém do governo de Donald Trump entrou em contato com a família do candidato. Também é verdade que Bolsonaro já tenha dito que, se eleito, quer visitar Trump antes da posse para anunciar duas futuras medidas: a derrubada do visto para turistas americanos e uma redução de impostos para produtos daquele país.A veracidade do tweet já foi checada também pela equipe do Fato ou Fake, do G1.TwitterFacebookEmailWhatsAppLeia tambémCinco fatos sobre migraçãoNão é verdade que Moro afastou promotor do caso Queiroz e delegado que investiga morte de MarielleHomem em foto com Flávio Bolsonaro é assessor do senador, não acusado de matar Marielle]"	1
37	"Com base no texto do site de checagem, a informação falsa que foi desmentida é:  **""É #FAKE que Haddad criou kit gay""**  O texto explica que o projeto chamado ""kit gay"" por Bolsonaro fazia parte da iniciativa ""Escola sem Homofobia"", que era parte do programa ""Brasil sem Homofobia"" do governo federal em 2004.  O kit era destinado à formação de educadores e não tinha previsão de distribuição para alunos. "	"""É #FAKE que Haddad criou kit gay e que Câmara realizou seminário LGBT infantil ""Presidente eleito Jair Bolsonaro voltou a falar sobre os dois temas em entrevista ao Jornal Nacional  O presidente eleito Jair Bolsonaro (PSL) concedeu nesta segunda-feira entrevista ao Jornal Nacional, da TV Globo. O ex-deputado federal repetiu declarações com conteúdo falso já checadas anteriormente pela equipe do Fato ou Fake.A declaração é #FAKE. Veja o porquê: Batizado de ""kit gay"" por Bolsonaro, o projeto ao qual ele se refere fazia parte da iniciativa Escola sem Homofobia, que, por sua vez, estava dentro do programa Brasil sem Homofobia, do governo federal, em 2004. Ele era voltado à formação de educadores e não tinha previsão de distribuição do material para alunos. O programa não chegou a ser colocado em prática.Elaborado por profissionais de educação, gestores e representantes da sociedade civil, o kit era composto de um caderno, uma série de seis boletins, cartaz, cartas de apresentação para os gestores e educadores e três vídeos. A distribuição do material foi suspensa em 2011 pela então presidente Dilma Rousseff.Em agosto, também durante entrevista ao Jornal Nacional, Bolsonaro afirmou que o livro ""Aparelho Sexual e Cia"" estava dentro do material do programa. A obra do suíço Phillipe Chappuis, publicado no Brasil pela Companhia das Letras, jamais fez parte do projeto. Tanto o MEC quanto a editora responsável pelo livro negam que a obra tenha sido utilizada em programa escolar. O livro nem sequer foi indicado nas listas oficiais de material didático.Durante a campanha eleitoral, o Tribunal Superior Eleitoral (TSE) determinou a remoção da internet de vídeos nos quais Bolsonaro falava sobre esse tema, por ""gerar desinformação e prejudicar o debate político"".A declaração é #FAKE. Veja o porquê: Não ocorreu na Câmara dos Deputados, em novembro de 2010, nenhum evento chamado ""9° Seminário LGBT Infantil"". Em maio de 2012, foi organizado no auditório Nereu Ramos, da Câmara, o ""9° Seminário LGBT no Congresso Nacional"", um evento realizado anualmente. Naquele ano, foram discutidos os temas ""infância e sexualidade"".Idealizador do seminário, o deputado Jean Wyllys (PSOL-RJ) escreveu no pedido de autorização para organizar o evento que o objetivo era debater com a sociedade civil e o governo federal ""sobre a infância e a adolescência de meninos e meninas que sofrem bullying e violência doméstica por escapar dos papéis de gênero definidos pela sociedade"".O lema do seminário foi ""Todas as infâncias são esperança"". Especialistas em direito, educação, sexualidade, psicologia e cultura participaram do seminário. "	1
38	"Com base no texto do site de checagem, a informação falsa encontrada é:  **""Não há dúvida quanto ao vício em maconha.""**  O texto indica que ""Algumas frases sem amparo factual e científico se destacaram em sua sustentação oral, como a afirmação de que a simples exposição à maconha gera dependência.""  Isso implica que a afirmação de que não há vício em maconha é a informação falsa que foi desmentida. "	"Janot erra ao defender criminalização das drogasJanot erra ao defender criminalização das drogasTwitterFacebookE-mailWhatsAppJanot erra ao defender criminalização das drogas 21 de agosto de 2015, 06h00TwitterFacebookEmailWhatsAppO procurador-geral da República, Rodrigo Janot, defendeu na última quarta-feira (19) a criminalização do porte de drogas, durante julgamento no STF(Supremo Tribunal Federal) que analisa formas de punição a indivíduos que portam entorpecentes. O chefe do Ministério Público Federal condenou enfaticamente a pressão de organizações da sociedade civil e de juristas para descriminalizar substâncias como a maconha, o crack e a cocaína.Algumas frases sem amparo factual e científico se destacaram em sua sustentação oral, como a afirmação de que a simples exposição à maconha gera dependência. Segundo Janot, seus danos são muito superiores e mais perigosos do que do vício em álcool. Aos Fatos checou.Leia mais: Duas faces do debate antidrogasFALSO Não há dúvida quanto ao vício à maconha. 90% das pessoas expostas a ela se tornam viciadas. (...) O álcool pode, sim, vir a criar dependência química, mas o que causa a dependência química do álcool é o abuso e o excesso continuado da bebida alcoólica.Vários estudos apontam, na verdade, que há dúvida, sim, quanto às afirmações do procurador. Uma das mais respeitadas resenhas sobre o tema, inclusive, traz números completamente diferentes. O professor Wayne Hall, da Kings College, no Reino Unido, mostrou no ano passado que ""aproximadamente 9% das pessoas que já usaram maconha se tornaram dependentes, contra 32% para nicotina, 23% para heroína e 15% para o álcool"".Hall fez uma revisão da literatura científica ao analisar a evolução das pesquisas ao longo dos últimos 20 anos. Em seu artigo, ele diz que, em estudos longitudinais, desenvolve dependência de maconha 1 a cada 6 usuários que começaram a consumi-la durante a adolescência. Também conforme o estudo, afeta metade dos usuários diários da erva.A UNODC, departamento de monitoramento de drogas da ONU, defende o que se convencionou chamar de Regra 80/20-baseada no Princípio de Pareto-, segundo a qual 80% dos usuários de drogas no mundo consomem 20% das drogas disponíveis no mercado, enquanto 20% dos usuários consomem 80% dos psicoativos mundialmente. Isso significa que grande parte dos usuários de drogas são pequenos consumidores, indicando níveis baixos de demanda e, por consequência, pouco descontrole.Além disso, o ""DSM-4, Manual Diagnóstico e Estatístico de Transtornos Mentais"", referência fundamental para a psiquiatria, revisou os critérios para diagnóstico de dependência de substância. Estabeleceu, com isso, que o usuário deverá preencher três ou mais requisitos como ""aumento de tolerância"", ""desejo persistente e mal-sucedido para reduzir ou controlar o uso"", ""consumo em maiores quantidades"" e ""atividades sociais são interrompidas"" para configurar dependência de drogas. Todas essas condicionantes pressupõem uso continuado, e não apenas exposição única ao psicoativo.Aos Fatos já havia trazido alguns outros bons detalhes sobre o consumo de maconha. Por exemplo: o Lenad 2 (Levantamento Nacional de Álcool e Drogas), coordenado por pesquisadores da Unifesp (Universidade Federal Paulista), mostrou que a maconha é o entorpecente de maior penetração social no Brasil, com 7,8 milhões de indivíduos que relataram seu uso alguma vez na vida. Conforme o estudo, a prevalência do uso da cocaína uma vez na vida pela população adulta é de 3,8%, representando cerca de 5 milhões de brasileiros com 18 anos ou mais.IMPRECISO O mercado de drogas no Brasil movimenta R$ 3,7 bilhões.O número apresentado por Janot em sua sustentação oral não foi encontrado em qualquer base de dados de referência. Aos Fatos questionou a Procuradoria Geral da União para saber a origem desse dado, mas, até a última atualização desta reportagem, ainda não havia recebido resposta.Na realidade, contudo, não há dados oficiais disponíveis que delimitem precisamente o faturamento do tráfico de drogas no país.Levantamento do Correio Braziliense a partir do cruzamento de dados do relatório da ONU apontou que o tráfico movimenta R$ 1,4 bilhão no Brasil. A reportagem é de 2010.E, enquanto o tráfico de drogas cresce acima da média na região Norte, com destaque para Manaus, investigações autônomas apontam que esse tipo de crime organizado movimenta R$ 1,5 bilhão, sobretudo devido à proximidade da fronteira do Amazonas com o Peru.E é tudo o que existe sobre o tema.TwitterFacebookEmailWhatsAppLeia tambémCinco fatos sobre migraçãoNão é verdade que Moro afastou promotor do caso Queiroz e delegado que investiga morte de MarielleHomem em foto com Flávio Bolsonaro é assessor do senador, não acusado de matar Marielle]"	1
39	"Com base no texto da notícia de checagem da Aos Fatos, a informação falsa que está sendo desmentida é a seguinte:  **""A média de sobrevida de uma iniciativa jornalística de fact-checking em todo o mundo também é de menos de dois anos.""**  O texto da Aos Fatos argumenta que essa afirmação é falsa, pois a própria Aos Fatos é um exemplo de iniciativa de checagem de fatos que persiste por mais de dois anos.  **Em resumo:** A notícia de checagem está desmentindo a ideia de que a longevidade de iniciativas de fact-checking é, em média, curta. "	"Aos Fatos faz dois anos de olho em automaçãoAos Fatos faz dois anos de olho em automaçãoTwitterFacebookE-mailWhatsAppAos Fatos faz dois anos de olho em automaçãoPor Tai Nalon 7 de julho de 2017, 08h05TwitterFacebookEmailWhatsAppAos Fatos chega nesta sexta-feira, 7 de julho, ao seu segundo aniversário. Trata-se de um fato a ser celebrado por dois motivos fundamentais: o primeiro é que 33% dos novos negócios brasileiros, em qualquer área, encerram suas atividades em menos de dois anos; o segundo é que, segundo levantamento preliminar do Duke Reporters Lab liderado nos EUA por Mark Stencel, a média de sobrevida de uma iniciativa jornalística de fact-checking em todo o mundo também é de menos de dois anos.No Brasil, Aos Fatos é precursor de um grupo de iniciativas perenes de checagem comprometidas em inovar em investigação, uso transparente de fontes e análise consistente de dados. Se em nosso primeiro ano estávamos preocupados em repercutir nosso trabalho entre veículos de maior alcance, de forma a consolidar relevância e autoridade, neste segundo ano trilhamos um caminho diferente: estabelecemos endereço próprio e desenvolvemos tecnologia, de olho nos passos que daremos neste terceiro ano.A partir deste segundo semestre de 2017, planejamos automatizar processos de distribuição das nossas reportagens por meio de widgets, plug-ins, extensões e outros dispositivos de nome igualmente complicado. A ideia é dar tração ao nosso banco de dados, que já indexou quase 400 declarações, documentos, currículos e peças publicitárias checados desde 2015.Exemplo disso é que nesta quinta-feira (6), em Madri, o grupo liderado pelo vencedor do prêmio Pulitzer Bill Adair lançou mais uma etapa do projeto Share The Facts, que engloba veículos como Washington Post, PolitiFact, FactCheck.org e Pagella Politica. Trata-se de um widget (uma interface gráfica) integrado aos algoritmos do Google que torna mais fácil compartilhar uma declaração checada ao mesmo tempo em que melhora sua indexação na ferramenta de busca. Isso significa que ficará mais fácil identificar uma informação já checada sobretudo nas redes sociais. Parte do desenvolvimento da versão em português brasileiro ficou a cargo de Aos Fatos, que passará a compartilhá-los a partir das próximas semanas. (Veja o protótipo abaixo.)Aos Fatos também acredita que precisa aperfeiçoar suas técnicas de checagem. Desse modo, lançará, também a partir das próximas semanas, uma seção fixa chamada Às Leis, que checará dados que constam de projetos que tramitam na Câmara e no Senado. O objetivo, além de detectar argumentos potencialmente equivocados, é gerar impacto efetivo: é necessário desenvolver políticas públicas a partir de informações confiáveis. Uma série de reportagens de Aos Fatos mostrou (aqui, aqui e aqui), ao longo dos últimos dois anos, que propostas oferecidas por deputados e cidadãos apresentam erros essenciais que podem prejudicar a premissa do projeto.Nossa equipe também permenece preocupada em prestar contas aos nossos leitores. Por isso, elencamos nossos sucessos e nossas dificuldades durante o último ano. Veja, abaixo, nosso balanço anual.Nossos sucessos no último anoFirmamos parcerias pioneiras com o Google, que passou a indexar nossas checagens sob o selo ""verificação de fatos"" tanto no Google News quanto em sua ferramenta principal.Primeiros signatários de um protocolo por mais transparência e ética na verificação do discurso público, fomos certificados pela IFCN (International Fact-Checking Network), cujo trabalho de aperfeiçoamento de boas práticas de checagem reúne mundialmente mais de 40 plataformas de checagem em todo o mundo.Como consequência dessa certificação, desenvolvemos uma ferramenta de engajamento com o leitor chamada #vamosaosfatos, que hoje pode nos enviar sugestões de checagem.Cobrimos consistentemente em 2016 as eleições municipais no Rio de Janeiro e em São Paulo. Nesse período, chegamos a operar com dez jornalistas em nossa equipe. Como resultado, produzimos dois grandes especiais: Aos Fatos em tempo real, que escrutinou mais de 80 declarações ao vivo feitas por políticos durante todos os mais de dez debates televisivos do ano passado; Aos Fatos checa Cidade dos Sonhos, que analisou quase duas centenas de declarações de candidatos ao longo de toda a campanha municipal. Aos Fatos ainda colaborou num esforço coletivo de checagem em tempo real de um debate entre candidatos a prefeito no Rio de Janeiro com plataformas parceiras.Usamos as redes sociais como catalisadores de audiência, sobretudo durante a cobertura em tempo real das eleições municipais. Temos 117 mil seguidores no Twitter e quase 27 mil curtidas na nossa página no Facebook.Lançamos o Aos Fatos Lab, que, entre 2016 e 2017, teve dentre seus clientes o coletivo de organizações do terceiro setor Cidade dos Sonhos, a ONG Transparência Internacional e o ITS Rio (Instituto de Tecnologia e Sociedade). Com este último, lançamos em abril o curso Fatos e Dados, que, durante quatro aulas online transmitidas ao vivo, se propôs a ensinar a checar informações e a usar ferramentas básicas do jornalismo de dados.Arrecadamos neste ano R$ 34,3 mil de 350 leitores e apoiadores que acreditam que checagem de fatos importa e que fazemos um bom trabalho para separar fato de ficção.Integramos o Projeto Credibilidade, uma iniciativa liderada pelo Projor (Instituto para o Desenvolvimento do Jornalismo) com o objetivo de promover, tanto em veículos novos quanto em tradicionais, práticas que assegurem qualidade, transparência e, obviamente, credibilidade.Repercutimos em veículos nacionais e internacionais, sobretudo quando a expressão ""pós-verdade"" ganhou tração nas redes. Nossas dificuldades no último anoQuando completamos um ano, firmamos um compromisso: fazer checagens em vídeo. À exceção de alguns raros episódios não muito satisfatórios, Aos Fatos não conseguiu cumprir sua promessa. Essa ideia também foi a premissa de nosso crowdfunding e seria viabilizada caso antingíssemos a meta de arrecadar R$ 50 mil. No entanto, como esse valor não foi alcançado, a equipe no momento tenta buscar em parcerias o desenvolvimento de conteúdo audiovisual.A própria campanha financiamento coletivo, embora bem sucedida, poderia ter se saído melhor: atingimos 68% da nossa meta - quantia superior àquela arrecadada primeira campanha, porém insuficiente para cumprir plenamente alguns compromissos. Para Aos Fatos, o difícil cenário econômico do país foi o principal motivo para que a meta não fosse atingida.Se você gosta do nosso trabalho, contribua para que continuemos a verificar o discurso público. Leia, curta, compartilhe. Muito obrigado!TwitterFacebookEmailWhatsAppLeia tambémCinco fatos sobre migraçãoNão é verdade que Moro afastou promotor do caso Queiroz e delegado que investiga morte de MarielleHomem em foto com Flávio Bolsonaro é assessor do senador, não acusado de matar Marielle]"	1
40	"Com base no texto fornecido, a informação falsa que foi desmentida é:  **""Lula não bate recorde de populariedade em pesquisa recente do Ibope""**  O texto explica que os sites Portal Veja Agora e Alerta Rondônia copiaram uma reportagem antiga do G1 e a publicaram como se fosse recente, reutilizando dados de uma pesquisa do Ibope de 2010.  A informação de que Lula ""batia recorde de populariedade"" foi, portanto, falsa. "	" #Verificamos: Lula não bate recorde de popularidade em pesquisa recente do IbopeSites republicaram notícia de 2010 e reutilizaram dado referente ao fim do último mandato presidencial do petistaCircula na internet a informação de que o ex-presidente Luiz Inácio Lula da Silva, lançado candidato do PT à Presidência da República em 2018, teria ""batido recorde de popularidade"" em pesquisa recente divulgada pelo Ibope. Por meio do projeto de verificação de notícias, usuários do Facebook solicitaram que essas informações fossem checadas. Confira a seguir a análise da Lupa:""Popularidade de Lula bate recorde e chega a 95%, diz Ibope""Notícia publicada pelos sites Portal Veja Agora e Alerta Rondônia, com mais de 4,7 mil interações no Facebook até as 15h do dia 7 de agosto de 2018FALSO Os sites Portal Veja Agora e Alerta Rondônia copiaram uma reportagem antiga do portal G1 e publicaram como se fossem recentes. Em dezembro de 2010, pesquisa Ibope mostrou que Lula, então no fim de seu último mandato como presidente, tinha 87% de aprovação. No Nordeste, sua popularidade chegava a 95%. A edição mais recente do Ibope, publicada em 28 de junho, não trata da aprovação pessoal de Lula ou de outros políticos. Indica apenas a intenção de voto e rejeição dos presidenciáveis. Nesta pesquisa, Lula apareceu com 21% na pesquisa espontânea, 33% no cenário de pesquisa estimulada em que ele participa e 31% de rejeição.*Nota: esta reportagem faz parte do projeto de verificação de notícias no Facebook. Dúvidas sobre o projeto? Entre em contato direto com o Facebook.Editado por: Cristina Tardáguila, Clara Becker e Leandro Resende"	1
41	"Com base no texto do site de checagem, a informação falsa que foi desmentida é:  **""Suposto tweet do presidente eleito Jair Bolsonaro, com mais de 2,2 mil c...""**  O texto indica que o tweet em questão, que defendia a reeleição de Aécio Neves e Pezão, é falso. A verificação da Lupa (Lupa) confirmou que o tweet não foi postado por Bolsonaro. "	" #Verificamos: Tuíte de Bolsonaro pedindo votos para Aécio e Pezão é falsoApesar disso, atual presidente eleito declarou voto nos dois candidatos em outubro de 2014Circula nas redes sociais um suposto tweet do presidente eleito Jair Bolsonaro no qual ele defendia a reeleição do governador do Rio de Janeiro Luiz Fernando Pezão (MDB), em 2014, e do então candidato à presidência Aécio Neves (PSDB). Entre as pessoas que publicaram essa informação está o deputado federal eleito Marcelo Freixo (PSOL). Por meio do projeto de verificação de notícias, usuários do Facebook solicitaram que esse material fosse analisado. Confira a seguir o trabalho de verificação da Lupa:""O povo do Rio de Janeiro deve dar uma chance a Pezão como governador para ele dar continuidade ao legado de investimentos iniciado por Cabral. Com relação ao 2.° turno da eleição federal, Aécio representa a honestidade que o Brasil precisa. #Aecio45 #Pezao15""Suposto tweet do presidente eleito Jair Bolsonaro, com mais de 2,2 mil compartilhamentos no Twitter e mais de 4 mil compartilhamentos no Facebook.FALSO O tweet de Bolsonaro é uma montagem. A Lupa procurou todos os tweets do presidente eleito durante o período eleitoral de 2014, e não há nenhuma publicação com as hashtags #Aecio45 e #Pezao15. Além disso, o tweet tem 257 caracteres. Até novembro de 2017, o limite máximo de tamanho de uma publicação no Twitter era de 140 caracteres - atualmente, o limite é de 280.Apesar da publicação ser falsa, vale destacar que Bolsonaro declarou voto no tucano e no peemedebista no segundo turno das eleições de 2014. Pezão derrotou Marcelo Crivella (PRB) na ocasião, enquanto Aécio foi derrotado por Dilma Rousseff (PT).Em nota, Freixo informou que apagou a montagem de suas redes sociais. ""Jair e Flávio Bolsonaro de fato apoiaram a eleição de Pezão e eram filiados a partido da base de apoio do MDB (...). Diante do conhecido posicionamento político da família Bolsonaro em relação a Pezão e dos detalhes técnicos identificados na publicação, não foi possível reconhecer que se trata de uma montagem. Ao confirmar a informação, a publicação foi imediatamente apagada das nossas redes"". *Nota: esta reportagem faz parte do projeto de verificação de notícias no Facebook. Dúvidas sobre o projeto? Entre em contato direto com o Facebook."	1
42	"Com base no texto do site de checagem ""Aos Fatos"", a tarefa de extração de notícias falsas identifica os seguintes argumentos que foram desmentidos:  *   **Argumento 1:** O trabalhador terceirizado ""ganha menos, tem jornadas maiores e estão mais vulneráveis a acidentes de trabalho"". Este argumento foi baseado em declarações do Presidente da Associação Nacional dos Procuradores do Trabalho, Ângelo Fabiano Farias da Costa, citadas em uma entrevista para a revista Carta Capital.  **Observação:** O texto indica que ""Aos Fatos"" apurou estudos da Fundação Getúlio Vargas e do Dieese para verificar a veracidade do argumento.  A extração focou no argumento específico citado na entrevista. "	"Checamos dois argumentos contra a terceirização tal como eraChecamos dois argumentos contra a terceirização tal como eraTwitterFacebookE-mailWhatsAppChecamos dois argumentos contra a terceirização tal como eraPor Ana Rita Cunha e Tai Nalon 24 de março de 2017, 16h50TwitterFacebookEmailWhatsAppQuando, na última quarta-feira (22), a Câmara dos Deputados aprovou projeto que permite a terceirização de atividades-fim no setor privado, Aos Fatos recebeu pedidos de leitores para checar questões relativas à reforma nas relações de trabalho.Por meio da nossa ferramenta #vamosaosfatos, um leitor de Aracaju (SE) indicou dados citados na entrevista do procurador do Trabalho Ângelo Fabiano Farias da Costa à revista Carta Capital. Presidente da Associação Nacional dos Procuradores do Trabalho, ele disse que o trabalhador terceirizado ""ganha menos, tem jornadas maiores e estão mais vulneráveis a acidentes de trabalho"".Aos Fatos apurou em estudos da Fundação Getúlio Vargas de São Paulo e do Dieese (Departamento Intersindical de Estatística e Estudos Econômicos) que parte dessa afirmação é VERDADEIRA: as pesquisas indicam que terceirizados tendem a ganhar menos e trabalhar mais, embora haja nuances.No entanto, é FALSO dizer que existem mais mortes de terceirizados - mais ainda na proporção mencionada. A parcela citada se refere a uma quantidade limitada de trabalhadores e não há estudos que permitam ao procurador extrapolar essa visão.Veja, abaixo, o que checamos.VERDADEIRO[O trabalhador terceirizado] ganha menos e tem jornadas maiores. - Ângelo Fabiano Farias da Costa, procurador do TrabalhoEm relação à questão salarial, existem diferenças de impacto demonstradas em dois estudos independentes analisados por Aos Fatos. Um deles tem problemas metodológicos que distorcem o resultado, mas foi nele que o procurador baseou sua afirmação.Estudo de agosto de 2015 publicado pela Escola de Economia da FGV-SP revela que, embora de fato haja perda salarial para trabalhadores terceirizados em relação àqueles com registro formal, isso acontece de maneira diferente a depender da qualificação do empregado.Conforme os pesquisadores, terceirizados ganham em média 17% menos do que trabalhadores contratados pela empresa. Se for excluído o impacto do nível de escolaridade dos trabalhadores, idade, tempo de serviço entre outras características observáveis, essa diferença cai para 3%.Os autores do estudo também observam que os efeitos da terceirização são heterogêneos. ""Atividades que requerem baixa qualificação parecem resultar em remunerações inferiores para os terceirizados. Já nas atividades de alta qualificação, o diferencial caminha na direção contrária e a remuneração dos terceirizados é estatisticamente igual ou até maior"", afirmam os pesquisadores.O estudo leva em consideração ocupações tipicamente abraçadas por empresas prestadoras de serviços, como, por exemplo, atividades de limpeza, de vigilância, segurança privada e transporte de valores, tecnologia da informação e telemarketing.De acordo com os pesquisadores, esses terceirizados são, em média, mais de três anos mais novos que os trabalhadores formais, e uma menor proporção deles tem ensino superior completo. Eles também explicitam que a duração média dos vínculos é consideravelmente maior no caso dos trabalhadores diretamente contratados. Por causa dessas diferenças, os autores avaliam que ""é natural que a remuneração média observada dos terceirizados seja menor"".""O maior diferencial nos salários foi encontrado para os trabalhadores de telemarketing que transitam entre as duas formas de contratação com -12% no salário mensal. Trabalhadores de limpeza e conservação, montagem e manutenção de equipamentos e TI também apresentam um diferencial negativo, todos ao redor de -5%. Por outro lado, os trabalhadores das atividades de segurança/vigilância recebem, em média, 5% a mais quando são terceirizados"", diz o estudo.Já de acordo com levantamento do Dieese usando dados de 2013, os trabalhadores terceirizados ganham 24,7% menos do que os contratados diretamente pela empresa. Esse estudo também aponta que trabalhadores terceirizados têm uma jornada semanal maior, de 43h, frente a jornada de 40h dos trabalhadores próprios das empresas. Não há informações claras, contudo, sobre como o estudo chegou a essas conclusões.Diferenças de metologia. Os estudos apresentam recortes distintos de uma mesma base, ainda que endossem o argumento da diferença salarial entre os dois tipos de relação de trabalho. O problema está no fato de que não há um banco de dados público aberto sobre essa população.Como explica a nota técnica do Dieese, é vedado pelo governo federal o acesso de instituições de pesquisa ao Cadastro Nacional de Informações Sociais, fonte de dados primários que permitiria diferenciar com clareza os trabalhadores terceirizados dos não terceirizados.Os dois estudos usam como base a Rais (Relação Anual de Informações Sociais), do Ministério do Trabalho e Emprego. Essa base de dados não permite identificar quais trabalhadores são terceirizados. Com isso, cada pesquisa possui critérios próprios de seleção de quais atividades devem ter seus trabalhadores tratados como terceirizados.O estudo da FGV tem como base uma sondagem da CNI (Confederação Nacional da Indústria) sobre terceirização feita em 2014. Nele, os pesquisadores comparam os vencimentos de atividades tipicamente terceirizadas com as remunerações da mesma atividade quando o trabalhador, de mesma qualificação, é contratado diretamente.O estudo do Dieese, por sua vez, usa o resultados de estudos anteriores do próprio instituto de pesquisa para definir seus critérios. Ali, compara, por exemplo, os vencimentos de atividades tipicamente terceirizadas com os ganhos de atividades tipicamente contratantes. A comparação, no entanto, se dá entre ocupações distintas, com diferentes graus de qualificação. Segundo especialistas, não é um cruzamento com método adequado, já que iguala atividades cujas qualificações e remunerações são essencialmente diferentes.FALSO[O trabalhador terceirizado] está muito mais vulnerável a acidentes de trabalho. De cada cinco acidentes com morte, quatro são com terceirizados.A informação mencionada por Ângelo da Costa a respeito de acidentes fatais no trabalho se refere apenas às ocorrências na Petrobras e no setor elétrico - e não à totalidade de trabalhadores, como ele dá a entender.De 1995 até 2013, ocorreram 310 acidentes de trabalho com morte na Petrobras, no Brasil, segundo estudo do Dieese com a Federação Única dos Petroleiros. Do total de acidentes fatais, 80% das vítimas eram trabalhadores terceirizados, contra 20% de mortes entre trabalhadores próprios, ou seja, 4 em cada 5 mortes foram de terceirizados.No setor elétrico, de 2003 a 2011, houve 683 acidentes fatais de trabalho, segundo relatório de estatísticas de acidentes do setor elétrico brasileiro, produzido pela Fundação Comitê de Gestão Empresarial. Desse total de acidentes, 81% foram com trabalhadores terceirizados, contra 19% com trabalhadores contratados diretamente pelas empresas.Não foram encontrados estudos que apresentassem dados gerais sobre acidentes com trabalhadores terceirizados. Segundo o Dieese, as estatísticas oficiais de acidentes do trabalho não identificam se a empresa é terceirizada.Além disso, todos os estudos foram concluídos dentro da atual legislação, de modo que o resultado das pesquisas têm como base funções terceirizadas que não desempenham a atividade-fim da empresa contratante. O impacto da nova lei não pode ser quantificado e Aos Fatos, conforme sua metodologia, não checa previsões nem faz projeções.Selos. A reportagem preferiu partir a declaração ao meio, de modo que ficasse claro que o argumento do procurador não é totalmente correto. Quanto às jornadas maiores e à remuneração reduzida típicas do trabalho terceirizado, trata-se de uma afirmação coerente com os estudos disponíveis, de modo que Aos Fatos concede o selo VERDADEIRO. É FALSA, entretanto, a afirmação de que quatro em cinco acidentes de trabalho com morte no país têm como vítimas trabalhadores terceirizados, já que os únicos dados existentes referem-se a uma parcela limitada de empregados.A reportagem foi alterada às 13h05 do dia 30 de março de 2017 para detalhar questões relativas à metodologia de ambos os estudos citados e demonstrar por que o estudo Dieese/CUT apresenta problemas.TwitterFacebookEmailWhatsAppLeia tambémCinco fatos sobre migraçãoNão é verdade que Moro afastou promotor do caso Queiroz e delegado que investiga morte de MarielleHomem em foto com Flávio Bolsonaro é assessor do senador, não acusado de matar Marielle]"	1
43	"Com base no texto fornecido, a informação falsa que foi desmentida é:  **""É #FAKE que água gelada fecha veias do coração, cria problemas no fígado e causa câncer no estômago""**  O texto detalha como essa informação falsa circula e, em seguida, apresenta a explicação de nutricionistas que confirmam que não há base científica para essa alegação. "	"""É #FAKE que água gelada fecha veias do coração, cria problemas no fígado e causa câncer no estômago""Texto circula por redes sociais. Conteúdo da mensagem, que fala sobre efeito da temperatura do líquido no corpo humano, é falso. Uma mensagem que circula pelas redes sociais afirma que água gelada faz mal para alguns órgãos do corpo, causando o fechamento de veias do coração, acúmulo de gordura no fígado e câncer no estômago e no intestino grosso. ""No passado, dizia-se que: se a água gelada não lhe afetar na juventude, vai afetar na velhice"", diz a corrente. A mensagem é #FAKE.A nutricionista Marisa Coutinho, da Rede de Hospitais São Camilo de São Paulo, explica que todo o conteúdo desta corrente é falso. ""Não existe nenhuma comprovação científica de que a água gelada provoque essas reações"", diz.A nutricionista Patrícia Prada, livre-docente pela Universidade de Campinas (Unicamp), e o professor Diogo Cunha, doutor em nutrição pela mesma universidade, concordam que a mensagem não tem nenhuma informação verdadeira. ""Não faz nenhum sentido"", diz Patrícia.O cardiologista Abrão Cury, médico do Hospital do Coração (HCor) e da Universidade Federal de São Paulo (Unifesp), também diz que as afirmações do texto não são verdadeiras. ""Água muito gelada pode dar algum espasmo no esôfago, algum desconforto na parede do estômago, mas a temperatura do corpo logo equilibra isso. Não causa câncer. O fígado nem sabe que você está tomando água gelada. Também não tem nenhuma relação com o infarto. A água gelada não dá gripe nem resfriado"", conta.A hepatologista Edna Strauss, médica do Hospital do Coração (HCor) e livre-docente pela Faculdade de Medicina da Universidade de São Paulo (FMUSP), afirma que a corrente demonstra ""falta de conhecimento"" sobre o assunto. Ela explica que a ""água gelada, o gelo em si, pode fazer mal para dente, gengíva, boca e garganta"". ""À medida em que a água gelada passou da garganta, ela vai descer pelo esôfago. A quantidade que entra naquele tubo é pouca. É um riachinho. Quando ela passa pelo esôfago, atinge a temperatura corpórea, que está em 36°C, 37°C. Então não tem como, não existe como, racionalmente, dizer que água gelada possa chegar até o fígado.""Ela complementa: ""É mais uma coisa sem sentido que se espalha na internet, não tem base nenhuma. O povo ama espalhar informação totalmente esdrúxula"".O cardiologista Roberto Kalil, do Hospital Sírio-Libanês, também diz que do ponto de vista cardiovascular não há nenhum estudo que mostre que ingerir água gelada leve a um infarto. "	1
44	"Com base no texto do site de checagem, a informação falsa que está sendo desmentida é:  **""Não é verdade que urna no Pará anulou voto para Jair Bolsonaro""**  O texto explica que a alegação de fraude se baseava em um eleitor digitando ""17"" na urna para governador, o que resultou em um voto nulo devido à ausência de candidatos do PSL (partido de Jair Bolsonaro) na disputa para governador no segundo turno. As imagens da urna confirmam que o voto foi registrado para o governo estadual, e não para a Presidência da República, como o eleitor alegava. "	"Não é verdade que urna no Pará anulou voto para Jair BolsonaroNão é verdade que urna no Pará anulou voto para Jair BolsonaroTwitterFacebookE-mailWhatsAppNão é verdade que urna no Pará anulou voto para Jair BolsonaroPor Judite Cypreste 28 de outubro de 2018, 15h30TwitterFacebookEmailWhatsAppNão procede a acusação de fraude feita em vídeo por um eleitor de Belém do Pará que, ao digitar 17 na urna para governador, foi informado que voto era nulo. Isso ocorreu porque, naquele Estado, não há candidatos do PSL, partido de Jair Bolsonaro, concorrendo a esse cargo no segundo turno. São as próprias imagens que desmentem o eleitor: a tela da urna mostrada registrava voto para o governo estadual e não para a Presidência da República, como ele alega no vídeo.Além de negar a possibilidade de fraude, o TRE-PA (Tribunal Regional Eleitoral do Pará) informou neste domingo (28) que foi feita uma tentativa para impedir a filmagem por parte da supervisora da mesa de votação, que foi empurrada pelo eleitor. A polícia foi chamada e a Justiça já determinou a busca e a autuação do homem o que, até momento, não ocorreu.No Facebook, o vídeo já soma mais de 7,8 mil compartilhamentos até esta tarde. Em apenas um dos compartilhamentos, o conteúdo já foi visualizado cerca de 30 mil vezes. O conteúdo foi denunciado por usuários do Facebook e classificadas com o selo FALSO na ferramenta de verificação da rede social (entenda como funciona). A checagem do vídeo também foi sugerida por leitores do Aos Fatos por meio de sua ferramenta de checagem por WhatsApp. Para sugerir uma verificação, envie uma mensagem para (21) 99956-5882.As informações foram verificadas por Aos Fatos e pela Agência Lupa. Confira abaixo em detalhes.FALSOOlha gente, eu apertei 17, e tá aparecendo nulo olha aqui. Sou eleitor do Bolsonaro. Urna adulterada, pode chamar a polícia pra me prenderNão é verdade que urna eletrônica no Pará registrou voto nulo de um eleitor que digitou 17, número da chapa presidencial de Jair Bolsonaro (PSL). No próprio vídeo divulgado pelo homem, que se identifica como Paulo Roberto Duarte Pereira, é possível ver claramente que a tela da urna mostrava o voto para governador. No Pará, o PSL não tem candidatos neste segundo turno, que é travado entre Helder Barbalho, do MDB, e Márcio Miranda, do DEM. Portanto, é correto que a urna indique opção pelo voto nulo nesse caso.O caso ocorreu na Escola Manoel Leite Carneiro, no bairro do Tenoné em Belém, capital paraense. O TRE afirmou, em nota, que foi feita uma tentativa para impedir a filmagem por parte da supervisora da mesa de votação, que teria sido empurrada pelo eleitor. A polícia foi chamada, mas não pode prender o eleitor, que se identificou como policial militar da reserva. Uma juíza determinou a busca e a autuação do homem o que, até momento, não ocorreu.Neste segundo turno de eleições, a votação é apenas para dois cargos: o de governador, para as unidades federativas que tiveram segundo turno, e o de presidente da República, que está sendo disputada por Jair Bolsonaro (PSL) e Fernando Haddad (PT). A ordem de votação na urna eletrônica é respectivamente esta: governador e presidente. O PSL de Bolsonaro disputa o segundo turno nos estados de Roraima, Rondônia e Santa Catarina, segundo levantamento realizado no site dos resultados das eleições do TSE.No primeiro turno, vídeos parecidos, com eleitores apertando números inexistentes para determinados cargos eleitorais, também foram veiculados nas redes. Em nota, o TSE (Tribunal Superior Eleitoral) afirmou que houve engano por parte dos eleitores quanto à ordem de votação, e por isso a mensagem de voto nulo aparecia na urna após a digitação do número.O órgão lembra também que filmar o voto é proibido pela resolução 23.399/13 que veta ao eleitor o porte de ""aparelho de telefonia celular, máquinas fotográficas, filmadoras, equipamento de radiocomunicação, ou qualquer instrumento que possa comprometer o sigilo do voto"" na cabine de votação. Quem desrespeita essa regra pode ser enquadrado no artigo 347, do Código Eleitoral, por desobedecer ordens da Justiça Eleitoral, estando sujeito à multa e à detenção por três meses a um ano, e no artigo 312, por violar o sigilo do voto, sujeito à detenção por até dois anos.Neste sábado e domingo, a equipe do Aos Fatos se uniu a outras cinco agências de checagens de notícias no Brasil para verificar as mensagens de conteúdo suspeito neste segundo turno de eleições. A parceria reúne Fato ou Fake, Agência Lupa, Projeto Comprova, Boatos.org e E-Farsas.TwitterFacebookEmailWhatsAppLeia tambémCinco fatos sobre migraçãoNão é verdade que Moro afastou promotor do caso Queiroz e delegado que investiga morte de MarielleHomem em foto com Flávio Bolsonaro é assessor do senador, não acusado de matar Marielle]"	1
45	"Com base no texto da notícia de checagem, a informação falsa que foi desmentida é:  **A informação de que o Portal de Transparência da Copa 2014 não pode mais ser acessado.**  A notícia de checagem aponta que a desativação do site foi antecipada em dez dias em relação ao prazo previsto pela própria CGU, em meio à série de reportagens ""Legado da Copa"".  Isso indica que a informação original sobre a desativação do site era, na verdade, uma notícia prévia da desativação, e não a informação atualizada. "	"Após série sobre Legado da Copa, CGU tira do ar site com os gastos do Mundial de 2014Após série sobre Legado da Copa, CGU tira do ar site com os gastos do Mundial de 2014TwitterFacebookE-mailWhatsAppApós série sobre Legado da Copa, CGU tira do ar site com os gastos do Mundial de 2014Por Judite Cypreste 28 de junho de 2018, 15h05TwitterFacebookEmailWhatsAppO Portal de Transparência da Copa 2014 não pode mais ser acessado pela internet desde a última quinta-feira (21). A CGU (Controladoria Geral da União), responsável pela manutenção e alimentação dos dados, disse que a retirada já estava prevista devido à determinação de uma portaria, mas Aos Fatos constatou que o prazo estipulado pelo próprio órgão foi antecipado em dez dias.A página foi desativada em meio à série de reportagens Legado da Copa, que tinha o portal como base de apuração das informações. Em substituição ao site, o órgão disponibilizou no Portal da Transparência do governo federal um arquivo para download de difícil leitura e com informações incompletas sobre as obras prometidas para o torneio.Outro caminho indicado pela CGU para o acesso aos dados foi o pedido via Lei de Acesso à Informação, feito por Aos Fatos na tarde da última terça-feira (26). No entanto, a resposta por esse mecanismo pode levar, no mínimo, um mês para ser enviada.Algumas das informações contidas no site que foi tirado do ar até figuram em outras páginas oficiais, inclusive de outras esferas de governo. Porém, elas não dão acesso detalhado de todas as etapas das ações, como havia no portal da CGU.Nas duas primeiras reportagens da série Legado da Copa, foram investigadas as promessas para as cidades-sede de Belo Horizonte e Brasília. Em ambas, Aos Fatos utilizou o Portal da Copa 2014, responsável pelo acompanhamento da liberação de recursos e da execução das ações previstas na Matriz de Responsabilidades do Mundial. A Matriz define os valores a serem investidos nos projetos e os papeis dos governos federal, estaduais e municipais, bem como das empresas participantes, nos empreendimentos. No site, também era possível baixar licitações, contratos, fotos do andamento das obras e outros documentos que auxiliavam na fiscalização da apuração dos gastos com o Mundial.Desde a primeira reportagem da série Legado da Copa, publicada em 14 de junho, Aos Fatos entra em contato com a CGU para pedir esclarecimentos sobre dados do Portal que se encontravam desatualizadas e incompatíveis com outras fontes governamentais e com informações divulgadas na imprensa.Na primeira resposta, no dia 13 de junho, a assessoria de imprensa da CGU informou que o Portal da Copa não era mais atualizado, o que, segundo o órgão, estaria de acordo com a Portaria nº 571/2010, que regulamenta a transparência das ações governamentais sobre as obras da Copa e também a vida útil mínima do site. Além disso, a CGU afirmou nesta ocasião que o acesso estaria disponível até o fim do semestre, que termina no próximo sábado, dia 30 - mas o site foi retirado do ar no último dia 21, dez dias antes da data estipulada pelo próprio órgão.A Portaria nº 571/2010 prevê que o site permaneça disponível pelo prazo mínimo de dois anos após o encerramento da Copa do Mundo de 2014. O texto não especifica, porém, a regularidade e nem a duração máxima de atualização dos dados.Além disso, Aos Fatos identificou informações que deixaram de ser atualizadas muito antes do fim do período mínimo de vida útil do site, vencido em 2016. Um exemplo é a reforma do Terminal de Passageiros do Aeroporto Internacional de Brasília, que foi finalizada em 2012, antes mesmo da Copa do Mundo, mas, no Portal da Transparência, aparecia com 82% de conclusão física.Durante a apuração, Aos Fatos também encontrou um documento do Ministério Público Federal que também utilizou como fonte o Portal excluído. Na denúncia da Operação Calicute, responsável pela prisão do ex-governador do Rio de Janeiro Sérgio Cabral (MDB), o MPF citou na íntegra os detalhes da reforma do estádio do Maracanã, além de disponibilizar o endereço do Portal para averiguação. Agora, o link não se encontra mais disponível.Em todas as vezes que foi questionada, a CGU não se pronunciou a respeito dos problemas de atualização do site. Após a publicação da primeira reportagem e durante a apuração da segunda, outro e-mail foi encaminhado, repetindo o questionamento e acrescentando outro pedido de informações sobre dados desencontrados. A segunda reportagem foi publicada em 20 de junho, e, mais uma vez, o órgão não respondeu.O Portal da Copa saiu do às 11h41 horas do dia 21 de junho. Ao notar que a página havia caído, Aos Fatos enviou um novo e-mail à Controladoria.Na resposta, a assessoria do órgão disse que o Portal da Copa não estava mais acessível à consulta, mas que os dados do site excluído estariam disponíveis para download no Portal da Transparência do Governo Federal. A CGU disse também que informações adicionais deveriam ser solicitadas por meio da Lei de Acesso à Informação ou pelas assessorias de imprensa dos órgãos responsáveis.Seguindo a orientação, Aos Fatos acessou o link indicado pela CGU no mesmo dia da resposta. Na época, havia a possibilidade de realizar o download de uma pasta correspondente ao assunto da Copa. Hoje, a página foi excluída.Quando estava disponível, Aos Fatos efetuou o download, onde foi obtido acesso a mais de 50 pastas compactadas de tabelas e, em nenhuma delas, havia qualquer tipo de informação sobre o andamento das obras, os objetos específicos para cada um dos projetos da matriz, os órgãos e empresas participantes ou mesmo sobre o total gasto nos empreendimentos.Na pasta ""20150430_RelatorioExecucao.zip"", por exemplo, uma planilha apresenta células que informam ""Relatórios Fotográficos"" - que seriam fotografias do andamento das obras da Copa de 2014 -, mas não há quaisquer imagens para consulta.Assim, um novo e-mail foi encaminhado à Controladoria Geral da União por Aos Fatos nesta segunda-feira (25) solicitando as informações que faltavam no arquivo para download. A mensagem foi aberta na assessoria da CGU às 12h21 do mesmo dia, mas até a publicação desta reportagem não havia sido respondida.Com relação ao pedido por meio da Lei de Acesso a Informação que o órgão cita, vale ressaltar que o prazo máximo de envio de informações depois do requerimento é de 20 dias, prorrogável por mais 10 dias mediante justificativa do requerido. Esse prazo impossibilitaria o andamento da série, além de ser um retrocesso na acessibilidade, fazendo com que uma informação que estava imediatamente disponível possa demorar mais de um mês para ser acessada. De acordo com a própria lei de ace"	1
46	"Com base no texto do site de checagem, a informação falsa que foi encontrada e desmentida é:  **""O perfil que aparece discutindo com a militante não é da ministra Damares Alves.""**  O texto explica que a imagem compartilhada era de um perfil satírico com o nome @DamareAlves, e não do perfil oficial da ministra @DamaresAlves. "	" #Verificamos: É falso perfil de Damares que discutiu com militante de esquerda no TwitterImagem da ""discussão"" circula no Facebook, com 7 mil compartilhamentosCircula nas redes sociais imagem de uma discussão no Twitter entre uma militante de esquerda e um perfil que, supostamente, seria da ministra da Mulher, da Família e dos Direitos Humanos Damares Alves. Por meio do projeto de verificação de notícias, usuários do Facebook solicitaram que esse material fosse analisado. Confira a seguir o trabalho de verificação da Lupa:""Nossa camarada comunista (...) dando lacre com a ministra da goiaba""Imagem publicada no Facebook, que, até as 17h do dia 1 de fevereiro, tinha 7 mil compartilhamentosFALSOO perfil que aparece discutindo com a militante não é da ministra Damares Alves. É possível reparar na imagem que a conta do perfil é @DamareAlves, sem o ""s"". Trata-se de um perfil que se diz satírico. O perfil oficial e verificado da ministra é @DamaresAlves. Não é a primeira vez que isso acontece: em janeiro, a Lupa verificou situação similar envolvendo um perfil falso do vereador do Rio de Janeiro Carlos Bolsonaro (PSL).Nota: esta reportagem faz parte do projeto de verificação de notícias no Facebook. Dúvidas sobre o projeto? Entre em contato direto com o Facebook.Editado por: Clara Becker"	1
47	"Com base no texto do site de checagem, podemos extrair as seguintes informações falsas:  *   **Afirmação Falsa:** ""empresário não pagará mais salário mínimo se Bolsonaro for eleito"" *   **Afirmação Falsa:** ""o 13° será extinto"" (referindo-se ao 13º salário)  **Em resumo, a notícia de checagem desmentiu a alegação de que o empresário não pagaria o salário mínimo e que o 13º salário seria extinto caso Bolsonaro fosse eleito.**  A extração foi feita identificando as declarações específicas que foram consideradas falsas pelo site de checagem."	"""É #FAKE postagem que diz que empresário não pagará mais salário mínimo se Bolsonaro for eleito""Post foi feito no Twitter pela página PSL Brasília. Texto afirma ainda que empresário pagará apenas o que ele achar que deve. Mensagem é falsa; página não é a oficial do partido. Circula nas redes sociais um post de uma mensagem publicada no Twitter da página ""PSL Brasília"" dizendo que em um eventual governo Bolsonaro o 13° será extinto e o empresário não pagará mais salário mínimo. A postagem é #FAKE.Procurada, a assessoria de imprensa do candidato nega que a postagem seja verdadeira. ""A postagem é falsa. Esses direitos estão na Constituição, não tem nada a ver."" A assessoria também esclarece que a página do Twitter PSL Brasília não é a oficial do partido.A página PSL Brasília não possui, de fato, o símbolo de conta verificada. A primeira postagem da página é bem recente, foi feita no último dia 24 de julho. A página foi criada nesse mesmo mês.Além disso, há apenas 364 seguidores, diferentemente da página oficial do partido, que aparece com 32,7 mil seguidores e 890 postagens e tem o selo de ""verificada"" da rede social. "	1
48	"Com base no texto do site de checagem, a informação falsa que foi encontrada e desmentida é:  **""Um motorista parceiro da Uber chamado Adilson, condutore de um Fiat Idea branco, placa LLJ 3138, seria um assaltante armado.""**  A Lupa (o site de checagem) confirmou que essa informação é baseada em uma denúncia antiga de 2017 e que a Uber, por meio de sua resposta, negou que o motorista com a placa LLJ 3138 esteja atualmente cadastrado na plataforma. "	" #Verificamos: É antiga denúncia de que motorista da Uber é assaltante armadoCaso aconteceu em 2017 e, à época, empresa baniu o motorista, que foi preso pela Polícia Militar do Rio de JaneiroCircula nas redes sociais a informação de que um motorista parceiro da Uber chamado Adilson, condutor de um Fiat Idea branco, placa LLJ 3138, seria um assaltante armado. Por meio do projeto de verificação de notícias, usuários do Facebook solicitaram que esse material fosse analisado. Confira a seguir o trabalho de verificação da Lupa:""Cuidado: Uber Adilson motorista Assaltante armado Placa 3180 FIAT branco IDEA LLJ 3180""Publicação que, até as 11h30 do dia 21 de fevereiro de 2019, tinha sido compartilhada ao menos 320 mil vezes no FacebookFALSOA denúncia que circula em redes sociais é antiga. Procurada pela Lupa, a Uber afirmou que atualmente não há nenhum veículo de placa LLJ 3138 cadastrado na plataforma da empresa no país. A informação é baseada em um caso antigo, ocorrido em dezembro de 2017, no Rio de Janeiro. À época, de fato, a Uber recebeu uma denúncia de assalto por um usuário pelo menu ajuda do aplicativo. Segundo a empresa, após a verificação dos fatos feita pelo time do Centro de Excelência da empresa o motorista foi banido. A Uber permaneceu à disposição para colaborar com as investigações, nos termos da lei.Conforme divulgado pela Polícia Militar do Rio de Janeiro, Adílson foi detido pelas autoridades policiais e preso no dia 2 de dezembro de 2017. O veículo, que era alugado, também foi apreendido. Portanto, a informação que circula hoje é antiga e deixou de ser verdadeira. Checagem semelhante foi feita pelo site Boatos.org Nota: esta reportagem faz parte do projeto de verificação de notícias no Facebook. Dúvidas sobre o projeto? Entre em contato direto com o Facebook.Editado por: Natália Leal"	1
49	"Com base no texto do site de checagem, a informação falsa que foi desmentida é:  **""Haddad não prometeu fazer Lula presidente após passar para o segundo turno""**  O texto da checagem explica que o tuíte que viralizou tirava de contexto um vídeo antigo de Haddad, onde ele diz que iria ""trabalhar para 'fazer do Lula nosso presidente, subir a rampa com ele no dia 1º de janeiro'"".  A checagem afirma que essa afirmação foi descontextualizada para criar a impressão de uma promessa de Lula se tornar presidente. "	"Haddad não prometeu fazer Lula presidente após passar para o segundo turnoHaddad não prometeu fazer Lula presidente após passar para o segundo turnoTwitterFacebookE-mailWhatsAppHaddad não prometeu fazer Lula presidente após passar para o segundo turnoPor Alexandre Aragão 9 de outubro de 2018, 12h30TwitterFacebookEmailWhatsAppUm tuíte que viralizou na noite desta segunda-feira (8) e dá base a um texto no site Diário do Brasil tira de contexto e apresenta como se fosse novo um vídeo antigo do candidato petista à Presidência, Fernando Haddad. Nas imagens, gravadas em agosto, quando o ex-presidente Lula ainda era o candidato à Presidência pelo PT, o então candidato a vice-presidente Haddad afirma que irá trabalhar para ""fazer do Lula nosso presidente, subir a rampa com ele no dia 1º de janeiro"".No Twitter, o texto que acompanha o vídeo editado afirma que as imagens foram gravadas nesta segunda-feira (8), o que é FALSO - o vídeo teve cerca de 120 mil visualizações e foi replicada 2.300 vezes.Em seu título, o Diário do Brasil afirma que Haddad ""confessa que Lula será o verdadeiro presidente em caso de vitória"", o que também é FALSO. No Facebook, o link foi compartilhado 570 vezes.Denunciado por usuários da rede social, o conteúdo foi marcado por Aos Fatos na ferramenta de verificação com o selo FALSO (entenda como funciona).Confira abaixo, em detalhes, o que Aos Fatos checou.FALSOAndrade deixa escapar e confessa que Lula será o verdadeiro presidente em caso de vitóriaO vídeo compartilhado no Twitter e tirado de contexto é um trecho editado, de 15 segundos da versão completa de outro registro audiovisual, que totaliza 59 segundos. O vídeo original foi publicado no Facebook de Lula em 6 de agosto passado. Na época, Lula ainda era oficialmente o candidato do PT à Presidência. O dia 5 de agosto foi o prazo final para definição das coligações.O vídeo em que Haddad aparece fala do registro da candidatura de Lula, que acabara de ser feito no Tribunal Superior Eleitoral. ""Acabamos de montar as coligações em torno da candidatura do Lula. Já temos Pros e PC do B conosco, PCO apoiando e chapa montada, vai a registro amanhã"", diz Haddad.O trecho seguinte é o que foi tirado de contexto para dar a entender, de maneira falsa, que o vídeo foi gravado recentemente: ""Aí nós vamos dia 15 levar para o TSE e eu tenho certeza de que o povo brasileiro está cada vez mais engajado nesta campanha, fazer do Lula nosso presidente, subir a rampa com ele no dia 1º de janeiro"", diz Haddad.Em seu texto, o Diário do Brasil diz que ""a declaração foi dada hoje (8) na porta da cadeia, logo após a costumeira visita de segunda-feira ao preso mais ilustre do país"", mas essa informação é FALSA. Na verdade, o vídeo é de 6 de agosto, data em que Haddad foi anunciado pelo PT como candidato a vice na chapa com Lula. O ex-prefeito de São Paulo substituiu o ex-presidente na cabeça de chapa, oficialmente, apenas em 11 de setembro.Lula está preso na sede da Polícia Federal em Curitiba desde 7 de abril, cumprindo pena por corrupção e lavagem de dinheiro. Desde o início da campanha, Haddad, que está constituído como advogado do ex-presidente, faz visitas ao local às segundas-feiras. Ele estava lá em 6 de agosto e também esteve no dia 8 de outubro, após o primeiro turno.O vídeo também foi considerado falso por outras iniciativas de checagem, como a Fato ou Fake, do Grupo Globo.TwitterFacebookEmailWhatsAppLeia tambémCinco fatos sobre migraçãoNão é verdade que Moro afastou promotor do caso Queiroz e delegado que investiga morte de MarielleHomem em foto com Flávio Bolsonaro é assessor do senador, não acusado de matar Marielle]"	1
50	"A informação falsa identificada no texto da notícia de checagem é a seguinte:  **""A Polícia Rodoviária Federal (PRF) prendeu no último sábado (26) um venezuelano e um cubano suspeitos de terem explodido a barragem da Vale em Brumadinho (MG).""**  O texto da Lupa desmentiu essa afirmação, indicando que a PRF realmente deteve um venezuelano e um cubano em Itaguará, mas em circunstâncias diferentes e sem relação direta com a explosão da barragem. "	" #Verificamos: Polícia Rodoviária Federal não prendeu terroristas por explodir barragem em BrumadinhoPRF já desmentiu texto que começou a circular no WhatsApp e também foi publicado no FacebookUm texto publicado no Facebook afirma que a Polícia Rodoviária Federal (PRF) prendeu no último sábado (26) um venezuelano e um cubano suspeitos de terem explodido a barragem da Vale em Brumadinho (MG). O rompimento da estrutura, que ocorreu na sexta-feira (25), deixou mortos e desaparecidos. Por meio do projeto de verificação de notícias, usuários da rede social solicitaram que esse material fosse analisado. Confira a seguir o trabalho de verificação da Lupa:""A Polícia Rodoviária Federal deteve nessa tarde, próximo à cidade de Itaguará, cerca de 68 km de Brumadinho, um venezuelano e um cubano. O carro em que viajam estava em alta velocidade, houve troca de tiros e um terceiro homem foi morto durante a perseguição""Trecho de post que, até as 12 horas do dia 28 de janeiro de 2019, tinha sido compartilhado mais de 270 vezes no FacebookFALSOAlém do post acima, pelo menos outras três cópias da mesma ""notícia"" circulavam na rede social e havia sido marcadas pelos usuários do Facebook como potencialmente falsas. Outra delas citava o WhatsApp como origem da mensagem e todas atribuíam a fonte ao Observatório da Direita Brasileira (ODB). A Lupa não localizou sites ou páginas do Facebook com esse nome, mas classifica como falso o conteúdo do texto analisado. Por meio de uma nota oficial emitida no último sábado (26), a própria Polícia Rodoviária Federal já desmentiu esse boato. ""Informamos que a Polícia Rodoviária Federal não registrou ocorrências envolvendo estrangeiros no estado de Minas Gerais ou quaisquer outras prisões que tenham relação com a tragédia em Brumadinho"".A mensagem do Facebook cita ainda o nome dos dois supostos terroristas presos: Juan Pablo Mercês, ex-guerrilheiro das Farcs, que teria sete mandados de prisão na Colômbia; e Antonio Cabal"	1
51	"Com base no texto da notícia de checagem, a informação falsa que foi desmentida é:  **""A capa da revista semanal Veja, que mostra o ex-ministro Joaquim Barbosa e uma declaração em que ele supostamente pede para que a população não vote no PT.""**  Em resumo, a notícia de checagem desmentiu a existência da capa da revista e a declaração atribuída a Joaquim Barbosa. "	"É falsa capa da Veja em que Joaquim Barbosa pede para não votarem no PTÉ falsa capa da Veja em que Joaquim Barbosa pede para não votarem no PTTwitterFacebookE-mailWhatsAppÉ falsa capa da Veja em que Joaquim Barbosa pede para não votarem no PTPor Bárbara Libório 28 de outubro de 2018, 10h05TwitterFacebookEmailWhatsAppVoltou a circular nas redes sociais a imagem de uma capa da revista semanal Veja, da editora Abril, que mostra o ex-ministro do Supremo Tribunal Federal Joaquim Barbosa e uma declaração em que ele supostamente pede para que a população não vote no PT. A capa e a declaração, no entanto, são FALSAS. Não há registros de que essa capa tenha sido publicada, assim como de que Joaquim Barbosa tenha dito isso. Além disso, há indícios de manipulação de imagem. A informação foi verificada por Aos Fatos e pela Agência Lupa.No Facebook, a imagem tem sido postada por páginas e perfis pessoais desde o início de outubro e já teve mais de 8,8 mil compartilhamentos até a manhã deste domingo (28). O conteúdo foi denunciado por usuários do Facebook e classificadas com o selo FALSO na ferramenta de verificação da rede social (entenda como funciona).Confira, abaixo, o que checamos.FALSOCapa da Veja mostra Joaquim Barbosa pedindo para que a população não vote no PT.A primeira versão da capa falsa da Veja circulou ainda em 2014, com uma foto do ex-ministro e a frase ""Se a população quer me homenagear, basta não votar no PT"". Na ocasião, o portal Boatos.org desmentiu a montagem. O primeiro indício de que a imagem foi montada é o tamanho do logotipo da editora Abril, que aparece bem maior do que o padrão das capas da revista. O tamanho do texto e a fonte utilizada, e o fato de haver apenas uma matéria em destaque também fogem do padrão da publicação. Além disso, nenhuma das edições publicadas pela Veja em julho de 2014, de quando data a montagem, trazia a imagem na capa.Joaquim Barbosa, relator da Ação Penal 470 no STF, o Mensalão, já fez críticas ao PT. No ano passado, por exemplo, ao Estadão, ele afirmou não saber como PMDB, PSDB e PT ""têm coragem de lançar candidatos"". Mas não não há nenhum registro de que ele tenha feito a declaração que consta na capa montada.O ex-ministro, que chegou a ser cotado como um forte candidato à presidência da República, mas desistiu de se candidatar em maio, voltou aos holofotes após, no último sábado (27), declarar seu voto ao candidato Fernando Haddad, do PT. Até então, ele não havia manifestado apoio a nenhum candidato. Ontem, no entanto, ele afirmou que avaliou os aspectos positivos e os negativos dos dois candidatos e disse que ""pela primeira vez em 32 anos de exercício do direito de voto, um candidato me inspira medo"".Votar é fazer uma escolha racional. Eu, por exemplo, sopesei os aspectos positivos e os negativos dos dois candidatos que restam na disputa. Pela primeira vez em 32 anos de exercício do direito de voto, um candidato me inspira medo. Por isso, votarei em Fernando Haddad.- Joaquim Barbosa (@joaquimboficial) 27 de outubro de 2018Neste sábado e domingo, a equipe do Aos Fatos se uniu a outras cinco agências de checagens de notícias no Brasil para verificar as mensagens de conteúdo suspeito nesta reta final das eleições. A ideia de juntar forças é para ganhar mais agilidade e aumentar o alcance das checagens. A parceria reúne o Fato ou Fake, Projeto Comprova, Lupa, Boatos.org e e-Farsas. Este conteúdo foi checado originalmente pela Agência Lupa.TwitterFacebookEmailWhatsAppLeia tambémCinco fatos sobre migraçãoNão é verdade que Moro afastou promotor do caso Queiroz e delegado que investiga morte de MarielleHomem em foto com Flávio Bolsonaro é assessor do senador, não acusado de matar Marielle]"	1
52	"Com base no texto do site de checagem, a informação falsa que foi encontrada e desmentida é:  **""É falso que todos os senadores do PT votaram pelo aumento do STFApenas dois dos nove petistas do Senado foram a favor do reajuste salarial que produzirá efeito cascata""**  O texto detalha que, na votação do PLC 27/2018, apenas dois senadores do PT votaram a favor do aumento salarial dos ministros do STF. "	" #Verificamos: É falso que todos os senadores do PT votaram pelo aumento do STFApenas dois dos nove petistas do Senado foram a favor do reajuste salarial que produzirá efeito cascataCircula no Facebook a informação de que todos os senadores do PT votaram a favor do aumento de salário concedido aos ministros do Supremo Tribunal Federal (STF) no início deste mês. Por meio do projeto de verificação de notícias, usuários do Facebook solicitaram que esse material fosse analisado. Confira a seguir o trabalho de verificação da Lupa:""Todos os senadores do PT votaram a favor do aumento para os ministros do STF""Texto publicado no Facebook (aqui) e que, até as 20h do dia 19 de novembro de 2018, tinha mais de 56 mil compartilhamentos FALSOEm 7 de novembro de 2018, os senadores votaram e aprovaram o Projeto de Lei da Câmara 27 (PLC 27/2018), que aumentou o salário dos ministros do STF de R$ 33,7 mil para R$ 39,2 mil. Na ocasião, dos nove senadores petistas, apenas dois votaram a favor: Jorge Viana (PT-AC) e Paulo Rocha (PT-PA).Três senadores petistas votaram contra o projeto: José Guimarães (PT-CE), Regina Sousa (PT-PI) e Fátima Bezerra (PT-RN). Lindbergh Farias (PT-RJ) e Paulo Paim (PT-RS) registraram presença, mas não registraram voto. Gleisi Hoffmann (PT-PR) e Humberto Costa (PT-PE) não estavam presentes na votação. Essas duas faltas já foram justificadas. Gleisi informou à Câmara que estava ""em atividade política ou cultural"". Costa, que estava em ""missão oficial"" pelo Senado numa reunião do parlamento do Mercosul, em Buenos Aires.O projeto foi aprovado por 41 votos a 16 e, agora, aguarda sanção do presidente Michel Temer (MDB). Como o salário dos ministros é o teto do funcionalismo público, a medida deve causar um ""efeito cascata"" no vencimento de outros cargos públicos.*Nota: esta reportagem faz parte do projeto de verificação de notícias no Facebook. Dúvidas sobre o projeto? Entre em contato direto com o Facebook.Editado por: Cristina Tardáguila"	1
53	"Com base no texto do site de checagem, a informação falsa que foi desmentida é:  **""Lula foi autorizado a dar entrevista um dia antes do 2° turno""**  O texto explica que essa afirmação é falsa porque o ministro Dias Tofoli, presidente do STF, proibiu entrevistas, e não houve decisão que autorizasse Lula a dar entrevistas. "	"""É #FAKE que Lula foi autorizado a dar entrevista um dia antes do 2° turno""Mensagem que viralizou no WhatsApp é falsa. Ministro Dias Toffoli, presidente do STF, proibiu entrevistas. Circula nas redes sociais uma mensagem que diz que ""Lula foi autorizado a dar entrevista dia 27, sábado, depois que acabar o horário eleitoral e um dia antes das eleições do segundo turno"". Não há, no entanto, nenhuma decisão que autorize o ex-presidente a dar entrevistas. A mensagem, portanto, é #FAKE.A assessoria de imprensa do Supremo Tribunal Federal (STF) diz que não há qualquer decisão final que autorize Lula a ser entrevistado até o momento.Há o processo RCL 32035, que se refere ao pedido da ""Folha de S.Paulo"" para entrevistar Lula, e o processo RCL 31965, que se refere ao pedido de entrevista por parte de Florestan Fernandes Junior.No dia 28 de setembro, Lewandowski autorizou ambas as entrevistas, que, no mesmo dia, foram suspensas pelo ministro Luiz Fux, também do STF. Ele atendeu ao pedido do partido Novo por meio do processo SL 1178.No dia 1° de outubro, Lewandowski autorizou novamente a entrevista e reafirmou sua primeira decisão. Em resposta, no mesmo dia, o presidente do STF, Dias Toffoli, manteve decisão de Fux pela proibição da entrevista.Desde então, não houve nenhuma novidade em relação a pedidos.A Globo, citada na mensagem, nega ter feito um pedido de entrevista à Justiça. "	1
54	"Com base no texto da notícia de checagem, a informação falsa que foi desmentida é:  **""É #FAKE que mulheres comandaram arrastão em ônibus do BRT no Rio""**  O texto detalha que o assalto ocorreu em um micro-ônibus em São Gonçal do Amarante, Rio Grande do Norte, e não em um ônibus do BRT no Rio de Janeiro, como foi inicialmente divulgado. "	"""É #FAKE que mulheres comandaram arrastão em ônibus do BRT no Rio""Assalto ocorreu em São Gonçalo do Amarante, no Rio Grande do Norte Circula no WhatsApp e nas redes sociais o vídeo de um assalto comandado por mulheres em um ônibus, junto com relatos de que o caso ocorreu num veículo do BRT Rio, sentido Barra. Em uma versão, a data informada do assalto é a última quinta-feira (17). Outros usuários afirmaram que o vídeo foi gravado na terça-feira (15). Os relatos, entretanto, são #FAKE.Na realidade, o arrastão ocorreu em um micro-ônibus no município de São Gonçalo do Amarante, no Rio Grande do Norte (RN), na noite de terça-feira (15).No vídeo, gravado pela câmera de segurança, é possível ver um homem armado render o motorista. Em seguida, duas mulheres vão para o corredor e começam a recolher os pertences dos passageiros. Os três conseguiram fugir.As imagens foram divulgadas pela Delegacia de Polícia Civil de São Gonçalo do Amarante na internet em busca dos assaltantes. O caso foi noticiado pelo G1.Vídeo: Veja como identificar uma mensagem falsa "	1
55	"Com base no texto do site de checagem, a informação falsa que foi desmentida é:  **""PF não apreendeu carga de maconha em avião de liderança do MST""**  O texto afirma que a operação mostrada no vídeo e analisada pela Lupa ""não teve qualquer relação com o MST"" e que o caso não é recente (data de março de 2018). "	" #Verificamos: PF não apreendeu carga de maconha em avião de liderança do MSTVídeo divulgado nas redes sociais é antigo e não tem relação com o movimentoCirculam nas redes sociais fotos e vídeos de uma operação policial na qual foram encontradas grandes quantidades de maconha em um avião. As legendas ""informam"" que os alvos da operação foram membros do Movimento dos Trabalhadores Rurais Sem Terra (MST). Por meio do projeto de verificação de notícias, usuários do Facebook solicitaram que esse material fosse analisado. Confira a seguir o trabalho de verificação da Lupa:""Veja o resultado de uma batida policial, na casa das lideranças do acampamento do inocente MST, no município de Descalvado-SP""Legenda de vídeo publicado no Facebook e que, até as 16h20 do dia 21 de janeiro de 2019, já tinha mais de 20 mil compartilhamentosFALSOA operação mostrada no vídeo e analisada pela Lupa não teve qualquer relação com o MST. O caso não é recente. Data de março de 2018. Não ocorreu numa casa, mas no hangar de uma pista clandestina existente numa fazenda de Paraguaçu Paulista, a cerca de 350 quilômetros de Descalvado (SP).Segundo o site G1, em 5 de março de 2018, a Polícia Federal apreendeu 990 quilos de maconha dentro de um avião agrícola. Outros 400 quilos foram encontrados no hangar. Três homens foram presos: o piloto José Albano Martins da Neves, Ronaldo Camilo dos Reis e João Franco de Lacerda, que é bombeiro aposentado. Não há nenhum registro público que indique que eles tenham relação com o MST. O local onde a operação foi realizada também não é um acampamento do movimento.Existe também um vídeo da TV Record que mostra a mesma operação, incluindo trechos da gravação que circula atualmente no Facebook com os dados falsos.*Nota: esta reportagem faz parte do projeto de verificação de notícias no Facebook. Dúvidas sobre o projeto? Entre em contato direto com o Facebook.Editado por: Cristina Tardáguila e Natália Leal"	1
56	"Com base no texto do site de checagem, a informação falsa que foi desmentida é:  **""É #FAKE que Show da Virada tem fracasso de venda de ingresseiros e será cancelado""**  O texto detalha que o evento foi realizado com grande público, gravado em Pernambuco e terá exibição em 31 de dezembro, refutando a alegação de fracasso de vendas e cancelamento. "	"""É #FAKE que Show da Virada tem fracasso de venda de ingressos e será cancelado""Post com conteúdo falso circula em redes sociais. Evento já foi, inclusive, realizado. Circula pelas redes sociais um texto que diz que o Show da Virada, da TV Globo, teve fracasso de venda de ingressos e será cancelado por falta de público. A informação é #FAKE.O Show da Virada já foi, inclusive, gravado, em Pernambuco, e acompanhado por uma multidão no último dia 14, com participação dos artistas Wesley Safadão, Ivete Sangalo, Simone &amp; Simaria, Luan Santana, Thiaguinho e Raça Negra. O programa vai ser exibido em 31 de dezembro.A gravação aconteceu fora do eixo Rio-SP para dar continuidade ao formato itinerante do Show da Virada, que já passou por Salvador e Belo Horizonte.Para Raoni Carneiro, diretor artístico da atração, a escolha não foi à toa. ""Além de fazer parte do circuito oficial de grandes eventos do país, Recife tem uma relevância cultural enorme dentro do cenário musical da atualidade. O desejo de levar o Show da Virada a Recife era antigo, também devido ao público da cidade, que sempre responde muito bem ao clima de festa."" "	1
57	"Com base no texto fornecido, a informação falsa que foi desmentida é:  **""É #FAKE que vídeo mostra comitiva de Roseana Sarny caindo na água após ponte desabar na periferia de São Luís.""**  Em outras palavras, o texto desmente a alegação de que o vídeo em questão mostra Roseana Sarny e sua comitiva em um acidente com uma ponte em São Luís. O texto revela que o vídeo, na verdade, mostra um evento que ocorreu nas Filipinas. "	"""É #FAKE que vídeo mostra comitiva de Roseana Sarney caindo na água após ponte desabar na periferia de São Luís""Legenda falsa distribuída no Twitter acompanha vídeo de episódio que ocorreu nas Filipinas. Assessoria de candidata ao governo do MA diz que texto é falso e que ela está bem.  Circula pelo Twitter um vídeo em que uma ponte de madeira desaba e uma comitiva de funcionários públicos e políticos cai na água. A legenda que acompanha o vídeo afirma que a comitiva é da candidata ao governo do Maranhão, Roseana Sarney, e que o acidente ocorreu quando ela pedia voto na periferia de São Luís. A mensagem é #FAKE.O vídeo, publicado em 12 de agosto, já tem mais de 100 mil visualizações. Mas a imagem, na verdade, mostra um episódio ocorrido nas Filipinas, em abril deste ano, quando uma equipe oficial caiu após o desmoronamento de uma ponte de palafitas.Uma busca reversa pelas imagens leva a notícias sobre o episódio real, publicadas em jornais locais. Veja aqui e aqui.O assessor de imprensa de Roseana Sarney diz que o post é totalmente falso. ""A Roseana não sofreu nenhum acidente, ela está bem"". Ainda de acordo com a assessoria, a candidata ao governo do Maranhão passou a manhã da segunda-feira no apartamento dela e o domingo de Dia dos Pais junto com a família. "	1
58	"Com base no texto da notícia de checagem, a informação falsa que está sendo desmentida é:  **""Os depoimentos do delator Júlio Camargo à força-tarefa da Operação Lava Jato não podem ser usados na Corte porque o acordo foi celebrado na primeira instância.""**  A notícia de checagem argumenta que a Justiça pode ouvir novamente o delator nas mesmas condições do acordo, caso haja necessidade, invalidando o argumento de que o acordo celebrado na primeira instância impede o uso dos depoimentos no STF. "	"Fala de delator na 1ª instância da Lava Jato serve ao STF? Lei mostra que simFala de delator na 1ª instância da Lava Jato serve ao STF? Lei mostra que simTwitterFacebookE-mailWhatsAppFala de delator na 1ª instância da Lava Jato serve ao STF? Lei mostra que sim 2 de março de 2016, 18h10TwitterFacebookEmailWhatsAppO advogado e ex-procurador-geral da República Antonio Fernando de Souza, que defende o presidente da Câmara, Eduardo Cunha (PMDB-RJ), disse nesta quarta-feira (2) em sua sustentação oral no STF (Supremo Tribunal Federal) que os depoimentos do delator Júlio Camargo à força-tarefa da Operação Lava Jato não podem ser usados na Corte porque o acordo foi celebrado na primeira instância.O argumento questiona a validade da fala do delator, uma vez que ela foi feita posteriormente à homologação de sua delação premiada. Não leva em conta, porém, o fato de que a Justiça pode ouvir novamente o delator nas mesmas condições do acordo, caso haja necessidade. Isso faz com que as declarações de Camargo não sejam um depoimento comum, na condição de testemunha.Aos Fatos checou a afirmação do advogado de Cunha e constatou que é FALSA.FALSODelator não pode, ao mesmo tempo, ser colaborador e testemunha.Conforme apontou o ministro Teori Zavascki em seu voto, a informação é FALSA. ""Não se pode confundir o acordo de delação premiada, que está sujeito a homologação, com os depoimentos"", disse o magistrado.Em seu voto, ele fez menção a um trecho da lei 12.850/2013, que regulamenta as delações premiadas. ""Depois de homologado o acordo, o colaborador poderá, sempre acompanhado pelo seu defensor, ser ouvido pelo membro do Ministério Público ou pelo delegado de polícia responsável pelas investigações"", citou Teori. ""Significa dizer que no nosso sistema, uma vez prestada a colaboração, os depoimentos podem ser usados por terceiros"", comentou em seguida.Veja como o ministro relator cita literalmente o parágrafo 9º, do artigo 4º, inciso V:Foto: ReproduçãoTeori também falou do fato de Júlio Camargo ter incluído o nome de Cunha como beneficiário de propina posteriormente à homologação de seu acordo. O ministro ressaltou que o delator justificou a mudança de posição: medo de sofrer retaliação por parte do presidente da Câmara.TwitterFacebookEmailWhatsAppLeia tambémCinco fatos sobre migraçãoNão é verdade que Moro afastou promotor do caso Queiroz e delegado que investiga morte de MarielleHomem em foto com Flávio Bolsonaro é assessor do senador, não acusado de matar Marielle]"	1
59	"Com base no texto da notícia de checagem fornecido, podemos identificar as seguintes informações falsas que foram desmentidas:  1.  **Cuba não recebe parte da arrecadação com placas do Mercosul no Brasil:** A notícia de checagem afirma que a alegação de que Cuba recebe parte da arrecadação com a adoção de novas placas no padrão Mercosul é falsa.  2.  **A existência da entidade ""Renac (Reconstrucción Nacional de Cuba)"":** A notícia de checagem desmente a alegação de que Cuba repassaria a arrecadação através de uma entidade chamada Renac.  3.  **A gravação do nome da entidade cubana nas novas placas:** A notícia de checagem desmente a afirmação de que o nome da entidade cubana está gravado nas novas placas.  Em resumo, a notícia de checagem identifica e desmente a seguinte informação falsa: **Cuba recebe parte da arrecadação com placas do Mercosul no Brasil.** "	"Cuba não recebe parte da arrecadação com placas do Mercosul no BrasilCuba não recebe parte da arrecadação com placas do Mercosul no BrasilTwitterFacebookE-mailWhatsAppCuba não recebe parte da arrecadação com placas do Mercosul no BrasilPor Judite Cypreste 29 de novembro de 2018, 18h27TwitterFacebookEmailWhatsAppPublicações no Facebook afirmam que 2% da arrecadação com a adoção de novas placas no padrão Mercosul no Brasil será destinada à Cuba, o que não é verdade. Segundo a peça de desinformação, o repasse seria feito por intermédio de uma entidade chamada Renac (Reconstrucción Nacional de Cuba), mas essa organização não existe, nem o país é membro do Mercosul. Também é falso que o nome da entidade cubana está gravado nas novas placas: a imagem que acompanha os posts foi desmentida pelo Denatran (Departamento Nacional de Trânsito), órgão federal responsável pela implementação do novo modelo.Nos últimos sete dias, oito publicações com essas informações falsas - idênticas, em perfis pessoais, e que já somam, juntas, quase 5.500 compartilhamentos - foram denunciadas por usuários do Facebook. Aos Fatos marcou esses posts com o selo FALSO na ferramenta de verificação da rede social (entenda como funciona).Confira abaixo, em detalhes, o que checamos.FALSOVocê sabia que 2% de toda arrecadação do veículo do Mercosul será destinado para a Entidade Internacional do Mercosul a RENAC, você sabe o que é a RENAC ? (...) RENAC é Reconstrucción Nacional de Cuba.Além do texto com informações falsas, a publicação que tem circulado no Facebook traz uma montagem para fazer crer que a sigla Renac está gravada nas placas padrão Mercosul, o que também não é verdade, segundo informou o Ministério das Cidades ao Aos Fatos.Além disso, no site do Mercosul e do Ministério das Cidades não há qualquer registro ou menção sobre a instituição Reconstrucción Nacional de Cuba ou a sigla RENAC. Vale ainda lembrar que Cuba não é integrante do Mercosul, que engloba Argentina, Brasil, Paraguai, Uruguai e Venezuela (esta última atualmente suspensa do bloco econômico). Cuba nem mesmo faz parte da lista de países que são apenas associados ao Mercosul: Bolívia, que está em processo de adesão; Chile, Colômbia, Equador, Guiana, Peru e Suriname.Segundo a Resolução nº 729, de 06 de março de 2018, responsável por estabelecer o novo sistema de identificação veicular no padrão Mercosul, os únicos elementos que integram as placas são: emblema do Mercosul, Bandeira do Brasil, Bandeira da Unidade da Federação, emblema do município, nome do Brasil e a a sigla ""BR"". Para veículos oficiais e de representação, entidades ou pessoas estrangeiras no país, há elementos específicos, como emblemas e siglas, mas nenhum com referência à RENAC ou a ""Reconstrucción Nacional de Cuba"".Na semana passada, o Denatran anunciou mudanças nos elementos que compõem a placa: os símbolos estaduais e municipais, bem como os símbolos oficiais e diplomáticos, até então previstos na lei, devem ser retirados. Assim, mesmo que haja alteração da localidade do veículo, não haverá a necessidade de uma nova troca de placa para o proprietário. A sugestão ainda será submetida para avaliação do Contran (Conselho Nacional de Trânsito).Nova placa. A adoção das placas chegou a ser suspensa em outubro deste ano, após uma decisão provisória da desembargadora federal Daniele Maranhão Costa, do TRT-1 (Tribunal Regional Federal da 1ª Região). Segundo o decisão, duas razões impediriam a adoção. A primeira, segundo a desembargadora, é que, na resolução que implementou as placas Mercosul, o Denatran ficaria responsável por credenciar as fabricantes de placas, o que, pelo Código de Trânsito Brasileiro seria função dos Detrans. A segunda, foi a falta de um sistema de consultas e troca de informações sobre as novas placas, antes que elas fossem adotadas.A suspensão, no entanto, durou poucos dias, já que o STJ (Superior Tribunal de Justiça) voltou a liberar o emplacamento de automóveis com o novo modelo, após um pedido da União. O Brasil é o terceiro país do Mercosul a adotar o modelo, que já é usado no Uruguai (2015) e na Argentina (2016). No Brasil, o Estado do Rio de Janeiro foi o primeiro a adotar a medida, que deve ser até dia 01 de dezembro nos outros estados do país. TwitterFacebookEmailWhatsAppLeia tambémCinco fatos sobre migraçãoNão é verdade que Moro afastou promotor do caso Queiroz e delegado que investiga morte de MarielleHomem em foto com Flávio Bolsonaro é assessor do senador, não acusado de matar Marielle]"	1
60	"Com base no texto do site de checagem, a informação falsa que foi encontrada e desmentida é:  **""Os venezuelanos invadindo os condomínios em busca de comida.""**  O texto explica que a gravação do vídeo é de 2014 e mostra uma invasão de um conjunto habitacional por falta de participação em um programa de moradia, e não por busca por comida. A legenda que acompanha o vídeo é a que contém a informação falsa. "	" #Verificamos: Vídeo antigo não mostra venezuelanos em busca de comidaEm gravação de 2014, pessoas invadiram conjunto habitacional por terem ficado de fora de programa de moradia - não por alimentoCirculam nas redes sociais vídeos que mostram um grupo de venezuelanos escalando prédios e entrando em apartamentos pelas janelas. As postagens que acompanham esses vídeos afirmam que o grupo estaria invadindo as propriedades para furtar comida. Por meio do projeto de verificação de notícias, usuários do Facebook solicitaram que esse material fosse analisado. Confira a seguir o trabalho de verificação da Lupa:""Os venezuelanos invadindo os condomínios em busca de comida. O socialismo instalou o caos na Venezuela! E a imprensa brasileira esconde isso""Alerta que acompanha vídeo que, até as 18h do dia 10 de setembro de 2018, já tinha mais de 111 mil compartilhamentos no FacebookFALSOO vídeo em si é verídico, mas a legenda que o acompanha é falsa. A gravação, que voltou a circular nos últimos dias mostra, na verdade, episódio que ocorreu em 2014, na cidade venezuelana de Ocumare del Tuy. Em março daquele ano, um conjunto habitacional seria entregue a um grupo de cidadãos inscritos no programa de urbanismo ""Ciudad Betania V"". Pessoas que não foram contempladas iniciaram um protesto, exigindo serem incorporadas ao programa e alegando serem parte de um grupo populacional com prioridade. Por não serem atendidas em suas demandas, essas pessoas invadiram os apartamentos. Elas não estavam, portanto, em busca de comida, mas de habitação. A maior parte dos imóveis do programa estava, inclusive, vazia. Verificação semelhante foi feita pelo site boatos.org.*Nota: esta reportagem faz parte do projeto de verificação de notícias no Facebook. Dúvidas sobre o projeto? Entre em contato direto com o Facebook. Editado por: Cristina Tardáguila e Chico Marés"	1
61	"Com base no texto do site de checagem, a informação falsa que foi desmentida é:  **""Sócios de empresa contratada pelo TSE têm ligação com o PT""**  O texto explica que as páginas nas redes sociais atribuídas a supostos donos da consultoria CPD Consultoria são, na verdade, de outras pessoas com nomes parecidos, e que o vídeo que fazia essa afirmação falsa foi exposto pelos autores do vídeo. "	"""É #FAKE que sócios de empresa contratada pelo TSE têm ligação com o PT""Páginas nas redes sociais atribuídas a supostos donos de consultoria são de outras pessoas com nomes parecidos. Vídeo postado pela página Direita Goiás no Facebook afirma que sócios de empresa contratada pelo Tribunal Superior Eleitoral (TSE) para divulgação de resultados das eleições têm ligação com o Partido dos Trabalhadores (PT). Supostos perfis nas redes sociais foram expostos pelos autores dos vídeos, mas as páginas são de outras pessoas e as afirmações são #FAKE.A empresa CPD Consultoria, Planejamento e Desenvolvimento de Sistemas foi convocada pelo TSE na última semana para fazer a divulgação de informações sobre a apuração dos votos nas eleições do domingo. Ela tem como sócios os irmãos Christian Leite Limp de Azevedo e Luciana Leite Limp de Azevedo. O vídeo publicado nas redes sociais, entretanto, mostra os perfis de outras pessoas, com nomes parecidos, que teriam ligação com o PT.Ao Projeto Comprova, Christian Leite Limp de Azevedo, sócio da CPD, afirmou que sequer tem perfil na rede social: ""Aquele perfil que acharam não é meu. Aquele Christian Azevedo não sou eu. O perfil que acharam também não é da minha irmã"", afirmou o empresário, que é filiado ao partido Novo, segundo a relação do TSE.O homem que foi confundido com ele é Christian Jesus Silva de Azevedo, que desde o dia 25 tem postado esclarecimentos na sua rede social afirmando que não tem ligação com a empresa. Segundo as informações de seu perfil, ele é professor de um curso preparatório para concursos e auditor fiscal da Receita Estadual do Rio Grande do Sul. ""Sou auditor e professor. Não tenho e nunca tive empresa. O que estão fazendo é uma irresponsabilidade e uma maldade"", afirmou ele em uma postagem. De acordo com o Comprova, ele prestou queixa à Polícia Civil por conta dos ataques, ameaças e ofensas que vem recebendo.Já o perfil de Luciana Sabino informa que ela é historiadora. Luciana Leite Limp de Azevedo, no entanto, a verdadeira sócia da CPD, é psicóloga com perfil ativo no Conselho Regional de Psicologia.A empresa participou de uma licitação para a contratação do serviço de distribuição de informações públicas e aceleração de conteúdo não intrusivo, por via de disponibilização de uma rede de distribuição de conteúdos (Content Distribution Network -CDN) para replicação de informações dos portais da Justiça Eleitoral. A empresa vencedora foi a BRCloud Services Ltda, mas o contrato com ela foi rescindido este mês, segundo o TSE, por descumprimento contratual.""Com base no previsto na legislação que normatiza as licitações na Administração Pública, o Tribunal convocou as demais empresas participantes do pregão 62/2018 para prestar o serviço remanescente do contrato (TSE 93/2018). Segunda colocada no pregão, a empresa CPD - Consultoria, Planejamento e Desenvolvimento de Sistemas Ltda foi então contratada para prestar os serviços pelos dois meses remanescentes, após ter apresentado a documentação exigida pelo edital"", informa, em nota, o TSE, acrescentando: ""Cabe ressaltar que o novo contrato foi assinado com os mesmos valores da primeira colocada, com as devidas adequações financeiras em razão do prazo remanescente a ser executado.""Neste sábado e domingo a equipe do Fato ou Fake se uniu a outras cinco agências de checagens de notícias no Brasil para checar as mensagens de conteúdo suspeito nesta reta final das eleições. A ideia de juntar forças é para ganhar mais agilidade e aumentar o alcance das checagens. A parceria reúne o Fato ou Fake, Projeto Comprova, Lupa, Aos Fatos, Boatos.org e E-Farsas "	1
62	"Com base no texto da notícia de checagem, a informação falsa que foi identificada e desmentida é:  **""É falsa lista que coloca Bíblia de Mogúncia e primeira edição de Os Lusíadas entre itens queimados no Museu Nacional.""**  A notícia de checagem da Lupa confirma que esses itens não foram destruídos no incêndio, mas sim fazem parte do Acervo Especial de Obras Raras da Biblioteca Nacional. "	" #Verificamos: É falsa lista que coloca Bíblia de Mogúncia e primeira edição de Os Lusíadas entre itens queimados no Museu NacionalPeças elencadas em posts fazem parte do Acervo Especial de Obras Raras da Biblioteca NacionalCircula nas redes sociais uma lista com alguns itens históricos, raros e valiosos que estariam no Museu Nacional, no Rio de Janeiro, e teriam sido destruídos no incêndio do último domingo (2). Por meio do projeto de verificação de notícias, usuários do Facebook solicitaram que essa informação fosse analisada. Confira a seguir o trabalho de verificação feito pela Lupa:""Itens do acervo perdido: Primeira edição da obra Os Lusíadas, de Luiz Vaz de Camões, de 1572. Pergaminho datado do século XI com manuscritos em grego sobre os quatro Evangelhos, o exemplar mais antigo da Biblioteca Nacional e da América Latina. A Bíblia de Mogúncia, de 1462, primeira obra impressa a conter informações como data, lugar de impressão e os nomes dos impressores, os alemães Johann Fust e Peter Schoffer, ex-sócios de Gutemberg. A crônica de Nuremberg, de 1493, considerado o livro mais ilustrado do século XV, com mapas xilogravados tidos como os mais antigos em livro impresso. Bíblia Poliglota de Antuérpia, de 1569, Obra monumental do mais renomado impressor do século XVI: Cristóvão Plantin (...)""Texto postado nos sites pleno.news, alfavip, agoranomundo, bvlnews, tercalivre, stellabortoni e blogdavidiniz, além de repostado por diversas páginas de Facebook ao longo dos últimos diasFALSOO Museu Nacional abrigava mais de 20 milhões de itens, entre coleções de arqueologia egípcia, antropologia indígena, arqueologia, botânica...Estima-se que 90% de todo o acervo tenha sido perdido durante o incêndio. Até às 17h desta terça-feira (4), não se sabia ainda o que eventualmente poderia ser restaurado. Mas fato é que o Museu Nacional não abrigava nenhum dos 10 artefatos mencionados pelos sites analisados e nos posts que acabaram reproduzindo conteúdo semelhante e viralizaram no Facebook.Os itens abaixo estão na Biblioteca Nacional, conforme revela uma busca simples no Google. Eles fazem parte do Acervo Especial de Obras Raras da Instituição, que abriga objetos únicos datados pelo menos do século XV.1- Primeira edição da obra Os Lusíadas, de Luiz Vaz de Camões, de 1572.2- Pergaminho datado do século XI com manuscritos em grego sobre os quatro Evangelhos, o exemplar mais antigo da Biblioteca Nacional e da América Latina.3- A Bíblia de Mogúncia, de 1462, primeira obra impressa a conter informações como data, lugar de impressão e os nomes dos impressores, os alemães Johann Fust e Peter Schoffer, ex-sócios de Gutemberg.4- A crônica de Nuremberg, de 1493, considerado o livro mais ilustrado do século XV, com mapas xilogravados tidos como os mais antigos em livro impresso.5- Bíblia Poliglota de Antuérpia, de 1569, Obra monumental do mais renomado impressor do século XVI: Cristóvão Plantin.6- A primeira edição da Arte da Gramática da Língua Portuguesa, escrita pelo Padre José de Anchieta em 1595.7- O Rerum Per Octennium... Brasília, de Baerle, escrito em 1647, com 55 pranchas a cores desenhadas por Frans Post.8- Exemplar completo da famosa Encyclopédie Française, uma das obras de referência para a Revolução Francesa.9- O primeiro jornal impresso do mundo, datado de 1601.10- Exemplar único e considerado raríssimo do livro publicado em 1605 pelo autor Hrabanus Maurus, que criou o caça-palavras em forma de poesia visual.O texto que viralizou citando essas peças como se elas fossem do Museu Nacional é a exata transcrição do que está no site da Biblioteca Nacional.A Biblioteca Nacional é o órgão responsável pela execução da política governamental de captação, guarda, preservação e difusão da produção intelectual do país. Com mais de 200 anos de história, é a mais antiga instituição cultural brasileira. Possui um acervo de aproximadamente 9 milhões de itens e, por isso, foi considerada pela Unesco como uma das principais bibliotecas nacionais do mundo.O Museu Nacional é uma instituição autônoma, integrante do Fórum de Ciência e Cultura da Universidade Federal do Rio de Janeiro, vinculada ao Ministério da Educação que completou 200 anos em 2018. Fica em outra região da cidade do Rio.Verificação semelhante foi feita pelo Globo.*Nota: esta reportagem faz parte do projeto de verificação de notícias no Facebook. Dúvidas sobre o projeto? Entre em contato direto com o Facebook.Editado por: Cristina Tardáguila, Chico Marés e Clara Becker"	1
63	"Com base no texto do site de checagem, a informação falsa identificada é:  **""A foto circula em redes sociais como se fosse atual, mas ela foi publicada há quase dez anos.""**  Em outras palavras, a notícia falsa reside na alegação de que a imagem da pichação é recente, quando na verdade, a foto foi publicada há quase dez anos. O texto confirma que a imagem é antiga e foi divulgada pelo jornal ""O Globo"" em 2010. "	"""É #FAKE que muro na Uerj foi pichado com frase racista e símbolo nazista nesta quinta""Foto circula em redes sociais como se fosse atual, mas ela foi publicada há quase dez anos. Uma foto que mostra os muros do Teatro Odylo Costa Filho, na Universidade do Estado do Rio de Janeiro (Uerj), pichados com inscrições racistas e símbolos nazistas circula no WhatsApp e em outras redes sociais como se o episódio tivesse ocorrido nesta quinta-feira (11). A mensagem que diz os muros amanheceram assim, no entanto, é #FAKE .Os muros do teatro, localizado na universidade, de fato já foram pichados com ofensas racistas e símbolos nazistas, mas isso ocorreu em janeiro de 2010. A imagem, reproduzida pelo site do jornal ""O Globo"" naquele ano, é antiga.Apesar disso, a universidade, localizada na Zona Norte do Rio, registrou outro caso de pichação contra minorias e com apologia ao nazismo neste ano. Em março, mensagens homofóbicas e desenhos de suásticas foram encontrados em banheiros e no corredor do sétimo andar.Em nota, a reitoria da Uerj afirma que, na ocasião, as pichações foram removidas. ""A Uerj construiu sua excelência e sua qualidade no ensino, na pesquisa e na extensão focada em programas inclusivos, haja vista sua missão socialmente referenciada. Episódios de agressão verbal e física serão sempre coibidos pela universidade. Preservaremos nossa instituição como espaço plural, de convivência harmônica entre todas as crenças e ideologias. Discriminação racial, porém, é crime! A Uerj mantém o posicionamento de repudiar qualquer ato discriminatório, dentro ou fora do campus universitário"", diz o texto.A Uerj foi a primeira universidade pública do país a adotar o sistema de cotas, em 2003. Em setembro, a Assembleia Legislativa do Estado do Rio aprovou um projeto de lei do Executivo que prorroga o sistema de cotas por mais dez anos. "	1
64	"Com base no texto do site de checagem, a informação falsa que foi encontrada e desmentida é:  **""O voto em papel está disponível em todas as seções eleitorais.""**  O texto detalha como essa informação falsa circula nas redes sociais e como o Tribunal Superior Eleitoral (TSE) a desmentiu, explicando que o uso de urnas de lona e voto em papel são exceções e não estão disponíveis em todas as seções eleitorais. "	" #Verificamos: É falso que voto em papel está disponível em todas seções eleitoraisTSE ressalta que uso de urna de lona e voto em papel constitui excepcionalidadeCircula nas redes sociais imagem que sugere aos eleitores que caso tenham problemas nas urnas eletrônicas, no segundo turno, podem solicitar aos mesários o voto em papel. A imagem sugere que esta opção estaria disponível ""em todas as seções eleitorais"" do país. Por meio do projeto de verificação de notícias, usuários do Facebook solicitaram que esse material fosse analisado. Confira a seguir o trabalho de verificação da Lupa:""O voto em papel está disponível em todas as seções eleitorais""Texto visto em imagem que circula no WhatsApp FALSOA imagem traz duas informações falsas. De acordo com o Tribunal Superior Eleitoral (TSE) é falsa a informação de que o voto em papel ""está disponível em todas as seções eleitorais"". Em nota, o órgão informa que, quando uma urna eletrônica não funciona, ela é substituída por outra. ""O uso de urna de lona e voto em papel constitui uma excepcionalidade"". Ocorre apenas se os seguintes ""procedimentos de contingência"" não tiverem sido suficientes para resolver o problema: Ligar e desligar a urna eletrônica;Substituir a mídia de votação, que contém a memória da urna;Retirar as memórias e colocar em uma nova urna eletrônica.Também é falsa a informação de que, se houver erro na urna eletrônica, o eleitor poderá recorrer ao voto em papel. O TSE destaca que ""não há previsão, inclusive legal, de abandono da urna (eletrônica) para votar em papel"". O órgão afirma ainda que as seções eleitorais sequer estão preparadas para esse tipo de procedimento. A orientação é sempre visualizar a foto do candidato antes de pressionar a tecla ""Confirma"". Em qualquer caso de suspeição ou divergência, o eleitor deve alertar o mesário para que seja analisada a situação por um Juiz Eleitoral, pelo Ministério Público Eleitoral ou por pessoas por eles delegadas.*Nota: esta reportagem faz parte do projeto de verificação de notícias no Facebook. Dúvidas sobre o projeto? Entre em contato direto com o Facebook.Editado por: Clara Becker e Leandro Resende"	1
65	"Com base no texto do site de checagem fornecido, a informação falsa que está sendo desmentida é:  **""A numeração do habeas corpus, em de mais de 100 anos de corte constitucional.""**  O texto indica que A Fatos verificou a precisão da afirmação de que o número de habeas corpus (HCs) é o maior em mais de 100 anos de corte constitucional.  A verificação (indicada como ""IMPRECISO"") concluiu que a informação é imprecisa. "	"O crescente número de habeas corpus no STF - e as queixas dos ministros checadasO crescente número de habeas corpus no STF - e as queixas dos ministros checadasTwitterFacebookE-mailWhatsAppO crescente número de habeas corpus no STF - e as queixas dos ministros checadasPor Luiz Fernando Menezes 28 de março de 2018, 18h55TwitterFacebookEmailWhatsAppDurante o julgamento do pedido de habeas corpus do ex-presidente Lula, na última quinta-feira (22), os ministros do Supremo Tribunal Federal citaram de maneira recorrente a quantidade de processos desse tipo que se dizem obrigados a analisar. Luiz Fux, por exemplo, criticou o aumento de HCs no Supremo. Já Dias Toffoli citou vários dados relacionados ao tema, como a quantidade de pedidos que a Corte já recebeu: 15.400.Aos Fatos checou quatro dos dados citados por Dias Toffoli e Luiz Fux. Veja abaixo.IMPRECISOEm 23 de outubro de 2009, portanto são oito anos e meio, a numeração do habeas corpus, em de mais de 100 anos de corte constitucional, estava em 99 mil... - Dias Toffoli, ministro do SupremoPrimeiramente, é necessário explicar como funciona a numeração dos habeas corpus. Os números que seguem o processo correspondem, historicamente, ao número de habeas corpus (HC) e de recursos ordinários em habeas corpus (RHC) - que é o recurso cabível contra uma decisão pela não concessão do pedido - protocolados no STF.De acordo com a tabela de habeas corpus concedidos pelo STF, o número de processos desse tipo já tinha passado dos 100 mil antes de o próprio Dias Toffoli ser indicado pelo ex-presidente Luiz Inácio Lula da Silva ao cargo de ministro do STF, em 2009.Em 2009, primeiro ano disponível na base de dados, dos 428 habeas corpus concedidos, 25 já tinham numeração na casa da centena de milhar. O maior registro antes de Dias Toffoli assumir a cadeira foi o HC-100789, no dia 30 de setembro de 2009. Além disso, naquele ano, o número de registro de processos concedidos foi do 82.587 (datado em 26 de maio) ao 101.928 (datado em 11 de dezembro).É importante ressaltar também que as numerações correspondem aos habeas corpus concedidos. Isso significa que poderiam existir, já naquela data, processos protocolados ou registrados no STF com números maiores.VERDADEIRO... hoje, a numeração do habeas corpus está em 154.500... - Dias Toffoli, ministro do SupremoSegundo a Lista Geral do Acervo STF, atualizada até a última segunda-feira (26), o último processo deste tipo em tramitação no Supremo é, na verdade, o RHC-154682 (datado de 24 de março de 2018). Se formos levar em consideração apenas os pedidos de habeas corpus, o último processo é o HC-154676 (datado em 23 de março de 2018).Levando em consideração a pequena margem de erro e o fato de a declaração ter sido dada um dia antes desses registros, Aos Fatos classifica a declaração como VERDADEIRA.VERDADEIRO... ou seja, em 9 anos (...) tivemos 50% daquilo que houve em mais de 100 anos. - Dias Toffoli, ministro do SupremoDe acordo com a tabela de quantidade de habeas corpus por ano no STF, de 2010 até 2018 (sendo a última atualização no dia 25 de março), foram protocolados 46.675 processos desse tipo. Desses, 11.327 são de 2017, ano com maior número de HCs da história da Suprema Corte. Vale destacar também que em 2018 já são 2.419 habeas corpus protocolados. Se contarmos ainda os recursos ordinários em habeas corpus (RHC), o número pula para 51.335.É interessante destacar que o número de novos HCs no STF se manteve praticamente estável entre 2008 (com 3.736 protocolados) e 2014 (com 4.483 protocolados). Foi em 2015 (com 5584 protocolados) que o número começou a subir drasticamente: de 2014 a 2015 houve um aumento de 24,5%; em 2016 (com 6491 protocolados), o aumento foi de 16,2% em relação ao ano anterior; e em 2017 (11.327, como dito anteriormente), o número subiu 74,5%.De acordo com a assessoria do STF, o processo protocolado com a maior numeração em 2009 foi o HC-102262 (datado no dia 31 de dezembro). Se levarmos em consideração o acumulado de 2010 a 2018, temos um aumento de 50,1%. Logo, a declaração do ministro é VERDADEIRA.INSUSTENTÁVEL99% dos casos levados à [primeira] turma são habeas corpus. - Luiz Fux, ministro do SupremoHoje, de acordo com o acervo atual do STF, estão em tramitação 4.075 pedidos de habeas corpus e 1.003 recursos ordinários em habeas corpus. O número corresponde a todos os processos que pelo menos foram autuados até aqueles que não sofreram baixa definitiva. Se levarmos em consideração que há 43.849 processos, os HCs correspondem apenas a 9,3% do total (ou 11,6%, se os RHC entrarem na conta).Se separamos o acervo por classes processuais, a porcentagem dos habeas corpus aumenta: são 5.697 na classe criminal, à qual pertence esse tipo de processo, o que significa que os HC são 71 % do total (ou 89% se levarmos em consideração os RHC).Já segundo o relatório ""Supremo em Ação"", com dados de 2016, os habeas corpus são a terceira maior classe de processos do Supremo Tribunal Federal, representando 7,22% do total, e os recursos ordinários em habeas corpus são a quinta maior, com apenas 0,68% (juntos, então, correspondem a 7,9% de todos os processos).A reportagem entrou em contato com a assessoria do STF para saber se existe um levantamento dos HCs por turma mas, até a publicação da reportagem, não obteve resposta.Como não há separação de processos por turma do STF em nenhuma das bases de dados, mesmo que seja improvável que a porcentagem citada pelo ministro esteja correta, não é possível determinar o número exato.TwitterFacebookEmailWhatsAppLeia tambémCinco fatos sobre migraçãoNão é verdade que Moro afastou promotor do caso Queiroz e delegado que investiga morte de MarielleHomem em foto com Flávio Bolsonaro é assessor do senador, não acusado de matar Marielle]"	1
66	"Com base no texto do site de checagem, a informação falsa que foi desmentida é:  **""A cena retratada remete a algum evento antes de janeiro de 2012, quando houve o desabamento de três prédios do Centro do Rio, perto do Teatro Municipal.""**  O texto confirma que a imagem é verdadeira e foi feita durante um protesto contra Jair Bolsonaro, e que o edifício que aparece na imagem ainda existe, sendo um dos prédios que não desabou. "	"""É #FAKE versão de que imagem de protesto no Rio mostra prédio que desabou""Imagem compartilhada nas redes sociais é verdadeira e foi feita durante o protesto contra o candidato a presidente Jair Bolsonaro na Cinelândia, no sábado (29). Circula nas redes sociais uma mensagem afirmando ser montagem a imagem da manifestação contra a candidatura de Jair Bolsonaro (PSL) à Presidência, realizada neste sábado no Centro do Rio. A mensagem é #FAKE. A imagem, uma reprodução feita da reportagem da TV Globo, é verdadeira e foi feita durante o protesto contra o candidato no sábado (29).O texto da mensagem falsa diz que a cena retratada remete a algum evento antes de janeiro de 2012, quando houve o desabamento de três prédios do Centro do Rio, perto do Teatro Municipal. Não é verdade. O edifício que aparece marcado na mensagem ainda existe. São três prédios que não aparecem na imagem registrada neste sábado (29) que desabaram.Adicione nosso número de WhatsApp: +55 (21) 97305-9827 (após adicionar o número, mande uma saudação para ser inscrito) "	1
67	"Com base no texto fornecido, a informação falsa que está sendo desmentida é:  **""É #FAKE documento atribuído ao Exército que exige perícia nas urnas eletrônicas antes e depois das eleições""**  Mais especificamente, o texto afirma que o Exército enviou um documento à presidente do TSE, Rosa Weber, exigindo perícia nas urnas eletrônicas, e que militares desconfiam de uma ""megafraude eleitoral"" relacionada ao crescimento de Fernando Haddad. "	"""É #FAKE documento atribuído ao Exército que exige perícia nas urnas eletrônicas antes e depois das eleições""Mensagem tem viralizado no WhatsApp. Exército e TSE negam a informação. Circula nas redes sociais um texto afirmando que o Comando das Forças Armadas enviou à presidente do Tribunal Superior Eleitoral (TSE), ministra Rosa Weber, um documento oficial exigindo perícia nas urnas eletrônicas antes e depois das eleições deste ano. O texto diz que militares de última patente do Exército, Marinha e Aeronáutica desconfiam que o crescimento do presidenciável Fernando Haddad (PT) nas pesquisas eleitorais seja a preparação do terreno para uma megafraude eleitoral. É #FAKE.O texto com o título ""Exclusivo: Alto Comando do Exército Brasileiro encurrala TSE e exige perícia nas urnas antes e depois das eleições"" foi publicado na terça-feira (25) pelo advogado Edesio do Carmo Adorno, de 56 anos, que administra a plataforma. O link e o texto da publicação estão sendo amplamente compartilhados em páginas nas redes sociais e grupos de mensagens.A informação de que as Forças Armadas enviaram um documento sobre a necessidade de perícia nas urnas é atribuída a uma fonte não identificada. Ainda segundo o site, a ministra Rosa Weber ""engoliu a seco a exigência, considerada intromissão indevida no Judiciário"".Em nota, o Exército diz que não solicitou ao TSE nem recebeu qualquer determinação para participar de perícia, avaliação ou auditoria técnica do funcionamento e segurança dos equipamentos eletrônicos de apuração.""A Instituição será empregada nas eleições de 2018, a pedido da Justiça Eleitoral, no apoio logístico (transporte de urnas e de fiscais dos TSE/TRE) e na garantia da votação e apuração (GVA)"", diz o Exército.Procurado, o TSE diz que a mensagem que está circulando em grupos de WhatsApp não procede. De acordo com o tribunal, o documento ""nunca existiu"".A equipe do Fato ou Fake tentou contato com Edesio, responsável pelo site ""A Bronca Popular"", onde o texto foi publicado originalmente, mas não conseguiu falar com ele. "	1
68	"Com base no texto fornecido, a informação falsa que foi identificada e desmentida é:  **""Para ser candidato o filho de Sérgio Cabral mudou o sobrenome""**  O texto detalha que a informação falsa circulava nas redes sociais, apresentada por uma página chamada ""Alerta Copacabana"", e que a assessoria do deputado negou veementemente essa alegação. "	" #Verificamos: Marco Antônio Cabral não tirou sobrenome do paiImagens alegando que o filho do ex-governador Sergio Cabral estaria omitindo nome do pai circulam no Whatsapp e Facebook  Circulam nas redes sociais ""notícias"" de que o deputado federal Marco Antônio (MDB-RJ), filho de Sérgio Cabral, ex-governador do Rio de Janeiro preso pela Operação Lava Jato, estaria tentando esconder o sobrenome do pai para tentar a reeleição. Por meio do projeto de verificação de notícias, usuários do Facebook solicitaram que essas informações fossem verificadas. Confira a seguir a análise da Lupa:Publicação feita pela páginsAlerta Copacabana e com mais de 100 compartilhamentos FALSOA imagem analisada vem acompanhada da seguinte informação: ""Para ser candidato o filho de Sérgio Cabral mudou o sobrenome""Em nota, a assessoria do deputado negou que Marco Antônio mudará de sobrenome para concorrer a um novo mandato parlamentar nas eleições de 2018, e seu nome completo aparecerá nas urnas eletrônicas. Em vídeo postado nas redes sociais, o deputado afirmou que tem ""orgulho de seu nome"" e que não é covarde. Ao comentar sobre o pai, condenado a mais de 100 anos de prisão e preso desde novembro de 2016, Marco Antônio afirmou que Sérgio Cabral ""teve seus acertos e seus erros, e está pagando sua conta com a Justiça"".*Atualização feita às 18h20 do dia 31 de agosto de 2018: outras postagens com o mesmo conteúdo falso foram encontradas. Veja aqui, aqui e aqui. O registro de candidatura no Tribunal Superior Eleitoral (TSE) mostra oficialmente que Marco Antônio manteve o sobrenome no pai para disputar as eleições de 2018. Veja imagem.*Nota: esta reportagem faz parte do projeto de verificação de notícias no Facebook. Dúvidas sobre o projeto? Entre em contato direto com o Facebook.Editado por: Chico Marés e Leandro Resende"	1
69	"Com base no texto fornecido, a informação falsa que foi desmentida é:  **""É #FAKE que OAB entrou com ação contra o estado do Rio por cobrança indevida da GRT pelo Detran""**  O texto explica que a mensagem que circulava nas redes sociais afirmando que a OAB-RJ entrou com ação contra o estado do Rio é, na verdade, #FAKE. A justificativa para essa falsificação é a alegação de que a OAB-RJ se baseou na decisão da Alerj de acabar com a obrigatoriedade das vistorias para argumentar contra a cobrança da GRT. "	"""É #FAKE que OAB entrou com ação contra o estado do Rio por cobrança indevida da GRT pelo Detran""Vistorias deixaram de ser obrigatórias por decisão da Alerj; entidade nega que fez pedido Em redes sociais e grupos no WhatsApp, circula uma mensagem que afirma que a Ordem dos Advogados do Brasil do Rio de Janeiro (OAB-RJ) entrou com uma ação contra o estado do Rio alegando cobrança indevida pela Guia de Regularização de Taxas (GRT) do Detran-RJ, que reúne as taxas de licenciamento anual e a emissão do Certificado de Registro e Licenciamento de Veículo (CRLV). O texto compartilhado, porém, é #FAKE.A justificativa apontada na mensagem é que, com o fim da obrigatoriedade das vistorias de veículos, aprovada em dezembro pela Assembleia Legislativa do Rio (Alerj), a OAB alegou que a cobrança da taxa para o licenciamento anual sem vistoria é indevida. O texto diz ainda que haverá uma resposta sobre o caso até o dia 19 de janeiro e que a taxa deverá cair para R$ 57,87, o correspondente apenas à emissão do CRLV.A OAB do Rio, porém, divulgou uma nota em que informa ser falsa a afirmação de que entrou com uma ação contra o estado. No texto a entidade diz que não descarta avaliar seu cabimento, ""após os devidos estudos técnicos sobre o caso"".A GRT custa, ao todo, R$ 202,55. Desse total, R$ 144,68 correspondem à taxa cobrada para o licenciamento sem vistoria e R$ 57,87 à emissão do CRLV.Em nota, o Detran ressaltou que a definição do valor cobrado ocorre com base na lei, de acordo com o código tributário estadual.Apesar de ter sido abolida no estado do Rio, a vistoria ainda é necessária em casos específicos, como para veículos de carga, de transporte escolar, além de transporte coletivo de passageiros e rodoviários de passageiros (vans, ônibus e micro-ônibus) e automóveis submetidos a transferência de município, estado ou propriedade.A lista completa está disponível no site do Detran. Os demais estão dispensados da inspeção, mas seus proprietários deverão pagar as taxas de licenciamento e de emissão de documento. "	1
70	"Com base no texto do site de checagem, a informação falsa que foi desmentida é:  **""É #FAKE que Globo sonegou impostos relativos à Copa de 2002 e que tenha obtido empréstimo bilionário no BNDES para evitar falência""**  O texto explica que a Globo adquiriu os direitos de transmissão da Copa de 2002, mas a Receita Federal não aprovou a operação e autuou a empresa. A Globo apresentou sua defesa e, após discussões administrativas, liquidou as pendências, resultando no arquivamento do caso. "	"""É #FAKE que Globo sonegou impostos relativos à Copa de 2002 e que tenha obtido empréstimo bilionário no BNDES para evitar falência""Não há nenhum processo em aberto na Receita Federal referente à compra dos direitos do evento. BNDES desmentiu oficialmente o boato do empréstimo. Voltaram a circular em redes sociais vídeos e mensagens afirmando que a Globo sonegou tributos devidos à Receita Federal pela compra dos direitos de transmissão da Copa do Mundo de futebol de 2002 e sobre um suposto empréstimo bilionário para evitar a falência em 2002. Essas mensagens são falsas.Veja o porquê: Em 1998, a Globo Comunicação e Participações S.A. adquiriu os direitos de transmissão da Copa do Mundo de 2002 por meio de uma subsidiária da empresa no exterior. A Receita Federal não aprovou a operação e autuou a empresa. A Globo apresentou sua defesa.Depois de discussões administrativas com a Receita Federal, a empresa liquidou as pendências e o caso foi arquivado, como demonstra o documento que pode ser visto no fim desta reportagem.Não existe, portanto, débito com a Receita em relação à Copa de 2002 e não se pode falar em sonegação de impostos porque o tributo foi pago, não houve processo judicial sobre a operação, todas as discussões se deram no âmbito administrativo da Receita Federal e toda a operação foi feita sem ocultar informações e dados da Receita Federal. Todos os questionamentos foram prontamente respondidos ao órgão.Sobre o BNDES, alguns órgãos da imprensa divulgaram que o banco teria realizado um empréstimo para salvar a Globopar durante o processo de negociação de dívidas. Esse empréstimo nunca aconteceu.As Organizações Globo iniciaram um processo de reestruturação a partir do fim de 2002, com ações que tornaram a gestão mais eficiente, e conseguiram renegociar e pagar suas dívidas. Mas, ignorando os fatos, em 13 de setembro de 2005, o deputado Roberto Jefferson fez acusações à Globo e críticas contundentes ao BNDES em entrevista à ""Folha de S.Paulo"" e também na tribuna da Câmara. Ele acusava o banco de ter realizado um empréstimo de R$ 2,8 bilhões para salvar a Globopar.No dia seguinte, o BNDES distribuiu nota à imprensa dizendo ser improcedente a afirmação de que o banco liberou crédito para a Globopar. Embora a Globopar fosse uma empresa com sede no Brasil, e por isso tivesse o direito de pleitear créditos ao BNDES, tal pleito não ocorreu. A Globopar não pediu, e o BNDES não concedeu o alegado crédito, conforme atesta nota publicada no site do banco e em jornais da grande imprensa, como ""O Globo"" e a ""Folha de S.Paulo"". "	1
71	"Com base no texto da notícia de checagem, a informação falsa encontrada é:  **""Guararapes e mais seis fábricas de confecções poderão deixar o RN se Fátima Bezerra do PT vencer.""**  O texto explica que o frame da reportagem da InterTV, que circula nas redes sociais, não tem nenhuma relação com o assunto e que a mensagem falsa afirma essa conexão inexistente. "	"""É #FAKE print sobre saída do Grupo Guararapes do RN em caso de vitória de Fátima Bezerra""Mensagem com print de repórter da InterTV circula nas redes sociais. Grupo nega que vai deixar o estado se a petista ganhar; frame é de reportagem sobre prisão de suspeito de tráfico. Circula nas redes sociais uma mensagem que afirma que o Grupo Guararapes, companhia dona da Riachuelo, vai deixar o Rio Grande do Norte caso Fátima Bezerra (PT) ganhe as eleições para o governo neste domingo (28). A mensagem é acompanhada de um frame de uma reportagem da InterTV, afiliada da Rede Globo no estado. A mensagem é #FAKE, e o frame é de uma reportagem que não tem nenhuma relação com o assunto.A mensagem falsa afirma que ""Guararapes e mais seis fábricas de confeccções poderão deixar o RN se Fátima Bezerra do PT vencer"".A candidata do PT vai disputar o segundo turno contra Carlos Eduardo, do PDT.Em nota, a assessoria de imprensa do Grupo Guararapes afirma que as informações são ""inverídicas"" e que ""não há qualquer plano de deixar o Rio Grande do Norte"". O grupo ainda destaca que é ""apartidário"" e que ""as operações continuarão independentemente do candidato eleito"".O repórter da InterTV que aparece no print compartilhado junto com a mensagem é Acson Freitas. O print foi retirado de uma reportagem sobre a prisão de um suspeito de tráfico na Grande Natal - ou seja, não tem nenhuma relação com a mensagem em questão. "	1
72	A informação falsa identificada no texto de checagem é:  **Marina Silva invadindo uma fazenda junto com integrantes do MST.**  O texto explica que a foto original mostra Marina Silva participando de uma manifestação de seringueiros em 1986, e não uma invasão de fazenda. 	"Foto mostra Marina em protesto de seringueiros, e não invadindo fazendas com o MSTFoto mostra Marina em protesto de seringueiros, e não invadindo fazendas com o MSTTwitterFacebookE-mailWhatsAppFoto mostra Marina em protesto de seringueiros, e não invadindo fazendas com o MST 27 de agosto de 2018, 18h34TwitterFacebookEmailWhatsAppUma fotografia que mostraria a candidata à Presidência da República Marina Silva (Rede) invadindo uma fazenda junto com integrantes do MST (Movimento dos Trabalhadores Rurais Sem Terra) é, na verdade, o registro da participação da ex-senadora em uma manifestação de seringueiros contra o desmatamento na fazenda Bordon, em Xapuri (AC), em 1986, como verificou o Comprova, coalizão de veículos de imprensa brasileiros do qual Aos Fatos é parceiro institucional (saiba mais). As informações checadas foram confirmadas por Aos Fatos.Essa foto de Marina Silva também foi enviada por leitores do Aos Fatos via WhatsApp como sugestão de checagem de conteúdo potencialmente falso (saiba como participar). A imagem viralizou no Instagram - onde foi compartilhada pela conta @sergiomorooficial, que tem 495 mil seguidores e não possui relação com o juiz da Lava Jato em Curitiba - e depois apareceu também no Twitter e no Facebook. Nesta última, uma postagem feita em 3 de setembro de 2018 alcançou cerca de 49 mil compartilhamentos. Denunciada por usuários do Facebook, a imagem foi marcada como DISTORCIDA na ferramenta de verificação da rede social (entenda como funciona).Confira abaixo, em detalhes, o que foi verificado.DISTORCIDOESSA É MARINA SILVA INVADINDO FAZENDAS NO ESTILO MST EM 1986... É ""ISSO"" QUE VOCÊ QUER PARA PRESIDENTE DA REPÚBLICA DO BRASIL?É enganosa uma imagem que afirma que a candidata à Presidência da República pela Rede, Marina Silva, teria invadido uma fazenda no Acre em 1986 de maneira semelhante ao MST (Movimento dos Trabalhadores Rurais Sem Terra). Na verdade, a foto que circula no WhatsApp e no Instagram mostra um ""empate"", manifestação feita por seringueiros para impedir o desmatamento na Fazenda Bordon, em Xapuri (AC). A imagem, portanto, não mostra uma fazenda sendo invadida e não tem qualquer relação com o MST e foi classificada como DISTORCIDA.Aos Fatos classifica como DISTORCIDA toda aquela informação que tem elementos factualmente corretos - uma foto em que Marina Silva de fato aparece -, mas cujo contexto ou detalhamento é usado de maneira enganosa, ou seja, com o propósito de enganar seu consumidor.O Comprova entrou em contato com a assessoria da candidata, que, em nota, negou que a imagem esteja relacionada a invasão de terras ou ao MST. Ainda segundo nota divulgada pela assessoria de Marina Silva, os manifestantes que se posicionaram em frente a árvores - tipo de protesto chamado ""empate"" - para impedir a derrubada delas foram liderados pelo ambientalista Chico Mendes, morto em 1988.Um artigo publicado em 2004 pela Revista Brasileira de Ciências Sociais, pelo antropólogo Mauro de Almeida, da Unicamp, fala sobre o ""empate"" na fazenda Bordon e diz que estavam presentes ""um fotógrafo, dois agrônomos, um antropólogo e uma jovem professora sindicalizada, Marina Silva"".Em um discurso na tribuna do Senado, em 14 de novembro de 1996, Marina - então senadora pelo PT do Acre - comentou o episódio: ""Após andarmos seis horas a pé, chegamos onde os fazendeiros iriam derrubar ilegalmente 700 hectares de floresta. Enfrentamos os peões e a polícia, paga com o dinheiro público, que estavam ali de prontidão para defender os interesses dos fazendeiros e percebemos que éramos impotentes para resolver um problema tão grande. Voltamos a pé e foi necessária uma engenharia enorme para permanecermos na luta"".O Comprova também entrou em contato com o MST. O movimento, fundado em 1984 no Paraná, informou que no ano em que a foto foi tirada (1986) ainda não atuava no Acre. ""Não realizamos, até então, nenhuma ocupação por lá. Ou seja, não temos um nível de organicidade construída, nem assentamentos ou acampamentos"", informou a assessoria do grupo.Publicado na última sexta-feira (24), o post com informações distorcidas sobre Marina Silva da conta @sergiomorooficial no Instagram já reúne mais de 28 mil curtidas naquela rede social. O perfil não tem relação com o juiz da Lava Jato em Curitiba.Aos Fatos é parceiro institucional do Comprova. Por meio dessa parceria, reproduz gratuitamente o conteúdo gerado pelo consórcio e presta consultoria sem contrapartida sobre tecnologia em checagem de fatos. A iniciativa é uma coalizão de 24 veículos de imprensa cujo objetivo é combater a desinformação durante as eleições presidenciais.TwitterFacebookEmailWhatsAppLeia tambémCinco fatos sobre migraçãoNão é verdade que Moro afastou promotor do caso Queiroz e delegado que investiga morte de MarielleHomem em foto com Flávio Bolsonaro é assessor do senador, não acusado de matar Marielle]"	1
73	Com base no texto da notícia de checagem fornecido, a informação falsa que está sendo desmentida é:  **A morte do homem que interpretou o diabo no desfile da escola de samba Gavíões da Fiel em acidente de carro.**  O texto detalha como a informação falsa se espalhou, utilizando um vídeo de uma colisão diferente para enganar o público, e confirma que o ator está vivo através de entrevistas. 	"Homem que representou diabo no desfile da Gaviões não morreu em acidenteHomem que representou diabo no desfile da Gaviões não morreu em acidenteTwitterFacebookE-mailWhatsAppHomem que representou diabo no desfile da Gaviões não morreu em acidentePor Luiz Fernando Menezes 7 de março de 2019, 15h05TwitterFacebookEmailWhatsAppÉ notícia falsa a morte do homem que interpretou o diabo no desfile da escola de samba paulistana Gaviões da Fiel em acidente de carro um dia após a apresentação. Para dar suporte às informações enganosas, um vídeo que circula nas redes sociais utiliza imagens de uma colisão entre um carro e um caminhão-tanque em fevereiro de 2018 na Grande São Paulo.Além disso, há comprovação de que o componente da escola está vivo nos registros de entrevistas concedidas por ele após a disseminação da desinformação. O ator recebeu uma série de ataques e ameaças nas redes sociais e, por isso, preferiu não se identificar.O vídeo enganoso, publicado originalmente em 4 de março no YouTube, foi compartilhado por perfis pessoais no Facebook e chegou a ser replicado pelos sites Aconteceu.net e TopFive TV. Até quinta-feira (7), a notícia falsa já havia angariado cerca de 125 mil compartilhamentos. Publicações com esta desinformação foram marcadas por Aos Fatos com o selo FALSO na ferramenta de verificação do Facebook (entenda como funciona).FALSOMorreu nesta segunda (4), o personagem que fez o papel do diabo vencendo Jesus em um desfile da escola de samba Gaviões da Fiel. Segundo informações, o homem morreu em um acidente automobilístico na grande São Paulo.O vídeo que circula nas redes sociais simula o linguajar jornalístico para espalhar uma notícia falsa: um acidente de carro matou o componente da Gaviões da Fiel que desfilou como diabo um dia após a apresentação no sambódromo do Anhembi. O conteúdo sugere que houve uma punição divina pelo uso da fantasia de diabo pelo passista, e termina dizendo ""com Deus não se brinca"".As imagens utilizadas, na verdade, mostram um acidente ocorrido em fevereiro de 2018 entre um caminhão-tanque de gás e um carro na Avenida dos Estados, na Grande São Paulo. O motorista do carro ficou ferido, mas sobreviveu ao acidente.Outras publicações que trazem o mesmo conteúdo enganoso utilizam uma foto do site Ronda Policial, que retrata um acidente de trânsito ocorrido em maio de 2018 em Pouso Redondo (SC).Ao Fato ou Fake, que também checou como falso este conteúdo, o homem que representou o diabo no desfile da Gaviões da Fiel disse que está sendo atacado: ""Tem pessoas falando de fato que o ator deveria morrer. Chegaram a pedir para outras pessoas darem o meu nome. Sou uma pessoa normal, trabalho, tenho família, não estou acostumado com esse tipo de repercussão"". Ele não teve o nome revelado e Aos Fatos não conseguiu localizá-lo.Uma das páginas que reproduziu o conteúdo falso, o site Aconteceu.net informou ao Ao Fatos que retirou o conteúdo do ar: ""essa matéria não está mais em nosso site. Assim que foi relatado que era fake news, já retiramos"". O conteúdo foi removido logo após o envio do e-mail de contato do Aos Fatos, na manhã desta quinta-feira (7). O site TopFive TV, que também espalhou a desinformação, não disponibiliza meios de contato e seus responsáveis não foram localizados.A Gaviões da Fiel trouxe este ano o enredo ""A saliva do santo e o veneno da serpente"", com alusões a demônios e uma encenação que mostrava uma batalha entre o diabo e Jesus Cristo, que era vencido em alguns momentos da apresentação. Isso foi suficiente para acender a polêmica nas redes sociais, com críticas disparadas por membros da Frente Parlamentar Evangélica, como o deputado federal Lincoln Solidária (PR-MG), cuja nota afirmava que desfile foi ofensivo, desrespeitoso e que a apresentação ""não é arte, é crime"".O coreógrafo da escola de samba, Edgar Junior, disse, em entrevista à Veja, que a apresentação foi mal-interpretada: ""o personagem do diabo está ali para testar a fé do Santo Antão. O enredo mostra que o diabo perde a batalha para os anjos do bem diversas vezes. Depois disso, ele coordena com as forças do mal e batalha com Jesus, que realmente sofre. Mas, no final, os anjos protegem Jesus e ele aparece forte, abençoa a plateia, os anjos do bem e do mal e até o diabo, porque ele é uma pessoa de luz. Acaba a guerra e ele fala com Santo Antão como a dizer: Não perca a sua fé, sempre vão testá-la, mas estou aqui contigo"".TwitterFacebookEmailWhatsAppLeia tambémCinco fatos sobre migraçãoNão é verdade que Moro afastou promotor do caso Queiroz e delegado que investiga morte de MarielleHomem em foto com Flávio Bolsonaro é assessor do senador, não acusado de matar Marielle]"	1
74	"Com base no texto do site de checagem, a informação falsa que foi desmentida é:  **""Principal aliado de Bolsonaro no Amapá acaba de ser preso pela PF por diversos crimes, ele pedia o fim da corrupção e a prisão de Lula""**  O texto explica que a postagem republica conteúdo antigo (de novembro de 2017) como se fosse atual, o que constitui a falsificação da informação. "	" #Verificamos: É falsa notícia de que aliado de Bolsonaro acaba de ser preso pela PF no AmapáEx-secretário de Educação de Macapá foi detido em operação realizada em novembro de 2017Circula nas redes sociais a ""notícia"" de que um dos principais aliados dos presidente eleito, Jair Bolsonaro (PSL), no Amapá teria acabado de ser preso pela Polícia Federal. Por meio do projeto de verificação de notícias, usuários do Facebook solicitaram que esse material fosse analisado. Confira a seguir o trabalho de verificação da Lupa:""Principal aliado de Bolsonaro no Amapá acaba de ser preso pela PF por diversos crimes, ele pedia o fim da corrupção e a prisão de Lula""Foto e texto que circulam na internet e que, até às 18h40 do dia 6 de dezembro de 2018, tinham sido compartilhados mais de 1,4 mil vezes no FacebookFALSOA postagem analisada pela Lupa, feita no dia 4 de dezembro de 2018, republica conteúdo antigo como se fosse atual. O homem que aparece na foto ao lado do presidente eleito Jair Bolsonaro é Moisés Rivaldo Pereira, promotor de justiça aposentado e ex-secretário Municipal de Educação de Macapá. Diferente do que consta no texto avaliado pela agência na tarde desta quinta-feira (6), Pereira não ""acaba de ser preso"". Foi detido na operação ""Minamata"", feita pela Polícia Federal, em 30 novembro de 2017. A postagem atual retoma um link do site FalandoVerdades com data de 30 de novembro de 2017 - sem informar que se trata de informação com mais de um ano de idade.Naquele dia, Pereira e outras dez pessoas foram presas pela PF. A investigação apurou as atividades de uma organização criminosa, acusada de trabalho escravo, degradação ambiental, falsidade ideológica e lavagem de dinheiro. O ex-secretário ficou preso preventivamente por quase um mês, no Centro de Custódia Especial do Zerão, na Zona Sul de Macapá. E, no dia 25 de dezembro de 2017, passou a cumprir prisão domiciliar.A foto que circula agora nas redes sociais também foi usada pela coluna do jornalista Lauro Jardim, de O Globo, para comentar a prisão de Pereira - na época em que ela efetivamente ocorreu. A Lupa procurou o advogado de Moisés Pereira, Cícero Bordalo Júnior, para saber se o ex-secretário continuava em prisão domiciliar, mas não obteve respostas. *Nota: esta reportagem faz parte do projeto de verificação de notícias no Facebook. Dúvidas sobre o projeto? Entre em contato direto com o Facebook.Editado por: Cristina Tardáguila e Clara Becker"	1
75	"Com base no texto do site de checagem, a informação falsa que foi encontrada e desmentida é:  **""É falso que primeira-damas pediu ao governo envio de veterinários para resgatar animais em Brumadinho""**  O texto detalha que a informação falsa surgiu de uma publicação em um perfil falso da primeira-dama, Michelle Bolsonaro, e que o governo já havia desmentido a notícia. "	"É falso que primeira-dama pediu ao governo envio de veterinários para resgatar animais em BrumadinhoÉ falso que primeira-dama pediu ao governo envio de veterinários para resgatar animais em BrumadinhoTwitterFacebookE-mailWhatsAppÉ falso que primeira-dama pediu ao governo envio de veterinários para resgatar animais em BrumadinhoPor Luiz Fernando Menezes 28 de janeiro de 2019, 17h20TwitterFacebookEmailWhatsAppNão é verdade que a primeira-dama Michelle Bolsonaro teria requisitado ao Ministério da Agricultura o envio de cem veterinários para auxiliar as buscas por animais que foram vítimas do rompimento da barragem em Brumadinho (MG). Além do órgão ter desmentido a informação enganosa, a publicação que vem sendo reproduzida nas redes foi feita originalmente em um perfil falso da mulher do presidente Jair Bolsonaro (PSL).No Facebook, uma das reproduções do post, publicada pela página Brasil Acima de Tudo, já acumula mais de 15 mil compartilhamentos. Essa e dezenas de outras postagens que trazem o conteúdo enganoso foram marcadas por Aos Fatos com o selo FALSO na ferramenta de verificação da rede social (entenda como funciona). Publicações semelhantes foram identificados também no Instagram e no Twitter.FALSOMichelle Bolsonaro: Pedi com os olhos cheios de lágrimas para o Ministro da Agricultura o envio de veterinários para cuidar dos animais que estavam sendo esquecidos, ele disponibilizou cerca de 100 médicos veterinários que já estão em Brumadinho dando auxílio na recuperação dos animais que sobreviveram, muitos animais estão bem debilitados, mas os veterinários afirmam que poucos correm riscos de vida.A primeira-dama Michelle Bolsonaro não tem um perfil ou página oficiais no Facebook. O que há, naquela rede social, são diversos perfis falsos e páginas ""de apoio"" à ela, como é o caso da que viralizou desde domingo (27).Nesta segunda-feira (28), Aos Fatos entrou em contato com a assessoria do Ministério da Agricultura que, por telefone, negou que tenha recebido qualquer pedido semelhante ao descrito na publicação, seja de Michelle Bolsonaro, ou de órgão governamental.A foto que ilustra o post também é enganosa. Usada em sites de notícia desde 2007, pelo menos, ela mostra cirurgia feita em um cavalo dentro de um dos hospitais veterinários da Unesp, em São Paulo.A publicação viral também erra ao dizer que há um ministro da Agricultura, quando, na verdade, a pasta é chefiada por uma mulher: Tereza Cristina.O Boatos.org também publicou uma verificação semelhante sobre esta peça de desinformação.Resgate. O MP MG (Ministério Público do Estado de Minas Gerais) fez uma recomendação à Vale para que seja elaborado um plano emergencial de localização, resgate e cuidado dos animais atingidos e requisitou o envio de relatórios diários sobre as medidas adotadas em prol dos animais impactados.Segundo o Globo, grupos de proteção aos animais reclamam da falta de apoio da empresa para o resgate de bois, vacas, capivaras e cachorros. Voluntários relatam ainda que seu trabalho tem sido prejudicado pelos bombeiros e policiais, que os impedem de resgatar os animais.TwitterFacebookEmailWhatsAppLeia tambémCinco fatos sobre migraçãoNão é verdade que Moro afastou promotor do caso Queiroz e delegado que investiga morte de MarielleHomem em foto com Flávio Bolsonaro é assessor do senador, não acusado de matar Marielle]"	1
76	"Com base no texto do site de checagem, a informação falsa que foi desmentida é:  **""Capa da revista Charlie Hebdo com Gleisi Hoffmann é montagem""**  O texto explica que a imagem que circulava nas redes sociais, apresentada como uma capa da revista Charlie Hebdo com Gleisi Hoffmann, era, na verdade, uma montagem feita a partir de uma edição anterior da revista e de um desenho de Adão Iturrusgarai. "	"Capa da revista Charlie Hebdo com Gleisi Hoffmann é montagemCapa da revista Charlie Hebdo com Gleisi Hoffmann é montagemTwitterFacebookE-mailWhatsAppCapa da revista Charlie Hebdo com Gleisi Hoffmann é montagemPor Luiz Fernando Menezes 18 de janeiro de 2019, 12h24TwitterFacebookEmailWhatsAppÉ falsa a capa da revista francesa Charlie Hebdo com a senadora e deputada federal eleita Gleisi Hoffmann (PT-PR), uma bandeira do PT e os dizeres ""Pavilhão da Corrupção"". A montagem foi feita unindo parte da capa verdadeira da edição de fevereiro de 2013 a um desenho do cartunista brasileiro Adão Iturrusgarai, que foi modificado para inserir o rosto da petista e o estandarte do partido.Apesar da modificação grosseira, a montagem tem sido disseminada como verdadeira nas redes sociais, e um dos posts denunciados ao Aos Fatos por usuários do Facebook já alcançou 2.200 compartilhamentos desde terça-feira (15). Essa e outras postagens com o mesmo conteúdo enganoso foram marcadas com o selo FALSO na ferramenta de verificação da rede social (entenda como funciona).FALSOA moral da Gleisi na França está excelenteEstá circulando pelo Facebook uma capa falsa da revista satírica francesa Charlie Hebdo com a senadora Gleisi Hoffmann (PT-PR) e os dizeres ""Pavillon de la Corruption"" (""pavilhão da corrupção"", em francês). A imagem, no entanto, não passa de uma montagem com uma das edições lançadas em fevereiro de 2013 e que tratava da renúncia do Papa Bento XVI.Como é possível ver abaixo, a capa falsa insere o desenho, a faixa preta e a frase sobre a versão original, mas manteve as indicações da edição, como a data e as chamadas.Além disso, a montagem baseia-se em uma outra capa falsa, que circulou pelas redes sociais em 2016. A peça da desinformação usava a mesma edição do desenho do cartunista Adão Iturrusgarai e a frase ""Pavillon de la Corruption"", mas não trazia a foto de Gleisi. Na época, o e-Farsas checou a publicação. Desta vez, a montagem com a presidente do PT também foi verificada pela Agência Lupa.""Sem comentários"", respondeu a assessoria da senadora ao ser contatada por Aos Fatos na manhã desta sexta-feira (18) a respeito da disseminação da montagem nas redes sociais.Este é o segundo boato relacionado à Gleisi Hoffmann que Aos Fatos checa em menos de uma semana. Na quarta-feira (16), ganhou tração nas redes print de um tweet falso em que a senadora propunha que pessoas contrárias à flexibilização da posse de armas pendurassem na frente de suas casas uma faixa com a frase ""Residência livre de armas"".TwitterFacebookEmailWhatsAppLeia tambémCinco fatos sobre migraçãoNão é verdade que Moro afastou promotor do caso Queiroz e delegado que investiga morte de MarielleHomem em foto com Flávio Bolsonaro é assessor do senador, não acusado de matar Marielle]"	1
77	"Com base no texto do site de checagem, a informação falsa que foi desmentida é:  **""É #FAKE que urnas estão programadas para horário de verão e não irão computar votos após as 16h no 2° turno""**  O texto explica que essa afirmação é falsa, detalhando que o segundo turno das eleições ocorre das 8h às 17h e o horário de verão começa apenas no dia 4 de novembro. "	"""É #FAKE que urnas estão programadas para horário de verão e não irão computar votos após as 16h no 2° turno""Mensagem falsa com essa afirmação circula em grupos de WhatsApp e no Facebook. Horário de verão só começa uma semana após eleições Circula pelas redes sociais uma mensagem que diz que as urnas estão programadas para trabalhar em horário de verão e, por isso, não irão computar votos após as 16h. A mensagem é #FAKE.O segundo turno das eleições ocorre no próximo dia 28, das 8h às 17h. O horário de verão neste ano começa apenas no dia 4 de novembro. Somente a partir desse dia é que os relógios deverão ser adiantados em uma hora em parte dos estados do país.Em geral, o horário de verão começa em outubro. Mas, para não coincidir com a data das eleições, o presidente Michel Temer assinou um decreto no fim de 2017 adiando o período para novembro.Atualmente, adotam o horário de verão os estados de São Paulo, Rio de Janeiro, Minas Gerais, Espírito Santo, Rio Grande do Sul, Santa Catarina, Paraná, Goiás, Mato Grosso, Mato Grosso do Sul e Distrito Federal.Além disso, a mensagem alardeia novamente outro boato já checado pela equipe do Fato ou Fake, que diz que as urnas eletrônicas anularam mais de 7 milhões de votos no 1° turno.""Como não haverá nenhuma mudança no final de semana dos dias 27 e 28 de outubro, os eleitores poderão votar no horário normal. As urnas não estão programadas para entrar no horário de verão antecipadamente, mas, sim, para funcionar no horário oficial.Por solicitação do TSE, o início do horário de verão foi alterado para depois do 2° turno das Eleições 2018. Portanto, as urnas estarão preparadas para funcionar no mesmo horário que funcionaram no 1° turno.O Código Eleitoral determina o dia e a hora em que devem ocorrer as eleições ordinárias: o primeiro turno deve ser das 8h às 17h do primeiro domingo do mês de outubro; o segundo turno, no mesmo horário do último domingo do mesmo mês.Ocorre que, devido aos quatro fusos horários observados no país, a votação não se inicia nem se encerra de modo concomitante em todo o território nacional, e o horário de verão contribui para agravar essa situação.Adotado em 10 estados e no Distrito Federal, o horário de verão foi adiado em 2018 para o início de novembro, ou seja, só começará após as eleições."" "	1
78	"Com base no texto da notícia de checagem fornecido, a informação falsa que está sendo desmentida é:  **""A foto é falsamente atribuída a padre e fiéis da Catedral de Campinas e os associa à armas e a Bolsonaro.""**  Em outras palavras, a notícia de checagem afirma que a imagem que circula nas redes sociais, que supostamente mostra padres e fiéis da Catedral de Campinas associados a um ataque com armas e ao presidente Jair Bolsonaro, é falsa. "	"Foto é falsamente atribuída a padre e fiéis da Catedral de Campinas e os associa à armas e a BolsonaroFoto é falsamente atribuída a padre e fiéis da Catedral de Campinas e os associa à armas e a BolsonaroTwitterFacebookE-mailWhatsAppFoto é falsamente atribuída a padre e fiéis da Catedral de Campinas e os associa à armas e a BolsonaroPor Luiz Fernando Menezes 13 de dezembro de 2018, 12h14TwitterFacebookEmailWhatsAppNão são padre e fiéis da Catedral Metropolitana de Campinas as pessoas na foto que circula em posts nas redes sociais para associar o ataque a tiros que deixou cinco mortos naquela igreja na terça-feira (11) a um suposto apoio de seguidores da paróquia à liberação de armas ou ao presidente eleito Jair Bolsonaro (PSL). O registro tampouco foi feito dentro do templo, que tem características arquitetônicas diferentes.Na imagem, 14 pessoas - uma delas trajando batina - posam com os dedos indicadores apontados e os polegares levantados, em um gesto que remete a uma arma e que é usado por Bolsonaro, mas que também simboliza um curso de formação continuada para jovens da Igreja Católica, o TLC (Treinamento de Liderança Cristã), cuja marca é o caractere . Aos Fatos ainda não conseguiu localizar a origem da foto, que começou a se espalhar por Facebook, Instagram e WhatsApp na tarde de quarta-feira (12).Procurada por Aos Fatos, a Catedral Metropolitana de Campinas confirmou na manhã desta quinta-feira (13) que a foto não foi feita em suas instalações e que o suposto padre que aparece na imagem não integra seu corpo de sacerdotes.Publicações denunciadas por usuários do Facebook já foram compartilhadas, juntas, mais de seis mil vezes e estão marcadas com o selo FALSO na ferramenta de verificação da rede social (entenda como funciona). A peça de desinformação também foi enviada por leitores no WhatsApp como sugestão de checagem. Para participar, basta mandar uma mensagem com seu nome para (21) 99956-5882.Confira abaixo, em detalhes, o que checamos.FALSOUma bela foto feita pelo padre e paroquianos da Catedral de Campinas / SP. Isso custou cinco vidas.Tragédia em Campinas. Paroquianos e sacerdote em pose irresponsável, fazendo apologia à violência dentro da igreja. Quem planta o ódio não pode colher amor, né?Os posts com a foto falsamente atribuída à Catedral Metropolitana de Campinas pecam, até o momento, por três motivos:1) o padre na foto não é Amauri Thomazzi, que relatou o tiroteio em vídeo, nem qualquer outro do corpo de sacerdotes;2) a local da foto tem características distintas da Catedral Metropolitana de Campinas, o que indica não ter sido feito ali o registro;3) na Igreja Católica brasileira, o gesto feito pelas pessoas na foto também simboliza o TLC (Treinamento de Liderança Cristã), logo não é possível provar que a intenção tenha sido manifestar apoio a Jair Bolsonaro ou à liberação de armas no Brasil.O sacerdote. O padre Amauri Thomazzi era quem celebrava a missa na Catedral quando houve o tiroteio. No mesmo dia, ele gravou um vídeo e publicou em seu perfil pessoal no Facebook, explicando o ocorrido: ""ninguém pôde fazer nada, ajudar de forma nenhuma. Mas eu peço apenas que rezem pela pessoa. (...)Rezemos também por aqueles que foram feridos, temos aqui vítimas fatais"".Como é possível verificar na comparação acima, o padre na foto viral (à esquerda) não se parece com Thomazzi (à direita).O templo. Outro indício que desmente as publicações é que a imagem foi tirada em um espaço amplo, com cadeiras de plástico e uma parede de vidro, local bem diferente da Catedral, que é bem menor e possui bancos e ornamentos de madeira. Aos Fatos realizou buscas pela imagem ou por fotos com lugares parecidos com o da foto, mas não obteve nenhum resultado.Contatada por Aos Fatos, a Catedral Metropolitana de Campinas confirmou que a foto não aconteceu em suas instalações e que o suposto padre que aparece na imagem não faz parte do corpo de sacerdotes da igreja. A assessoria também enviou uma nota oficial sobre o caso.Os sinais. Por fim, não é possível afirmar que o gesto da foto tinha a intenção de retratar uma arma ou de manifestar apoio ao presidente eleito Jair Bolsonaro, que frequentemente lança mão do recurso. Isso porque, na Igreja Católica, o sinal é também utilizado pelos participantes do Treinamento de Liderança Cristã (TLC), um grupo de formação cristã continuada voltado à juventude paroquial. Fotos da página do movimento e buscas no Google Imagens mostram diversas pessoas realizando a mesma pose da foto viral.O coordenador nacional do TLC, Maycon Leite, contatado por Aos Fatos, disse que, por mais que não tenha certeza de que a foto tenha sido tirada em um dos encontros do treinamento, há características que podem indicar a ligação com o movimento: uma das meninas está com uma camiseta que parece ser do TLC. Leite ressalta também que o sinal, chamado por eles de ""positivão"" é mesmo comum nas reuniões do treinamento. A equipe do TLC está em busca da origem da foto viral.O secretariado nacional do TLC também emitiu uma nota oficial do ocorrido para explicar o significado do sinal e desmentir a ligação com ""quaisquer objetos ou atos que incitem à violência"".A origem da imagem viral, porém, permanece desconhecida. Em buscas reversas, Aos Fatos ainda não conseguiu identificar a fonte do material. Um dos perfis pessoais que teve o post denunciado por usuários do Facebook foi contatado para apontar de onde a foto foi extraída, mas não respondeu. O e-Farsas e o Boatos.org também publicaram checagens semelhantes sobre este material.O caso. Um atirador abriu fogo contra fiéis que assistiam a missa na Catedral Metropolitana de Campinas no começo da tarde da última terça-feira (11), deixando cinco mortos e dois feridos. O homem cometeu suicídio em seguida. Segundo a polícia, foram feitos pelo menos 20 disparos. O responsável pelo ataque foi identificado como Euler Fernando Gandolpho, de 49 anos. A polícia ainda investiga a motivação do crime.Esta checagem foi atualizada às 13h22 de 13 de dezembro para incluir a fala de Maycon Leite, coordenador nacional do TLC.Esta checagem foi atualizada às 16h30 de 13 de dezembro para incluir a nota oficial do TLC sobre a simbologia utilizada pelo grupo para negar a sugestão de que o sinal fazia referência ao porte de armas ou a Bolsonaro.TwitterFacebookEmailWhatsAppLeia tambémCinco fatos sobre migraçãoNão é verdade que Moro afastou promotor do caso Queiroz e delegado que investiga morte de MarielleHomem em foto com Flávio Bolsonaro é assessor do senador, não acusado de matar Marielle]"	1
79	"Com base no texto do site de checagem, a informação falsa que foi desmentida é:  **""180 'petistas' perderiam emprego no Conselho de Controle de Atividades Financeiras (Coaf) com a transferência do órgão para o Ministério da Justiça.""**  O texto da Lupa (site de checagem) confirma que a informação original era falsa, detalhando que a transferência do Coaf para o Ministério da Justiça não implica a demissão de 180 funcionários, e que estes são, em sua maioria, concursados. "	" #Verificamos: É falso que 180 perderão emprego com mudanças no CoafÓrgão ligado ao Ministério da Fazenda só tem 37 servidores e 27 deles são concursadosCircula nas redes sociais a ""informação"" de que 180 ""petistas"" perderiam emprego no Conselho de Controle de Atividades Financeiras (Coaf) com a transferência do órgão para o Ministério da Justiça, mudança anunciada pelo governo de Jair Bolsonaro. Por meio do projeto de verificação de notícias, usuários do Facebook solicitaram que esse material fosse analisado. Confira a seguir o trabalho de verificação da Lupa:""Vão ser demitidos 180 petistas [no Coaf]""Imagem publicada no Facebook e que já tinha tido mais de 10 mil compartilhamentos até as 19h40 do dia 10 de dezembro de 2018FALSO Em novembro, o presidente eleito, Jair Bolsonaro (PSL), anunciou que vai transferir o Coaf, órgão hoje subordinado ao Ministério da Fazenda, para o Ministério da Justiça, que será chefiado pelo juiz federal Sérgio Moro. Mas isso não significa que 180 pessoas perderão o emprego no órgão, independentemente de serem petistas ou não.Dados oficiais mostram que o Coaf tem apenas 37 funcionários e que, desse total, 27 são servidores públicos concursados - ou seja, não podem ser demitidos por razões exclusivamente políticas. Ao contrário do que ocorre em outros órgãos federais, o Coaf não tem um quadro próprio de servidores. Das 37 pessoas que trabalham na entidade, 13 são servidores de carreira do Ministério da Fazenda e outros 14 são cedidos por outros ministérios e órgãos públicos. Outros 10 estão em cargos de livre nomeação e não têm vínculo funcional com o poder público. Além disso, desses 37, 19 recebem remuneração inferior a R$ 16 mil, incluindo todos os 10 comissionados. Os dados foram fornecidos à Lupa pelo Ministério da Fazenda.O Coaf foi criado em 1998, com a finalidade de atuar na prevenção e combate à lavagem de dinheiro. O presidente do conselho é nomeado pelo presidente da República, e outros 11 conselheiros representam 11 instituições públicas federais. Esses conselheiros não são remunerados. Nos últimos dias, o Coaf revelou transações suspeitas envolvendo ex-assessores do deputado Flávio Bolsonaro (PSL-RJ). Relatório produzido pela instituição no âmbito da Operação Furna da Onça mostrou que o ex-motorista do deputado, Fabrício José Carlos de Queiroz, movimentou R$ 1,2 milhão entre janeiro de 2016 e janeiro de 2017. O Coaf também participou de investigações como o mensalão e a Operação Lava Jato.*Nota: esta reportagem faz parte do projeto de verificação de notícias no Facebook. Dúvidas sobre o projeto? Entre em contato direto com o Facebook.Editado por: Cristina Tardáguila"	1
80	"Com base no texto da notícia de checagem, a informação falsa que está sendo desmentida é:  **""É #FAKE que episódio sobre aula de fascismo em Malhação tenha relação com a eleição""**  Em outras palavras, a notícia de checagem afirma que a alegação de que o episódio de ""Malhação"" foi criado especificamente para se referir à disputa eleitoral é falsa. O texto explica que a cena foi escrita em 2017 e gravada antes da eleição. "	"""É #FAKE que episódio sobre aula de fascismo em Malhação tenha relação com a eleição""O episódio, que tem viralizado na web, foi ao ar em 21 de março, muito antes do processo eleitoral. A cena não faz alusão a nenhum candidato na disputa. É uma aula de história apenas. Viralizou nos aplicativos de mensagem e no Facebook um trecho de um episódio de ""Malhação - Vidas Brasileiras"", da TV Globo, em que a professora Gabriela, interpretada por Camila Morgado, ensina aos alunos o que é o fascismo. As mensagens dão a entender que ele foi feito agora, em razão da disputa eleitoral no país. Elas são #FAKE.A cena, na verdade, foi escrita em outubro de 2017, um ano antes da eleição. O episódio foi gravado em 28 de fevereiro, exibido no dia 21 de março de 2018 e não faz alusão a nenhum candidato que hoje disputa a eleição no país. "	1
81	"Com base no texto do site de checagem, a informação falsa que foi desmentida é:  **""Lula é eleito pela revista inglesa The Economist como o maior ladrão do mundo""**  O texto explica que a imagem que circula nas redes sociais é uma montagem e que a The Economist nunca publicou uma capa acusando Lula de ser o político mais corrupto do mundo. "	" #Verificamos: É falsa capa da The Economist que coloca Lula como político mais corrupto do mundoRevista britânica jamais fez o levantamento indicado na publicação que circula em redes sociaisCircula em redes sociais a imagem de uma capa da revista britânica The Economist que coloca o ex-presidente Luiz Inácio Lula da Silva (PT) como o político mais corrupto do mundo. Por meio do projeto de verificação de notícias, usuários do Facebook solicitaram que esse material fosse analisado. Confira a seguir o trabalho de verificação da Lupa:""Lula é eleito pela revista inglesa The Economist como o maior ladrão do mundo""Trecho de legenda de post que, até as 16h30 do dia 26 de abril de 2019, tinha sido compartilhado mais de 1,1 mil vezes no FacebookFALSOA capa da revista é falsa. A The Economist nunca publicou uma primeira página acusando Lula de ser o político mais corrupto do mundo. A imagem exibida nas redes sociais é uma montagem, que circula desde 2017. No site da publicação estão reunidas todas as reportagens publicadas sobre o ex-presidente brasileiro. Não há entre os textos qualquer matéria que coloque Lula como o líder em um ranking de corrupção do planeta.A edição de 20 de agosto de 2017, que aparece no post, jamais existiu. A revista publicada na data mais próxima, em 19 de agosto de 2017, traz uma charge com o presidente dos Estados Unidos, Donald Trump, falando em um megafone que também é um chapéu da organização racista Ku Klux Klan.Uma checagem semelhante foi feita pelos sites Estadão Verifica, Boatos.org, UOL Confere e E-farsas.Nota: esta reportagem faz parte do projeto de verificação de notícias no Facebook. Dúvidas sobre o projeto? Entre em contato direto com o Facebook.Editado por: Natália Leal"	1
82	"Com base no texto do site de checagem, a informação falsa que foi desmentida é:  **""O marido de Marina Silva (Rede), Fábio Vaz de Lima, é um dos 'maiores desmatadores' da Amazônia.""**  O texto explica que, embora Fábio Vaz de Lima tenha sido investigado por comércio ilegal de madeira e tenha tido toras de mogno apreendidas, o processo foi arquivado em 2013, e a acusação de ser um dos ""maiores desmatadores"" é, portanto, falsa. "	" #Verificamos: Não há provas de que marido de Marina esteve envolvido com desmatamento na AmazôniaMPF investigou Fábio Vaz de Lima por comércio ilegal de madeira, mas processo foi arquivado em 2013Circula nas redes sociais a ""notícia"" de que o marido da ex-ministra Marina Silva (Rede), Fábio Vaz de Lima, é um dos ""maiores desmatadores"" da Amazônia. Por meio do projeto de verificação de notícias, alguns dos usuários do Facebook solicitaram que essa informação fosse verificada. Confira a seguir a análise da Lupa:""6 mil toras de mogno apreendidas, valor de R$ 8 milhões. Um dos maiores desmatadores da Amazônia é o marido da Marina!""Texto que acompanha imagem (aqui e aqui) e que juntos já tinham mais de 150 compartilhamentos às 17h30 do dia 9 de novembro de 2018FALSOO marido de Marina Silva (Rede), Fábio Vaz de Lima, foi acusado por suposto envolvimento na doação irregular de seis mil toras de mogno apreendidas pelo Ibama para uma ONG. Entretanto, em 2013, o Ministério Público Federal (MPF) entendeu que não havia ""um único elemento"" que pudesse conferir ""foros de verossimilhança"" à acusação. Em 2004, o Tribunal de Contas da União averiguou a doação de seis mil toras de madeira clandestina que foram apreendidas na Amazônia. Essa contribuição seria do Ibama para a ONG Fase - Federação de Órgãos para Assistência Social e Educacional. À época, Marina era ministra do Meio Ambiente. Lima, é um dos fundadores do grupo Grupo de Trabalho Amazônico (GTA), que tem ligação com a ONG Fase. Contudo, como mesmo informa a investigação do Ministério Público Federal sobre o caso, ele já estava afastado do GTA quatro anos antes de sua mulher assumir o ministério. Em maio 2011, o caso voltou à tona. O então deputado federal Aldo Rebelo (PCdoB, hoje no SD) acusou o marido de Marina de fraudar ""contrabando de madeira"" em uma sessão no plenário da Câmara dos Deputados, durante a votação do Código Florestal.No dia seguinte às acusações de Rebelo, a ex-ministra informou que iria pedir que o MPF investigasse ela e seu marido para desmentir as acusações feitas por Rebelo. Na época, o próprio deputado afirmou que estava ""arrependido"" pela sua fala na Câmara. O MPF arquivou o caso em 2013, dois anos depois do início das investigações. Durante as eleições de 2014, quando Marina tentou concorrer ao cargo de presidente da República, essa informação ressurgiu nas redes. Na época, o site Boatos.org desmentiu o texto. Contudo, em 2018, quando a ex-ministra concorreu novamente à Presidência da República, esse boato voltou a circular. A informação foi desmentida novamente, dessa vez pelo projeto Comprova.*Nota: esta reportagem faz parte do projeto de verificação de notícias no Facebook. Dúvidas sobre o projeto? Entre em contato direto com o Facebook.Editado por: Chico Marés e Clara Becker"	1
83	"Com base no texto do site de checagem, a informação falsa que foi desmentida é:  **""Haddad usou uma foto de carnaval para sustentar que o espaço abrigou uma grande manifestação a seu favor nos últimos dias.""**  O texto indica que a legenda associada à foto, que propagava essa afirmação, é o que está sendo identificado como #FAKE. A imagem em si, tirada por Ricardo Stuckert em 2018, foi utilizada pela Agência Lupa para verificar os dados Exif, confirmando que não se trata de uma manifestação de apoio a Haddad. "	"""É #FAKE que Haddad usou foto de carnaval para divulgar ato de apoio em Salvador""Imagem foi publicada no Facebook e já tinha mais de 700 compartilhamentos até as 16h deste sábado (27). Circula nas redes sociais uma imagem aérea da orla de Salvador lotada, acompanhada de uma frase que sugere que o candidato do PT à Presidência da República, Fernando Haddad, usou uma foto de carnaval para sustentar que o espaço abrigou uma grande manifestação a seu favor nos últimos dias. A foto vem com a legenda: ""Haddad ladrão rouba a foto do carnaval de Salvador e chama de foto da virada!"", mas a afirmação é #FAKE.A foto em questão foi tirada pelo fotógrafo Ricardo Stuckert em 26 de outubro de 2018. É possível encontrar o arquivo original da imagem no Flickr oficial da campanha de Fernando Haddad.A Agência Lupa utilizou esse arquivo para consultar os dados Exif da imagem. Esses dados consistem em um conjunto de informações registradas pelas câmeras digitais capazes de, entre outras informações, revelar o horário em que a foto foi feita. Segundo o Exif da imagem original, ela foi batida às 18h02 do dia 26 de outubro por um drone DJI FC-220.O presidenciável Fernando Haddad esteve na Bahia nesta sexta-feira (26). O petista fez campanha nas ruas de Salvador e participou de uma caminhada numa avenida da orla da capital. Os organizadores calcularam que cerca de 100 mil pessoas compareceram ao ato.Neste sábado e domingo a equipe do Fato ou Fake se uniu a outras cinco agências de checagens de notícias no Brasil para checar as mensagens de conteúdo suspeito nesta reta final das eleições. A ideia de juntar forças é para ganhar mais agilidade e aumentar o alcance das checagens. A parceria reúne o Fato ou Fake, Projeto Comprova, Lupa, Aos Fatos, Boatos.org e E-Farsas "	1
84	"Com base no texto da notícia de checagem, a informação falsa que foi encontrada e desmentida é:  **""As casas que aparecem na publicação não pertencem a Lula, Dilma e Gleisi.""**  A notícia de checagem confirma que as imagens utilizadas na publicação não têm relação com os ex-presidentes e a deputada. Elas foram retiradas de sites de corretores de imóveis e construtoras brasileiras. "	" #Verificamos: Casas que aparecem em publicação não são de Lula, Dilma e GleisiImagens utilizadas foram retiradas de sites de corretoras de imóveis e construtoras brasileirasCircula em redes sociais uma imagem com casas que seriam dos ex-presidentes Luiz Inácio Lula da Silva e Dilma Rousseff e da deputada federal Gleisi Hoffmann. Por meio do projeto de verificação de notícias, usuários do Facebook solicitaram que esse material fosse analisado. Confira a seguir o trabalho de verificação da Lupa:""AÍ ESTÁ A CASA DO LULA...DILMA E GLEISI""Trecho da legenda que até às 13h34 do dia 26 de abril de 2019 teve diversos compartilhamentos no FacebookFALSOA imagem verificada pela Lupa é falsa. As casas que aparecem na publicação não pertencem a Lula, Dilma e Gleisi. Na verdade, as fotos foram retiradas de sites de corretoras de imóveis ou construtoras brasileiras _ não tendo nenhuma relação com os três petistas citados. A imagem da suposta casa de Lula veio da corretora Hansen Imóveis e mostra uma residência à venda no Alphaville Litoral Norte, em Camaçari, na Bahia. Em sua última declaração de bens ao Tribunal Superior Eleitoral, feita em 2018, Lula não listou casas como sua propriedade. O ex-presidente tem apenas três apartamentos e um terreno em São Bernardo do Campo. Lula teve sua candidatura indeferida pelo tribunal, com base na Lei da Ficha Limpa.A residência atribuída a Dilma Rousseff, por sua vez, fica em Itaparica, também na Bahia, e é de um site de aluguel de casas por temporada. A ex-presidente declarou ao TSE no ano passado que tem uma casa, dois terrenos e dois apartamentos em Porto Alegre e um outro apartamento em Belo Horizonte. Dilma concorreu ao Senado por Minas Gerais, mas não elegeu.Por último, a foto da casa que seria de Gleisi está no site da construtora Farinazzo Arquitetura. Segundo a empresa, a casa fica em Maringá, no Paraná. Ao TSE, Gleisi declarou ter dois apartamentos em Curitiba, no Paraná. A petista se elegeu deputada federal pelo estado.Nota: esta reportagem faz parte do projeto de verificação de notícias no Facebook. Dúvidas sobre o projeto? Entre em contato direto com o Facebook.Editado por: Natália Leal"	1
85	"Com base no texto da notícia de checagem, a informação falsa que está sendo desmentida é:  **""Circula pelas redes sociais um vídeo com a informação de que uma unidade da Havan em Hortolândia, no interior de São Paulo, foi consumida por um incêndio dias após reportagem da ""Folha de S.Paulo"" apontar a empresa como suspeita de comprar pacotes ilegais de disparos em massa de mensagens contra o PT no WhatsApp.""**  Em resumo, a notícia de checagem afirma que a informação de que a Havan foi incendiada e ligada a suspeitas de ataques ao PT é falsa. "	"""É #FAKE que loja de empresário apoiador de Bolsonaro foi incendiada ""Incêndio não atingiu a Havan, e sim unidade de industria farmacêutica a 1,2 km de distância da loja, em Hortolândia, no interior de São Paulo. Circula pelas redes sociais um vídeo com a informação de que uma unidade da Havan em Hortolândia, no interior de São Paulo, foi consumida por um incêndio dias após reportagem da ""Folha de S.Paulo"" apontar a empresa como suspeita de comprar pacotes ilegais de disparos em massa de mensagens contra o PT no WhatsApp. A informação é #FAKE.A fumaça que se vê por trás da estátua que caracteriza a rede de lojas foi provocada por um incêndio em uma unidade da industria farmacêutica EMS, que fica a 1,2 km de distância. Procurada, a assessoria da Havan, do empresário Luciano Hang, diz que não houve nenhum incêndio na unidade de Hortolândia.""A EMS informa que o incêndio ocorrido no sábado, 20 de outubro, em sua unidade de Hortolândia, não afetará a distribuição de medicamentos ao mercado.O complexo de Hortolândia da empresa possui duas plantas fabris independentes. A instalação responsável pela maior parte da produção não foi atingida e deve retomar suas atividades nesta segunda-feira (22 de outubro). O impacto na outra planta ainda está sendo avaliado. A EMS possui outras quatro unidades fabris no Brasil que suprirão o abastecimento, além de estoques de produtos acabados em um centro logístico em Jaguariúna - SP.A avaliação preliminar aponta que a área atingida foi o almoxarifado, onde fica armazenada uma parte das embalagens e da matéria-prima utilizada pela empresa. Em relação às outras áreas do complexo de Hortolândia, a dimensão exata dos danos está em avaliação pelas autoridades competentes.A Brigada de Emergência atuou de forma imediata, evacuando todo o complexo rapidamente. Não houve feridos.A EMS investiga as causas e monitora o cenário junto ao Corpo de Bombeiros e Defesa Civil, tendo oferecido a assistência necessária às famílias que tiveram suas casas atingidas por fumaça no entorno da fábrica. As estruturas dessas residências não foram abaladas.A empresa agradece todo o apoio recebido de colaboradores, parceiros e população em geral e, especialmente, enaltece o trabalho do Corpo de Bombeiros, Defesa Civil, SAMU, Polícia Militar, CETESB, COMPDEC, Concessionária Rota das Bandeiras, CPFL, demais órgãos públicos e todas as empresas da região que enviaram suas brigadas de incêndio para ajudar no combate ao fogo - caso, por exemplo, de Bosch, Sherwin Williams, Villares Metals, Pirelli e Replan.""""Empresário da HAVAN após ter sido citado pela Folha de São Paulo em ter financiado Bolsonaro fato que não foi provado e até o empresário já está nas redes sociais dizendo que vai processar a Folha de São Paulo, agora um de seus estabelecimentos está sendo consumido por incêndio"" "	1
86	"""Regra antiga era antioperacional, diz Wagner Rosário sobre decreto de sigilo a dados públicos."" O chefe da CGU dá um exemplo de um carg"	"""Regra antiga era antioperacional, diz Wagner Rosário sobre decreto de sigilo a dados públicos"" O ministro da Controladoria-Geral da União (CGU), Wagner Rosário, responsável pela transparência da administração pública, afirmou acreditar que o decreto que permitiu a servidores comissionados impor sigilo ultrassecreto a dados públicos foi mal interpretado, e que os direitos ao acesso à informação estão mantidos.Em entrevista ao blog, Rosário diz que regra antiga era ""antioperacional"" e defendeu que as novas diretrizes _ assinadas nesta quinta-feira (24) pelo presidente da República em exercício, Hamilton Mourão _ vão simplificar processo de classificação de informações.""[O decreto] vai alinhar o processo, as regras do processo que permita você ter uma operacionalização, uma simplificação do tipo de trabalho. Do jeito que estava não garante mais transparência e gera um tipo de trabalho totalmente oneroso para algumas autoridades"", afirmou o ministro.O chefe da CGU dá um exemplo de um cargo importante, como o de diretor-geral da Polícia Federal, que acabava sobrecarregado na classificação de documentos sigilosos. Rosário explica que nenhum superintendente dos 27 estados podia classificar um documento como reservado.""Agora você imagina se cada informação que for classificada na Polícia Federal subir pro Diretor-Geral classificar. Qual a lógica nisso?"", questiona o ministro.Rosário também conta que, em um órgão como a Marinha, existe o projeto de um submarino nuclear. ""Quase tudo no projeto de um submarino nuclear é sigiloso. [E tem que] subir para o comandante da Marinha. Teve uma hora que, se for fazer isso, ele vai passar o dia inteiro só para ver processo de classificação de documentos"".Segundo ele, há medidas de correção de erros de um documento classificado, que pode ser revisto pela própria CGU ou outro órgão em caso de recurso.Além disso, o autor da classificação tem que informar o seu superior, como diretor-geral da PF ou o comandante da Marinha, que analisará a documentação, e os servidores responsáveis podem ser punidos, se fizeram uma avaliação errada de um documento.Leia abaixo a entrevista:Blog _ Há críticas de especialistas de que o decreto que permite a servidores comissionados impor sigilo ultrassecreto a dados públicos é um retrocesso.Wagner Rosário _ Essas colocações são desprovidas de qualquer lógica. Vamos analisar: a lei trouxe essa previsão de classificação de informação, diversas informações que precisam ser classificadas. Alguns órgãos têm necessidade de classificar a informação. Essas informações podem ser delegadas. Por óbvio, imagine que seu público é muito grande, você pega um Diretor-Geral da Polícia Federal, o cara tem um mundo debaixo dele. Agora você imagina se cada informação que for classificada na Polícia Federal subir pro Diretor-Geral classificar. Qual a lógica nisso?Blog _ Era assim que funcionava?Rosário _ Estava previsto que você tinha, para as informações de grau secreto e ultrassecreto, só poderia ser Presidente, Vice-Presidente, Ministro de Estado, Comandante da Marinha, Exército e Aeronáutica, Chefes de missões diplomáticas e consulares. No grau secreto, você impedia que essas pessoas, além das autoridades que eu te falei, tinha os titulares de autarquias, fundações, tudo grau secreto. Então, em grau secreto era só esse pessoal. E no grau reservado tinha que ser DAS 101.5 para cima. Aí depois falava que é vedada a delegação de competência de classificação nos graus de ultrassecreto e secreto. Isso é o que o decreto falava, porque a lei falava que poderia passar para qualquer agente público. Aí você pega o seguinte: pela regra, o Diretor Geral da PF teve que absorver tudo, porque dentro do órgão, para classificar reservado, é de 101.5 para cima. Todos os superintendentes da PF são 101.3. Não são 101.5. Só Rio e São Paulo que é 101.4. Então assim, ele tinha que classificar tudo. Isso tem lógica? Isso é antioperacional, não tinha lógica.Blog _ Mas um diretor da Polícia Federal tem vários assessores, não tem alguém que pode fazer isso e só chegar para ele com a decisão final?Rosário _ Sim, mas para quê ele precisa fazer isso se ele pode delegar para todos os superintendentes e sendo que o próprio parágrafo quarto do novo decreto prevê que essas autoridades têm até 90 dias para informar a ele? Então, quer dizer, o diretor, superintendente da polícia lá no Amapá, não tem condição de classificar um documento. Isso é sem lógica. Quanto ao ministro de Estado... o da Saúde tem mais condições do que o secretário específico da pasta dele? Detalhe: lembre-se não está abrindo para qualquer um fazer. Ele está abrindo para autoridades delegadas. Não está indiscriminado, qualquer um pode, não. Para secreto e ultrassecreto ele pode delegar para DAS 101.6, que seria o secretário.Blog _ Então, na sua visão, não tem prejuízo?Rosário _ Nenhum. Ele vai alinhar o processo, as regras do processo que permita você ter uma operacionalização, uma simplificação do tipo de trabalho. Do jeito que estava não garante mais transparência e gera um tipo de trabalho totalmente oneroso para algumas autoridades.Blog _ Os especialistas estão fazendo uma linha de raciocínio para chegar à seguinte conclusão: um maior número de pessoas tendo essa possibilidade e a responsabilidade de colocar informações governamentais sob sigilo, acaba ampliando o número de informações que vão ficar escondidas da sociedade. Esse raciocínio está errado na sua opinião?Rosário _ Na minha opinião, está errado. Primeiro porque, dentro de 90 dias ele tem que informar a autoridade. Você vai delegar para quem você confia, você está delegando a competência. Outra, estão amarrados em lei. Vamos lá: isso é defesa à soberania nacional, prejudicar ou pôr em risco negociação de assuntos nacionais. Quando classifica tem um termo [Termo de Classificação de Informação] para preencher, colocar os motivos, fazer tudo. Se classificar de forma errada, quem delegou pode desclassificar no momento que quiser. Outra: quando você pedir a informação e ele negar, você pode fazer as revisões, primeiro para a autoridade superior a ele, caso já não seja a autoridade maior do órgão que respondeu, depois à CGU, depois à CMRI [Comissão Mista de Reavaliação de Informações]. Assim, os direitos estão mantidos. Não existe discussão. Agora, eu vou te fazer uma pergunta com sinceridade: você acha que dá mais confiança eu classificar ou poder delegar um ultrassecreto para o meu secretário geral de controle, para o meu secretário geral da União, você acha que a partir de agora a lei está mais em risco? É classificação, é um servidor público, está lotado naquilo, se ele fizer alguma coisa será responsabilizado.Blog _ Eu tenho boas e más experiências com a LAI. Algumas negativas não fazem sentido. Outras fizeram. Como o senhor mesmo disse, é uma decisão subjetiva. Mais pessoas com esse poder de subjetividade...Rosário _ Você tem níveis de subjetividade. Não tem como você amarrar, tem coisas que vão ser analisadas. Tem uns problemas na lei também. Nós temos um caso: qual é o máximo de tempo que eu tenho? São 25 anos para ultrassecreto. Esse é o prazo máximo. Aí eu te digo: a planta do banco Central, depois de 25 anos, eu posso fornecer? Você pode ver também que a lei não é perfeita, tem suas falhas. A gente vai ter que acertar isso. Não é fácil a norma. Eu não estou falando que a gente nunca vai errar, que a gente não pode errar. Mas, no caso específico de hoje, o que eu queria deixar claro é que não tem nenhuma ideia de obstrução a nada. Foi de simplificação pelas estruturas. O pessoal não tem ideia de como centralizar a medida numa pessoa sem ela poder delegar, como aquilo acaba com ela. Por exemplo, você pega um órgão como a Marinha, que está tratando de um submarino nuclear. Quase tudo no projeto de um submarino nuclear é sigiloso. E cada vez que isso acontece tinha que subir para o comandante da Marinha. Teve uma hora que, se for fazer isso, ele vai passar o dia. É o dia inteiro sem fazer mais nada, só para ver processo de classificação de documentos.Blog _ E o senhor confia nessas pessoas que são de confiança do comandante da Marinha, por exemplo.Rosário _ Eu não delegaria para uma pessoa que eu não confio.Blog _ Mas o senhor confia que todas essas pessoas que receberão essa responsabilidade seguirão ""ipsis literis"" o que determina a lei na hora de classificar?Rosário _ É determinação. Quem não cumprir é responsabilizado, como funciona em todo local. Dá o trabalho para o cara e, se ele não fizer, ele é responsabilizado. Detalhe, se você pedir a informação e ele negar alegando a classificação e você recorrer, nós somos obrigados a identificar se aquela classificação foi devida ou não.Blog _ E ele pode ser responsabilizado como?Rosário _ Tem a previsão na norma que ele pode ser responsabilizado. Tanto os militares como os civis pelo não cumprimento de norma, previsto na Lei 8.112, até por improbidade, se for o caso. Está até previsto na lei. Para você ter uma noção, o artigo 65 do decreto, parágrafo segundo, traz: pelas condutas descritas no caput, isto é, agir como dolo ou má fé, divulgar ou permitir a divulgação, permitir acesso indevido a informação classificada, impor sigilo à informação para obter proveito pessoal ou de terceiros, ocultar restrição de autoridade... a pessoa pode responder por crime de responsabilidade previsto na lei 1079 ou pelas infrações previstas na 8429, que é nossa lei de improbidade administrativa.Blog _ E quem fiscaliza isso?Rosário _ A CGU é um dos que fiscaliza e a própria pessoa que delegou, porque de 90 em 90 dias você vai verificando. Você pede a informação, eles negam por sigilo, você recorre, a gente vai olhar e verifica. Verificou que o cara tomou qualquer medida dessa, porque às vezes você pode ter tanto [um servidor] esconder como divulgar a informação sigilosa. Ele vai responder por isso. Detectando, a gente encaminha para a AGU a quem cabe entrar com as ações, e a gente também, descumprindo qualquer norma, pode responsabilizar a pessoa.Blog _ O Diretor da Polícia Federal, por exemplo, poderia ser responsabilizado por ter colocado sob sigilo?Rosário _ Pode, qualquer um. Está sujeito à Lei 8.429. O ministro não está sujeito à sanção disciplinar, mas está sujeito a crime de responsabilidade, está sujeito à Lei de Improbidade Administrativa.Blog _ Então, na sua visão, esse decreto desafoga um serviço como outro qualquer dentro da Administração Pública?Rosário _ Exatamente. Na verdade, ele dá mais liberdade porque lembre-se que é uma possibilidade de delegação. Com certeza a autoridade que classifica uma ou duas informações por ano, não vai delegar. Não tem porquê. Agora, a autoridade que necessita delegar, vai fazê-lo. Tenho certeza que alguns órgãos, pela sua característica de ser muito distribuído, em que você tem autoridade na ponta que é responsável por um Estado todo, ele vai delegar para outra autoridade e vai diminuir o fluxo dos documentos sob a sua responsabilidade.Blog _ Uma das comparações temporais que fizeram foi com o período da ditadura, quando havia dificuldade de ter acesso à informação?Rosário _ Essa comparação é ridícula porque nem havia Lei de Acesso à Informação no regime militar. Como você falou, na época do regime militar.Blog _ Mas então o senhor acha que é desinformação mesmo em relação à medida que foi tomada?Rosário - Exatamente. Eu já vi vários questionamentos hoje que demonstram um certo desconhecimento da norma, mas isso foi muito bem explicado nas notas, principalmente da CGU, da nossa área de comunicação social. Basicamente só permite, define melhor a delegação. A lei permitia a delegação a agente público, a gente está colocando um nível alto ainda. Pode ver que as delegações estão ainda em nível 6, 5 e, no reservado, para o agente público com DAS que aquele órgão determina como autoridade delegante. E ainda tem um controle de até 90 dias para ver todas as informações de documentos que foram classificados. "	-1
87	Lava Jato: PF indicia operador ligado ao PSDB por organização criminosa e lavagem de dinheiro. As provas conseguidas ao longo da investigação apontam firmemente a participação do investigado no esquema criminoso desarticulado. O operador financeiro foi transferido de São Paulo para Curitiba na quarta-feira (13). 	"""Lava Jato: PF indicia operador ligado ao PSDB por organização criminosa e lavagem de dinheiro""Preso na 60ª fase da operação, Paulo Vieira de Souza foi transferido de São Paulo para Curitiba na terça-feira (13); ele ficou em silêncio no interrogatório. A Polícia Federal (PF) em Curitiba indiciou nesta quinta-feira (14) Paulo Vieira de Souza, operador financeiro ligado ao PSDB, por organização criminosa e lavagem de dinheiro.Ele foi preso em fevereiro na deflagração da 60ª fase da Operação Lava Jato, batizada ""Ad Infinitum"". Souza foi transferido de São Paulo para a Superintendência da PF em Curitiba na quarta-feira (13).O G1 tenta contato com a defesa dele.Conforme a PF, as provas conseguidas ao longo da investigação ""apontam firmemente a participação do investigado no esquema criminoso descortinado"".Nesta quarta, o operador financeiro foi interrogado pelos policiais, mas preferiu ficar em silêncio quando perguntado sobre a investigação.De acordo com o procurador do MPF Roberson Henrique Pozzobon, Paulo Vieira de Souza mantinha um apartamento somente para guardar o dinheiro. Segundo o procurador, o operador tinha cerca de R$ 100 milhões em espécie em dois apartamentos em São Paulo, o dobro de dinheiro achado no apartamento usado por Geddel Vieira Lima, ex-ministro e ex-deputado federal.Paulo Vieira de Souza é apontado como peça-chave na lavagem de milhões de reais em favor da Odebrecht. Questionado sobre a origem do dinheiro repassado pelo operador à Odebrecht, o procurador explicou que os valores eram de ""múltiplos esquemas criminosos"".No dia da prisão de Paulo Vieira de Souza, o PSDB afirmou que não mantém qualquer tipo de vínculo com o operador e que ""jamais recebeu qualquer contrapartida de empresas nem autorizou terceiros a fazê-lo em seu nome"".Veja mais notícias do estado no G1 Paraná."	-1
88	O presidente da Câmara, Rodrigo Maia, procurou nesta quarta-feira (20) integrantes da cúpula militar com intuito de desfazer um mal-estar criado por uma declaração sua. Maia falou com o general Villas Boas, ex-comandante do Exército, e explicou que fora mal interpredad. Também mandou mensagem para o ministro da Defesa, Fernando Azevedo e Silva, com uma oferta para que o ministro ajude a indicar o relator do projeto que instituirá o sistema de aposentadorias do setor militar. A declaração causou.	"""Rodrigo Maia procura cúpula militar para desfazer mal-estar após frase sobre fim de festa"" O presidente da Câmara, Rodrigo Maia, procurou nesta quarta-feira (20) integrantes da cúpula militar com intuito de desfazer um mal-estar criado por uma declaração sua.Maia falou com o general Villas Boas, ex-comandante do Exército, e explicou que fora mal interpretado. Também mandou mensagem para o ministro da Defesa, Fernando Azevedo e Silva, com uma oferta para que o ministro ajude a indicar o relator do projeto que instituirá o sistema de aposentadorias do setor militar.Na terça-feira (19), o chefe da Câmara reconheceu a defasagem salarial dos militares, mas alertou para as dificuldades fiscais.""O problema é que há uma defasagem grande salarial dos militares em relação aos civis, isso há. Mas o problema é que nós estamos no fim da festa, o Brasil quebrou, e eles estão querendo entrar nessa festa no finalzinho, quando já está amanhecendo, a música já está acabando"", disse.A declaração causou pronta reação de generais do Alto Comando do Exército. Alguns procuraram o blog para manifestar insatisfação.A frase foi considerada infeliz.Ao general Villas Boas, atualmente despachando no Palácio do Planalto, o presidente da Câmara afirmou que, ao longo de sua fala a jornalistas, dissera que os militares foram prejudicados por governos anteriores e que, agora, é preciso ajustar os vencimentos equiparando-os aos vencimentos civis.Ao ministro da Defesa, Maia acrescentou que não gostaria de fazer nada ""sem um bom diálogo com ele"". "	-1
89	"""Enentend a crise que atinge o PSL, partido de Jair Bolsonaro"" Crises política envolve suspeita de irregularidades em razão do financiamiento de candidaturas de ""laranjas"" nas eleições. Controvérsia agraçou-se depois que filho do presidente desmentiu ministro. O PSL, partido do presidente Jair Bolsonaro, está no centro de uma crise política por suspeita de irregularidades em razão do financiamiento de candidaturas de ""laranjas"" nas eleições de 2018. A controvérsia agraçou-se quando um dos filhos de Bolsonaro, o vereador Carlos Bolsonaro, desmentiu o ministro da Secretaria-Geral da Presidência, Gustavo Bebianno, depois de este dizer que havia conversado com o presidente sobre o caso _ Bebianno presidia o PSL na época da disputa eleitoral do ano passado. Nesta quarta-feira (13), o blog de Valdo Cruz informou que havia pressões no Palácio do Planalto pela demissão de Bebianno do cargo de ministro, em razão da crise entre ele e o filho do presidente. Já nesta sexta-feira (15), o colunista noticiou"	"""Entenda a crise que atinge o PSL, partido de Jair Bolsonaro""Crise política envolve suspeita de irregularidades em razão do financiamento de candidaturas de laranjas nas eleições. Controvérsia agravou-se depois que filho do presidente desmentiu ministro. O PSL, partido do presidente Jair Bolsonaro, está no centro de uma crise política por suspeita de irregularidades em razão do financiamento de candidaturas de ""laranjas"" nas eleições de 2018.A controvérsia agravou-se quando um dos filhos de Bolsonaro, o vereador Carlos Bolsonaro, desmentiu o ministro da Secretaria-Geral da Presidência, Gustavo Bebianno, depois de este dizer que havia conversado com o presidente sobre o caso _ Bebianno presidia o PSL na época da disputa eleitoral do ano passado.Nesta quarta-feira (13), o blog de Valdo Cruz informou que havia pressões no Palácio do Planalto pela demissão de Bebianno do cargo de ministro, em razão da crise entre ele e o filho do presidente. Já nesta sexta-feira (15), o colunista noticiou que, segundo aliados, Bebianno permanecerá no cargo.Além disso, o próprio Bebianno afirmou que ""não há crise nenhuma"" no governo, mas declarou que não sabe se ficará no cargo. De acordo com o Blog do Camarotti, ele ganhou sobrevida no cargo após intensa atuação de outros ministros. No fim da tarde de sexta, Bebianno reuniu-se com Bolsonaro. A avaliação do Planalto é que, mesmo após o encontro, a situação do chefe da Secretaria-Geral é considerada difícil.A Polícia Federal vai investigar as supostas irregularidades do PSL. Nesta quinta-feira (14), o ministro da Justiça e Segurança Pública, Sérgio Moro, disse que a suspeita está sendo apurada e que ""eventuais responsabilidades"" serão ""definidas"" após as investigações.Nesta quinta, o presidente da Câmara, Rodrigo Maia (DEM-RJ), afirmou ao blog de Andréia Sadi no G1 que Bolsonaro precisa ""comandar a solução"" para a crise política. ""A impressão que dá é que o presidente está usando o filho para pedir para o Bebianno sair"", declarou.Para ele, o governo corre um ""risco muito grande"" se transformar o episódio em crise. Sobre a suspeita envolvendo Bebianno, Maia afirmou que ""qualquer presidente de partido poderia passar por isso"".Entenda, abaixo, a crise que atinge o PSL:Em 4 de fevereiro, uma reportagem da ""Folha de S.Paulo"" apontou que o ministro do Turismo, Marcelo Álvaro Antônio (PSL), que é presidente do partido em Minas Gerais, direcionou verbas de campanha a quatro candidatas no estado que são suspeitas de serem laranjas.Em 10 de fevereiro, o mesmo jornal informou que o PSL repassou R$ 400 mil a uma candidata a deputada federal em Pernambuco que teve 274 votos, três dias antes da eleição. De acordo com a reportagem, isso é indício de uma candidatura de fachada.O jornal diz que Maria de Lourdes Paixão se tornou candidata por iniciativa do grupo do atual presidente do PSL, Luciano Bivar.O repasse, ainda segundo a ""Folha de S.Paulo"", aconteceu no período em que Gustavo Bebianno era o presidente do PSL. Um dos principais coordenadores da campanha de Bolsonaro, Bebbiano deixou o comando da legenda após o período eleitoral e hoje é ministro da Secretaria Geral da Presidência.Segundo a reportagem, Maria de Lourdes Paixão foi beneficiária do terceiro maior volume de recursos transferidos para um candidato _ mais do que receberam as campanhas do próprio Jair Bolsonaro e de Joice Hasselmann (PSL-SP), deputada mais votada do país entre as mulheres candidatas.Na terça-feira (12), Gustavo Bebianno negou, em entrevista ao jornal ""O Globo"", que seja o pivô de uma crise no governo. Ele afirmou: ""Não existe crise nenhuma. Só hoje falei três vezes com o presidente"". Segundo Bebianno, ele se comunicou com o presidente por meio de um aplicativo de mensagens.Já na quarta-feira (13), um dos filhos do presidente, o vereador do Rio de Janeiro Carlos Bolsonaro (PSC), criticou Bebianno em uma rede social. Segundo Carlos Bolsonaro, era uma ""mentira absoluta"" a alegação de Bebianno na qual o ministro disse ter falado três vezes com Jair Bolsonaro enquanto o presidente ainda estava internado no hospital Albert Einstein, em São Paulo. Bolsonaro recebeu alta nesta quarta e voltou para Brasilia.""Ontem estive 24h do dia ao lado do meu pai e afirmou: É uma mentira absoluta de Gustavo Bebbiano que ontem teria falado 3 vezes com Jair Bolsonaro para tratar do assunto citado pelo Globo e retransmitido pelo Antagonista, escreveu Carlos Bolsonaro.Para sustentar o que chamou de ""mentira"", o filho do presidente divulgou uma gravação em áudio do pai na qual ele supostamente conversa por telefone com Bebbiano. A gravação reproduz somente a voz de Bolsonaro.""Ô Gustavo, está complicado eu conversar ainda. Então, não vou falar, não vou falar com ninguém, a não ser estritamente o essencial. Estou em fase final de exames para possível baixa hoje, tá ok? Boa sorte aí"", afirma Jair Bolsonaro na gravação.""Não há roupa suja a ser lavada! Apenas a verdade: Bolsonaro não tratou com Bebiano o assunto exposto pelo O Globo como disse que tratou"", afirmou Carlos Bolsonaro na rede social.Ao blog de Andréia Sadi no G1, o ministro da Secretaria Geral da Presidência, Gustavo Bebianno, disse nesta quarta que não pretende pedir demissão em razão do episódio.Questionado se tem a intenção de deixar o cargo, Bebianno respondeu:""Não tenho essa intenção porque não fiz nada de errado. Meu trabalho continua sendo em benefício do Brasil. O presidente, se entender que eu não deva mais continuar, ele certamente vai me comunicar. Mas até aqui minha relação com ele foi sempre a melhor possível, da minha parte tudo foi feito com honestidade, correção e vamos esperar para ver o que acontece.""Nesta sexta, em entrevista exclusiva à TV Globo, Bebianno disse que ""não tem crise nenhuma"" no governo mas que não sabe se ficará no cargo.Além disso, o Blog do Camarotti informou que, em conversas com interlocutores, o ministro-chefe da Secretaria-Geral da Presidência demonstrou forte mágoa com o episódio. ""Não se dá um tiro na nuca do seu próprio soldado. É preciso ter um mínimo de consideração com quem esteve ao lado dele o tempo todo"", desabafou Bebianno.Já o ministro do Turismo, Marcelo Álvaro Antônio (PSL) _ que foi o deputado federal mais votado em Minas Gerais _, comentou, em entrevista ao jornal ""O Globo"", a suspeita de que teria usado candidatos laranjas na campanha do ano passado:""Fazem esse tipo de ilação maldosa, dizer que a candidata é laranja porque gastou R$ 50 mil do fundo partidário e teve 800 votos _ isso é surreal. Não tem como medir o número de votos pelo que a pessoa gastou. Então quer dizer que o presidente tinha que ser o [Fernando] Haddat [PT], que gastou 20 vezes mais que o presidente Jair Bolsonaro"".Ao jornal, Álvaro Antônio disse que todas as suas contas foram aprovadas pelo Tribunal Regional Eleitoral: ""O PSL em Minas agiu 100% dentro da legislação eleitoral. Dizer que as pessoas são laranjas, atrelando a quantidade de voto com o valor gasto, é subestimar a democracia brasileira. Não tem como fazer uma analogia dessas"".O presidente Jair Bolsonaro compartilhou na noite de quarta três mensagens nas quais um de seus filhos, o vereador Carlos Bolsonaro, acusou o ministro da Secretaria-Geral, Gustavo Bebianno, de mentir. Bolsonaro não acrescentou comentário nas postagens, somente republicou o mesmo conteúdo publicado pelo filho.Também nesta quarta, Bolsonaro afirmou em entrevista à TV Record que Bebianno terá de ""voltar às origens"" se estiver envolvido nas supostas irregularidades do PSL.""Se estiver envolvido, logicamente, e responsabilizado, lamentavelmente o destino não pode ser outro a não ser voltar às suas origens. Em nenhum momento conversei com ele"", afirmou o presidente.Questionado se havia conversado com Bebianno por telefone na terça, respondeu:""Isso é mentira. Sabe por que é mentira? Porque eu determinei que a Polícia Federal investigasse. Eu podia ter dado um telefonema para o Sérgio Moro, sou chefe dele. Mas jamais farei isso, muito pelo contrário. Determinei ao Sérgio Moro que, dentro da sua esfera de atribuição, se fosse possível investigar, isso está sendo investigado. Essa é a resposta que dou para todos aqueles que tentam praticar corrupção no Brasil"".Bolsonaro disse ainda ser ""mentira"" que tenha tratado do assunto com o ministro e acrescentou que mandou a Polícia Federal investigar as suspeitas.O líder do PSL na Câmara, deputado Delegado Waldir (PSL-GO), afirmou nesta quarta que é ""zero"" a chance de o ministro da Secretaria-Geral, Gustavo Bebianno, ser demitido.O deputado deu a declaração durante uma entrevista coletiva antes de participar de reunião da bancada do PSL, partido do presidente Jair Bolsonaro.""Zero. Zero de risco. Nós somos um governo correto. Para correr risco, tem que roubar, tem que ser corrompido que nem a esquerda fazia"", afirmou Waldir após ser questionado se Bebianno ""corre risco"" no cargo.Depois, o deputado concedeu outra entrevista, na qual disse que, se Bebianno perdeu a confiança do presidente, ""cabe ao presidente tomar a decisão que ele entender mais legítima"". ""Só acho que um ministro tem que ser afastado se ele cometeu um crime grave"", acrescentou.A Polícia Federal vai investigar as suspeitas de que o PSL usou recursos públicos para financiar candidaturas de ""laranjas"".O ministro da Justiça e da Segurança Pública, Sérgio Moro, disse nesta quinta: ""O senhor presidente Jair Bolsonaro proferiu uma determinação e a determinação está sendo cumprida. Os fatos vão ser apurados e eventuais responsabilidades, após as investigações, vão ser definidas"".Moro não especificou, no entanto, quantos inquéritos foram abertos para investigar o caso nem deu detalhes sobre os trabalhos.Com relação ao caso da candidata a deputada federal Maria de Lourdes Paixão, a Polícia Civil de Pernambuco investiga denúncias de desvio de dinheiro. A investigação está a cargo do Departamento de Repressão ao Crime Organizado e Corrupção (Draco).De acordo com a assessoria da Polícia Civil em Pernambuco, o procedimento é chamado de Verificação Preliminar de Investigação (VPI), que acontece antes da abertura do inquérito.A Polícia Federal (PF) também apura o caso e intimou Lourdes a depor. O depoimento estava marcado para esta quinta, às 11h, mas houve um pedido para adiamento, feito pelo advogado da candidata. Uma nova data ainda não foi marcada.Maria de Lourdes Paixão deve ser ouvida no que a PF chama de ""registro especial"", um procedimento anterior à abertura de inquérito, para verificar se há indícios suficientes para justificar uma investigação.""Ela vem na condição de colaboradora. Não tem ainda nenhum tipo de investigação instaurada contra ela"", afirmou o assessor da PF em Pernambuco, Giovani Santoro.De acordo com ele, a iniciativa da intimação foi da Polícia Federal, em conjunto com a Justiça Eleitoral. ""Tomamos conhecimento da veiculação de uma matéria sobre esse caso e achamos oportuno checar os fatos em andamento. Ela vai ser ouvida aqui como colaboradora, para prestar esclarecimentos. Ela não é investigada nesse momento"", disse Santoro.Em nota, a Procuradoria Regional Eleitoral em Pernambuco (PRE-PE) informou que propôs ação de impugnação de contas eleitorais contra Lourdes Paixão. A ação é sigilosa. "	-1
90	"Senador Lasier Martins deixa PSD e anuncia que ingressará no Podemos. Por meio de nota, o congressista atribuiu a decisão a ""razões de foro íntimo"". Ele afirma ter escolhido a nova legenda por ter ""alinhamento com suas propostas e bandeiras"". "	"""Senador Lasier Martins deixa PSD e anuncia que ingressará no Podemos""Por meio de nota, congressista atribui decisão a razões de foro íntimo. Ele afirma ter escolhido a nova legenda por alinhamento com suas propostas e bandeiras. O senador Lasier Martins, do Rio Grande do Sul, anunciou nesta terça-feira (5) que se desligou do PSD para ingressar no Podemos. Por meio de nota, o congressista atribuiu a decisão a ""razões de foro íntimo"" (leia na íntegra abaixo).Ele afirma ter escolhido a nova legenda por ter ""alinhamento com suas propostas e bandeiras"", e que segue ""tendo tendo bons amigos no PSD"".Lasier foi eleito pelo PDT na eleição de 2014, em uma disputa acirrada com o ex-governador Olívio Dutra (PT). Em dezembro de 2016, pediu desfiliação do partido, que ainda decidia se expulsaria os senadores que votaram a favor do impeachment da ex-presidente Dilma Rousseff, contrariando a orientação da Executiva Nacional _ caso do congressista gaúcho. Em janeiro de 2017, anunciou que ingressaria no PSD.Informei esta noite ao líder do PSD no Senado, Otto Alencar (BA), e ao presidente nacional do PSD, Gilberto Kassab, o meu desligamento do partido, por razões de foro íntimo. Também decidi que ingressarei no PODEMOS, por considerar que tenho alinhamento com as suas propostas e bandeiras. Tomei essa decisão atendendo ao honroso convite feito pelo senador Alvaro Dias (PR). Acrescento que continuo tendo bons amigos no PSD, particularmente com os seus filiados do Rio Grande do Sul, com os quais espero continuar mantendo bom e gratificante relacionamento. "	-1
91	Eu já falei o que tinha para falar, não tem novidade nenhuma. O senador Flávio Bolsonaro (PSL-RJ) afirmou nesta quarta-feira (30) que não tem mais nada a dizer sobre os relatórios do Conselho de Controle de Atividade Financeiras (Coaf) que apontaram movimentações bancárias suspeitas nas contas dele e de seu ex-assesor Fabrício Queiroz.	"""Flávio Bolsonaro faz biometria no Congresso e diz não ter mais nada para falar sobre Coaf""Ele foi questionado por jornalistas sobre quando iria ao Ministério Público dar explicações para movimentações bancárias consideradas atípicas. Senador se disse vítima de perseguição.   O senador Flávio Bolsonaro (PSL-RJ) afirmou nesta quarta-feira (30) que não tem mais nada a dizer sobre os relatórios do Conselho de Controle de Atividade Financeiras (Coaf) que apontaram movimentações bancárias suspeitas nas contas dele e de seu ex-assessor Fabrício Queiroz.Ele foi ao Congresso no início da tarde para fazer registro biométrico, procedimento de praxe no início do mandato. Flávio foi questionado por jornalistas quando iria ao Ministério Público do Rio de Janeiro para dar esclarecimentos sobre as movimentações apontadas como suspeitas. Ele era aguardado no dia 10 de janeiro, mas não compareceu.""Eu já falei o que tinha para falar, não tem novidade nenhuma"", afirmou o senador.O Ministério Público Estadual do Rio de Janeiro abriu procedimento investigatório criminal para apurar o caso, mas a investigação foi suspensa temporariamente por decisão do Supremo Tribunal Federal (STF) em 17 de janeiro. Quem pediu a suspensão das investigações foi Flávio Bolsonaro.Enquanto andava no Congresso, acompanhado pelos jornalistas, o senador disse ainda que é vítima de perseguição.""Tem que esperar o Supremo se pronunciar. Está todo mundo vendo que eu sou vítima de perseguição"", afirmou.O primeiro relatório do Coaf sobre o caso apontou operações bancárias suspeitas de 74 servidores e ex-servidores da Assembleia Legislativa do Rio de Janeiro (Alerj). O documento revelou movimentação atípica de R$ 1,2 milhão na conta de Queiroz entre janeiro de 2016 e janeiro de 2017, incluindo depósitos e saques.O Ministério Público Estadual do Rio de Janeiro abriu procedimento investigatório criminal para apurar o caso.A partir da investigação do MP, o Coaf produziu um novo relatório. O documento apontou movimentações bancárias suspeitas de Flávio Bolsonaro. Em um mês, foram feitos quase 48 depósitos em dinheiro numa conta do senador, no total de R$ 96 mil.Cada depósito, entre junho e julho de 2017, foram feitos com dinheiro em espécie, sempre no mesmo valor: R$ 2 mil. Os depósitos foram realizados no autoatendimento da agência bancária que fica dentro da Assembleia Legislativa do Rio (Alerj)O Coaf também identificou um pagamento no valor de R$ 1.016.839 de um título bancário da Caixa na conta de Flávio. O Coaf não identificou o favorecido, nem a data, e nenhum outro detalhe.Flávio Bolsonaro afirmou que e o pagamento de R$ 1 milhão de um título bancário da Caixa Econômica é referente a um apartamento que ele comprou na planta.Disse ainda que a Caixa Econômica quitou a dívida dele com a construtora e que ele passou, então, a dever à Caixa. O senador afirmou que vendeu o mesmo imóvel logo depois e que recebeu parte do valor em dinheiro vivo.Ele alega que depositou o dinheiro na conta dele, na Assembleia Legislativa do Rio de Janeiro (Alerj), em 48 envelopes de R$ 2 mil, porque era o local onde ele trabalhava e que o valor era o limite para cada depósito no caixa automático. "	-1
92	Senado aprova projeto para punir quem constranger mulher que amamentar em público. Proposta prevê indenização em casos de discriminação, proibição, repressão ou constrangimento. O Senado aprova nesta terça-feira (12) um projeto que busca garantir à mulher o direito de amamentar em locais públicos, privados abertos ao público ou de uso coletivo sem serem constranjidas. O texto prevê, ainda, que o responsável pelo ato deverá pagar indenização, em valor igual ou superior a dois salários mínimos, a ser determinado pela Justiça.	"""Senado aprova projeto para punir quem constranger mulher que amamentar em público""Proposta prevê indenização em casos de discriminação, proibição, repressão ou constrangimento. Texto segue para análise da Câmara. O Senado aprovou nesta terça-feira (12) um projeto que busca garantir à mulher o direito de amamentar em locais públicos, privados abertos ao público ou de uso coletivo sem serem constrangidas.De acordo com o projeto, será considerada conduta ilícita, sujeita a reparação de danos, qualquer ato que discrimine, proíba, reprima ou constranja as mães que quiserem amamentar os filhos.O texto prevê, ainda, que o responsável pelo ato deverá pagar indenização, em valor igual ou superior a dois salários mínimos, a ser determinado pela Justiça.A proposta prevê ainda que a amamentação deve ser assegurada independentemente da existência de locais ou instalações reservadas. E que cabe à mulher a decisão de utilizar ou não esses ambientes, caso existam.A relatora da proposta na Comissão de Direitos Humanos, Maria do Carmo Alves (DEM-SE), afirma que não há uma lei federal sobre o assunto.""Os episódios de constrangimento de fato existem, tanto que o município de São Paulo foi levado a editar lei que prevê multa para quem constranger ou impedir a amamentação em público"", diz Maria do Carmo no relatório.A relatora da proposta em plenário, Selma Arruda (PSL-MT), afirmou que, ""pela primeira vez, [o Congresso] está dando ferramentas para assegurar o direito da mulher de amamentar publicamente"".O texto aprovado nesta terça-feira foi apresentado pela ex-senadora Vanessa Grazziotin (PCdoB-AM). Agora, caberá à Câmara analisar a proposta.A proposta foi aprovada em sessão que os parlamentares dedicaram ao Dia da Mulher, celebrado na última sexta-feira (8).O presidente do Senado, Davi Alcolumbre (DEM-AP), passou o comando da sessão à senadora Leila Barros, que conduziu a análise de projetos defendidos pela bancada feminina. Outras senadoras se sentaram à Mesa Diretora do plenário durante a sessão.Também nesta terça-feira, os senadores aprovaram um projeto que prevê que o agressor de mulher será obrigado a pagar à Previdência Social os valores de benefícios concedidos em decorrência de atos de violência doméstica e familiar.A proposta, de autoria da ex-senadora Marta Suplicy, também segue para análise da Câmara dos Deputados.A senadora Simone Tebet (MDB-MS) relatou a proposta em plenário e disse que o texto é ""justo e meritório"".""A mulher vítima de violência tem, claro, direito a licença, a tratamento de saúde; e, nesse tempo, ela é atendida pelo INSS. Então, a Previdência Social arca com essa despesa no sentido de ela, não trabalhando, continuar recebendo [...]. O projeto propõe que, automaticamente, a sentença já defina que o agressor terá que ressarcir a Previdência pelos danos causados a essa mulher e pelo custo que a Previdência Social teve"", afirmou Simone.A senadora Rose de Freitas (Pode-ES) também defendeu a aprovação da proposta. ""O agressor não pode achar que ele não tem nada a ver com aquela mulher, com aquela vítima, com o custo moral e físico dessa violência imensa; e que os cofres públicos têm que arcar com o pagamento, com todos os danos que ele causa"", disse.O senador Fernando Bezerra Coelho (MDB-PE) lembrou que, embora esse tipo de ressarcimento não esteja previsto na legislação atual, isso já está sendo aplicado.""Embora a Lei de Benefícios preveja expressamente apenas a possibilidade de ação regressiva contra os responsáveis por acidente do trabalho, com embasamento no Código Civil, esse tipo de ação tem alcançado também os responsáveis por acidentes graves de trânsito e os agressores em violência doméstica familiar"", declarou. "	-1
93	"""Moro revoga nomeação de Ilona Szabó para conselho após repercussão negativa."" Ilona é mestre em estudos de conflito e paz e especialista em segurança. Nomeação gerou críticas entre apoiadores de Bolsonaro; ela lamentou ação extrema de grupos minoritários. ""Moro revogava nomeação de Ilonas Zabó para conselho após repercussão negativa."" "	"""Moro revoga nomeação de Ilona Szabó para conselho após repercussão negativa""Ilona é mestre em estudos de conflito e paz e especialista em segurança. Nomeação gerou críticas entre apoiadores de Bolsonaro; ela lamentou ação extremada de grupos minoritários. O Ministério da Justiça divulgou uma nota nesta quinta-feira (28) na qual informou que o ministro Sérgio Moro decidiu revogar a nomeação de Ilona Szabó para o Conselho Nacional de Política Criminal e Penitenciária.Na nota, o ministério informou que a revogação foi provocada por ""repercussão negativa em alguns segmentos"" da sociedade (leia a íntegra ao final desta reportagem).Como noticiou o jornal ""O Globo"", a nomeação de Ilona para o conselho, como suplente, fez com que Moro fosse criticado por apoiadores do presidente Jair Bolsonaro nas redes sociais.Cientista política, Ilona Szabó tem mestrado em estudos de conflito e paz pela Universidade de Uppsala (Suécia) e é especialista em redução da violência e política de drogas.Fundadora do Instituto Igarapé, que se dedica a estudar e a elaborar propostas de políticas públicas para a redução da violência, Ilona Szabó atuou na ONG Viva Rio e foi uma das coordenadoras da campanha nacional de desarmamento.Em nota divulgada após a revogação da nomeação, Ilona Szabó afirmou que ""ganha a polarização"" e que ""a pluralidade é derrotada"".Ela disse lamentar não poder assumir o mandato ""devido à ação extremada de grupos minoritários"" e afirmou que continuará aberta a contribuir com ""interlocutores comprometidos com políticas públicas baseadas em evidências"".Leia a nota divulgada por Ilona Szabó:Ganha a polarização. A pluralidade é derrotada.Agradeço o convite do Ministro Sergio Moro para compor o Conselho Nacional de Política Criminal e Penitenciária (CNPCP), e lamento não poder assumir o mandato devido à ação extremada de grupos minoritários. O país precisa superar a intolerância para atingir nossos objetivos comuns na construção de um país mais justo e seguro. O Instituto Igarapé desde sua fundação trabalha de forma independente e em parceria com as instituições de segurança pública e justiça criminal no Brasil e em diversos países do mundo. Continuaremos abertos a contribuir com interlocutores comprometidos com políticas públicas baseadas em evidências. O Brasil, mais que nunca, precisa do diálogo democrático, respeitoso e plural.Ilona Szabó, diretora-executiva do Instituto Igarapé.Ilona Szabó se posicionou publicamente contra o decreto do presidente Jair Bolsonaro que flexibilizou a posse de armas no país.Em um artigo publicado no jornal ""Folha de S.Paulo"", a especialista em segurança pública fez críticas ao decreto ao afirmar que ""incentivar que mais civis se armem não irá melhorar a segurança pública"".""Expandir o acesso e a disponibilidade de armas de fogo no país mais homicida do mundo e relaxar ainda mais os fracos controles existentes equivale a jogar mais lenha na fogueira"", defendeu no artigo.Mais cedo, nesta quinta, Sergio Moro concedeu uma entrevista a uma rádio e, ao comentar a nomeação de Ilona, disse que avaliava ser necessário ter ""vozes plurais"" no conselho.Acrescentou, ainda, que Ilona é uma pessoa conhecida e o instituto fundado por ela tem ""boas práticas"" na área de segurança pública.""Ela foi nomeada pra um conselho construtivo. Eu acho que há um exagero dentro das redes sociais em relação a esse tema. Mas estamos avaliando a questão"", acrescentou o ministro na entrevista.Diante da decisão de Moro, o diretor-presidente do Fórum Brasileiro de Segurança Pública, Renato Sérgio de Lima, enviou um ofício ao ministro da Justiça pedindo para ser exonerado de um outro conselho, também vinculado à pasta.""Escrevo para, em caráter irrevogável e em solidariedade à cientista política Ilona Szabó de Carvalho, que foi colocada em uma situação constrangedora no episódio da nomeação e posterior revogação da mesma para uma vaga no CNPCP, fruto da pressão de grupos nas redes sociais, pedir pública e respeitosamente minha exoneração da vaga que ocupo no Conselho Nacional de Segurança Pública e Defesa Social"", escreveu.O Instituto Sou da Paz divulgou nota na qual também manifesta solidariedade à cientista política ""em razão do desrespeito demonstrado pelo governo federal"". Segundo o instituto, Ilona Szabó ""tem experiência e formação acadêmica excepcional que a credenciam a ocupar assento no CNPCP"".O Sou da Paz diz ainda que, ao revogar a nomeação de Ilona para o conselho, o governo ""dá sinais claros da dificuldade tremenda em conviver com a diferença de ideias"".""Politizar a composição destes fóruns e, pior, expor quem voluntaria-se a ajudar, como foi o caso, demonstram duplamente a fragilidade da democracia brasileira e enfraquecem a capacidade de superação da grave situação de segurança pública"", diz o instituto.O Conselho Nacional de Política Criminal e Penitenciária é composto por integrantes do governo e da sociedade civil e é subordinado ao Ministério da Justiça. Entre as finalidades do órgão, estão:O conselho também é responsável pela elaboração do texto do indulto de Natal (que passa pelo ministro da Justiça e pelo presidente da República).É composto por 26 membros (13 titulares e 13 suplentes), indicados pelo ministro da Justiça. São professores e profissionais de direito penal, processual penal, penitenciário, e representantes de comunidades e entidades de segurança.Leia a íntegra da nota do ministério:Brasília, 28/02/2019 - O Ministério da Justiça e Segurança Pública nomeou Ilona Szabó, do Instituto Igarapé, como um dos vinte e seis componentes do Conselho Nacional de Política Criminal e Penitenciária (CNPCP), órgão consultivo do Ministério. A escolha foi motivada pelos relevantes conhecimentos da nomeada na área de segurança pública e igualmente pela notoriedade e qualidade dos serviços prestados pelo Instituto Igarapé. Diante da repercussão negativa em alguns segmentos, optou-se por revogar a nomeação, o que foi previamente comunicado à nomeada e a quem o Ministério respeitosamente apresenta escusas.Assessoria de Comunicação do Ministério da Justiça e Segurança Pública "	-1
94	Em 6 de setembro de 2018, o então candidato a presidente Jair Bolsonaro sofreu um atentado num ato de campanha em Juiz de Fora (MG). Ele era carregado nos ombros por apoiadores quando um homem se aproximou e o feriu com uma faca na barriga. O agressor, Adélio Bispo de Oliveira, de 40 anos, foi preso em flagrante e confessou o crime. Em 6 de setembro, quando ainda era candidato, o presidente da República foi alvo de um ataque durante um ato da campanha em Juiz de Fora (MG).	"""CRONOLOGIA: atentado contra Jair Bolsonaro""Em 6 de setembro, quando ainda era candidato, o presidente da República foi alvo de um ataque durante um ato da campanha em Juiz de Fora (MG). Em 6 de setembro de 2018, o então candidato a presidente Jair Bolsonaro sofreu um atentado num ato de campanha em Juiz de Fora (MG). Ele era carregado nos ombros por apoiadores quando um homem se aproximou e o feriu com uma faca na barriga. O agressor, Adélio Bispo de Oliveira, de 40 anos, foi preso em flagrante e confessou o crime. No mesmo dia, a Polícia Federal (FP) abriu inquérito para investigar o caso.Bolsonaro foi levado à Santa Casa de Misericórdia de Juiz de Fora. Ele teve lesões nos intestinos delgado e grosso e passou por cirurgia. Os médicos fizeram uma colostomia temporária, procedimento que conecta o intestino a uma bolsa fora do corpo. Em seguida, foi levado à Unidade de Terapia Intensiva (UTI) da Santa Casa de Juiz de Fora.De lá, ele foi transferido para o Hospital Albert Einstein, em São Paulo, onde passou por nova cirurgia de emergência em 12 de setembro e ficou internado até 29 de setembro, quando recebeu alta. Em razão do atentado, Bolsonaro concentrou a campanha presidencial nas redes sociais, com a publicação de mensagens por escrito e de vídeos. "	-1
95	Flávio Bolsonaro diz que respeita decisão do STF que nega pedido para suspender inves tigações. Ministro Marco Aurélio Mello nega pedido do parlamentar para barrar apuração do Coaf. O senador Flávio Bolsonaro (PSL-RJ) afirmou nesta sexta-feira (1º) que respeita a decisão do ministro Marco Aurélio Mello, do Supremo Tribunal Federal (STF), de negar pedido do parlamentar fluminense para suspender inves tigações.	"""Flávio Bolsonaro diz que respeita decisão do STF que negou pedido para suspender investigações""Filho mais velho de Jair Bolsonaro tomou posse nesta sexta (1º) no mandato de senador. Ministro Marco Aurélio Mello negou pedido do parlamentar para barrar apuração do Coaf. O senador Flávio Bolsonaro (PSL-RJ) afirmou nesta sexta-feira (1º) que respeita a decisão do ministro Marco Aurélio Mello, do Supremo Tribunal Federal (STF), de negar pedido do parlamentar fluminense para suspender investigações do Ministério Público do Rio de Janeiro. Filho mais velho do presidente Jair Bolsonaro, Flávio deu a declaração após tomar posse no mandato de senador.Com a decisão de Marco Aurélio, a investigação do MP-RJ pode ser retomada. O ministro também determinou o fim do sigilo do caso.""O ministro Marco Aurélio, respeito a decisão dele. Foi o que ele fez. Determinou qual o foro. Esse foi o meu questionamento. Falou que é o Rio de Janeiro, vamos para o Rio de Janeiro"", declarou Flávio Bolsonaro a jornalistas.Os promotores investigavam movimentações financeiras ""atípicas"" do ex-assessor Fabrício Queiroz, que trabalhava no gabinete de Flávio na Assembleia Legislativa do Rio de Janeiro, apontadas pelo Conselho de Controle de Atividades Financeiras (Coaf).No entanto, no mês passado, o ministro Luiz Fux mandou suspender provisoriamente a investigação sobre Queiroz no período em que estava à frente do plantão do STF.O senador do PSL pediu ao Supremo a suspensão das investigações e a anulação das provas com o argumento de que, uma vez eleito senador, a competência para autorizar investigação seria da Suprema Corte por conta do foro privilegiado.Na ocasião, Fux acolheu o argumento do senador do PSL e suspendeu a investigação. O magistrado afirmou no despacho que cabia ao relator do caso no STF, Marco Aurélio Mello, decidir sobre a continuidade ou não da investigação.""Eu cumpri a decisão do Supremo, que é autoridade responsável para analisar, caso a caso, qual é o foro competente. Foi isso que vim pedir nesta reclamação, não vim pedir foro privilegiado. [O ministro] decidiu que é o Rio de Janeiro [o foro competente]. A gente presta os esclarecimentos sem problema nenhum"", disse o filho do presidente da República.Flávio Bolsonaro e Fabrício Queiroz são alvos de investigação do Ministério Público do Rio de Janeiro iniciado a partir de relatórios do Coaf.O conselho identificou uma movimentação suspeita de R$ 1,2 milhão na conta de Queiroz e também na conta de Flávio. No intervalo de um mês, o senador fluminense fez 48 depósitos em dinheiro, no total de R$ 96 mil, de acordo com o Coaf.Os depósitos, concentrados no autoatendimento da agência bancária que fica dentro da Alerj, foram feitos sempre no mesmo valor: R$ 2 mil.Segundo o Coaf, nove funcionários do gabinete de Flávio Bolsonaro na Assembleia Legislativa do Rio de Janeiro transferiam dinheiro para a conta de Fabrício Queiroz em datas que coincidem com as datas de pagamento de salário. "	-1
96	Governo Bolsonaro avalia que tem tempo para curar feridas no Senado, o governo acredita que tem tempo para isso e que Jair Bolsonaro terá de tomar as rédeas do processo, o governo vai trabalhar para ter o MDB do seu lado.	"""Governo Bolsonaro avalia que tem tempo para curar feridas no Senado"" Passada a eleição para os comandos do Congresso, a equipe de Jair Bolsonaro avalia que, na Câmara dos Deputados, tudo seguiu dentro do planejado. E Rodrigo Maia é segurança para as reformas. No Senado, agora o tempo é de curar feridas depois das sessões confusas e tensas. O governo acredita que tem tempo para isso e que Jair Bolsonaro terá de tomar as rédeas do processo.Afinal, as reformas, como a da Previdência, só chegam na Casa depois de passar pela Câmara dos Deputados. O governo vai trabalhar para ter o MDB do seu lado e acredita que Renan Calheiros (MDB-AL), que também será procurado, já não tem tanto poder quanto antes para liderar uma forte oposição às propostas do Palácio do Planalto.Por outro lado, a vitória de Davi Alcolumbre (DEM-AP), que deu fôlego ao ministro da Casa Civil, Onyx Lorenzoni, não é garantia de que todos os que o apoiaram estarão com o governo na votação das reformas. Por isso, será preciso construir uma maioria na Casa, que já era considerada mais complicada do que a Câmara.Eleito com folga e força para seguir no comando da Câmara, Rodrigo Maia (DEM-RJ) já deixou claro que vai aprovar a reforma da Previdência, mas será ele, na Casa, o protagonista das negociações. Um recado na direção de Onyx Lorenzoni, acusado pelo grupo de Maia de trabalhar contra ele. Os dois nunca se deram bem, mas agora devem começar um trabalho conjunto de reaproximação.Maia vai negociar com o ministro da Casa Civil, mas terá ponte direta com o presidente Bolsonaro e o ministro da Economia, Paulo Guedes. E vai assumir, inclusive pensando nos seus projetos futuros, a construção da maioria para aprovar a medida. Ele avalia ser importante ter o apoio de governadores e prefeitos e alerta que, no momento, não sabe se o governo tem os 308 votos para aprovar a PEC da Previdência.No caso do Senado, uma ala do governo preferia Renan Calheiros, chegou a torcer por sua vitória no sábado e criticava Onyx Lorenzoni por interferir na disputa pelo Senado. Acabou dando certo para o ministro da Casa Civil, e até aqueles que preferiam Renan o faziam por acreditar que ele ganharia e, no posto de presidente, era preciso tê-lo ao lado do Planalto.Mas até a ala do governo favorável ao senador alagoano, no final, respirou aliviada, porque Renan não é considerado totalmente confiável e seria um obstáculo para os projetos do ministro da Justiça, Sergio Moro. Agora, o Planalto vai descobrir se Renan, que como aliado é segurança de votação de projetos na Casa, continuará tendo poder para ser um inimigo temível. "	-1
97	"""Antes de audiência com Bolsonaro, Guaidó se reúne com diplomatas da União Europeia."" ""Presidente da Asembleia Nacional venezuelana e um líder da oposiçao ao governo de Nicolás Maduro, Guaidó desembarcou na capital federal na madrugada desta quinta."" ""Presidente da Asembleia Nacional venezuelana e um líder da oposiçao ao governo de Nicolás Maduro, Guaidó desembarcou na capital federal na madrugada desta quinta."" "	"""Antes de audiência com Bolsonaro, Guaidó se reúne com diplomatas da União Europeia""Autodeclarado presidente interino da Venezuela desembarcou na madrugada de quinta (28) no Brasil. Presidente brasileiro receberá opositor de Nicolás Maduro no Planalto nesta tarde. O autodeclarado presidente interino da Venezuela, Juan Guaidó, se reuniu na manhã desta quinta-feira (28), em Brasília, com diplomatas de países da União Europeia. Presidente da Assembleia Nacional venezuelana e um líder da oposição ao governo de Nicolás Maduro, Guaidó desembarcou na capital federal na madrugada desta quinta.Juan Guaidó tem previsão de se reunir na tarde desta quinta com o presidente Jair Bolsonaro, no Palácio do Planalto.O político venezuelano recebeu diplomatas e aliados nesta manhã no hotel em que está hospedado em Brasília. A primeira agenda de Guaidó fora do hotel foi a reunião com diplomatas europeus na Casa da União Europeia. Segundo a TV Globo, o opositor de Maduro apresentou demandas que serão encaminhadas aos líderes europeus.Espanha, Alemanha, Reino Unido, França, Suécia, Dinamarca, Áustria, Holanda e Portugal estão entre os países da União Europeia que já reconheceram Guaidó como presidente interino da Venezuela.Nesta quarta-feira (27), o porta-voz da Presidência da República, Otávio do Rêgo Barros, informou que o encontro de Guaidó com Bolsonaro será ""pessoal"", com a recepção oficial feita pelo ministro das Relações Exteriores, Ernesto Araújo.O Brasil foi um dos primeiros países a reconhecer Juan Guaidó como presidente interino da Venezuela. Parte da comunidade internacional defende a convocação de novas eleições na Venezuela.A visita de Guaidó a Brasília ocorre uma semana depois de Maduro ter ordenado o fechamento da fronteira com o Brasil, no estado de Roraima.O bloqueio da fronteira impediu a entrega de ajuda humanitária organizada pelo governo brasileiro com os Estados Unidos para doar alimentos e remédios a venezuelanos. A logística previa que motoristas venezuelanos cruzassem a fronteira na cidade brasileira de Pacaraima com as doações, porém, as forças de segurança da Venezuela impediram o ingresso dos veículos nas fronteiras com o Brasil e a Colômbia. "	-1
98	"""Saisb o que está em jogo na disputa pela presidência da Câmara e do Senado"" Entre as atribuições dos presidentes, está a de definir pautas de votação. Eleições para o comando das casas legislativas nos próximos dois anos serão realizadas nesta sexta-feira. E, dependendo do resultado, servirão de indicativo do grau de dificuldade que o governo poderá enfrentar no Congresso para conseguir aval a suas propostas nos próximos dois anos."	"""Saiba o que está em jogo na disputa pela presidência da Câmara e do Senado""Entre as atribuições dos presidentes, está a de definir pautas de votação. Eleições para o comando das casas legislativas nos próximos dois anos serão realizadas nesta sexta-feira. Com poder de definir as pautas e o ritmo de votação, os futuros presidentes da Câmara dos Deputados e do Senado terão papel decisivo para a aprovação de medidas consideradas prioritárias pelo governo Jair Bolsonaro, como a reforma da Previdência Social.As eleições estão marcadas para esta sexta-feira (1º). E, dependendo do resultado, servirão de indicativo do grau de dificuldade que o governo poderá enfrentar no Congresso para conseguir aval a suas propostas nos próximos dois anos.Os postos também são considerados estratégicos porque, entre as atribuições dos presidentes, está a de decidir sobre a abertura de comissões parlamentares de inquérito, as CPIs, que podem, conforme o assunto, causar desgaste ao Palácio do Planalto.No caso do presidente da Câmara, também compete a ele a abertura de processos de impeachment de presidentes da República.Os eleitos ocuparão ainda um lugar na linha sucessória da Presidência da República. O presidente da Câmara é o segundo na sucessão. O do Senado, o terceiro.No Senado, poderá haver um número recorde de candidatos a presidente da Casa desde a redemocratização.Entre pré-candidatos declarados e cotados para o comando do Senado, nove são cogitados para a disputa da eleição:Na Câmara, o atual presidente, Rodrigo Maia (DEM-RJ), tenta a reeleição. A tendência é que ele dispute a presidência com os deputados: Tanto na Câmara quanto no Senado os parlamentares podem se candidatar e podem desistir da candidatura até momentos antes da votação. Por isso, o número de candidatos pode mudar.Veja os principais pontos que estão em jogo nas eleições da Câmara e do Senado:As pautas de votação são definidas, em tese, em conjunto com os líderes dos partidos, mas a palavra final sobre o que será analisado no plenário fica com os presidentes da Câmara e do Senado.Em razão disso, o nível de entrosamento e a afinidade ideológica com o governo federal são importantes para o Executivo, porque podem facilitar ou dificultar a aprovação de projetos de interesse do Planalto.Exemplo disso é a tramitação das medidas provisórias, que pode ser impactada pelo ritmo de votação. Editadas pelo presidente da República, as MPs entram em vigor imediatamente, mas precisam ser aprovadas em até 120 dias pelo Congresso sob risco de perderem a validade.Os presidentes da Câmara e do Senado têm a prerrogativa de indicar deputados e senadores para as relatorias de projetos analisados diretamente em plenário.No caso da Câmara, o presidente também indica o comando de comissões especiais, como as destinadas à análise de propostas de emenda à Constituição (PECs).O presidente da Câmara é o segundo na linha sucessória da Presidência da República. Se o presidente Jair Bolsonaro e o vice, Hamilton Mourão, estiverem fora do país ou afastados por problemas de saúde, por exemplo, o deputado que estiver no comando da Câmara nos próximos dois anos assumirá a Presidência da República.O presidente do Senado é o terceiro na linha sucessória do Executivo. Ele também ocupa a cadeira de presidente do Congresso Nacional, órgão formado por Câmara e o Senado.Cabe ao Congresso, por exemplo, votar matérias como o orçamento anual da União e a liberação de créditos adicionais aos ministérios.Além do poder político, os presidentes da Câmara e do Senado detêm ainda a gestão de orçamentos bilionários. Em 2019, a cifra total atingirá R$ 10,8 bilhões.Parte desses recursos será destinada ao pagamento de servidores efetivos e comissionados que assessoram os parlamentares e mantêm as casas funcionando.Os presidentes de Câmara e Senado também têm direito a ocupar as residências oficiais, que são vizinhas e ficam às margens do Lago Paranoá, em uma das áreas mais valorizadas de Brasília.Os presidentes da Câmara e do Senado também têm à disposição carro oficial e podem solicitar o uso de jatos da Força Aérea Brasileira (FAB) para deslocamentos a serviço, por motivos de segurança e emergência médica, e para os estados em que possuem residência permanente.Por questão de segurança, os presidentes andam sempre escoltados por policiais legislativos federais. "	-1
99	Receita vê coincidência entre repasses da JBS a Ciro Nogueira e pagamento de despesa pessoal. A fiscalização tributária detectou coincidência no. A fiscalização tributária detectou coincidência no.	"""Receita vê coincidência entre repasses da JBS a Ciro Nogueira e pagamento de despesa pessoal""Senador foi alvo de operação da Polícia Federal nesta sexta (22). Assessoria afirma que esclarecimento dos fatos confirmará improcedência das acusações contra o presidente do PP. A Receita Federal afirma ter detectado ""coincidência"" entre repasses da empresa JBS ao senador Ciro Nogueira (PP-PI) e o pagamento do inventário do pai dele.Presidente nacional do PP, Ciro Nogueira foi alvo de uma operação da Polícia Federal nesta sexta-feira (22). Foram cumpridos mandados de busca e apreensão, e os crimes apurados são corrupção e lavagem de dinheiro.Procurada, a assessoria do senador afirmou que o esclarecimento dos fatos confirmará a ""improcedência"" das acusações. A J&amp;F, controladora da JBS, ressaltou que colabora com a Justiça e adota medidas ""para que erros do passado nunca mais se repitam"" _ leia a íntegra das notas ao final desta reportagem.""A fiscalização tributária detectou coincidência no pagamento em processo de inventário do genitor de Ciro Nogueira, com pagamento em espécie de vultosas quantias, R$ 317.831,54 e R$ 127.868,90, coincidentes com o período em que Gustavo Nogueira retirou valores junto à Junta Comercial Carvalho. Os pagamentos foram realizados por outro irmão do senador investigado, Raimundo Neto e Silva Nogueira Lima que, intimado pela Receita Federal, não foi capaz de justificar adequadamente a procedência dos recursos"", afirma a Receita.A afirmação consta do Relatório de Procedimento Fiscal, reproduzido na decisão da ministra Rosa Weber, do Supremo Tribunal Federal (STF), que autorizou a operação da PF.Sobre os irmãos de Ciro Nogueira mencionados no relatório da Receita, a assessoria do senador informou que não comentará o assunto.Em outro trecho do relatório, reproduzido pela ministra Rosa Weber, a Receita diz que a suspeita é de lavagem de dinheiro por empresas do senador.O despacho diz: ""As ocorrências a seguir relatadas evidenciam a existência de uma série de irregularidades relacionadas a montantes em espécie e a lavagem de dinheiro em empresas das quais o senador é sócio justamente em períodos próximos ao já citados recebimentos de propina em espécie por parte de Ciro Nogueira"".A suspeita dos investigadores é que Ciro Nogueira tenha usado propina da JBS para pagar despesas pessoais e das empresas dele.Segundo a Procuradoria-Geral da República, a suposta propina paga pela JBS a Ciro Nogueira chegou a R$ 42 milhões e foi repassada por meio de doações oficiais ao partido e também pagamento em dinheiro (R$ 5 milhões).Sobre o repasse em espécie, o relatório destaca que: ""Em suma, a análise dos fatos aqui expostos revela que Ciro Nogueira foi de fato beneficiado pelo pagamento de R$ 5.000.000,00 (cinco milhões de reais) em espécie por orientação de dirigentes do grupo JBS, montantes que foram retirados na sede da Comercial Carvalho em Teresina _ PI com auxílio de Gustavo Nogueira, irmão de Ciro Nogueira, no segundo semestre de 2014"".Por fim, a Receita diz que as irregularidades ""denunciam a existência de ilicitudes correlatas ou preparatórias à lavagem de dinheiro mas também revelam uma série de simulações perpetradas no âmbito das empresas do parlamentar em tela e indicam que familiares e empresas do senador forma partícipes de processos correlatos à lavagem de dinheiro"".Leia abaixo a íntegra da nota da assessoria de Ciro Nogueira:NotaEm relação às diligências realizadas pela Polícia Federal na manhã desta sexta-feira (22) em endereços ligados a Ciro Nogueira, o senador afirma que não vê razões que justifiquem a ação, uma vez que sempre esteve à disposição para colaborar com as investigações.Ciro Nogueira defende o rápido esclarecimento dos fatos, que, mais uma vez, irão comprovar a improcedência das acusações.Abaixo, a nota da defesa do senador:A Defesa do Senador Ciro Nogueira vem denunciar, mais uma vez, o direito penal do espetáculo. O que está sendo apreendido nesta busca e apreensão é o que foi recentemente restituído pelo Supremo Tribunal em virtude de outra operação que não resultou em Ação Penal, o Supremo rejeitou a Denúncia, pois baseada tão somente na palavra de outro delator.Tal constrangimento poderia ser evitado com a simples intimação do Senador para prestar esclarecimento pois , é evidente, este sempre se colocou à disposição do Poder Judiciário.KAKAYLeia abaixo a íntegra da nota da J&amp;F, que controla a JBS:A J&amp;F, seus acionistas e executivos são colaboradores da justiça e estão rigorosamente comprometidos com os já implementados programas de combate à corrupção e ética empresarial para que erros do passado nunca mais se repitam.. "	-1
100	"""Barragem se rompe, provoca mortes e deixa desaparecidos"", destaca a manchete do Estadão. O Estado de S.Paulo destaca que a área administrativa da Vale e o restaurante onde funcionários almoçavam na hora do rompimento ficaram soterrados. O presidente Jair Bolsonaro criou um gabinete de crise e seguiu neste sábado à região onde aconteceu o rompimento."	"""Barragem da Vale rompe e deixa morte e destruição; Bolsonaro cria gabinete de crise. Jornais de sábado (26)""Veja quais são as notícias de destaque nos matutinos brasileiros Os principais jornais repercutem o rompimento da barragem da Vale que aconteceu nesta sexta-feira (25) em Brumadinho, Minas Gerais, deixando ao menos nove mortos e cerca de 300 desaparecidos. Acompanhe as últimas informações ao vivo aqui.O Estado de S.Paulo destaca que a área administrativa da Vale e o restaurante onde funcionários almoçavam na hora do rompimento ficaram soterrados.O matutino paulista afirma que outras 100 pessoas foram resgatadas a tempo depois que a enxurrada de rejeitos de minérios de ferro carregou casas da comunidade Vila Ferteco e prédios da região. ""Barragem se rompe, provoca mortes e deixa desaparecidos"", destaca a manchete do Estadão.Na primeira página, o Estadão informa que o presidente Jair Bolsonaro criou um gabinete de crise e seguiu neste sábado à região onde aconteceu o rompimento.Ele assinou um decreto na sexta-feira (25) criando o Conselho Ministerial de Supervisão de Respostas a Desastre, que será coordenado pelo ministro-chefe da Casa Civil, Onyx Lorenzoni.Ao comentar o assunto, o vice-presidente, Hamilton Mourão, afirmou que ""essa conta não pode vir para a gente"" ao defender que o governo não deve ser responsabilizado.O Globo lembra que, há 3 anos, o maior acidente ambiental do país deixou a cidade de Mariana, também em Minas Gerais, debaixo de um mar de lama.Ao comparar os dois casos, o presidente da Vale, Fábio Schvartsman, afirmou que ""desta vez, é uma tragédia humana"", se referindo ao número maior de pessoas atingidas no rompimento desta sexta.""Como vou dizer que a gente aprendeu (com Mariana) se acaba de acontecer um acidente desses?"", disse o presidente da Vale durante entrevista coletiva. ""A tragédia se repete"", sublinha a manchete do Globo.Ao blog, o promotor Carlos Eduardo Ferreira Pinto, ex-coordenador da força-tarefa que investigou a tragédia de Mariana (MG), afirmou que o rompimento das barragens mostra que o Brasil é incapaz de aprender com suas grandes tragédias.A Folha de S.Paulo comenta que o complexo da Vale onde estava a barragem que se rompeu é responsável pela produção de 7% do minério de ferro da companhia.Além da área administrativa da Vale, onde havia funcionários da empresa, os rejeitos atingiram uma pousada e uma zona residencial.Ao menos 9 pessoas foram consideradas desaparecidas na pousada. Na Bolsa da Valores, as ações da Vale caíram 8% após a tragédia. ""Barragem da Vale se rompe em MG; há 7 mortos e 200 desaparecidos"", aponta o título principal da Folha. "	-1
101	"""Governo toma posição firme não só contra a corrupção, mas também contra o caixa 2, diz Moro"" O ministro da Justiça, Sérgio Moro, afirmou, nesta quinta-feira (21), que o governo ""tomava posição firme não só contra a corrupção, mas também contra o caixa 2"", e que as críticas sobre o fato de ter separado o projeto anticrime, separando o pacote de projetos já apresentado e a criminalização do caixa 2, são ""fruto de incompreensão"". "	"""Governo toma posição firme não só contra a corrupção, mas também contra o caixa 2, diz Moro""Em evento em Paris sobre combate à lavagem de dinheiro,  ministro da Justiça voltou a afirmar que houve motivação política em separar o caixa 2 do pacote anticrime, mas disse que isso não significa nada. O ministro da Justiça, Sérgio Moro, afirmou, nesta quinta-feira (21), que o governo ""toma posição firme não só contra a corrupção, mas também contra o caixa 2"" (dinheiro de campanha não contabilizado oficialmente), e que as críticas sobre o fatiamento do projeto anticrime, separando o pacote de projetos já apresentado e a criminalização do caixa 2, são ""fruto de incompreensão"".A declaração foi feita em Paris, onde Moro participa, até sexta-feira (22), de reunião do Gafi, o Grupo de Ação Financeira contra a Lavagem de Dinheiro e Financiamento do Terrorismo. Nesta quinta, ele voltou a falar sobre a motivação política para a separação das propostas.""O ponto que importa é o governo trabalhando para aprovar medidas fortes, eficazes contra a corrupção, crime organizado e crime violento. E entre essas medidas se encontra uma criminalização mais adequada do caixa 2. Essa é a história verdadeira, o resto é conversa"", disse ele.O ministro explicou que o projeto do governo vai aperfeiçoar a tipificação do crime de caixa 2. ""Existe, hoje, o crime de corrupção, que está no 317-33 do Código Penal, e existe o caixa 2, que está mal tipificado no 350 do Código Eleitoral. O que nós estamos fazendo é aperfeiçoando a tipificação do crime de caixa 2. Isso não afeta em nada a corrupção"", afirmou.""Quando o dinheiro é recebido em contrapartida, configura-se corrupção. (...) Ele [o projeto] melhora o quadro institucional e o quadro normativo contra a corrupção e contra o caixa 2, isso é inequívoco.""Divulgado ao público em 4 de fevereiro, o projeto anticrime do governo Bolsonaro prevê alterações em 14 leis, como o Código Penal, o Código de Processo Penal, a Lei de Execução Penal, a Lei de Crimes Hediondos e o Código Eleitoral.Na época do anúncio, o projeto englobava um só pacote de medidas. Porém, quando foi apresentado ao Congresso Nacional, na terça-feira (19), ele foi dividido em três partes:No dia da apresentação, Moro explicou, em entrevista à Rádio CBN, que o governo optou pelo fatiamento das propostas diante de ""reclamações razoáveis"" de políticos que se sentiriam ""incomodados"" com a tramitação da criminalização do caixa 2 junto com endurecimento da legislação contra o crime organizado e a corrupção.""De outro lado, vieram reclamações que o caixa 2, embora seja crime grave, havia alguns políticos que se sentiram incomodados de isso ser tratado juntamente com crime organizado"", afirmou Moro. ""Vamos colocar separado, mas isso vai ser enviado junto ao Congresso. O governo está ouvindo os parlamentares e está atendendo o que são reclamações razoáveis.""Nesta quinta, apesar de ter voltado a dizer que o fatiamento do pacote atende a solicitações de políticos, ele não citou nenhum parlamentar especificamente. ""São, vamos dizer assim, diversas solicitações. Normalmente não existe uma voz específica em torno dessa solicitação"", respondeu Moro.O ex-juiz e agora ministro também falou sobre comparações feitas entre declarações suas atuais e da época em que esteve à frente da Operação Lava-Jato sobre o caixa 2. Segundo ele, houve uma ""má interpretação da imprensa"" sobre o que ele disse no passado.""O que eu disse no passado, no caso da Lava-Jato nós tínhamos crimes de corrupção. Crime de corrupção às vezes envolvia o quê? Dinheiro indo ao agente público para enriquecer ilicitamente, e às vezes o crime de corrupção gerava dinheiro que gerava financiamento ilegal de eleições. O que disse naquela época é que a corrupção, quando o dinheiro da propina é dirigida a financiamento ilegal de eleições, é pior do que a [corrupção] do enriquecimento ilícito. O caixa 2 não é corrupção, o caixa 2 é outro crime"", afirmou o ministro.Em relação às denúncias de ""laranjas"" no financiamento de campanha do PSL, partido de governo, que envolvem o ex-secretário-geral da Presidência, Gustavo Bebianno, e o ministro do Turismo, Marcelo Álvaro Antônio, Moro disse que o Ministério da Justiça, agora sob sua tutela, não trabalha em casos concretos.""Eu já esclareci qual é o papel do Ministério da Justiça. O papel do Ministério da Justiça não é trabalhar em casos concretos, como um supertira ou um superjuiz, nem advogar para membros do governo. O papel do Ministério da Justiça é dar estrutura para os órgãos de controle e os órgãos de investigação fazerem o seu trabalho. O que eles estão fazendo.""Já sobre o decreto que aumentava as condições para colocar informações governamentais sob sigilo, que foi derrubado no Congresso nesta semana, Moro afirmou que a derrota é ""algo absolutamente normal"", e que essa é uma questão superada. ""Não interessa se eu era a favor ou contra.""Ao ser perguntado sobre a possibilidade de o pacote anticrime abrir brecha para criminalizar movimentos sociais, o ministro da Justiça negou. ""Posso assegurar 100% [que os movimentos sociais não serão criminalizados]. É um receio absolutamente infundado, estamos falando de grupos terroristas assim considerados pelo Conselho de Segurança das Nações Unidas"", respondeu ele.""Não existe nenhuma margem de possibilidade de algum movimento social ser considerado como tal pela Nações Unidas. Estamos falando na verdade de organizações terroristas como Estado Islâmico, al-Qaida, esse é o alvo da nova legislação.""Apesar de não ser uma reunião de nível ministerial, Sérgio Moro decidiu aceitar o convite do presidente do Gafi, o americano Marshall Billingslea, quando esteve em visita ao Brasil em janeiro, para viajar a Paris e acompanhar o encontro. Na França, o ministro também teve um conversa de uma hora com o secretário-geral da OCDE, Angél Gurría.Moro também disse que ""o Brasil estava ameaçado de ser suspenso da condição de membro do Gafi"" por não aprovar uma lei para congelar ativos de organizações que a ONU considera terroristas. Segundo ele, a Câmara e o Senado aprovaram a lei neste mês, e ela ""deve ser sancionada nos próximos dias"". "	-1
102	Em Berlim, Jean Wyllys diz que recusou asilo político da França e quer ficar na Alemanha. Em entrevista coletiva em Berlim, nesta segunda-feira (18), o ex-deputado federal do PSOL, Jean Wyllys, revelou que está morando na capital alemã, onde pretende procurar uma bolsa para doutorado. Wyllys fez duras críticas à política de segurança do atual governo, tachando-a c	"""Em Berlim, Jean Wyllys diz que recusou asilo político da França e quer ficar na Alemanha""Ex-deputado revelou que está morando na capital alemã, onde pretende obter bolsa de doutorado. Na sexta, ele assistiu ao filme Marighella, no Festival de Cinema de Berlim. Em entrevista coletiva em Berlim, nesta segunda-feira (18), o ex-deputado federal do PSOL, Jean Wyllys, revelou que está morando na capital alemã, onde pretende procurar uma bolsa para doutorado. Ele disse que está vivendo com ajuda de amigos e não tem onde morar.No mês passado, Wyllys anunciou que, por causa de ameaças de morte contra ele e sua família, desistia de assumir o que seria seu terceiro mandato consecutivo na Câmara dos Deputados e estava deixando o Brasil.Nesta sexta-feira, o ex-deputado apareceu pela primeira vez em público depois que deixou o país, ao comparecer à sessão do filme brasileiro ""Marighella"" no Festival de Cinema de Berlim.Wyllys fez duras críticas à política de segurança do atual governo, tachando-a como uma tentativa de legalizar assassinatos cometidos contra minorias e um primeiro passo para uma futura repressão à oposição.""Minha vida ainda está se assentando. Estou em Berlim, não tenho moradia, conto com ajuda de amigos. Ainda não tenho um novo trabalho. Provavelmente vou me inscrever em um programa de doutorado, para fazer doutorado. Existem conversas com instituições que podem me receber como pesquisador, como professor visitante. Existem conversas com diferentes instituições mas ainda não há nada acertado"", declarou.Ele afirmou que teve oferta de asilo político do governo francês, mas que não pretende aceitar. (O G1 procurou a Embaixada da França em Brasília e obteve a seguinte resposta: ""A informação não é de conhecimento da embaixada"".)""O asilo político é um instituto que demora um tempo. Há outras pessoas que precisam de asilo político. Para mim, permanecer aqui com um visto de estudante ou pesquisador é muito melhor do que um asilo político.""Wyllys afirmou que recebeu como uma confirmação de sua decisão de deixar o Brasil a reação do presidente Jair Bolsonaro, cuja mensagem no Twitter dizendo ser aquele ""um grande dia"" poucas horas depois do anúncio do parlamentar que deixava o país, foi associada a um gesto de comemoração. ""Esse é o nível do presidente do Brasil"", frisou.""Não basta ser um energúmeno, um incompetente, uma pessoa que esteve 30 anos no Parlamento e não produziu nada"", disse. ""Não basta ser um imbecil e incompetente que nada sabe sobre economia, políticas de saúde, educação, moradia e infraestrutura. Tem que ser esse debochado, esse moleque que trata a democracia dessa maneira. Ele só confirmou a minha decisão, só me deu razão de que, de fato, o Brasil não era mais o lugar para mim"", afirmou Wyllys.(O G1 procurou a assessoria do Palácio do Planalto para saber se a Presidência pretende se manifestar sobre a declaração.)O ex-parlamentar disse que o vice-presidente é um integrante do governo que teve uma reação ""moderada"" e ""lúcida"" em relação ao caso. Hamilton Mourão afirmou que a ameaça a um parlamentar é um crime contra a democracia, em referência à decisão de Wyllys.""Chegamos a um ponto no Brasil em que consideramos o general Hamilton Mourão, com um histórico de extrema direita, como moderado. A que ponto chegamos?"" afirmou.""Ele é um militar de extrema direita, mas ainda consegue ser minimamente moderado, lúcido, diante do sujeito que é hoje presidente da república e que comemorou a saída de um deputado por conta de ameaças de morte"", disse.""Um presidente deve cuidar da população de seu país. Depois de eleito, ele é responsável pela população. Mas esse sujeito ainda não age como presidente da República. Ele continua agindo como se ainda estivesse em campanha. Tratando as 40 milhões de pessoas que não lhe deram votos, que votaram nos outros candidatos, como inimigos"", lamentou Wyllys.Ele ressaltou que pretende continuar sendo uma voz ativa na política brasileira, mesmo do exterior. ""A minha decisão foi um ato de preservação da minha vida e proteção da minha família, mas foi também um recado político ao mundo. Uma maneira de deixar de naturalizar o que estava sendo naturalizado no Brasil"", disse.""Acho que esse recado já foi dado, e essa voz permanecerá falando, ainda que neste momento eu me recolha um pouco mais porque estou emocionalmente ainda muito afetado com tudo o que aconteceu"", reconhece. ""Isso não significa que vou deixar o front. É possível fazer política fora do Parlamento"".Wyllys afirmou que as propostas para a segurança do novo governo visam legalizar assassinatos e abrir porta para a repressão contra a oposição.""A única coisa proposta claramente ao país foi um programa de segurança pública oferecido por Sergio Moro que quer legalizar o que a polícia brasileira já faz todos os dias, que é matar pessoas. A polícia brasileira já é campeã de assassinatos de pobres e pretos no Brasil. E os policiais saem impunes desses crimes"", disse.""O atual ministro da Justiça quer legalizar e ampliar possibilidades de assassinatos das pessoas. Por trás disso está na verdade uma tentativa de legalizar a repressão contra a oposição política que vai haver no governo Bolsonaro. O pacote dialoga com os preconceitos da classe média, mas a verdade é criminalizar os movimentos sociais"", concluiu o ex-parlamentar. "	-1
103	"""Porta-voz da Presidência: tragédia de Suzano não tem relação com flexibilização de posse de armas"" O porta-voz da Presidência da República, Otávio Rêgo Barros, disse ao blog nesta quarta-feira (13) que o massacre ocorrido em escola da cidade de Suzano (SP) nesta manhã ""não tem relação de causa e efeito"" com a flexibilização da posse de armas.Um adolescente e um homem encapuzados atacaram a Escola Estadual Raul Brasil, em Suzano, mataram sete pessoas e cometeram suicídio em seguida.Questionado pelo blog se, diante da tragédia, existe alguma avaliação do governo de necessidade de rever a política de flexibilizar posse e porte de armas no país, o porta-voz descartou.""Não, porque não tem relação de causa e efeito com a flexibilização. Este caso de Suzano precisa ser tratado como questão de segurança pública, como já está sendo pelo governo do Estado de São Paulo"", disse."	"""Porta-voz da Presidência: tragédia de Suzano não tem relação com flexibilização de posse de armas"" O porta-voz da Presidência da República, Otávio Rêgo Barros, disse ao blog nesta quarta-feira (13) que o massacre ocorrido em escola da cidade de Suzano (SP) nesta manhã ""não tem relação de causa e efeito"" com a flexibilização da posse de armas.Um adolescente e um homem encapuzados atacaram a Escola Estadual Raul Brasil, em Suzano, mataram sete pessoas e cometeram suicídio em seguida.Questionado pelo blog se, diante da tragédia, existe alguma avaliação do governo de necessidade de rever a política de flexibilizar posse e porte de armas no país, o porta-voz descartou.""Não, porque não tem relação de causa e efeito com a flexibilização. Este caso de Suzano precisa ser tratado como questão de segurança pública, como já está sendo pelo governo do Estado de São Paulo"", disse.Em janeiro, Bolsonaro assinou um decreto que facilita a posse de armas de fogo. O direito à posse é a autorização para manter uma arma de fogo em casa ou no local de trabalho (desde que o dono da arma seja o responsável legal pelo estabelecimento).Rêgo Barros disse, ainda, que o presidente Jair Bolsonaro está ""muito abalado"" com a tragédia. ""O presidente está muito triste, como toda a sociedade"", declarou. "	-1
104	"""Dodge diz que não vê risco neste momento de eventual decisão do STF prejudicar Lava Jato."" ""Não vejo esse risco nesse momento. Mas é preciso avaliar com cuidado e não perder o foco."" ""Manteremos o foco contra corrupção e i"	"""Dodge diz que não vê risco neste momento de eventual decisão do STF prejudicar Lava Jato""STF decide quem tem competência para julgar caixa 2 conexo com outros crimes. PGR defendeu que casos sejam divididos: eleitoral com Justiça Eleitoral e outros crimes na Justiça Federal. A procuradora-geral da República, Raquel Dodge, afirmou nesta quinta-feira (14), antes da sessão do Supremo Tribunal Federal (STF), que não vê riscos ""neste momento"" de que eventual decisão da corte prejudique a Operação Lava Jato.O STF retomou nesta tarde julgamento que discute a competência para julgar casos de caixa dois (não declaração na prestação de contas eleitorais de valores coletados em campanhas) que tenham sido cometidos em conexão com outros crimes, como corrupção e lavagem de dinheiro.Ao ser perguntada sobre a possibilidade de atos da Lava Jato serem desfeitos, ela afirmou: ""Não vejo esse risco nesse momento. Mas é preciso avaliar com cuidado e não perder o foco. Manteremos o foco contra corrupção e impunidade"", afirmou.Até a tarde desta quinta, dois ministros já haviam votado para que tudo fique com a Justiça Eleitoral (Marco Aurélio Mello e Alexandre de Moraes) e quatro ministros para que seja dividido o processo para que questões eleitorais fiquem na Justiça Eleitoral e outros processos sejam divididos entre Justiça Eleitoral e Federal.Integrantes da força-tarefa da Operação Lava Jato, em Curitiba, têm criticado o envio dos casos à Justiça Eleitoral, argumentando que levaria a anulações e poderia prejudicar o avanço das investigações.O argumento central dos investigadores é de que a Justiça Eleitoral não tem estrutura para analisar crimes mais complexos que tenham sido eventualmente cometidos conjuntamente com o caixa dois, como corrupção ou lavagem de dinheiro. Já advogados têm defendido que a lei prevê a preponderância da Justiça mais especializada, no caso, a eleitoral.No julgamento, Dodge pediu que os processos, nesses casos envolvendo caixa 2 e outros crimes, sejam divididos entre as Justiças Federal e Eleitoral.Nesta quinta, ela afirmou que o Ministério Público Federal vai respeitar a decisão que for tomada pelo STF.""Ontem defendi a competência da Justiça Federal para processar crimes de corrupção. Eu espero que a decisão de hoje do STF seja nesta linha. Se não for, a minha instituição e eu respeitarei essa decisão"", completou.Segundo ela, se o Supremo enviar os casos para Justiça Eleitoral, o MP pode ir ao Congresso pedir mudanças na lei. ""Mas é preciso reorganizar as forças institucionais para continuar enfrentando o crime organizado, a lavagem de dinheiro. Qualquer que seja resulltado de hoje continuaremos firmes."" "	-1
105	"""Para técnicos, outros projetos fiscais podem ser inviabilizados se Previdência for desidratada."" A preocupação da equipe econômica é que se o governo não conseguir uma economia relevante com a reforma da Previdência pode ficar sem espaço fiscal para direcionar recursos para outros projetos do próprio presidente Jair Bolsonaro. A carteira verde e amarela seria um novo modelo de contratação de trabalhadores jovens, com encargos trabalhistas bem mais baixos para empresas e empregados e menos direitos trabalhistas, na busca de reduzir fortemente o desemprego no país."	"""Para técnicos, outros projetos fiscais podem ser inviabilizados se Previdência for desidratada"" Depois que o presidente Jair Bolsonaro admitiu ceder na idade mínima das mulheres, técnicos da área econômica alertaram que desidratar a reforma da Previdência Social pode retirar a ""potência fiscal"" da proposta e inviabilizar o lançamento de outros programas do governo, como a carteira verde e amarela.A carteira verde e amarela seria um novo modelo de contratação de trabalhadores jovens, com encargos trabalhistas bem mais baixos para empresas e empregados e menos direitos trabalhistas, na busca de reduzir fortemente o desemprego no país.""A pretexto de ajudarem as mulheres estão impedindo a potência fiscal que permite lançar a verde e amarela"", disse um técnico.Ou seja, se o governo não conseguir uma economia relevante com a reforma da Previdência pode ficar sem espaço fiscal para direcionar recursos para outros projetos do próprio presidente Jair Bolsonaro.A preocupação da equipe econômica é que a sinalização do presidente, de que pode aceitar uma redução da idade mínima de aposentadoria das mulheres de 62 para 60 anos, mexe na espinha dorsal da medida e afeta de forma mais significativa a economia pretendida com a aprovação da reforma.A meta do Ministério da Economia é obter uma economia de no mínimo R$ 1 trilhão no período de dez anos.Na avaliação de assessores palacianos, o presidente acabou cometendo um ""ato falho"" ao falar numa idade de 60 anos para aposentadoria das mulheres, porque essa foi a proposta dele no dia em que o texto da Proposta de Emenda Constitucional foi fechado no Palácio da Alvorada.Naquela reunião, a equipe econômica propôs igualar a idade de aposentadoria de homens e mulheres em 65 anos. Bolsonaro defendia 65 para homens e 60 para mulheres. Aí a equipe de Paulo Guedes sugeriu a fórmula 65 e 62, que acabou sendo colocada no texto enviado ao Congresso Nacional.Segundo um técnico, a área econômica tinha a expectativa de ter convencido o presidente, mas sua manifestação a jornalistas mostra que não. "	-1
106	"""Presidente do Senado diz que mandará apurar se houve tentativa de fraude em votação."" ""Presidente do Senado diz que mandará apurar se houve tentativa de fraude em votação."" ""Presidente do Senado diz que mandará apurar se houve tentativa de fraude em votação."" ""Presidente do Senado diz que mandará apurar se houve tentativa de fraude em votação."""	"""Presidente do Senado diz que mandará apurar se houve tentativa de fraude em votação""Na hora da apuração, descobriu-se que havia 82 cédulas de papel depositadas na urna para um total de 81 senadores. Votação foi anulada e uma segunda foi realizada. O novo presidente do Senado, Davi Alcolumbre (DEM-AP), disse neste sábado (2) que vai determinar apuração para saber se houve tentativa de fraude na primeira votação da eleição para a Presidência da Casa, que acabou anulada.Na hora da apuração, descobriu-se que havia 82 cédulas de papel depositadas na urna para um total de 81 senadores _ 80 cédulas estavam dentro dos envelopes correspondentes, mas duas cédulas estavam soltas, sem envelope.Diante do protesto de senadores, a votação teve que ser refeita. Alcolumbre foi eleito com 42 votos.""Como presidente, agora, vou determinar que seja apurado o que aconteceu, se foi um envelope a mais ou se foi realmente essa suspeita [de tentativa de fraude]"", afirmou Alcolumbre em entrevista após o fim da sessão.O senador disse que não queria se antecipar aos fatos e que era preciso esclarecer o que tinha acontecido antes de dizer que houve, de fato, uma tentativa de fraudar o pleito.""Eu tenho que avaliar. Parece que tem uma filmagem ou alguma coisa aí. Eu não queria me antecipar aos fatos porque parece que houve uma fraude na eleição. O que há é que tinha um envelope a mais e pode ter sido na hora da contagem. Eu não quero me manifestar em relação a isso"", afirmou.O senador José Maranhão (MDB-PB), que conduzia a sessão da eleição, negou à imprensa ter visto para quem eram os votos contidos nas duas cédulas avulsas.""Não [vi]. E, se tivesse visto, não dizia nem a você [jornalista] e nem a ninguém"", afirmou.E acrescentou: ""Não, você me viu olhando o lado inverso e anverso. Eu não quis abrir porque a minha curiosidade me levava a ver em quem era o voto e a minha opinião era, para maior lisura, para maior transparência, era a anulação da eleição"".Imagens feitas pela TV Globo revelaram que os votos das duas cédulas sem envelopes depositadas na urna da eleição para a presidência do Senado foram dados para Renan Calheiros.Maranhão confirmou que as 82 cédulas estavam assinadas por ele _ procedimento para validar a cédula antes de entregá-la para os senadores votarem.""Não foi uma cédula a mais. Foram duas cédulas e, em vez de um envelope e uma cédula, tinha uma cédula dentro da outra"", afirmou.Segundo ele, quem entregava as cédulas aos votants era [o senador] Fernando Bezerra.""Eu e ele rubricávamos e ali, naquela pressa, nós rubricamos. Você está rubricando a cédula e o envelope. O envelope você rubricava na capa do envelope e a cédula, no verso da cédula. É muito fácil você, ao invés de rubricar um envelope e uma cédula, rubricar duas cédulas. E foi o que aconteceu"", declarou.De acordo com Maranhão, ""a desonestidade foi de quem recebeu a cédula e votou"".""Qual era o senador que podia confundir uma cédula com um envelope?"", indagou. "	-1
107	Bolsonaro diz acreditar em aprovação da reforma da Previdência na Câmara e no Senado neste semestre. Ele afirmou ainda que no Senado vai ser possível contar até com votos do PT a favor da reforma. A reforma da Previdência é uma das principais apostas do governo para equilibrar as contas públicas do país.	"""Bolsonaro diz acreditar em aprovação da reforma da Previdência na Câmara e no Senado neste semestre""Presidente participou de café da manhã com jornalistas no Palácio do Planalto. Ele afirmou também que deve trocar os embaixadores do Brasil em pelo menos 15 países, entre eles EUA e França.  O presidente Jair Bolsonaro afirmou nesta quarta-feira (13), em um café da manhã com jornalistas no Palácio do Planalto, que tem a convicção de que a reforma da Previdência será aprovada na Câmara e no Senado ainda neste semestre.Questionado pelos jornalistas presentes sobre o prazo apertado, Bolsonaro disse que tem a convicção de que no Senado vai ser mais fácil, porque ali há muitos ex-governadores que, nas palavras do presidente, sabem mais do que ninguém da importância da reforma da Previdência.Ele afirmou ainda que no Senado vai ser possível contar até com votos do PT a favor da reforma.A reforma da Previdência é uma das principais apostas do governo para equilibrar as contas públicas do país e impulsionar a retomada da economia. O texto, enviado ao Congresso na forma de uma Proposta de Emenda à Constituição (PEC), deve tramitar primeiro na Câmara e depois no Senado.Bolsonaro afirmou também que deve fazer a troca de embaixadores do Brasil em pelo menos 15 países importantes, entre eles os Estados Unidos e a França.O presidente falou especificamente sobre os Estados Unidos, já que tem uma viagem oficial marcada para o país neste mês.Ele foi questionado se o embaixador brasileiro em Washington, Sérgio Amaral, será trocado antes dessa viagem. O presidente respondeu que não e afirmou que seria muito ruim dar bilhete azul para o embaixador na chegada de uma visita como essa. Mas disse que o embaixador será trocado com certeza, porque não está vendendo uma boa imagem do Brasil no exterior.Bolsonaro afirmou que sua imagem no exterior era muito ruim, que ele era apresentado como ditador, racista e homofóbico. O presidente afirmou que não é nada disso.Ele disse ainda que devem ser assinados três acordos com os Estados Unidos durante a viagem. O presidente mencionou dois deles: um sobre tributação de produtos e outro sobre a base militar de Alcântara (MA).Bolsonaro afirmou que vê a perspectiva de que o presidente norte-americano, Donald Trump, conceda ao Brasil durante a viagem o status de grande aliado dos Estados Unidos extra- Otan. A Otan é a Organização do Tratado do Atlântico Norte, aliança militar que reúne potências como Estados Unidos, Reino Unido e Alemanha. "	-1
108	"Reforma da Previdência tem mais consenso no Congresso, mas Bolsonaro precisa afinar a base "" Líderes aliados do presidente Jair Bolsonaro fazem um alerta ao Palácio do Planalto. Se há atualmente mais consenso dentro do Congresso em torno da necessidade de se aprovar a reforma da Previdência do que na época do ex-presidente Michel Temer, o que é uma boa notícia, por outro lado, a base aliada no governo do emedebista era mais afinada.Por isso, o recado que está sendo passado para a equipe de Bolsonaro é que o governo precisa urgentemente afinar sua base aliada. Neste momento, afirmam líderes de partidos governistas, o comportamento dos aliados no Congresso quando ocorrer uma votação importante é uma interrogação.Assesores diretos de Bolsonaro lembram que o governo está apenas no seu início, mas reconhecem que há um clima de desorganização da base de apoio do Palácio do Planalto. Destacam, porém, que há tempo para melhorar o relacionamento com deputados e senadores antes de medidas como"	"""Reforma da Previdência tem mais consenso no Congresso, mas Bolsonaro precisa afinar a base "" Líderes aliados do presidente Jair Bolsonaro fazem um alerta ao Palácio do Planalto. Se há atualmente mais consenso dentro do Congresso em torno da necessidade de se aprovar a reforma da Previdência do que na época do ex-presidente Michel Temer, o que é uma boa notícia, por outro lado, a base aliada no governo do emedebista era mais afinada.Por isso, o recado que está sendo passado para a equipe de Bolsonaro é que o governo precisa urgentemente afinar sua base aliada. Neste momento, afirmam líderes de partidos governistas, o comportamento dos aliados no Congresso quando ocorrer uma votação importante é uma interrogação.Assessores diretos de Bolsonaro lembram que o governo está apenas no seu início, mas reconhecem que há um clima de desorganização da base de apoio do Palácio do Planalto. Destacam, porém, que há tempo para melhorar o relacionamento com deputados e senadores antes de medidas como a reforma da Previdência chegarem ao momento de votação.O governo já foi avisado que há um clima ruim da parte de parlamentares governistas em relação ao líder do governo na Câmara, deputado major Vitor Hugo. O argumento é que ele é marinheiro de primeira viagem, está em seu primeiro mandato, e não teria condições de ""liderar os líderes"".Além disso, há reclamações sobre retaliações contra nomeações de aliados nos Estados, o que levou o ministro da Casa Civil, Onyx Lorenzoni, a suspender qualquer nova nomeação por enquanto.O dado positivo da semana ficou com a eleição de Rodrigo Maia (DEM-RJ) e Davi Alcolumbre (DEM-AP) para a presidência da Câmara e Senado, dizem governistas, ambos fazendo discursos enfáticos a favor da reforma da Previdência. Mas aí vem outro alerta: Maia e Alcolumbre podem liderar o movimento das votações, mas não têm condições de unir a base aliada. Só o Palácio do Planalto. "	-1
109	"""Dodge pede arquivamento de inquérito que apura suposto repasse da Odebrecht a Lobão."" Segundo a procuradora-geral, não há elementos suficientes para que uma denúncia seja apresentada. Pedido deve ser analisado pelo relator do caso no Supremo, Edson Fachin. A procuradora-geral da República, Raquel Dodge, pediu o arquivamento de um inquérito que investiga o ex-senador Edison Lobão, do MDB, pelo suposto recebimento de R$ 5,5 milhões para interferir no projeto de usinas hidrelétricas no Rio Madeira."	"""Dodge pede arquivamento de inquérito que apura suposto repasse da Odebrecht a Lobão""Segundo a procuradora-geral, não há elementos suficientes para que uma denúncia seja apresentada. Pedido deve ser analisado pelo relator do caso no Supremo, Edson Fachin. A procuradora-geral da República, Raquel Dodge, pediu o arquivamento de um inquérito que investiga o ex-senador Edison Lobão, do MDB, pelo suposto recebimento de R$ 5,5 milhões para interferir no projeto de usinas hidrelétricas no Rio Madeira.Segundo Do"	-1
110	"Presidente Jair Bolsonaro diz que sobrevoará região de barragem para tomar todas as medidas cabíveis. Presidente fez um pronunciamento no Palácio do Planalto no qual comentou tragédia em Brumadinho (MG). Barragem rompeu no início da tarde, e mar de lama invadiu a região. Segundo Bolsonaro, após ""reavaliação"" dos danos, serão discutidas ""todas as medidas cabíveis""."	"""Bolsonaro diz que sobrevoará região de barragem para tomar todas as medidas cabíveis""Presidente fez um pronunciamento no Palácio do Planalto no qual comentou tragédia em Brumadinho (MG). Barragem rompeu no início da tarde, e mar de lama invadiu a região. O presidente Jair Bolsonaro fez um pronunciamento nesta sexta-feira (25) no qual informou que sobrevoará neste sábado (26) a região em Minas Gerais atingida pelo rompimento de uma barragem. Segundo Bolsonaro, após ""reavaliação"" dos danos, serão discutidas ""todas as medidas cabíveis"".No início da tarde desta sexta, uma barragem da mineradora Vale rompeu em Brumadinho (MG), levando um mar de lama à região. Segundo os Bombeiros, 200 pessoas estão desaparecidas.&gt;&gt; Acompanhe a cobertura do G1 em tempo real""Amanhã [sábado] pela manhã, juntamente com o ministro da Defesa, partiremos para Belo Horizonte e de lá será dada a essa delegação, o governador de Minas, onde sobrevoaremos a região para que possamos, mais uma vez reavaliando os danos, tomar todas as medidas cabíveis para minorar o sofrimento de familiares e possíveis vítimas, bem como a questão ambiental"", afirmou (leia a íntegra mais abaixo).Embora Bolsonaro só tenha se referido ao ministro da Defesa, Fernando Azevedo e Silva, o porta-voz da Presidência, Otávio Rêgo Barros, afirmou em seguida que outros ministros podem integrar a comitiva. De acordo com a assessoria de Bolsonaro, a primeira-dama, Michelle, acompanhará o presidente.Segundo Rêgo Barros, ainda não está decidido se o presidente descerá em Brumadinho ou se somente fará o sobrevoo na região.Mais cedo, nesta sexta, o governo federal anunciou a criação de um gabinete de crise para monitorar as ações em Brumadinho e definir o que pode ser feito.Numa entrevista concedida a uma rádio de Brumadinho, Bolsonaro afirmou que não quer ""começar a culpar os outros"", mas acrescentou que ""algo está sendo feito errado"".""A questão da mineração, eu não quero começar a culpar os outros pelo que está acontecendo, mas algo está sendo feito errado ao longo dos tempos"", afirmou Bolsonaro na entrevista.Também nesta sexta-feira, o vice-presidente, Hamilton Mourão, afirmou que a mineradora Vale, responsável pela barragem, é uma empresa privada e que, por isso, o governo não pode ser culpado pelo acidente.""Essa conta não pode vir pra gente. Não pode vir para o nosso governo. Porque nós assumimos faz 30 dias. É uma empresa privada, a Vale é uma empresa privada. Tem que apurar o que houve. Era considerada a barragem de menor grau de risco"", disse Mourão.Em nota, a Vale disse que ""lamenta profundamente"" o acidente e está empenhando ""todos os esforços"" no socorro e apoio aos atingidos.""Ainda não há confirmação sobre a causa do acidente. A prioridade máxima da empresa, neste momento, é apoiar nos resgates para ajudar a preservar e proteger a vida de empregados, próprios e terceiros, e das comunidades locais"", afirmou a mineradora na nota.Também nota, o Ibama _ instituto federal responsável pela fiscalização ambiental em âmbito nacional _ afirmou que, em situações de emergência, a competência de acompanhamento é do órgão licenciador, que, neste caso, é do estado de Minas Gerais.Ainda de acordo com o comunicado, o Ibama só assumiria a competência pela tragédia de Brumadinho se o resíduos ultrapassarem os limites territoriais de Minas Gerais ou se os desdobramentos do incidente acabarem atingindo ""significativamente"" um bem da União.Também por meio de nota, a Agência Nacional de Águas (ANA) afirmou que está monitorando a onda de rejeito e coordenando ações para manutenção do abastecimento de água para as cidades que captam água ao longo do rio Paraopeba.No comunicado, a ANA ressalta que a barragem da Usina Hidrelétrica Retiro Baixo está a 220 km do local do rompimento e possibilitará amortecimento da onda de rejeito. Segundo a agência, a estimativa é de que a onda de rejeito atingirá a usina em cerca de dois dias.Leia abaixo a íntegra do pronunciamento do presidente Bolsonaro:Chegamos pela manhã de Davos, Suíça. E logo no início da tarde tivemos a triste notícia do rompimento de uma barragem de rejeitos de uma empresa de Brumadinho. De imediato determinamos que tropas da quarta brigada de infantaria da região de Juiz de Fora se deslocasse para a região.Logo depois, ultimamos o ministro do Desenvolvimento Regional, o ministro do Meio Ambiente, e também o ministro de Minas e Energia se deslocassem para a região e também, juntamente com governo do estado de Minas Gerais, para criar um gabinete de crise para que em consonância com o nosso criado aqui em Brasília não só nos colocasse as informações em tempo real do que estava acontecendo, mas para que nós pudéssemos tomar todas as medidas cabíveis e possíveis para minorarmos o dano da região.Amanhã de manhã, juntamente com o ministro de Defesa, partiremos para Belo Horizonte. De lá se dará esta delegação com o governador do estado de Minas e sobrevoaremos a região para mais uma vez, reavaliando os danos, tomar as medidas cabíveis para minorar o sofrimento dos familiares de possíveis vítimas, bem como a questão ambiental.Por ora é o que nós temos a informar para vocês. "	-1
111	STJ manda homem que transmitiu HIV para mulher pagar indenização de R$ 120 mil. A Quarta Turma do Superior Tribunal de Justiça (STJ) decidiu nesta terça-feira (19), por unanimidade, que um homem deve indenizar em R$ 120 mil a mulher pela transmissão do vírus HIV. A indenização foi fixada em R$ 50 mil na primeira instância e ampli	"""STJ manda homem que transmitiu HIV para mulher pagar indenização de R$ 120 mil""Decisão pode servir de precedente para outros casos semelhantes. STJ entendeu que há provas de que ele sabia que era soropositivo quando contaminou a mulher. A Quarta Turma do Superior Tribunal de Justiça (STJ) decidiu nesta terça-feira (19), por unanimidade, que um homem deve indenizar em R$ 120 mil a mulher pela transmissão do vírus HIV.Pela primeira vez, o STJ decidiu impor responsabilidade civil por transmissão do HIV (a sigla em inglês para vírus da imunodeficiência humana). Apesar de ser uma decisão em caso concreto, servirá de precedente para outros casos semelhantes que corram na Justiça.No processo, a mulher _ que teve três filhos com homem que transmitiu o vírus _ pediu indenização por danos morais. Ela alegou ter intensos transtornos psicológicos com o episódio, além de ter perdido o emprego. Os dados dos envolvidos são sigilosos.A indenização foi fixada em R$ 50 mil na primeira instância e ampliada para R$ 120 mil na segunda instância.O homem recorreu ao STJ sob o argumento de que não havia provas de que ele transmitiu a doença. Já a mulher queria uma indenização maior. O STJ negou os recursos e manteve a decisão da segunda instância.O relator no STJ, ministro Luís Felipe Salomão, entendeu que ficou comprovado que o homem transmitiu o vírus e que sabia que era soropositivo quando contaminou a mulher. E que a sociedade moderna impõe como novo valor a responsabilidade civil nas relações de família.""Realmente, na comunhão de vida, na célula de companheirismo, há íntima conexão entre o dever de confiança e o de vida em comum, havendo um desígnio de dedicação exclusiva, sincera e leal do casal, em que o dever de respeito abrange a integridade física e moral do outro cônjuge, preservando-se sua vida, saúde, honra e bom nome"", afirmou o relator.O voto foi seguido por unanimidade. Ainda cabe recurso para esclarecimento da decisão à própria turma e ao Supremo Tribunal Federal (STF), caso alguma das partes queira discutir questão constitucional. "	-1
112	"Justiça volta a cobrar de Lula multa de R$ 31 milhões por condenação no caso do triplex do Guarujá. A juíza federal Carolina Lebbos já tinha determinado o pagamento da multa em 30 de agosto. Na oportunidade, a juíza ordenou que o valor fosse pago em até 15 dias. O Lula ""permaneceu inerte""."	"""Justiça volta a cobrar de Lula multa de R$ 31 milhões por condenação no caso do triplex do Guarujá""Recurso da defesa já tinha sido negado em setembro de 2018, mas, segundo juíza, ex-presidente permaneceu inerte. A 12ª Vara Criminal de Curitiba voltou a cobrar, nesta sexta-feira (25), que o ex-presidente Luiz Inácio Lula da Silva pague R$ 31 milhões referentes a multa, custas processuais e reparação de danos no caso do triplex do Guarujá (SP).A juíza federal Carolina Lebbos já tinha determinado o pagamento da multa em 30 de agosto. Na oportunidade, a juíza ordenou que o valor fosse pago em até 15 dias.Na época, a defesa de Lula recorreu da decisão, argumentando que o sistema criminal brasileiro não permite a execução provisória da multa, das custas processuais e do ressarcimento do dano antes do trânsito em julgado da condenação.O pedido, no entanto, foi negado pela Justiça no dia 12 de setembro.No despacho desta sexta-feira, a juíza afirmou que o Lula ""permaneceu inerte"" e cobrou mais uma vez o pagamento.Segundo a decisão, a defesa do ex-presidente não pode solicitar progressão de pena enquanto não procurar a Justiça para pagar a multa ou pedir o parcelamento do valor.No mesmo despacho, a juíza Carolina Lebbos também determinou o fim das visitas de líderes religiosos à Lula às segundas-feiras.Segundo a decisão, o ex-presidente tem seu direito assegurado pela Constituição de ter assistência religiosa dentro da carceragem da Superintendência da Polícia Federal, em Curitiba, onde está preso, e que não precisa de visitar extras.""A manutenção dessas visitas não se mostra compatível com os princípios e as regras que regem a execução da pena"", afirmou a juíza no seu despacho.Ela também reconheceu o término da procuração que permitia que Fernando Haddad (PT) visitasse Lula em qualquer dia.O ex-prefeito de São Paulo estava como integrante da equipe de advogados que representavam Lula junto à Justiça Eleitoral.De acordo com Carolina Lebbos, com o fim do processo eleitoral, ""não se identificou qual seria a necessidade e utilidade jurídicas de contato direto e constante de Fernando Haddad com o apenado"".Segundo a juíza, a decisão restringe as visitas de Haddad apenas como advogado do ex-presidente - o que permitia a ele visitar Lula em qualquer dia.""Não há aqui vedação à visitação ao detento, desde que observado o regime próprio das visitas"", afirmou a juíza no despacho.Em nota, a defesa de Lula que a decisão viola as ""garantais fundamentais na medida em que impede qualquer contato do ex-presidente com o mundo exterior"", e que cobra a multa ""sem a existência de decisão condenatória transitada em julgado, ao contrário do que expressamente prevê expressamente a lei"".Confira a nota na íntegra:""A prisão de Lula é uma afronta à garantia constitucional da presunção de inocência (CF/88, art. 5º, LVII) e ao art. 283 do Código de Processo Penal, que exigem decisão condenatória em julgado para início da execução da pena, o que não existe no caso do ex-Presidente.A decisão proferida ontem (25/01) pelo Juízo da execução agrava esse estado de exceção imposto a Lula e a violação às suas garantais fundamentais na medida em que impede qualquer contato do ex-presidente com o mundo exterior, impede a realização de visitas religiosas realizadas nos exatos termos definidos pela autoridade policial responsável pelo estabelecimento prisional, além de promover a cobrança de multa sem a existência de decisão condenatória transitada em julgado, ao contrário do que expressamente prevê expressamente a lei (Código Penal, art. 51), além de uma vez mais revogar procurações outorgadas a advogados devidamente inscritos na Ordem dos Advogados do Brasil.Levaremos essa decisão ao conhecimento do Comitê de Direitos Humanos da ONU no comunicado que tramita perante aquele órgão desde julho de 2016, uma vez que ela também agride as Regras Mínimas para o Tratamento de Presos, também chamadas de ""Regras de Mandela"", além de reforçar, uma vez mais, a recorrente violação às garantias fundamentais do ex-Presidente Lula.""Veja mais notícias do estado em G1 Paraná. "	-1
113	Presidente teve alta da unidade semi-intensiva nesta segunda. Uma pneumonia foi diagnosticada no último dia 7 e está quase sanada, segundo a equipe médica. Presidente teve alta da unidade semi-intensiva nesta segunda. Uma pneumonia foi diagnosticada no último dia 7 e está quase sanada, segundo a equipe médica. Presidente teve alta da unidade semi-intensiva nesta segunda. Uma pneumonia foi diagnosticada no último dia 7 e está quase sanada, segundo a equipe médica.	"""Bolsonaro está sem dor abdominal e quadro pulmonar encontra-se em resolução, diz boletim médico ""Presidente teve alta da unida semi-intensiva nesta segunda. Uma pneumonia foi diagnosticada no último dia 7 e está quase sanada, segundo a equipe médica.  O presidente Jair Bolsonaro (PSL) mantém ""boa evolução clínica, está sem febre, sem dor abdominal e o quadro pulmonar encontra-se em resolução"", segundo boletim médico divulgado nesta terça-feira (12) pelo Hospital Albert Einstein onde ele está internado desde o dia 27 de janeiro.De acordo com a equipe médica, exames mostraram que ele está quase curado da pneumonia que foi diagnosticada no último dia 7.""Segue com dieta leve e suplemento nutricional, com boa tolerabilidade. Prossegue realizando exercícios respiratórios e de fortalecimento muscular, alternados a períodos de caminhada. Por ordem médica, as visitas permanecem restritas"", diz o texto.Nesta segunda-feira (11), Bolsonoro recebeu alta da unidade de terapia semi-intensiva. Ele teve a nutrição parenteral suspensa com a introdução da dieta leve, sendo mantido o suplemento nutricional.Segunda-feira (28/1)Jair Bolsonaro foi submetido a uma cirurgia para retirada da bolsa de colostomia no Hospital Albert Einstein, na Zona Sul de São Paulo. O procedimento terminou após sete horas e ocorreu ""com êxito"", segundo informou o Palácio do Planalto. O vice-presidente Hamilton Mourão assumiu a Presidência da República por dois dias.De acordo com o boletim médico divulgado pelo hospital, a cirurgia foi realizada ""sem intercorrências e sem necessidade de transfusão de sangue"". Foi realizada uma ""anastomose do íleo com o cólon transverso"", que é a união do intestino delgado com uma parte do intestino grosso. Foram retirados de 20 a 30 centímetros do intestino grosso de Bolsonaro na parte que ligava o intestino delgado à bolsa de colostomia.Terça-feira (29/1)Bolsonaro seguiu na UTI do Hospital Albert Einstein após a retirada da bolsa de colostomia. Ele recebeu analgésicos para controle da dor e não apresentou sangramentos ou complicações, ficando sem febre ou sinais de infecção.Quarta-feira (30/1)Bolsonaro reassumiu a Presidência da República e passou a despachar de um escritório que foi montado no mesmo andar onde está internado no Hospital Albert Einstein, na Zona Sul de São Paulo.Quinta-feira (31/1)O porta-voz da presidência, Otávio do Rêgo Barros, disse que Bolsonaro estava tentando se manter sem falar, mas a recomendação médica era difícil de ser acolhida: ""O presidente é difícil, ele está falando já. A despeito do médico dizer para ele ficar calado, ele já está falando"".Sexta-feira (1º/2)O boletim médico do dia informou que Bolsonaro teve boa evolução clínica. ""Já apresenta sinais de início dos movimentos intestinais"". ""Segue com dieta parenteral (endovenosa) exclusiva, sem infecção ou outras complicações. Realiza fisioterapia respiratória e períodos de caminhada fora do quarto. Por ordem médica, o paciente segue com visitas restritas.""Sábado (2/2)O presidente teve náuseas e vômito, e os médicos precisaram colocar uma sonda nasogástrica.Domingo (3/2)Bolsonaro continuou usando uma sonda nasogástrica aberta, com evolução clínica estável. De acordo com o boletim médico, o presidente ficou sem dor e sem sinais de infecção. Bolsonaro foi submetido a uma tomografia de abdômen que descartou complicações cirúrgicas. Ele ficou em jejum oral e nutrição parenteral exclusiva.Segunda-feira (4/2)Bolsonaro teve elevação na temperatura, passou a tomar antibiótico e a alta prevista para quarta-feira (6) foi adiada. O boletim médico informou que o presidente passou a tomar antibióticos e foram realizados novos exames de imagem. Identificou-se uma coleção líquida ao lado do intestino na região da antiga colostomia. Foi submetido à punção guiada por ultrassonografia e permaneceu com dreno no local. O presidente apresentou movimentos intestinais e teve dois episódios de evacuação.Terça-feira (5/2)O presidente teve melhora do seu estado de saúde e começou a receber líquido por via oral. Bolsonaro apresentou aumento da movimentação intestinal, o que possibilitou o início de injeção de líquido por via oral. ""Os exames laboratoriais apresentam melhora. O paciente segue com antibióticos e dreno no abdome"", disse o boletim médico.Quarta-feira (6/2)O presidente apresentou quadro clínico estável, sem dor ou febre, com melhora dos exames laboratoriais e de imagem. Ele também voltou a caminhar no corredor do Hospital Albert Einstein.Quinta-feira (7/2)Segundo boletim médico, Bolsonaro teve um episódio de febre e uma tomografia no tórax detectou uma pneumonia. Segundo os exames, a pneumonia teve origem bacteriana. Foi acrescentado um novo antibiótico no tratamento do presidente.Sexta-feira (8/2)Bolsonaro retirou o dreno colocado no seu abdômen e a sonda nasogástrica. Ele também se alimentou pela primeira vez.Sábado (9/02)Bolsonaro começa dieta cremosa e tem melhora nos resultados do raio-x dos pulmões.Domingo (10/02)Presidente mantém boa evolução clínica, não tem febre e o quadro pulmonar apresenta melhora significativa. Ele prosseguiu com os mesmos antibióticos e iniciou a redução gradativa da nutrição parenteral (endovenosa), mantendo dieta cremosa associada ao suplemento nutricional especializado por via oral. ""Segue realizando exercícios respiratórios e de fortalecimento muscular, alternados a períodos de caminhada"", dizia o boletim médico.Segunda (11/02)Bolsonaro tem alta da unidade semi-intensiva e vai para o quarto. "	-1
114	Impasses na democracia. Nesses tempos de desagregação política, líderes cheios de si apostam no conflito e no impasse como forma de impor sua vontade, inconformados com a resistência propiciada pelos canais da democracia. Donald Trump recorreu ao estado de emergência para impor seu caprichoso e inútil desejo de construir um muro na fronteira com o México. Sofreu duas derrotes com voto de Republicanos. A Câmara de maioria Democrata e o Senado de maioria Republicana aprovaram resolução anulando sua decisão de usar poderes de emergência para financiar o muro que o Congresso lhe negara. Contrariado, vetou a resolução. Vai escalar o conflito e pode, eventualmente, ter seu veto rejeitado, o que só é possível com maior número de votos contra de seu partido. Difícil, mas possível. Nesses tempos de desagregação política, líderes cheios de si apostam no conflito e no impasse como forma de impor sua vontade, inconformados com a resistência propiciada pelos canais da democracia. Donald Trump recorreu ao estado de emergência para impor seu caprichoso e inútil desejo de construir um muro na fronteira com o México. Sofreu duas derrotes com voto de Republicanos. A Câmara de maioria Democrata e o Senado de maioria Republicana aprovaram resolução anulando sua decisão de usar poderes de emergência para financiar o muro que o Congresso lhe negara. Contrariado, vetou a resolução. Vai escalar o conflito e pode, eventualmente, ter seu veto rejeitado, o que só é possível com maior número de votos contra de seu partido. Difícil, mas possível.	"""Impasses na democracia""O artigo do cientista político Sérgio Abranches para o blog neste domingo  Nesses tempos de desagregação política, líderes cheios de si apostam no conflito e no impasse como forma de impor sua vontade, inconformados com a resistência propiciada pelos canais da democracia. Donald Trump recorreu ao estado de emergência para impor seu caprichoso e inútil desejo de construir um muro na fronteira com o México. Sofreu duas derrotas com voto de Republicanos. A Câmara de maioria Democrata e o Senado de maioria Republicana aprovaram resolução anulando sua decisão de usar poderes de emergência para financiar o muro que o Congresso lhe negara. Contrariado, vetou a resolução. Vai escalar o conflito e pode, eventualmente, ter seu veto rejeitado, o que só é possível com maior número de votos contra de seu partido. Difícil, mas possível.No Reino Unido, Theresa May, nunca aceitou a rejeição de seu acordo para a Brexit. Sofreu três derrotas seguidas. Agarrada ao cargo, recusa-se a renunciar e obteve o direito de apresentar sua proposta pela terceira vez. Os analistas concordam que ela tem riscos para a economia britânica. Provavelmente será novamente rejeitada. James Corbyn orientou o Partido Trabalhista a abster-se de votar, para ajudar os Conservadores a derrubar um novo referendo proposto pelo grupo independente, formado por defecções de Trabalhistas e Conservadores. Corbyn, como May, joga no impasse. A primeira-ministra aposta que sua teimosa insistência terminará por convencer a maioria a bancar seu projeto por duas vezes rejeitado. É mais um blefe que qualquer coisa. Corbyn colabora para o bloqueio decisório na esperança de que desague em novas eleições e maioria para os trabalhistas. May teme as eleições que Corbyn deseja. Na anterior, que ela mesma antecipou a buscar um mandato forte para conduzir a Brexit, saiu mais fraca. Corbyn ilude-se com as pesquisas que indicam ter apoio popular para ganhar. As pesquisas, nessas conjunturas nebulosas, podem enganar. Enquanto o impasse político se agrava, a economia do Reino Unido patina e seu peso geopolítico definha.Nos Estados Unidos, o impasse político estimula a competição no partido Democrata. São muitos a querer enfrentar Trump no ano que vem. Os três candidatos mais conhecidos são o ex-vice de Obama, Joe Biden, e os senadores Elizabeth Warren e Bernie Sanders. Mas, o querido atual da mídia é o ex-deputado Beto ORourke, que anunciou sua candidatura. Ele perdeu a eleição para o senado para o republicano Ted Cruz, mas não desanimou. Ao contrário, continuou fazendo comícios e reuniões em escolas, universidades e locais públicos, reunindo multidões. Sua popularidade cresceu depois das eleições, o que o animou a inscrever-se nas primárias do partido. Trump está cada vez mais isolado, confinado ao grupo sectário do partido Republicano, de ideias extremadas, que não lhe garante a eleição. A queda de braço permanente com o Congresso, irrita os republicanos moderados e pode levá-lo a uma derrota eleitoral tão histórica quanto sua eleição.Todos aproveitam falhas inevitáveis dos respectivos modelos políticos. Theresa May se aproveita da faculdade de manter-se no poder, mesmo perdendo a maioria em votações cruciais para o destino do Reino Unido. Evita um voto formal de confiança, que a derrubaria, e agarra-se ao poder por meio de todos os expedientes a seu dispor. É uma particularidade contemporânea do modelo inglês, que enfraquece um dos mecanismos mais eficazes do parlamentarismo para romper impasses, a perda do mandato associada a derrotas relevantes no parlamento. Recusa-se a convocar eleições, outro recurso do sistema parlamentarista de resolução de conflitos e paralisia governamental.May e Corbyn estão comprometendo o interesse coletivo em nome de interesses políticos pessoais e partidários. A melhor saída para o dilema da saída seria um novo referendo. A Brexit seria muito provavelmente rejeitada e o Reino Unido reconquistaria prestígio e influência suficientes para participar da deliberação sobre a necessária reforma institucional da União Europeia. A institucionalidade da Europa é insuficiente para lidar com os desafios e dilemas que ela enfrenta. Será preciso rediscutir o papel do parlamento europeu, da estrutura de regulação macroeconômica, comercial e de imigração entre países-membros. Discussões inevitáveis, que eventualmente levarão, em algum momento futuro, a decisões que afetariam diretamente o Reino Unido. Fora da UE, Londres sofrerá as consequências sem poder participar dos debates e do processo decisório.Trump usou expedientes legais que aumentaram os poderes constitucionais originais da Presidência. Parte da reação republicana tem a ver com o risco de uma Presidência cada vez mais autocrática, pela usurpação de poderes do Legislativo. Mitt Romney, um dos senadores que votou contra Trump, usou exatamente o desequilíbrio decorrente de poderes como justificativa para seu voto contra. Foi um voto pela Constituição, ele disse, e pelo equilíbrio de poderes que é seu ponto central. Não foi um voto sobre Trump. Para o senador, dar ao Executivo o poder de anular uma lei aprovada pelo Congresso equivaleria a torna-lo a última instância de poder, imune ao sistema de freios e contrapesos. Trump dobrou a aposta e usou o poder de veto. A derrubada de vetos presidenciais é rara nos Estados Unidos e o voto que rejeitou a medida presidencial, 59 a 41, é insuficiente para derrubar o veto. Serão precisos 2/3 dos votos dos senadores presentes. No caso de casa cheia, seriam 63 votos. Até agora apenas um senador que votou com Trump anunciou que recusará o veto. Menos de 10% dos vetos presidenciais foram derrubados nos EUA. Mas, as derrubadas ocorrem. George W. Bush teve quatro vetos rejeitados, de 12. Obama, apenas um recusado, também de 12 vetos. Trump dependerá crucialmente do apoio do senador Mitch McConnell, líder Republicano no Senado. Ele confronta o Congresso em questões menores, por caprichos pessoais. Os impasses que tem criado já provocaram o fechamento do governo e grande prejuízo ao país e aos cidadãos americanos.Em suma, não existe modelo político democrático que não tenha suas disfuncionalidades e que não possa ser manipulado por governantes com tendências autocráticas e mentalidades autoritárias. Como não existe um estágio final de democracia. Democracia é um alvo móvel, que pede aperfeiçoamento e aprofundamento recorrentes, num processo sujeito a avanços e retrocessos.* Sérgio Abranches é cientista político, escritor e comentarista da CBN. É colaborador do blog com análises do cenário político internacional "	-1
115	"Lula é autorizado a sair para velório do neto; Governo tenta conter declarações de Bolsonaro. ""A Folha de S.Paulo informa, na sua primeira página, que o Palácio do Planalto traça estratégia para evitar que o presidente Jair Bolsonaro fale sobre pontos polêmicos da reforma da Previdência e gere mal-estar do governo com o Congresso."" ""Segundo o matutino, as declarações de Bolsonaro nesta semana, quando admitiu que a idade mínima de apoentadoria das mulheres pode ser alterada de 62 para 60 anos, surpreenderam e incomodaram a equipe econômica que elaborou a proposta encaminhada à Câmara."" ""O ministro Paulo Guedes (Economia) e o presidente da Câmara, Rodrigo Maia, teriam se irritado com as declarações de Bolsonaro."""	"""Lula é autorizado a sair para velório do neto; Governo tenta conter declarações de Bolsonaro. Jornais de sábado (2)""Veja quais são as notícias de destaque nos matutinos brasileiros  A Folha de S.Paulo informa, na sua primeira página, que o Palácio do Planalto traça estratégia para evitar que o presidente Jair Bolsonaro fale sobre pontos polêmicos da reforma da Previdência e gere mal-estar do governo com o Congresso. Segundo o matutino, as declarações de Bolsonaro nesta semana, quando admitiu que a idade mínima de aposentadoria das mulheres pode ser alterada de 62 para 60 anos, surpreenderam e incomodaram a equipe econômica que elaborou a proposta encaminhada à Câmara.O ministro Paulo Guedes (Economia) e o presidente da Câmara, Rodrigo Maia, teriam se irritado com as declarações de Bolsonaro. A Folha afirma que membros da área econômica e militares querem que Bolsonaro fale apenas de aspectos sociais ou tópicos que não gerem polêmica. Enquanto o presidente será instruído a comentar menos a reforma, o Paulo Guedes deve defender a íntegra da proposta. ""Governo age para limitar declarações de Bolsonaro"", sublinha a manchete da Folha.A recuperação lenta da economia deve motivar o governo a alterar regras de concessão de crédito para empresas. Em sua primeira página, o Estado de S.Paulo destaca que uma das estratégias da equipe econômica é tornar menos rígidas as garantias que uma empresa deve oferecer para conseguir crédito e dar impulso aos investimentos.Segundo o Estadão, a ideia está sendo elaborada por uma equipe do Ministério da Economia em conjunto com o Banco Central. Atualmente, uma empresa só pode conseguir crédito baseada nas receitas de vendas parceladas já realizadas. Com a flexibilização das regras, a empresa poderá usar a expectativa de vendas futuras como garantia.O secretário de Política Econômica do Ministério da Economia, Adolfo Sachsida, afirma que os modelos de novas garantias serão aplicáveis a todos os setores e tamanhos de empresas. ""Governo estuda ações para facilitar crédito às empresas"", mostra o título principal do Estadão.Na primeira página, O Globo conta que a Justiça autorizou o ex-presidente Lula a acompanhar o velório de seu neto Arthur, de 7 anos, que tragicamente faleceu nesta sexta-feira (1) vítima de meningite meningocócica. Os detalhes do deslocamento foram mantidos em sigilo. A juíza Carolina Lebbos, da 12ª Vara da Justiça Federal, foi a responsável por autorizar a ida de Lula ao velório que acontecerá em São Bernardo do Campo. O ex-presidente já está em São Paulo.Em sua manchete, O Globo mostra que o primeiro dia de carnaval na Sapucaí foi marcado por atrasos e um temporal que inundou a Passarela do Samba. De acordo com o matutino carioca, a demora na liberação do espaço pela Justica e a dificuldade do público em encontrar seus lugares sem a orientação de agentes fizeram com que o primeiro desfile da noite começasse com 1 hora de atraso.Além disso, uma forte chuva caiu no local e o sistema de escoamento não conseguiu conter a água. O evento foi suspenso por alguns minutos e cogitou-se até cancelar a festa da noite, mas após uma reunião rápida convocada pela Liga das Escolas de Samba do Rio de Janeiro, o evento foi retomado. ""Rio, samba e temporal"", diz a manchete do Globo. "	-1
116	Grupo de Contato Internacional para Venezuela não deve prosperar, diz Ernesto Araújo. A reunião do Grupo de Contato Internacional realizada nesta quinta-feira (7) em Montevidéu, com países europeus e latinos, sobre a Venezuela acontece apenas através dos representantes de Guaidó: com representantes de Maduro não temos nada a acordar.	"""Grupo de Contato Internacional para Venezuela não deve prosperar, diz Ernesto Araújo""Em coletiva em Washington, ministro confirmou viagem de Bolsonaro aos EUA em março e disse ainda que diálogo do Brasil com Venezuela acontece apenas através dos representantes de Guaidó: com representantes de Maduro não temos nada a acordar.  A reunião do Grupo de Contato Internacional realizada nesta quinta-feira (7) em Montevidéu, com países europeus e latinos, sobre a Venezu"	-1
117	"""Preocupado, governo tenta evitar esvaziamento das fales de Bolsonaro após improvisos. Há uma preocupação cada vez maior, entre integrantes do governo e aliados, com as declarações, mensagens nas redes sociais e discursos ou entrevistas de improviso feitos pelo presidente Jair Bolsonaro. Há o consenso de que isso enfraqueca, cada vez mais, a fala presidencial, pois muitas vezes o próprio Bolsonaro precisa ser reinterpreta do por auxiliares ou até mesmo pelo vice-presidente Hamilton Mourão para minimizar declarações polêmicas. É preciso evitar o esvaziamento da fala presidencial. Quando o chefe do Executivo fala, tem que ter a mensagem principal do governo. Não deve ter a necessidade de explicações ou correções"", disse ao blog um auxiliar próximo do presidente. Foi o que aconteceu nesta quinta-feira, quando o vice-presidente Hamilton Mourão afirmou que o presidente Jair Bolsonaro foi ""mal interpreta do"" ao declarar que democracia e liberdade só existem quando as Forças Armadas querem. A aval"	"""Preocupado, governo tenta evitar esvaziamento das falas de Bolsonaro após improvisos"" Há uma preocupação cada vez maior, entre integrantes do governo e aliados, com as declarações, mensagens nas redes sociais e discursos ou entrevistas de improviso feitos pelo presidente Jair Bolsonaro.Há o consenso de que isso enfraquece, cada vez mais, a fala presidencial, pois muitas vezes o próprio Bolsonaro precisa ser reinterpretado por auxiliares ou até mesmo pelo vice-presidente Hamilton Mourão para minimizar declarações polêmicas.""É preciso evitar o esvaziamento da fala presidencial. Quando o chefe do Executivo fala, tem que ter a mensagem principal do governo. Não deve ter a necessidade de explicações ou correções"", disse ao blog um auxiliar próximo do presidente.Foi o que aconteceu nesta quinta-feira, quando o vice-presidente Hamilton Mourão afirmou que o presidente Jair Bolsonaro foi ""mal interpretado"" ao declarar que democracia e liberdade só existem quando as Forças Armadas querem.A avaliação interna é que, além do esvaziamento da fala presidencial, esse tipo de polêmica acaba desviando o foco do principal objetivo do governo neste momento: a aprovação da reforma da Previdência.Com dificuldade em consolidar a própria base aliada no Congresso Nacional, integrantes do governo reconhecem que é preciso evitar polêmicas e falas que possam dividir ainda mais possíveis aliados no Legislativo.Nesta quinta, a transmissão ao vivo do presidente em uma rede social estava toda projetada para defender a reforma da Previdência.Depois da polêmica em torno do discurso de improviso, o consenso foi o de que o tema principal foi ofuscado pela fala anterior. "	-1
118	Durante a campanha, me comprometi a doar minha remuneração para instituições sociais. O governador Ibaneis vai doar o salário para a Casa do Ceará, em Brasília. O anúncio foi feito nesta sexta-feira (8) e era uma das promessas de campanha. O governador do Distrito Federal, Ibaneis Rocha (MDB), irá doar o salário para a Casa do Ceará, em Brasília.	"""Governador Ibaneis vai doar salário para a Casa do Ceará, em Brasília""Promessa de não receber vencimentos foi feita durante campanha. Entidade irá receber R$ 18 mil por mês, até dezembro. O governador do Distrito Federal, Ibaneis Rocha (MDB), irá doar o salário para a Casa do Ceará, em Brasília. O anúncio foi feito nesta sexta-feira (8) e era uma das promessas de campanha.No dia 11 de setembro, o então candidato do MDB ao governo do Distrito Federal afirmou, em entrevista ao DF1 que, se eleito, iria abrir mão do salário de governador, da residência oficial e de carros oficiais (relembre abaixo).Até dezembro deste ano, segundo o GDF, a Casa do Ceará irá receber R$ 18,5 mil mensais, referentes aos vencimentos do governador após o abatimento do imposto de renda e da seguridade social. A entidade faz cerca de 12 mil atendimentos odontológicos e 14 mil atendimentos médicos por ano, de graça, para pessoas de baixa renda.""Durante a campanha, me comprometi a doar minha remuneração para instituições de caridade. O trabalho realizado pela Casa do Ceará me deixou bastante sensibilizado. Sei que é uma instituição séria e acompanho o trabalho desses dirigentes"", afirmou Ibaneis.Durante o encontro com dirigentes da Casa do Ceará, o governador encaminhou também um pedido à Secretaria de Saúde para que avalie a possibilidade de firmar uma parceria com o GDF para ampliar os atendimentos.""Eu fui presidente da Ordem [dos Advogados do Brasil no DF] sem receber nada, e vou ser governador sem receber R$ 1 dos cofres públicos. Não vou ocupar a residência de Águas Claras, vou continuar morando na minha casa, vou continuar andando no meu carro particular"" _ Entrevista ao DF1 em 11/9.Leia mais notícias sobre a região no G1 DF. "	-1
119	"""Costumo dizer que críticas são muito bem-vindas na Lava Jato, afirma Roberson Pozzobon, um dos 13 procuradores do MPF que trabalham na força-tarefa. As delações são reconhecidas pela força-tarefa como um instrumento importante no decorrer do trabalho. Ele explica que não há preferência pelo que o colaborador irá revelar e que a primeira diretriz é de falar ""todas a verdade"". As delações são reconhecidas pela força-tarefa como um instrumento importante no decorrer do trabalho."	"""Delações, perseguição e críticas: Procurador avalia a Operação Lava Jato, que completa 5 anos""Costumo dizer que críticas são muito bem-vindas na Lava Jato, afirma Roberson Pozzobon, um dos 13 procuradores do MPF que trabalham na força-tarefa. O procurador do Ministério Público Federal (MPF) Roberson Pozzobon, em entrevista ao G1, fez uma avaliação do trabalho da Operação Lava Jato, que completa cinco anos neste domingo (17)Delações, perseguição e o eventual fim da operação são alguns dos temas abordados na entrevista. Confira, abaixo, os principais pontos abordados por Pozzobon.As delações são reconhecidas pela força-tarefa como um instrumento importante no decorrer do trabalho. Pozzobon rechaça, no entanto, que o Ministério Público Federal tenha exigido informações específicas para fechar determinados acordos.Ele explica que não há preferência pelo que o colaborador irá revelar e que a primeira diretriz é de falar ""toda a verdade"". ""A Lava Jato não define qual é o objeto do acordo"", diz.O procurador classifica as críticas de que a Lava Jato tenha uma atuação partidária como ""teorias conspiratórias"". ""Não faz o menor sentido"", afirma.Segundo ele, essas hipóteses são apresentadas por investigados que não conseguem enfrentar a clareza das provas contra eles.""Foram mais de 15 partidos que tiveram ilícitos revelados. Os grandes partidos nacionais tiveram altos integrantes responsabilizados, muitos dos quais estão cumprindo pena"", indica Pozzobon.Pozzobon entrou para a força-tarefa do MPF quando a operação tinha três meses, em julho de 2014. Desde então, uma pergunta recorrente, seja em entrevistas ou em reuniões familiares, é: quando acaba a Lava Jato?Ao avaliar o aprendizado da equipe no trabalho de combate aos chamados crimes de colarinho branco, o procurador define a atuação como uma ""verdadeira corrida de gato contra o rato"".Para ele, os criminosos investigados tornam cada vez mais rebuscados e refinados os métodos de lavagem de dinheiro e de funcionamento das organizações.Segundo o procurador, o modo de funcionamento da operação em força-tarefa nas diferentes instituições que o trabalho envolve é um dos fatores que permitiram que tantos crimes fossem descobertos e bilhões de reais recuperados.""Começou com uma estrutura muito mais singela. Em 2014, eram seis procuradores da República. Hoje a força-tarefa da Lava Jato em Curitiba já conta com 13 procuradores. A equipe total no MPF aqui soma mais de 50 pessoas"", diz.Pozzobon diz acreditar que um dos fatos mais significativos descobertos no âmbito da Lava Jato tenha sido o funcionamento do departamento de operações estruturadas da Odebrecht _ setor que movimentava propinas.De acordo com ele, entre as surpresas estão o refinamento da prática de crimes, a profissionalização e o fato de terem sido encontradas rubricas de propinas e apelidos para mais de um terço dos parlamentares.Em nota, a Odebrecht informou que tem colaborado ""de forma eficaz com as autoridades em busca do pleno esclarecimento dos fatos narrados pela empresa e seus ex-executivos"".""A Odebrecht já usa as mais recomendadas normas de conformidade em seus processos internos e segue comprometida com uma atuação ética, íntegra e transparente"", diz a nota.Na avaliação do procurador, a Lava Jato lança mão do sigilo apenas em relação aos fatos que ainda estão em investigação.A publicidade dos atos, que é alvo de críticas _ principalmente de investigados _, para ele é um dos pilares da operação.""Eu costumo dizer que críticas são muito bem-vindas na Lava Jato, serão refletidas e levam a um aperfeiçoamento natural de todas as instituições"", afirmou.O procurador comenta que, no aprendizado da Lava Jato, foram desenvolvidas técnicas de investigação e de processamento que permitem, por vezes, propor uma denúncia e ter toda a instrução processual entre seis e oito meses.""Isso é um tempo que já seria rápido para delitos simples como estelionato ou furto, quando consideramos que são delitos de corrupção e lavagem de dinheiro esse prazo ele se torna ainda mais impressionante"", afirma.O procurador da Lava Jato também falou sobre a investigação de crimes de corrupção e caixa 2 na semana em que o Supremo Tribunal Federal (STF) decidiu que crime eleitorais (como a não declaração de valores coletados em campanha) que tenha sido cometidos em conexão com outros crimes devem ser enviados à Justiça Eleitoral.A entrevista aconteceu na terça-feira (12), dois dias antes da decisão da Suprema Corte. Conforme Pozzobon, a Justiça Eleitoral não deve ser ""soterrada"" com investigações de crimes complexos para os quais não foi estruturada.A criação de um fundo privado bilionário por parte da força-tarefa da Lava Jato para gerir R$ 2,5 bilhões devolvidos pela Petrobras após negociações com autoridades norte-americanas gerou críticas aos procuradores neste mês.Depois do recuo na criação do fundo por parte da força-tarefa, o ministro do STF Alexandre de Moraes suspendeu, na sexta-feira (15), a decisão que homologou o acordo para criar o fundo. Ele também determinou o bloqueio dos valores depositados em uma conta ligada à Justiça Federal.""O intuito principal da força-tarefa é garantir é que esses R$ 2,5 bilhões não retornem, não sejam destinados pra qualquer outra causa, que não a causa anticorrupção brasileira"", explica Pozzobon.Veja mais notícias do estado no G1 Paraná."	-1
120	MPF pede à Justiça Federal envio de informações sobre fundo da Lava Jato ao STF. A força-tarefa da Operação Lava Jato pediu, no início da noite desta sexta-feira (15), que a Justiça Federal encaminhe uma série de informações sobre a criação de uma fundação para gerir recursos acordados pela Petrobras com autoridades americanas. A decisão foi tomada a partir de pedido de anulação feito pela procuradora-geral da Repúbli	"""MPF pede à Justiça Federal envio de informações sobre fundo da Lava Jato ao STF ""Acordo suspenso pelo ministro Alexandre de Moraes, nesta sexta-feira (15), permitiria a criação de uma fundação para gerir parte dos R$ 2,5 bilhões de acerto feito pela Petrobras com autoridades americanas. A força-tarefa da Operação Lava Jato pediu, no início da noite desta sexta-feira (15), que a Justiça Federal encaminhe uma série de informações sobre a criação de uma fundação para gerir recursos acordados pela Petrobras com autoridades americanas.Mais cedo, o ministro do Supremo Tribunal Federal (STF) Alexandre de Moraes suspendeu a homologação e a eficácia do acordo firmado entre os procuradores do Ministério Público Federal (MPF) e a estatal.O pedido dos procuradores será analisado pelo juiz Luiz Antonio Bonat, da 13ª Vara da Justiça Federal de Curitiba, responsável por encaminhar ou não as informações ao STF.A decisão foi tomada a partir de pedido de anulação feito pela procuradora-geral da República, Raquel Dodge, na segunda-feira (12).Segundo a liminar (decisão temporária) concedida pelo ministro, os valores depositados pela Petrobras deverão ser bloqueados e mantidos em uma conta designada pela Justiça.A liminar é válida até a análise da ação pelo plenário da Corte. Procuradores, Câmara dos Deputados, Petrobras e Advocacia-Geral da União foram intimados a apresentar informações em dez dias.A força-tarefa já havia pedido para suspender a parte mais polêmica do acordo, a que prevê a criação de entidade para administrar uma parte dos recursos. A criação do fundo foi suspensa por 90 dias pelo juiz federal Luiz Antônio Bonat na quarta-feira (13).O primeiro passo foi dado em 25 de janeiro, quando a Justiça Federal homologou acordo entre MPF e Petrobras na qual a estatal se comprometeu a depositar US$ 682,56 milhões como restituição dos crimes identificados na Lava Jato.Em 30 de janeiro, a Petrobras depositou o equivalente em reais (R$ 2,567 bilhões) em conta vinculada à 13ª Vara Federal de Curitiba, que julga os casos da operação.Esse compromisso é consequência de um outro acordo, firmado em 2018 entre Petrobras e autoridades americanas, para encerrar investigações nos Estados Unidos de irregularidades na estatal. Ficou acertado na ocasião que 80% do montante seria depositado no Brasil --exatamente os R$ 2,567 bilhões. O restante ficará nos EUA.Já cerca de R$ 1,25 bilhão seria aplicado em um fundo patrimonial gerido por uma fundação independente e distribuídos os rendimentos para projetos de combate à corrupção e promoção da cidadania e da integridade.Veja mais notícias do estado no G1 Paraná."	-1
121	"""Pacote de Moro propõe prisão após 2ª instância;"" ""Pacote de Moro endurece penas para crime organizado e corrupção;"" ""O ministro da Justiça e da Segurança Pública, Sérgio Moro, apresentou nesta segunda-feira (4) um projeto de lei que será enviado ao Congresso e altera 14 leis para tentar reforçar o combate à corrupção e ao crime organizado."""	"""Pacote de Moro propõe prisão após 2ª instância; Guedes quer idade mínima da qual Bolsonaro discorda. Jornais de terça (5)""Veja quais são as notícias de destaque nos matutinos brasileiros O ministro da Justiça e da Segurança Pública, Sérgio Moro, apresentou nesta segunda-feira (4) um projeto de lei que será enviado ao Congresso e altera 14 leis para tentar reforçar o combate à corrupção e ao crime organizado.O Globo explica que a pauta traz propostas como mudança no cumprimento de penas e ampliação da possibilidade de acordo entre acusados e o Ministério Público, mas a pontos criticados como a criminalização do caixa 2 e a possibilidade de isenção de pena para policiais que matarem em ações de confronto.Segundo o matutino, Moro inseriu na proposta a regra que possibilita a prisão após condenação em segunda instância e também a possibilidade de encarceramento após condenação por tribunal do júri. ""Pacote de Moro endurece penas para crime organizado e corrupção"", mostra a manchete do Globo.O Estado de S.Paulo informa que o ministro da Economia, Paulo Guedes, finalizou o texto da reforma da Previdência e destaca que a proposta prevê idade mínima de 65 anos para aposentadoria de homens e mulheres, contribuição mínima de 20 anos no INSS e de 25 anos para servidores públicos.De acordo com o matutino, o texto já passou pela área jurídica do governo, mas ainda será analisado pelo presidente Jair Bolsonaro. Economistas ouvidos pelo Estadão se mostraram otimistas com a proposta e chamaram o texto de ""hardcore"" pelas medidas duras e o compromisso de ajuste das contas públicas.Segundo o vice-presidente, Hamilton Mourão, contudo, Bolsonaro não concorda com a ideia de igualar a idade mínima para aposentadoria de homens e mulheres. ""Guedes finaliza proposta ambiciosa para Previdência"", sublinha o título principal do Estadão.A Folha de S.Paulo mostra dados de documento elaborado pela Secretaria de Obras de São Paulo e enfatiza que seis Pontes e viadutos da cidade estão sob ""risco iminente de colapso"".Segundo o matutino, as estruturas precisam de inspeção e apresentam problemas como infiltração, danos causados por caminhões e juntas de dilatação deterioradas.Os técnicos da Secretaria de Obras avaliaram 13 pontes e viadutos apontando risco iminente em seis estruturas que necessitam de inspeções especiais com urgência.Procurada, a Prefeitura de São Paulo afirmou que houve erro de redação e substituiu o termo ""risco iminente de colapso"" para ""risco desconhecido"". ""São Paulo tem mais 6 pontes com estrutura comprometida"", destaca a manchete da Folha. "	-1
122	"Presidente assumiu o Planalto em 1º de janeiro e é conhecido por declarações polêmicas. Presidente assumiu o Planalto em 1º de janeiro e é conhecido por declarações polêmicas. Durante o mês de janeiro, Bolsonaro participou de eventos em Brasília, no Rio de Janeiro e no exterior. Durante o mês de janeiro, Bolsonaro participou de eventos em Brasília, no Rio de Janeiro e no exterior. Conhecido por dar declarações enfáticas durante toda a carreira política, o presidente afirmou em janeiro, por exemplo, que vai ""abrir"" a economia brasileira; que ""a população decidiu"" comprar armas; e que o filho Flávio ""vai ter que pagar"" se for comprovado que ele cometeu crime."	"""VÍDEO: as principais frases de Bolsonaro no primeiro mês de governo""Presidente assumiu o Planalto em 1º de janeiro e é conhecido por declarações polêmicas. Ao assinar o decreto que facilitou posse de armas, por exemplo, disse que população decidiu assim. O presidente Jair Bolsonaro completa um mês à frente do governo, e o G1 selecionou algumas das principais declarações dele nos primeiros 30 dias de Palácio do Planalto (veja no vídeo acima).Durante o mês de janeiro, Bolsonaro participou de eventos em Brasília, no Rio de Janeiro e no exterior.Conhecido por dar declarações enfáticas durante toda a carreira política, o presidente afirmou em janeiro, por exemplo, que vai ""abrir"" a economia brasileira; que ""a população decidiu"" comprar armas; e que o filho Flávio ""vai ter que pagar"" se for comprovado que ele cometeu crime. "	-1
123	"""CNJ mantém decisão que proíbe TJ-SP de executar contrato de R$ 1,32 bilhão com a Microsoft. ""Plataforma passará por análise técnica. Em fevereiro, o presidente do TJ disse que contratação foi pautada pela total e irrestrita observância aos princípios da moralidade. O Conselho Nacional de Justiça (CNJ) confirmou nesta terça-feira (12), por unanimidade, a decisão que proibiu o Tribunal de Justiça de São Paulo (TJ-SP) de fechá-lo ou executar contrato bilionário firmado com a Microsoft.O conselho entendeu que o contrato do TJ-SP não atendeu resolução do CNJ que estabeleceu regras sobre o processo eletrônico. Um dos acordos firmados entre o tribunal e a empresa tem valor estimado de R$ 1,32 bilhão para o desenvolvimento de uma plataforma digital de processos.O plenário do conselho confirmou a liminar (decisão provisória) do relator Márcio Schiefler, de fevereiro deste ano. O conselho também determinou que seja feita uma análise da plataforma e das justificativas apresentadas pela empresa."""	"""CNJ mantém decisão que proíbe TJ-SP de executar contrato de R$ 1,32 bilhão com a Microsoft""Plataforma passará por análise técnica. Em fevereiro, o presidente do TJ disse que contratação foi pautada pela total e irrestrita observância aos princípios da moralidade. O Conselho Nacional de Justiça (CNJ) confirmou nesta terça-feira (12), por unanimidade, a decisão que proibiu o Tribunal de Justiça de São Paulo (TJ-SP) de fechar ou executar contrato bilionário firmado com a Microsoft.O conselho entendeu que o contrato do TJ-SP não atendeu resolução do CNJ que estabeleceu regras sobre o processo eletrônico. Um dos acordos firmados entre o tribunal e a empresa tem valor estimado de R$ 1,32 bilhão para o desenvolvimento de uma plataforma digital de processos.O plenário do conselho confirmou a liminar (decisão provisória) do relator Márcio Schiefler, de fevereiro deste ano. O conselho também determinou que seja feita uma análise da plataforma e das justificativas apresentadas pela empresa.Com a decisão, a plataforma da Microsoft será analisada por uma equipe do CNJ composta por profissionais de Tecnologia da Informação (TI) em diálogo com os técnicos do Tribunal de Justiça de São Paulo.Quando houver um relatório sobre o caso, o relator Márcio Schiefler apresentará ao colegiado do órgão. De acordo o presidente do CNJ, ministro Dias Toffoli, o prazo para estudo será de 15 a 30 dias. ""Nós queremos definir isso rapidamente"", afirmou.Segundo Toffoli, o conselho tem uma resolução que determina a todos os tribunais que privilegiem o Processo Judicial Eletrônico (PJe), já instalado e investido pelo CNJ. Contudo, de acordo com o ministro, aqueles tribunais que já tinham sistemas poderiam adaptá-los e aprimorá-los, mas de acordo com orientações do CNJ.""É importante analisar que não há nenhum tipo de suspeita [sob o presidente do Tribunal de Justiça]. É que ele [o contrato] não foi atendido na forma de resolução. São Paulo tem um custo muito grande com a informatização é necessário realmente um aperfeiçoamento"", acrescentou.Para Toffoli, o acesso aos processos e a proteção de dados é o ""elemento mais importante"". ""O elemento mais importante é que a plataforma seja segura, que proteja os dados e que seja de propriedade da Justiça [...] nós não podemos instalar projetos que depois possam ser levados embora"", disse o ministro.Em fevereiro, o presidente do Tribunal de Justiça de São Paulo, Manoel De Queiroz Pereira Calças, disse que a contratação foi pautada ""pela total e irrestrita observância aos princípios da moralidade, economicidade, legalidade, ética e respeito ao erário e que teve o objetivo de melhorar o serviço da justiça à população"". "	-1
124	"""R Raquel Dodge denuncia Lúcio Vieira Lima em desdobramento da Lava Jato"". ""PGR acusou parlamentar de receber propina da Odebrecht em 2013"". ""Empresa diz que colabora para esclarecer os fatos"". ""Defesa de Vieira Lima não havia sido localizada até última atualização da reportagem""."	"""Raquel Dodge denuncia Lúcio Vieira Lima em desdobramento da Lava Jato""PGR acusou parlamentar de receber propina da Odebrecht em 2013. Empresa diz que colabora para esclarecer os fatos; defesa de Vieira Lima não havia sido localizada até última atualização da reportagem. A procuradora-geral da República, Raquel Dodge, denunciou nesta segunda-feira (28) o deputado federal Lúcio Vieira Lima (MDB-BA) por suposta corrupção passiva em um desdobramento da Operação Lava Jato.Segundo a PGR, integrantes da empresa Odebrecht pagaram R$ 1,5 milhão ao parlamentar em 2013, em troca de vantagens indevidas.O oferecimento da denúncia não significa que Vieira Lima é considerado culpado. Agora, a Justiça deverá decidir se vai abrir um processo e tornar o político réu. Só então ele será julgado e, por fim, declarado culpado ou inocente.Também foram denunciados quatro executivos da Odebrecht u2500 Marcelo Odebrecht, Cláudio Melo Filho, José de Carvalho Filho e Carlos José Fadigas de Souza Filho.O G1 procurou a defesa de Vieira Lima, que ainda não havia dado uma resposta até a última atualização desta reportagem.A Odebrecht informou por meio de nota que tem colaborado com as autoridades para esclarecer os fatos narrados e complementou: "" A Odebrecht já usa as mais recomendadas normas de conformidade em seus processos internos e segue comprometida com uma atuação ética, íntegra e transparente"".Além da condenação de Vieira Lima, Dodge pediu que ele pague R$ 4,5 milhões aos cofres públicos u2500 R$ 1,5 milhão pelo dinheiro supostamente recebido e mais R$ 3 milhões como indenização por dano moral coletivo ""considerando que os prejuízos decorrentes da corrupção são difusos e pluriofensivos (lesões à ordem econômica, à administração da justiça e à administração pública, inclusive à respeitabilidade do parlamento perante a sociedade brasileira)"", afirmou a procuradora-geral.Ela pediu ainda que Vieira Lima perca o mandato. Como ele não foi reeleito e deixará a Câmara em fevereiro, o caso deverá ser enviado à primeira instância da Justiça.Em dezembro de 2018, Dodge apresentou uma denúncia contra Lúcio e o irmão, o ex-ministro Geddel Vieira Lima, pelo crime de peculato (crime praticado por servidor público que se apropriar de dinheiro ou bem a que tenha acesso em razão do cargo).Segundo a assessoria da Procuradoria-Geral da República (PGR), os supostos crimes foram investigados em inquérito aberto para apurar a origem dos R$ 51 milhões que foram encontrados em 2017 em um apartamento de Salvador utilizado pelos irmãos Vieira Lima.Em razão da descoberta da fortuna em caixas de papelão e malas, Geddel e Lúcio Vieira Lima foram denunciados, em 2017, por lavagem de dinheiro e associação criminosa. Nesse caso, eles se tornaram réus em março de 2018. "	-1
125	"Brasil condena confrontos na fronteira da Venezuela e caráter criminoso do regime Maduro. ""O Brasil apelava à comunidade internacional para somarem-se ao esforço de libertação da Venezuela"". ""O uso da força contra o povo venezuelano, que anseia por receber a ajuda humanitária internacional, caracterizava, de forma definitiva, o caráter criminoso do regime Maduro"". ""O Brasil diz que os ataques são ""um brutal atentado aos direitos humanos""."	"""Brasil condena confrontos na fronteira da Venezuela e caráter criminoso do regime Maduro""Itamaraty afirma em nota que atos de violência perpetrados pelo regime ilegítimo do ditador Nicolás Maduro são um brutal atentado aos direitos humanos: nenhuma nação pode calar-se.  O governo brasileiro condenou neste domingo (24) ""os atos de violência perpetrados pelo regime ilegítimo do ditador Nicolás Maduro"" ocorridos no sábado, nas fronteiras com o Brasil e com a Colômbia, chamou o governo de Maduro de ""criminoso"" e apelou à comunidade internacional para ""somarem-se ao esforço de libertação da Venezuela"".""O uso da força contra o povo venezuelano, que anseia por receber a ajuda humanitária internacional, caracteriza, de forma definitiva, o caráter criminoso do regime Maduro"", afirma nota divulgada pelo Itamaraty na madrugada deste domingo.O governo brasileiro diz que os ataques são ""um brutal atentado aos direitos humanos"" e que ""nenhuma nação pode calar-se"". ""O Brasil apela à comunidade internacional, sobretudo aos países que ainda não reconheceram o presidente encarregado Juan Guaidó, a somarem-se ao esforço de libertação da Venezuela"", afirma o governo brasileiro.A declaração ocorre após conflitos impedirem a entrada de ajuda humanitária na Venezuela no chamado ""Dia D"", convocado pelo autoproclamado presidente da Venezuela, Juan Guaidó para receber doações de outros países.O dia foi marcado pela morte de três pessoas em Santa Elena, cidade venezuelana a 15 km da fronteira com o Brasil, o ataque a uma base venezuelana próxima a Pacaraima e 285 feridos e 37 hospitalizados perto da fronteira com a Colômbia. Mais de 60 militares venezuelanos desertaram e pediram refúgio, segundo o governo colombiano.O presidente da Venezuela, Nicolás Maduro, discursou em Caracas e anunciou o rompimento das relações com a Colômbia. Maduro também afirmou que não é mendigo e que está disposto a comprar toda comida que o Brasil quiser vender.Após os confrontos, Guaidó mais uma vez pediu a militares venezuelanos que deixem de obedecer a Maduro: ""Vocês não devem lealdade a quem queima comida"". O autoproclamado presidente interino da Venezuela também disse que o mundo viu ""a pior cara da Venezuela"" neste sábado e pediu apoio da comunidade internacional ""para assegurar a liberdade do nosso país"".O opositor de Maduro também anunciou que participará na segunda-feira (26) da reunião do Grupo de Lima, em Bogotá, ""para discutir possíveis ações diplomáticas"" contra Maduro. O grupo reúne 13 países, inclusive o Brasil, que não reconhecem o governo de Maduro.O vice-presidente do Brasil, Hamilton Mourão, e o ministro das Relações Exteriores, Ernesto Araújo, representarão o país no encontro. Os outros países do Grupo de Lima são: Argentina, Canadá, Colômbia, Costa Rica, Chile, Guatemala, Guiana, Honduras, México, Panamá, Paraguai e Peru.Leia a íntegra da nota do Itamaraty:Atos de violência do regime de MaduroO Governo do Brasil expressa sua condenação mais veemente aos atos de violência perpetrados pelo regime ilegítimo do ditador Nicolás Maduro, no dia 23 de fevereiro, nas fronteiras da Venezuela com o Brasil e com a Colômbia, que causaram várias vítimas fatais e dezenas de feridos. O uso da força contra o povo venezuelano, que anseia por receber a ajuda humanitária internacional, caracteriza, de forma definitiva, o caráter criminoso do regime Maduro. Trata-se de um brutal atentado aos direitos humanos, que nenhum princípio do direito internacional remotamente justifica e diante do qual nenhuma nação pode calar-se.O Brasil apela à comunidade internacional, sobretudo aos países que ainda não reconheceram o Presidente encarregado Juan Guaidó, a somarem-se ao esforço de libertação da Venezuela, reconhecendo o governo legítimo de Guaidó e exigindo que cesse a violência das forças do regime contra sua própria população. "	-1
126	A Polícia Federal (PF) investig­a se funcionários de companhia aérea participaram de ação para transporte de droga de Foz do Iguaçu (PR) para Maceió (AL). A PF prendeu uma passageira de 22 anos com 2 kg de cocaína no aeroporto de Foz do Iguaçu. A mulher seguia para Maceió e faria uma conexão em Guarulhos. Enquanto ela foi autuada por tráfico, os demais tiveram suas credençais recolhidas pela Infraero, mediante solicitação da PF, e aguardarão a conclusão das inves tigações em liberdade.	"""PF investiga se droga apreendida em aeroporto passou por funcionários de companhia"" A Polícia Federal (PF) investiga se funcionários de companhia aérea participaram de ação para transporte de droga de Foz do Iguaçu (PR) para Maceió (AL).No último domingo (3), a PF prendeu uma passageira de 22 anos com 2 kg de cocaína no aeroporto de Foz do Iguaçu. A mulher seguia para Maceió e faria uma conexão em Guarulhos.Na ocasião, a mulher e todos os funcionários que tiveram contato com a bagagem dela, em um total de 12, foram conduzidos para a delegacia da PF.Enquanto ela foi autuada por tráfico, os demais tiveram suas credenciais recolhidas pela Infraero, mediante solicitação da PF, e aguardarão a conclusão das investigações em liberdade.Segundo o blog apurou, o modelo de uso de funcionários de uma companhia aérea é considerado novo pela PF.De acordo com a PF, tanto a passageira quanto suas bagagens passaram por vistoria antes do embarque, mas nada foi encontrado. Os agentes localizaram a droga depois, quando a mala já estava no porão do avião.Ao se surpreenderem com os 2 kg de cocaína no interior da bagagem, os investigadores descobriram que o entorpecente foi colocado na mala da passageira possivelmente por algum funcionário da companhia aérea que teria acesso à mala, seja na triagem, na rampa ou no porão da aeronave.A passageira foi retirada do voo e confessou que receberia R$ 1,5 mil para levar a mala até Maceió e entregá-la a um desconhecido. Ela não revelou quem seria seu contato em Foz do Iguaçu. "	-1
127	"As associações que demonstram a ideia principal do texto são:  ""Associação quer que travestis possam escolher entre prisões masculinas ou femininas, de acordo com o gênero com que se identificam."" ""A procuradora-geral da República, Raquel Dodge, defendeu junto ao Supremo Tribunal Federal (STF) que travestis e transexuais que se identifiquem com o gênero feminino possam ser transferidas para prisões femininas caso tenham feito essa opção."" ""A entidade quer dar às travestis a opção de escolher entre prisões mas"""	"""Dodge defende que travestis e trans possam ser transferidas para prisões femininas""Associação quer que travestis possam escolher entre prisões masculinas ou femininas, de acordo com o gênero com que se identificam. Ação está no STF, mas não há data para julgamento. A procuradora-geral da República, Raquel Dodge, defendeu junto ao Supremo Tribunal Federal (STF) que travestis e transexuais que se identifiquem com o gênero feminino possam ser transferidas para prisões femininas caso tenham feito essa opção.O parecer foi encaminhado na quinta-feira (21) em uma ação que discute na Corte se travestis podem ficar presas junto de mulheres. O relator é o ministro Luís Roberto Barroso.O pedido foi apresentado pela Associação Brasileira de Lésbicas, Gays, Bissexuais, Travestis e Transexuais em junho do ano passado e questiona norma do governo que prevê a separação das travestis em local específico dentro de prisões masculinas.A entidade quer dar às travestis a opção de escolher entre prisões masculinas ou femininas, alegando risco à integridade física e à dignidade dessas pessoas.Para Dodge, a manutenção em presídios masculinos contraria direitos fundamentais previstos na Constituição Federal e resolução conjunta da Presidência da República e do Conselho de Combate à Discriminação, de abril de 2014.A resolução do Conselho Nacional de Política Criminal e Penitenciária já prevê esse direito, mas a associação diz que vários juízes têm negado pedidos de transexuais para serem transferidas.Segundo Dodge, é ""patente o quadro de violação inconstitucional de direitos humanos das mulheres transexuais e de travestis mantidas em estabelecimentos prisionais incompatíveis com sua identidade de gênero"".Em agosto, a Advocacia Geral da União (AGU), responsável pela defesa dos órgãos públicos federais, foi contrária ao pedido, argumentando que já é oferecido um espaço próprio e separado dos homens nas prisões.""Aos travestis recolhidos em unidades prisionais masculinas serão ofertados espaços de vivência específicos, se assim o desejarem. A disposição hostilizada, portanto, considera a segurança e a especial vulnerabilidade dessas pessoas, inibindo, até mesmo, que sofram eventuais discriminações decorrentes da sua forma de vestimenta ou do seu comportamento"", diz o parecer da AGU.Não há previsão para julgamento no plenário do STF. A associação pediu uma decisão liminar (individual e provisória) do ministro, mas ele pediu informações aos órgãos antes de tomar alguma providência. "	-1
128	"""Deputado Coronel Tadeu diz que apresentará emenda para incluir militares na PEC da Previdência"", o deputado federal Coronel Tadeu (PSL-SP), eleito pelo partido do presidente Jair Bolsonaro, afirmou ao blog que pretende propor uma emenda à PEC da reforma da Previdência para que os militares já sejam contemplados na mesma proposta. ""Eu vou preparar uma emenda na PEC, justamente colocando os militares dentro. Junta tudo. Posso até de repente pensar o projeto dentro da PEC, fazendo suas devidas adaptações para andar tudo junto. É mais rápido"", afirmou o parlamentar. O deputado declarou que não concorda com a separação das reformas e enfatizou que o melhor quadro para tramitação se"	"""Deputado Coronel Tadeu diz que apresentará emenda para incluir militares na PEC da Previdência"" O deputado federal Coronel Tadeu (PSL-SP), eleito pelo partido do presidente Jair Bolsonaro, afirmou ao blog que pretende propor uma emenda à PEC da reforma da Previdência para que os militares já sejam contemplados na mesma proposta.Na semana passada, o governo federal encaminhou ao Congresso a proposta de reforma da Previdência que abrange os trabalhadores do setor privado, que estão no Instituto Nacional do Seguro Social (INSS), e os servidores públicos. A previdência dos militares será discutida em projeto de lei a ser enviado pelo governo.""Eu vou preparar uma emenda na PEC, justamente colocando os militares dentro. Junta tudo. Posso até de repente apensar o projeto dentro da PEC, fazendo suas devidas adaptações para andar tudo junto. É mais rápido"", afirmou o parlamentar.O deputado declarou que não concorda com a separação das reformas e enfatizou que o melhor quadro para tramitação seria com as duas propostas juntas.Segundo o parlamentar, a separação causou desconforto em policiais militares que cumprem mandato na Câmara. ""O discurso é quase que único entre nós [militares parlamentares] que incomodou a forma como fomos tratados. Nós não gostamos dessa separação. Poderia, sem nenhum problema, ter vindo tudo junto. Qual seria o problema? Nenhum"", questiona o deputado.Além da questão da separação, o deputado também enfatiza que a reforma dos militares deveria ser elaborada em forma de Proposta de Emenda à Constituição (PEC) e não como Projeto de Lei, como o governo pretende.""Pelo campo jurídico, é muito mais seguro para nós estarmos pendurados numa PEC do que em um projeto de lei. Futuramente, se troca o governo e ele resolve mudar a previdência dos militares, haverá um caminho mais fácil sendo uma lei do que uma emenda à Constituição"", afirma o coronel Tadeu.A equipe econômica do governo busca tirar o máximo possível da reforma da Constituição. Internamente, os integrantes do governo acreditam que não faz sentido colocar as regras de aposentadoria dos militares na Constituição porque elas sempre estiveram fora.O secretário de Previdência e Trabalho do Ministério da Economia, Rogério Marinho, explica que as regras sobre os militares constam de leis ordinárias e não na Constituição e, por isso, não podem ser modificadas por meio de uma PEC.""Eles [militares] não poderiam entrar na PEC. Essa é uma condição, inclusive, da própria legislação do país. Nós vamos mandar no mesmo momento, apenas em tempos distintos, inclusive chegará aqui antes da votação do primeiro turno da PEC"", disse o secretário quando a proposta do governo foi entregue ao Congresso, na semana passada.Nesta terça-feira (26), Rogério Marinho afirmou que o governo federal irá encaminhar ao Congresso, até 20 de março, o projeto que reestrutura a aposentadoria dos militares.Na noite desta terça-feira, Bolsonaro se reuniu com deputados aliados no Palácio do Alvorada para discutir, entre outros assuntos, a reforma da Previdência. Segundo o secretário especial de Previdência e Trabalho, Rogério Marinho, o governo deve encaminhar o projeto de aposentadoria dos militares até o dia 20 de março para a Câmara.O deputado Coronel Tadeu voltou a defender a bandeira de que os policiais militares tem direitos e deveres diferentes dos trabalhadores que cumprem a CLT e, por isso, merecem uma compensação no momento da aposentadoria.""O estresse nosso é incomparável com qualquer outra profissão. Temos uma situação excepcional. Nada mais é do que uma compensação, o fato de você aposentar antes, com a integralidade do salário, daquilo que o trabalhador comum tem: garantia, hora extra, adicional de periculosidade, de insalubridade"", enfatizou o coronel. "	-1
129	Três etnias indígenas brasileiras _ Patamona, Macuxi e Taurepang _ vivem e cruzam constantemente pela fronteira entre o Brasil e a Venezuela, palco da crise entre os dois países sul-americanos, informou ao blog a Fundação Nacional do Índio (Funai). Três etnias indígenas brasileiras _ Patamona, Macuxi e Taurepang _ vivem e cruzam constantemente pela fronteira entre o Brasil e a Venezuela, palco da crise entre os dois países sul-americanos, informou ao blog a Fundação Nacional do Índio (Funai). Três etnias indígenas brasileiras _ Patamona, Macuxi e Taurepang _ vivem e cruzam constantemente pela fronteira entre o Brasil e a Venezuela, palco da crise entre os dois países sul-americanos, informou ao blog a Fundação Nacional do Índio (Funai).	"""Três etnias indígenas brasileiras vivem na região da fronteira entre o Brasil e a Venezuela"" Três etnias indígenas brasileiras _ Patamona, Macuxi e Taurepang _ vivem e cruzam constantemente pela fronteira entre o Brasil e a Venezuela, palco da crise entre os dois países sul-americanos, informou ao blog a Fundação Nacional do Índio (Funai). Por ordem do presidente Nicolás Maduro, a fronteira da Venezuela com o Brasil foi fechada nesta quinta-feira (21).Nesta sexta-feira (22), indígenas venezuelanos ficaram feridos durante um conflito com militares do regime chavista em Kumarakapay, na Venezuela. O local do incidente fica a cerca de 70 km de Santa Elena de Uairén, na fronteira com o Brasil, e é também distante da área de divisa onde os índios brasileiros transitam.Segundo a coordenadora regional da Funai em Roraima, Elayne Maciel, até o momento os índios brasileiros não têm narrado a presença da guarda ao longo de toda a divisa dos dois países _ uma área descampada _, mas somente na rodovia. ""As rotas paralelas continuam abertas para índios e não índios"", afirmou ao blog.""Para o indígena, essa questão da fronteira é muito diferente. Eles não têm a mesma concepção que nós temos de fronteira. São primos, tios e irmãos que conheceram algum indígena do lado da Venezuela, casaram, e foram morar do lado de lá, mas com a crise voltaram para o lado de cá"", explica a coordenadora da Funai em Roraima.De acordo com relato da Elayne Maciel, os índios têm encontrado dificuldade do lado venezuelano porque o governo daquele país parou de comprar parte da produção de agricultura produzida, o que acontecia no período anterior ao agravamento da crise econômica venezuelana.Coincidentemente, a Funai realiza nesta semana, junto com a Justiça Itinerante, uma espécie de censo para a retirada de documentação _ como identidade e CPF _ de índios que ficam na região de fronteira. A medida já estava prevista pela Justiça antes do fechamento da fronteira. A Funai atua como parceira na ação comunitária. "	-1
130	"Menor volume de multas do Ibama em 24 anos; Em 4 estados, 100 mil funcionários podem se aposentar. O órgão aplicou a menor quantidade de punições para o período desde 1995. O matutino lembra que o presidente Jair Bolsonaro já mencionou a existência de uma ""indústria da multa"" no Ibama em diversas oportunidades. O número de autuações no primeiro bimestre de 2019 foi menor que o do mesmo período de 2018 e de 2017, quando o órgão emitiu 1.580 e 1.630 multas, respectivamente. Exceto pelo caso da tragédia em Brumadinho, em que cinco multas somaram o valor de R$ 250 milhões."	"""Menor volume de multas do Ibama em 24 anos; Em 4 estados, 100 mil funcionários podem se aposentar. Jornais de segunda (4) ""Veja quais são as notícias de destaque nos matutinos brasileiros  A Folha de S.Paulo faz uma análise da aplicação de multas pelo Ibama no primeiro bimestre do ano e afirma que o órgão aplicou a menor quantidade de punições para o período desde 1995. O matutino lembra que o presidente Jair Bolsonaro já mencionou a existência de uma ""indústria da multa"" no Ibama em diversas oportunidades e enfatiza que o ministro Ricardo Salles (Meio Ambiente) concorda.No primeiro bimestre de 2019 foram aplicadas 1.139 autuações, número menor que o do mesmo período de 2018 e de 2017, quando o órgão emitiu 1.580 e 1.630 multas, respectivamente. Em relação a valores, a Folha diz que os números também foram inferiores neste ano.Exceto pelo caso da tragédia em Brumadinho, em que cinco multas somaram o valor de R$ 250 milhões, o valor total das autuações nos meses de janeiro e fevereiro de 2019 foi de R$ 200,4 milhões, o menor desde 2014. ""Multas do Ibama são as menores em 24 anos"", sublinha a manchete da Folha.O Estado de S.Paulo destaca a reforma da Previdência em sua primeira página e chama atenção para o número de servidores aptos a se aposentar em quatro grandes estados brasileiros. De acordo com o matutino, apesar de a proposta da reforma não mexer nos servidores que já cumpriram os requisitos para se aposentar, os governadores temem um ""boom"" de pedidos de aposentadoria antes de aprovação da proposta pelo Congresso.Segundo o Estadão, Rio de Janeiro, São Paulo, Minas Gerais e Rio Grande do Sul têm, juntos, cerca de 100 mil servidores em condição de se aposentar. O Estado de São Paulo tem a situação mais dramática e possui 60 mil servidores com o direito de se aposentar por idade ou por tempo de serviço. Metade deles recebe abono de permanência e estão na ativa.Além disso, o governo já lida com o problema do rombo da previdência nos cofres públicos. No caso da Polícia Militar de São Paulo, por exemplo, o número de policiais aposentados é maior do que o número de policiais na ativa. ""Maiores Estados têm 100 mil servidores aptos a se aposentar"", aponta o título principal do Estadão.Em sua manchete, O Globo mostra um resumo dos desfiles na Sapucaí neste domingo (3) e dá destaque ao enredo da escola de samba Viradouro, que criou um mundo de imaginação na avenida e falou sobre contos de fadas com bruxas e um motoqueiro fantasma em chamas cruzando a Sapucaí. O matutino carioca lembra que o desfile marcou a volta de Paulo Barros à Viradouro depois de 11 anos.O carnavalesco criou uma história contada pela avó para seu neto com mistérios, fantasias e maldições. O Globo afirma que a Beija-Flor e o Salgueiro também se destacaram nos desfiles de ontem e lembra que o evento teve atraso de meia hora por causa das fortes chuvas no Rio de Janeiro. ""A magia no céu da Sapucaí"", diz a manchete do Globo. "	-1
131	Progressivamente nós vamos retirar a Força Nacional do estado do Ceará, em torno de um mês, dois meses, ai a gente vai sentindo a medida que o tempo vai passa. 	"""Força Nacional será retirada progressivamente do Ceará, diz secretário de segurança""\nTropas atuam há 31 dias na crise de segurança do estado. Desde o início do ano, ocorreram 261 ataques contra ônibus, prédios públicos e comércios em 50 dos 184 municípios cearenses. O secretário nacional de Segurança Pública, Guilherme Theophilo, afirmou nesta terça-feira (5) que as tropas da Força Nacional serão retiradas ""progressivamente"" a partir desta semana do Ceará.A atuação da Força Nacional no estado completou 31 dias nesta terça. Atualmente, 420 policiais e 93 viaturas estão no estado em força tarefa para combater a onda de violência que se estende desde o início do ano.O secretário não detalhou datas nem a quantidade de policiais que deixarão o estado nos próximos dias, mas afirmou que o cronograma deve durar entre ""um e dois meses"".""Progressivamente nós vamos retirar a Força Nacional do estado do Ceará, em torno de um mês, dois meses, ai a gente vai sentindo a medida que o tempo vai passando se os ataques podem retornar ou não"", explicou Theophilo.De acordo com o secretário, o declínio dos ataques começou após a transferência de presos para presídios federais. Ao longo desses 31 dias de atuação da Força Nacional, 35 presos foram transferidos do Ceará para unidades prisionais de outros estados.""Nós retiramos 20 lideranças do Guardiões do Estado (GDE) e Comando Vermelho, colocamos no presídio federal de segurança máxima em Mossoró, e com isso deu uma acalmada, começou realmente o declínio dos ataques"", explicou.Desde o dia 2 de janeiro, quando começaram as ações criminosas, ocorreram 261 ataques contra ônibus, carros, prédios públicos, prefeituras e comércios em 50 dos 184 municípios cearenses.As ações começaram em Fortaleza e se espalharam para a Região Metropolitana e diversas cidades do interior. A Secretaria da Segurança Pública do Ceará confirmou que 461 pessoas já foram detidas por envolvimento nas ações criminosas.Foram 26 dias seguidos de ataques criminosos no estado. Após a série seguida de violência, o Ceará não registrou nenhuma ação criminosas na segunda-feira (28), de acordo com o Governo do Estado. No entanto, bandidos voltaram a incendiar veículos no dia 29 de janeiro.Depois disso, o Ceará ficou cinco dias sem ataques criminosos, mas após a trégua, um caminhão com trigo foi incendiado em Fortaleza, na madrugada de segunda-feira (4). "	-1
132	"""Não quero começar a culpar os outros pelo que está acontecendo, mas algo está sendo feito errado, diz Bolsonaro sobre Brumadinho."" Uma barragem da mineradora Vale rompeu e mar de lama invadiu região. Presidente deve ir a Brumadinho neste sábado e concedeu entrevista a uma rádio local para comentar tragédia. ""Se bem que a questão da Vale do Rio Doce não tem nada a ver com o governo federal."""	"""Não quero começar a culpar os outros pelo que está acontecendo, mas algo está sendo feito errado, diz Bolsonaro sobre Brumadinho""Barragem de mineradora rompeu nesta sexta (25) e mar de lama invadiu região. Presidente deve ir a Brumadinho neste sábado e concedeu entrevista a uma rádio local para comentar tragédia. O presidente Jair Bolsonaro concedeu uma entrevista a uma rádio de Brumadinho (MG) nesta sexta-feira (25) na qual não apontou responsáveis pelo rompimento de uma barragem na cidade. Mas declarou: ""Algo está sendo feito errado ao longo dos tempos"".Mais cedo, nesta sexta, uma barragem da mineradora Vale rompeu e levou um mar de lama à região. Moradores estão deixando as casas e, segundo o Corpo de Bombeiros, há pelo menos 200 pessoas desaparecidas.Na entrevista à rádio de Brumadinho, Bolsonaro disse ainda que a ""questão"" da Vale, responsável pela barragem, ""não tem nada a ver"" com o governo federal.""Se bem que a questão da Vale do Rio Doce não tem nada a ver com o governo federal. Apenas cabe a nós a fiscalização. A nós, cabe aí a fiscalização por parte do Ibama, que é um órgão vinculado ao Ministério do Meio Ambiente, e buscar meios para se antecipar a problemas, mas esses meios partem primeiramente da empresa, que executa a obra"", acrescentou.&gt;&gt; Saiba mais abaixo o que Ibama e Vale disseram sobre o episódioDiante da tragédia desta sexta-feira, o governo federal criou um gabinete de crise para monitorar as ações na região e definir o que pode ser feito. Segundo o porta-voz do Palácio do Planalto, Otávio Rêgo Barros, Bolsonaro deve ir a Brumadinho neste sábado (26).Na entrevista, o presidente lamentou ""profundamente"" a tragédia e relatou que há ""possibilidade"" de a situação ser mais grave do que o imaginado. Segundo o presidente, o ""acidente"" poderia ter sido evitado, porém ele não citou como isso seria feito.Bolsonaro também lembrou na entrevista da tragédia de Mariana, que deixou 19 mortos em 2015, no episódio considerado como o maior desastre ambiental do Brasil até hoje.O rompimento da barragem de Fundão, da mineradora Samarco, causou uma enxurrada de lama que inundou várias casas no distrito de Bento Rodrigues, em Minas Gerais.A barragem de Fundão abrigava cerca de 56,6 milhões de m³de lama de rejeito. Desse total, 43,7 milhões de m³ vazaram. Os rejeitos atingiram os afluentes e o próprio Rio Doce, destruíram distritos e deixaram milhares de moradores da região sem água e sem trabalho.Bolsonaro ressaltou que o episódio que completou três anos em novembro deveria ter servido de ""alerta"" para que situações semelhantes não ocorressem novamente.""Acionamos o gabinete nosso, que chamamos de crise aqui em Brasília, e ficaremos antenados 24 horas por dia para prestar informações à população e para colher informações"", disse.Segundo o presidente, a intenção é ""minimizar"" o impacto da tragédia em Brumadinho.""De modo que nós possamos minimizar mais essa tragédia depois da de Mariana, que a gente esperava que não tivesse uma outra, né, até por uma questão de servir de alerta aquela"", completou.Mais tarde, o vice-presidente, Hamilton Mourão, afirmou que a Vale é uma empresa privada e que, por isso, o governo não pode ser culpado pelo acidente.""Essa conta não pode vir pra gente. Não pode vir para o nosso governo. Porque nós assumimos faz 30 dias. É uma empresa privada, a Vale é uma empresa privada. Tem que apurar o que houve. Era considerada a barragem de menor grau de risco"", disse Mourão, em Brasília.Respoonsável pela barragem que rompeu em Brumadinho, a mineradora Vale divulgou a seguinte nota:A Vale informa que, no início desta tarde, ocorreu o rompimento da Barragem 1 da Mina Feijão, em Brumadinho (MG). A companhia lamenta profundamente o acidente e está empenhando todos os esforços no socorro e apoio aos atingidos.Havia empregados na área administrativa, que foi atingida pelos rejeitos, indicando a possibilidade, ainda não confirmada, de vítimas. Parte da comunidade da Vila Ferteco também foi atingida.O resgate e os atendimentos aos feridos estão sendo realizados no local pelo Corpo de Bombeiros e pela Defesa Civil. Ainda não há confirmação sobre a causa do acidente.A prioridade máxima da empresa, neste momento, é apoiar nos resgates para ajudar a preservar e proteger a vida de empregados, próprios e terceiros, e das comunidades locais.A Vale continuará fornecendo informações assim que confirmadas.Em nota, o Ibama _ instituto federal responsável pela fiscalização ambiental em âmbito nacional _ afirmou que, em situações de emergência, a competência de acompanhamento é do órgão licenciador, que, neste caso, é do estado de Minas Gerais.Ainda de acordo com o comunicado, o Ibama só assumiria a competência pela tragédia de Brumadinho se o resíduos ultrapassarem os limites territoriais de Minas Gerais ou se os desdobramentos do incidente acabarem atingindo ""significativamente"" um bem da União.""De qualquer maneira, o Ibama continuará acompanhando o evento e prestando o apoio necessário aos órgãos públicos, por força de seus acordos junto ao P2R2 (Plano Nacional de Prevenção, Preparação e Resposta Rápida a Emergências Ambientais com Produtos Químicos Perigosos_ Decreto 5.098/04). O órgão fiscalizador da segurança das barragens de mineração é a Agência Nacional de Mineração (ANM), segundo a Política Nacional de Segurança de Barragens (Lei n. 12.334/2010).""Também por meio de nota, a Agência Nacional de Águas (ANA) afirmou que está monitorando a onda de rejeito e coordenando ações para manutenção do abastecimento de água para as cidades que captam água ao longo do rio Paraopeba.No comunicado, a ANA ressalta que a barragem da Usina Hidrelétrica Retiro Baixo está a 220 km do local do rompimento e possibilitará amortecimento da onda de rejeito. Segundo a agência, a estimativa é de que a onda de rejeito atingirá a usina em cerca de dois dias. "	-1
133	"""Conselheiro do CNJ proíbe TJ-SP de executar contrato de R$ 1,32 bilhão com a Microsoft."" ""A decisão é liminar (provisória) e terá que ser referençada pelo plenário do conselho, mas ainda não há data para isso."" ""A proibição vale até que o conselho se manifeste."" "	"""Conselheiro do CNJ proíbe TJ-SP de executar contrato de R$ 1,32 bilhão com a Microsoft""Decisão terá de ser referendada pelo plenário do CNJ.  Presidente do TJ diz que contratação foi pautada pela total e irrestrita observância aos princípios da moralidade. O conselheiro Márcio Schiefler Fontes, do Conselho Nacional de Justiça (CNJ), proibiu nesta quinta-feira (21) o Tribunal de Justiça de São Paulo de fechar contrato ou executar contrato já firmado com a Microsoft.Em um dos contratos já firmados, o valor estimado é de R$ 1,32 bilhão para o desenvolvimento de uma plataforma digital de processos.A decisão é liminar (provisória) e terá que ser referendada pelo plenário do conselho, mas ainda não há data para isso. A proibição vale até que o conselho se manifeste.O presidente do Tribunal de Justiça de São Paulo, Manoel De Queiroz Pereira Calças, disse que a contratação foi pautada ""pela total e irrestrita observância aos princípios da moralidade, economicidade, legalidade, ética e respeito ao erário e que teve o objetivo de melhorar o serviço da justiça à população"".Schiefler determinou ainda que o tribunal paulista preste informações sobre o contrato em até dez dias.Na decisão de três páginas, ele afirmou que a notícia sobre o contrato foi divulgada no site do próprio tribunal e que o TJ apontou que se tratava da ""criação de uma estratégia de longo prazo para a completa transformação digital das atividades do Tribunal e inclui o desenvolvimento de novo sistema de tramitação processual"".Segundo o conselheiro, resolução do CNJ que instituiu o processo eletrônico definiu que os tribunais somente adotarão providências aprovadas pelo conselho.Ele também frisou que a contratação foi feita sem licitação e que uma empresa estrangeira passará a ter acesso a dados judiciais do Brasil, o que colocaria em risco a segurança nacional.""Empresa estrangeira, em solo estrangeiro, manterá guarda e acesso a dados judiciais do Brasil, onde a intensa judicialização reúne, nos bancos de dados dos tribunais, uma infinidade de informações sobre a vida, a economia e a sociedade brasileira, o que, ressalvadas as cautelas certamente previstas, pode vir a colocar em risco a segurança e os interesses nacionais do Brasil, num momento em que há graves disputas internacionais justamente acerca dessa matéria"", afirmou Schiefler. "	-1
134	"""Onyx diz que não há condição de o governo intervir para mudar diretoria da Vale""Onyx Lorenzoni disse que ""não há condição de haver qualquer grau de intervenção"" do governo, até porque essa não seria uma sinalização desej"	"""Onyx diz que não há condição de o governo intervir para mudar diretoria da Vale""Ministro da Casa Civil foi questionado se o governo, um dos acionistas da Vale, agiria para trocar a diretoria após tragédia de Brumadinho. Para ele, gesto seria má sinalização para o mercado.     O ministro da Casa Civil, Onyx Lorenzoni, disse nesta terça-feira (29) que ""não há condição"" de o governo intervir para mudar a diretoria da mineradora Vale.Após o rompimento da barragem da Vale em Brumadinho (MG), na sexta-feira (25), houve o comentário de que o governo, acionista da empresa, pudesse agir para mudar a diretoria. Onyx foi questionado sobre o tema em entrevista coletiva no Palácio do Planalto.""Essa é uma decisão do conselho de administração, e é evidente que nas empresas privadas, em que o governo é apenas um acionista, o papel do acionista é confiar no seu conselho de administração. Não há condição de haver qualquer grau de intervenção [do governo], até porque essa não seria uma sinalização desejável ao mercado"", afirmou o ministro.Ele foi questionado ainda se o governo apoia a atual diretoria ou se vai convocar uma reunião para tratar do assunto. Onyx respondeu que o governo vai esperar as investigações sobre a responsabilidade do rompimento da barragem em Brumadinho.""Temos que aguardar o andamento das investigações. Não cabe ao governo federal apoiar qualquer empresa ou diretoria que não seja da sua administração, como a Petrobras"", completou Onyx.Para o ministro, o governo deve ter a humildade de saber que não pode interferir em tudo.""Governo tem que ter humildade para saber que não pode tudo e prudência, especialmente em um setor econômico que é muito relevante para o nosso país. Tem que haver algo muito importante, que é equilíbrio"", disse Onyx.Além de Onyx, participaram da entrevista coletiva os ministros Ricardo Salles (Meio Ambiente), Bento Albuquerque (Minas e Energia) e Gustavo Canuto (Desenvolvimento Regional). Eles atenderam a imprensa depois de uma reunião no Palácio do Planalto, comandada pelo presidente em exercício, Hamilton Mourão, sobre segurança de barragens.Canuto informou que o país tem cerca de 20 mil barragens cadastradas em órgãos do governo, com diversas finalidades (barragens de mineração, de hidroelétricas, de uso industrial). Dessas, de acordo com o ministro, 3.386 são classificadas com dano potencial associado alto ou risco alto, por isso são prioridade em um trabalho de fiscalização que o governo pretende implementar.O ministro não deu um prazo para quando a fiscalização vai ser concluída.O ministro de Minas e Energia disse que recebeu do governador de Minas Gerais, Romeu Zema, a informação de que a Vale se comprometeu a desativar as barragens construídas pelo método ""alteamento a montante"", como a que rompeu em Brumadinho.Nesse tipo de construção, a barragem cresce por meio de degraus feitos com o próprio rejeito sobre o dique inicial.O método é considerado por especialistas uma opção menos segura e mais propensa a riscos de acidentes, embora seja bastante comum.Segundo Bento Albuquerque, das pouco mais de 200 barragens de resíduos espalhadas pelo país, 70 são deste tipo.""A Vale informou que vai desativar, segundo o governador de Minas Gerais, as suas barragens a montante e a aquilo que não for possível desativar serão feitas barragens de contenção a fim de evitar acidentes como o ocorrido na última sexta feira"", afirmou Bento Lima "	-1
135	Após desistência de Renan e duas votações, Davi Alcolumbre é eleito presidente do Senado em 1º turno. O senador do Amapá recebeu 42 votos, um a mais que o mínimo necessário para vencer no 1º turno. Com o resultado, DEM passa a deter o comando de Senado e Câmara. Dos 81 senadores, votaram 77.	"""Após desistência de Renan e duas votações, Davi Alcolumbre é eleito presidente do Senado em 1º turno""Senador do Amapá recebeu 42 votos, um a mais que o mínimo necessário para vencer no 1º turno. Com o resultado, DEM passa a deter o comando de Senado e Câmara. O senador Davi Alcolumbre (DEM-AP), 41 anos, se elegeu presidente do Senado neste sábado (2) ao obter 42 votos, um a mais que os 41 necessários para um candidato ganhar no primeiro turno. Dos 81 senadores, votaram 77.É a segunda vez que o MDB perde uma eleição para a presidência do Senado desde o fim da ditadura. Renan Calheiros (MDB-AL) buscava se tornar presidente da Casa pela quinta vez. Mas abandonou a candidatura durante a eleição por entender o processo ""deslegitimado"".Com a vitória de Alcolumbre _ um aliado do ministro Onyx Lorenzoni (Casa Civil), de quem recebeu apoio nos bastidores _, o DEM passa a comandar o Senado Federal e a Câmara dos Deputados _ nesta sexta-feira (1º), Rodrigo Maia (DEM-RJ) foi reeleito presidente da Câmara, também em primeiro turno.O resultado da eleição no Senado foi o seguinte:A vitória de Davi Alcolumbre foi precedida de:Logo após o anúncio da vitória, Davi Alcolumbre assumiu a cadeira de presidente. Ele cumprimentou todos os concorrentes, inclusive Renan Calheiros. Disse que dará ao rival o mesmo tratamento conferido aos demais colegas.""Quero dizer ao senador Renan Calheiros que terá dessa presidência o mesmo tratamento que todos os partidos devem ter"", afirmou.O novo presidente do Senado destacou a importância de ""reunificar"" a Casa e afirmou que não conduzirá os trabalhos com ""revanchismo"". Segundo ele, a condição de adversários é ""passageira"", enquanto as instituições são permanentes.""Deixo claro também que não conduzirei um Senado de revanchismo. Os meus adversários terão, todos eles, de minha parte, pujante disposição para o diálogo e cooperação"", declarou.Alcolumbre declarou que, a depender da condução dele, a sessão na qual se elegeu presidente terá sido a ""derradeira sessão do segredismo, do conforto enganoso do voto secreto"".O parlamentar afirmou que na Casa não haverá senadores de alto ou de baixo clero. ""Todos serão tratados com a mais absoluta deferência e respeito"", declarou.Alcolumbre pediu ""desculpas pelos ultrajes que apequenaram o Senado"" e disse que terá ""grande espírito público"" na função de presidente.""Espero deixar esta Casa com o país retomando os trilhos, enfrentando as reformas complexas com a urgência que nosso país reclama"", declarou.Em entrevista à GloboNews (veja no vídeo acima), Alcolumbre disse que a agenda econômica será prioridade no Senado e defendeu a reforma da Previdência.Indagado sobre a suspeita de fraude na eleição à presidência do Senado, afirmou que vai determinar a apuração sobre o que aconteceu.Ele atribuiu a vitória à renovação política resultante das eleições de outubro. ""A mudança que vem das urnas aconteceu hoje no plenário do Senado Federal"", disse.Perguntado sobre o compromisso com medidas de combate à corrupção, o novo presidente do Senado disse que a Mesa Diretora e os líderes vão definir a pauta. ""Não será uma decisão exclusiva do presidente"", afirmou.E acrescentou: ""Eu tenho que tratar todos os projetos que forem encaminhados para o Senado com a celeridade e a urgência que eles merecem. Como eu me propus a ser um presidente que vai dividir o poder, eu quero dar essa resposta para você a partir do momento em que os partidos indicarem todos os líderes, e os líderes definirem a pauta"".A sessão que elegeu Alcolumbre se iniciou na tarde de sexta-feira, mas foi suspensa à noite após um tumulto motivado pelo debate sobre voto aberto ou fechado e pela contestação à presença de Alcolumbre _ que era um dos candidatos _ na condução dos trabalhos (veja no vídeo abaixo). Ele assumiu a presidência porque, embora suplente, foi o único dos integrantes da Mesa Diretora da legislatura anterior que se reelegeu.Enquanto presidiu a sessão, Alcolumbre colocou em votação uma questão de ordem sobre voto aberto para a eleição, aprovada por 50 votos a 2 e uma abstenção _ 28 senadores não votaram.Aliados do senador Renan Calheiros (MDB-AL) _ também candidato _ se insurgiram contra a decisão, sob o argumento de que a votação violava o regimento do Senado, que prevê voto secreto.Por proposta do senador Cid Gomes (PDT-CE), aprovada por votação simbólica, a sessão foi suspensa pouco depois das 22h e remarcada para a manhã deste sábado. Alcolumbre concordou em deixar a presidência da sessão desde que o resultado da votação sobre o voto aberto fosse respeitado.Mas, na madrugada, os partidos Solidariedade e MDB ingressaram com uma ação no Supremo Tribunal Federal (STF) para anular a votação conduzida por Alcolumbre e impedir que candidatos a presidente do Senado comandassem a sessão.Às 3h45, o ministro Dias Toffoli, presidente do tribunal, declarou nulo o processo de votação da noite de sexta-feira, determinou votação secreta e mandou comunicar a decisão ao senador José Maranhão (MDB-PB), que, conforme ""anunciado publicamente"", iria comandar a sessão por ser o mais idoso. A decisão foi tomada por Toffoli porque o tipo de ação apresentada é de competência do presidente do Supremo.""Estou convencido da nulidade do resultado da questão de ordem, que operou verdadeira metamorfose casuística à norma do art. 60 do RISF [Regimento Interno do Senado Federal], pois, ainda que tenha ocorrido por maioria, a superação da norma em questão, por acordo, demanda deliberação nominal da unanimidade do Plenário, o que não ocorreu naquela reunião meramente preparatória"", escreveu o ministro na decisão.Ele também apontou na decisão ""conflito de interesses"" se um candidato conduzir o processo de votação.""A conclusão lógica a que se chega é de que, por imperativo constitucional e regimental, candidato declarado à Presidência do Senado, como na espécie, não pode presidir reunião preparatória, já que interesses particulares não devem se sobrepor às finalidades republicanas das reuniões preparatórias. Há inegavelmente verdadeiro conflito de interesses"", afirmou.Embora a votação tenha sido secreta, muitos senadores favoráveis ao voto aberto criticaram no plenário a decisão do presidente do STF e declararam o voto no microfone ou exibiram a cédula de papel antes de introduzi-la na urna.Antes de se iniciar o processo de votação, nove candidatos discursaram no plenário. Nessa etapa, três senadores _ Alvaro Dias (Pode-PR), Major Olímpio (PSL-SP) e Simone Tebet (MDB-MS), que havia se lançado de forma avulsa _ renunciaram às candidaturas e manifestaram apoio a Alcolumbre.Com isso, mantiveram-se na disputa, além de Renan Calheiros e Alcolumbre, os senadores Fernando Collor (Pros-AL), Reguffe (sem partido-DF), Angelo Coronel (PSD-BA) e Esperidião Amin (PP-SC).Concluída a votação, iniciou-se a etapa de apuração dos votos. Mas identificou-se que a urna continha 82 votos _ os senadores são 81 (veja no vídeo acima). Havia 80 envelopes com uma cédula cada um e duas cédulas sem envelopes. Imagens feitas pela TV Globo revelaram que os votos dessas duas cédulas sem envelopes eram para Renan Calheiros.Decidiu-se, então, anular a primeira votação e se iniciar um segundo processo. Enquanto a votação transcorria pela segunda vez, Renan Calheiros foi ao microfone e anunciou que retirava a candidatura. Isso provocou nova interrupção e outro debate sobre a continuidade ou não daquele segundo processo de votação. A decisão foi por prosseguir. "	-1
136	Governo reconhece indicada por Guaidó como representante da Venezuela no Brasil. O cargo na embaixada da Venezuela em Brasília estava vago desde dezembro de 2017, quando o governo de Nicolás Maduro determinou a expulsão do embaixador brasileiro da Venezuela. O governo brasileiro reconheceu nesta segunda-feira (11) a advogada e professora venezuelana Maria Teresa Belandria com representante diplomática da Venezuela no Brasil. Ela foi indicada para o posto pelo autodeclarado presidente da Venezuela, Juan Guaidó.	"""Governo reconhece indicada por Guaidó como representante da Venezuela no Brasil""Posto estava vago desde dezembro de 2017, quando governo de Nicolás Maduro determinou a expulsão do embaixador brasileiro da Venezuela. O governo brasileiro reconheceu nesta segunda-feira (11) a advogada e professora venezuelana Maria Teresa Belandria com representante diplomática da Venezuela no Brasil. Ela foi indicada para o posto pelo autodeclarado presidente da Venezuela, Juan Guaidó.O país passa por uma crise política, com confrontos entre oposicionistas e apoiadores do governo de Nicolás Maduro. A crise provocou um exôdo _ centenas de milhares de venezuelanos deixaram o país em busca de refúgio em países vizinhos. Mais de 40 países, entre os quais o Brasil, declararam apoio ao oposicionista Guaidó. Quatorze países manifestaram apoio a Maduro, entre os quais Rússia e China.O cargo na embaixada da Venezuela em Brasilia estava vago desde dezembro de 2017, quando o governo de Nicolás Maduro determinou a expulsão do embaixador brasileiro do país.Acompanhada do coordenador de ajuda humanitária, também designado por Guaidó, Lester Toledo, Teresa falou com jornalistas ao final da cerimônia no Palácio do Itamaraty.De acordo com a embaixadora reconhecida, as credenciais não configuram apenas apoio político.""Estamos avançando rapidamente não só para uma relação política plena, como uma relação fundamental para uma ajuda humanitária"", afirmou.Teresa Belandria afirmou que a prioridade a partir de agora será ajudar os venezuelanos da fronteira que, segundo ela, necessitam de medicamentos para câncer, coração, diálises e estão cruzando a fronteira com enfermidades que já haviam sido erradicadas. "	-1
137	"Um dos principais coordenadores da campanha de Bolsonaro, Gustavo Bebianno deixa o governo em meio a uma crise com o filho do presidente. Além disso, há pouco mais de uma semana, o jornal ""Folha de S.Paulo"" informou que o PSL, quando Bebianno presidia o partido, repassou R$ 400 mil a uma candidata a deputada federal de Pernambuco. Além disso, há pouco mais de uma semana, o jornal ""Folha de S.Paulo"" informou que o PSL, quando Bebianno presidia o partido, repassou R$ 400 mil a uma candidata a deputada federal de Pernambuco."	"""Repercussão: saiba o que políticos disseram sobre a demissão do ministro Gustavo Bebianno""Um dos principais coordenadores da campanha de Bolsonaro, Gustavo Bebianno deixa o governo em meio a uma crise com o filho do presidente.  O porta-voz da Presidência da República, Otávio Rêgo Barros, anunciou nesta segunda-feira (18) a demissão do ministro da Secretaria-Geral, Gustavo Bebianno (PSL). O substituto será o general da reserva do Exército Floriano Peixoto Neto.Bebianno deixa o cargo em meio a uma crise política que atinge o governo.Um dos principais coordenadores da campanha de Bolsonaro no ano passado, Bebianno se envolveu em uma crise com o vereador Carlos Bolsonaro (PSC-RJ), filho do presidente.Além disso, há pouco mais de uma semana, o jornal ""Folha de S.Paulo"" informou que o PSL, quando Bebianno presidia o partido, repassou R$ 400 mil a uma candidata a deputada federal de Pernambuco. Segundo o jornal, o repasse foi feito quatro dias antes das eleições, e ela recebeu 274 votos.Bebianno nega irregularidades, afirmando que não foi o responsável por escolher as candidatas que receberam dinheiro do partido. Isso porque, segundo ele, a decisão coube aos diretórios locais.Saiba o que políticos disseram sobre a demissão de Gustavo Bebianno: "	-1
138	Câmara tem clima de campanha na véspera da eleição para presidente. Cabos eleitorais distribuíram material de campanha e fizeram corpo a corpo com parlamentares. Candidatos fizeram discursos em curso de ambientação para novos deputados. A Câmara dos Deputados viveu um clima de campanha nesta quinta-feira (31), véspera da eleição para presidente da Casa.	"""Câmara tem clima de campanha na véspera da eleição para presidente""\nCabos eleitorais distribuíram material de campanha e fizeram corpo a corpo com parlamentares. Candidatos fizeram discursos em curso de ambientação para novos deputados.   A Câmara dos Deputados viveu um clima de campanha nesta quinta-feira (31), véspera da eleição para presidente da Casa.A votação está marcada para 18h de sexta-feira (1º). Também estão em disputa outros dez cargos da Mesa Diretora, responsável pela condução dos trabalhos legislativos e a gestão administrativa da Câmara. São duas vice-presidências, quatros secretarias (sendo quatro vagas titulares e quatro suplentes).Quase todos os candidatos à Presidência participaram na manhã desta quinta, ainda que por alguns minutos, de um curso de ambientação promovido pela Câmara para receber os novos deputados, com palestras sobre as regras da Casa.Em um auditório parcialmente ocupado, os candidatos fizeram discursos defendendo a independência da Câmara e pedindo votos.Em todas as entradas do prédio da Câmara e pelos corredores, profissionais contratados distribuíram adesivos e material de campanha com fotos dos candidatos.Sete nomes devem disputar a Presidência da Câmara, mas esse número pode ser alterado até horas antes da eleição.O atual presidente da Câmara, Rodrigo Maia (DEM-RJ), é candidato à reeleição. Apontado como favorito nos bastidores, ele foi o candidato que conseguiu abarcar o apoio oficial do maior número de partidos: são 15 até o momento.No entanto, como a votação é secreta, não há a garantia de todos os deputados das bancadas seguirão a orientação do partido.Atual primeiro-vice-presidente da Câmara, o deputado Fábio Ramalho (MDB-MG) vai disputar como candidato avulso, uma vez que não tem o apoio do seu próprio partido. O MDB resolveu ficar com Maia.Na mesma situação está o deputado Ricardo Barros (PP-PR), já que o PP declarou o voto em Maia.O deputado João Henrique Caldas (PSB-AL), conhecido como JHC, que inicialmente sairia também como avulso, conseguiu o aval da sua legenda após fracassar uma articulação do PSB com outros partidos da esquerda para apoiar um candidato em comum.Candidato pelo Novo, Marcel Van Hattem (Novo-RS) espera conquistar o voto dos parlamentares de primeiro mandato com um discurso de renovação.Pelo PSOL, o candidato será Marcelo Freixo (PSOL-RJ), que fará seu primeiro mandato como federal.O deputado General Peternelli (PSL-SP) entrou na disputa há poucos dias e não conta com o apoio oficial do PSL, partido do presidente Jair Bolsonaro. Já no início de janeiro, a legenda declarou o voto em Rodrigo Maia.Para os demais cargos da Mesa, as maiores bancadas ou blocos têm direito a ocupar mais cadeiras. Diferentemente da presidência da Câmara, em que pode haver candidatura avulsa de qualquer partido, nos cargos da Mesa só podem concorrer a vaga candidatos que forem da mesma legenda. "	-1
139	Quanto mais profunda e ampla a reforma da Previdência, melhor para o BC, diz Ilan Goldfajn. Quanto mais profunda e ampla a reforma da Previdência, melhor para o BC, diz Ilan Goldfajn. Quanto mais profunda e ampla a reforma da Previdência, melhor para o BC, diz Ilan Goldfajn. 	"""Quanto mais profunda e ampla a reforma da Previdência, melhor para o BC, diz Ilan Goldfajn""Presidente do Banco Central avalia que reforma profunda das regras previdenciárias deve auxiliar a autoridade monetária a manter a inflação sob controle e as taxas de juros baixas. O presidente do Banco Central, Ilan Goldfajn, afirmou nesta quinta-feira (21) em entrevista ao programa GloboNews Miriam Leitão que quanto ""mais profunda e ampla"" for a reforma da Previdência, ""melhor"" para a instituição.Na avaliação de Goldfajn, uma reforma profunda das regras previdenciárias melhora o ambiente econômico, auxiliando a autoridade monetária no controle da inflação, permitindo a manutenção de uma taxa de juros baixa e, consequentemente, incentivando a recuperação da atividade econômica.O presidente do Banco Central elogiou a proposta entregue ao Congresso Nacional nesta quarta (20) pelo presidente Jair Bolsonaro. Para Goldfajn, a proposta de emenda à Constituição (PEC) ""é ampla e trabalha as injustiças"".Entre outros pontos, o governo propôs na PEC a definição de uma idade mínima de aposentadoria diferenciada para homens e mulheres e a unificação das alíquotas de contribuição de trabalhadores da iniciativa privada e servidores públicos que ganham até o teto do Instituto Nacional do Seguro Social (INSS).""Para o Banco Central, quanto mais profunda, quanto mais ampla, quanto mais economia tiver, é melhor em termos de inflação, em termos de manter uma taxa de juros mais baixa e em termos de recuperação da economia. Para o Banco Central, quando a gente olha a reforma, quanto mais profunda e ampla, melhor"", declarou Ilan Goldfajn.O presidente da autoridade monetária ressaltou, entretanto, que a reforma da Previdência proposta pelo governo Jair Bolsonaro é um ""ótimo passo"" para equilibrar a economia brasileira, mas ""não resolve tudo"".Ilan Goldfajn voltou a defender, durante a entrevista, a aprovação no Congresso da proposta que estabelece autonomia para o Banco Central. Um dos pilares do projeto prevê mandato fixo para a diretoria da instituição, não coincidente com o do presidente da República.Na entrevista à GloboNews, o presidente do Banco Central ressaltou que o mandato é importante para garantir a independência da autoridade monetária, como ocorre, por exemplo, nos Estados Unidos.""Essa independência dá uma certa tranquilidade para que você possa fazer outras coisas. Isso ajuda a dar uma tranquilidade"", enfatizou.Indicado para o comando do Banco Central em 2016, pelo então presidente Michel Temer, Ilan Goldfajn é um dos dois ministros do governo anterior que se mantiveram no primeiro escalão na gestão Bolsonaro. O outro ministro remanescente do governo Temer é Wagner Rosário, que está à frente do Ministério da Transparência e da Controladoria-Geral da União.Goldfajn permaneceu no governo temporariamente, somente até o Senado sabatinar e aprovar o nome do indicado de Bolsonaro para a presidência do Banco Central: o economista Roberto Campos Neto.A sabatina de Campos Neto na Comissão de Assuntos Econômicos do Senado está marcada para terça-feira (26). Para assumir o posto, o ex-executivo do Santander precisará passar pela sabatina e por uma votação no plenário do Senado.Questionado pela jornalista Miriam Leitão sobre o que pretende fazer após deixar o comando do Banco Central, Ilan Goldfajn disse que, por ora, só pretende cumprir a quarentena de seis meses ao lado da família. Ele disse que, ao longo deste período de afastamento, irá avaliar o futuro profissional. "	-1
140	"""Bolsonaro vai ao Congresso e entrega proposta de reforma da Previdência""Governo já havia adiantado que texto prevê idade mínima de 65 anos para homens e 62 para mulheres, após transição de 12 anos. Além da proposta de emenda constitucional, que estabelece novos parâmetros para a aposentadoria. O presidente da República, Jair Bolsonaro, chegou por volta de 9h30 desta quarta-feira (20) ao Congresso Nacional e entregou pessoalmente ao presidentes da Câmara, Rodrigo Maia (DEM-RJ), e do Senado, Davi Alcolumbre (DEM-AP), a proposta de emenda constitucional (PEC) da reforma da Previdência."	"""Bolsonaro vai ao Congresso e entrega proposta de reforma da Previdência""Governo já havia adiantado que texto prevê idade mínima de 65 anos para homens e 62 para mulheres, após transição de 12 anos. Proposta muda a Constituição e começa a tramitar pela Câmara. O presidente da República, Jair Bolsonaro, chegou por volta de 9h30 desta quarta-feira (20) ao Congresso Nacional e entregou pessoalmente ao presidentes da Câmara, Rodrigo Maia (DEM-RJ), e do Senado, Davi Alcolumbre (DEM-AP), a proposta de emenda constitucional (PEC) da reforma da Previdência.Bolsonaro entrou no Congresso rodeado por assessores e seguranças. Ele estava acompanhado do ministro da Economia, Paulo Guedes, e do ministro da Casa Civil, Onyx Lorenzoni.A Câmara é onde a medida começará a tramitar. Depois, terá de seguir para o Senado.A proposta entregue por Bolsonaro prevê mudanças nas regras para trabalhadores do setor privado e servidores públicos.Além da proposta de emenda constitucional, que estabelece novos parâmetros para benefícios previdenciários, o governo ainda enviará ao Congresso dois projetos de lei (um que altera o sistema de previdência dos militares e outro para intensificar a cobrança de devedores da Previdência). Também integra o pacote de mudanças na Previdência uma medida provisória de combate a fraudes que já está em tramitação.Depois de ficar cerca de 20 minutos com os presidentes da Câmara e Senado, Bolsonaro deixou o Congresso sem falar com a imprensa.A agenda prevê que, no início da tarde, ele vai receber no Palácio Planalto Maia, Alcolumbre, o ministro da Casa Civil, Onyx Lorenzoni, e o deputado Major Vitor Hugo (PSL-GO), líder do governo na Câmara.Na noite desta quarta, o presidente fará um pronunciamento na TV para defender a reforma.Parlamentares do PSOL fizeram um protesto durante a passagem de Bolsonaro pelo Congresso. Vestidos com aventais laranjas e com laranjas na mão, eles fizeram referência ao ""laranjal"" do PSL, partido do presidente.Denúncias de que o partido teve candidatos ""laranjas"" nas eleições iniciaram a crise que culminou nesta semana na demissão do ex-ministro Gustavo Bebianno.De acordo com o que o governo já havia anunciado na semana passada, a proposta prevê uma idade mínima de aposentadoria de 65 anos para homens e de 62 para mulheres, a ser aplicada após 12 anos de transição.A idade mínima subirá progressivamente durante esse período _ que é mais curto do que os 21 anos propostos pelo governo Temer em 2017. Esse tempo é menor do que o proposto pelo governo Michel Temer, que previa 21 anos.A reforma deverá inclui a criação de novas alíquotas de contribuição dos trabalhadores e a implementação de um regime de capitalização _ pelo qual cada trabalhador financia a própria aposentadoria por depósitos em uma conta individual.Estados e municípios também vão fazer parte da reforma. A expectativa é que a reforma englobe também os servidores públicos e os militares.No ano passado, o rombo previdenciário total (setor privado, servidores públicos e militares) atingiu R$ 290,297 bilhões.Segundo a Secretaria do Tesouro Nacional, o déficit da previdência foi o principal fator para as contas do governo registrarem déficit de R$ 120 bilhões em 2018. Foi o quinto ano seguido de rombo.Dados oficiais mostram que a média de idade da aposentadoria no Brasil está entre as menores do mundo. Por outro lado, informações do Banco Mundial (Bird) e da OCDE revelam que o Brasil é o país com população jovem que mais gasta com Previdência.Os números indicam ainda que o rombo tende a aumentar nos próximos anos com o envelhecimento da população. Dados do IBGE mostram que o Brasil terá 73 milhões de idosos em 2060, ou seja, cerca de 32% da população _ contra os atuais 13%.O ministro da Economia, Paulo Guedes, afirmou recentemente que a intenção inicial da equipe econômica é obter uma economia de R$ 1 trilhão em dez anos com a proposta de reforma da Previdência.De acordo com informações da Secretaria Especial de Previdência do Ministério da Economia, o déficit (despesas maiores que as receitas) do INSS (sistema público que atende aos trabalhadores do setor privado) deve somar R$ 3,1 trilhões nos próximos dez anos.Neste cálculo, porém, não estão incluídos os rombos da previdência dos servidores públicos e dos militares. O governo não divulgou uma previsão para esses déficits em valores correntes (comparação considerada apropriada).A proposta terá de seguir todo o rito normal, iniciando um novo processo de tramitação no Legislativo. Primeiro, terá de passar pela Comissão de Constituição e Justiça (CCJ) da Câmara. Depois, será criada uma nova comissão especial sobre o assunto.Se o texto for aprovado na comissão especial, vai para o plenário da Câmara, onde tem de passar por dois turnos de discussão e votação. Nas duas votações, a PEC precisa ser aprovada por, no mínimo, 308 deputados. Depois, segue para o Senado, onde tem de obter, no mínimo, 49 votos. Se for alterada pelos senadores, volta para a Câmara.De acordo com estimativa do presidente da Câmara, o projeto deverá estar pronto para ser votado no início de junho no plenário da Casa. "	-1
141	"""Questionamentos sobre negócio Boeing-Embraer estão parados no TCU há mais de 6 meses"" Um questionamento feito pelo Ministério da Fazenda ao Tribunal de Contas da União (TCU) sobre irregularidades no acordo entre a Boeing e a Embraer permanece parado há mais de 6 meses na corte.O julgamento aconteceu em sessão do plenário no dia 18 de julho de 2018, mas foi suspenso a pedido do ministro Vital do Rêgo e, até o momento, não foi marcada uma nova data para o julgamento.De acordo com o artigo 119 do regimento interno do TCU, o ministro que suspender o julgamento após pedido de vista deverá inclui-lo em pauta para prossegurar com a votação ""pref eren cialmente até a quarta sessão subsequente"" do tribunal. Procuradores do órgão informaram ao blog que a demora para marcar novamente o julgamento não é inédita, mas também não é normal.Questionada sobre a demora, a Secretaria de Comunicação do TCU informou que ""dado a complexidade do tema, o assunto ainda está sendo estudado pelo ministro Vital do"	"""Questionamentos sobre negócio Boeing-Embraer estão parados no TCU há mais de 6 meses "" Um questionamento feito pelo Ministério da Fazenda ao Tribunal de Contas da União (TCU) sobre irregularidades no acordo entre a Boeing e a Embraer permanece parado há mais de 6 meses na corte.O julgamento aconteceu em sessão do plenário no dia 18 de julho de 2018, mas foi suspenso a pedido do ministro Vital do Rêgo e, até o momento, não foi marcada uma nova data para o julgamento.De acordo com o artigo 119 do regimento interno do TCU, o ministro que suspender o julgamento após pedido de vista deverá inclui-lo em pauta para prosseguir com a votação ""preferencialmente até a quarta sessão subsequente"" do tribunal. Procuradores do órgão informaram ao blog que a demora para marcar novamente o julgamento não é inédita, mas também não é normal.Questionada sobre a demora, a Secretaria de Comunicação do TCU informou que ""dado a complexidade do tema, o assunto ainda está sendo estudado pelo ministro Vital do Rêgo"".Sobre a previsão do regimento interno de inclusão do julgamento na pauta, a Secretaria respondeu que ""o prazo de devolução do processo ao relator [...] é preferencial e não obrigatório"".Como o blog mostrou em julho de 2018, o Ministério Público Federal em São Paulo também pediu que o TCU instaurasse processo de controle externo para analisar a negociação entre a Boeing e a Embraer. Segundo o MPF paulista, a Embraer forneceu informações incompletas durante o procedimento preparatório da negociação.Também questionando a regularidade da transação, o então Ministro da Fazenda Henrique Meirelles enviou consulta ao TCU em 2017 com perguntas sobre o acordo entre as duas empresas. Em parecer apresentado como resposta à consulta do Ministério da Fazenda, o procurador Sérgio Caribé, do Ministério Público junto ao TCU, respondeu a três questionamentos.A primeira questão levantada pelo Ministério da Fazenda foi em relação às ""golden share"", ações de classe especial que dão poder de veto em determinadas decisões, que a União possui na Embraer. O Ministério da Fazenda questiona a possibilidade de suprimir direitos referentes a essas ações sem uma contrapartida financeira.Na resposta à consulta, o procurador Sérgio Caribé afirma que é possível extinguir a ação sem uma contrapartida finance"	-1
142	"""Bolsonaro sanciona lei que proíbe casamento de menores de 16 anos"" ""A nova lei foi aprovada em fevereiro pelo Senado e enviada para sanção presidencial."" ""O presidente Jair Bolsonaro sancionou a lei que impede, em qualquer caso, o casamento de pessoas com idade inferior a 16 anos."" ""O Código Civil permitia, excepcionallmente, nos casos de gravidez, o casamento de quem ainda não havia completaddo 16 anos."""	"""Bolsonaro sanciona lei que proíbe casamento de menores de 16 anos""Código Civil permitia casamento de menores de 16 anos em casos excepcionais, como  gravidez. Nova lei foi aprovada em fevereiro pelo Senado e enviada para sanção presidencial.  O presidente Jair Bolsonaro sancionou a lei que impede, em qualquer caso, o casamento de pessoas com idade inferior a 16 anos.Até hoje, o Código Civil permitia, excepcionalmente, nos casos de gravidez, o casamento de quem ainda não havia completado 16 anos.O Código Civil também previa permissão para o casamento de quem ainda não completou 16 anos, para se evitar imposição ou cumprimento de pena criminal.A lei foi aprovada pelo Senado em fevereiro e enviada para a sanção de Bolsonaro. "	-1
143	"""Toffoli pede à Vale para evitar ações judiciais e buscar acordos com vítimas de Brumadinho."" O presidente do Supremo Tribunal Federal (STF), Dias Toffoli, recomendou ao diretor jurídico da Vale, Alexandre D Ambrosio, evitar a judicialização de pedidos de indenização feitos pelas vítimas do rompimento da barragem em Brumadinho (MG) e orientou a empresa a buscar acordos com as famílias. ""O acordo é o melhor caminho"", disse o ministro, perguntado pelo blog."	"""Toffoli pede à Vale para evitar ações judiciais e buscar acordos com vítimas de Brumadinho"" O presidente do Supremo Tribunal Federal (STF), Dias Toffoli, recomendou ao diretor jurídico da Vale, Alexandre D Ambrosio, evitar a judicialização de pedidos de indenização feitos pelas vítimas do rompimento da barragem em Brumadinho (MG) e orientou a empresa a buscar acordos com as famílias. Toffoli se reuniu com o Ambrosio na semana passada, no STF.""Não interessa a ninguém a imagem ruim da Vale, mas, em primeiro lugar, a empresa precisa resolver a vida dessas pessoas que são vítimas do rompimento da barragem de Brumadinho. O acordo é o melhor caminho"", disse o ministro, perguntado pelo blog.No encontro, Toffoli falou também do observatório que vai monitorar grandes tragédias anunciado por ele e pela procuradora-geral da República, Raque Dodge, no fim de janeiro. O grupo vai monitorar questões econômicas, ambientais e sociais complexas e de grande repercussão.Segundo Toffoli, a medida é pedido de desculpa por vítimas de tragédias. "	-1
144	Depois de ensaiar um envio imediato da Proposta de Ementa à Constituição (PEC) do Pacto Federativo ao Congresso, a equipe do presidente Jair Bolsonaro decidiu deixar a medida para um segundo momento, quando a reforma da Previdência ganhar velocidade. Depois de ensaiar um envio imediato da Proposta de Ementa à Constituição (PEC) do Pacto Federativo ao Congresso, a equipe do presidente Jair Bolsonaro decidiu deixar a medida para um segundo momento, quando a reforma da Previdência ganhar velocidade.	"""Depois de ensaiar envio da PEC do Pacto Federativo, governo decide deixar medida para um segundo momento "" Depois de ensaiar um envio imediato da Proposta de Emenda à Constituição (PEC) do Pacto Federativo ao Congresso, a equipe do presidente Jair Bolsonaro decidiu deixar a medida para um segundo momento, quando a reforma da Previdência ganhar velocidade. Existia uma disposição de acelerar a elaboração do pacto, que ainda não está fechado, para encaminhá-lo no início de abril aos parlamentares.Seria uma forma de atrair com mais força o apoio de governadores e prefeitos para aprovação da mudança nas regras de aposentadoria. Uma ideia era que as duas medidas tramitassem praticamente em conjunto, uma na Câmara e outra no Senado.Mas a avaliação é que, apesar de o pacto federativo contar com o apoio de estados e municípios, começou a gerar muito ruído e poderia prejudicar a prioridade do governo neste momento, que é a reforma da Previdência. As bancadas da saúde e educação, por exemplo, já começavam a manifestar suas resistências à medida.A justificativa oficial é que a proposta ainda nem está elaborada. O que é verdade. Não passou pela aprovação final do ministro Paulo Guedes nem do presidente Bolsonaro. Agora, porém, a medida entra num ritmo mais normal, segundo assessores, o que significa que não irá ao Congresso nos próximos dois meses.A proposta de emenda constitucional que proporá o pacto federativo vai descentralizar, desvincular e desindexar as verbas do Orçamento da União e terá alcance também para estados e municípios. A equipe de Paulo Guedes reforça que a medida segue prioritária dentro da agenda liberal do governo Bolsonaro e que não vai desistir da ideia.Um assessor direto de Paulo Guedes diz que apenas o ritmo volta a ser o inicialmente programado. Primeiro, permitir que a reforma da Previdência ganhe velocidade e garantir que será aprovada com uma economia na casa de R$ 1 trilhão num período de dez anos.Aí, destaca esse auxiliar, a reforma dará potência fiscal para que o Ministério da Economia dê continuidade à sua agenda liberal, que passa pela PEC do Pacto Federativo, a reforma tributária e a implantação do sistema de capitalização para garantir a aposentadoria dos jovens no futuro. "	-1
145	25 ex-parlamentares devem ter processos da Lava Jato enviados pelo STF para instâncias inferiores. Os casos de ao menos 17 ex-deputados e 8 ex-senadores não reeleitos devem sair do STF. Como não foram reeleitos, esses ex-parlamentares não terão mais o chamado foro privilegiado, pelo qual só respondi a processo no STF.	"""25 ex-parlamentares devem ter processos da Lava Jato enviados pelo STF para instâncias inferiores""Casos de ao menos 17 ex-deputados e 8 ex-senadores não reeleitos devem sair do STF. A partir deste mês, cada ministro relator definirá o que fica no tribunal e o que vai para outras instâncias. Reabertos os trabalhos de 2019 na última sexta-feira (1º), o Supremo Tribunal Federal (STF) começa a definir neste mês quais casos serão remetidos para as instâncias inferiores dentre os 25 ex-senadores e ex-deputados investigados na Operação Lava Jato.Como não foram reeleitos, esses ex-parlamentares não terão mais o chamado foro privilegiado, pelo qual só respondiam a processo no STF.Os ministros devem ouvir a Procuradoria Geral da República antes de definir se os casos seguirão para a Justiça estadual (crimes comuns) ou para a federal (crimes previstos na lei federal), se vão para primeira instância ou se eventualmente devem permanecer no STF por terem relação com políticos que mantêm a prerrogativa de foro. As análises serão feita pelo ministro relator de cada caso.Os não reeleitos investigados em procedimentos no STF são oito ex-senadores e 17 ex-deputados. Alguns desses parlamentares têm contra si mais de um inquérito no Supremo. Isso indica que o volume de processos da Lava Jato deve ser reduzido após a posse, na última sexta-feira (1º), dos integrantes da nova legislatura no Congresso.O número de investigações a deixar o STF pode aumentar ainda mais porque no ano passado o tribunal limitou o foro privilegiado para os fatos ocorridos durante o mandato e que tenham relação com o cargo.Há casos de senadores que se elegeram deputados federais, como Aécio Neves (PSDB-MG) e Gleisi Hoffmann (PT-PR). Como se trata de outro cargo, a expectativa é que casos como esses deixem o STF.Há dúvida, porém, se deputados e senadores reeleitos para a nova legislatura também terão processos remetidos para outras instâncias na hipótese de o caso ter relação com o mandato anterior. O STF ainda terá que dar uma posição definitiva sobre o foro no chamado ""mandato continuado"" (reeleição).No Senado, um dos parlamentares investigados que perdeu o foro e terá os processos reanalisados é Romero Jucá, alvo de nove procedimentos. Ele é réu em um caso, está denunciado em duas investigações e é investigado em mais seis inquéritos. Jucá nega envolvimento com corrupção e recebimento de propina.Na Câmara, entre os deputados investigados no STF que não se reelegeram, está Lúcio Vieira Lima, irmão do ex-ministro Geddel Vieira Lima. Uma investigação sobre ele deve seguir para as instâncias inferiores. Mas Lúcio Vieira Lima também é réu em uma ação penal.O ex-deputado nega ter cometido irregularidades. Mesmo perdendo o foro, ele deve ser julgado pelo Supremo na ação na qual é réu, acusado de organização criminosa e lavagem de dinheiro no caso dos R$ 51 milhões apreendidos em um apartamento em Salvador (BA). O irmão Geddel Vieira Lima ainda está preso em razão da mesma acusação.O caso dos R$ 51 milhões ficará no STF porque está em fase final. Quando restringiu o foro privilegiado apenas a casos referentes ao mandato, o Supremo decidiu que ações em estágio avançado seriam julgadas pelo próprio tribunal a fim de evitar que todo o trabalho realizado na coleta de provas e de depoimentos fosse desperdiçado. "	-1
146	OAB pede a ministro para suspender análise sobre abertura de novos cursos de Direito. É preciso abrir a caixa preta do MEC [Ministério da Educação] durante as últimas gestões para entender por que foram autorizados tantos cursos de forma indiscriminada, sem atender a critérios técnicos e de qualidade mínima. O MEC ajudou diversas instituições a aplicarem um golpe nos estudantes brasileiros. Tratase de um verdadeiro estelionato educacional em que o aluno gasta tempo e dinheiro para se formar e, depois, descobre ter feito um curso sem condições de prepará-lo para u	"""OAB pede a ministro para suspender análise sobre abertura de novos cursos de Direito"" O presidente da Ordem dos Advogados do Brasil (OAB), Claudio Lamachia, pediu ao ministro da Educação, Ricardo Vélez Rodríguez, para suspender a análise de todos os pedidos de abertura de cursos de Direito no país.Segundo a OAB, o Brasil não comporta mais cursos na área. Nos últimos anos, a entidade também acusou os chefes da pasta de usarem a aprovação dos novos cursos como moeda de troca política.""É preciso abrir a caixa preta do MEC [Ministério da Educação] durante as últimas gestões para entender por que foram autorizados tantos cursos de forma indiscriminada, sem atender a critérios técnicos e de qualidade mínima"", afirmou Lamachia ao blog.""O MEC ajudou diversas instituições a aplicarem um golpe nos estudantes brasileiros. Trata-se de um verdadeiro estelionato educacional em que o aluno gasta tempo e dinheiro para se formar e, depois, descobre ter feito um curso sem condições de prepará-lo para um mercado que já está saturado"", disse o presidente da OAB.A ofensiva de Lamachia acontece na última semana dele à frente da OAB. O mandato de 3 anos, iniciado em 1º de fevereiro de 2016, termina nesta quinta-feira (31). O novo presidente da instituição deve ser o carioca Felipe Santa Cruz, candidato único ao cargo.Durante o tempo em que presidiu a Ordem, Claudio Lamachia enviou diversos ofícios aos ministros que estiveram à frente da pasta da Educação para argumentar que o país não comporta mais graduações em direito, uma vez que já existem mais de 1,1 milhão de advogados.Em 2017, Lamachia foi à Justiça contra a autorização do então ministro Mendonça Filho para o funcionamento de cursos técnicos e tecnólogos em serviços jurídicos. """"São cursos que brincam com os sonhos dos estudantes. Eles querem ser operadores do direito, mas acabam tendo que trabalhar em outras funções auxiliares porque o mercado não absorve essa mão de obra"", justificou Lamachia.""Desta vez, enviei um ofício ao ministro da Educação, Ricardo Vélez Rodríguez, solicitando que, ao contrário do que fizeram seus antecessores, ele dê atenção ao problema causado pela liberação indiscriminada dos cursos, sem atender aos critérios técnicos"", afirmou Lamachia.Só em 2018, segundo a OAB, a gestão de Mendonça Filho autorizou 322 cursos de direito no país, o que significa 44,7 mil novas vagas. Todos os pedidos de criação de cursos de direito passam pela análise da OAB, que tem caráter apenas consultivo e não pode vetar os cursos. "	-1
147	Inquérito para apurar ameaças ao STF deve mirar integrantes da Lava Jato. O inquérito aberto pelo Supremo Tribunal Federal (STF) nesta quinta-feira (14) para apurar ameaças ao tribunal deverá envolver medidas contra procuradores da Operação Lava Jato e outros agentes públicos que tenham cometido eventuais crimes contra ministros e seus familiares. A abertura do inquérito foi determinada pelo ministro Dias Toffoli, presidente do STF, para investigar notícias fraudulentas, ameaças e ofensas. 	"""Inquérito para apurar ameaças ao STF deve mirar integrantes da Lava Jato""Presidente do STF determinou abertura de inquérito nesta quinta-feira (14) para investigar notícias fraudulentas, ameaças e ofensas contra os ministros da Corte e seus familiares. O inquérito aberto pelo Supremo Tribunal Federal (STF) nesta quinta-feira (14) para apurar ameaças ao tribunal deverá envolver medidas contra procuradores da Operação Lava Jato e outros agentes públicos que tenham cometido eventuais crimes contra ministros e seus familiares.A abertura do inquérito foi determinada pelo ministro Dias Toffoli, presidente do STF, para investigar notícias fraudulentas, ameaças e ofensas. O relator será o ministro Alexandre de Moraes.Segundo o documento, serão apuradas ""a existência de notícias fraudulentas, denunciações caluniosas, ameaças e infrações revestidas de animus caluniandi (intenção de caluniar) e difamandi (intenção de difamar) e injuriandi (intenção de injuriar), que atinjam a segurança do STF e membros"".O procedimento corre sob sigilo e não houve delimitação de objeto específico ou grupo a ser investigado, apenas as possíveis infrações. O escopo é amplo, mas o inquérito se baseia em uma série de ações que os ministros consideraram ofensivas ao STF nos últimos meses. A intenção é mostrar que o Supremo tem reagido a ataques, de acordo com integrantes do tribunal.Os ministros ficaram incomodados com o episódio de um advogado que abordou o ministro Ricardo Lewandowski durante um voo afirmando que o Supremo é uma ""vergonha"".Outras situações citadas são o vazamento de informações sigilosas da Receita Federal sobre o ministro Gilmar Mendes e pedidos de impeachment contra membros da Corte.Ao contrário de outras investigações que correm no Supremo, a desta quinta foi aberta de ""ofício"" pelo presidente da Corte, ou seja, sem pedido da Polícia Federal (PF) ou do Ministério Público. Além disso, a investigação também terá uma tramitação diferente de outras que correm no tribunal: o inquérito não sairá do STF para a PF e será mantido dentro da Corte.""Tenho dito que não existe Estado Democrático de Direito, Democracia sem Judiciário independente e sem imprensa livre. Esse Supremo Tribunal Federal sempre atuou na defesa das liberdades e numa imprensa livre. Não há Democracia sem Judiciário independente e sem Suprema Corte como a nossa, que é a que mais produz no mundo. Não há Suprema Corte no mundo que é tão acionada como a nossa"", afirmou Toffoli ao início da sessão desta tarde. "	-1
148	"""Vai ser uma surpresa muito grande para mim se mexerem muito nesse projeto"", afirmou em entrevista à NBR nesta quarta-feira (20). O ministro da Economia, Paulo Guedes, disse que não espera que a proposta de reforma da Previdência apresentada pelo governo sofra muitas alterações durante a tramitação no Congresso."	"""Vai ser surpresa para mim se mexerem muito no projeto, diz Guedes sobre Previdência""Governo encaminhou proposta de reforma ao Congresso; ministro afirmou que estimativa de economia de R$ 1 trilhão em 10 anos mudaria se o projeto for esvaziado, mas se disse otimista sobre a aprovação.  O ministro da Economia, Paulo Guedes, disse que não espera que a proposta de reforma da Previdência apresentada pelo governo sofra muitas alterações durante a tramitação no Congresso. ""Vai ser uma surpresa muito grande para mim se mexerem muito nesse projeto"", afirmou em entrevista à NBR nesta quarta-feira (20).A proposta de reforma da Previdência foi apresentada nesta manhã. O texto foi entregue pessoalmente pelo presidente Jair Bolsonaro no Congresso Nacional.A afirmação foi feita após o ministro dizer que ""as primeiras conversas"" entre o governo federal e o Congresso sobre a aprovação do projeto o deixaram ""bastante otimista"" em relação à tramitação. Ele disse que ""as palavras de Rodrigo Maia"", presidente da Câmara, foram ""extraordinariamente encorajadoras"", enquanto o presidente do Senado, Davi Alcolumbre, ""se mostrou comprometido com as reformas"".O ministro voltou a afirmar que a previsão de economia para os cofres públicos com o novo projeto é de aproximadamente R$ 1 trilhão em 10 anos, mas ressalvou que esse valor mudaria se ""começarem a esvaziar"" a proposta do governo.Entre os pontos da proposta apresentada, Guedes destacou a mudança na alíquota paga pelo trabalhador. Pelo projeto, os que recebem um salário maior vão contribuir mais, enquanto os que ganham menos vão ter contribuição menor.""Os mais pobres estavam pagando a aposentadoria dos mais ricos"", criticou Guedes em referência ao modelo em vigor. ""O primeiro grande movimento é reduzir os encargos para os mais desfavorecidos. Quem ganha menos está pagando ainda menos, e quem ganha mais está pagando mais"", disse ao defender a proposta de reforma. ""Estamos conseguindo reduzir as desigualdades.""Guedes disse que a Previdência, em suas condições atuais, está ""às vésperas de um colapso"", e citou a ameaça de o país ""perder as aposentadorias que a gente tem hoje"".O ministro voltou a criticar os moldes atuais do sistema de repartição defendeu a criação de um sistema de capitalização - embora essa pauta tenha ficado de fora do projeto apresentado pelo governo nesta quarta e deva ser encaminhada em outro momento. Também na noite desta quarta, Bolsonaro disse, em pronunciamento exibido na TV, que a reforma é fundamental para Previdência não quebrar, ""como já aconteceu com outros países e em alguns estados brasileiros"". O presidente afirmou ainda que a a mudança será ""justa"" e ""para todos"". "	-1
149	Democracia está em crise, diz presidente do PSOL ao falar sobre ameaças a Jean Wylllys. Um país que não consegue garantir as condições para que um deputado exerça o seu mandato é um país cuja democracia está em crise. Queremos aproveitar esse episódio da decisão do Jean para travar um debate com a sociedade brasileira e deixar claro que há um problema na nossa democracia, que já vitimou uma vereadora no ano passado. 	"""Democracia está em crise, diz presidente do PSOL ao falar sobre ameaças a Jean Wyllys ""Em reunião da executiva do partido em São Paulo, Juliano Medeiros falou sobre decisão do parlamentar de não assumir novo mandato em razão de ameaças.  O presidente do PSOL, Juliano Medeiros, afirmou neste sábado (26) que a decisão do deputado eleito Jean Wyllys (PSOL-RJ) de não assumir o terceiro mandato devido a ameaças ""expressa um contexto de deteriorização do nosso ambiente democrático"".Medeiros participou de reunião da executiva nacional do PSOL, em São Paulo, que, entre outros temas, tratou sobre o anúnico feito pelo parlamentar na última quinta-feira (24).""Um país que não consegue garantir as condições para que um deputado exerça o seu mandato é um país cuja democracia está em crise. Queremos aproveitar esse episódio da decisão do Jean para travar um debate com a sociedade brasileira e deixar claro que há um problema na nossa democracia, que já vitimou uma vereadora no ano passado. Esse processo vai ser denunciado pelo PSOL"", afirmou, lembrando do assassinato da vereadora Marielle Franco (PSOL-RJ), em março do ano passado.O presidente disse que o partido lamenta a decisão do deputado, mas apoia sua escolha.""A nossa disposição era de dar todo apoio possível ao Jean. Trabalhamos nisso no período em que ele foi deputado. As ameaças contra ele foram compartilhadas com essa direção partidária. Mas há um elemento muito subjetivo de qual é o limite do indivíduo de suportar tudo que ele está suportando nos últimos anos"", disse Medeiros.O presidente do PSOL também afirmou que o suplente do partido que assumirá a vaga na Câmara, o vereador David Miranda (RJ), dará continuidade à defesa das bandeiras de Jean e da sigla.""É natural que haja um desalento por parte da militância e de alguns apoiadores do Jean, um sentimento que nós já conhecemos bem desde o assassinato da Marielle Franco, que foi uma brutalidade sem tamanho. Mas nós queremos aproveitar esse episódio para dizer que a hora é de coragem. Tenho certeza que o David está com toda disposição de levar adiante todas as lutas que o Jean representava e que são as lutas do próprio PSOL"", disse.De acordo com Medeiros, o partido pretende acionar a Justiça contra ataques virtuais que ele classificou como ""calúnias"" e ""notícias falsas"", que teriam se intensificado nos últimos dois dias.""Há uma disseminação de mentiras e fake news tentando vincular o PSOL ao atentado que foi cometido contra [o presidente Jair] Bolsonaro. E buscando tentar criar algum tipo de relação entre a decisão de Jean Wyllys de não assumir seu mandato e o atentado. Essas mentiras mais uma vez são disseminadas pela máquina de calúnias da família Bolsonaro e de seus apoiadores. Já estamos levantando quem são as pessoas e vamos tomar medidas judiciais"", disse.Medeiros cita também uma entrevista que o presidente concedeu ao jornal ""Washington Post"" na quinta-feira (24), na qual ele afirma que ""alguém ligado ao partido de esquerda PSOL me esfaqueeou"".""A quantidade de mentiras disseminadas é industrial, reforçada pelo próprio presidente da República, que está enrolado com as denúncias de relação da sua família com as milícias no Rio de Janeiro e usa esse episódio para tentar sair das cordas. É muito grave o que está acontecendo"", afirmou. "	-1
150	Bolsonaro e filho dizem que Bebianno mentiu; Presidente diz que decide hoje sobre Previdência. O Globo destaca detalhes da entrevista concedida pelo presidente Jair Bolsonaro nesta quarta-feira (13) ao Jornal da Record e lembra que o presidente determinou que a Polícia Federal investigue o caso sobre a suposta candidata laranja do PSL.	"""Bolsonaro e filho dizem que Bebianno mentiu; Presidente diz que decide hoje sobre Previdência. Jornais de quinta (14)""Veja quais são as notícias de destaque nos matutinos brasileiros O atrito entre o ministro Gustavo Bebianno (Secretaria-Geral da Presidência) e o vereador Carlos Bolsonaro ganha destaque na capa dos principais jornais. Após a revelação de supostas candidaturas laranjas no PSL e o possível envolvimento de Bebianno no caso, o ministro afirmou que já havia falado com o presidente Jair Bolsonaro três vezes na terça-feira (12). Carlos Bolsonaro, contudo, desmentiu Bebianno em rede social e afirmou que o presidente não falou com o ministro.O Globo destaca detalhes da entrevista concedida pelo presidente Jair Bolsonaro nesta quarta-feira (13) ao Jornal da Record e lembra que o presidente determinou que a Polícia Federal investigue o caso sobre a suposta candidata laranja do PSL. Na entrevista, Bolsonaro afirmou que, se estiver envolvido, Bebianno terá que ""voltar às origens"".Além disso, o presidente negou que tenha ligado para Bebianno enquanto estava no hospital. A afirmação reforça a ideia de que Bebianno mentiu ao dizer que falou com Bolsonaro sobre seu suposto envolvimento nas candidaturas laranjas. Apesar de declarar à Andreia Sadi que não pretende pedir demissão, Bebianno confessou a aliados que analisa possível pedido para sair da equipe do governo.O Globo também ressalta que, durante a entrevista à Record, Bolsonaro afirmou que vai ""bater o martelo"" sobre a reforma da Previdência nesta quinta-feira (14) para enviar a proposta ao Congresso. O presidente evitou falar sobre a idade mínima que gostaria de estabelecer na reforma e afirmou que o Congresso chegará a um consenso para aprovar a proposta. ""Bolsonaro diz que Bebianno mentiu e pode deixar governo"", sublinha a manchete do Globo.O Estado de S.Paulo também dá destaque às declarações do presidente Jair Bolsonaro ao Jornal da Record. O matutino explica, com mais detalhes, que, na terça-feira (12), o ministro Gustavo Bebianno afirmou que falou três vezes com o presidente após seu nome ter aparecido envolvido com o caso das candidaturas laranjas do PSL.Na quarta-feira (13), Carlos Bolsonaro escreveu no Twitter que Bebianno mentiu ao dizer que falou com o presidente. ""É uma mentira absoluta de Gustavo Bebianno que ontem teria falado com Jair Bolsonaro para tratar do assunto citado"", afirmou Carlos. O Estadão ainda destaca que a tensão dentro do governo se intensificou durante a internação de Bolsonaro. ""Desmentido por Bolsonaro, Bebianno diz que não sai"", destaca o título principal do Estadão.A Folha de S.Paulo afirma que, após 44 dias do início do mandato, o governo de Jair Bolsonaro enfrenta sua maior crise. De acordo com o matutino, o presidente chegou a compartilhar a mensagem de seu filho, Carlos Bolsonaro, nas redes sociais, para reforçar seu posicionamento sobre o assunto.Um áudio divulgado por Carlos mostra Jair Bolsonaro se recusando a conversar com Bebianno após a revelação das candidaturas laranjas dentro do partido. A Folha afirma que o presidente espera a demissão de Bebianno mas, até o começo da noite de ontem, o ministro não havia se posicionado sobre o assunto. ""Filho ataca ministro e governo Bolsonaro encara maior crise"", informa a manchete da Folha. "	-1
151	MPF pede prisão preventiva de inves tigados em suposto esquema na Transpetro. O Ministério Público Federal (MPF) pediu nesta segunda-feira (4) à Justiça do Paraná a prisão preventiva de Wilson Quintella Filho, Mauro de Morais e Antônio Kanji, presos na 59ª fase da Lava Jato. Eles estão em prisão temporária, cujo prazo é de 5 dias prorrogáveis por mais 5. A prisão preventiva não tem prazo definido. O blog tentava localizar a defesa dos três até a última atualização deste texto. Os procuradores afirmam que, com o material coletado, já é possível afirmar a necessidade da conversão das prisões temporárias _ concedidas pelo prazo de 5 dias _ em prisões preventivas.	"""MPF pede prisão preventiva de investigados em suposto esquema na Transpetro"" O Ministério Público Federal (MPF) pediu nesta segunda-feira (4) à Justiça do Paraná a prisão preventiva de Wilson Quintella Filho, Mauro de Morais e Antônio Kanji, presos na 59ª fase da Lava Jato.Eles estão em prisão temporária, cujo prazo é de 5 dias prorrogáveis por mais 5. A prisão preventiva não tem prazo definido.O blog tentava localizar a defesa dos três até a última atualização deste texto.No documento, o MPF alega que não conseguiu reunir a totalidade de documentos, mídias e demais elementos durante o cumprimento dos mandados de busca e apreensão autorizados pela Justiça.Os procuradores afirmam que, com o material coletado, já é possível afirmar a necessidade da conversão das prisões temporárias _ concedidas pelo prazo de 5 dias _ em prisões preventivas.""Embora prejudicada a análise detida dos elementos probatórios arrecadados quando da realização de busca e apreensão, foi possível, desde já, avaliar a existência de novos elementos que demonstram a imprescindibilidade da conversão das prisões temporárias de Wilson Quintella Filho, Mauro de Morais e Antonio Kanji Hoshikawa em prisões preventivas, para garantia da ordem pública, a fim de interromper a prática delitiva habitual, bem como para que reste assegurada a instrução criminal e a aplicação da lei penal"", afirmam os procuradores.O MPF apresenta novos elementos que confirmam a participação dos três investigados no esquema de corrupção envolvendo empresas do Grupo Estre e a Transpetro.As investigações apuram o suposto pagamento de propinas em contratos realizados para tratamento de resíduos, manutenção de dutos e para a construção de um estaleiro para produzir embarcações para transportar etanol no Rio Tietê. "	-1
152	"""Aliados de Renan Calheiros se irritam com críticas do PSDB ao ex-presidente do Senado"" A articulaçãodo PSDB para construir uma candidatura anti-Renan Calheiros com senadores de diferentes partidos irritou aliados do ex-presidente do Senado. O motivo: o discurso dos tucanos de que não apoiarão Renan como candidato por conta de seus problemas com a Justiça. O blog procurou alguns dos aliados de Renan, como a senadora Katia Abreu (PDT-TO). Ela confirmou a irritação. ""A cúpula do PSDB, que tem rejeitado com veemência Renan, deveria se lembrar que dentro do seu próprio partido tem muitos inves tigados e até presos. Não precisa resolver antes os seus problemas? Isso não quer dizer que inves tigado é culpado. Vamos dar oportunidade a todos de defesa, inclusive a Flavio Bolsonaro"", questiona a senadora."	"""Aliados de Renan Calheiros se irritam com críticas do PSDB ao ex-presidente do Senado"" A articulação do PSDB para construir uma candidatura anti-Renan Calheiros com senadores de diferentes partidos irritou aliados do ex-presidente do Senado.O motivo: o discurso dos tucanos de que não apoiarão Renan como candidato por conta de seus problemas com a Justiça. O blog procurou alguns dos aliados de Renan, como a senadora Katia Abreu (PDT-TO).Ela confirmou a irritação. ""A cúpula do PSDB, que tem rejeitado com veemência Renan, deveria se lembrar que dentro do seu próprio partido tem muitos investigados e até presos. Não precisa resolver antes os seus problemas? Isso não quer dizer que investigado é culpado. Vamos dar oportunidade a todos de defesa, inclusive a Flavio Bolsonaro"", questiona a senadora.Katia é eleitora de Renan e, na campanha pelo Palácio do Planalto, foi vice de Ciro Gomes (PDT), que fez oposição a Jair Bolsonaro.O PSDB se reuniu nesta manhã com outros senadores que querem uma candidatura para disputar contra Renan. Nesta tarde, o MDB vai definir quem será o candidato do partido. Simone Tebet (MDB-MS) disputa a indicação com Renan.No entanto, a cúpula do partido já entrou em campo para demover Simone, numa tentativa de chegar ao plenário unificada.O senador Antonio Anastasia (PSDB-MG) disse ao blog que o PSDB se reuniu na tarde desta quinta-feira (31) e definiu que Tasso Jereissati (PSDB-CE) será candidato à presidência do Senado.O senador afirmou que a votação desta sexta (1º) será ""longa"" e deve entrar pela madrugada. ""Muitas discussões, muita gente nova. Vai longe"", disse Anastasia.A bancada do PSDB tem defendido voto aberto na eleição da Mesa Diretora nesta sexta-feira, o que deve render um dos debates extensos no plenário. "	-1
153	MPF denuncia 17 em investigação sobre pagamento de propina no Banco Brasília.Operação Circus Maximus apura irregularidaredem fundos de investimento. Acusações são sobre crimes contra o sistema financeiro, corrupção, lavagem de dinheiro e gestão temerária. A operação inves tig a um esquema de pagamento de propinas a diretores e ex-diretores do BRB em troca de investimentos em projetos como o do extinto Trump Hotel, no Rio de Janeiro, atualmente LSH Lifestyle.	"""MPF denuncia 17 em investigação sobre pagamento de propina no Banco Brasília""Operação Circus Maximus apura irregularidades em fundos de investimento. Acusações são sobre crimes contra o sistema financeiro, corrupção, lavagem de dinheiro e gestão temerária. O Ministério Público Federal (MPF) denunciou nesta terça-feira (12) 17 pessoas no âmbito da Operação Circus Máximus, que apura irregularidades no Banco Regional de Brasília (BRB), envolvendo fundos de investimentos.A operação investiga um esquema de pagamento de propinas a diretores e ex-diretores do BRB em troca de investimentos em projetos como o do extinto Trump Hotel, no Rio de Janeiro, atualmente LSH Lifestyle. De acordo com os investigadores, uma organização criminosa atuava no banco desde 2014.Segundo as investigações, o esquema gerou um prejuízo de aproximadamente R$ 348 milhões ao BRB, participantes de fundos de pensão e regimes de previdência, poupadores e ao sistema financeiro nacional.Por meio de nota, o BRB informou que ""colabora integralmente com todas autoridades competentes"" e que está adotando ""todas as medidas judiciais cabíveis visando preservar o banco e suas controladas"".Os denunciados são acusados de crimes com contra o sistema financeiro, corrupção, organização criminosa, lavagem de dinheiro, gestão temerária, entre outros.Na denúncia, os procuradores pedem, além da condenação dos envolvidos, o confisco de valores, bem como uma indenização correspondente ao triplo das quantias desviadas por cada um, por danos materiais, morais e sociais causados.O esquema contava com a atuação de agentes públicos, empresários e agentes financeiros autônomos, conforme a investigação. Eles teriam se utilizado da emissão de notas fiscais frias para lavar dinheiro em espécie.A denúncia ainda traz diversas trocas de e-mails que comprovariam, de acordo com o MPF, o compartilhamento de informações privilegiadas entre os acusados e que trariam ""ganhos financeiros ilícitos"" aos envolvidos.Em relação ao crime de organização criminosa, o MPF sustenta que, a partir do ano de 2014, os agentes do BRB e suas subsidiárias se organizaram para negociar decisões de investimentos com recursos de RPPS, fundos de pensão e fundos privados administrados pelo braço do banco responsável pela gestão de recursos, distribuição de títulos e valores mobiliários e administração de ativos.""Em relação à estabilidade e permanência, os denunciados participaram da organização com certa variação de tempo e atos entre si, mas comungando de estabilidade, especialização e permanência. A pluralidade de crimes fica caracterizada por aproximadamente 50 pagamentos detectados entre os anos de 2013 e 2017. Mesmo com alguma variação, nenhum dos membros permanentes da organização criminosa a que se imputa este crime atuou em período menor do que dois anos"", diz a denúncia.Entre os denunciados estão Diogo Cuoco, filho de ator Francisco Cuoco, e Paulo Figueiredo, neto do ex-presidente durante a ditadura militar, João Figueiredo.Conforme a denúncia, Cuoco participava do núcleo de operadores financeiros, responsável pela lavagem do dinheiro obtido pelos atos de corrupção oriundos de irregularidades no BRB. Ele teria emitido notas fiscais falsas e entregado dinheiro em espécie para o empresário Ricardo Siqueira Rodrigues.""Por sua vez, Paulo Figueiredo Filho ficou encarregado da administração do hotel LSH e, somente por sua cooperação, foram pagas as notas fiscais sem prestação correspondente que permitiu a ""geração"" de moeda em espécie para pagamento das propinas"", descreve a denúncia.Os denunciados pelo MPF: "	-1
154	STJ edita regra que prevê proporcionalidade entre homens e mulheres em cargos de chefia. Tribunal criará programa para ampliar e monitorar índices da participação feminina. Não há obrigatoriedade.	"""STJ edita regra que prevê proporcionalidade entre homens e mulheres em cargos de chefia""Tribunal criará programa para ampliar e monitorar índices da participação feminina. Outra resolução garante que servidora tenha direito de emendar férias na licença-maternidade. O Superior Tribunal de Justiça (STJ) publicará nesta sexta-feira (8), Dia Internacional da Mulher, quatro resoluções para ampliar a participação feminina no tribunal _ uma delas estipula que o preenchimento de cargos em comissão e funções de confiança ""devem, na medida do possível, respeitar a proporcionalidade entre homens e mulheres"".No ano passado, na gestão da ministra Cármen Lúcia, o Conselho Nacional de Justiça (CNJ) já havia estipulado que os tribunais adotassem medidas para assegurar a igualdade de gênero, mas a resolução do STJ dá um passo maior para se efetivar a proporcionalidade.Ou seja, passa a ser uma regra interna do STJ a busca para se ter 50% dos cargos de chefia ocupados por mulheres.Não há obrigatoriedade em se alcançar o índice, mas buscá-lo ""na medida do possível"" é um avanço considerando a realidade dos dados nacionais: de acordo com o Instituto Brasileiro de Geografia e Estatística (IBGE), em 2016, as mulheres estavam em 37,8% dos cargos de gerência no país.A medida torna-se ainda mais relevante considerando que o Judiciário é um ambiente tradicionalmente masculino. Para se ter ideia, no Supremo Tribunal Federal, entre os 11 ministros há duas mulheres. No STJ, dos 33 ministros, seis são mulheres.As resoluções foram assinadas pelo ministro João Otávio de Noronha, presidente do STJ, e discutidos em grupo de trabalho criado para debater a valorização da mulher.O tribunal também fez parceria com a ONU Mulheres, entidade das Nações Unidas para a igualdade de gênero e o empoderamento das mulheres, para traçar medidas de médio e longo prazo.Uma das resoluções publicadas nesta sexta cria o Programa de Participação Institucional Feminina, que prevê o monitoramento de índices de participação das mulheres nas atividades internas, além de prever a discussão de políticas contra assédio ou discriminação.Outras duas resoluções afetam principalmente as funcionárias que passem por uma gravidez.Um dos textos assegura à servidora a possibilidade de emendar férias na licença-maternidade e ficar sete meses fora do trabalho. A medida já acontece na prática em muitas empresas e órgãos públicos, mas agora isso fica fixado em regra interna do tribunal.Outra regra interna envolve estagiárias. Caso fiquem grávidas no meio do período de estágio, elas poderão reiniciar o estágio sem ter de participar de novo processo seletivo. Para isso, precisarão manifestar interesse em retornar até 120 dias depois do parto.""A estagiária terá prioridade na convocação para realização de novo estágio e a duração deste respeitará o limite de até dois anos no Tribunal ou até a conclusão do curso, prevalecendo o que ocorrer primeiro"", diz o texto.Conforme o STJ, a parceria com a ONU Mulheres visa também engajar homens nas iniciativas para a igualdade de gênero e contribuir para o aumento das mulheres em posições de poder.O presidente do tribunal informou que, diante dos atos de violência contra mulheres que ocorrem diariamente, o Judiciário precisa agir para aumentar a participação nos espaços de poder. "	-1
155	"""Nós vamos investir em segurança, nós vamos investir em melhoria geométrica, vamos investir em manutenção da via, vamos investir em sinalização agressiva, e lombada vai ter onde for absolutamente necessário, onde o ponto crítico é decorrente do excesso de velocidade"",. ""Decisão nossa: não teremos mais nenhuma nova lombada eletrônica para o Brasil""."	"""1 dia depois de Bolsonaro anunciar fim das lombadas eletrônicas, ministro diz que elas continuarão onde for absolutamente necessário""Tarcísio Freitas disse que equipamento deve existir em pontos onde acidentes são causados por excesso de velocidade. O ministro da Infraestrutura, Tarcísio Freitas, afirmou nesta sexta-feira (8) que a instalação de lombadas eletrônicas nas estradas federais será reavaliada.""Nós vamos investir em segurança, nós vamos investir em melhoria geométrica, vamos investir em manutenção da via, vamos investir em sinalização agressiva, e lombada vai ter onde for absolutamente necessário, onde o ponto crítico é decorrente do excesso de velocidade"", disse, em visita ao Maranhão.Um dia antes, o presidente Jair Bolsonaro afirmou que esses equipamentos não seriam mais instalados nas rodovias.""Decisão nossa: não teremos mais nenhuma nova lombada eletrônica para o Brasil. As lombadas que porventura existam ainda, que são muitas, quando forem perdendo sua validade, a princípio... A princípio, não. Não serão renovadas"", afirmou o presidente na última quinta (7).Bolsonaro citou como exemplo a Rodovia Rio-Santos e criticou o excesso de lombadas nas estradas: ""Há uma quantidade enorme de lombadas eletrônicas no Brasil. É quase impossível você viajar sem receber uma multa"".""E a gente sabe que, no fundo - ou desconfia - que o objetivo não é diminuir acidentes. Não é, porque hoje se está muito mais preocupado em se olhar para o lado, para o barranco, para ver se tem uma lombada eletrônica, do que para ver a sinuosidade das pistas"", disse.O presidente afirmou ainda que, nas rodovias sob concessão, as empresas passaram a explorar o serviço de monitoramento de velocidade em detrimento da manutenção.""Um percentual do arrecadado em pedágio a empresa tem que aplicar em manutenção: tapar buraco, pintar, fazer o meio-fio, entre outras coisas. E as empresas agora descobriram que o monitoramento pode fazer parte desse tipo de serviço. E o que é que é o monitoramento? São as lombadas eletrônicas. Se gasta muito dinheiro com lombada eletrônica, arrecadado por pedágio, que, no fundo, vai dar mais lucro para quem está realmente explorando aquela lombada eletrônica e você fica com um péssimo trabalho no tocante, então, à manutenção das rodovias"", disse.Para Tarcísio Gomes de Freitas, ""há de se ter a transição de faixa de velocidade, então vai haver uma racionalidade técnica no que diz respeito à instalação desses radares, e isso vale para rodovia concedida e para a administração federal"".O ministro entende que há lombadas em pontos desnecessários. ""Não faz sentido ter contrato na casa de bilhão de reais para fazer controle de velocidade. Onde é que o controle de velocidade é importante? Nos pontos críticos que em que o excesso de velocidade é o maior causador de mortes"", avaliou.""Às vezes, o acidente não está relacionado ao excesso de velocidade, mas à condição de geometria. Às vezes as lombadas estão instaladas em locais que já têm uma restrição geométrica. Ora, a própria restrição geométrica causa a redução da velocidade e por que raios a gente tem uma lombada ali? Então, não faz sentido"", concluiu.Freitas disse ainda que o excesso de lombadas gera um problema também para o processamento de multas. ""Se começou a botar lombada, lombada, lombada, lombada, a deficiência de geometria queria se resolver com a lombada, a deficiência de sinalização queria se resolver com a lombada e, no final das contas, se criou uma grande dificuldade para o órgão conseguir processar essa quantidade de multas"", afirmou. ""Como a inadimplência é alta, se gasta mais dinheiro no processamento do que propriamente com a própria arrecadação. Então, tem alguma coisa desequilibrada, tanto do ponto de vista técnico quanto do ponto de vista financeiro.""Freitas foi ao Maranhão para vistoriar obras de duplicação da BR-135 e também se reuniu com a superintendência do Departamento Nacional da Infraestrutura de Transportes (Dnit) no estado.Colaborou: João Ricardo Barbosa, G1 MA "	-1
156	Adolescentes encapuzados mataram a tiros seis pessoas e cometem suicídio em seguida. Políticos e personalidades lamentaram o ataque a escola em Suzano (SP), onde um adolescente e um homem encapuzados mataram oito pessoas e cometeram suicídio em seguida. Muito triste, né. A gente tem que chegar à conclusão por que is	"""Veja a repercussão do ataque a escola em Suzano""Adolescentes encapuzados mataram a tiros seis pessoas e cometeram suicídio em seguida. Políticos e personalidades lamentaram o ataque em uma escola na cidade de Suzano (SP), onde um adolescente e um homem encapuzados mataram oito pessoas e cometeram suicídio em seguida.Veja abaixo a repercussão do ataque:""Presto minhas condolências aos familiares das vítimas do desumano atentado ocorrido hoje na Escola Professor Raul Brasil, em Suzano, São Paulo. Uma monstruosidade e covardia sem tamanho. Que Deus conforte o coração de todos!""""Mais uma vez, nosso país é abalado por uma grande tragédia. O Governo Federal manifesta seu profundo pesar com os fatos ocorridos na cidade de Suzano, em São Paulo, apresentando suas condolências e sinceros sentimentos às famílias das vítimas de tão desumana ação. Ao Estado de São Paulo, colocamos nosso total apoio para auxiliar na apuração dos fatos"".""Muito triste, né. A gente tem que chegar à conclusão por que isso está acontecendo. Essas coisas não aconteciam no Brasil, ocorriam em outros países. Nos tivemos em Realengo um tempo atrás, ocorre em São Paulo. Minha opinião: hoje a gente vê essa garotada viciada em videogame. E videogames violentos, só isso que fazem. Eu tenho netos e vejo meus netos muitas vezes mergulhadora nisso aí. A gente nunca gosta de falar no meu tempo, mas quando eu era criança ou era adolescente, a gente jogava bola, a gente soltava pipa, jogava bola de gude. E isso a gente não vê mais essas coisas. Lamento profundamente tudo o que ocorreu. (Sobre a influência da flexibilização da posse de armas) Vai dizer que a arma que os caras estavam lá era legal? Não é, não tem nada a ver. Sei que isso vai ser colocado, vai ser discutido, mas essa é a minha visão, a minha opinião.""""Acabo de receber a triste notícia de que crianças foram cruelmente assassinadas na escola estadual Professor Raul Brasil, em Suzano. Até o momento temos informações preliminares. Cancelei toda agenda e estamos a caminho de Suzano p/ acompanhar o resgate e atendimento aos feridos"".""Estamos absolutamente chocados com o assassinato brutal de cinco estudantes e duas funcionárias da Escola Estadual Professor Raul Brasil, na cidade de Suzano. Um comerciante também foi vítima fatal e outros estudantes foram feridos. Em um ato de violência sem explicação, dois ex-alunos encapuzados invadiram a escola nesta manhã e atiraram, ceifando vidas inocentes e indefesas. Estamos junto das famílias das vítimas, prestando apoio diretamente e enfrentando este momento de extrema tristeza. Toda a comunidade escolar de São Paulo e do Brasil está de luto.""Este foi um atentado à educação brasileira e a todos os cidadãos de bem, que diariamente, no interior de cada escola, trabalham por um Brasil desenvolvido. São 240 mil professores e servidores que recebem 3,5 milhões de alunos nas 5,4 mil escolas, todos dedicados ao bem mais precioso do Brasil: a Educação. O Governo de São Paulo, liderado pessoalmente pelo governador João Doria, trabalha em conjunto para que este caso seja esclarecido. Qualquer informação oficial será disponibilizada pela SSP. Manifestando nosso mais profundo pesar e respeito aos alunos, servidores e familiares, afirmo que São Paulo não vai deixar o terror vencer a educação.""""Eu não poderia deixar de lamentar o ocorrido em Suzano, São São Paulo. Nós não temos ainda as informações precisas sobre os detalhes dos fatos, mas todo o país, o governo e brasileiros pranteiam o ocorrido, especialmente o Ministério da Justiça e da Segurança Pública. Transmitimos nossa solidariedade aos familiares, alunos e funcionários da escola. Não há muito o que fazer a não ser prantear as mortes. Transmitimos a nossa solidariedade aos familiares, alunos e funcionários da escola.""Moro deu a declaração em início de aula magna no UniCeub, em Brasília.""Acompanhando as notícias sobre a tragédia na escola em Suzano e buscando entender as motivações dos criminosos. Minha profunda solidariedade às famílias das vítimas, muitas delas jovens. Estamos com vocês!""""Estamos consternados com a notícia do assassinato de várias pessoas, incluindo crianças, na Escola Estadual Raul Brasil, em Suzano. Aguardando informações sobre as vítimas. Que Deus proteja a todos nós!""""Uma tragédia que aconteceu em Suzano. Que Deus conforte as famílias e amigos"".""Só falta alguém twittar dizendo que se toda criança tivesse uma arma na mochila os dois assassinos seriam mortos antes de matarem inocentes. E propor distribuir armas para todo aluno brasileiro se proteger.""""Acordamos hoje com esta terrível notícia e estou estarrecida. Às famílias manifesto meu imenso pesar e coloco este Ministério à disposição para prestar todo o apoio necessário. Que Deus abençoe os que estão em atendimento para que sobrevivam"".""É com perplexidade que recebi, a notícia do tiroteio no Colégio Estadual Raul Brasil, em Suzano-SP. Eu me solidarizo às famílias das vítimas e espero que as reais causas dessa tragédia sejam descobertas"".""É com profundo pesar e tristeza que recebemos a notícia que tirou a vida e feriu estudantes professores e funcionários. Em nome da corte manifestamos nosso sentimento de pesar e solidariedade às famílias e aos amigos da vítimas, e a toda sociedade, que também é vítima de tragédias como essa. Violências como essa não fazem parte da nossa cultura. Não podemos aceitar que o ódio entre em nossa sociedade.""""A tragédia de Suzano (SP) causa espanto, dor e revolta. Nada pode amenizar o sofrimento das famílias das vítimas. A elas minha solidariedade e meu desejo de que encontrem forças para resistir ao momento mais doloroso de suas vidas. O absurdo estarrecedor é que, neste trágico dia em que assistimos à morte de 10 pessoas e o ferimento de outras 9, o Presidente da República tenha o desplante de anunciar uma lei propondo maior acesso a armas. O porte de armas irrestrito e amplamente liberado a toda população vai dar instrumento para que o assassinato massivo se torne endêmico e cotidiano. A lei anticrime do minisro Moro é o encontro marcado com tragédias como a de Suzano.""""Condenamos el tiroteo en una escuela de #Brasil que dejó varios muertos incluyendo menores. Nuestras condolencias, a nombre del pueblo boliviano, a las familias de las víctimas. Somos un país pacífico que sabe que el uso de armas no soluciona nada y más bien genera más violencia"".""Que tristeza! Minha solidariedade à comunidade da escola em Suzano. Que um dia tenhamos PAZ!""""A tragédia de Suzano aconteceu debaixo do Estatuto de Desarmamento. O fato reafirma a ineficiência do sistema e não o contrário.""""Meus sentimentos a todos os familiares das vítimas covardemente assassinadas no colégio em Suzano. Mais uma tragédia protagonizada por menor de idade e que atesta o fracasso do malfadado estatuto do desarmamento, ainda em vigor.""""Toda solidariedade às vítimas da escola de Suzano. Tragédias como essa resultam do incentivo à violência e à liberação do uso de armas. O Brasil precisa de paz""""Tragédia em Suzano: ao menos 5 jovens mortos a tiros por 2 adolescentes, que depois se mataram. Nossa solidariedade aos familiares e a toda comunidade escolar neste momento tão doído. É preciso dar um basta ao culto da violência, que apresenta armas como ""ideal de força"".""""71% dos homicídios no Brasil são causados por arma de fogo, o ocorrido hoje na escola em Suzano reforça nossa convicção q a política de Bolsonaro q facilita o porte de armas pode ser um gatilho sem volta. Precisamos armar a população com educação. Esse é o papel do Estado Brasileiro. A matança dos alunos e funcionários na escola em Suzano é o mais trágico exemplo que o fim do estatuto do desarmamento pode ocasionar em nossa sociedade.""""O silêncio de Jair Bolsonaro sobre Suzano, mais que ensurdecedor, é vexatório. Ele está diante de uma grande tragédia nacional que destrói seu discurso favorável a armar a sociedade. Devia vir a público lamentar os mortos, se solidarizar com as famílias e reconhecer isso.""""Tragédia em Suzano vitima crianças. Lamentamos profundamente o ocorrido na Escola Raul Brasil deixando 10 vidas ceifadas e vários feridos. O estímulo ao uso e o acesso a armas e munições devem ser limitados e inibidos para evitarmos a repetição de tragédias como essa.""""Meu Pai, não há o que dizer diante das crianças e da diretora mortas em Suzano! Muita tristeza!""""A quem interessa um país dividido pelo ódio e armado? Quantas tragédias mais teremos que viver? Quando haverá paz para as famílias destroçadas pela violência? Armas não são a solução.""""Lamentável este ato bárbaro que ocorreu na escola estadual em Suzano. Meus sentimentos e solidariedade às famílias das vítimas.""""Tiroteio em escola estadual em Suzano: 8 mortos. Dois homens encapuzados seriam os autores. Ainda não há detalhes. Minha solidariedade aos pais, neste momento angústia"".""É um absurdo a incompetência desse governo de SP que não garante segurança sequer nas escolas do Estado. A tragédia que ocorreu hoje em Suzano é prova disso e motivo de indignação. Nossa profunda e sentida solidariedade à direção, professores, pais, funcionários e alunos.""""Sinto-me derrotado como policial e como parlamentar diante da tragédia que ocorreu na escola Prof. Raul Brasil em Suzano. Lamento, choro e faço minhas orações pelas vítimas desses canalhas, menos pela morte do dois bandidos. Chega de hipocrisia! Enquanto as armas forem ilegais, apenas os ilegais terão armas! Fracasso e safadeza da farsa da política desarmamentista que armou criminosos e impediu a legítima defesa. Mais uma triste tragédia que mostra a necessidade da redução da maioridade penal. Bandido não tem idade. Nossas escolas deviam ser lugar de proteção para nossas crianças e infelizmente não estão seguras! Precisamos urgentemente rever a nossa política de segurança pública, BANDIDO NÃO TEM IDADE, e essa tragédia apenas reafirma que precisamos reduzir a maioridade penal JÁ!""""Se tivesse o cidadão com a arma regular dentro da escola, professor, servente, policial aposentado trabalhando lá, ele poderia ter minimizado o tamanho da tragédia.""""Nossa solidariedade à comunidade escolar, famílias e à população de Suzano . Que tristeza!""""Estarrecedora essa tragédia em Suzano. Que das mortes de hoje tiremos ações futuras construtivas. Nosso olhar precisa ir além da área de segurança pública. Precisamos falar sobre tolerância, valores e educação humanizada. Minha solidariedade a todas as famílias e envolvidos"".""Este terrível atentado na escola em São Paulo é um dos resultados do ódio que vem sendo estimulado no Brasil. Mais armas geram mais violência, e não menos mortes, como dizem. Nós queremos paz. Minha solidariedade às famílias das vítimas"".""Minha solidariedade às famílias e amigos das vítimas da Escola Estadual Raul Brasil, em SP. Dois jovens assassinaram cinco estudantes, um funcionário e depois de suicidaram. Tragédias como essa mostram como o debate sobre o controle de armas precisa ser mais responsável"".""É difícil conter as lágrimas diante do trágico ataque a tiros numa escola em Suzano, que causou a morte de alunos e uma funcionária. Este é um retrato perverso de uma crise maior em que a vida perde seu valor. Que Deus sustente as famílias e a todos nós nesse momento de dor"".""Um dia para não esquecermos. Um dia para lamentarmos profundamente e nos solidarizarmos com familiares e os que estavam na escola Raul Brasil e que estão sofrendo nessa hora. Que Deus possa dar paz a todos"".""Meus sentimentos às famílias das vítimas do terrível atentado em Suzano"".""(A tragédia) não tem relação de causa e efeito com a flexibilização (da posse de armas). Este caso de Suzano precisa ser tratado como questão de segurança pública, como já está sendo pelo governo do Estado de São Paulo"", disse.""""Minha solidariedade e pesar às famílias das vítimas, comunidade escolar e população de Suzano, na Grande São Paulo. Enquanto cidadão estou chocado e triste. Uma tragedia desta natureza corta o coração de todos nós que nunca imaginamos ver um horror deste no ambiente escola.""""A chacina ocorrida na manhã de hoje na escola Estadual Professor Raul Brasil, em Suzano, no Estado de São Paulo, nos deixa consternados. Quero expressar meus sentimentos e minha solidariedade às famílias e aos amigos das vítimas, em sua maioria crianças, desse trágico episódio"".""Mais uma tragédia do país violento que nós não queremos ser. Nossa solidariedade às famílias das vítimas, mortos e feridos. Também nosso protesto à recente inclinação brasileira de imitar tudo que há de pior na cultura americana, uma cultura de violência e pouco amor à vida.""""Triste e lamentável! Espero que as crianças sobrevivam. E o governo Bolsonaro propondo liberar armas. Oito crianças são baleadas dentro de escola em Suzano, na Grande SP"".""Recebo com muita tristeza a notícia de que crianças e um funcionário foram brutalmente assassinados na escola Prof. Raul Brasil, em Suzano, SP. Meus sentimentos às famílias. Expresso meu repúdio a essa manifestação de violência. Acompanharei de perto a apuração dos fatos"".""A tragédia de Suzano, hoje, mostra que é hora de o Brasil unir forças e competências para compreender o que houve e impedir a repetição de massacres como este. Precisamos ser solidários com as famílias, parentes e amigos das crianças e dos funcionários da escola Raul Brasil. Meus pensamentos e toda a minha solidariedade estão com eles. Como homem público, também o meu empenho para desarmar espíritos, buscar convergências e levar paz à sociedade"".""A cultura das armas não pode existir!O massacre em #Suzano expõe a fragilidade em se armar a população. É muito triste ver as crianças mortas. Somos contra a posse de armas e num decreto legislativo da bancada do PTnoSenado exigimos isso. A luta em defes da vida continua!""""Meus sentimentos às vítimas e familiares deste atentando em Suzano. É desolador acompanhar esses acontecimentos. Que as famílias recebam todo apoio necessário neste momento de dor irreparável""""Solidariedade às vítimas de Suzano. Com a liberação da posse de armas, novas tragedias podem ocorrer.""""Armas servem para matar. Quanto mais armas de fogo, mais violência e mais mortes. É preciso parar com esse culto ao armamentismo. Não queremos que tragédias como a do colégio Raul Brasil, em Suzano, se tornem comuns. Hoje é um dia muito triste para o nosso país."" "	-1
157	Ministro do STF nega pedido da ABNT para cobrar direitos autorais por normas técnicas. Instâncias inferiores consideraram que lei impede direito autoral em normas gerais. O ministro Celso de Mello, do Supremo Tribunal Federal (STF), rejeitou pedido da Associação Brasileira de Normas Técnicas (ABNT), que tentava cobrar direitos autorais pela impressão, por outras empresas, de materiais com normas técnicas da entidade. A ABNT acionou o Supremo diante de decisões das instâncias inferiores que negaram o direito da cobrança por conta de impresso com normas técnicas.	"""Ministro do STF nega pedido da ABNT para cobrar direitos autorais por normas técnicas""Instâncias inferiores consideraram que lei impede direito autoral em normas gerais. Para o relator, não cabe ao STF analisar o recurso por não envolver questão constitucional.  O ministro Celso de Mello, do Supremo Tribunal Federal (STF), rejeitou pedido da Associação Brasileira de Normas Técnicas (ABNT), que tentava cobrar direitos autorais pela impressão, por outras empresas, de materiais com normas técnicas da entidade.Segundo o ministro, em decisão publicada nesta sexta-feira (15), não cabe ao STF analisar o recurso por não envolver questão constitucional.A ABNT acionou o Supremo diante de decisões das instâncias inferiores que negaram o direito da cobrança por conta de impressos com normas técnicas. No caso específico, a ABNT tentou cobrar R$ 109 mil de uma empresa de engenharia que usou as regras em impressos.A entidade alegou que a definição de normas técnicas exige estudos técnicos e e acadêmicos para fixação das regras corretas. E que, nas atividades intelectuais, são garantidos direitos autorais.Primeira e segunda instâncias, além do Superior Tribunal de Justiça (STJ), consideraram que as normas técnicas são debatidas em comissões de especialistas e são normas de abrangência coletiva, que afetam toda a sociedade. E que não se questiona a presteza do serviço da ABNT, mas que isso não autoriza a cobrança de direitos autorais.O principal ponto das decisões foi de que a lei que delimita regras sobre o tema não permite direito autoral para ideias, procedimentos normativos, métodos ou conceitos matemáticos.Ao analisar o recurso da ABNT, Celso de Mello considerou que o Supremo só poderia atuar se as decisões das instâncias inferiores afrontassem a Constituição. E destacou que os outros tribunais se basearam na lei sobre direitos autorais.""É por essa razão _ ausência de conflito imediato com o texto da Constituição _ que a jurisprudência desta Corte vem enfatizando que a boa ou má interpretação de norma infraconstitucional não enseja o recurso extraordinário, sob color de ofensa ao princípio da legalidade"", decidiu o decano no tribunal. Ele ainda aumento multa imposta à entidade como verbas honorárias.O escritório Caputo, Barbosa &amp; Zveiter, que atuou no caso em defesa da empresa de engenharia, afirmou em nota que a ABNT deve cumprir a lei. ""Se a lei exclui da proteção dos direitos autorais os procedimentos normativos e atos oficiais, o fato de serem provenientes da ABNT não importa na conclusão de que nesse caso tenha havido criação de espírito na atividade estatal de normalização"", afirmou o advogado Terence Zveiter. "	-1
158	"""O documento por si só não é suficiente."" Um dia depois de assumir o comando dos processos em primeira instância da Operação Lava Jato no Paraná, o juiz federal Luiz Antônio Bonat indeferiu o pedido de viagem para os Estados Unidos de uma inves tigada de um processo da 56ª fase da operação.Na decisão publicada na noite desta quinta-feira (7), Luiz Antônio Bonat negou o pedido da defesa de Marcia Mileguir, que solicitou autorização para viajar para os Estados Unidos com o intuito de acompanhar o tratamento médico do filho que, segundo os advogados, possui doença agravada após tratamento frustrado no Brasil.O juiz afirmou que apenas um dos documentos apresentados pela defesa é relevante para tentar justificar a necessidade da viagem e, ainda assim, trata-se de um laudo emitido há 10 meses, o que, segundo Bonat, não é suficiente."	"""Novo juiz da Lava Jato nega pedido de investigada para ir aos Estados Unidos acompanhar tratamento do filho"" Um dia depois de assumir o comando dos processos em primeira instância da Operação Lava Jato no Paraná, o juiz federal Luiz Antônio Bonat indeferiu o pedido de viagem para os Estados Unidos de uma investigada de um processo da 56ª fase da operação.Na decisão publicada na noite desta quinta-feira (7), Luiz Antônio Bonat negou o pedido da defesa de Marcia Mileguir, que solicitou autorização para viajar para os Estados Unidos com o intuito de acompanhar o tratamento médico do filho que, segundo os advogados, possui doença agravada após tratamento frustrado no Brasil.O juiz afirmou que apenas um dos documentos apresentados pela defesa é relevante para tentar justificar a necessidade da viagem e, ainda assim, trata-se de um laudo emitido há 10 meses, o que, segundo Bonat, não é suficiente para confirmar a importância do tratamento no exterior.""O documento por si só não é suficiente para confirmar que o filho da acusada já realizou tratamento frustrado no Brasil, que possui problema sério ou urgente, e que somente poderia ser tratado nos Estados Unidos da América"", argumentou o magistrado.Ao indeferir o pedido, Luiz Antônio Bonat adotou o mesmo posicionamento do Ministério Público Federal (MPF), que também se manifestou contrário à autorização da viagem. Márcia Mileguir teve seu passaporte retido como medida cautelar alternativa à prisão e precisa da autorização da Justiça para sair do Brasil.Além de afirmar que Marcia Mileguir não comprovou a necessidade da viagem, o juiz acompanha os procuradores da força-tarefa da Lava Jato ao lembrar que a investigada é suspeita de operar contas de offshore no exterior e que seu marido, David Arazi, é corréu no processo, possui residência nos Estados Unidos e encontra-se foragido da Justiça com prisão preventiva decretada em outra ação penal.Em documento enviado no dia 8 de fevereiro, os advogados de Marcia Mileguir pediram autorização para que a investigada faça viagem aos Estados Unidos para acompanhar o tratamento médico do filho que, segundo a defesa, possui uma patologia que foi agravada por cirurgia realizada recentemente.Em resposta ao pedido, a juíza substituta Gabriela Hardt _ que respondeu pelos processos por um tempo após a saída de Sérgio Moro - pediu que os advogados dessem mais esclarecimentos sobre o tempo de duração da viagem e se Marcia precisaria de dispensa das oitivas das testemunhas de defesa e acusação no processo. Os advogados afirmaram que a viagem duraria de 20 a 30 dias e que não implicaria em ausência da investigada nas oitivas.Na manifestação contrária ao pedido, o MPF reiterou que a afirmação ""vaga"" do período da viagem mostra que não há compromissos médicos agendados.""Acenou a requerente, vagamente, tão somente que ""o período de viagem teria a duração aproximada de 20 a 30 dias"", o que, por si só, denuncia a ausência de agendamento de compromissos médicos concretos e mesmo de um plano real para o declarado tratamento médico"", afirmou o MPF.Marcia Mileguir é uma das investigadas na 56ª fase da Operação Lava Jato, deflagrada pela Polícia Federal em novembro de 2018, que apura o superfaturamento na construção da sede da Petrobras em Salvador, na Bahia. O Ministério Público Federal denunciou 42 pessoas suspeitas de atuar no esquema de corrupção. "	-1
159	"""Manifestantes dizem que nova estrutura da pasta, que transfere poderes ao Ministério da Agricultura, ameaça o patrimônio natural e a vida da população. ""O primeiro faz mudanças na composição e nas atribuições do Ministério do Meio Ambiente. Já a medida provisória"""	"""Após tragédia em Brumadinho, grupo protesta contra desmonte do Ministério do Meio Ambiente ""Manifestantes dizem que nova estrutura da pasta, que transfere poderes ao Ministério da Agricultura, ameaça o patrimônio natural e a vida da população.  Quase uma semana após o rompimento da barragem de rejeitos de minério em Brumadinho, Minas Gerais, manifestantes se reuniram em frente ao Ministério do Meio Ambiente, em Brasília, para protestar contra o que chamam de ""desmonte"" da pasta. Por volta das 11h30 desta quinta-feira (31), o grupo ocupou a calçada e parte de uma das pistas da Esplanada dos Ministérios para denunciar ""ameaças ao patrimônio natural e à vida da população"".Segundo o movimento Maré Socioambiental, que organiza o ato, o Decreto nº 9.672/2019 e a Medida Provisória nº 870, aprovada em 20 de janeiro, são as principais portas de entrada para futuros danos socioambientais.O primeiro faz mudanças na composição e nas atribuições do Ministério do Meio Ambiente. Já a medida provisória, entre outros pontos, tira a competência da pasta sobre florestas públicas e a transfere para o Ministério da Agricultura, Pecuária e Abastecimento.A estrutura redefinida pela norma, de acordo com o Maré Socioambiental, ""quebra o equilíbrio alcançado entre diferentes políticas públicas, com uma nova organização em que a visão ambiental não faz mais parte da equação"".O G1 procurou o Ministério do Meio Ambiente mas, por telefone, a assessoria disse que a pasta não iria se manifestar. Ao final do ato, os manifestantes pretendem entregar um documento com reivindicações para o ministro Ricardo Salles.O movimento também protesta contra o ministro do Meio Ambiente, Ricardo Salles, por ter sido condenado por improbidade administrativa, por fraudar um processo do Plano de Manejo da Área de Proteção Ambiental da Várzea do Rio Tietê, em 2016.De acordo com o Ministério Público, Salles a Federação das Indústrias de São Paulo (Fiesp) teriam modificado mapas elaborados pela Universidade de São Paulo (USP), alterado minuta do decreto do plano de manejo e promovido perseguição a funcionários da Fundação Florestal, com o propósito de beneficiar setores empresariais, em especial empresas de mineração e filiadas à própria Fiesp.A condenação foi decidida em primeira instância em dezembro do ano passado pela Justiça de São Paulo, mas, no mesmo mês, o promotor do Patrimônio Público Silvio Marques pediu o arquivamento.Nesta terça-feira (29), o Conselho Superior do Ministério Público de São Paulo recursou o pedido em decisão unânime. Dias antes, o Ministério Público paulista já havia solicitado à Justiça que o ministro fosse obrigado a deixar a pasta por conta da condenação.O movimento Maré Ambiental considera ""grave"" a condenação de Ricardo Salles, especialmente no momento em que o Brasil vivencia, em um intervalo de três anos, dois rompimentos de barragens de rejeitos.A Maré Socioambiental se intitula como um movimento amplo de resistência ao desmonte da política socioambiental. Segundo os organizadores do protesto desta quinta-feira, reúne membros da sociedade civil, servidores públicos da área de meio ambiente e populações indígenas, ambientalistas, indigenistas, especialistas da área socioambiental, organizações não governamentais, movimentos sociais, povos tradicionais, ativistas, estudantes e parlamentares.Leia mais notícias sobre a região no G1 DF. "	-1
160	Declarações do ministro da Educação causam polêmica e provocam reações no Congresso. Parlamentares querem que ele vá ao Congresso para se explicar. Declarações e propostas do ministro da Educação, Ricardo Vélez Rodríguez, têm causado polêmica e já provocaram reações no Congresso. Declarações e propostas do ministro da Educação, Ricardo Vélez Rodríguez, têm causado polêmica e já provocaram reações no Congresso.	"""Declarações do ministro da Educação causam polêmica e provocam reações no Congresso""Ricardo Vélez Rodríguez defendeu a volta da educação moral e cívica nas escolas e disse que universidade não é para todos. Parlamentares querem que ele vá ao Congresso para se explicar. Declarações e propostas do ministro da Educação, Ricardo Vélez Rodríguez, têm causado polêmica e já provocaram reações no Congresso _ parlamentares defendem que o ministro vá ao Congresso para dar explicações.Entre outros assuntos, Rodríguez disse que a universidade não é para todos e defendeu incluir a disciplina educação moral e cívica no currículo do ensino fundamental _ para os estudantes aprenderem o que é ser brasileiro e quais são ""os nossos heróis"".Na edição do último fim de semana, a revista ""Veja"" publicou entrevista concedida pelo ministro.Vélez Rodríguez disse que a volta da disciplina educação moral e cívica nas escolas é uma forma de ensinar ao adolescente que viaja ""que há contextos sociais diferentes e que as leis de outros países devem ser respeitadas"".Rodríguez afirmou que, viajando, o brasileiro é um ""canibal"". ""Rouba coisas dos hotéis, rouba o assento salva-vidas do avião; ele acha que sai de casa e pode carregar tudo. Esse é o tipo de coisa que tem de ser revertido na escola"", disse o ministro.Na noite desta segunda-feira (4), o ministro voltou a defender o ensino de moral e cívica em um vídeo na página do Ministério da Educação.""Eu vou dar muita ênfase a isso, à retomada desse processo de ensino de valores fundamentais, fundantes da nossa vida cidadã. Tanto no ensino infantil quanto no ensino fundamental, ao longo de todo o ensino fundamental e _ por que não? _ continuando no nível universitário"", afirmou.O senador Major Olímpio, do PSL, partido do presidente Jair Bolsonaro, apoia a proposta do ministro.""Isso vai valorizar, vai ampliar a formação e a visão do cidadão brasileiro a partir da escola, coisas mínimas que hoje, se observa: que as pessoas não sabem mais cantar o Hino Nacional, não conhecem o símbolo pátrio. Então, isso é importante. Não conhecem minimamente a estrutura de funcionamento do estado brasileiro"", disse o senador.Ainda na entrevista à revista ""Veja"", Ricardo Vélez Rodríguez criticou a atriz e cineasta Carla Camuratti porque, segundo afirmou, ela colocou ""Dom Joãozinho"" _ referindo-se ao príncipe regente d. João VI, que chegou ao Brasil com a família real em 1808 _ ""como um reles comedor de frango, sem nenhuma serventia"".O ministro se referia ao filme ""Carlota Joaquina"", que, na verdade, não é um documentário, mas uma paródia de um momento histórico. Carla Camuratti preferiu não comentar a crítica do ministro.Na entrevista, Rodríguez também repetiu que a universidade não é para todos, que representa uma elite intelectual, ""para a qual nem todo mundo está preparado ou para a qual nem todo mundo tem disposição ou capacidade"".Ricardo Velez Rodríguez elogiou o programa Escola Sem Partido e fez críticas ao que chama de ""ideologização precoce de crianças na escola"".Ele afirmou que a escola não serve para fazer política e que a ideologização nas escolas é ""um abuso, um atentado ao pátrio poder e uma invasão da militância em um aspecto que não lhe compete"". E ameaçou: quem praticar isso ostensivamente vai responder à legislação.Sobre a liberdade de ensino, disse que liberdade não é fazer o que se deseja. ""Liberdade é agir, fazer escolhas dentro dos limites da lei e da moralidade. Fazer o que dá vontade não é ser livre. Isso é libertinagem. No Brasil, por força de ciclos autoritários, temos uma visão enviesada da liberdade. Liberdade não é o que pregava Cazuza, que dizia que liberdade é passar a mão no guarda. Não! Isso é desrespeito à autoridade, vai para o xilindró"", afirmou.A mãe de Cazuza, Lucinha Araújo, afirmou que o filho nunca disse isso e esclareceu que a frase é de autoria dos humoristas do Casseta e Planeta.Em uma carta aberta, Lucinha cobrou uma retratação. Nesta terça, Vélez Rodríguez ligou para ela a fim de pedir desculpas.""Eu achei que ele além de ser mal informado, ele foi leviano de dar uma declaração dessas"", afirmou Lucinha Araújo. ""Como é que o senhor pôs na boca do meu filho? Ele disse: Ah! senhora, mil perdões. Eu não sei como eu vou me desculpar. Eu falei: Quero que o senhor se desculpe publicamente"", relatou.No fim da tarde, o ministro da Educação se desculpou em uma rede social. Disse que a conversa foi tocante e que combinou uma visita a Lucinha Araújo quando for ao Rio. E finalizou: ""O amor do coração de uma mãe por seu filho é algo valoroso"".A presidente do movimento Todos Pela Educação, Priscila Fonseca da Cruz, também criticou declarações do ministro. Ela disse que o país precisa identificar e enfrentar os problemas reais da educação.""O problema central da educação brasileira é que a gente não tem conseguido garantir aprendizagem dos nossos alunos. Esse é o principal desafio. E como que a gente resolve esse desafio? Com formação de professores, escolas bem geridas, com tempo integral, com material didático de qualidade, com uma boa base nacional curricular. É assim que se resolve"", declarou.As declarações do ministro da Educação também provocaram reações no Congresso.Na Câmara e no Senado, já estão prontos pedidos para que Ricardo Vélez Rodríguez explique as declarações, consideradas desrespeitosas, preconceituosas e que atacam direitos garantidos na Constituição.No Senado, Randolfe Rodrigues (Rede-AP), líder do partido, contestou o ministro e disse que a educação é direito de todos.""Não se pode, a despeito de querer banir uma pretensa ideologização, tentar impor uma outra ideologia nas escolas. Na verdade, o que ele argumenta fere um princípio constitucional que é o princípio da liberdade de cátedra. E do pluralismo de ideias pelo qual está assentada a nossa educação"", disse o senador.""Está na nossa Constituição: educação é dever de todos, é direito de todos e é dever do estado. Ele, ao se referir à universidade só para alguns, desconhece um princípio constitucional elementar"", afirmou Randolfe Rodrigues.O deputado Alessandro Molon (PSB-RJ) quer que o ministro vá ao plenário da Câmara dar explicações.""Ele atacou de forma inaceitável a honra dos brasileiros, chamando a todos de ladrões. E nós não aceitamos isso. Ele tem que vir à Câmara se explicar e pedir desculpas aqui ao povo brasileiro"", disse Molon.A assessoria de Vélez Rodriguez divulgou uma nota em que declara que, ao falar sobre as universidades, o ministro queria dar ênfase à valorização do ensino básico e técnico.Para ele, segundo a nota, o ensino superior está aberto a todos os estudantes que quiserem ingressar por livre escolha, e não por imposição do mercado.Sobre a declaração de que o brasileiro viajando é um canibal, a assessoria do ministro afirmou que ele estava se referindo a casos específicos de determinados jovens e não quis generalizar. "	-1
161	"""Ela [Laurita Vaz] negou 143 habeas corpus a Lula..."" ""Primeira parte do texto que acompanha imagem que aparece no Monitor do WhatsApp da UFMG como uma das mais compartilhada do dia 22 de novembro de 2018 e que também está sendo compartilhada no Facebook"" ""Em julho deste ano, a então presidente do STJ, ministra Laurita Vaz, ne"""	" #Verificamos: Laurita Vaz negou habeas corpus de Lula, mas não mandou soltar AbdelmassihDecisões de ministra do STJ viralizaram nas redes sociais com informações truncadasCircula nas redes sociais uma imagem que indica que a ministra e ex-presidente do Superior Tribunal de Justiça (STJ) Laurita Vaz negou pedidos de liberdade do ex-presidente Luiz Inácio Lula da Silva e aceitou o pedido de liberdade do médico Roger Abdelmassih, condenado a 278 anos de prisão por ter estuprado pacientes. Por meio do projeto de verificação de notícias, usuários do Facebook solicitaram que esses dados fossem analisados. Confira a seguir o trabalho de verificação feito pela Lupa:""Ela [Laurita Vaz] negou 143 habeas corpus a Lula...""Primeira parte do texto que acompanha imagem que aparece no Monitor do WhatsApp da UFMG como uma das mais compartilhada do dia 22 de novembro de 2018 e que também está sendo compartilhada no FacebookVERDADEIROEm julho deste ano, a então presidente do STJ, ministra Laurita Vaz, negou, de uma só vez, 143 pedidos de liberdade feitos por simpatizantes do ex-presidente Luiz Inácio Lula da Silva, preso desde abril. Na decisão, Vaz afirmou que o Poder Judiciário não poderia ser usado como ""balcão de reivindicações ou manifestações de natureza política ou ideológico-partidárias"". Os pedidos eram padronizados e tinham como subtítulo ""Ato Popular 9 de julho de 2018 - Em defesa das garantias constitucionais"". As ações contestavam o fato de Lula estar cumprindo pena a partir de sua condenação em segunda instância.""...mas livrou da cadeia Roger Abdelmassih, estuprador de mais de 40 mulheres""Segunda parte do texto que acompanha imagem que aparece no Monitor do WhatsApp da UFMG como uma das mais compartilhada do dia 22 de novembro de 2018 e que também está sendo compartilhada no FacebookEXAGERADOA ministra Laurita Vaz não decidiu pela soltura do médico Roger Abdelmassih. Em julho de 2017, a magistrada determinou que ele cumprisse sua pena em prisão domiciliar, em virtude de um erro cometido pelo Ministério Público na formulação do pedido de cumprimento da pena em regime fechado. Abdelmassih foi condenado em primeira instância a 278 anos de prisão por ter estuprado 37 mulheres em sua clínica de reprodução humana. Em 2014, a pena foi reduzida para 181 anos. Em agosto daquele ano, depois de passar três anos foragido, o médico foi localizado em Assunção, no Paraguai. Em 2017, Abdelmassih viveu um vaivém entre o sistema prisional e sua casa, em virtude de uma série de liminares da Justiça que ora o mandavam cumprir prisão domiciliar ora o enviavam de volta ao presídio. Atualmente, Abdelmassih cumpre pena em um apartamento na cidade de São Paulo. De acordo com seus advogados, ele sofre de insuficiência cardíaca crônica e necessita cuidados médicos.*Nota: esta reportagem faz parte do projeto de verificação de notícias no Facebook. Dúvidas sobre o projeto? Entre em contato direto com o Facebook.Editado por: Cristina Tardáguila"	-1
162	"É preciso que a vida volte ao normal. E isso não é possível se a empresa não assumir de forma muito clara as suas responsabilidades. A procuradora-geral da República, Raquel Dodge, afirmou nesta quinta-feira (31) que a Vale, empresa responsável pela barragem de rejeitos que se rompeu em Brumadinho (MG), deve assumir ""suas responsabilidades"" independentemente de ações judiciais."	"""Dodge diz que Vale não tem de esperar ações judiciais para reparar vítimas de Brumadinho""Procuradora-geral da República chorou ao falar sobre a tragédia: É impossível ouvir todo esse relato e não se emocionar, disse Dodge sobre as vítimas do rompimento da barragem. A procuradora-geral da República, Raquel Dodge, afirmou nesta quinta-feira (31) que a Vale, empresa responsável pela barragem de rejeitos que se rompeu em Brumadinho (MG), deve assumir ""suas responsabilidades"" independentemente de ações judiciais.A procuradora conversou com jornalistas na manhã desta quinta após audiência com representantes do Movimento dos Atingidos por Barragens (MAB), na sede da Procuradoria-Geral da República, em Brasília.Na última sexta-feira (25), uma barragem de rejeitos da Vale se rompeu na cidade de Brumadinho, matando pessoas e animais, destruindo casas, pousadas e vegetação.""É preciso que a vida volte ao normal. E isso não é possível se a empresa não assumir de forma muito clara as suas responsabilidade imediatamente, independentemente de ações judiciais. É preciso tratar dessa questão também extrajudicialmente, mediante a uma atuação direta que ouça os atingidos, que os ouça para saber dos seus interesses"", afirmou Raquel Dodge.A procuradora disse, ainda, que a expectativa do MP é a de que as soluções extrajudiciais para o caso sejam mais rápidas.""Cada um assumindo o seu dever de responsabilidade de indenizar, adotar medidas emergenciais"", afirmou.Durante a entrevista, Raquel Dodge se emocionou. Com os olhos marejados e a voz embargada, disse que era muito difícil ""não se emocionar"" diante dos relatos dos parentes das vítimas.""Não é possível não sentir essa dor. Não é possível ignorar que tem mais de 400 pessoas nessa situação de desaparecimento e, portanto, pessoas que têm parentes, que têm amigos, que são brasileiros como nós. É muito difícil ouvir todo esse relato e não se emocionar"", declarou.Na segunda-feira (28), a procuradora afirmou que executivos da Vale podem ser responsabilizados pela tragédia e defendeu revisão do protocolo de segurança de barragens.Durante declaração à imprensa Dodge admitiu falhas de atuação do Ministério Público em relação à tragédia de Mariana.Em novembro de 2015, o rompimento da barragem de Fundão, em Mariana (MG), deixou 19 mortos e causou uma enxurrada de lama que gerou graves danos ambientais.Segundo Dodge, a demora em definir a competência de atuação das justiças federais e estaduais, bem como dos ministérios públicos federais e estaduais, fez com que se perdesse tempo em ações de reparação às vítimas.""Um dos erros é na própria demora de quem tem atribuição de fazer o quê. Como nós estamos num estado federal, há certas medidas que são de atribuição do Ministério Público Federal, outras do Ministério Público Estadual. Algumas questões devem ser lavados à Justiça do Trabalho e outras às Justiça Federal e Estadual"", afirmou a procuradora.Segundo ela, essa indefinição foi um dos erros do modelo de atuação em Mariana. ""Perdemos muito tempo em relação a isso"", afirmou.Dodge, que também é a presidente do Conselho Nacional do Ministério Público, se encontrará com o presidente do Supremo Tribunal Federal (STF), Dias Toffoli, nesta tarde.Segundo a procuradora, será criado um observatório para acompanhar o trabalho dos promotores e dos juízes do caso, tanto do ponto de vista judicial quanto do extrajudicial.O objetivo é mostrar coesão da Justiça com o Ministério Público em relação ao rompimento da barragem em Brumadinho.""Há promotores encarregados deste assunto. Há instituições diretamente vinculadas com a adoção de medidas imediatas, como já tem sido feito. E o meu trabalho como procuradora-geral é fortalecer essa atuação. Não deixar que falte a estrutura adequada"", disse Dodge.Membro da coordenação nacional dos Movimentos dos Atingidos por Barragens, Joceli Andreoli, disse que é preciso uma legislação que garanta a segurança das estruturas que armazenam os rejeitos, proibindo a construção de barragens no modelo montante.Nesta terça-feira, a Vale informou que vai desativar todas as suas barragens construídas de acordo com este modelo.""É preciso ter uma legislação que acabe com essa lógica da privatização do licenciamento ambiental, onde as empresas mineradoras se autolicenciam, onde o Estado não tem instrumentos necessários para a fiscalização. Então, é necessário um novo marco legal para o desativamento"", afirmou.Na última sexta-feira (25), uma barragem de rejeitos da Vale se rompeu na cidade de Brumadinho (MG), matando pessoas e animais, destruindo casas, pousadas e vegetação. A lama já percorreu mais de 80 km desde o dia do acidente.O governo de Minas desaconselhou o uso da água do Rio Paraopeba para consumo humano e animal sem tratamento, até que a situação seja normalizada.Até a manhã desta quinta-feira (31), foram confirmadas 99 mortes e 176 desalojados. É o 7º dia de buscas por vítimas na região do acidente.Desde o acidente, a Vale já foi multada pelo Instituto Brasileiro do Meio Ambiente e dos Recursos Naturais Renováveis (Ibama) em R$ 250 milhões e pela Secretaria de Estado de Meio-Ambiente e Desenvolvimento Sustentável (Semad) de Minas Gerais em R$ 99 milhões. "	-1
163	STJ decide por unanimidade que ex-governador de MS e filho respondam processo em liberdade. O Superior Tribunal de Justiça (STJ) decidiu por unanimidade nesta segunda-feira (18), revogar a prisão do ex-governador André Puccinelli e do filho dele, André Puccinelli Júnior. Eles foram soltos no dia 19 de dezembro do ano passado por uma liminar da ministra Laurita Vaz, e cumpriam medidas cautelares.	"""STJ decide por unanimidade que ex-governador de MS e filho respondam processo em liberdade""De acordo com a defesa, os dois devem continuar distantes dos demais investigados e suspensos de funções públicas. Eles são réus por lavagem de dinheiro e ocultação de provas. O Superior Tribunal de Justiça (STJ) decidiu por unanimidade nesta segunda-feira (18), revogar a prisão do ex-governador André Puccinelli e do filho dele, André Puccinelli Júnior. Eles foram soltos no dia 19 de dezembro do ano passado por uma liminar da ministra Laurita Vaz, e cumpriam medidas cautelares.Os dois foram presos no dia 20 de julho de 2018 junto com o advogado João Paulo Calves, na quinta fase da operação Lama Asfáltica, que recebeu o nome de Papiros de Lama. Eles são réus por lavagem de dinheiro e ocultação de provas, acusados de recebimento de valores pelo Grupo J&amp;F.Segundo a defesa, os réus devem continuar distantes dos demais investigados e suspensos de funções públicas. Eles seguem cumprindo medidas cautelares.Puccinelli e o filho já tinham sido presos pela PF em 2017, e soltos por determinação judicial. De acordo com a PF, entre as provas contra os réus estão repasses da JBS ao instituto Ícone, empresa de cursos jurídicos do filho do ex-governador. Segundo delator, a JBS pagou R$ 1,2 milhão à empresa de Puccinelli Júnior. A polícia também juntou ao processo análises de materiais apreendidos no instituto.Puccinelli, o filho, o advogado são investigados pela Polícia Federal por suposta relação com esquema de corrupção e lavagem de dinheiro. Em abril de 2018, o juiz Marcel Henry Batista de Arruda, da 1ª Vara de Direitos Difusos Coletivos e Individuais Homogêneos de Campo Grande, aceitou a denúncia de improbidade administrativa contra o ex-governador e outros quatro, todos investigados na Operação Lama Asfáltica.Em janeiro do ano passado, a 3ª Vara da Justiça Federal de Campo Grande aceitou denúncia contra o ex-governador e outros 12 acusados de cometerem crimes de estelionato e contra o patrimônio público. Os mesmos citados já tinham sido denunciados pela acusação de desvio de recursos públicos e lavagem de dinheiro.André Puccinelli e o filho tinham sido presos poucos meses antes da denúncia, em novembro de 2017, durante a 5ª fase da operação Lama Asfáltica, chamada de Papiros de Lama, que apura corrupção e lavagem de dinheiro envolvendo a empresa de cursos jurídicos do advogado Puccinelli Júnior. Eles foram soltos por determinação judicial.Em janeiro de 2018, a PF indiciou 25 pessoas por lavagem de dinheiro, entre as quais o ex-governador André Puccinelli, o filho dele e a ex-secretária de Educação, Maria Nilene Badeca da Costa. O indiciamento foi relacionado às investigações da Papiros de Lama.Na época em que a Papiros de Lama foi desencadeada, o ex-governador foi apontado como chefe de um esquema de propina existente há mais de 10 anos em Mato Grosso do Sul. O montante de desvio comprovado, até aquele momento pelas investigações era de R$ 235 milhões, conforme divulgou na época o delegado da Polícia Federal, Cléo Mazzotti.A primeira operação da PF sobre desvio de dinheiro público em gestões anteriores do governo do estado foi deflagrada em 9 de julho de 2015. A ação apurava fraude em obras públicas, em uma delas, a grama que deveria ser plantada ao longo de três rodovias era substituída por capim. Todos os investigados negaram as acusações.Segunda fase da investigação, a operação Fazendas de Lama ocorreu em 10 de maio de 2016. Foi a primeira vez que a PF esteve na casa do ex-governador André Puccinelli. Investigação da PF, CGU e Receita indicaram que o dinheiro obtido com corrupção foi usado para a compra de fazendas, daí o nome da ação.Em julho de 2016, CGU, Receita e PF deflagraram a terceira fase da operação: a Aviões de Lama. Apurações apontaram que os investigados sobre corrupção estavam revendendo bens de alto valor e dividindo o dinheiro com diversas pessoas, com o objetivo de ocultar a origem.A quarta fase da Lama Asfáltica, Máquinas de Lama, foi deflagrada em maio de 2017. Conforme a PF, os alvos direcionavam licitações públicas, superfaturavam obras, faziam aquisição fictícia ou ilícita de produtos e corrompiam agentes públicos. Os recursos desviados resultaram em lavagem de dinheiro. "	-1
164	O Globo destaca que as vítimas eram jogadores da categoria de base do Flamengo e tinham entre 14 e 16 anos. O Globo destaca que as vítimas eram jogadores da categoria de base do Flamengo e tinham entre 14 e 16 anos.	"""Incêndio mata 10 jovens da base do Flamengo; Gilmar apela a Toffoli e Receita é investigada. Jornais de sábado (9)""Veja quais são as notícias de destaque nos matutinos brasileiros Os principais jornais brasileiros repercutem o incêndio da madrugada desta sexta-feira (8) no CT do Flamengo, no Rio de Janeiro, que deixou 10 jovens mortos. O Globo destaca que as vítimas eram jogadores da categoria de base do Flamengo e tinham entre 14 e 16 anos. De acordo com o matutino carioca, as vítimas estavam dormindo quando o fogo começou e não conseguiram fugir a tempo.Três jovens conseguiram escapar e um deles foi encaminhado a um hospital municipal com queimaduras graves. As semifinais da Taça Guanabara foram adiadas para o meio da semana e a prefeitura decretou luto. Outros times cariocas, como Fluminense, Vasco e Botafogo, prestaram solidariedade ao Flamengo. ""Sonhos interrompidos"", destaca o título principal do Globo.A Folha de S.Paulo comenta que o CT ainda não tinha alvará de funcionamento após ser comprado com o dinheiro da venda de Zico para a Udinese, em 1984. Segundo o matutino, a prefeitura havia lacrado o local em 2017, mas o Flamengo continuou a usá-lo.A Polícia Civil ainda investiga a causa do incêndio, mas há a suspeita de que o fogo tenha começado depois de uma pane em um dos ar condicionados do CT. ""Incêndio mata 10 e fere 3 jovens no CT do Flamengo"", sublinha a manchete da Folha.O Estado de S.Paulo também comenta o incêndio no CT do Flamengo e faz um histórico de tragédias recentes que o país viveu, como o rompimento da barragem em Mariana (MG), o incêndio na boate Kiss (RS) e, mais recentemente, a tragédia envolvendo a barragem de Brumadinho (MG).Sociólogos ouvidos pelo matutino afirmam que a sensação de impunidade e a falta de um princípio de responsabilidade prejudicam a prevenção e a fiscalização que podem evitar tragédias semelhantes. ""Um país que não aprende"", informa a manchete do Estadão.A Folha destaca ainda, na primeira página, que o ministro Gilmar Mendes, do Supremo Tribunal Federal (STF), pediu ao presidente da Corte, Dias Toffoli, a adoção de medidas urgentes para apurar a iniciativa de auditores fiscais de investigarem o magistrado e sua família.O matutino enfatiza que a Receita Federal abriu uma investigação para apurar supostos focos de corrupção, lavagem de dinheiro, ocultação de patrimônio ou tráfico de influência por parte de Gilmar e de sua esposa. "	-1
165	"Ministro do Turismo desiste de recurso no STF no caso sobre supostos candidatos-laranja. O recurso havia sido feito por ""decisão unilateral e sem a anuência ou concordância"" de Marcelo Álvaro Antônio, com o objetivo de cumprir os prazos processuais. "	"""Ministro do Turismo desiste de recurso no STF no caso sobre supostos candidatos-laranja""Defesa de Marcelo Álvaro Antônio (PSL) havia pedido para processo ser transferido da Justiça de MG para o STF; Fux negou, e advogados recorreram. Ministro do Turismo nega irregularidades. A defesa do ministro do Turismo, Marcelo Álvaro Antônio (PSL-MG), apresentou nesta quinta-feira (7) ao Supremo Tribunal Federal (STF) um pedido de desistência de um recurso no caso dos supostos ""candidatos-laranja"" do partido.Os advogados de Marcelo Álvaro Antônio haviam pedido a transferência do processo da Justiça de Minas Gerais para o Supremo. Ao analisar o caso, o ministro Luiz Fux negou, e os advogados do ministro do Turismo recorreram.Em nota divulgada nesta quinta, a defesa do ministro do Turismo informou que o recurso havia sido feito por ""decisão unilateral e sem a anuência ou concordância"" de Marcelo Álvaro Antônio, com o objetivo de cumprir os prazos processuais. Segundo os advogados, a desistência atende a uma determinação do ministro.No recurso, a defesa pedia que Fux reconsiderasse a decisão da semana passada ou levasse o caso para julgamento no plenário. Agora, caberá ao ministro decidir se homologa a desistência do recurso.A investigação apura supostas irregularidades no repasse de recursos do Fundo Especial de Financiamento de Campanha pelo PSL a quatro candidatas nas eleições de 2018.Marcelo Álvaro Antônio presidia o diretório estadual do PSL em Minas Gerais nas eleições, e parte do dinheiro enviado a quatro candidatas, segundo as investigações, foi devolvida a assessores ligados ao ministro.A defesa do ministro afirma que ele ""vai comprovar que as denúncias são infundadas"".Os advogados de Marcelo Álvaro Antônio argumentaram ao STF que o ministro deveria ser investigado na Corte uma vez que os supostos delitos teriam sido cometidos no exercício do mandato de deputado federal e em razão da atividade parlamentar.Em maio do ano passado, o Supremo restringiu o foro privilegiado de parlamentares a essas situações.Os advogados sustentavam, ainda, que o ministro foi reeleito deputado em outubro, e os fatos têm relação com o mandato parlamentar, já que, supostamente, se referem à campanha dele. "	-1
166	"""Dodge pediu inclusão de provas em processo da J&F e reafirmou que delatorez violaram acordo"". ""PGR pediu inclusão de ações contra ex-procurador e contra executivos do grupo no processo de rescisão da delação"". ""STF deve julgar ainda neste ano validade dos acordos de colaboração"". ""A procuradora-geral da República, Raquel Dodge, pediu nesta quinta-feira (31) ao Supremo Tribunal Federal (STF) a inclusão de novas provas no procedimento sobre a validade da delação de executivos do grupo J&F""."	"""Dodge pede inclusão de provas em processo da J&F e reafirma que delatores violaram acordo""PGR pediu inclusão de ações contra ex-procurador e contra executivos do grupo no processo de rescisão da delação. STF deve julgar ainda neste ano validade dos acordos de colaboração. A procuradora-geral da República, Raquel Dodge, pediu nesta quinta-feira (31) ao Supremo Tribunal Federal (STF) a inclusão de novas provas no procedimento sobre a validade da delação de executivos do grupo J&amp;F.Ela também reafirmou que, na visão da Procuradoria, os colaboradores violaram o acordo firmado com o Ministério Público.Em setembro de 2017, a Procuradoria _ na gestão de Rodrigo Janot _ pediu a revogação dos acordos de quatro executivos (Joesley Batista, Wesley Batista, Francisco de Assis e Ricardo Saud) por suposta omissão. Eles teriam deixado de informar sobre suposta orientação do ex-procurador Marcelo Miller quando ele ainda integrava o MP.Depois de assumir a PGR, Dodge reiterou o pedido para anulação dos acordos. O STF deve julgar ainda em 2019 a validade das colaborações e o destino das provas entregues pelos delatores. Eles negam qualquer tipo de omissão ou irregularidade e afirmam que colaboraram efetivamente com a Justiça.O relator das delações, ministro Luiz Edson Fachin, autorizou coleta de provas sobre o episódio e ouviu uma série de depoimentos _ em dezembro de 2018, os executivos foram ouvidos por um juiz auxiliar de Fachin.Dodge informou que já havia pedido a juntada de duas novas provas, mas que ainda não havia sido atendida: a inclusão da ação penal aberta contra Marcelo Miller na Justiça Federal do Distrito Federal e da ação penal contra Joesley e Wesley que corre em São Paulo sobre a suposta prática de insider trading _ uso de informações privilegiadas para lucrar no mercado.Segundo ela, com o depoimento dos colaboradores, é preciso concluir a fase de coleta de provas. E, completou Dodge, a juntada dessas duas ações são ""imprescindíveis"" para comprovação de que os executivos ""violaram"" os acordos"".""Considerando o término da fase de produção da prova oral, ocorrido com a oitiva dos colaboradores no dia 18/12/2018, mister se faz seja o pedido de produção de prova ministerial apreciado e sejam deferidas as diligências requeridas oportunamente pela PGR, tendo em vista sua imprescindibilidade para deslinde da controvérsia versada nos presentes autos, na medida em que demonstram que os requeridos (colaboradores) violaram cláusulas do acordo de colaboração premiada firmado com o MPF"", disse Raquel Dodge.Em nota, o grupo J&amp;F afirmou que não há comprovação de que Miller orientou os colaboradores na área criminal e que afirmar isso é ""tentativa de anular as provas produzidas no bojo dessa colaboração e que tanto contribuíram com o interesse público no combate à corrupção"".Leia a íntegra:Marcello Miler não teve qualquer participação na negociação do acordo de colaboração. Tampouco restou comprovado ao longo da instrução no Supremo Tribunal Federal qualquer interferência dele ao longo desse processo junto a PGR. Em depoimento ao STF, todas as testemunhas negaram qualquer contato de Miller com a PGR ou com os colaboradores a respeito de colaboração. O Escritório Trench, Rossi e Watanabe, que tinha Miller como sócio-chefe da área de compliance, foi responsável pelo acordo de leniência e não de colaboração. Afirmar o contrário é uma tentativa de anular as provas produzidas no bojo dessa colaboração e que tanto contribuíram com o interesse público no combate à corrupção. "	-1
167	Brasil e Parguay fazem parte do Grupo de Lima que não reconhece a legitimidade do segundo mandato de Nicolás Maduro e apoia o autoproclamado presidente interino da Venezuela. O presidente Jair Bolsonaro recebe, na próxima terça-feira (12), visita oficial do presidente paraguai Mario Abdo Benítez. O foco das reuniões oficiais deve ser na agenda econômica e nos próximos passos adotados pelos países em relação à crise política na Venezuela. 	"""Em visita ao Brasil, presidente do Paraguai vai discutir economia e Venezuela com Bolsonaro""Brasil e Paraguai fazem parte do Grupo de Lima que não reconhece a legitimidade do segundo mandato de Nicolás Maduro e apoia o autoproclamado presidente interino da Venezuela. O presidente Jair Bolsonaro recebe, na próxima terça-feira (12), visita oficial do presidente paraguaio Mario Abdo Benítez. O foco das reuniões oficiais deve ser na agenda econômica e nos próximos passos adotados pelos países em relação à crise política na Venezuela.Brasil e Paraguai fazem parte do Grupo de Lima que não reconhece a legitimidade do segundo mandato de Nicolás Maduro na comando da Venezuela.O grupo considera que a eleição na Venezuela não foi livre, nem transparente, e apoia o autoproclamado presidente interino da Venezuela, Juan Guaidó. No início de janeiro, o governo do Paraguai anunciou rompimento das relações com a Venezuela.O Grupo de Lima foi criado em 2017 por iniciativa do governo peruano e com o objetivo de pressionar para o restabelecimento da democracia na Venezuela. O grupo é formado por: Argentina, Brasil, Canadá, Colômbia, Costa Rica, Chile, Guatemala, Guiana, Honduras, México, Panamá, Paraguai e Peru.Segundo o secretário de Negociações Bilaterais e Regionais nas Américas, embaixador Pedro Miguel da Costa e Silva, os governos de Brasil e Paraguai estão ""muito alinhados"" nas relações bilaterais e com os outros países, ""principalmente em relação à Venezuela"". O futuro do Mercosul e as agendas internas de cada país também devem entrar na pauta.Sobre a agenda econômica entre os dois países, um dos principais pontos da agenda econômica é a construção de duas novas pontes ligando Brasil e Paraguai _ uma em Foz do Iguaçu (PR), e outra em Porto Murtinho (MS). A previsão é de que as obras durem cerca de três anos e custem cerca de R$ 70 milhões, sendo que cada país vai custear uma delas.O embaixador também citou preocupações compartilhadas entre os dois chefes de Estado, ""como o combate aos ilícitos transnacionais, os desafios nas fronteiras, temas de segurança, temas de defesa. Evidentemente, vamos falar de comércio também.""Na última semana, Bolsonaro e Benítez se encontraram na cerimônia de posse do novo diretor-geral brasileiro da usina de Itaipu Binacional, general Joaquim Silva e Luna. Segundo o Itamaraty, no entanto, não há previsão de nenhum anúncio ou assinatura nas próximas semanas. O tratado assinado entre os países para viabilizar a usina expira em 2023.O encontro de Bolsonaro e Benítez no Brasil prevê uma reunião fechada entre os chefes de Estado, seguida de uma reunião ampliada com ministros, um almoço e uma coletiva de imprensa. A lista de autoridades paraguaias na comitiva de Benítez não tinha sido fechada até esta quinta (7).Uma das pontes a serem construídas entre Brasil e Paraguai ligará Foz do Iguaçu à cidade paraguaia de Presidente Franco, passando pelo Rio Paraná. A ideia é aliviar o fluxo de cargas sobre a Ponte da Amizade, que liga Foz do Iguaçu a Ciudad del Este. Essa obra deve ser custeada pela Itaipu Binacional e, segundo o governo, as obras devem começar ainda em 2019.A segunda ponte é prevista entre Porto Murtinho (MS) e Carmelo Peralta, sobre o Rio Paraguai. Neste caso, a intenção é melhorar a ligação entre os produtores do Centro-Oeste e os portos no norte do Chile, dentro do pacote de integração conhecido como ""Corredor Bioceânico"".Neste caso, o acordo que já foi firmado prevê divisão de custos entre Brasil e Paraguai. O Itamaraty diz que o governo do Paraguai já se comprometeu a arcar com o valor total em uma declaração conjunta, mas a mudança ainda terá de ser aprovada pelo Legislativo dos dois países. "	-1
168	"""Relevância do caso levou habeas corpus de presos por tragédia em Brumadinho para turma do STJ."" ""A 6ª Turma decidiu nesta terça-feira (5), por unanimidade, conceder a liberdade aos cinco investigados presos após a tragédia."" ""A decisão dos ministros Nefi Cordeiro, Antônio Saldanha Palheiro e Rogerio Schietti Cruz é liminar (provisória)."""	"""Relevância do caso levou habeas corpus de presos por tragédia em Brumadinho para turma do STJ"" O julgamento do habeas corpus de três funcionários da Vale e de dois engenheiros da empresa TUV SUD, que prestava serviços à empresa, foi levado ao colegiado da 6ª Turma do Superior Tribunal de Justiça (STJ) devido à complexidade do caso.O ministro Nefi Cordeiro, relator do pedido de habeas corpus, poderia ter decidido monocraticamente, mas o gabinete o aconselhou a levar a decisão à 6ª Turma pela relevância, apelo e complexidade do pedido que envolve o rompimento da barragem da empresa Vale em Brumadinho (MG). A tragédia deixou 134 mortos e 199 desaparecidos até o momento.A 6ª Turma decidiu nesta terça-feira (5), por unanimidade, conceder a liberdade aos cinco investigados presos após a tragédia. A decisão dos ministros Nefi Cordeiro, Antônio Saldanha Palheiro e Rogerio Schietti Cruz é liminar (provisória).Outros casos de repercussão também já foram encaminhados às turmas do STJ pela complexidade. Em 2017, por exemplo, o ministro Sebastião Reis Júnior encaminhou os pedidos de habeas corpus dos irmãos Wesley e Joesley Batista, da JBS, para julgamento da 6ª Turma do tribunal.Na ocasião, apenas Sebastião, que era relator dos pedidos, votou pela concessão da liberdade aos empresários. Em decisão no plenário, os demais ministros foram contrários à concessão do habeas corpus.Em outro caso complexo, a ministra Maria Thereza de Assis Moura encaminhou à 6ª Turma do STJ o recurso em habeas corpus apresentado pela defesa de Luiz Paulo Reis, preso após a deflagração da Operação Calicute, que investigou um esquema de propinas que funcionou durante a gestão de Sérgio Cabral como governador do Rio de Janeiro, no período de 2007 a 2014. "	-1
169	"""A defesa de Delúbio Soares reclama de juíza e pede novo depoimento de Bumlai."" ""Os advogados afirnam que, durante o depoimento de Bumlai em fevereiro deste ano, o pecuarista mudou a versão dos fatos que narrava ao ser confronhadocom relato prestados à Justiça em 2016 em outro processo."" ""A defesa argumenta que, inicialmente, Bumlai teria afirmado ""categoricamente"" que Delúbio Soares ""não fez qualquer menção a pedidos de empréstimos e nem a destinações dos valores dos empréstimos feitos ao Banco Schahin ou ao [próprio] José Carlos Costa Marques Bumlai""."""	"""Defesa de Delúbio Soares reclama de juíza e pede novo depoimento de Bumlai"" A defesa de Delúbio Soares encaminhou pedido à Justiça Federal do Paraná solicitando que o pecuarista José Carlos Bumlai seja interrogado novamente em processo que apura a participação do ex-tesoureiro do PT e de outros cinco suspeitos em um suposto esquema de corrupção envolvendo o Banco Schahin.Os advogados afirmam que, durante o depoimento de Bumlai em fevereiro deste ano, o pecuarista mudou a versão dos fatos que narrava ao ser confrontado pela juíza Carolina Moura Lebbos em relação relatos prestados à Justiça em 2016 em outro processo. A magistrada é responsável pela execução penal de condenados da Lava Jato.A defesa argumenta que, inicialmente, Bumlai teria afirmado ""categoricamente"" que Delúbio Soares ""não fez qualquer menção a pedidos de empréstimos e nem a destinações dos valores dos empréstimos feitos ao Banco Schahin ou ao [próprio] José Carlos Costa Marques Bumlai"".No entanto, ao ser confrontado com o depoimento de 2016, Bumlai teria mudado a versão e reafirmado que o ex-tesoureiro petista fez parte de reunião no banco em que, supostamente, foi tratado o esquema de corrupção.Segundo os advogados de Delúbio, a juíza tinha como objetivo obrigar o pecuarista a manter as mesmas versões sob pena de acusação de falso testemunho.Outro ponto levantado pela defesa do petista é o fato de que, se a Justiça usaria um depoimento anterior, não teria necessidade de ouvir Carlos Bumlai novamente. Para a defesa, a Justiça pressionou a testemunha a repetir a versão.No pedido, a defesa reproduziu trechos do depoimento em que a juíza pede a Bumlai para confirmar o depoimento anterior.Em um dos trechos da audiência, a magistrada faz referência ao depoimento dado em 2016 e pede que Bumlai confirme a versão de que algumas pessoas _ entre as quais Delúbio _ haviam participado da reunião na sede do Banco Schahin.Ao responder, Bumlai enfatizou: ""Se eu disse isso eu confirmo"".O suposto esquema é investigado em um processo aberto em 2016 no âmbito das ações da Lava Jato. Apesar de ser citado na denúncia do Ministério Público Federal (MPF), o pecuarista José Carlos Bumlai não foi inserido na lista de investigados por ter mais de 70 anos. "	-1
170	"""Defesa de Jucá pede ao STF para arquivar inquérito sobre suposto esquema em Santo Antônio."" Os advogados do ex-senador Romero Jucá (MDB-RR) pediram ao Supremo Tribunal Federal (STF) o arquivamento do inquérito que apura se ele participou de esquema de corrupção envolvendo o processo licitatório do Projeto Madeira (Usina Hidrelétrica de Santo Antônio).Os advogados rebatem a manifestação da Procuradoria-Geral da República (PGR) que, na última semana, pediu que o inquérito seja encaminhado à Seção Judiciária do Paraná. ""A tentativa da PGR de prolongar a situação flagranmente constrangedora em que se encontra o ora requerentte que, há quase 2 anos vem sendo investigado."""	"""Defesa de Jucá pede ao STF para arquivar inquérito sobre suposto esquema em Santo Antônio"" Os advogados do ex-senador Romero Jucá (MDB-RR) pediram ao Supremo Tribunal Federal (STF) o arquivamento do inquérito que apura se ele participou de esquema de corrupção envolvendo o processo licitatório do Projeto Madeira (Usina Hidrelétrica de Santo Antônio).No pedido de arquivamento, a defesa, liderada pelo criminalista Antonio Carlos de Almeida Castro, o Kakay, ressalta que o inquérito teve início em abril de 2017 e que ainda não houve comprovação da culpa de Romero Jucá no caso.Os advogados rebatem a manifestação da Procuradoria-Geral da República (PGR) que, na última semana, pediu que o inquérito seja encaminhado à Seção Judiciária do Paraná. Para a defesa, caso o processo não seja arquivado, deve ser enviado à Justiça do Distrito Federal.""A tentativa da PGR de prolongar a situação flagrantemente constrangedora em que se encontra o ora requerente que, há quase 2 anos vem sendo investigado mesmo ausentes os mínimos indícios de materialidade e autoria, não merece guarida deste Colendo Tribunal, devendo a investigação contra o ex-Senador Romero Jucá ser arquivada"", destacam os advogados.Como o blog informou, o ministro Edson Fachin pediu que a PGR dissesse se o inquérito sobre Jucá seria caso de arquivamento. Em resposta, a PGR afirmou que as investigações seguem seu curso natural, e pediu o encaminhamento do processo para a primeira instância, já que o ex-senador não tem mais foro privilegiado por prerrogativa de função.""Não há que se falar em arquivamento, haja vista que as medidas investigativas estão seguindo o curso natural, com grande possibilidade de permitir a formação do juízo sobre a responsabilidade penal do investigado, sem prejuízo de outros delitos"", argumentou a PGR.Neste inquérito, Romero Jucá é suspeito de receber R$ 10 milhões em propina da Odebrecht e da Andrade Gutierrez para beneficiar as empresas na licitação do Projeto Madeira (Usina Hidrelétrica de Santo Antônio). Caberá ao ministro Edson Fachin, relator do inquérito, decidir sobre o arquivamento ou envio do processo para a primeira instância.Nesta semana, Fachin determinou o arquivamento de um inquérito que investigava o ex-senador Edison Lobão. Ele era suspeito de participar de esquema de corrupção envolvendo projetos de usinas hidrelétricas no Rio Madeira. O arquivamento foi solicitado pela PGR, que afirmou não ter coletado provas suficientes que justificassem a continuidade do caso.Em dezembro de 2018, o ministro Gilmar Mendes determinou o arquivamento de outro inquérito aberto contra o ex-senador Romero Jucá. Aberto em 2010, Jucá era investigado pelos crimes de falsidade ideológica, desvio de contribuições previdenciárias e crimes contra a ordem tributária.Na época, Gilmar Mendes acatou a manifestação da PGR, que afirmou que, ao longo de 8 anos de investigações, não reuniu provas mínimas contra o ex-senador. "	-1
171	"""Sociedade tem que se insurgir caso algum senador derubbe o resultado da votação que estabeleceu voto aberto para a escolha do novo presidente da Casa.Os senadores decidiram, por 50 votos a 2 (1 abstenção; 28 não votaram), realizar uma votação aberta e nominal na eleição que definirá o sucessor do senador Eunício Oliveira (MDB-CE) no comando da Casa."	"""Sociedade tem que se insurgir caso algum senador derrube voto aberto, diz Alcolumbre""Presidente em exercício da sessão desta sexta (1º), o senador do DEM adiou para sábado (2) a eleição do novo presidente da Casa. Por maioria, senadores decidiram fazer eleição aberta. Pivô do tumulto que gerou a suspensão da eleição para a presidência do Senado, o senador Davi Alcolumbre (DEM-AP) afirmou nesta sexta-feira (1º), ao final da sessão, que a sociedade tem que se ""insurgir"" caso algum parlamentar derrube o resultado da votação que estabeleceu voto aberto para a escolha do novo presidente da Casa.A reunião durou cerca de cinco horas e será retomada neste sábado (2) às 11h.Os senadores decidiram, por 50 votos a 2 (1 abstenção; 28 não votaram), realizar uma votação aberta e nominal na eleição que definirá o sucessor do senador Eunício Oliveira (MDB-CE) no comando da Casa. Com a votação aberta, o voto de cada parlamentar será divulgado.Davi Alcolumbre assumiu a presidência da sessão desta sexta-feira em razão de ser o único integrante da última gestão da Mesa Diretora que permanece com mandato de senador.Os outros dirigentes da antiga gestão _ entre os quais Eunício Oliveira _ não se reelegeram em outubro. Já Alcolumbre está no meio do mandato de oito anos.""O presidente que assumir a presidência e revogar a decisão de 50 senadores, aí a sociedade brasileira tem que se insurgir contra esse político que vai contra os desejos do povo brasileiro e a vontade soberana de 50 senadores de 80"", declarou Alcolumbre após suspender a sessão.Adversários de Renan Calheiros acreditam que a votação aberta pode prejudicar a tentativa do emedebista de retornar para a presidência do Senado pela quarta vez.Na avaliação desses parlamentares, a divulgação nominal dos votos poderia constranger aliados do senador de Alagoas a votarem nele por conta de todas as polêmicas e denúncias de corrupção que ele se envolveu nos últimos anos.Mesmo com a derrota na escolha do tipo de votação, aliados de Renan, como o senador Eduardo Braga (MDB-AM), não reconheceram o resultado, argumentando que o regimento interno da Casa prevê que, para alterar as regras _ e, por exemplo, fazer uma eleição aberta _, deveria ter ocorrido unanimidade. Porém, dois senadores votaram contra a votação aberta.A sessão foi marcada por confusões. Parlamentares de vários partidos discutiram por causa da previsão de votação secreta na eleição interna e pelo fato de Davi Alcolumbre (DEM-AP) estar na presidência da sessão.Senadores protestaram contra o fato de o parlamentar do Amapá estar conduzindo a sessão com o argumento de que ele era candidato à presidência da Casa.Candidato do MDB, o senador Renan Calheiros (AL) questionou no microfone se Alcolumbre era candidato, mas o senador do Amapá não quis confirmar a candidatura. No Senado, qualquer parlamentar pode se apresentar como candidato à presidência da Casa até iniciar o processo de votação.Aliada de Renan, a senadora Kátia Abreu (PDT-TO) era uma das mais exaltadas no plenário. Em meio à confusão, a parlamentar do Tocantins subiu à Mesa Diretora, arrancou das mãos de Alcolumbre uma pasta com os encaminhamentos da sessão e afirmou aos gritos que o senador do Amapá não iria presidir a sessão na condição de candidato.Em outro momento, enquanto Kátia Abreu discutia com Alcolumbre, Renan e o senador Tasso Jereissati (PSDB-CE) discutiram calorosamente. Adversários políticos, eles bateram boca e quase partiram para a agressão física. "	-1
172	"A segurança das barragens da empresa Vale, em Minas Gerais, foi ponto de destaque no voto da ambientalista Carolina de Moura Campos dado em assembleia geral de acionistas da empresa em abril de 2018.Além de reprovar o relatório da administração na Assembleia por ""uma série de pontos problemáticos"", Carolina relembrou a tragédia ocorrida em Mariana em 2015 e se mostrou preocupada com a segurança de outras barragens da Vale no estado mineiro.É relevante registrar que documentos constantes da ação criminal pelo rompimento da barragem de Fundão [em Mariana] provam que foram negligenciadas informações prévias sobre a insegurança do empreendimento.Ao enfatizar que os prejuízos financeiros, de imagem e de reputação da empresa Samarco, responsável pela barragem rompida em Mariana, não podiam ser mensurados, Carolina lembrou que a empresa Vale possui 109 barragens em Minas Gerais."	"""Acionista reprovou relatório e chamou atenção em 2018 para segurança das barragens da Vale "" A segurança das barragens da empresa Vale, em Minas Gerais, foi ponto de destaque no voto da ambientalista Carolina de Moura Campos dado em assembleia geral de acionistas da empresa em abril de 2018.Além de reprovar o relatório da administração na Assembleia por ""uma série de pontos problemáticos"", Carolina relembrou a tragédia ocorrida em Mariana em 2015 e se mostrou preocupada com a segurança de outras barragens da Vale no estado mineiro.""É relevante registrar que documentos constantes da ação criminal pelo rompimento da barragem de Fundão [em Mariana] provam que foram negligenciadas informações prévias sobre a insegurança do empreendimento"", destacou a acionista.Ao enfatizar que os prejuízos financeiros, de imagem e de reputação da empresa Samarco, responsável pela barragem rompida em Mariana, não podiam ser mensurados, Carolina lembrou que a empresa Vale possui 109 barragens em Minas Gerais, com volume aproximado de 750 milhões de metros cúbicos de rejeitos.""Interessa-me saber quando é que nossa companhia terá a responsabilidade de aplicar recursos nas tecnologias de disposição dos rejeitos já disponíveis que não a convencional e na forma hidráulica e também na recuperação de rejeitos"", alertou Carolina em seu voto.Carolina de Moura Campos é moradora do distrito de Casa Branca, em Brumadinho, região onde uma barragem da empresa Vale se rompeu na última sexta-feira (25).O grupo de ambientalistas do qual Carolina faz parte comprou ações da Vale para poder participar da Assembleia Geral dos Acionistas.""Comprei uma ação não com a intenção de ganhar dinheiro na bolsa, mas para fazer incidência neste espaço, que é a assembleia geral dos acionistas. Faço isso com um grupo de ambientalistas"", explica ela.A ambientalista faz parte do Movimento Águas e Serra de Casa Branca e afirmou que parte da comunidade foi contra o licenciamento do Complexo Paraopeba, que engloba as minas Jangada e Córrego do Feijão. Até o momento, a tragédia em Brumadinho deixou 60 mortos e 292 pessoas continuam desaparecidas. "	-1
173	"MPT estuda novas medidas se Vale não se posicionar sobre trabalhadores e indenizações. A procuradora Luciana Coutinho, integrante do grupo do Ministério Público do Trabalho (MPT) criado após a tragédia em Brumadinho (MG), afirmou ao blog que o órgão deve adotar novas medidas se a Vale não se posicionar com a ""maior brevidade possível"" sobre o destino dos trabalhadores que sobreviveram à tragédia e sobre a indenização das famílias das vítimas. Se não houver posicionamento com a maior brevidade possível, certamente o MP irá tomar as providências necessárias, declarou. Luciana Coutinho não quis adiantar quais medidas podem ser tomas por o MPT mas, segundo ela, é ""urgent"" a necessidade de uma resposta da Vale diante da situação."	"""MPT estuda novas medidas se Vale não se posicionar sobre trabalhadores e indenizações "" A procuradora Luciana Coutinho, integrante do grupo do Ministério Público do Trabalho (MPT) criado após a tragédia em Brumadinho (MG), afirmou ao blog que o órgão deve adotar novas medidas se a Vale não se posicionar com a ""maior brevidade possível"" sobre o destino dos trabalhadores que sobreviveram à tragédia e sobre a indenização das famílias das vítimas.""Se não houver posicionamento com a maior brevidade possível, certamente o MP irá tomar as providências necessárias"", declarou.Luciana Coutinho não quis adiantar quais medidas podem ser tomadas pelo MPT mas, segundo ela, é ""urgente"" a necessidade de uma resposta da Vale diante da situação.Em 31 de janeiro, o presidente da Vale, Fabio Schvartsman, esteve em Brasília e se reuniu com procuradores da República. Após o encontro, afirmou que a intenção da empresa é acelerar ao máximo, por meio de acordos extrajudiciais, o processo de indenização das vítimas do rompimento.Sobre os valores das indenizações, Schvartsman afirmou que será o ""que tiver que ser"".""Não existe um valor definido. Vai ser aquilo que for necessário. Quando for definida a extensão de vitimas, o valor será decorrente disso"", afirmou.Luciana Coutinho afirma que o MPT tem esperança de que a Vale se posicione sobre a situação ainda nesta semana, quando será realizada mais uma audiência judicial (na sexta, dia 15).""Temos esperança que a Vale assuma esse compromisso e a gente está na fase de negociação. Nós fizemos uma proposta e ela ainda não respondeu. Existe uma audiência que está marcada, uma audiência judicial. Vamos ver se até lá ela tem um posicionamento concreto e claro a respeito dessas questões"", disse.Segundo ela, uma das maiores preocupações do MPT no momento é com os trabalhadores que sobreviveram à tragédia e precisam de uma estabilidade garantida pela empresa.""Nós estamos muito preocupados com a questão da estabilidade dos trabalhadores sobreviventes, achamos que essa é uma questão crucial. São trabalhadores que não sabem do seu futuro, que a qualquer momento podem ser transferidos da sua unidade, e isso tem um custo, porque eles terão que sair de suas residências, já que a cidade está paralisada, o local de trabalho está paralisado. Seria essencial que a Vale assumisse esse compromisso"", afirmou.Em relação à assembleia que será realizada nesta quarta-feira, a procuradora afirma que o Ministério Público vai se reunir com os trabalhadores sobreviventes para conversar sobre a estabilidade nos empregos. Segundo ela, cerca de 10 sindicatos estão envolvidos no trabalho de negociação com a Vale, em defesa dos trabalhadores.""Nos preocupa a falta de posição da Vale em relação à garantia. Nós estamos muito preocupados com isso. Ela não dá uma garantia de estabilidade e são trabalhadores que estão vivendo um verdadeiro limbo jurídico, sem saber para onde vão. É uma questão essencial e a Vale não sinalizou nada a respeito dessa questão importantíssima"", argumentou Luciana.Outra questão importante que o MPT cobra da Vale é a indenização que será paga às famílias das vítimas da tragédia. A Procuradora destaca que os titulares dos direitos são as famílias e, portanto, a negociação deve ser entre a empresa e os familiares. No entanto, o Ministério Público pretende ajudar na negociação.""A gente teria que negociar com as famílias porque elas é que são titulares desse direito, o MPT não tem como transacionar esses valores. O que a gente acha importante é que seja feita uma negociação para que essas famílias recebam o quanto antes um valor. Elas estão desguarnecidas, perderam seus entes queridos, perderam o arrimo dessas famílias e precisam ser contempladas com a maior brevidade possível"", enfatiza Luciana.O rompimento da barragem da Vale em Brumadinho, na região metropolitana de Belo Horizonte (MG), aconteceu no dia 25 de janeiro deste ano.Até o momento, foram confirmadas as mortes de 165 pessoas. Outras 155 pessoas ainda estão desaparecidas. "	-1
174	Bolsanaro levará pessoalmente ao Congresso proposta de reforma da Previdência, diz secretário. Proposta prevê idade mínima de aposentadoria de 65 anos para homens e de 62 anos para mulheres; texto deve ser entregue na quarta e será analisado inicialmente pela CCJ da Câmara. Vai, ele vai levar a proposta ao Congresso. Ele vai entregar.	"""Bolsonaro levará pessoalmente ao Congresso proposta de reforma da Previdência, diz secretário""Proposta prevê idade mínima de aposentadoria de 65 anos para homens e de 62 anos para mulheres; texto deve ser entregue na quarta e será analisado inicialmente pela CCJ da Câmara. O secretário de Previdência e Trabalho do Ministério da Economia, Rogério Marinho, afirmou nesta segunda-feira (18) que o presidente Jair Bolsonaro entregará pessoalmente ao Congresso a proposta de reforma da Previdência Social.De acordo com a Secretaria de Comunicação da Presidência (Secom), o presidente também avalia se fará um pronunciamento à nação para dar explicações iniciais sobre a proposta do governo. A expectativa é de que a proposta seja assinada e entregue ao Congresso na próxima quarta (20).""Vai, ele vai levar [a proposta ao Congresso. [...] Ele vai entregar"", disse ao ser questionado por jornalistas depois de uma reunião com o ministro da Economia, Paulo Guedes.Até o momento, o governo confirmou que a proposta vai prever idade mínima de aposentadoria de 65 anos para homens e de 62 anos para mulheres ao final de um período de transição de 12 anos.O texto de reforma da Previdência será uma proposta de emenda à Constituição (PEC) e começará a tramitar pela Câmara dos Deputados.Chegando ao Congresso, caberá ao presidente da Câmara, Rodrigo Maia (DEM-RJ), decidir o caminho que o texto vai seguir: se terá tramitação própria, independente, ou se vai ser processada em conjunto com a proposta de reforma que já tinha sido enviada pelo governo do presidente Michel Temer em 2016.Em entrevistas recentes, Maia sinalizou que não deve apensar (juntar) as duas propostas. Portanto, a expectativa é de que a tramitação da PEC se dará de forma independente.Veja as etapas que a PEC deverá percorrer para ser aprovada:Tramitação em conjunto - caso Rodrigo Maia decida pela tramitação única com a proposta enviada pelo governo Temer, a nova PEC já iniciaria a tramitação do ponto onde o texto antigo parou, ou seja, já estaria pronta para ir ao plenário, sem passar por comissões. Mas, por outro lado, só poderia ser modificada pelo conjunto de 164 emendas já apresentadas à proposta da gestão Temer. "	-1
175	"""Nas últimas horas tive o prazer de voltar a comer. Ontem pela noite um caldo de carne e hoje uma boa gelatina. Estou feliz, apesar de não ser aquele pão com leite condensado kkkk."" "	"""Bolsonaro diz que voltou a se alimentar comendo caldo de carne e gelatina em hospital de SP: Estou feliz""Presidente está internado desde o dia 28 de janeiro e vinha recebendo líquidos por via oral em associação à nutrição parenteral. O presidente Jair Bolsonaro (PSL) postou na manhã desta sexta-feira (8) em sua conta no Twitter uma foto segurando uma colher com gelatina em seu quarto no Hospital Albert Einstein, em São Paulo, onde se recupera da cirurgia a que se submeteu no dia 28. Bolsonaro disse que voltou a se alimentar pela primeira vez desde cirurgia:""Nas últimas horas tive o prazer de voltar a comer. Ontem pela noite um caldo de carne e hoje uma boa gelatina. Estou feliz, apesar de não ser aquele pão com leite condensado kkkk. Bom dia a todos!""Esta é a primeira vez que o presidente recebe alimento. Bolsonaro vinha recebendo líquidos por via oral em associação à nutrição parenteral.Bolsonaro passou por uma cirurgia para retirar uma bolsa de colostomia e refazer a ligação entre o intestino delgado e parte do intestino grosso no dia 28 de janeiro. Ele está internado na unidade semi-intensiva do hospital.Segundo boletim médico divulgado na tarde desta quinta-feira (7), Bolsonaro teve episódio isolado de febre e foi submetido a uma tomografia de tórax e abdome que mostrou ""boa evolução do quadro intestinal e imagem compatível com pneumonia"".De acordo com o porta-voz da Presidência, Otávio Rêgo Barros, os novos exames detectaram que a pneumonia tem causa bacteriana. ""Fizeram exames viral e bacteriano, e descartaram o viral. Trata-se de uma causa bacteriana"", afirmou o porta-voz. ""Algumas causas podem ser geradoras dessa pneumonia, mas ficar na suposição não me parece adequado.""Um novo antibiótico foi incluído no tratamento e deve ser administrado por sete dias.Ainda segundo o boletim, ""foi realizado um ajuste na antibióticoterapia e mantidos os demais tratamentos"". ""[Bolsonaro] Continua sem dor, com sonda nasogástrica, dreno no abdome e recebendo líquidos por via oral em associação à nutrição parenteral.""Segundo o porta-voz, ""o estado de saúde do presidente é o esperado dentro desse pico térmico que lhe acometeu na noite de ontem [quarta]"". ""Por precaução os médicos fizeram exame de imagem, incluso tomografia por contraste. O pulmão tinha uma imagem que era compatível com pneumonia.""Rêgo Barros afirmou: ""O presidente vem recebendo administração de antibiótico de amplo espectro. Médicos optaram por acrescentar uma nova medicação. Esta ação vai debelar essa pneumonia que foi encontrada em seu pulmão"".Segunda-feira (28/1)Jair Bolsonaro foi submetido a uma cirurgia para retirada da bolsa de colostomia no Hospital Albert Einstein, na Zona Sul de São Paulo. O procedimento terminou após sete horas e ocorreu ""com êxito"", segundo informou o Palácio do Planalto.De acordo com o boletim médico divulgado pelo hospital, a cirurgia foi realizada ""sem intercorrências e sem necessidade de transfusão de sangue"". Foi realizada uma ""anastomose do íleo com o cólon transverso"", que é a união do intestino delgado com uma parte do intestino grosso. Foram retirados de 20 a 30 centímetros do intestino grosso de Bolsonaro na parte que ligava o intestino delgado à bolsa de colostomia.Terça-feira (29/1)Bolsonaro seguiu na UTI do Hospital Albert Einstein após a retirada da bolsa de colostomia. Ele recebeu analgésicos para controle da dor e não apresentou sangramentos ou complicações, ficando sem febre ou sinais de infecção.Quarta-feira (30/1)Bolsonaro reassumiu a Presidência da República e passou a despachar de um escritório que foi montado no mesmo andar onde está internado no Hospital Albert Einstein, na Zona Sul de São Paulo.Quinta-feira (31/1)O porta-voz da presidência, Otávio do Rêgo Barros, disse que Bolsonaro estava tentando se manter sem falar, mas a recomendação médica era difícil de ser acolhida: ""O presidente é difícil, ele está falando já. A despeito do médico dizer para ele ficar calado, ele já está falando"".Sexta-feira (1º/2)O boletim médico do dia informou que Bolsonaro teve boa evolução clínica. ""Já apresenta sinais de início dos movimentos intestinais"". ""Segue com dieta parenteral (endovenosa) exclusiva, sem infecção ou outras complicações. Realiza fisioterapia respiratória e períodos de caminhada fora do quarto. Por ordem médica, o paciente segue com visitas restritas.""Sábado (2/2)O presidente teve náuseas e vômito, e os médicos precisaram colocar uma sonda nasogástrica.Domingo (3/2)Jair Bolsonaro continuou usando uma sonda nasogástrica aberta, com evolução clínica estável. De acordo com o boletim médico, o presidente ficou sem dor e sem sinais de infecção. Bolsonaro foi submetido a uma tomografia de abdome que descartou complicações cirúrgicas. Ele está em jejum oral e nutrição parenteral exclusiva.Segunda-feira (4/2)Bolsonaro teve elevação na temperatura, passou a tomar antibiótico e a alta prevista para quarta-feira (6) foi adiada, segundo o porta-voz Otávio Rêgo Barros. O boletim médico informou que o presidente passou a tomar antibióticos e foram realizados novos exames de imagem. Identificou-se uma coleção líquida ao lado do intestino na região da antiga colostomia. Foi submetido à punção guiada por ultrassonografia e permanece com dreno no local. O presidente apresentou movimentos intestinais e teve dois episódios de evacuação.Terça-feira (5/2)O presidente teve melhora do seu estado de saúde e começou a receber líquido por via oral. Bolsonaro apresentou aumento da movimentação intestinal, o que possibilitou o início de injeção de líquido por via oral. ""Os exames laboratoriais apresentam melhora. O paciente segue com antibióticos e dreno no abdome"", disse o boletim médico.Quarta-feira (6/2)O presidente apresentou quadro clínico estável, sem dor ou febre, com melhora dos exames laboratoriais e de imagem, segundo boletim médico divulgado nesta quarta-feira (6). Ele também voltou a caminhar no corredor do Hospital Albert Einstein, na Zona Sul de São Paulo.Quinta-feira (7/2)Segundo boletim médico, Bolsonaro teve um episódio de febre e uma tomografia no tórax detectou uma pneumonia. Segundo os exames, a pneumonia teve origem bacteriana. Foi acrescentado um novo antibiótico no tratamento do presidente. "	-1
176	"""Para tudo que eu quero descer"". A crônica da jornalista Miriam Leitão para o blog neste sábado, Sempre quis dizer ""para tudo que eu quero descer"". E disse. Era daqueles vôos em que se vai de escada."	"""Para tudo que eu quero descer""A crônica da jornalista Miriam Leitão para o blog neste sábado  Sempre quis dizer ""para tudo que eu quero descer"". E disse. Acho que é daquelas frases, como ""parem as máquinas"", que ficam na mente prontas à espera do momento que pode nunca chegar.- Miriam? - Mariângela - Onde você está?- Oi Mariângela, estou dentro do avião.- A porta fechou?- Não, mas já vai fechar.Estavam entrando dois passageiros e eu podia ver os preparativos para o encerramento do embarque porque estava na primeira fileira.- Então saia do avião. Sua entrevista foi remarcada de Brasília para o Rio.Peguei a bagagem, expliquei à tripulação que não havia despachado mala, era viagem curta. E pedi para descer. Era daqueles vôos em que se vai de escada. Fiquei no pátio esperando o carro me pegar. Vi o portão fechar, a escada ser retirada, e a aeronave ser empurrada. Deu tempo de um tchau para o comandante cujo rosto vi no vidro da janela.Era quarta. E o terceiro momento intenso com aviões. Na segunda, cheguei ao aeroporto às quatro da tarde para antecipar um voo que decolaria às seis e meia. Tinha um jantar em São Paulo naquele dia e uma entrevista na manhã do dia seguinte. Havia dois voos antes do meu. Não consegui. Logo depois um foi cancelado e sobre o outro informou-se que estava atrasado. O meu permanecia ali no painel. Por pouco tempo. De repente, circula a informação, que eu sequer cheguei a ouvir no som do aeroporto lotado e confuso: também cancelado. Na fila de rearranjo dos passageiros, fui alocada no último voo.Havia a chuva forte e havia a confusão da companhia aérea que organizou duas filas, a das prioridades e a outra. E deu prioridade aos não prioritários.- Não foi por mal - desculpou-se o atendente.O meu jantar a essa altura estava cancelado. Ficamos de nos ver outro dia, com menos turbulência aérea. Na fila pessoas enfurecidas pelo atraso, pelos erros da empresa. Entrei em modo econômico. Nenhuma raiva ou protesto é ouvido em momentos assim e nada reduz o tempo de espera.O avião decolou rumo a São Paulo às nove e meia da noite. Pouco depois das dez o comandante avisou que a chuva e o vento impediam o pouso. Eu me encolhi um pouco mais na cadeira do meio onde fora instalada. Havia comprado assento conforto. Disseram que eu poderia reclamar depois no site da empresa.Ficamos suspensos. O avião não podia pousar. O comandante não nos contou qual era o plano B. Apenas agravou as condições a bordo, quando avisou que o pouso teria que ser até às 23 horas, porque, depois disso, Congonhas fecharia. Ainda não havia condições de pouso. E assim, ficamos parados no ar. Quando afinal chegamos ao solo, eram 22 horas e 59 minutos. Foi por um precioso minuto.Só no taxi, indo para o hotel, é que consegui ler a mensagem da secretária avisando que depois das 23 horas a reserva no hotel cairia. Seria considerado no show. Pedi pressa ao motorista e, enquanto isso, pedi uma prorrogação desse prazo. Consegui.No dia seguinte, na volta, a confusão no aeroporto continuava. Antecipar meu voo, mas ele foi cancelado. Procurei saber tudo sobre sobre os próximos voos. Comecei a dar informaçõe aos passageiros. Nenhum funcionário da companhia aérea aparecia. Fui elogiada como central de informações pelos meus companheiros de infortúnio.Na quarta, no terceiro voo, já esperava algo semelhante, mas o que aconteceu foi o telefonema de Mariangela, que trabalha na Globonews em Brasília.Lembrei da minha primeira viagem ao exterior. Isso foi há muito tempo. Eu estava grávida do blogueiro, dono desse espaço no qual escrevo. No grupo dos jornalistas que ia para a América Central estava Mariangela.Decidida, segura, pessoa com experiência de viagens internacionais apesar da pouca idade, Mariangela era o meu oposto. Eu estava insegura e assustada nos aeroportos, nas trocas de voos, em cada procedimento. Mariangela parecia estar em casa, movia-se com naturalidade. Foi confusa a escala em Caracas. Li, na espera, um jornal venezuelano dizendo que havia risco de tufões sobre a América Central naquela época. Assustador. Pousamos em Trinidad y Tobago para um pernoite e, no dia seguinte, seguiríamos para a ilha de Granada, para uma reunião da OEA. Surgiu uma confusão no aeroporto de Porto Príncipe. Mariangela foi resolver por todos nós, do grupo de jornalistas. Pediu a mim e a outro amigo que cuidássemos da mala dela. Quando chegamos no hotel, a uma hora do aeroporto, Mariangela perguntou pela mala. Nós, os tontos, havíamos nos descuidado na única tarefa que nos fora delegada. Ela entrou no mesmo taxi e foi resolver resoluta a nossa falha. Até hoje, eu peço desculpas e ela responde dando boas risadas.Ao religar o telefone, na última quarta, no saguão, li a mensagem dela: ""Nossa história em aviões e aeroportos precisa ser menos emocionante, Miriam"".* Miriam Leitão é jornalista e escritora. Escreve crônicas aos sábados como colaboradora do blog "	-1
177	"""Moro se reúne com deputados da bancada da bala para apresentar pacote anticrime. ""Proposta, que altera 14 leis na área penal, iniciará tramitação pela Câmara dos Deputados. ""Encontro foi reservado a parlamentares e a imprensa foi impedida de acompanhar. ""O ministro da Justiça, Sérgio Moro, se reuniu na tarde desta quarta-feira (6) com deputados da Frente Parlamentar da Segurança Pública, autointitulada ""bancada da bala"", para apresentar os pontos do pacote anticrime, lançado na última segunda (4). ""Sérgio Moro chegou à Câmara por volta das 14:20, acompanhado do líder do governo na Câmara, deputado Major Victor Hugo (PSL-GO). ""O encontro, que não havia terminado até a última atualização desta reportagem, inicalmente era reservado aos deputados da frente. ""Deputados da oposiçã, porém, também acompanharam o encontro. ""A proposta, que pretende alterar pontos em 14 leis na área penal e processual penal, ainda não foi enviada ao Congresso Nacional. ""Quando chegar ao Poder Legislativo, tramitará inic"	"""Moro se reúne com deputados da bancada da bala para apresentar pacote anticrime ""Proposta, que altera 14 leis na área penal, iniciará tramitação pela Câmara dos Deputados. Encontro foi reservado a parlamentares e a imprensa foi impedida de acompanhar. O ministro da Justiça, Sérgio Moro, se reuniu na tarde desta quarta-feira (6) com deputados da Frente Parlamentar da Segurança Pública, autointitulada ""bancada da bala"", para apresentar os pontos do pacote anticrime, lançado na última segunda (4).Sérgio Moro chegou à Câmara por volta das 14:20, acompanhado do líder do governo na Câmara, deputado Major Victor Hugo (PSL-GO). O encontro, que não havia terminado até a última atualização desta reportagem, inicalmente era reservado aos deputados da frente. Deputados da oposição, porém, também acompanharam o encontro.A proposta, que pretende alterar pontos em 14 leis na área penal e processual penal, ainda não foi enviada ao Congresso Nacional. Quando chegar ao Poder Legislativo, tramitará inicialmente pela Câmara dos Deputados. Antes de virar lei, também terá de ser analisada pelos senadores.As medidas apresentadas pelo ministro da Justiça buscam combater a corrupção, o crime organizado e crimes violentos.Veja os principais pontos do pacote anticrime: "	-1
178	"Brasil condena totalmente essa crueldade, diz Bolsonaro sobre massacre na Nova Zelândia. O Brasil condenava totalmente essa crueldade! Nos unimos aos neozelandeses em solidariedade neste momento difícil. O Brasil prestou solidariedade ao povo neozelandês após ataques em duas mesquitas que deixaram 49 mortos. O presidente Jair Bolsonaro disse nesta sexta-feira (15) que o Brasil ""condena totalmente"" o ataque terrorista que matou 49 pessoas e deixou 48 feridas em duas mesquitas na Nova Zelândia. "	"""Brasil condena totalmente essa crueldade, diz Bolsonaro sobre massacre na Nova Zelândia""Presidente prestou solidariedade ao povo neozelandês após ataques em duas mesquitas que deixaram 49 mortos. Bolsonaro também manifestou condolências às famílias das vítimas.  O presidente Jair Bolsonaro disse nesta sexta-feira (15) que o Brasil ""condena totalmente"" o ataque terrorista que matou 49 pessoas e deixou 48 feridas em duas mesquitas na Nova Zelândia. Bolsonaro também prestou solidariedade ao povo neozelandês.Os ataques, na cidade de Christchurch, foram simultâneos. As autoridades ainda não divulgaram a identidade dos terroristas.""Nossas profundas condolências ao povo da Nova Zelândia, familiares e amigos das vítimas do terrível massacre nas mesquitas em Christchurch. O Brasil condena totalmente essa crueldade! Nos unimos aos neozelandeses em solidariedade neste momento difícil. Que Deus conforte a todos!"", escreveu o presidente em uma rede social. "	-1
179	Aos 41 anos, senador do DEM foi eleito neste sábado (2) para comandar a Casa pelos próximos dois anos. O novo presidente do Senado, Davi Alcolumbre (DEM-AP), 41anos, eleito neste sábado (2) para comandar a Casa pelos próximos dois anos, está no primeiro mandato como senador. O novo presidente do Senado é aliado do ministro-chefe da Casa Civil, Onyx Lorenzoni (DEM), que, nos bastidores, articulava apoio a ele.	"""Saiba quem é Davi Alcolumbre, o novo presidente do Senado""Aos 41 anos, senador do DEM foi eleito neste sábado (2) para comandar a Casa pelos próximos dois anos. Ele começou como vereador de Macapá e foi deputado federal três vezes. O novo presidente do Senado, Davi Alcolumbre (DEM-AP), 41anos, eleito neste sábado (2) para comandar a Casa pelos próximos dois anos, está no primeiro mandato como senador.O novo presidente do Senado é aliado do ministro-chefe da Casa Civil, Onyx Lorenzoni (DEM), que, nos bastidores, articulava apoio a ele. A mulher de Lorenzoni, Denise Verbeling, trabalha no gabinete do Alcolumbre.Embora seja de um partido posicionado mais à direita no espectro político, Alcolumbre tem entre seus principais conselheiros o senador Randolfe Rodrigues (Rede-AP), que é de esquerda.Os dois apoiaram a candidatura de Clécio Luis (Rede), atual prefeito de Macapá, em 2016. Em 2018, Randolfe apoiou a candidatura de Alcolumbre ao governo do Amapá.Casado e pai de dois filhos, Alcolumbre nasceu em Macapá (AP) em 19 de junho de 1977. É o quarto filho do mecânico José Tobelem e da empresária Julia Alcolumbre.Começou a trabalhar no comércio da família. Iniciou o curso de ciências econômicas no Centro de Ensino Superior do Amapá (Ceap), mas não concluiu e resolveu seguir o caminho da política.A trajetória política se iniciou como vereador na cidade de Macapá. Exerceu o mandato por dois anos (de 2001 a 2002), quando deixou o cargo na metade para assumir o primeiro mandato como deputado federal.Reelegeu-se duas vezes para a Câmara dos Deputados, totalizando três mandatos consecutivos.Nas eleições de 2014, foi eleito senador para um mandato de oito anos. Em 2018, concorreu ao governo de Amapá, mas ficou em terceiro lugar.Na ocasião, declarou à Justiça Eleitoral ter R$ 770 mil em bens. Com a derrota, retomou o mandato de senador.Conseguiu chegar à Presidência do Senado ao vencer, com 42 votos, uma eleição marcada por polêmicas.Desde 2015 no Senado, Alcolumbre participou de votações importantes e polêmicas na Casa. O parlamentar do Amapá votou, por exemplo, a favor da reforma trabalhista em 2017.No mesmo ano, ajudou o Senado a derrubar a decisão do Supremo Tribunal Federal (STF) que afastou o então senador Aécio Neves (PSDB-MG), hoje deputado federal.O tucano foi afastado pelo Supremo após ser denunciado pela Procuradoria Geral da República, com base nas delações da JBS, pelos crimes de obstrução de Justiça e organização criminosa. Com os votos de 44 senadores, Aécio pôde retomar as atividades parlamentares.No ano passado, Alcolumbre votou a favor do reajuste para ministros do STF. Por 41 votos, o Senado aprovou reajuste de 16% nos salários dos magistrados. O vencimento passou de R$ 33,7 mil para R$ 39,2 mil.Em 2016, votou a favor do impeachment da ex-presidente Dilma Rousseff, que perdeu o mandato e deu lugar a Michel Temer no Palácio do Planalto. "	-1
180	"""Ministro da Educação lamenta ataque a tiros em escola e diz que vai a Suzano ainda nesta quarta."" ""Crianças e jovens são o bem mais precioso de uma nação. É inadmissível que sofram qualquer tipo de violência"", escreveu Vélez nas redes sociais. ""O ambiente escolar deve ser sagrado. Ainda hoje, estarei na cidade de Suzano."" ""Expresso meu repúdio a essa manifestação de violência. Acompanharei de perto a apuração dos fatos"""	"""Ministro da Educação lamenta ataque a tiros em escola e diz que vai a Suzano ainda nesta quarta""Ricardo Vélez também se comprometeu a acompanhar apuração dos fatos. O ministro da Educação, Ricardo Vélez, lamentou o ataque a tiros na Escola Estadual Raul Brasil, em Suzano, e disse vai visitar a cidade ainda nesta quarta-feira (13).""Crianças e jovens são o bem mais precioso de uma nação. É inadmissível que sofram qualquer tipo de violência"", escreveu Vélez nas redes sociais. ""O ambiente escolar deve ser sagrado. Ainda hoje, estarei na cidade de Suzano.""Mais cedo, também por meio das redes sociais, o ministro já havia se comprometido a acompanhar as investigações. ""Expresso meu repúdio a essa manifestação de violência. Acompanharei de perto a apuração dos fatos"", disse.Nesta quarta-feira, dois adolescentes encapuzados mataram oito pessoas na Escola Estadual Raul Brasil e cometeram suicídio em seguida.O ataque ocorreu por volta das 9h30. Quatro dos mortos no local são alunos do ensino médio. Outros dois adolescentes foram socorridos, mas morreram no hospital. Duas das vítimas são funcionárias da escola. "	-1
181	Em primeira agenda nos EUA, Bolsonaro janta com embaixador e ministros. Em conversa com jornalistas na semana passa. Em primeira agenda nos EUA, Bolsonaro janta com embaixador e ministros. Em primeira agenda nos EUA, Bolsonaro janta com embaixador e ministros.	"""Em primeira agenda nos EUA, Bolsonaro janta com embaixador e ministros ""Presidente chegou a Washington na tarde deste domingo (17). Na próxima terça-feira (19), Bolsonaro terá encontro privado com Donald Trump na Casa Branca.  O presidente Jair Bolsonaro participou, na noite deste domingo (17), de um jantar promovido pelo embaixador brasileiro em Washington, Sérgio Amaral.Sete ministros participaram do jantar, que teve, entre os convidados, lideranças conservadoras e jornalistas.Esta foi a primeira agenda do presidente em sua visita oficial aos Estados Unidos. Bolsonaro desembarcou na capital norte-americana na tarde deste domingo.A comitiva brasileira ficará em Washington até a próxima terça-feira, quando Bolsonaro terá encontro privado com o presidente dos Estados Unidos, Donald Trump, na Casa Branca.O embaixador brasileiro nos EUA é um dos chefes de representação diplomática no exterior que Bolsonaro pretende substituir nos próximos meses.Em conversa com jornalistas na semana passada, o presidente afirmou que está com uma imagem ruim no exterior e que, além de Amaral, representantes em outros países também serão trocados.O porta-voz de Bolsonaro, Otávio do Rêgo Barros, conversou com a imprensa durante o jantar e comentou a situação do embaixador brasileiro em Washington.Rêgo Barros afirmou que o embaixador Sérgio Amaral é uma ""pessoa especial"", mas declarou que Bolsonaro fará estudos para escolher um novo representante diplomático em Washington.""A intenção do presidente é fazer o estudo necessário para identificar as possibilidades de mudança"", disse.Em entrevista a jornalistas, o porta-voz declarou que a visita é um ""reconhecimento"" do Brasil como um líder da América Latina e uma das principais economias do mundo.Rêgo Barros destacou, entre os pontos da visita de Bolsonaro, a assinatura de um acordo de salvaguardas tecnológicas para o uso comercial da base de lançamento de Alcântara, no Maranhão.O acordo preserva a tecnologia usada pelos dois países e prevê que os Estados Unidos poderão lançar satélites e foguetes da base maranhense, mas o território continuará sob jurisdição brasileira.Questionado sobre o projeto com mudanças na previdência de militares, o porta-voz afirmou que a proposta está ""pronta"" e sob análise do ministro da Economia, Paulo Guedes.""Ele [Paulo Guedes] confia no nosso ministro da Defesa [Fernando Azevedo e Silva, responsável pela elaboração do texto], já discutiu sobre os pontos que são essenciais e a partir daí, apresentada que seja à nossa Câmara, ao nosso Congresso, ele dará o toque e a liderança que lhe é peculiar para aprovação, não apenas à proposta referente aos militares, mas principalmente da proposta amplo espectro que é tão importante para o nosso país"", afirmou Rêgo Barros.Ainda segundo o porta-voz, a previsão do governo é enviar o projeto de lei ao Congresso Nacional na próxima quarta-feira (20).Bolsonaro desembarcou por volta das 16h40 na base aérea de Andrews, próxima à capital Washington, onde a comitiva brasileira ficará hospedada e terá compromissos até a terça-feira (19), dia do retorno ao Brasil.Em uma rede social, depois do desembarque, Bolsonaro afirmou que, ""pela primeira vez em muito tempo"", chega a Washington um presidente brasileiro que não é antiamericano.""É o começo de uma parceria pela liberdade e prosperidade, como os brasileiros sempre desejaram"", disse.O presidente viajou com uma comitiva de ministros, entre os quais, Paulo Guedes (Economia), Sérgio Moro (Justiça e Segurança Pública) e Ernesto Araújo (Relações Exteriores). Entre os temas que serão abordados, além da base de Alcântara, estão:Bolsonaro está hospedado na Blair House, residência utilizada pelo governo norte-americano para receber chefes de Estado em visitas oficiais.Esta é a segunda viagem internacional de Bolsonaro como presidente _ a primeira foi a estreia no Fórum Econômico Mundial, em Davos (Suíça). A agenda do presidente nos EUA prevê ainda compromissos com líderes conservadores, lideranças religiosas e empresários.Na terça-feira, após o encontro com Trump, Bolsonaro e o presidente norte-americano farão uma declaração à imprensa no Rose Garden, seguida de uma visita do chefe de Estado brasileiro ao cemitério de Arlington.Bolsonaro tem previsão de desembarcar em Brasília na quarta-feira (20) e, no dia seguinte, partirá para uma visita ao Chile. Ainda no mês de março, o presidente fará sua primeira visita oficial a Israel. "	-1
182	"""Os dependentes legais do médico intercambista estrangeiro não poderão exercer atividades remuneradas, com emissão de Carteira de Trabalho e Previdência Social pelo Ministério do Trabalho e Emprego"". "	" #Verificamos: É verdade que Bolsonaro quis impedir familiares de médicos estrangeiros de trabalhar no BrasilNa emenda, ele argumentou que objetivo era limitar o estabelecimento de vínculos permanentesCircula na internet a imagem de um documento que aparenta ser uma emenda à medida provisória apresentada em abril de 2016 pelo então deputado federal Jair Bolsonaro (na época do PSC-RJ), propondo que os familiares dos médicos estrangeiros participantes do programa Mais Médicos não pudessem tirar carteira de trabalho no Brasil. Por meio do projeto de verificação de notícias, usuários do Facebook solicitaram que esse material fosse analisado. Confira a seguir o trabalho de verificação da Lupa:""Os dependentes legais do médico intercambista estrangeiro não poderão exercer atividades remuneradas, com emissão de Carteira de Trabalho e Previdência Social pelo Ministério do Trabalho e Emprego""Texto que está na imagem que até as 18h30 do dia 19 de novembro de 2018 já tinha sido compartilhado mais de 30 vezes no Facebook (aqui e aqui, por exemplo)VERDADEIROO documento avaliado pela Lupa é real e pode ser encontrado no site da Câmara Federal. Trata-se de uma emenda que Jair Bolsonaro, então filiado ao PSC-RJ, apresentou para tentar alterar a Medida Provisória n° 723 de 2016. Nele, o parlamentar propunha que os dependentes legais do médico intercambista estrangeiro integrante do programa Mais Médicos fossem proibidos de exercer atividades remuneradas no Brasil e de ter a Carteira de Trabalho e Previdência Social emitida pelo Ministério do Trabalho e Emprego. A emenda foi rejeitada.Na justificativa, Bolsonaro escreveu que ""o intuito da presente emenda é limitar o estabelecimento de vínculos permanentes, por parte dos dependentes dos médicos intercambistas estrangeiros, vez que esses exercerão suas atividades em caráter temporário, conforme prevê o Programa Mais Médicos, instituído pela Lei n° 12.871, de 22 de outubro de 2013, do qual discordo em sua totalidade"".Na semana passada, o hoje presidente eleito informou que, entre outros itens, condicionava a continuidade de Cuba ao programa Mais Médicos à liberdade para [os médicos] trazerem suas famílias [para o Brasil]. Veja o tuíte a seguir:Condicionamos à continuidade do programa Mais Médicos a aplicação de teste de capacidade, salário integral aos profissionais cubanos, hoje maior parte destinados à ditadura, e a liberdade para trazerem suas famílias. Infelizmente, Cuba não aceitou.- Jair M. Bolsonaro (@jairbolsonaro) 14 de novembro de 2018Vale ressaltar que a Lei 12.871/2013, que instituiu e regulamentou o programa em questão indica que ""os dependentes legais do médico intercambista estrangeiro poderão exercer atividades remuneradas, com emissão de Carteira de Trabalho e Previdência Social (CTPS) pelo Ministério do Trabalho e Emprego"" e que ""o Ministério das Relações Exteriores poderá conceder o visto temporário (...) aos dependentes legais do médico intercambista estrangeiro, incluindo companheiro ou companheira, pelo prazo de validade do visto do titular"".*Nota: esta reportagem faz parte do projeto de verificação de notícias no Facebook. Dúvidas sobre o projeto? Entre em contato direto com o Facebook.Editado por: Chico Marés"	-1
183	Ala militar avalia que Brasil não pode entrar na onda dos Estados Unidos. A avaliação é que o governo brasileiro precisa manter a pressão por uma troca de poder no país vizinho, seguir criticando Nicolás Maduro, mas não pode entrar na onda dos Estados Unidos e se lançar num conflito com violência contra militares venezuelanos. Desde que o presidente Jair Bolsonaro decidiu participar da ajuda humanitária para Venezuela, os militares se posicionaram com cautela em relação à operação. 	"""Ala militar avalia que Brasil não pode entrar na onda dos Estados Unidos"" A ala militar do governo Jair Bolsonaro está preocupada com os conflitos na fronteira entre Brasil e Venezuela. A avaliação é que o governo brasileiro precisa manter a pressão por uma troca de poder no país vizinho, seguir criticando Nicolás Maduro, mas não pode entrar na onda dos Estados Unidos e se lançar num conflito com violência contra militares venezuelanos.Desde que o presidente Jair Bolsonaro decidiu participar da ajuda humanitária para Venezuela, os militares se posicionaram com cautela em relação à operação. Primeiro, porque o Brasil poderia ser visto como um instrumento do presidente Donald Trump para gerar eventos extremos na fronteira que viessem a justificar ações mais energéticas contra a Venezuela.Segundo, porque o governo brasileiro teria mais a perder do que os Estados Unidos no caso de conflitos violentos, com feridos e até mortos. Afinal, quem faz a fronteira com a Venezuela é o Brasil. E Roraima depende da energia venezuelana e muitos brasileiros vivem no país vizinho. Ou seja, seria ruim politica e economicamente para o Brasil.Por isso, desde o início, depois de Bolsonaro autorizar a participação na operação de ajuda humanitária, os militares defenderam que brasileiros não poderiam entrar na Venezuela levando os alimentos e medicamentos. E que os caminhões deveriam ser venezuelanos, entrar no Brasil, buscar a ajuda e voltar para a Venezuela desde que com autorização das autoridades locais.Nesta segunda-feira (25), na Colômbia, na reunião do Grupo de Lima, o vice-presidente Hamilton Mourão e o ministro das Relações Exteriores, Ernesto Araújo, vão defender o aumento da pressão internacional, tanto politica como econômica, para deposição de Nicolás Maduro do poder. Mas vão se posicionar contra qualquer tipo de intervenção militar.Os dois embarcaram neste domingo (24) para Bogotá, a fim de participar do encontro do Grupo de Lima, que terá a participação do vice-presidente dos Estados Unidos, Mike Pence. Os países do Grupo de Lima, à exceção do México, reconheceram Juan Guaidó como presidente interino da Venezuela. Ele também estará na reunião.Os países que defendem a saída de Maduro estão preocupados com a questão institucional venezuelana, porque já se completaram trinta dias desde que Guaidó se proclamou presidente interino. Neste prazo, ele deveria convocar eleições presidenciais para escolha de um novo comandante para seu país, mas o cenário atual é de dois presidentes: Maduro e Guaidó.A avaliação do governo brasileiro é que a decisão de Maduro de impedir a entrada de ajuda humanitária no país aumenta a pressão interna da população por sua saída do poder. E que o início de perda de apoio até entre militares, com alguns desertando nos últimos dias, vai definir o futuro de Nicolás Maduro. Segundo militares brasileiros, Maduro vai cair, a dúvida é sobre quando. "	-1
184	"""Diantte das críticas, governo quer antecipar envio da reforma dos militares"" Depois da crítica de parlamentares, o governo resolveu antecipar o envio do projeto de lei que trata da reforma da previdência dos militares. A ideia era mandar o texto para a Câmara dos Deputados após o dia 20 de março, mas agora a equipe econômica pretende entregar as mudanças pouco depois do Carnaval. ""Um pouco antes do dia 20. No máximo, até duas semanas depois do Carnaval"", disse um dos envolvidos na confecção do projeto de lei. "	"""Diante das críticas, governo quer antecipar envio da reforma dos militares"" Depois da crítica de parlamentares, o governo resolveu antecipar o envio do projeto de lei que trata da reforma da previdência dos militares. A ideia era mandar o texto para a Câmara dos Deputados após o dia 20 de março, mas agora a equipe econômica pretende entregar as mudanças pouco depois do Carnaval. ""Um pouco antes do dia 20. No máximo, até duas semanas depois do Carnaval"", disse um dos envolvidos na confecção do projeto de lei.Entre as mudanças, está previsto o aumento no número de funcionários temporários (militares que não seguem carreira e que ficam no máximo 8 anos nas Forças Armadas), mas com a contribuição previdenciária deles destinada ao INSS _ hoje eles se aposentam pelo Regime Geral, mas o valor recolhido fica com o sistema dos militares.Descontentes com a articulação política do governo, líderes de diversos partidos do centrão disseram na semana passada que só passariam a analisar a PEC (Proposta de Emenda à Constituição), enviada na semana passada à Câmara dos Deputados, depois que o governo protocolasse também na Casa a proposta dos militares.Por isso, a equipe econômica quer neutralizar esse argumento e agilizar a entrega do texto. A ideia é votar o texto na Câmara ainda neste semestre, de modo que a tramitação no Senado, que passa apenas pela CCJ, ocorra até setembro.A mudança na aposentadoria dos integrantes das Forças Armadas (que, a rigor, não recebem benefício previdenciário, mas salário, porque saem da ativa, mas ficam à disposição na reserva até serem reformados) será enviada por meio de um projeto de lei que altera legislações ordinárias _ não foi, portanto, incluída na PEC, que altera a Constituição. A votação de projeto de lei demanda apenas maioria simples dos presentes, e não o quórum de 308 deputados necessários na PEC.No projeto de lei, o governo pretende alterar de 30 para 35 anos o tempo de serviço dos militares. Também aumentará a cobrança recolhida de 7,5% para 10,5%, instituindo ainda um valor a ser recolhido de 10,5% nas pensões. A previsão de déficit no sistema de aposentadoria das Forças Armadas, para 2019, é de R$ 20 bilhões, segundo dados divulgados pelo governo na apresentação da PEC da reforma da Previdência, na semana passada. "	-1
185	"""Juiz da Lava Jato suspende prazo para criação de fundo com dinheiro devolvido pela Petrobras"" ""O juiz Luiz Antônio Bonat decidiu suspender nesta quarta-feira (13), por 90 dias, os procedimentos para a criação do fundo privado para gerir dinheiro devolvido pela Petrobras."" ""O juiz determinou que o MPF terá que apresentar, a cada 30 dias, informações detalhadas sobre as providências adotadas em relação ao acordo."" ""Tal medida, por certo, possibiltilará a realização de tratativas para a eventual alteração do acordo, nos termos em que melhor atend a sociedade e o Estado brasileiro."""	"""Juiz da Lava Jato suspende prazo para criação de fundo com dinheiro devolvido pela Petrobras""Decisão do juiz Luiz Antônio Bonat foi publicada nesta quarta-feira (13). O juiz Luiz Antônio Bonat decidiu suspender nesta quarta-feira (13), por 90 dias, os procedimentos para a criação do fundo privado para gerir dinheiro devolvido pela Petrobras. O pedido de suspensão foi feito na terça (12) pelo Ministério Público Federal.A decisão de suspender o processo de criação do fundo cabia ao juiz porque o acordo já havia sido homologado pela Justiça Federal. O juiz determinou que o MPF terá que apresentar, a cada 30 dias, informações detalhadas sobre as providências adotadas em relação ao acordo.""Tal medida, por certo, possibilitará a realização de tratativas para a eventual alteração do acordo, nos termos em que melhor atenda a sociedade e o Estado brasileiro"", destacou Bonat na decisão.O juiz destacou ainda que os valores previstos no acordo já foram depositados pela Petrobras em conta com correção monetária e, por isso, a suspensão não trará prejuízos.Na petição apresentada à Justiça Federal, a força-tarefa da Lava Jato relacionou o pedido de suspensão ao ""debate social sobre o destino dos recursos, noticiado pela mídia nacional"". E se comprometeu a dialogar com autoridades e órgãos públicos uma forma melhor de empregar os recursos pagos pela Petrobras.Ao G1, o procurador Roberson Pozzobon justificou o pedido de suspensão.Também na terça-feira, a procuradora-geral da República, Raquel Dodge, pediu ao Supremo Tribunal Federal (STF) a anulação de todo o acordo. O relator do caso no STF é o ministro Alexandre de Moraes.Dodge entendeu que os procuradores do Paraná não tinham poderes para atuar no caso e quer a anulação de todo o acordo ""sem prejuízo de que a Petrobrás adote outras medidas"" para cumprimento do acordo que fez com autoridades norte-americanas.O Ministério Público Federal no Paraná planejava criar um fundo privado para gerir recursos recuperados na Operação Lava Jato. O projeto previa a constituição de uma fundação de direito privado para destinar parte dos recursos a iniciativas sociais, em áreas como saúde, educação e meio ambiente.O primeiro passo foi dado em 25 de janeiro, quando a Justiça Federal homologou acordo entre MPF e Petrobras na qual a estatal se comprometeu a depositar US$ 682,56 milhões como restituição dos crimes identificados na Lava Jato. Em 30 de janeiro, a Petrobras depositou o equivalente em reais (R$ 2,567 bilhões) em conta vinculada à 13ª Vara Federal de Curitiba, que julga os casos da operação.Esse compromisso é consequência de um outro acordo, firmado em 2018 entre Petrobras e autoridades americanas, para encerrar investigações nos Estados Unidos de irregularidades na estatal. Ficou acertado na ocasião que 80% do montante seria depositado no Brasil --exatamente os R$ 2,567 bilhões. O restante ficará nos EUA.Segundo a revista Época, a criação da fundação não estava no acordo com as autoridades americanas.Veja mais notícias do estado no G1 Paraná. "	-1
186	Justiça vetou declarações públicas e convocação de militantes para liberar saída de Lula ao velório do neto. A autorização concedida na sexta-feira (dia 1º) ao ex-presidente Luiz Inácio Lula da Silva para ir ao velório do neto foi condicionada ao compromisso assumido por ele de que não daria declarações públicas nem convocaria militantes. O despacho foi publicado pela juíza Carolina Lebbos às 19h17 de sexta (1º), pouco mais de cinco horas depois do pedido da defesa.	"""Justiça vetou declarações públicas e convocação de militantes para liberar saída de Lula ao velório do neto""Sigilo de decisão que autorizou saída do ex-presidente foi retirado nesta quarta-feira (6). A autorização concedida na sexta-feira (dia 1º) ao ex-presidente Luiz Inácio Lula da Silva para ir ao velório do neto foi condicionada ao compromisso assumido por ele de que não daria declarações públicas nem convocaria militantes.O despacho foi publicado pela juíza Carolina Lebbos às 19h17 de sexta (1º), pouco mais de cinco horas depois do pedido da defesa. O processo estava em sigilo desde que a defesa havia requisitado a saída do ex-presidente, e só pode ser acessado novamente nesta quarta (6).Na decisão, a juíza cita a anuência do Ministério Público Federal (MPF) e da Polícia Federal (PF) para atender ao pedido de Lula.Em ofício enviado à Justiça Federal, o Superintendente da Polícia Federal no Paraná, Luciano Flores, disse que fez contato com Lula e o advogado, solicitando que o deslocamento fosse autorizado para a manhã de sábado (2), em horário que permitisse a Lula estar presente na capela do cemitério com a família próximo ao horário da cremação ""não havendo necessidade de permanecer no local por mais de 1h e 30 min"".O documento diz ainda que Lula, o advogado e a presidente do PT, Gleisi Hoffmann, se comprometeram a não divulgar informações sobre o deslocamento, bem como não convocar manifestantes ou militantes para o cemitério.A PF exigiu, ainda, que fosse possível o controle de acesso à capela onde ocorreu a cerimônia fúnebre, e que fosse mantida livre uma rota de retirada de emergência do ex-presidente e dos policiais que estivessem fazendo sua escolta, para o caso de manifestações ou aglomerações que pudessem causar risco de morte.Ao concordar com o pedido, a juíza observou ainda ser necessário manter as restrições feitas pelo presidente do Supremo Tribunal Federal (STF), ministro Dias Toffoli, em decisão que havia liberado Lula para encontrar familiares após a morte de um irmão:""Consoante já exposto pelo Supremo Tribunal Federal, tais condições são estritamente necessárias à garantia da segurança dos presentes, do requerente e dos agentes públicos que o acompanharem. Ademais, são plenamente compatíveis com a natureza do ato, bem como com a preservação da individualidade e do resguardo e respeito ao evidente estado de luto da família"", justificou Carolina Lebbos.Veja mais notícias do estado no G1 Paraná. "	-1
187	Governo brasileiro não descarta apoio logístico a eventual intervenção militar dos EUA na Venezuela. Uma coisa é participar de uma intervenção militar como invasor. Outra coisa é participar do apoio logístico. Houve duas fases na Segunda Guerra Mundial. Inicialmente, o Brasil deu apoio logístico, permitindo apenas que os aliados, principalmente os Estados Unidos, instalassem bases aéreas e usassem portos brasileiros.	"""Governo brasileiro não descarta apoio logístico a eventual intervenção militar dos EUA na Venezuela""Jornalista Natuza Nery estreia blog no G1. O presidente Jair Bolsonaro destacou nesta terça-feira que a diplomacia é seu canal prioritário para a Venezuela. No entanto, nos bastidores, uma nova opção surgiu no horizonte do governo Brasileiro: dar ""apoio logístico"" aos Estados Unidos caso Donald Trump decida invadir o país vizinho.""Uma coisa é participar de uma intervenção militar como invasor. Outra coisa é participar do apoio logístico"", disse ao blog um representante da área militar do governo.A autoridade, que falou sob condição de anonimato, exemplificou o que seria esse ""apoio logístico"".""Houve duas fases na Segunda Guerra Mundial. Inicialmente, o Brasil deu apoio logístico, permitindo apenas que os aliados, principalmente os Estados Unidos, instalassem bases aéreas e usassem portos brasileiros. Posteriormente, [o Brasil] enviou tropas para a Itália e participou ativamente da guerra.""Em outras palavras, as Forças Armadas brasileiras não entrariam na Venezuela, mas dariam todo o suporte para que o Exército americano entrasse.Não está claro se a discussão sobre um possível auxílio nesses moldes chegou a ser levantada no encontro entre Bolsonaro e Trump na Casa Branca. O interlocutor do presidente diz que não há nada decidido.Mas a reação de Bolsonaro durante entrevista na Casa Branca acabou levantando dúvidas sobre se a via diplomática é a única opção em estudo no Palácio do Planalto.Durante entrevista a jornalistas dos dois países, enquanto Donald Trump reiterava que ""todas as opções"" de sanções à Venezuela estão à mesa, Jair Bolsonaro evitou dar uma resposta direta, conclusiva, o que gerou questionamentos sobre se, de fato, o Brasil estaria tão fora assim de um apoio mais explícito aos Estados Unidos como se imaginava até aqui.A hipótese de ""apoio logístico"", embora não dê ao Brasil o rótulo de interventor, na visão do auxiliar militar do governo, contrasta com declarações públicas proferidas, por exemplo, pelo vice-presidente Hamilton Mourão. Dias atrás, em 25 de fevereiro, ele chegou a afirmar, em entrevista à GloboNews, que não se considerava, em ""hipótese alguma"", facilitar o acesso militar dos EUA pela fronteira brasileira. "	-1
188	"""O Linhão do Tucuruí será considerado de ""segurança nacional"" para não depender mais de anuência de povos indígenas para a concessão do licenciamento"", ""O diálogo do governo com os povos indígenas continua, mas o aval deles deixa de ser um fator condicionante para a concessão da licença"", ""O objetivo do governo é acabar com a dependência e acelerar a construção da linha""."	"""Linhão será considerado de segurança nacional para se evitar negociação com índios"" O presidente Jair Bolsonaro deve assinar até esta sexta-feira (1º) um decreto para considerar o Linhão do Tucuruí uma questão de ""segurança nacional"". O objetivo é não depender mais de anuência de povos indígenas para a concessão do licenciamento, informa o repórter Nilson Klava, da GloboNews.Nesta quarta (27), Bolsonaro reuniu o Conselho de Defesa Nacional em Brasília para discutir a construção da linha de transmissão de energia que ligará Manaus (AM) a Boa Vista (RR).Roraima é o único estado que não compõe o Sistema Interligado Nacional (SIN). Com isso, importa energia da Venezuela, e o governo Nicolás Maduro tem ameaçado cortar o fornecimento.O objetivo do governo é acabar com a dependência e acelerar a construção da linha.""O diálogo do governo com os povos indígenas continua, mas o aval deles deixa de ser um fator condicionante para a concessão da licença"", afirmou um integrante do primeiro escalão do governo.Segundo o ministro do Meio Ambiente, Ricardo Salles, o Ibama já concedeu uma licença prévia para estudos, mas ainda espera um relatório da Funai pra conceder o licenciamento de instalação.Com a decisão de transformar o tema em questão de ""segurança nacional"", o governo calcula que será possível começar a obra em julho. "	-1
189	"""Moro diz que estuda adoção de contratos para tentar reduzir criminalidade nos municípios."" ""O ministro deu a informação ao participar de um seminário no Conselho Nacional de Justiça (CNJ) sobre políticas voltadas para a segurança pública."" ""Ele não deu detalhes sobre o que os contratos vão prever."" ""Segundo o ministro, o objetivo é 'estabelecer uma forma de agregar as ações conjuntas das unidades da federação em municípios de incidência de elevada criminalidade'."""	"""Moro diz que estuda adoção de contratos para tentar reduzir criminalidade nos municípios""Ministro deu informação em seminário, mas não detalhou o que contratos vão prever. Segundo ele, reclamação geral é que cada cidade tem realidade própria e faltam ações coordenadas. O ministro da Justiça e Segurança Pública, Sérgio Moro, afirmou nesta segunda-feira (25) que estuda a adoção de ""contratos"" entre União, estados e municípios para tentar reduzir a violência em cidades com índices elevados de criminalidade.Moro deu a informação ao participar de um seminário no Conselho Nacional de Justiça (CNJ) sobre políticas voltadas para a segurança pública. Ele não deu detalhes sobre o que os contratos vão prever.Segundo o ministro, a elaboração dos contratos ainda é uma ""ideia em gestação"". Ele disse também que o objetivo é ""estabelecer uma forma de agregar as ações conjuntas das unidades da federação em municípios de incidência de elevada criminalidade"".Segundo Moro, a ideia tem como base uma experiência adotada na União Europeia. Inicialmente, disse, seria um projeto piloto e, depois, o objetivo seria expandir para outras áreas específicas.De acordo com o ministro da Justiça, a ""reclamação geral"" é que faltam ações coordenadas de segurança uma vez que cada município tem a própria realidade.""Para você resolver um problema de elevada criminalidade num local, normalmente o que se precisa ter é uma ação não só da União federal, não só dos estados, mas igualmente dos municípios"", afirmou.""E essas ações precisam ser conjuntas, não pode cada um trabalhar com políticas que não sejam compatíveis ou consistentes. Então, a ideia é uma experiência baseada no que foi feito na União Europeia, estabeleceu uma forma de agregar ações conjuntas nas unidades de federação em municípios de elevada criminalidade"", acrescentou.Na semana passada, o governo federal entregou ao Congresso Nacional o pacote anticrime e anticorrupção.São três projetos com medidas contra corrupção, crime organizado e crimes violentos que agora serão analisados pelos parlamentares.Os textos alteram 14 leis e endurecem penas de diversos crimes. Entre as propostas apresentadas estão a criminalização do caixa 2 (dinheiro de campanha não contabilizado oficialmente) e a autorização para prender pessoas condenadas criminalmente em segunda instância. "	-1
190	Presidente da Vale diz que empresa vai acelerar indenização para vítimas de Brumadinho. Pela manhã, procuradora-geral Raquel Dodge disse que empresa não tem de esperar ações judiciais para indenizar. O presidente da Vale, Fabio Schvartsman, afirmou após reunião com procuradores na sede da Procuradoria-Geral da República, em Brasília, que a intenção da empresa é acelerar ao máximo, por meio de acordos extrajudiciais, o processo de indenização das vítimas do rompeminto, na última sexta-feira (25), de uma barragem da empresa em Brumadinho (MG).	"""Presidente da Vale diz que empresa vai acelerar indenização para vítimas de Brumadinho""Fabio Schvartsman se reuniu com procuradores em Brasília. Pela manhã, procuradora-geral Raquel Dodge disse que empresa não tem de esperar ações judiciais para indenizar. O presidente da Vale, Fabio Schvartsman, afirmou após reunião com procuradores na sede da Procuradoria-Geral da República, em Brasília, que a intenção da empresa é acelerar ao máximo, por meio de acordos extrajudiciais, o processo de indenização das vítimas do rompimento, na última sexta-feira (25), de uma barragem da empresa em Brumadinho (MG). Até a tarde desta quinta, havia 99 mortos e 259 desaparecidos.Pela manhã, a procuradora-geral da República, Raquel Dodge, já havia afirmado, após reunião com representantes do Movimento dos Atingidos por Barragens (MAB), que a Vale não tem de esperar ações judiciais para indenizar vítimas da tragédia.Na última sexta-feira (25), uma barragem de rejeitos da empresa, na mina do Córrego do Feijão, em Brumadinho, se rompeu. Um mar de lama varreu a comunidade local e parte do centro administrativo e do refeitório da Vale. Até a tarde desta quinta-feira, havia confirmação de 99 mortos, entre os quais moradores das proximidades e funcionários da mineradora. Rios e áreas de mata foram atingidos.Números da tragédiaACOMPANHE ATUALIZAÇÕES NA COBERTURA AO VIVOSchvartsman afirmou que o valor das indenizações será o ""que tiver que ser"".""Não existe um valor definido. Vai ser aquilo que for necessário. Quando for definida a extensão de vitimas, o valor será decorrente disso"", afirmou.Segundo ele, assim que os acordos forem assinados, as indenizações começarão a ser ""processadas"".Sobre a reparação de danos ambientais, o presidente da Vale afirmou que o assunto foi discutido na reunião com a procuradora-geral Raquel Dodge, mas que todos concordaram que a primeira atenção deve ser com as vítimas do rompimento.""Todo o resto é importante, ninguém tira a importância, e tudo será cuidado, mas que se dê prioridade e celeridade àquilo que é possível se fazer rapidamente"", afirmou.Ao ser questionado sobre as sirenes de alerta, que não funcionaram no dia, Schvartsmann afirmou que o rompimento da barragem em Brumadinho foi muito rápido e que a sirene que faria o alerta acabou enterrada pela queda da barragem.""O histórico de rompimento de barragem mostra é que, em geral, isso vem com algum aviso, que ele acontece aos poucos. Aqui [em Brumadinho] aconteceu um fato que não é muito usual: houve um rompimento muito rápido da barragem, e a sirene que ia tocar foi engolfada pela queda da barragem"", afirmou.O presidente da Vale disse que, nesta quinta, quando se completaram sete dias da tragédia, houve cultos ecumênicos na empresa em homenagem às vítimas.""A empresa toda está em luto e emocionada com o que aconteceu. Meu coração e minha cabeça estão voltados para o atendimento das vítimas"", declarou. "	-1
191	"Senado decide refazer eleição depois de constatar na urna 82 votos de 81 senadores. O presidente da sessão falou em equívoco. Alguns parlamentares disseram que houve fraude. Nove senadores se apresentaram como candidatos, mas três desistiram. O Senado decidiu neste sábado (2) anular a votação para presidente da Casa e realizar nova votação após 82 cédulas terem sido colocadas na urna. O número total de senadores é 81. A decisão foi tomada pelo grupo de senadores escrutinadores, escolhidose pelos líderes partidários para acompanhar a votação. O presidente da sessão, senador José Maranhão (MDB-PB), falou em ""equívoco"". Sérgio Petecão (PSD-AC) e Esperidião Amin (PP-SC) disseram que houve ""fraude"". Não sei se foi a Mesa. Pelo princípio da boa-fé, eu estou querendo acreditar que não foi erro da Mesa, que foi um erro informal. Mas, com certeza, o senador ali estava querendo fraudar. É lamentável. E os dois votos eram para a mesma pessoa. É lamentável"", disse Simone Tebet."	"""Senado decide refazer eleição depois de constatar na urna 82 votos de 81 senadores""Presidente da sessão falou em equívoco. Alguns parlamentares disseram que houve fraude. Nove senadores se apresentaram como candidatos, mas três desistiram. O Senado decidiu neste sábado (2) anular a votação para presidente da Casa e realizar nova votação após 82 cédulas terem sido colocadas na urna. O número total de senadores é 81.A decisão foi tomada pelo grupo de senadores escrutinadores, escolhidos pelos líderes partidários para acompanhar a votação.O presidente da sessão, senador José Maranhão (MDB-PB), falou em ""equívoco"". Sérgio Petecão (PSD-AC) e Esperidião Amin (PP-SC) disseram que houve ""fraude"".""Não sei se foi a Mesa. Pelo princípio da boa-fé, eu estou querendo acreditar que não foi erro da Mesa, que foi um erro informal. Mas, com certeza, o senador ali estava querendo fraudar. É lamentável. E os dois votos eram para a mesma pessoa. É lamentável"", disse Simone Tebet.Maranhão rasgou as duas cédulas e foi criticado por colegas. O impasse sobre a contagem de votos gerou tumulto no plenário.Depois disso, as demais cédulas foram trituradas em uma máquina. Coube a Acir Gurgacz (PDT-RO), senador preso que tem autorização para trabalhar no Congresso durante o dia, colocar os votos na máquina.Nove senadores se apresentaram como candidatos à Presidência da Casa, porém três retiraram as candidaturas _ Alvaro Dias (Pode-PR), Major Olímpio (PSL-SP) e Simone Tebet (MDB-MS), que concorria como candidata avulsa. Restaram na disputa seis parlamentares:Após discursos de todos os candidatos, os senadores votaram em cédulas, envelopadas e depositadas em uma urna. Parte dos senadores anunciou o voto no microfone ou mostrou a cédula para as câmeras.No momento de iniciar a apuração, foram encontradas 80 cédulas com votos dentro de um envelope e outras duas cédulas com voto sem envelope. Na soma das cédulas, seriam 82 votos, um a mais do que os 81 senadores que integram e Casa.Antes de se iniciar o processo de votação, nove candidatos discursaram no plenário. Nessa etapa, três senadores _ Alvaro Dias (Pode-PR), Major Olímpio (PSL-SP) e Simone Tebet (MDB-MS), que havia se lançado de forma avulsa _ renunciaram às candidaturas e manifestaram apoio a Davi Alcolumbre.O Senado tenta desde a tarde de sexta-feira (1º) escolher os integrantes da Mesa Diretora. A discussão sobre votação aberta ou secreta gerou bate-boca entre senadores.Na sexta, o plenário decidiu, por 50 votos a dois, que a escolha seria em voto aberto. Vinte e oito senadores não votaram. À noite, devido ao impasse, a sessão foi suspensa para ser retomada na manhã deste sábado.Durante a madrugada, o ministro Dias Toffoli, do Supremo Tribunal Federal (STF) determinou eleição por voto secreto depois de receber uma ação impetrada pelos partidos MDB e Solidariedade. "	-1
192	Proposta para Previdência Social prevê mudança na idade mínima e abrange setores público e privado. A reforma foi entregue nesta quarta-feira pelo presidente Bolsonaro ao presidente da Câmara, Rodrigo Maia. A proposta prevê uma idade mínima de apoentadoria de 65 anos para homens e de 62 para mulheres, a ser aplicada após 12 anos de transição. Além disso, os beneficiários terão de contribuir por, no mínimo, 20 anos.	"""Proposta para Previdência Social prevê mudança na idade mínima e abrange setores público e privado""Reforma foi entregue nesta quarta-feira pelo presidente Bolsonaro ao presidente da Câmara, Rodrigo Maia. Texto com mudanças para militares sai em até 30 dias, segundo o governo. O governo apresentou nesta quarta-feira (20) a proposta de reforma da Previdência, considerada prioridade pela equipe econômica para tentar reequilibrar as contas públicas nos próximos anos. O texto foi entregue pessoalmente pelo presidente Jair Bolsonaro no Congresso Nacional.De acordo com o que o governo já havia anunciado na semana passada, a proposta prevê uma idade mínima de aposentadoria de 65 anos para homens e de 62 para mulheres, a ser aplicada após 12 anos de transição. Além disso, os beneficiários terão de contribuir por, no mínimo, 20 anos.A idade mínima subirá progressivamente durante esse período _ que é mais curto do que os 21 anos propostos pelo governo Temer em 2017.A reforma da Previdência abrange os trabalhadores do setor privado, que estão no Instituto Nacional do Seguro Social (INSS), e os servidores públicos.O secretário especial de Previdência e Trabalho do Ministério da Economia, Rogério Marinho, afirmou que um texto com a proposta de reforma da previdência dos militares será entregue em até 30 dias.A ideia do governo, ao reformar a Previdência, é aumentar as receitas, mas também cortar despesas - via limitação de benefícios.A equipe econômica também informou que buscará implementar um regime de capitalização _ pelo qual cada trabalhador financia a própria aposentadoria por depósitos em uma conta individual. Entretanto, detalhes sobre essa proposta serão apresentados somente no futuro.Com as medidas propostas, o governo quer economizar R$ 1,16 trilhão em dez anos, valor que representa cerca de 1/3 do déficit somente do INSS (sistema público que atende aos trabalhadores do setor privado) previsto para o período, que deve somar R$ 3,1 trilhões no mesmo período. Ainda falta incluir nesse cálculo o rombo dos servidores públicos e militares, não detalhado pelo governo.O objetivo do governo ao propor a reforma não é zerar o déficit previdenciário, mas tentar diminuir o rombo previsto para os próximos anos _ seu consequente impacto na contas públicas, que amargaram em 2018 o seu quinto ano seguido de déficit, com resultado negativo de R$ 120 bilhões. Somente o rombo previdenciário somou R$ 292 bilhões no ano passado.Ao reduzir os déficits públicos nos próximos anos, a meta é evitar a alta no endividamento _ que totalizou 76,7% do Produto Interno Bruto (PIB) no fim do ano passado. A previsão do Tesouro Nacional é de que, com a aprovação da reforma da previdência, a dívida bruta continue crescendo e atinja 80% do PIB em 2022, mas que comece a recuar no ano seguinte.O nível da dívida bruta é um dos principais indicadores de comparação internacional para medir a capacidade de pagamento de uma nação. É acompanhado atentamente pelas agências de classificação de risco _ que conferem notas aos países (o que funciona como uma recomendação, ou não, para investimentos).O Tesouro Nacional observou recentemente que, de acordo com o Fundo Monetário Internacional (FMI), a dívida bruta de países emergentes, ou seja, no ""mesmo estágio de desenvolvimento"" do Brasil, está em cerca de 50% do PIB.Uma tendência crescente da dívida, em um cenário de ausência de reformas, pode gerar a piora na nota brasileira _ com recomendação para que investidores estrangeiros retirem recursos do país.Se não for revertida a alta do endividamento, isso pode obrigar o governo a pagar juros mais altos aos investidores interessados em comprar títulos da dívida pública, sendo que essas taxas mais elevadas poderiam ser repassadas às famílias e empresas, limitando o crescimento econômico e a geração de empregos.Sem a reforma da previdência, o governo teria de reduzir mais gastos ou aumentar tributos para conter o endividamento. Outra alternativa seria o retorno de um patamar mais alto de inflação. ""Ou resolve tudo isso via inflação, que é o que o Brasil fazia no passado, que é o que a Argentina voltou a fazer. São os caminhos que a gente têm"", explicou o secretário de Previdência, Leonardo Rolim. "	-1
193	Governo vai transformar em atendimento digital mais de mil serviços públicos. O governo do presidente Jair Bolsonaro vai transformar mais de mil serviços públicos em atendimento digital nos próximos dois anos para tornar mais fácil a vida da população. O processo de digitalização deverá estar concluído até o final de 2020 e faz parte da estratégia da equipe do ministro da Economia, Paulo Guedes, de reduzir o tamanho do Estado, reduzir gastos e desburocratizar a administração pública.	"""Governo vai transformar em atendimento digital mais de mil serviços públicos "" O governo do presidente Jair Bolsonaro vai transformar mais de mil serviços públicos em atendimento digital nos próximos dois anos para tornar mais fácil a vida da população. A informação foi dada ao blog pelo secretário especial de Desburocratização e Gestão do Ministério da Economia, Paulo Uebel. Segundo ele, os serviços do INSS serão prioridade.""Tudo o que for possível ser transformado em atendimento digital nós faremos, o objetivo é tornar a vida do cidadão mais fácil e gerar economia de tempo e de recursos para o governo"", afirmou Uebel.O processo de digitalização deverá estar concluído até o final de 2020 e faz parte da estratégia da equipe do ministro da Economia, Paulo Guedes, de reduzir o tamanho do Estado, reduzir gastos e desburocratizar a administração pública. Além dos serviços do INSS, ele citou, como exemplo, as matrículas em universidades federais e certificados de vacina.Paulo Uebel disse que a meta de digitalização faz parte também de outra medida, que será editada por decreto ainda no mês de fevereiro, e que vai criar critérios técnicos para autorização de novos concursos públicos no governo federal. Segundo Uebel, em tempos de ajuste fiscal, a União precisa buscar otimizar seus recursos humanos, utilizá-los mais nos serviços fins e reduzir gastos.Para isso, a partir da edição do decreto, um órgão só receberá autorização para realização de concurso público se cumprir várias exigências. Entre elas, comprovar tecnicamente a necessidade da abertura da nova vaga; provar que não há funcionário cedido que poderia ser convocado para a nova função e se o órgão cumpriu uma meta de digitalização dos seus serviços.""Por exemplo, se um órgão já digitalizou cerca de 20% dos seus serviços mas tem condições de chegar a um patamar próximo de 100%, primeiro ele precisa cumprir esta etapa para só depois abrir um concurso público"", afirmou Paulo Uebel ao blog.Ele informou também que o governo pretende cortar cerca de 21 mil dos mais de 130 mil cargos e funções gratificadas da União, o que pode gerar uma economia de R$ 200 milhões por ano.""A ideia é fazer com os demais ministério o que foi feito no da Economia, onde foram cortados cerca de 3 mil cargos e funções, gerando uma economia de R$ 43,6 milhões por ano"", citou.O corte de cargos e funções gratificadas começará pelas vagas que atualmente não estão preenchidas, para só depois partir para as que estão ocupadas atualmente. ""Tudo será negociado com os órgãos, porque não podemos prejudicar serviços do governo"", afirmou o secretário. "	-1
194	Em primeira audiência de novo juiz da Lava Jato, Alberto Yousseff e mais dois são ouvidos. Depoimentos fazem parte do processo que apura superfaturamento em obra de sede da Petrobras, em Salvador. O juiz federal Luiz Antônio Bonat realizou a primeira audiência no comando dos processos da Lava Jato em 1ª instância, no Paraná, nesta quinta-feira (7). O juiz federal Luiz Antônio Bonat realizou a primeira audiência no comando dos processos da Lava Jato em 1ª instância, no Paraná, nesta quinta-feira (7).	"""Em primeira audiência de novo juiz da Lava Jato, Alberto Yousseff e mais dois são ouvidos""Depoimentos fazem parte de processo que apura superfaturamento em obra de sede da Petrobras, em Salvador. Luiz Antônio Bonat ocupou a vaga que era de Sergio Moro, na 13ª Vara da Justiça Federal do Paraná. O juiz federal Luiz Antônio Bonat realizou a primeira audiência no comando dos processos da Lava Jato em 1ª instância, no Paraná, nesta quinta-feira (7).O substituto de Sérgio Moro na 13ª Vara da Justiça Federal do Paraná ouviu os depoimentos do doleiro Alberto Youssef, do ex-diretor da Odebrecht Fernando Migliaccio e da auditora fiscal da Receita Federal do Brasil (RFB) Ana Paula Souza da Silva. Os três depoimentos aconteceram por videoconferência.A audiência faz parte do processo referente à 56ª fase da Lava Jato, que apura superfaturamento na construção de uma sede da Petrobras em Salvador. O processo está em fase de audiências de instrução.Bonat só fez perguntas a um dos interrogados. O juiz questionou Fernando MIgliaccio quem eram os líderes empresariais que participavam os esquemas dentro da Odebrecht, com quem ele falou para realizar determinados pagamentos e quem recebia as propinas.Nos depoimentos de Alberto Youssef e Ana Paula Souza da Silva, o juiz apenas conduziu as audiências passando a palavra à procuradora do Ministério Público Federal Isabel Groba Vieira, interrogados e advogados.As três testemunhas foram arroladas no processo tanto pela defesa quanto pela acusação.No depoimento de Alberto Youssef, o doleiro contou como fazia a entrega de dinheiro aos beneficiários do esquema de propina envolvendo obras da Petrobras.Ele confirmou que realizou ""três ou quatro"" entregas de dinheiro na casa de Marice Correa. Cunhada do ex-tesoureiro do Partido dos Trabalhadores (PT) João Vaccari Neto.O ex-executivo da Odebrecht Fernando Migliaccio explicou como funcionava o Setor de Operações Estruturadas da empreiteira, que era o setor responsável por ""fazer pagamentos paralelos não contabilizados"", segundo Migliaccio.A última audiência foi realizada com a auditora fiscal Ana Paula Souza da Silva, que mostrou como a Receita Federal identificou que alguns beneficiários do esquema de corrupção tinham renda real superior à declarada.O interrogatório que estava marcado com o empreiteiro Ricardo Pessoa foi remarcado pelo juiz para o dia 29 de março.Bonat vai ouvir outras quatro testemunhas do caso nesta sexta-feira (8): Pedro José Barusco Filho, Benedicto Barbosa da Silva Júnior, César Bahia Alice Carvalho dos Santos e Jean Clécio Sales dos Santos.Quarenta e duas pessoas são rés nesta ação penal, respondendo por crimes como corrupção, lavagem de dinheiro, gestão fraudulenta, desvios de recursos de instituição financeira e organização criminosa.O ex-executivo da construtora OAS, José Aldemário Pinheiro Filho _ conhecido como Léo Pinheiro _, o ex-presidente da Odebrecht Marcelo Odebrecht, o ex-tesoureiro do PT João Vacari Neto, o ex-diretor de Serviços da Petrobras Renato Duque e o ex-executivo da OAS Agenor Franklin Magalhães Medeiros estão entre os réus. Eles, inclusive, já foram condenados em outros processos da Lava Jato.Bonat ocupa a vaga na 13ª Vara da Justiça Federal do Paraná, após a saída de Sérgio Moro, que assumiu o cargo de ministro da Justiça no governo de Jair Bolsonaro.A juíza Gabriela Hardt, que estava comandando as ações penais da Lava Jato desde a saída de Moro, volta a ser substituta.Veja mais notícias do estado no G1 Paraná. "	-1
195	"TST considera abusiva greve realizada em 2018 contra privatização da Eletrobras. Para maioria dos ministros, paralisação teve caráter político e opunha trabalhadores e o governo, e não trabalhadores e empresa. O Tribunal Superior do Trabalho (TST) julgou abusiva a greve da Eletrobras, ocorridora em junho de 2018, contra a privatização da estatal, entendendo se tratar de movimento de caráter político, e não trabalhista. O relator do caso, ministro Mauricio Godinho Delgado, argumentou que a paralisação teve relação direta com a manutenção dos empregos. ""Quase toda greve tem uma dimensão política, mas essa tem uma dimensão profissional, econômica e de risco de solapamento de direitos trabalhistas relevante e manifesta"", afirmou o ministro."	"""TST considera abusiva greve realizada em 2018 contra privatização da Eletrobras ""Para maioria dos ministros, paralisação teve caráter político e opunha trabalhadores e o governo, e não trabalhadores e empresa.  O Tribunal Superior do Trabalho (TST) julgou abusiva a greve da Eletrobras, ocorrida em junho de 2018, contra a privatização da estatal, entendendo se tratar de movimento de caráter político, e não trabalhista.A decisão foi tomada na segunda-feira (11), por maioria, pela Seção Especializada em Dissídios Coletivos, e abre jurisprudência para julgamentos semelhantes, autorizando desconto pelos dias parados.O relator do caso, ministro Mauricio Godinho Delgado, argumentou que a paralisação teve relação direta com a manutenção dos empregos. ""Quase toda greve tem uma dimensão política, mas essa tem uma dimensão profissional, econômica e de risco de solapamento de direitos trabalhistas relevante e manifesta"", afirmou o ministro.Segundo Godi"	-1
196	Moro diz que corrupção diminui recursos para o combate ao crime e adoção de políticas sociais. O projeto anticrime e anticorrupção estabelece regime fechado a condenados por corrupção e peculato. Em relação à corrupção, o projeto estabelece regime fechado para início do cumprimento da pena de condenados por corrupção passiva, ativa e peculato.	"""Moro diz que corrupção diminui recursos para o combate ao crime e adoção de políticas sociais""Ministro da Justiça e da Segurança Pública apresentou projeto anticrime e anticorrupção nesta segunda. Proposta estabelece regime fechado a condenados por corrupção e peculato. O ministro da Justiça e da Segurança Pública, Sérgio Moro, afirmou nesta segunda-feira (4), durante a apresentação do projeto anticorrupção e antiviolência que a corrupção diminui recursos públicos para adotar medidas mais eficientes contra o crime e desenvolver políticas sociais.O projeto de lei anticrime e anticorrupção, com propostas de alterações em 14 leis, foi apresentado pelo ministro da Justiça, em Brasília, nesta segunda-feira, para governadores e para a imprensa.Saiba o que o ministro falou sobre os principais pontos:Corrupção - Em relação à corrupção, o projeto estabelece regime fechado para início do cumprimento da pena de condenados por corrupção passiva, ativa e peculato, independentemente da pena aplicada.Atualmente, o Código Penal prevê que somente os condenados a mais de oito anos de prisão deverão começar a cumprir a pena nesse tipo de regime. As exceções apontadas no texto são para os casos em que a ""coisa apropriada ou a vantagem indevida for de pequeno valor"".Segundo Moro, a corrupção também retira recursos de políticas sociais em geral ""que possam também servir como, vamos dizer, estrategicamente orientadas para diminuir a sedução para o crime de, muitas vezes, pessoas vulnerabilizadas"".Conexão entre os eixos do projeto - O ministro explicou que o projeto de lei tem três eixos _ corrupção, crime organizado e crime violento porque as três coisas estão relacionadas.Segundo o ministro, os ""três problemas estão vinculados _ não adianta tratar de um sem tratar dos demais"".Segunda instância - O início da execução da pena de condenados após decisão em segunda instância, previsto no projeto, vale para todos os tipos de crime, inclusive corrupção. O tema também será discutido no plenário do Supremo Tribunal Federal (STF) em abril. Segundo o projeto, se houver discussão relevante do ponto de vista constitucional, que tenha de ser analisada por tribunais superiores, o juiz pode deixar de autorizar a execução provisória da pena.""Isso é importante para a corrupção, importante para crime violento, isso é importante para crime organizado. Não adianta nada nos mexermos no restante da legislação se o processo penal não funcionar, se ele não chegar ao fim em um tempo razoável"", afirmou.Excludente de ilicitude - O projeto permite livrar de penas os policiais que cometerem mortes em serviço em caso de ""conflito armado ou em risco eminente de conflito armado"" e para prevenir agressão ou risco de agressão a reféns.O chamado ""excludente de ilicitude"" é a isenção de punição em determinadas situações. O artigo 23 do Código Penal brasileiro já prevê a exclusão de ilicitude no estrito cumprimento do dever legal, em casos de legítima defesa e em estado de necessidade.Além disso, o texto prevê que os cidadãos responderão por excessos dolosos ou culposos, mas ""o juiz poderá exigir a pena até a metade ou deixar de aplicá-la se o excesso decorrer de escusável medo, surpresa ou violenta emoção"". O projeto não traz detalhes de como situações desse tipo serão identificadas.Embargos infringentes - Os embargos infringentes são recursos que podem reverter a condenação Esse tipo de recurso é usado quando uma decisão não é unânime, ou seja, há divergências entre os votos dos desembargadores e dos ministros tribunais superiores.Pelo texto do projeto, o embargos infringentes só serão cabíveis em caso de divergência sobre absolvição ou condenação. Atualmente, esses embargos também são cabíveis nos casos em que os ministros divergem quanto ao tamanho da pena aplicada ao réu.Regime fechado para roubo com armas de fogo - Pelo texto da proposta, o início do cumprimento de pena para condenados por roubos com arma de fogo deverá ser o regime fechado.Pela legislação atual, as penas para esse tipo de delito podem ficar abaixo da necessária para a aplicação do regime fechado. O Código Penal exige condenações superiores a oito anos de prisão.Crimes violentos - O ministro anunciou ainda que, pela proposta, condenados por crimes hediondos que resultaram em morte só poderão progredir de regime após cumpridos três quintos da pena. Hoje, a progressão pode ocorrer a partir do cumprimento de dois quintos da pena. São crimes hediondos, por exemplo, o homicídio qualificado, estupro e latrocínio.""Como eu disse, não adianta jogar a pena de 30 anos para 50 anos quando o percentual de pena de regime fechado é pequeno. Tem que aumentar o percentual necessário em regime fechado. Isso não é autoritarismo, isso não é fascismo"", afirmou.Estatuto do desarmamento - Pelo texto, as penas por porte ilegal de arma de fogo de uso restrito e não restrito, disparo de arma de fogo, comércio ilegal de armas e tráfico internacional de armas serão majoradas da metade se forem cometidas por quem já possuir condenações criminais (em segunda instância ou com trânsito em julgado).Prorrogação de permanência em presídios federais - Atualmente, a legislação estabelece em 360 dias a permanência máxima de condenados neste tipo de presídio, renováveis por mais 360 dias. Pelo projeto, este tempo passa a três anos, renováveis por igual período.Segundo o texto, os Estados e o Distrito Federal poderão construir e instituir presídios de segurança máxima, aplicando as mesmas regras dos presídios federais.Banco de perfis genéticos - O projeto estabelece ainda que condenados por crimes dolosos, mesmo com recursos pendentes na Justiça, terão o perfil genético colhido quando entrarem na cadeia.Pelo te"	-1
197	Bolsonaro viaja para o Rio de Janeiro para participar de aniversário dos fuzileiros navais. Cerimônia em homenagem aos 211 anos do corpo de fuzileiros navais está prevista para 10h. Presidente deve retornar ainda nesta quinta-feira para Brasília.	"""Bolsonaro viaja para o Rio de Janeiro para participar de aniversário dos fuzileiros navais""Cerimônia em homenagem aos 211 anos do corpo de fuzileiros navais está prevista para 10h. Presidente deve retornar ainda nesta quinta-feira para Brasília.  O presidente Jair Bolsonaro embarcou em Brasília no início da manhã desta quinta-feira (7) rumo ao Rio de Janeiro, onde vai participar de cerimônia do 211º aniversário do corpo de fuzileiros navais.O presidente chegou à capital fluminense por volta de 8h30. A cerimônia está marcada para 10h.Bolsonaro deve voltar no início da tarde para Brasília. Na agenda dele, ainda está prevista uma reunião, no Palácio do Planalto, com o ministro da Secretaria-Geral da Presidência, Floriano Peixoto.Em seguida, ele vai receber, também no Planalto, a primeira-dama, Michelle Bolsonaro, o ministro Osmar Terra, da Cidadania, e a ministra Damares Alves, da Mulher, da Família e dos Direitos Humanos.A cerimônia no corpo de fuzileiros navais será o primeiro evento público do presidente depois do episódio em que ele postou um vídeo com conteúdo pornográfico em sua conta no Twitter. A visualização do vídeo foi restringida, com alerta de conteúdo sensível, e a postagem, feita na terça-feira (5), gerou polêmica ao longo da quarta (6).A cena mostra dois homens dançando sobre um ponto de táxi em um bloco de rua no carnaval paulistano. Um deles coloca o dedo no ânus e se abaixa para o outro urinar nele. O presidente tuitou: ""Não me sinto confortável em mostrar, mas temos que expor a verdade para a população ter conhecimento e sempre tomar suas prioridades. É isto que tem virado muitos blocos de rua no carnaval brasileiro. Comentem e tirem suas conslusões (sic)"". A cena foi gravada no desfile do Blocu, em São Paulo, na segunda-feira (4). "	-1
198	"""Discurso do governo sobre flexibilização das armas saiu enfraquecido após tragédia em Suzano. O comentário desta sexta-feira (15) no clube do café, da Rádio Globo, abordou o terrível massacre em Suzano, na grande São Paulo, que terminou com 10 mortos em uma escola e obrigou a sociedade brasileira a pensar sobre as várias facetas da tragédia, entre elas a flexibilização das armas. Ouça aqui.O senador Major Olimpio (PSL), da base do governo Bolsonaro, disse, logo após o ocorrido, que _ se os professores estivessem armados _ o crime não aconteceria. A ideia de armar professores para proteger as escolas parece completamente sem sentido. Quem tem que proteger os cidadãos é o Estado.Um estudo feito pelo FBI em 2014, por exemplo, analisando 160 casos envolvendo atiradores no período de 2000 a 2013 nos Estados Unidos, mostrou que cidadãos não armados conseguiram interromper mais ataques do que aqueles armados.Aliás, o discu"	"""Discurso do governo sobre flexibilização das armas saiu enfraquecido após tragédia em Suzano""Comentário na Rádio Globo sobre os principais acontecimentos da semana O comentário desta sexta-feira (15) no clube do café, da Rádio Globo, abordou o terrível massacre em Suzano, na grande São Paulo, que terminou com 10 mortos em uma escola e obrigou a sociedade brasileira a pensar sobre as várias facetas da tragédia, entre elas a flexibilização das armas. Ouça aqui.O senador Major Olimpio (PSL), da base do governo Bolsonaro, disse, logo após o ocorrido, que _ se os professores estivessem armados _ o crime não aconteceria. A ideia de armar professores para proteger as escolas parece completamente sem sentido. Quem tem que proteger os cidadãos é o Estado.Um estudo feito pelo FBI em 2014, por exemplo, analisando 160 casos envolvendo atiradores no período de 2000 a 2013 nos Estados Unidos, mostrou que cidadãos não armados conseguiram interromper mais ataques do que aqueles armados.Aliás, o discurso do governo, e dos aliados de Bolsonaro nesta questão, saiu enfraquecido após esta tragédia. O presidente lamentou a tragédia somente seis horas depois do ocorrido mostrando mais uma vez que as teses de campanha são um peso, tornando o governo atual menos ágil, além do fato de gerar polêmicas desnecessárias.O comentário também fez uma reflexão sobre o um ano do assassinato da ex-vereadora Marielle Franco. Mesmo com a prisão dos suspeitos de terem executado ela e o ex-motorista Anderson Gomes, a sociedade brasileira aguarda a informação sobre o mandante desse crime bárbaro.Outro ponto abordado no comentário foi a derrota imposta sobre a Lava Jato pelo Supremo Tribunal Federal (STF), que decidiu, por seis a cinco, que processos de corrupção ligados a caixa dois serão enviados para a Justiça Eleitoral. "	-1
199	"""Em nota, Beto Richa diz que prisão afronta decisão de Gilmar Mendes."" Além disso, a defesa do ex-governador do Paraná Beto Richa (PSDB) disse por meio de nota que a prisão preventiva - por tempo indeterminado - do tucano nesta sexta-feira (25) afronta decisão do ministro do Supremo Tribunal Federal (STF) Gilmar Mendes.Segundo a defesa, além disso, os fatos usados para a decretação são antigos."	"""Em nota, Beto Richa diz que prisão afronta decisão de Gilmar Mendes""Defesa trata fatos usados para decretar a prisão do tucano nesta sexta-feira (25) como antigos e requentados. A defesa do ex-governador do Paraná Beto Richa (PSDB) disse por meio de nota que a prisão preventiva - por tempo indeterminado - do tucano nesta sexta-feira (25) afronta decisão do ministro do Supremo Tribunal Federal (STF) Gilmar Mendes.Segundo a defesa, além disso, os fatos usados para a decretação são antigos. Richa foi preso em casa, em Curitiba, por volta das 7h desta sexta, conforme a Justiça Federal, na deflagração da 58ª fase da Operação Lava Jato.A prisão foi justificada com base em uma tentativa de influenciar os depoimentos de testemunhas de uma investigação de esquema de lavagem de dinheiro. A investigação que originou o mandado de prisão apura supostos crimes na concessão de rodovias do estado.""Os fatos ora invocados já foram anteriormente utilizados, na decretação das medidas cautelares expedidas contra o ex-governador. Cumpre registrar que o Supremo Tribunal Federal, ao julgar referidas medidas, reconheceu a flagrante ilegalidade na ordem prisão decretada"", diz trecho.A defesa afirma que a prisão desta sexta tem ""o evidente objetivo de desrespeitar os julgamentos proferidos pela Suprema Corte sobre o tema"". Richa ficou preso por quatro dias em setembro de 2018, sendo solto após decisão do ministro.Ainda conforme a defesa, o ex-governador esclareceu todos os fatos ""não restando qualquer dúvida quanto à regularidade de todas as condutas praticadas no exercício de suas funções"".A defesa informou que confia que a Justiça reverterá a ordem de prisão.""1- Os fatos que conduziram à prisão do ex-Governador são antigos. Sobre eles, todos os esclarecimentos foram por ele devidamente esclarecidos, não restando qualquer dúvida quanto à regularidade de todas as condutas praticadas, no exercício de suas funções.2- Mais do que isso. Os fatos ora invocados já foram anteriormente utilizados, na decretação das medidas cautelares expedidas contra o ex-Governador. Cumpre registrar que o Supremo Tribunal Federal, ao julgar referidas medidas, reconheceu a flagrante ilegalidade na ordem prisão decretada.3- Na realidade, a prisão requerida pelo Ministério Público Federal afronta o quanto decidido pelo Supremo Tribunal Federal, com o evidente objetivo de desrespeitar os julgamentos proferidos pela Suprema Corte, sobre o tema.4- No mais, o pedido se lastreia em ilações do MPF, exclusivamente suportadas em falsas e inverídicas informações prestadas em sede de colaboração premiada, por criminosos confessos.5- Em síntese, a prisão se baseia em fatos absolutamente requentados, carentes de qualquer comprovação e sobre os quais o Supremo Tribunal Federal já decidiu, no sentido de que os mesmos não justificam a decretação de prisão.6- A defesa confia que o Poder Judiciário reverterá a ordem de prisão, que não atende a qualquer dos pressupostos exigidos em lei.""Veja mais notícias do estado no G1 Paraná."	-1
