	Model Answer	news	label
0	O que é fato e o que não é nas declarações de Haddad na última semana de campanha 	"O que é fato e o que não é nas declarações de Haddad na última semana de campanhaO que é fato e o que não é nas declarações de Haddad na última semana de campanhaTwitterFacebookE-mailWhatsAppO que é fato e o que não é nas declarações de Haddad na última semana de campanhaPor Bárbara Libório 27 de outubro de 2018, 02h05TwitterFacebookEmailWhatsAppFernando Haddad, candidato do PT à Presidência da República, concedeu entrevistas e falou ao público em suas redes sociais na última semana antes do segundo turno das eleições presidenciais. Aos Fatos checou cinco de suas declarações e constatou que ele errou ao chamar o general Hamilton Mourão, candidato à Vice-Presidência na chapa de Jair Bolsonaro (PL), de ""torturador"" e ao dizer que o ex-presidente Luiz Inácio Lula da Silva nunca usou a palavra ""fascista"". Ele também exagerou em declaração sobre os apoios que tem recebido de outros partidos.Veja, abaixo, o resultado das checagens.FALSONunca vi o Lula pronunciar essa palavra [fascista] para se referir a ninguém. - Fernando Haddad (PT) em sabatina realizada pelos jornais O Globo, Extra e Valor Econômico e pela revista ÉpocaPerguntando se os termos ""fascista"" e ""nazista"" não estavam sendo usados despropositadamente nas campanhas eleitorais, Haddad se defendeu dizendo que nunca ouviu a palavra vinda do ex-presidente Lula. Ele também acrescentou que ele próprio nunca a havia pronunciado antes ao referir-se ao opositor Jair Bolsonaro. A afirmação, no entanto, é FALSA, porque Lula usou a palavra ao falar do ataque à sua caravana no Paraná no início do ano. Também usou o termo no ano passado para referir-se ao candidato do PSL.Em março deste ano, quando o ônibus de sua caravana foi atingido por tiros quando seguia de Quedas do Iguaçu para Laranjeiras do Sul, o ex-presidente se pronunciou em seu Twitter afirmando: ""A nossa caravana está sendo perseguida por grupos fascistas. Já atiraram ovos, pedras. Hoje deram até um tiro no ônibus"".Já no ano passado, na abertura da etapa de São Paulo do 6º Congresso Nacional do PT, ao lado do ex-presidente do Uruguai José Mujica, e de figuras importantes do partido como Gleisi Hoffmann, Lindbergh Farias, Rui Falcão, e do próprio Fernando Haddad, o ex-presidente fez referência ao atual candidato à presidência do PSL afirmando que o crescimento do sentimento contra políticos tradicionais fazia aumentar a popularidade de ""um fascista chamado Bolsonaro"".Outro lado. A reportagem entrou em contato com a assessoria do candidato para que ele pudesse se posicionar em relação às checagens. Até a última atualização, no entanto, Aos Fatos não havia recebido nenhuma resposta.FALSOO Mourão, por exemplo, foi ele próprio torturador. - Fernando Haddad (PT) em sabatina realizada pelos jornais O Globo, Extra e Valor Econômico e pela revista ÉpocaHaddad referia-se a uma declaração do cantor e compositor Geraldo Azevedo. Em um show na Bahia no último fim de semana, ele afirmou que foi preso duas vezes na ditadura e que foi torturado em 1969. Segundo o artista, o general Hamilton Mourão, candidato a vice-presidente na chapa de Jair Bolsonaro, era um dos torturadores. No entanto, em 1969, Mourão tinha 16 anos e era aluno do Colégio Militar em Porto Alegre. Ele só ingressou no Exército em 1972. Além disso, no relatório final da Comissão Nacional da Verdade, publicado em 2014, não há qualquer menção ao general. Por isso, a declaração recebeu o selo de FALSA.Após a repercussão de sua declaração, a assessoria de imprensa do cantor divulgou uma nota pedindo desculpas:No último fim de semana, Geraldo declarou em um show no interior da Bahia que o general Mourão era um dos torturadores da época de suas prisões. No entanto, o vice-presidente do candidato Jair Bolsonaro não estava entre os militares torturadores. Geraldo Azevedo se desculpa pelo transtorno causado por seu equívoco e reafirma sua opinião de que não há espaço, no Brasil de hoje, para a volta de um regime que tem a tortura como política de Estado e que cerceia as liberdades individuais e de imprensa.O general se pronunciou após a declaração de Haddad. Disse que nunca viu uma ""mentira tão ridícula"", e que poderia processar o candidato, acusando-o de disseminar ""fake news"".Depois, Haddad reconheceu o erro. Afirmou que ""toda pessoa que foi torturada está sujeita a ter esse tipo de confusão"", e que o esclarecimento de Geraldo Azevedo ""também tem de ser levado ao público para que não haja dúvida"". Disse também que ""isso não tira o fato de que o Mourão, quando passou para reserva, disse com todas as letras que Ustra, um torturador, é uma de suas referências"".Outro lado. A reportagem entrou em contato com a assessoria do candidato para que ele pudesse se posicionar em relação às checagens. Até a última atualização, no entanto, Aos Fatos não havia recebido nenhuma resposta.EXAGERADOO PSB, todos os seus governadores e o seu presidente manifestaram [apoio]. - Fernando Haddad (PT) em sabatina realizada pelos jornais O Globo, Extra e Valor Econômico e pela revista ÉpocaÉ verdade que a executiva nacional apoiou, mas ao menos dois diretórios regionais, SP e DF, mantiveram neutralidade. Por esse motivo, a declaração foi considerada EXAGERADA.A Executiva Nacional do PSB anunciou, no último dia 9, posição em favor da candidatura de Haddad. Governadores como Paulo Câmara, de Pernambuco, reeleito no primeiro turno, e o governador eleito da Paraíba, João Azevêdo, já haviam declarado apoio ao petista.Os diretórios do Distrito Federal e de São Paulo, no entanto, foram liberados de seguirem a orientação partidária. Rodrigo Rollemberg, que tenta a reeleição no DF, e Márcio França, que disputa a reeleição em São Paulo, declararam neutralidade na disputa presidencial. Acusado por seu oponente, o tucano João Doria, de apoiar o PT, França tem dito inclusive na sua propaganda eleitoral que não apoia o partido, e tem repetido o mesmo em debates. Ele também recebe o apoio de Major Olímpio (PSL), senador eleito de São Paulo, aliado e cabo eleitoral de Jair Bolsonaro.Outros nomes do partido, como Valadares Filho, que é candidato ao governo do Sergipe, e Renato Casagrande, governador eleito do Espírito Santo, declararam neutralidade.Outro lado. A reportagem entrou em contato com a assessoria do candidato para que ele pudesse se posicionar em relação às checagens. Até a última atualização, no entanto, Aos Fatos não havia recebido nenhuma resposta.VERDADEIRO[Bolsonaro] Nunca aprovou um projeto de segurança em 28 anos. - Fernando Haddad (PT) em entrevista à rádio CBNAos Fatos já checou que, entre projetos de lei, projetos de lei complementar e propostas de emenda à constituição, Bolsonaro é autor de 172 proposições. Apenas duas, no entanto, foram aprovadas, e nenhuma diz respeito ao tema de segurança pública. Por isso, a afirmação de Haddad é VERDADEIRA.Em sete mandatos na Câmara dos Deputados, Bolsonaro conseguiu aprovar os seguintes projetos: o PL 2.514/1996, que estendia o benefício de isenção do Imposto sobre Produtos Industrializados (IPI) para bens de informática, e o PL 4.639/2016, do qual ele é co-autor, e autorizava o uso da chamada ""pílula do câncer"", a fosfoetanolamina sintética. O medicamento, no entanto, não tem liberação da Anvisa (Agência Nacional de Vigilância Sanitária), que precisa comprovar sua eficácia e riscos para a saúde com testes clínicos em humanos.Já na área de segurança pública, o deputado propôs alguns projetos que ainda estão tramitação ou não foram aprovados. Estão entre eles o PL 7282/2014, que autoriza o porte de armas; o PL 2751/1992, que repassa um montante específico da verba de segurança pública para a construção de residências para uso dos integrantes da força de policiamento ostensivo; o PL 3075/1997 autoriza o porte federal de arma de fogo aos congressistas; e o PL 9564/2018, que estabelece a ""excludente de ilicitude"" nas ações de agentes públicos em operação sob intervenção federal.Outro lado. A reportagem entrou em contato com a assessoria do candidato para que ele pudesse se posicionar em relação às checagens. Até a última atualização, no entanto, Aos Fatos não havia recebido nenhuma resposta.VERDADEIROEle [Lula] não pode aparecer mais que 25% [no horário eleitoral]. - Fernando Haddad (PT) em entrevista à rádio CBNHaddad usou o argumento para se explicar o motivo de o ex-presidente Lula não aparecer mais com tanta frequência em suas propagandas eleitorais. O que acontece é que, pela lei, os apoiadores dos candidatos podem ocupar até 25% do tempo do horário eleitoral. Por isso, a declaração de Haddad recebeu o selo de VERDADEIRA. Na madrugada do dia 1 de setembro, quando o TSE barrou a candidatura de Lula com base na Lei da Ficha Limpa, o tribunal decidiu que o PT poderia manter seus programas eleitorais, desde que não apresentasse Lula como candidato.Ainda assim, as propagandas eleitorais do PT causaram divergências. No dia 3 de setembro, o partido foi proibido de veicular a propaganda eleitoral transmitida em TV e rádio porque os ministros entenderam que Lula ainda aparecia como candidato. O mesmo aconteceu em relação às inserções na TV, propagandas de 30 segundos veiculadas ao longo da programação normal nas emissoras. Em um trecho do vídeo, por exemplo, era exibida uma fala de Lula na qual ele se dizia inocente e afirmava que quem o julgou quer evitar que ele ""volte a fazer o melhor governo do Brasil"".Depois, no dia 18, os ministros do TSE decidiram, por unanimidade, que a participação do ex-presidente em campanhas de candidatos do PT não configurava irregularidade, já que os apoiadores são autorizados a aparecer em até um quarto do tempo. O entendimento foi de que, embora tenha sido barrado como candidato pela Lei da Ficha Limpa, Lula continua a ter direitos políticos e pode continuar a apoiar seus correligionários.Alguns dias depois, os candidatos Jair Bolsonaro, do PSL, e João Amoêdo, do Novo, também entraram com ações no TSE para contestar o uso na propaganda do PT do logotipo ""Haddad é Lula"", afirmando que isso poderia causar dúvida no eleitor sobre quem de fato era o candidato. Mas elas foram rejeitadas. Os ministros entenderam que não há na legislação eleitoral nenhum dispositivo que proíba esse tipo de uso de nome de apoiador político na propaganda eleitoral e, por isso, autorizaram o uso da marca pelo PT. No segundo turno, no entanto, Haddad parou de usar o bordão em suas propagandas.Outro lado. A reportagem entrou em contato com a assessoria do candidato para que ele pudesse se posicionar em relação às checagens. Até a última atualização, no entanto, Aos Fatos não havia recebido nenhuma resposta.TwitterFacebookEmailWhatsAppLeia tambémCinco fatos sobre migraçãoNão é verdade que Moro afastou promotor do caso Queiroz e delegado que investiga morte de MarielleHomem em foto com Flávio Bolsonaro é assessor do senador, não acusado de matar Marielle]"	1
1	Presidente siga firme	" #Verificamos: Tuíte que pede que Bolsonaro não se renda à mídia esquerdista não é de Boris CasoyEm programa na RedeTV, onde trabalha, jornalista afirmou que não tem conta no Twitter Circula nas redes sociais um tuíte atribuído ao jornalista Boris Casoy com uma mensagem de apoio ao presidente Jair Bolsonaro. Por meio do projeto de verificação de notícias, usuários do Facebook solicitaram que esse material fosse analisado. Confira a seguir o trabalho de verificação da Lupa:""Presidente siga firme na missão que Deus e o povo lhe confiou e combata o Foro de São Paulo, não se renda à mídia esquerdista e não dê espaços para oportunistas de plantão.""Frase atribuída a Boris Casoy que, até as 16h do dia 5 de abril de 2019, já tinha sido compartilhada 93,8 mil vezes no FacebookFALSOA conta que fez a postagem atribuída a Boris Casoy não é do jornalista. O perfil @licitabrasil1, que de fato tuitou o texto no dia 19 de fevereiro de 2019, existe no Twitter, mas não leva o nome nem a foto de Casoy. No programa RedeTV News que foi ao ar no dia 25 de fevereiro, o jornalista afirmou que não tem conta no Twitter. ""Tudo que está sendo difundido em meu nome é falso. Fake, como dizem os mais moderninhos"", esclareceu. Nota: esta reportagem faz parte do projeto de verificação de notícias no Facebook. Dúvidas sobre o projeto? Entre em contato direto com o Facebook.Editado por: Natália Leal"	1
2	Joaquim Barbosa pediu para eleitores não votarem no PT.	"""É #FAKE capa da Veja em que Joaquim Barbosa pede para eleitores não votarem no PT""Capa não foi publicada pela revista. Imagem que circula nas redes sociais é falsa. Ex-ministro do STF declarou voto em Haddad. Uma falsa capa da revista Veja tem sido compartilhada nas redes sociais. Nela, aparece uma frase atribuída ao ex-presidente do Supremo Tribunal Federal (STF) Joaquim Barbosa: ""Se a população quer me homenagear, basta não votar no PT"". A postagem é #FAKE.A imagem, que circula desde 2014, voltou a ser compartilhada com força neste fim de semana, após ele ter declarado voto em Fernando Haddad (PT) pelo Twitter.Não há nenhum registro dessa fala de Barbosa, apesar de ele já ter feito críticas ao PT. A imagem também tem indícios de montagem. A marca da editora Abril aparece em tamanho desproporcional, assim como as letras utilizadas para compor o texto.É importante ressaltar também que nenhuma das cinco edições de Veja publicadas em julho de 2014 tem esta imagem como verdadeira capa.Neste sábado e domingo a equipe do Fato ou Fake se uniu a outras cinco agências de checagens de notícias no Brasil para checar as mensagens de conteúdo suspeito nesta reta final das eleições. A ideia de juntar forças é para ganhar mais agilidade e aumentar o alcance das checagens. A parceria reúne o Fato ou Fake, Projeto Comprova, Lupa, Aos Fatos, Boatos.org e E-Farsas. "	1
3	Postulantes ao governo do estado de São Paulo participaram nesta sexta-feira em um debate na RedeTV!.	As checagens em tempo real do debate da RedeTV! com candidatos ao governo de SPAs checagens em tempo real do debate da RedeTV! com candidatos ao governo de SPTwitterFacebookE-mailWhatsAppAs checagens em tempo real do debate da RedeTV! com candidatos ao governo de SPPor Ana Rita Cunha, Bárbara Libório, Bernardo Moura, Judite Cypreste, Luiz Fernando Menezes e Tai Nalon 24 de agosto de 2018, 21h00TwitterFacebookEmailWhatsAppPostulantes ao governo do estado de São Paulo participaram nesta sexta-feira (24) na RedeTV! do segundo debate televisivo desta campanha ao Palácio dos Bandeirantes. A equipe do Aos Fatos checou em tempo real o debate.Antes de iniciar os trabalhos de tempo real, a reportagem entrou em contato com as assessorias de imprensa dos candidatos para informá-las do processo de checagem do debate. A equipe do Aos Fatos está aberta a observações, justificativas e eventuais correções nos momentos posteriores ao debate.Veja, abaixo, o que checamos.IMPRECISOCriamos a Univesp. Saiu de 3 mil pra mais de 50 mil alunos. - Márcio França (PSB)A informação divulgada pela Univesp (Universidade Virtual do Estado de São Paulo) é que, de 2017 para o primeiro semestre de 2018, o número de alunos cresceu de 3 mil para 35 mil - e não mais de 50 mil, como dito pelo candidato Márcio França. No segundo semestre, foram abertas 21.650 vagas e as matrículas foram recentemente concluídas (diferente do informado anteriormente, quando afirmamos que as matrículas ainda estavam abertas).O número de França também não leva em conta alunos que possam ter concluído o curso no final do primeiro semestre de 2018. Vale ressaltar que o número de vagas não indica necessariamente o número de alunos, pois estas podem estar ociosas. O dado apresentado por Márcio França soma os números de alunos do segundo semestre com as vagas abertas para 2018, mas, como não leva em conta alunos que concluíram o curso no segundo semestre, a declaração foi considerada IMPRECISA.A Univesp confirmou a informação ao Aos Fatos em checagem publicada em 19 de julho. O número de França também não leva em conta alunos que possa ter concluído o curso no final do primeiro semestre de 2018.A Univesp informou também que, neste último concurso, houve 38 mil inscritos em disputa pelas 21.650 vagas para os cursos de Engenharia da Computação, Engenharia de Produção, Licenciatura em Matemática, Pedagogia e Tecnologia em Gestão Pública. O órgão informou que há previsão de que, em agosto, após o resultado do último vestibular, o número de alunos suba para 50 mil.A instituição, criada em 2012 exclusivamente para educação à distância, é mantida pelo Governo do Estado de São Paulo. Em um evento que estabeleceu a expansão do convênio da universidade com 230 municípios, Márcio França chegou a declarar o dado correto: em um ano, a Universidade saiu de 3 mil alunos para 55 mil vagas ofertadas.*Diferentemente do informado na primeira versão da checagem da declaração de Márcio França, as matrículas da Univesp já foram concluídas no dia 17 de agosto de 2018. A informação foi corrigida em 24 de agosto às 23h07.FALSOSão Paulo tem [...] 450 mil alunos em toda a rede pública universitária. - Márcio França (PSB)O estado de São Paulo tinha 286.964 alunos matriculados em cursos universitários presenciais e à distância de universidades públicas de acordo com os dados do Censo de Ensino Superior do Inep de 2016, dado mais recente disponível. O dado mencionado por França é 57% maior do que o apresentado pelo Inep, por isso a declaração foi considerada FALSA.No começo do ano, França repetiu a afirmação em evento da Univesp ao falar sobre as 21 mil novas vagas que foram abertas no vestibular da universidade no segundo semestre de 2018.De acordo com os dados do Inep, a rede pública universitária de São Paulo é a maior do país, à frente de Minas Gerais (201,5 mil alunos), Rio de Janeiro (141,4 mil alunos) e Bahia (112 mil alunos). São Paulo tem 50.544 alunos em instituições federais, 189.014 em instituições estaduais e 47.406 instituições municipais.IMPRECISOA LDO está sendo discutida, foram reservados R$ 23 bilhões para desonerações - Professora Lisete (PSOL)A declaração é IMPRECISA porque, segundo o projeto de 2019, o governo paulista de fato prevê a desoneração de R$ 23 bilhões - mas só em relação ao ICMS. O projeto prevê, por exemplo, mais R$ 1,07 bilhão em desoneração em relação à arrecadação do IPVA.O projeto de LDO (Lei de Diretrizes Orçamentárias) do Estado de São Paulo já está disponível no site do governo. Segundo o te	1
4	É #FAKE que Instituto Ayrton Senna autorizou uso de música tema da vitória e que ela foi usada na última propaganda de Bolsonaro.	"""É #FAKE que Instituto Ayrton Senna autorizou uso de música tema da vitória e que ela foi usada na última propaganda de Bolsonaro""Vídeo, que não foi exibido na TV, usa música associada ao piloto Ayrton Senna com imagens da campanha do candidato. Instituto comandado pela irmã do piloto nega autorização para uso da música. Um vídeo que circula há alguns dias na internet é apresentado como a ""despedida do horário eleitoral do Bolsonaro"" e utiliza o chamado ""Tema da Vitória"", música que era utilizada nas comemorações de corridas vencidas pelo piloto Ayrton Senna, morto em 1994. Na apresentação do vídeo, é dito que o uso da música foi ""autorizado pela Viviane Senna"", irmã do diretor e diretora do instituto Ayrton Senna. A informação é #FAKE.A despeito da legenda, o vídeo também não foi utilizado no último programa eleitoral de Bolsonaro, transmitido na noite de sexta-feira (26). Em nota publicada no perfil oficial do Facebook, o Instituto Ayrton Senna esclarece que ""a mensagem que acompanha o vídeo trata-se de fake news"". ""A imagem e toda a associação com o piloto Ayrton Senna não têm autorização do instituto para uso em campanhas eleitorais e seus respectivos candidatos"".A nota também informa que ""os direitos da música não pertencem ao instituto, mas o combate à circulação de notícias falsas é papel de todos nós"".O vídeo tem milhares de visualizações no Youtube, postado por diferentes usuários. Ele não consta dos canais oficiais nem do candidato Jair Bolsonaro nem de qualquer um de seus filhos, mas foi postado por apoiadores do presidenciável como a deputada federal eleita pelo PRP no Distrito Federal, Bia Kicis, que se apresenta como ""a federal do Bolsonaro no DF.""Neste sábado e domingo a equipe do Fato ou Fake se uniu a outras cinco agências de checagens de notícias no Brasil para checar as mensagens de conteúdo suspeito nesta reta final das eleições. A ideia de juntar forças é para ganhar mais agilidade e aumentar o alcance das checagens. A parceria reúne o Fato ou Fake, Projeto Comprova, Lupa, Aos Fatos, Boatos.org e E-Farsas "	1
5	Não, o Exército não está fiscalizando o Senado; notícia é falsa	"Não, o Exército não está fiscalizando o Senado; notícia é falsaNão, o Exército não está fiscalizando o Senado; notícia é falsaTwitterFacebookE-mailWhatsAppNão, o Exército não está fiscalizando o Senado; notícia é falsaPor Bernardo Moura 16 de maio de 2018, 19h30TwitterFacebookEmailWhatsAppÉ falsa a notícia de que ""sem qualquer aviso prévio, Exército começa a fiscalizar senadores em Brasília"". As postagens foram publicadas pelo site Notícias Brasil Online e pelo Jornal da Cidade Online (neste, com o título ""Militares passam a exercer fiscalização direta no Congresso Nacional"") e foram marcadas por usuários do Facebook como conteúdos potencialmente enganosos (veja como funciona). Confira o que checamos:FALSOSem qualquer aviso prévio, Exército começa a fiscalizar senadores em Brasília.O texto já começa fazendo alarde: ""uma cena incomum aconteceu nesta terça-feira (15) no plenário do Congresso Nacional. Inúmeros militares, sem qualquer aviso prévio, foram assistir a sessão do Senado"". Junto à postagem, um vídeo mostra militares fardados acomodados em uma das galerias da Casa durante a 70ª Sessão Plenária, realizada ontem. Aos Fatos consultou a assessoria do Senado Federal para checar a veracidade do conteúdo, que foi publicado pelos sites Notícias Brasil Online e Jornal da Cidade Online.De acordo com o Senado, os fardados mostrados nas imagens são estagiários do Curso Superior de Defesa - que é formado por militares dos cursos de altos estudos da Escola Superior de Guerra, da Escola de Guerra Naval e da Escola de Comando e Estado-Maior do Exército. O curso tem 200 integrantes, que são civis e militares das Forças Armadas, Forças Auxiliares e Nações Amigas. Ou seja, o objetivo da visita não era ""fiscalizar senadores"" ou ""exercer fiscalização direta no Congresso Nacional"", como afirmam as postagens analisadas, mas parte do cronograma de um curso.A visita também foi previamente agendada, de acordo com o Senado, o que invalida a informação contida no título de uma das postagens checadas por Aos Fatos, que dizia ter sido sem aviso prévio a passagem dos militares pela galeria da Casa.""Na ocasião, os militares foram saudados pelo presidente da sessão plenária, senador João Alberto (PMDB-MA)"", ressalta a nota enviada pelo Senado nesta quarta-feira (16).TwitterFacebookEmailWhatsAppLeia tambémCinco fatos sobre migraçãoNão é verdade que Moro afastou promotor do caso Queiroz e delegado que investiga morte de MarielleHomem em foto com Flávio Bolsonaro é assessor do senador, não acusado de matar Marielle]"	1
6	Ex-secretário de Educação de Macapá foi detido em operação realizada em novembro de 2017.	" #Verificamos: É falsa notícia de que aliado de Bolsonaro acaba de ser preso pela PF no AmapáEx-secretário de Educação de Macapá foi detido em operação realizada em novembro de 2017Circula nas redes sociais a ""notícia"" de que um dos principais aliados dos presidente eleito, Jair Bolsonaro (PSL), no Amapá teria acabado de ser preso pela Polícia Federal. Por meio do projeto de verificação de notícias, usuários do Facebook solicitaram que esse material fosse analisado. Confira a seguir o trabalho de verificação da Lupa:""Principal aliado de Bolsonaro no Amapá acaba de ser preso pela PF por diversos crimes, ele pedia o fim da corrupção e a prisão de Lula""Foto e texto que circulam na internet e que, até às 18h40 do dia 6 de dezembro de 2018, tinham sido compartilhados mais de 1,4 mil vezes no FacebookFALSOA postagem analisada pela Lupa, feita no dia 4 de dezembro de 2018, republica conteúdo antigo como se fosse atual. O homem que aparece na foto ao lado do presidente eleito Jair Bolsonaro é Moisés Rivaldo Pereira, promotor de justiça aposentado e ex-secretário Municipal de Educação de Macapá. Diferente do que consta no texto avaliado pela agência na tarde desta quinta-feira (6), Pereira não ""acaba de ser preso"". Foi detido na operação ""Minamata"", feita pela Polícia Federal, em 30 novembro de 2017. A postagem atual retoma um link do site FalandoVerdades com data de 30 de novembro de 2017 - sem informar que se trata de informação com mais de um ano de idade.Naquele dia, Pereira e outras dez pessoas foram presas pela PF. A investigação apurou as atividades de uma organização criminosa, acusada de trabalho escravo, degradação ambiental, falsidade ideológica e lavagem de dinheiro. O ex-secretário ficou preso preventivamente por quase um mês, no Centro de Custódia Especial do Zerão, na Zona Sul de Macapá. E, no dia 25 de dezembro de 2017, passou a cumprir prisão domiciliar.A foto que circula agora nas redes sociais também foi usada pela coluna do jornalista Lauro Jardim, de O Globo, para comentar a prisão de Pereira - na época em que ela efetivamente ocorreu. A Lupa procurou o advogado de Moisés Pereira, Cícero Bordalo Júnior, para saber se o ex-secretário continuava em prisão domiciliar, mas não obteve respostas. *Nota: esta reportagem faz parte do projeto de verificação de notícias no Facebook. Dúvidas sobre o projeto? Entre em contato direto com o Facebook.Editado por: Cristina Tardáguila e Clara Becker"	1
7	É #FAKE que Hospital Militar quer operar pessoas com lábio leporino ou fenda palatina, mas falтам pacientes	"""É #FAKE que Hospital Militar quer operar pessoas com lábio leporino ou fenda palatina, mas faltam pacientes""A mensagem ainda fala que os médicos são americanos. Diretor de instituição em Minas Gerais diz que a mensagem é completamente falsa e pede que as pessoas parem de compartilhar sem verificar a fonte. Circula nas redes sociais uma mensagem que diz que ""existem 12 médicos americanos dispostos a operar pessoas com lábio leporino ou fenda palatina no Hospital da Polícia Militar, em Belo Horizonte, mas só existem 71 pacientes para operar na próxima semana e são necessários 135"". A mensagem é #FAKE.O diretor-geral do Instituto de Previdência dos Servidores Militares (IPSM) de Minas Gerais, coronel Vinícius Rodrigues de Oliveira Santos, diz que a mensagem é completamente falsa.""Já fizemos várias notas desmentindo esse fake, mas para um tempo e ele volta novamente"", conta.O coronel explica que a mensagem dá a entender que existe atendimento voltado à população em geral, o que não é verdadeiro. O Hospital Militar tem atendimento restrito apenas aos policiais militares e seus dependentes. Além disso, os outros detalhes da mensagem também não são verdadeiros.A telefonista do Hospital Militar diz que às vezes são mais de cem ligações em único dia pedindo informações sobre a mensagem fake.Um dos comunicados divulgados pelo hospital diz que a mensagem é ""irresponsável"" e pede que as pessoas não se divulguem mais informações sem antes confirmar a veracidade dos fatos.A mensagem viralizou no Facebook e em grupos do WhatsApp.Olá caso conhecem alguém com Lábio Leporino e/ou Fenda Palatina, informa-se que existem 12 médicos americanos dispostos a operar no hospital militar, mas só existem 71 pacientes e são necessários 135 pacientes para operar na próxima semana. . Não fique com a mensagem alguém pode se alegrar ao receber esta notícia. Interessados chamar no: ( 31) 3071-5200. Hospital Militar.Vídeo: Veja como identificar uma mensagem falsa "	1
8	É falso que deputado europeu tenha gargalhado de pedido de Gleisi. Vídeo mostra ministro suíço rindo de pergunta sobre tarifas de importação de embutido.	" #Verificamos: É falso que deputado europeu tenha gargalhado de pedido de GleisiVídeo mostra ministro suíço rindo de pergunta sobre tarifas de importação de embutidoCircula nas redes sociais um vídeo no qual um homem falando em alemão, num parlamento, acaba caindo na gargalhada. Pela legenda que acompanha a gravação, ele estaria comentando um pedido da senadora Gleisi Hoffmann (PT) para que o ex-presidente Luiz Inácio Lula da Silva (PT) fosse homenageado pelo parlamento europeu. Por meio do projeto de verificação de notícias, usuários do Facebook solicitaram que esse material fosse analisado. Confira a seguir o trabalho de verificação da Lupa:""Senadora Gleisi Hoffmann pede homenagem para o Lula na Europa. Vejam o que aconteceu""Vídeo que foipublicado no Facebook e que, até as 15h30 do dia 1 de fevereiro de 2019, já tinha sidocompartilhado mais de 2,9 mil vezesFALSOA legenda que acompanha o vídeo não tem qualquer relação com o discurso que se ouve na gravação analisada pela Lupa. O vídeo foi feito antes mesmo de Gleisi se tornar congressista. Em 2010, o chefe do Departamento Federal de Finanças da Suíça, Hans-Rudolf Merz (equivalente ao ministro da Economia no Brasil), caiu em gargalhadas enquanto lia uma pergunta excessivamente detalhada sobre tarifas de importação de Bündnerfleisch, um tipo de embutido. A sessão era transmitida ao vivo, e o vídeo acabou viralizando.Esse conteúdo também foi verificado pelos sites AFP, Boatos.org e Estadão Verifica.Nota: esta reportagem faz parte do projeto de verificação de notícias no Facebook. Dúvidas sobre o projeto? Entre em contato direto com o Facebook.Editado por: Clara Becker"	1
9	Papa Francisco não enviou terço a Lula; Vaticano desmente boato	"Papa Francisco não enviou terço a Lula; Vaticano desmente boatoPapa Francisco não enviou terço a Lula; Vaticano desmente boatoTwitterFacebookE-mailWhatsAppPapa Francisco não enviou terço a Lula; Vaticano desmente boatoPor Bernardo Moura 12 de junho de 2018, 14h10TwitterFacebookEmailWhatsAppO Papa Francisco não enviou um terço ao ex-presidente Luiz Inácio Lula da Silva (PT) por meio de um assessor, como publicaram diversos sites desde segunda-feira (11). A falsa informação foi desmentida nesta terça-feira (12) pelo Vaticano, mas só a postagem feita pela página de Lula no Facebook já acumula mais de 20 mil compartilhamentos, segundo a ferramenta de monitoramento Crowdtangle por volta das 14h.Usuários daquela rede social denunciaram como enganoso o mesmo conteúdo em publicações de pelo menos três sites: Brasil 247, Política Atual e Último Segundo (entenda como funciona). Aos Fatos checou.FALSOPapa envia terço a Lula, preso político há 67 dias.A frase acima é o título que encabeça o texto do site Brasil 247, que disse ser essa a ""primeira manifestação de apoio explícito ao ex-presidente Lula"" por parte do Papa. O Último Segundo, do portal iG, foi na mesma toada: ""Papa envia rosário a Lula, mas assessor é impedido de fazer visita"". Já o Política Atual adotou um tom místico na sua manchete: ""Papa envia relíquia sagrada e misteriosa a Lula, desejando força na candidatura à presidência"".Porém, nem o terço foi enviado pelo Papa nem o visitante era assessor de Francisco. Como informou nota do Vaticano publicada nesta terça-feira (12), teve caráter pessoal a visita de ontem do advogado argentino Juan Grabois à carceragem da Polícia Federal em Curitiba, onde Lula segue preso. O terço levado por ele não foi enviado, mas ""abençoado"" por Francisco, disse a Santa Sé, que esclareceu ainda: ""terços como esse são levados, como o Santo Padre deseja, a tantos prisioneiros do mundo sem entrar no mérito de realidades particulares"".A afirmação foi reforçada na conta oficial do Twitter do Vaticano News, conforme registro abaixo.Juan Grabois também não é ""assessor do Papa"", como chegou a ser publicado. Fundador do Movimento dos Trabalhadores Excluídos, ele foi consultor do extinto Pontifício Conselho Justiça e Paz, como informou o Vaticano. Em janeiro de 2017, o órgão deu lugar ao Dicastério para o Serviço do Desenvolvimento Humano Integral. Grabois havia sido nomeado pelo Papa Francisco como um dos 15 consultores em 11 de junho de 2016. Hoje, é coordenador do encontro mundial dos movimentos sociais em diálogo com o Papa Francisco, segundo o Vaticano.Lula não chegou a receber o presente de Grabois diretamente, pois o advogado foi impedido pelos policiais de visitá-lo. Desde abril, o ex-presidente cumpre pena de 12 anos e um mês de prisão por corrupção passiva e lavagem de dinheiro no caso do tríplex do Guarujá. A defesa do petista nega que haja provas dos crimes e recorre da condenação no STJ (Superior Tribunal de Justiça) e no STF (Supremo Tribunal Federal).Além dos mais de 20 mil compartilhamentos no Facebook, a falsa informação do presente do Papa a Lula também foi replicada por cerca de 16 mil vezes no Twitter do ex-presidente, como mostra busca feita pela ferramenta Crowdtangle.Assim como os perfis de Lula e do PT, páginas de apoio ao petista que divulgaram o conteúdo falso, como a Mídia Ninja e as do deputado federal Paulo Pimenta (PT-RS) e do senador Lindbergh Farias (PT-RJ), ainda não haviam se retratado do erro de informação até as 15h desta terça-feira.Nova nota. O veículo oficial do Vaticano publicou no início da noite desta terça-feira (12) outra nota, em que detalha as conexões entre o Papa e o advogado e do que se trata o terço supracitado. A nota anterior, usada por Aos Fatos para produzir esta reportagem, foi deletada. Segundo o novo texto, ""havia imprecisões na tradução e nas transcrições que induziram a alguns erros"".""Grabois definiu inexplicável a rejeição de não ter podido se encontrar com Lula a quem queria levar um terço abençoado pelo Papa, as palavras do Santo Padre e as suas reflexões com os movimentos sociais e discutir assuntos espirituais com o ex-chefe de Estado"", disse o Vaticano. Na nova versão da nota, assim como na nota anterior, não há qualquer tipo de menção de envio do terço a pedido de Francisco.Carta a Lula. Já na tarde desta quarta-feira (13), o perfil do senador Lindbergh Farias (PT-RJ) no Twitter publicou uma carta de duas páginas, em espanhol, atribuída ao advogado Juan Grabois e endereçada ao ex-presidente Lula. No texto, ele diz que - após a publicação da primeira nota do Vatican News - entrou em contato com o Vaticano para pedir a retratação, que teria vindo na forma da segunda nota publicada na agência de notícias da Santa Sé.Mais adiante, na carta, o advogado diz que ""nunca revelou conteúdo de um encontro com o Papa Francisco, porque sou leal, o respeito e o admiro muitíssimo"". "	1
10	É #FAKE que novo vírus H2N3 tem provocado mortes no Brasil	"""É #FAKE que novo vírus H2N3 tem provocado mortes no Brasil""Mensagem tem bombado no WhatsApp. Ministério da Saúde diz que áudio é totalmente falso. Circula no WhatsApp um áudio de alerta sobre o H2N3, um vírus mortal e que a OMS não quer que seja divulgado para a população não se alarmar. Mas a mensagem é #FAKE.A mensagem diz que se trata de uma variação do influenza A H1N1, que causa rapidamente a morte de quem é infectado. Ela afirma ainda que a vacina da gripe não oferece proteção contra a doença e que em Goiás, além de mortes registradas, mais de 70 casos estão sob investigação. O áudio tem sido compartilhado com a informação de que um casal morreu em Rio Claro (SP) infectado por essa mutação do vírus.Não há informações sobre a circulação do vírus H2N3. Segundo levantamento da Organização Mundial da Saúde, na verdade, em 2017 houve a circulação do vírus influenza A H3N2 no país. Além disso, o casal que morreu em Rio Claro, segundo a Secretaria Municipal de Saúde, foi infectado pelo H1N1. O resultado foi obtido por exames feitos pelo Instituto Adolfo Lutz. Outros dois casos suspeitos ainda são investigados na cidade. Em Goiânia, as mortes também são em decorrência do H1N1.A inexistência da circulação do H2N3 foi confirmada pelo Ministério da Saúde. Os vírus de influenza que atualmente circulam no Brasil são o influenza A/H1N1pdm09, A/H3N2 e influenza B.""É provável que essas informações tenham sido misturadas de maneira equivocada, causando a disseminação de boato sobre casos da doença no estado"", diz o órgão.Em nota, o Ministério da Saúde diz que se mantém vigilante quanto à circulação de vírus influenza no Brasil. ""O país possui uma rede de unidades sentinelas para vigilância da influenza, distribuídas em serviços de saúde de todas as unidades federadas, que monitoram a circulação do vírus influenza por meio de casos de síndrome gripal (SG) e síndrome respiratória aguda grave (SRAG). As ações de prevenção e controle da influenza são desenvolvidas em conjunto nas três esferas de governo. Para a sazonalidade de 2018 a pasta já está se organizando com a rede laboratorial para o diagnóstico, com a campanha de vacinação, distribuição de medicamentos e também o monitoramento epidemiológico dos casos e óbitos por influenza em todo território nacional.""Segundo o ministério, ""é importante ressaltar que a vacinação é uma das estratégias mais importantes para redução de casos graves e óbitos por influenza"". ""Outro ponto é o uso oportuno do medicamento, logo após o início dos sintomas.""Segundo o infectologista Alberto Chebabo, do Hospital Universitário Clementino Fraga Filho, da UFRJ, a nomenclatura é uma invenção que apenas gera pânico entre as pessoas.""O vírus que existe é o H3N2. Certamente esse boato tem alguma relação com o surto de gripe que ocorreu nos Estados Unidos recentemente. Por lá, a vacina, que é modificada anualmente, não previu a mutação do vírus, e várias pessoas acabaram infectadas. Aqui no Brasil, porém, a vacina disponível já contempla a proteção para essa mutação.""Os principais sintomas da gripe H3N2 são febre alta, coriza, dores no corpo e tosse seca. O quadro pode ser agressivo em idosos, crianças e pessoas com doenças crônicas. A vacinação é uma das principais defesas contra o vírus.Fato ou Fake está nas redes sociais e no WhatsApp; saiba como acessar e tirar dúvidas. "	1
11	Radar instalado em carro em movimento para multar motoristas.	"""É #FAKE vídeo que mostra radar instalado em carro em movimento para multar motoristas""Vídeo tem sido bastante compartilhado nas redes sociais. Um vídeo publicado nas redes sociais mostra um automóvel circulando em uma rodovia de São Paulo com um suposto radar acoplado ao lado para multar motoristas. O responsável pelas imagens é quem faz as acusações sobre a possível artimanha para aplicar infrações: ""Olha aí, para quem não acredita: radar no carro! Olha que brincadeira que virou, que palhaçada"", diz. Mas é #FAKE.Publicado em um grupo aberto no Facebook, o vídeo, que foi gravado no Rodoanel Mário Covas, em São Paulo, teve vários compartilhamentos e muitos comentários de pessoas indignadas com a situação. Só que o vídeo é um boato: o equipamento mostrado não é um radar e não tem a função de fiscalizar os motoristas.A reportagem enviou as imagens para a SPMAR, uma das concessionárias do Rodoanel, e também para a Agência de Transporte do Estado de São Paulo (Artesp). Ambas as empresas esclareceram que o equipamento, instalado no lado esquerdo do automóvel, trata-se apenas de um retrorrefletômetro. O dispositivo tem a função de medir a visibilidade da sinalização da pista. Ele indica se a tinta usada no asfalto está refletindo a luz em uma instensidade que possa atrapalhar os motoristas na estrada e não tem nada a ver com fiscalização de infrações.Comparando as imagens, é possível observar que o automóvel anda paralelo à faixa pintada à esquerda, com o equipamento praticamente em cima da sinalização. Uma pesquisa na internet com o nome do aparelho também retorna imagens de equipamentos iguais ao que aparece nas imagens.Fato ou Fake está nas redes sociais e no WhatsApp; saiba como acessar e tirar dúvidas. "	1
12	Fotografar comprovante de votação com número do candidato não ajuda a fiscalizar a eleição.	"Fotografar comprovante de votação com número do candidato não ajuda a fiscalizar a eleiçãoFotografar comprovante de votação com número do candidato não ajuda a fiscalizar a eleiçãoTwitterFacebookE-mail<a href=""#"" data-text=*Fotografar comprovante de votação com número do candidato não ajuda a fiscalizar a eleição*https://aosfatos.org/noticias/fotografar-comprovante-de-votacao-com-numero-do-candidato-nao-ajuda-fiscalizar-eleicao/Uma corrente que circula no WhatsApp pede que eleitores do presidenciável Jair Bolsonaro (PSL) anotem o número 17 em seus comprovantes de votação e enviem uma foto para um site de apoio ao candidato. Porém, segundo o Tribunal Superior Eleitoral, essa prática não é válida e pode acabar por invalidar o comprovante.O texto no WhatsApp afirma que o intuito de enviar a foto do comprovante é fiscalizar a eleição, pois ""se comprovar mais de 60 milhões de votos válidos [em Bolsonaro] e não aparecerem no resultado, comprova-se a fraude e (...) terão que refazê-la em células de papel"".Ao contrário do que dá a entender a corrente, não há nenhuma previsão legal de que a eleição possa ser refeita com cédula de papel. Além disso, segundo o "	1
13	É falso que Honduras proíba cidadãos de terem armas.	" #Verificamos: É falso que Honduras proíba cidadãos de terem armasImagem usa dados errados ao comparar leis e taxa de homicídios do país com a situação na SuíçaCircula nas redes sociais uma imagem, com texto em inglês, que compara as leis sobre posse de armas e as taxas de homicídios em Honduras e na Suíça. Embora os dois lugares contem com população semelhante - 9 milhões de pessoas no país latinoamericano e 8,2 milhões no europeu -, seus índices de violência são muito diferentes. Por meio do projeto de verificação de notícias, usuários do Facebook solicitaram que esse material fosse analisado. Confira a seguir o trabalho de verificação da Lupa:""Em Honduras, possuir armas é proibido""Trecho da legenda da imagem que circulava nas redes sociais em 1° de março de 2019.FALSONão é proibido ter armas em Honduras. O Congresso Nacional daquele país, aprovou em 19 de junho de 2000, a Lei de Controle de Armas de Fogo, Munições, Explosivos e Outros Similares. A norma reconhece o direito de propriedade e porte de armas para cidadãos e estrangeiros residentes, desde que atendam às condições legais para isso. Estão liberados revólveres e pistolas, fuzis e até mesmo escopetas semiautomáticas. Em 2007, o decreto n° 69 limitou a posse a no máximo cinco armas e fixou regras para o porte.Um levantamento da organização suíça Small Arms Survey estima que existam 1,1 milhão de armas nas mãos de civis em Honduras. Desse total, 475 mil seriam registradas e 696 mil foram adquiridas ilegalmente. Isso representa uma taxa de 14,1 armas a cada 100 habitantes. O índice só fica abaixo do registrado nas Bahamas (18,76) na América Central.""[Honduras] é o país com maior taxa de homicídios""Segundo trecho da legenda da imagem que circulava nas redes sociais em 1° de março de 2019.FALSOEmbora a taxa de homicídios de Honduras seja a segunda maior do mundo, o país com maior número de mortes intencionais é El Salvador. Naquele país houve 82,84 homicídios dolosos por 100 mil habitantes em 2016, segundo dados do Escritório das Nações Unidas sobre Drogas e Crimes (UNODC). Em Honduras, foram registrados 56,5 homicídios dolosos por 100 mil habitantes em 2016. A Venezuela ficou na terceira posição, com índice de 56,3 por 100 mil habitantes.Um estudo do Small Arms Survey aponta que 80% dos 42.497 assassinatos registrados em Honduras tinham sido causados por armas de fogo de janeiro de 2005 a junho de 2013. A análise aponta que a maior parte das mortes aconteceu em grandes centros urbanos, no litoral e nas fronteiras. Por isso, teriam como principal causa os conflitos entre gangues e o tráfico de drogas.""Na Suíça, possuir armas é obrigatório""Terceiro trecho da legenda da imagem que circulava nas redes sociais em 1° de março de 2019.FALSONão há na legislação da Suíça qualquer obrigatoriedade para que os cidadãos tenham armas. O país permite o porte e a posse para cidadãos e estrangeiros residentes, por meio da lei federal 514,54. O artigo 8° determina que é preciso ter uma licença de armas de fogo para fazer a aquisição, o que só é concedido se a pessoa atender aos critérios estabelecidos. Entre eles estão não ser menor de 18 anos e não ter registro criminal por um delito cometido mais de uma vez. Mesmo para manter uma arma obtida por herança é necessário solicitar uma licença. ""[A Suíça] é o país com menor taxa de homicídios""Quarto trecho da legenda da imagem que circulava nas redes sociais em 1° de março de 2019.FALSOO país com menor taxa de homicídios intencionais em 2016 foi Lichtenstein, que não teve nenhuma morte registrada naquele ano. Em seguida vêm Japão, com 0,28 homicídios dolosos por 100 mil habitantes, e Islândia, com índice de 0,30 por 100 mil. Cingapura (0,32), Eslovênia (0,48), Indonésia (0,50) e Noruega (0,51) também ficaram à frente da Suíça, com 0,54 homicídios intencionais por 100 mil habitantes.Nota: esta reportagem faz parte do projeto de verificação de notícias no Facebook. Dúvidas sobre o projeto? Entre em contato direto com o Facebook.Editado por: Nathália Afonso"	1
14	"O tuíte supostamente publicado pelo ministro Ernesto Araújo afirmava que ""não é hora de combater a fome e a miséria, mas de combater o PT e o comunismo""."	" #Verificamos: É falso que ministro das Relações Exteriores tuitou que não é hora de combater a fomePublicação que circula no Facebook veio de perfil satírico de Ernesto Araújo no TwitterCircula nas redes sociais um suposto tuíte em que o ministro de Relações Exteriores, Ernesto Araújo, teria dito que ""não é hora de combater a fome e a miséria"", mas de ""combater o PT e o comunismo"". Por meio do projeto de verificação de notícias, usuários do Facebook solicitaram que esse material fosse analisado. Confira a seguir o trabalho de verificação da Lupa:""Não é hora de combater a fome, a miséria, muito menos o analfabetismo. É hora de combater o PT e o comunismo. Vamos juntos!""Suposta declaração feita pelo ministro das Relações Exteriores Ernesto Araújo no Twitter e que, até as 16h do dia 16 de janeiro de 2019, tinha mais de 2,2 mil compartilhamentos no FacebookFALSOO perfil responsável pela publicação não é o do ministro das Relações Exteriores. Como é possível verificar na própria imagem compartilhada no Facebook, a conta de Twitter responsável pela publicação é ""@ermestofaraujo"", com a letra ""m"". Trata-se de um perfil satírico, que passou a ser compartilhado como se fosse produtor de conteúdo verdadeiro no Facebook. Recentemente, o responsável pela conta alterou o nome para ""Ernesto Sensato"". O Twitter real do atual ministro das Relações Exteriores é ""@ernestofaraujo"".Checagem semelhante foi publicada pelo site Aos Fatos.*Nota: esta reportagem faz parte do projeto de verificação de notícias no Facebook. Dúvidas sobre o projeto? Entre em contato direto com o Facebook.Editado por: Cristina Tardáguila"	1
15	Ciro Gomes ignora homicídios ao afirmar que o brasileiro convive numa boa com LGBTs	"Ciro Gomes ignora homicídios ao afirmar que o brasileiro convive numa boa com LGBTsCiro Gomes ignora homicídios ao afirmar que o brasileiro convive numa boa com LGBTsTwitterFacebookE-mailWhatsAppCiro Gomes ignora homicídios ao afirmar que o brasileiro convive uma boa com LGBTsPor Ana Rita Cunha 13 de novembro de 2018, 19h10TwitterFacebookEmailWhatsAppEm entrevista ao jornalista Roberto DÁvila, na GloboNews, na última sexta-feira (9), Ciro Gomes, candidato derrotado à Presidência da República pelo PDT, afirmou equivocadamente que o povo brasileiro convive ""numa boa"" com LGBTs. Apesar de pesquisa de opinião indicar aumento da tolerância a homossexuais, é alto e crescente o número de assassinatos de gays, lésbicas, bissexuais e transsexuais no Brasil hoje, cujas ocorrências sofrem, ainda por cima, com subnotificação.Na mesma entrevista, o ex-ministro acertou ao afirmar que o presidente eleito Jair Bolsonaro (PSL) não tem experiência em cargos administrativos e que o futuro ministro responsável pela área econômica, Paulo Guedes, nunca trabalhou na administração pública.Veja, abaixo, o que checamos.FALSONosso povo convive numa boa [com homossexuais].Ainda que pesquisa Datafolha de outubro aponte para uma redução da intolerância a homossexuais na sociedade brasileira, é alto e crescente o número de pessoas LGBTs assassinadas no país. Portanto, ao comentar que o ""nosso povo convive numa boa"" com essa parcela da população, Ciro Gomes omite a violência crescente que é sofrida por gays, lésbicas, bissexuais e transexuais no Brasil. A declaração, portanto, foi considerada FALSA.Uma pesquisa realizada pelo Datafolha em outubro passado mostrou que, de fato, cresceu a parcela de brasileiros que concordam que a homossexualidade deve ser aceita pela sociedade (74%). Em 2013, eram 67% os que concordavam com a afirmação. Entretanto, a pesquisa não mediu o grau de aceitação a pessoas transsexuais.Por outro lado, o número de homicídios de LGBTs no Brasil registrou alta de 30% em 2017 na comparação com o ano anterior, passando de 343 para 445 casos, de acordo com o GGB (Grupo Gay da Bahia), que há 38 anos coleta dados sobre assassinatos de homossexuais e transgêneros no país. De acordo com o grupo, os números são subestimados devido à dificuldade na coleta de tais informações. Ainda assim, tais dados já colocam o Brasil entre os países com maior número de assassinatos de LGBTs.O principal grupo atingido é o dos transgêneros, de acordo com o relatório do GGB. Nessa categoria, o Brasil está entre os países com mais assassinatos tanto em termos absolutos quanto em termos relativos, segundo levantamento da ONG Transgender Europe. De acordo com a última atualização, dos 2.609 homicídios reportados de pessoas trans e de gênero diverso entre o começo de 2008 e o final de 2017 no mundo, o Brasil apresentou a maior taxa em números absolutos: 1.071 assassinatos no país ou 41% do total. Para se ter uma ideia, o México, segundo colocado, registrou 337 homicídios no mesmo período.Levando em conta os números relativos (homicídio/milhão de habitantes), o Brasil cai duas posições: Honduras tem o maior índice - 10,77 casos relatados a cada um milhão de habitantes -, seguida de El Salvador, com pouco mais de cinco, e do Brasil, em terceiro lugar, também com um número próximo de cinco.A declaração foi proferida quando Ciro Gomes listava fatores que teriam contribuído para a vitória de Bolsonaro. Como exemplo, ele citou o projeto Escola Sem Homofobia, que foi chamado pejorativamente de ""kit gay"". Para C"	1
16	Um vídeo de cerca de sete minutos que supostamente mostra o momento exato em que se dá o rompimento da barragem da Vale que, na última sexta-feira (25), destruiu boa parte de Brumadinho (MG) e deixou dezenas de mortos e centenas de desaparecidos na região.	" #Verificamos: É de 2015 vídeo que diz mostrar momento exato do rompimento da barragem de BrumadinhoGravação foi feita no Mato Grosso e não tem qualquer relação com desastres de MGCircula na internet um vídeo de cerca de sete minutos que supostamente mostra o momento exato em que se dá o rompimento da barragem da Vale que, na última sexta-feira (25), destruiu boa parte de Brumadinho (MG) e deixou dezenas de mortos e centenas de desaparecidos na região. Por meio do projeto de verificação de notícias, usuários do Facebook solicitaram que esse material fosse analisado. Confira a seguir o trabalho de verificação da Lupa:""Momento exato do rompimento da barragem de Brumadinho""Vídeo (aqui e aqui, por exemplo) que, até as 20h do dia 27 de janeiro de 2019, já tinha sido compartilhado mais de 1,4 mil vezes no FacebookFALSOO vídeo analisado pela Lupa não foi gravado em Brumadinho (MG) e não data da última sexta-feira (25). Ele mostra o desmoronamento de parte das obras de uma usina hidrelétrica em Sinop (MT) e foi gravado em outubro de 2015. Assista:O mesmo vídeo viralizou com associação indevida em 2015, na época do desastre com a barragem da Samarco, em Mariana. O site e-farsas apontou a falsa atribuição.Agora, checagem semelhante foi publicada pelo site Aos Fatos.Nota: esta reportagem faz parte do projeto de verificação de notíciasno Facebook. Dúvidas sobre o projeto? Entre em contato direto com o Facebook.Editado por: Maurício Moraes e Natália Leal"	1
17	Site clone do Aos Fatos foi retirado do ar por falsificação de identidade.	Site clone do Aos Fatos é retirado do ar por falsificação de identidadeSite clone do Aos Fatos é retirado do ar por falsificação de identidadeTwitterFacebookE-mailWhatsAppSite clone do Aos Fatos é retirado do ar por falsificação de identidade 15 de fevereiro de 2019, 11h54TwitterFacebookEmailWhatsAppRevelado em reportagem do Aos Fatos como parte de uma rede de sites de desinformação, a página Jornal Aos Fatos foi retirada do ar nesta quinta-feira (14) pelo Blogger, serviço de hospedagem de sites do Google. A plataforma confirmou denúncia feita por Aos Fatos de que a página violava a política de conteúdo do Blogger por falsificação de identidade.Nesta quarta-feira (13), Aos Fatos mostrou que uma rede de sites de fake news punida pela Justiça Eleitoral no ano passado se apropriou do nome Aos Fatos para espalhar desinformação na internet, por meio do site aosfatos.com, ou Jornal Aos Fatos. O domínio da página agora suspensa foi comprado em 31 de janeiro deste ano e, desde então, publicava sistematicamente conteúdo com informações falsas.A reportagem informou ainda que a página fake está vinculada a uma rede de mais de uma dezena de sites que usa ferramentas do Google para hospedar conteúdo e fazer dinheiro por meio de publicidade, como O Detetive (hoje fora do ar), Plantão Brasil, Notícias Brasil Online, Pensa Brasil e Descobrindo As Verdades. Aos Fatos já desbancou conteúdo falso ou distorcido desses sites ao menos 14 vezes.Leia a reportagem completaTwitterFacebookEmailWhatsAppLeia tambémCinco fatos sobre migraçãoNão é verdade que Moro afastou promotor do caso Queiroz e delegado que investiga morte de MarielleHomem em foto com Flávio Bolsonaro é assessor do senador, não acusado de matar Marielle]	1
18	Boletim de urna que mostra Haddad com 9 mil votos é montagem	" #Verificamos: Boletim de urna que mostra Haddad com 9 mil votos é montagemPresença de candidatos com zero votos e distorções na imagem comprovam que informação é falsaCircula nas redes sociais a foto de um boletim de urna no qual o candidato Fernando Haddad (PT) aparece com 9.909 votos, embora o número total de votos na urna seja de 477. Jair Bolsonaro (PSL) e Geraldo Alckmin (PSDB) aparecem com zero votos. Por meio do projeto de verificação de notícias, usuários do Facebook solicitaram que esse material fosse analisado. Confira a seguir o trabalho de verificação da Lupa:""Só o Haddad teve 9909 votos em uma seção com 777 eleitores. Como assim?""Imagem publicada no Facebook (ver aqui, aqui e aqui) com mais de 101 mil compartilhamentos até as 15h30 do dia 8 de outubro de 2018FALSOTrata-se de uma montagem. A Lupa contatou a assessoria de comunicação do Tribunal Superior Eleitoral (TSE), que enviou o boletim original, com os mesmos códigos de verificação mostrados na imagem. Na urna em questão, que fica na cidade japonesa de Nagóia, Haddad teve nove votos, Bolsonaro teve 372 e Alckmin teve 11.Há indícios óbvios de manipulação: os dígitos 9 estão desalinhados do resto dos números, o que sugere alteração digital da foto. Além disso, segundo o TSE, boletins de urna não registram o nome de candidatos que receberam zero votos. Na imagem, Bolsonaro e Alckmin aparecem com zero votos. Em nota, a assessoria de comunicação do TSE confirmou que ""a imagem fornecida não corresponde ao boletim de urna real""*Nota: esta reportagem faz parte do projeto de verificação de notícias no Facebook. Dúvidas sobre o projeto? Entre em contato direto com o Facebook.Editado por: Leandro Resende e Clara Becker"	1
19	A crise do ajuste fiscal, com a convocação da Comissão Mista de Orçamento (CMO) e a pressão para aprovar o teto de gastos, foi utilizada para desviar a atenção da crise do impeachment.	"Quantas crises cabem no governo Dilma?Quantas crises cabem no governo Dilma?TwitterFacebookE-mailWhatsAppQuantas crises cabem no governo Dilma?Por Tai Nalon 26 de agosto de 2015, 06h03TwitterFacebookEmailWhatsAppParte da estratégia da presidente Dilma Rousseff de desviar a atenção do noticiário da saída do vice-presidente Michel Temer foi convocar uma entrevista para jornais brasileiros nesta segunda-feira (24) (as três entrevistas estão aqui, aqui e aqui). Da coletiva saíram frases que atendiam ao pedido de oposição e governistas, de que faltava a Dilma fazer um mea culpa mais enfático pela crise econômica imposta ao país e colocar em contexto decisões recentes.Entretanto, também ficaram públicas declarações contraditórias da presidente, que afirmou que a crise chegou para ficar a partir de meados do ano passado-quando, na verdade, já existiam indícios da deterioração do cenário econômico desde 2013. O próprio governo sempre declarou que vivia um contexto preocupante, devido à crise internacional.Aos Fatos checou duas das declarações mais contundentes de Dilma.FALSO Errei em ter demorado tanto para perceber que a situação era mais grave do que imaginávamos. Talvez tivéssemos que ter começado a fazer uma inflexão antes. Não dava para saber ainda em agosto. Não tinha indício de uma coisa dessa envergadura. Talvez setembro, outubro, novembro.(...)A crise começa em agosto, mas só vai ficar grave, grave mesmo, mesmo entre novembro e dezembro [de 2014]. É quando todos os estados da federação percebem que a arrecadação caiu.A Carta de Conjuntura do Ipea (Instituto de Pesquisa Econômica Aplicada) de dezembro de 2013 já alertava para o esgotamento do modelo adotado pelo Planalto para reagir às condições externas desfavoráveis. Segundo o instituto, que é ligado à Presidência da República, ""a perda de dinamismo da região se deve basicamente a três fatores: a deterioração dos termos de troca; o menor crescimento da economia mundial, especialmente com a recessão na Europa e a desaceleração chinesa; e o esgotamento do impacto das medidas anticíclicas adotadas em toda a região em reação à crise financeira de 2008-2009. Aparentemente, os países do Mercado Comum do Sul (Mercosul)-em especial, a Argentina, o Brasil e o Paraguai-foram mais rapidamente afetados, de forma que o crescimento do PIB se desacelerou fortemente já em 2012"".O documento também registra que ""as entradas de capital tornaram-se insuficientes para cobrir todo o deficit externo, de forma que o saldo geral do balanço de pagamentos tornou-se negativo pela primeira vez desde meados de 2009, quando o país sofria os efeitos da crise financeira internacional"".Segundo a Carta de Conjuntura, somente nos meses de agosto, setembro e outubro de 2013, o resultado foi negativo em US$ 8,9 bilhões, implicando perda de reservas da mesma ordem. ""Com efeito, o quadro recente tem sido desfavorável às contas externas do país, tanto por fatores relacionados à economia mundial quanto por fatores domésticos.""Além disso, embora Dilma diga que o governo só teve ciência da gravidade do problema a partir de agosto, maio de 2014 já apresentava forte retração da arrecadação federal, conforme é possível ver no gráfico abaixo. O primeiro mês de arrecadação inferior ao mesmo período de 2013 é julho-cuja justificativa, segundo o governo, seria a realização da Copa do Mundo. Ali, registrou-se o pior resultado em quatro anos.Fonte: Receita FederalSegundo a análise mensal da Receita Federal para o mês de maio, a diferença ocorreu por conta da arrecadação extraordinária, em maio de 2013, de cerca de R$ 4,0 bilhões referentes ao PIS/Cofins, no valor de R$ 1,0 bilhão, e ao IRPJ/CSLL (Imposto de Renda sobre Pessoa Jurídica/Contribuição Social sobre o Lucro Líquido), no valor de R$ 3,0 bilhões. Esta última contribuição está intimamente relacionada à produtividade. Sem os créditos extras, maio não teria queda tão acentuada, mas ainda patinaria em relação aos meses anteriores.Os estados, que seguem trajetórias de arrecadação mais ou menos parecidas com a do governo federal, também registraram piora nas contas no mesmo período.A questão, portanto, virou entender a que crise a presidente se refere agora.Aos Fatos fez um retrospecto no noticiário, desde 2012, de declarações em que Dilma reafirma cenário econômico complicado. Desde aquele ano, o país está em dificuldades, segundo a própria presidente. Veja:""Nós minimizamos os efeitos da crise [de 2008] sobre a economia brasileira."" (Dilma, 28.jul.2014)""O Brasil tem sofrido também, como todos os países do mundo, as consequências da crise."" (Dilma, 8.out.2013)""Estamos vivendo os resultados de um governo que passou por uma grave crise econômica."" (Dilma, 8.ago.2013)""O Brasil não é uma ilha. Todos os países do Brics [Brasil, Rússia, Índia, China e África do Sul] estão sendo afetados [pela crise econômica internacional]."" (Dilma, 27.jul.2012)""Me perguntaram outro dia se a gente estava preparado para o que puder acontecer na Europa. Eu posso assegurar a vocês, nós estamos 100% preparados, 200% preparados, 300% preparados (...) Nós vamos resistir à crise criando emprego, investindo em infraestrutura."" (Dilma, 21.mai.2012) TwitterFacebookEmailWhatsAppLeia tambémCinco fatos sobre migraçãoNão é verdade que Moro afastou promotor do caso Queiroz e delegado que investiga morte de MarielleHomem em foto com Flávio Bolsonaro é assessor do senador, não acusado de matar Marielle]"	1
20	Cesare Battisti não recebe pensão do governo brasileiro.	" #Verificamos: Cesare Battisti não recebe pensão do governo brasileiroItaliano que se beneficiou de indulto dado por Lula não está em nenhum lista de beneficiáriosCircula nas redes sociais a ""informação"" de que o italiano Cesare Battisti, ex-membro do Proletários Armados pelo Comunismo, grupo militante de extrema-esquerda da Itália que vive no Brasil, recebe R$ 31.845 de pensão do governo federal. Por meio do projeto de verificação de notícias, usuários do Facebook solicitaram que esse material fosse analisado. Confira a seguir o trabalho de verificação da Lupa:""Cesare Battisti (...) recebe do Brasil uma pensão de 31.845 reais""Texto que consta em imagem que, até às 19h do dia 20 de dezembro de 2018, já tinha mais de 3,3 mil compartilhamentos no FacebookFALSOO italiano Cesare Battisti não recebe nenhum tipo de pensão no Brasil. É falsa a informação apresentada na imagem acima e analisada pela Lupa. Uma pesquisa no site do Ministério da Transparência e Controladoria Geral da União revela que o nome do italiano não aparece na relação de pensionistas do governo federal. Além disso, também não consta na lista de pessoas que recebem algum tipo de reparação econômica por terem sido vítimas de decisões arbitrárias tomadas entre 18 de setembro de 1946 e 5 de outubro de 1988. Nesse período, o Brasil viveu sua ditadura militar. A lista de beneficiados com pensões foi instituída pela lei n° 10.559, de 2002, a partir de Medida Provisória assinada pelo então presidente Fernando Henrique Cardoso, pode ser conferida aqui. Até o dia 21 de dezembro de 2018, Battisti era procurado pela Polícia Federal, e seu paradeiro, desconhecido. Ele teve a prisão preventiva decretada pelo ministro do Supremo Tribunal Federal (STF) Luiz Fux no dia 13. Fux revogou liminar que impedia a extradição de Battisti para a Itália até que o STF deliberasse sobre o caso. O italiano foi condenado por ter cometido quatro assassinatos na Itália, na década de 1970. Após cometer esses crimes, Battisti passou décadas entre prisões e fugas até ser preso no Rio de Janeiro em 2007. Dois anos depois, o STF deu decisão favorável ao pedido de extradição feito pela Itália, mas deixou a palavra final ao então presidente, Luiz Inácio Lula da Silva. No seu último dia de governo, Lula negou a extradição de Battisti para Itália. Ele deixou a cadeia em junho de 2011 - após ficar quatro anos preso no Brasil. O presidente eleito, Jair Bolsonaro (PSL), é defensor da extradição de Battisti para Itália.Checagens semelhantes foram feitas pelos sites G1 e Boatos.org.*Nota: esta reportagem faz parte do projeto de verificação de notícias no Facebook. Dúvidas sobre o projeto? Entre em contato direto com o Facebook.Editado por: Cristina Tardáguila"	1
21	Cuba possui 15 faculdades de medicina, incluindo a Universidade de Havana e a Universidade Central de Cuba.	" #Verificamos: Cuba não tem apenas dois cursos de MedicinaPaís virou alvo de boatos após polêmica envolvendo o programa Mais MédicosCircula nas redes sociais e em grupos de Whatsapp a informação de que existem apenas duas ""universidades de Medicina em Cuba"". Por meio do projeto de verificação de notícias, usuários do Facebook solicitaram que esse material fosse analisado. Confira a seguir o trabalho de verificação da Lupa:Raciocinem! Existem apenas DUAS Universidades de Medicina em CubaImagem compartilhada em grupos de WhatsApp monitorados pelo Monitor de WhatsApp, da Universidade Federal de Minas Gerais, entre os dias 17 e 19 de novembro, além de postagens no Facebook e no Blog do KaweshiFALSOA Infomed, rede de informações sobre saúde de Cuba, lista dez universidades de ciências médicas, sete faculdades de medicina, além da Escola Latino-Americana de Medicina e da Escola Nacional de Saúde Pública, e de centros de pesquisa específicos. Reportagem da EBC mostrou, em 2013, que existiam 26 faculdades de Medicina em Cuba, incluindo a Escola Latino-Americana de Medicina e o curso de Medicina da Universidade La Habana. De acordo com o Ministério de Educação Superior, existem, no total, 22 universidades e três centros de pesquisa de Ensino Superior no país.""[Cuba] forma 300 médicos por ano""Imagem compartilhada em grupos de WhatsApp monitorados pelo Monitor de WhatsApp, da Universidade Federal de Minas Gerais, entre os dias 17 e 19 de novembro, além de postagens no Facebook e no Blog do KaweshiFALSOUm estudo feito pelo Ministério da Saúde Pública de Cuba, mostrou que o país formou 80.607 médicos em 44 anos (de 1959 até 2003), uma média de 2.015 profissionais por ano. Em 2015, segundo a Organização Mundial da Saúde, Cuba tinha 76,5 mil médicos. Desses, 36,4 mil eram especializados em saúde da família. A densidade de médicos no país é de 6,7 profissionais a cada mil habitantes. No Brasil, essa razão é de 1,8 para mil.*Nota: esta reportagem faz parte do projeto de verificação de notícias no Facebook. Dúvidas sobre o projeto? Entre em contato direto com o Facebook.Editado por: Chico Marés e Cristina Tardáguila"	1
22	É falso que governo Bolsonaro concluiu asfaltaamento da BR-319 entre Manaus e Porto Velho. Licenciamento e projeto ficaram para 2020 e, segundo ministro, obra só deve ser concluída pelo próximo presidente.	" #Verificamos: É falso que governo Bolsonaro concluiu asfaltamento da BR-319 entre Manaus e Porto VelhoLicenciamento e projeto ficaram para 2020 e, segundo ministro, obra só deve ser concluída pelo próximo presidenteUma montagem com duas fotos que circula nas redes sociais mostra o que seria o antes e depois da Rodovia Álvaro Maia (BR-319), na Amazônia. Segundo a publicação, em três meses, o governo do presidente Jair Bolsonaro (PSL) terminou o asfaltamento da rodovia, o que não ocorreu em ""16 anos"" do PT no poder. Por meio do projeto de verificação de notícias, usuários do Facebook solicitaram que esse material fosse analisado. Confira a seguir o trabalho de verificação da Lupa:""BR-319 Manaus/Porto Velho: 3 meses de governo [estrada asfaltada]. PT: 16 anos no poder [caminhões atolados na rodovia]""Legenda de montagem que, até as 13h do dia 28 de março de 2019, tinha sido compartilhada mais de 16 mil vezes no Facebook.FALSOO governo atual não terminou de asfaltar toda a BR-319, que liga Manaus (AM) a Porto Velho (RO). A pavimentação de cerca de 400 quilômetros da rodovia entre as duas cidades, o chamado ""trecho do meio"", ainda espera pelo licenciamento ambiental e pela elaboração do projeto. Há asfalto apenas nas áreas próximas às duas cidades. Além disso, a rodovia não está entre as estradas que terão prioridade de investimentos da União.Em 29 de janeiro, o ministro da Infraestrutura, Tarcísio Gomes de Freitas, apresentou um plano de investimentos de mais de R$ 100 bilhões em rodovias federais nos próximos quatro anos. O asfaltamento da BR-319 não faz parte desse pacote de obras. O ministro reuniu-se em 5 de fevereiro com governadores e parlamentares da bancada do Amazonas, de Rondônia e de Roraima e disse que estavam reservados R$ 100 milhões no Orçamento de 2019 para iniciar o licenciamento ambiental e a elaboração do projeto de asfaltamento dos trechos ainda de terra da estrada. A promessa, no entanto, foi de que o trabalho estará concluído em 2020. ""A BR-319 é para além deste governo"", disse Freitas.No dia 27 de março, entidades que defendem a pavimentação da BR-319, lideradas pela Associação dos Amigos e Defensores da BR-319, fizeram um protesto para pressionar por uma solução para a rodovia, que segue sem asfaltamento em sua maior parte. Eles levaram um bolo de lama até o quilômetro zero. O grupo programou outro ato para o dia 5 de abril. A estrada era completamente asfaltada na sua inauguração, há 43 anos, mas acabou abandonada e perdeu a maior parte dessa cobertura.A foto da montagem que mostra um atoleiro é antiga e não há confirmação de que seja da rodovia. A primeira publicação exibida pelo serviço de busca TinEye tem data de 23 de abril de 2008, e o registro aparece em um fotolog que não menciona o nome da estrada. De acordo com o Google Imagens, a mesma foto aparece em uma apresentação de slides sobre o Mato Grosso, feita no serviço SlideShare, em 7 de maio de 2008. Nos anos posteriores a foto foi associada a duas outras estradas federais: a BR-163, que atravessa o Mato Grosso e outros estados; e a BR-230, a rodovia Transamazônica.Nota: esta reportagem faz parte do projeto de verificação de notícias no Facebook. Dúvidas sobre o projeto? Entre em contato direto com o Facebook.Editado por: Natália Leal"	1
23	Pessoas idosas acima de 60 anos não pagam estacionamento.	" #Verificamos: É falso que idosos não pagam estacionamento em shoppingsFoi arquivado projeto de lei que pretendia proibir a cobrança a condutores idososCircula nas redes sociais a ""notícia"" de que idosos devem fazer valer seu direito de não pagar estacionamento em shoppings. Por meio do projeto de verificação de notícias, usuários do Facebook solicitaram que esse material fosse analisado. Confira a seguir o trabalho de verificação da Lupa:""Pessoas idosas acima de 60 anos não pagam estacionamento nos shoppings""Imagem que, até as 16h do dia 7 de dezembro de 2018, já tinha mais de 11 mil compartilhamentos no FacebookFALSO De acordo com o texto checado pela Lupa, a Lei 2786/08, supostamente aprovada em agosto de 2017, daria direito à isenção do pagamento em estacionamentos privados aos motoristas idosos. O projeto de lei de fato existiu e previa uma alteração no Estatuto do Idoso para que não pagassem pelo uso de vagas destinadas a eles. No entanto, este PL foi arquivado no fim de 2011 e jamais virou lei. O Estatuto do Idoso não foi modificado e contempla apenas ""uma reserva de 5% das vagas em estacionamentos públicos e privados aos maiores de 60 anos"". Portanto, não há menção a qualquer tipo de gratuidade. Verificação semelhante foi feita pelo site boatos.org em agosto de 2017. *Nota: esta reportagem faz parte do projeto de verificação de notícias no Facebook. Dúvidas sobre o projeto? Entre em contato direto com o Facebook."	1
24	Polícia Federal não descobriu esquema para o assassinato de Jair Bolsonaro.	"Polícia Federal não descobriu esquema para o assassinato de Jair BolsonaroPolícia Federal não descobriu esquema para o assassinato de Jair BolsonaroTwitterFacebookE-mailWhatsAppPolícia Federal não descobriu esquema para o assassinato de Jair BolsonaroPor Bárbara Libório 7 de setembro de 2018, 14h30TwitterFacebookEmailWhatsAppNão é verdade que a Polícia Federal, junto às agências de inteligência das Forças Armadas, teriam descoberto um esquema, no qual estariam envolvidos militantes do PT, PSOL, e PC do B, para o assassinato do candidato à Presidência Jair Bolsonaro (PSL). A informação circula em aplicativos de mensagem e foi desmentida pela própria PF.Aos Fatos está checando as informações acerca do ataque ao candidato do PSL à Presidência, Jair Bolsonaro, na última quinta-feira (6). Informações equivocadas sobre esse tema foram marcadas como FALSAS na ferramenta de verificação do Facebook. Leia toda a cobertura aqui.Abaixo, o que verificamos.FALSOPolícia Federal descobriu esquema que planejava o assassinato de Jair Bolsonaro.Uma corrente de WhatsApp encaminhada por leitores do Aos Fatos para verificação narra uma história que é FALSA: segundo o texto apócrifo, a Polícia Federal teria descoberto, junto às agências de inteligência das Forças Armadas, um esquema no qual estariam envolvidos militantes do PT, do PSOL e do PCdo B, para o assassinato de Bolsonaro. O boato foi desmentido pela própria PF.Segundo o texto enganoso, ""os investigados já vinham sendo monitorados através de escutas telefônicas e redes sociais"", o que é FALSO.O texto também cita uma afirmação fictícia do general Villas Bôas, comandante do Exército brasileiro: ""sabíamos que iriam agir, mas não sabíamos onde nem quando"". O general de fato se manifestou contra o ataque, mas não deu qualquer declaração nesse sentido.Em nota, ele disse que ""repudia veementemente o ato de violência extrema perpetrado contra a vida do deputado Bolsonaro"",""defende a manutenção da serenidade, o combate aos radicalismos e a confiança nos órgãos de segurança pública, para que todos juntos ultrapassemos esse desafio à nossa democracia e à paz social"" e ""solidariza-se com a família do deputado neste momento de apreensão, desejando pronta recuperação"".Aos Fatos entrou em contato com a PF, que afirmou, por e-mail, que ""monitora toda e qualquer situação potencialmente perigosa"" e que ""não havia sido identificada qualquer ameaça concreta a algum dos candidatos"".Diante do ocorrido na quinta-feira, um inquérito policial foi instaurado para investigar todas as circunstâncias do fato. A PF, no entanto, por política de comunicação, informou que não comenta investigações em andamento.TwitterFacebookEmailWhatsAppLeia tambémCinco fatos sobre migraçãoNão é verdade que Moro afastou promotor do caso Queiroz e delegado que investiga morte de MarielleHomem em foto com Flávio Bolsonaro é assessor do senador, não acusado de matar Marielle]"	1
25	A CNH eletrônica (CNH-e), ou CNH digital, some automaticamente quando o condutor atinge 20 pontos.	"""É #FAKE que CNH digital some automaticamente quando o condutor atinge 20 pontos""Gravação viralizada recomenda ainda que motorista não baixe versão eletrônica da Carteira Nacional de Habilitação (CNH). Ministério das Cidades diz que documentos digital e impresso dão ampla defesa ao condutor. Um áudio compartilhado em aplicativos de mensagens afirma que a CNH eletrônica (CNH-e), ou CNH digital, some automaticamente quando o condutor atinge 20 pontos. Assim, o motorista perde o documento mais rapidamente. Não é verdade.Em nota enviada ao G1, a assessoria de imprensa do Ministério das Cidades diz que a CNH eletrônica e a versão impressa do documento adotam o mesmo procedimento administrativo e permitem ""ampla defesa do condutor antes de haver a suspensão do direito"".""O referido áudio é falso, podendo ser considerado pelas terminologias atuais como ""fake news"", pois é revestido de factoides que podem levar o cidadão de bem a acreditar que a solução tecnológica CNH Eletrônica (CNH-e) possa trazer problemas, em vez de solução"", diz trecho da nota.O aplicativo da CNH Digital está disponível para Android e iOS e foi lançado pelo Departamento Nacional de Trânsito (Denatran), que é ligado ao Ministério das Cidades. Desde abril deste ano, a versão digital está disponível em todo o país.A nota da assessoria de imprensa lembra ainda que ""a CNH-e é a forma digital da Carteira Nacional de Habilitação e possui a mesma validade e o mesmo valor jurídico do modelo impresso"".Citado no áudio, o Detran do RJ enviou uma nota na qual reforça que não há distinção entre a CNH Digital e a CNH tradicional. O procedimento é o mesmo para ambos documentos, conforme diz o texto:O Denatran diz que a cobrança de possíveis taxas para emissão da CNH digital fica a cargo dos Departamentos Estaduais de Trânsito (Detrans). São eles que determinam atualmente os valores das taxas da CNH impressa, que variam de estado para estado. Em São Paulo, por exemplo, a CNH-e foi lançada gratuitamente.A CNH digital só pode ser emitida para quem tem a nova CNH, com QR Code, um código específico para ser lido por aparelhos eletrônicos. Ele existe na parte interna das carteiras de habilitação emitidas desde maio do ano passado. Quem tem a versão antiga precisará pedir uma segunda via ou renovar a impressa para, então, solicitar a digital. Não é necessário esperar a CNH vencer para renová-la.Fato ou Fake está nas redes sociais e no WhatsApp; saiba como acessar e tirar dúvidas. "	1
26	É #FAKE mensagem que diz que médicos recomendam beber muita água à noite e urinar de madrugada.	"""É #FAKE mensagem que diz que médicos recomendam beber muita água à noite e urinar de madrugada""Texto compartilhado no Whatsapp tem considerações sobre consumo de água e ida ao banheiro. Especialistas discordam de mensagem que circula nos grupos. Uma mensagem que circula em grupos de Whatsapp recomenda às pessoas beber muita água à noite e urinar de madrugada. O texto diz que são médicos que orientam essa prática. A mensagem é #FAKE, segundo especialistas ouvidos pelo G1.O texto afirma, entre outras coisas, que um copo dágua antes de dormir evita ataques cardíacos e derrames.Os especialistas discordam de quase todas as premissas apontadas no texto. Uma das especialistas é a nefrologista Leda Lotaif, diretora da Sociedade Brasileira de Nefrologia. Outro especialista é Weimar Sebba Barroso de Souza, diretor de Promoção de Saúde Cardiovascular da Sociedade Brasileira de Cardiologia.Veja abaixo trechos da mensagem e o que os médicos dizem a respeito:TRECHO DA MENSAGEM: ""Urinar de madrugada - Ir ao banheiro à noite, pensei que isso era ruim e muito chato, mas pode ser útil...* Essas recomendações não são exatamente de avó... Mas de profissionais de saúde. * Água e noite... Conheço muitas pessoas que dizem que não querem tomar qualquer coisa antes de dormir, porque têm o incômodo de se levantar durante a noite para usar o banheiro.""LEDA LOTAIF: ""As pessoas devem beber água distribuindo a ingestão ao longo do dia - em jejum, preferencialmente 30 minutos antes das refeições (e não durante as mesmas) e até o fim da tarde. Senão vão levantar muitas vezes durante a noite para urinar. Isso aumenta o risco de quedas e fraturas, especialmente em idosos.""WEIMAR SEBBA: ""Dizer que urinar à noite e tomar água à noite é bom é algo que a gente deve avaliar com certa cautela porque geralmente urinar muitas vezes à noite significa que houve uma retenção exagerada de líquidos durante o dia e nesse período da noite o organismo tende a eliminar esse excesso, então é necessário avaliar o porquê dessa retenção, se existe um problema renal por trás disso, se existem outros motivos que estão levando a essa retenção.""TRECHO DA MENSAGEM: ""Quando perguntei ao meu cardiologista por que as pessoas precisam fazer xixi tanto à noite, a resposta foi: ""A gravidade mantém a água na parte inferior do corpo quando você está em pé (As pernas incham). Na hora de dormir, a parte inferior do corpo (pernas, etc .) está ao mesmo nível dos rins; é quando os rins removem a água processada (suja), porque é mais fácil, pois todos nós precisamos de uma quantidade mínima de água para lavar as toxinas do corpo.""LEDA LOTAIF: ""As pernas desincham durante a noite porque o líquido acumulado nelas durante o dia, por gravidade, se redistribuirá para a região dorsal durante a noite. Se todo esse líquido fosse eliminado durante a noite, no dia seguinte as pernas não inchariam.""WEIMAR SEBBA: ""É fato que, pela ação da gravidade, como nós passamos a maior parte do tempo durante o dia sentados ou em pé, há uma tendência de o líquido acumular nas pernas. Mas isso só vai acontecer de uma maneira mais significativa, essa retenção, se houver algum dano vascular, por exemplo, como varizes nas pernas ou algum problema mais sério que dificulte esse retorno de sangue. Uma pessoa que esteja com o coração, o leito arterial funcionando bem, os rins funcionando bem, mesmo ficando muito tempo sentada ou em pé, não tem tendência de reter líquido nas pernas. Consequentemente, não é necessário que a pessoa fique deitada à noite para eliminar esse líquido. O processo de eliminação acontece durante todo o tempo, de dia inclusive, em pessoas normais, saudáveis,. Então, é preciso analisar esse contexto. Dizer que é importante que a pessoa deite à noite para poder eliminar o líquido não é verdade para pessoas saudáveis.""TRECHO DA MENSAGEM: ""Agora vamos todos beber água... Problema frequente entre os jovens. Água antes de dormir também ajuda a evitar cãibra noturna nas pernas (coxas e panturrilha). Os músculos da perna estão procurando hidratação quando acontecem essas cólicas. Por favor, passe essa informação para as pessoas que são importantes para você. E beba água!""LEDA LOTAIF: ""Beber 1,5 litro a 2 litros de líquido por dia é o indicado para todos os indivíduos saudáveis. Para os que têm passado de cálculo renal, a orientação é urinar pelo menos 2 litros ao dia. Para tanto é preciso ingerir mais do que isso, especialmente em clima quente, seco ou após exercício físico. Nessas pessoas um bom sinal de que está bem hidratado é levantar pelo menos 1 vez à noite para urinar, e a urina deve estar sempre clarinha. Urina muito laranja escura quer dizer que está concentrada. Levantar muito à noite para urinar, no entanto, pode ser um dos primeiros sinais de insuficiência renal. Então tenho que discordar das orientações citadas do cardiologista. Já para evitar cãimbras noturnas, o ideal é fazer alongamento das pernas e estar sempre bem hidratado, bebendo água o suficiente ao longo de todo o dia. É importante alertar que raramente as cãibras são causadas por falta de potássio no sangue. Certos indivíduos, inclusive, como os portadores de doença renal crônica, devem evitar a ingestão de alimentos ricos em potássio.""WEIMAR SEBBA: ""É equívoco atribuir à água esse papel milagroso de prevenir doenças, de ser capaz de prevenir ataque cardíaco, de diminuir a pressão arterial se tomada antes do banho. Não é assim que funciona. Esse hábito de ingerir água deve ser estimulado, mas não de uma maneira exagerada. Em geral recomenda-se entre dois e três litros de água ao dia levando em conta as características individuais que sempre precisamos considerar. Então, nada de excessos, mas ingestão em pequena quantidade também pode ser prejudicial. Na pessoa saudável também não há necessidade de que essa ingestão seja antes de deitar. Essa informação não é adequada. Na presença de alguma doença, aí é que fica mais inadequada ainda porque a depender do problema de saúde que a pessoa tenha, a gente até pede para não beber água durante a noite porque isso pode trazer um certo desconforto. Essa informação precisa ser vista com muita cautela e eu acho que ela tem inverdades, inconsistências.""TRECHO DA MENSAGEM: ""Um copo de água antes de dormir evita ataques cardíacos e derrames, o que você acha?""LEDA LOTAIF: ""Água antes de dormir não evita Infarto Agudo do Miocárdio nem Acidente Vascular Cerebral""WEIMAR SEBBA: ""Eu diria que a maioria das afirmações da mensagem, se tivermos que dizer certo ou errado, está equivocada. Dizer que um copo de água antes de dormir evita ataques cardíacos e derrames é algo que não tem nenhuma fundamentação científica."" "	1
27	General Hamilton Mourão não propôs confisco da poupança.	" #Verificamos: general Hamilton Mourão não propôs confisco da poupançaPublicação com título sem relação com o texto tinha 33 mil compartilhamentos na noite deste sábado (06) Circula nas redes sociais a informação de que o general Hamilton Mourão (PRTB), vice na chapa de Jair Bolsonaro (PSL) à Presidência da República, teria sugerido o ""confisco da poupança"". Por meio do projeto de verificação de notícias, usuários do Facebook solicitaram que esse material fosse analisado. Confira a seguir o trabalho de verificação da Lupa:""Mourão também propõe confisco da poupança""Título de postagem feita no Blog da Cidadania, que já tinha mais de 33 mil compartilhamentos até às 20h35 deste sábado (6/10)FALSOO título da postagem não tem relação com seu conteúdo. Não há qualquer menção ao confisco da poupança ao longo do texto, publicado no dia 28 de setembro. Trata-se, na verdade, da cópia integral de uma reportagem publicada pela Folha de S.Paulo no dia 27 de setembro, com o título original ""Mourão propõe renegociar os juros da dívida do governo"" e o subtítulo ""Em palestra, vice de Bolsonaro também criticou o 13° salário e o adicional de férias."" Em evento realizado no Rio Grande do Sul, Mourão classificou dois direitos trabalhistas (o 13° salário e o abono de férias) como ""jabuticabas brasileiras"". No Twitter, Jair Bolsonaro não citou o vice de sua chapa, mas defendeu a permanência do 13° salário: ""Criticá-lo [o 13° salário], além de uma ofensa a quem trabalha, confessa desconhecer a Constituição"".No evento em que supostamente teria defendido o confisco da poupança, Mourão fala do assunto em apenas uma ocasião, ao dizer que ""o brasileiro poupa pouco"". Além da Folha de S.Paulo, outros jornais publicaram notícias sobre o evento e nenhum deles mencionou que Mourão tivesse falado em confisco da poupança (veja aqui e aqui).A Lupa entrou em contato com o Blog da Cidadania sobre essa checagem, mas ainda não obteve retorno. Nota: esta reportagem faz parte do projeto de verificação de notícias no Facebook. Dúvidas sobre o projeto? Entre em contato direto com o Facebook. Editado por: Cristina Tardáguila"	1
28	É #FAKE que Comissão de Direitos Humanos pediu prisão de homem que reagiu e agrediu assalantador.	"""É #FAKE que Comissão de Direitos Humanos pediu prisão de homem que reagiu e agrediu assaltante""Afirmação é baseada em vídeo sobre tentativa de roubo que viralizou. Não houve pedido de prisão da vítima. Circula pelas redes sociais uma mensagem que diz que a Comissão de Direitos Humanos mandou prender o jovem que agrediu um assaltante em Minas Gerais e que ele foi preso a pedido do Ministério Público. A afirmação é #FAKE.O Ministério Público de Minas Gerais diz não ter atuado no caso do estudante e afirma que a informação da prisão do estudante a pedido da Promotoria é falsa.A Polícia Civil de Minas Gerais reafirma que o jovem que foi vítima da tentativa de roubo não foi preso nem teve a prisão pedida.A polícia esclarece que ainda irá apurar se houve excesso da vítima quanto à defesa.Foi feito um pedido de prisão em flagrante do assaltante por roubo tentado.O texto que circula nas redes sociais fala em Comissão de Direitos Humanos de Minas Gerais.As comissões consultadas pelo Fato ou Fake rejeitam a possibilidade de pedir a prisão da vítima, até porque não têm esse poder.A Comissão de Direitos Humanos da Assembleia Legislativa de Minas Gerais informa que a história sobre o pedido de prisão da vítima nem sequer chegou à comissão.Também consultada, a Comissão de Direitos Humanos da Câmara dos Deputados declara que desconhece o caso e que, mesmo que tivesse recebido uma denúncia de violação de direitos humanos a respeito do fato, não tem prerrogativa para ""mandar prender"", atribuição exclusiva do Judiciário.A foto usada na ilustração da mensagem sobre o pedido de prisão da vítima foi copiada de uma reportagem que trata de outro assunto, publicada em 2017. "	1
29	"A foto da festa de aniversário de Messi foi adulterada. A imagem real, postada pelo jogador no Twitter, não mostra Mickey ""da cracolândia""."	" #Verificamos: Foi adulterada foto da festa de aniversário do filho de Lionel MessiImagem real, postada pelo jogador no Twitter, não mostra Mickey \""da cracolândia\""Circula nas redes sociais uma foto do jogador de futebol argentino Lionel Messi ao lado de sua mulher, Antonella Rocuzzo, e dos filhos Thiago e Mateo na festa de aniversário de dois anos do mais novo deles. Na imagem, a família está reunida em torno da mesa do bolo, perto de uma versão grosseiramente genérica de um Mickey. A legenda que acompanha a postagem critica abertamente o jogador por ter economizado no evento do filho. Por meio do projeto de verificação de notícias, usuários do Facebook solicitaram que esse material fosse analisado. Confira a seguir o trabalho de verificação da Lupa:""E o Messi que ganha 530 milhões por ano e contrata o Mickey da cracolândia falsificado pro aniversário do filho?""Publicação que, até as 17h30 do dia 27 de fevereiro de 2019, já tinha sido compartilhada ao menos 115 mil vezes no FacebookFALSOA imagem analisada pela Lupa foi adulterada. A foto original foi compartilhada por Messi, em seu perfil oficial de Twitter, no dia 11 de setembro de 2017. Nela é possível ver que o Mickey que participou da festa do filho mais novo do jogador não é ""da cracolândia"" nem havia sido visivelmente ""falsificado"". Veja a seguir o registro real da festa de Mateo:Nota: esta reportagem faz parte do projeto de verificação de notícias no Facebook. Dúvidas sobre o projeto? Entre em contato direto com o Facebook.Editado por: Cristina Tardáguila e Chico Marés"	1
30	Bicarbonato de sódio cura câncer.	" #Verificamos: É falso que bicarbonato de sódio cura câncerSociedade Brasileira de Oncologia informou que não há estudos que comprovem uso da substância para a cura da doençaCirculam pelas redes sociais publicações que afirmam que o bicarbonato de sódio ajudaria na cura de câncer. Os conteúdos também dizem que o câncer é um fungo. Por meio do projeto de verificação de notícias, usuários do Facebook solicitaram que esse material fosse analisado. Confira a seguir o trabalho de verificação da Lupa:""Câncer é um fungo! E bicarbonato de sódio ajuda a curar o câncer, diz Oncologista""Publicação que, até as 19h do dia 02 de maio, tinha sido compartilhada mais de 71,5 mil vezes no FacebookFALSOA informação analisada pela Lupa é falsa. A Sociedade Brasileira de Oncologia (Sboc) esclareceu que ""não há qualquer estudo ou evidência científica que comprove que o uso de bicarbonato de sódio auxilia o tratamento de câncer"". Em nota, a Sboc reforçou a importância de tratamentos convencionais recomendados por médicos oncologistas clíni"	1
31	O vice do Amoedo, Christian Lohbauer, aconselha as pessoas a votarem em Bolsonaro.	"""É #FAKE que vice do presidenciável João Amoêdo pede votos para Bolsonaro em vídeo""Trata-se de uma montagem feita em cima de entrevista de Christian Lohbauer à rádio Jovem Pan no último dia 17 de setembro. Lohbauer não fez tal afirmação sobre o candidato do PSL. Um vídeo em que Christian Lohbauer, professor universitário e vice do candidato João Amoêdo, aconselha as pessoas a votarem em Bolsonaro tem bombado nas redes sociais. O post vem com a seguinte mensagem: ""O vice do Amoedo, Christian Lohbauer, aconselhando o voto em Bolsonaro, já sabendo que Amoedo não tem mais chance"". O vídeo se trata de uma montagem e a mensagem é #FAKE.No vídeo, o vice-candidato do partido Novo à Presidência fala sobre os rivais na disputa. Logo após a fala ""E finalmente, votar em Bolsonaro"", há um corte quase imperceptível no vídeo. Nesse espaço é encaixada a fala seguinte que elogia, na verdade, o candidato João Amoêdo: ""O que nós temos aqui é um candidato viável, um sujeito que estuda, que tem posições, que vai constituir um governo técnico, que vai enfrentar todos os desafios que a gente tem pela frente inclusive de um Congresso hostil, que é o que a a gente vai ter lá adiante"".No vídeo original, o candidato a vice-presidente diz que ""votar no Bolsonaro significa entregar o país num cheque em branco no escuro porque ninguém tem a menor ideia do que vai acontecer"". ""O Brasil não tem tempo para aventura.""Procurada, a assessoria do candidato diz que se trata de uma evidente montagem. ""Informamos que o vídeo é falso e resultado de uma edição grosseira que visa confundir os eleitores. O Partido Novo repudia a divulgação de notícias falsas, que considera prejudicial ao debate democrático"", diz a nota, enviada pela assessoria do professor.Lohbauer gravou um vídeo em que repudia a montagem: ""Vocês devem ter recebido aí um vídeo da minha entrevista na Jovem Pan adulterado pelo pessoal do Bolsonaro. Eles editaram o vídeo e transformaram em uma opinião que eu jamais teria dado. Eu, Christian, do Partido Novo"".O candidato à Presidência João Amoêdo também se manifestou nas redes sociais sobre o ocorrido. ""Está circulando por aí, um vídeo editado onde o Professor Christian, candidato do NOVO à Vice-presidência, estaria apoiando outro presidenciável nas eleições. Isso é mentira. Uma fake news, prática já conhecida da velha política. Mas mentira, a gente combate com verdade. Assista ao vídeo completo da entrevista em questão"". "	1
32	A enchente em Cubatão foi provocada pela abertura de barragem	"É #FAKE que enchente em Cubatão foi provocada por abertura de barragemPost no Facebook tem sido bastante compartilhado. Mensagem é falsa. Circula pelas redes sociais um texto que diz que a enchente em Cubatão, em São Paulo, foi provocada pela abertura de comportas da barragem de Rio das Pedras. A mensagem é #FAKE.O texto utiliza imagens verídicas sobre os bairros atingidos pela cheia. O Rio Pilões realmente transbordou em Cubatão e as sirenes que soam toda vez que o rio enche tocaram três vezes avisando que os moradores precisavam sair de suas casas.A Prefeitura de Cubatão esclarece, no entanto, que não existe qualquer previsão de abertura de comportas da barragem de Rio das Pedras.A nota diz que, apesar dos amplos esclarecimentos dados à população, uma onda de desinformação está sendo disseminada nas redes sociais, em clara atitude de má-fé para com a população da cidade, que já tem muitos problemas em decorrência das chuvas.Em um aviso anterior contra informações falsas, funcionários da Prefeitura informaram que não há abertura de comportas sem prévio planejamento, aviso da Defesa Civil e monitoramento.A Empresa Metropolitana de Águas e Energia (EMAE) nega que tenha havido a abertura alardeada na mensagem e diz que a última abertura das comportas na barragem de Rio das Pedras ocorreu em 2010.Segundo a empresa, a medida só é utilizada quando os reservatórios de Rio das Pedras e da Billings atingem o limite operacional.""Os níveis destes equipamentos são monitorados 24 horas. Em caso de necessidade da abertura, a EMAE segue o protocolo estabelecido que prevê o aviso prévio aos órgãos como Sabesp, Fundação Florestal, CETESB e Defesa Civil Municipal, entre outros"", diz a nota.Vídeo: Veja como identificar uma mensagem falsa "	1
33	É #FAKE que Plataforma Lattes será extinta pelo governo federal	"É #FAKE que Plataforma Lattes será extinta pelo governo federalMensagem anunciado o fim viralizou na web. Informação foi desmentida pelo Conselho Nacional de Desenvolvimento Científico e Tecnológico (CNPq). Circulam nas redes sociais mensagens indicando que a Plataforma Lattes, base de dados de currículos do Conselho Nacional de Desenvolvimento Científico e Tecnológico (CNPq), será extinta após a Semana Santa. Essas mensagens são #FAKE.A informação foi desmentida pela instituição neste domingo (14), por meio de uma nota publicada no site e nas redes sociais.""Em relação ao boato sobre suposta extinção da Plataforma Lattes, o CNPq informa que não há nenhum encaminhamento para isso. Ao contrário, a Plataforma Lattes, que, este ano, completa 20 anos, com mais de 6 milhões de currículos cadastrados, tem ganhado cada vez mais reconhecimento e relevância, não só pela importância já consolidada para a comunidade científica, mas, também, pelos recentes aprimoramentos: inclusão, nos currículos, de nome social, projetos de ensino e data de nascimento ou adoção de filhos; além da integração com outras plataformas de governo como o Banco de Talentos, banco de currículo dos servidores públicos federais para fins de seleção para cargos"", afirma o comunicado.O CNPq frisa ainda que deverá ser implementado um ""Plano de Modernização da Plataforma"", que envolve ""repensar o posicionamento estratégico"", ""facilitar o uso das informações"" e ""aprimorar as tecnologias de suporte"".O ator José de Abreu foi um dos que tuitaram a informação. Após o posicionamento do CNPq, porém, ele compartilhou a nota oficial. Mas postou depois: ""Para o CNPq desmentir publicamente é porque algo havia"", disse. "	1
34	Mas ela não passa de uma mensagem fake (falsa).	"""É #FAKE cartaz da Polícia Militar de SP com alerta contra golpe do ovo no para-brisa""Cartaz falso que circula há pelo menos 10 anos nas redes sociais tem viralizado. PM diz que não fez cartaz e que não há registros desse tipo de ataque. Circula pelas redes sociais um cartaz atribuído à Polícia Militar de São Paulo que alerta motoristas sobre uma ""nova onda"": a de ladrões jogando ovos em para-brisas de veículos para roubá-los. Mas ela não passa de uma mensagem fake (falsa).Procurada pelo G1, a Polícia Militar diz não ter elaborado o cartaz e esclarece que essa notícia se espalhou pela primeira vez há cerca de dez anos. A corporação afirma que no banco de dados da instituição não há nem sequer um registro desse tipo de ocorrência.A PM informa que utiliza seus próprios perfis nas redes sociais para divulgar assuntos de interesse da população. E faz um aviso para boatos nas redes.*1° AVISO DA POLÍCIA MILITAR: OVADA NOTURNA NO SEU PARA-BRISAS* Iniciou novamente a onda dos assaltantes! À noite, se atirarem um ovo no para-brisas do seu carro (reconhecível pelo amarelo da gema) * Mantenha a calma e a VELOCIDADE* * Não use o limpador de para-brisas! * NUNCA coloque água no para-brisas! * Aumente a velocidade porque os LADRÕES* estão por perto. Explicação: O ovo e a água, ao se unirem, formam uma substância viscosa, tal como o leite, e você vai precisar parar, pois bloqueará a sua visão em cerca de 90%. Fuja dali o mais depressa possível! Este é o ultimo método que eles inventaram. *MENSAGEM TRANSMITIDA PELO ATENDIMENTO 190 * Meus amigos por favor, compartilhem com seus amigos e familiares! udc6e RepasseEmbora antigo, o cartaz voltou a circular com força nos últimos dias, especialmente no WhatsApp. O argumento de que o motorista precisaria parar por causa do estrago produzido pela mistura de água e ovo no parabrisa também não se sustenta.A revista Autoesporte fez um vídeo em 2010 para mostrar que o limpador de para-brisas consegue rapidamente solucionar o problema. Veja: "	1
35	Carro de empresa de engenharia aplica multas em rodovia.	"""É #FAKE que carro de empresa de engenharia aplica multas em rodovia""Em vídeo que circula em redes sociais, narrador afirma que equipamento é radar. Empresa de engenharia dona do carro e concessionária que administra a Raposo Tavares explicam que veículo mede qualidade do asfalto. Circula pelas redes sociais um vídeo que mostra um carro com equipamentos acoplados à carroceria circulando Rodovia Raposo Tavares em São Paulo. O homem que narra o vídeo diz que o veículo aplica multas. A mensagem é #FAKE.O carro tem o logo da Copavel Consultoria de Engenharia Ltda. Consultada pelo Fato ou Fake, a empresa informa que atua no ramo de engenharia e que os equipamentos acoplados ao veículo são um perfilômetro a laser e um sistema de vídeo registro. ""Esses equipamentos fazem levantamento de irregularidades longitudinais e captura de imagem do pavimento para avaliação"", diz a encarregada de Recursos Humanos da empresa, Silvana Lima.A CCR, concessionária que administra a Raposo Tavares, informa que o vídeo mencionado mostra, na verdade, um veículo de inspeção de pavimento que utiliza sistema de câmeras.Segundo a empresa, o serviço é realizado rotineiramente pela concessionária para garantir a qualidade do pavimento, obrigação fiscalizada pela Agência Reguladora de Transportes de São Paulo (Artesp).""Estava vindo rápido e brequei com tudo. Eu acho que não tem na Raposo Tavares, mas tem. Você vai passar aqui do lado do bonitinho (referência ao carro de engenharia) e olha lá, radarzinho, bagulho ligado à velocidade dele, a maquininha de multa aí,ó. Vai multando o pessoal. Olha aí, ó, o radar na frente. ó o radar. Vai multando todo mundo, ó. Ó no retrovisor, filha da mãe, viu."" "	1
36	O Exército estaria promovendo um projeto denominado Atirador Mirim para ensinar crianças a atirar.	" #Verificamos: Projeto Atirador Mirim do Exército não ensina crianças a atirarProjeto estimula crianças a terem uma rotina de hábitos de higiene bucal, alimentação e atividades físicas Circula nas redes sociais uma ""informação"" de que o Exército estaria promovendo um projeto denominado Atirador Mirim para ensinar crianças a atirar. A publicação ""lembra"" que a iniciativa ocorre um mês após o atentado na Escola Estadual Raul Brasil, em Suzano (SP), que resultou na morte de 10 pessoas. Por meio do projeto de verificação de notícias, usuários do Facebook solicitaram que esse material fosse analisado. Confira a seguir o trabalho de verificação da Lupa:""1 mês após massacre em escola de Suzano, Exército promove projeto Atirador Mirim para ensinar crianças a atirar""Título de conteúdo publicado nos sites Plantão Brasil e Diário Brasil Online que, até as 15 horas do dia 17 de abril de 2019, tinha mais de 680 compartilhamentos no FacebookFALSO A informação verificada pela Lupa é falsa. Criado pelo Exército em parceria com prefeituras do Brasil, o projeto Atirador Mirim não ensina crianças a atirar, mas pretende estimular os alunos a incorporarem uma rotina de hábitos de higiene bucal, alimentação e atividades físicas mais benéficas à saúde. Além disso, o programa fala às crianças sobre cidadania, ética, civismo, trânsito, meio ambiente, prevenção às drogas, entre outros temas. A publicação informa que a prefeitura de Itatiba (SP) teria aberto as inscrições para crianças entre 11 e 13 anos participarem do projeto. A prefeitura confirmou que as inscrições para o programa estão abertas, masressaltou que as crianças não têm contato com armamento durante as aulas. O órgão comunicou ainda que tentou trocar o nome do projeto para não haver ""associação indevida ou que remetesse a um entendimento à utilização de armas"". O Exército, no entanto, negou a mudança, já que se tratava de um nome padrão. Vale ressaltar ainda que o projeto Atirador Mirim não começou em 2019. Na própria Itatiba, por exemplo, teve início em 2015. Nota: esta reportagem faz parte do projeto de verificação de notícias no Facebook. Dúvidas sobre o projeto? Entre em contato direto com o Facebook.Editado por: Natália Leal e Chico Marés"	1
37	Bolsonaro não propôs anexar o estado de Sergipe à Bahia	"Bolsonaro não propôs anexar o estado de Sergipe à BahiaBolsonaro não propôs anexar o estado de Sergipe à BahiaTwitterFacebookE-mailWhatsAppBolsonaro não propôs anexar o estado de Sergipe à BahiaPor Ana Rita Cunha 27 de outubro de 2018, 18h30TwitterFacebookEmailWhatsAppÉ FALSA uma publicação do Facebook atribuído ao candidato à Presidência pelo PSL, Jair Bolsonaro, em que ele afirma querer anexar o estado do Sergipe à Bahia. Esse boato é antigo e circula nas redes sociais pelo menos desde março deste ano, e já foi desmentido em vídeo pelo próprio presidenciável.A informação foi verificada por Aos Fatos e pelo Fato ou Fake, iniciativa de checagem do Grupo Globo. O perfil a quem é atribuída a mensagem é denominado ""Jair Bolsonaro"". O perfil oficial do candidato do PSL, por meio do qual se comunica com seus seguidores e divulga as atividades de sua campanha, é ""Jair Messias Bolsonaro"" e tem o selo azul de verificação do Facebook.No Facebook, a imagem foi postada por perfis pessoais e já teve mais de 100 compartilhamentos até a tarde deste sábado (27). O conteúdo foi denunciado por usuários do Facebook e classificadas com o selo FALSO na ferramenta de verificação da rede social (entenda como funciona).Veja, abaixo, os detalhes da checagem.FALSOO Estado de Sergipe deveria ser unificado a Bahia, um estado pequeno que não produz nada pra que está lá?Não é verdade que Bolsonaro defendeu a anexação do Sergipe à Bahia. O print de uma postagem do Facebook é de uma conta falsamente atribuída ao candidato do PSL. O perfil a quem é atribuída a mensagem é denominado ""Jair Bolsonaro"". O perfil oficial do candidato do PSL, por meio do qual se comunica com seus seguidores e divulga as atividades de sua campanha, é ""Jair Messias Bolsonaro"".Outra prova de que aquele não era a página oficial é a ausência do selo azul que indica ser aquele um perfil verificado pelo Facebook. Esse selo consta da página oficial do candidato, onde não há qualquer declaração do tipo.O boato sobre a fala de Bolsonaro já circulou no Facebook em março deste ano e chegou a ser desmentido pelo próprio político. Em um vídeo no YouTube, Jair Bolsonaro aparece ao lado do deputado federal reeleito Sergipe Fábio Mitidieri (PSD). Em gravação no plenário da Câmara dos Deputados, em Brasília, Bolsonaro diz: ""Criaram uma página falsa, que é muito comum acontecer comigo, né?"".Neste sábado e domingo, a equipe do Aos Fatos se uniu a outras cinco agências de checagens de notícias no Brasil para verificar as mensagens de conteúdo suspeito nesta reta final das eleições. A ideia de juntar forças é para ganhar mais agilidade e aumentar o alcance das checagens. A parceria reúne o Fato ou Fake, Projeto Comprova, Lupa, Boatos.org e e-Farsas. Este conteúdo foi checado originalmente pelo Fato ou Fake.TwitterFacebookEmailWhatsAppLeia tambémCinco fatos sobre migraçãoNão é verdade que Moro afastou promotor do caso Queiroz e delegado que investiga morte de MarielleHomem em foto com Flávio Bolsonaro é assessor do senador, não acusado de matar Marielle]"	1
38	Urnas eletrônicas do TRE são apreendidas agora a pouco em carro particular com destino	"""É #FAKE que urnas eletrônicas irregulares foram apreendidas em carro particular""Fotos que circulam nas redes sociais são da operação Sentinelas do Amazonas. Não houve, no entanto, nenhuma irregularidade com as urnas. Elas estavam em carro oficial do TRE e não foram apreendidas. Circulam nas redes sociais fotos de urnas eletrônicas dentro de uma caminhonete acompanhadas da frase: ""Pessoal repassar nos grupos, urnas eletrônicas do TRE são apreendidas agora a pouco em carro particular com destino a Autazes no Amazonas!"". Não houve apreensão de urnas. As mensagens são #FAKE.O Tribunal Regional Eleitoral (TRE) do Amazonas e a Polícia Militar do Amazonas dizem que as imagens foram feitas durante uma operação na tarde de sábado (20), mas negam que tenha havido qualquer apreensão ou irregularidade.""Uma equipe de policiais da 8º CIPM de Iranduba, que realizava a operação Sentinelas do Amazonas, ação Comunidade Segura, abordou um veículo oficial do Tribunal Regional Eleitoral (TRE), no qual continham urnas que estavam sendo encaminhadas para atender o pleito do município de Careiro da Várzea. Na abordagem, foi constatado que não havia irregularidades. Porém, um dos policiais fotografou as urnas sendo transportadas, e divulgou em sua rede social de forma equivocada"", afirmam o TRE e a PM, em nota oficial.O Comando Geral da PM reitera que todo o procedimento realizado pelo Tribunal Regional Eleitoral tem ocorrido ""dentro de sua normalidade com a máxima lisura, não havendo quaisquer dúvidas com relação ao andamento do processo eleitoral"".O comandante-geral da PM, coronel Cláudio Silva, diz ter tomado conhecimento do ocorrido e determinado que a ação do policial seja apurada dentro dos ditames legais pela Diretoria de Justiça e Disciplina (DJD) a fim de combater atitudes que disseminem a proliferação de ""fake news"".As fotos também têm circulado com uma outra mensagem falsa que fala que a Brigada Militar de Serafina Corrêa aprendeu quatro urnas eletrônicas no carro de uma pessoa. "	1
39	Manuela DÁvila ligou 18 vezes para Adélio BiscoMPF e MP-MG desmentem boato que liga ex-deputada a agressor de Bolsonaro.	" #Verificamos: É falsa informação de que Manuela DÁvila ligou para Adélio BispoMPF e MP-MG desmentem boato que liga ex-deputada a agressor de BolsonaroCircula nas redes sociais a ""informação"" de que a ex-deputada estadual e ex-candidata à vice-presidência Manuela DÁvila (PCdoB) teria ligado 18 vezes para Adélio Bispo no dia em que ele feriu o hoje presidente Jair Bolsonaro (PSL) durante um evento de campanha em Juiz de Fora (MG). Por meio do projeto de verificação de notícias, usuários do Facebook solicitaram que esse material fosse analisado. Confira a seguir o trabalho de verificação da Lupa:""Por que essa mulher [Manuela DÁvila] ligou 18 vezes para Adélio [Bispo] no dia do esfaqueamento de Bolsonaro?""Imagem que até as 16h do dia 4 de fevereiro de 2019 já tinha sido compartilhada mais de 10 mil vezes no FacebookFALSOÉ falsa a informação de que a ex-deputada Manuela DÁvila tenha ligado para Adélio Bispo - menos ainda 18 vezes. O Ministério Público Federal informou, em nota, que não tem informações sobre o assunto. Já o Ministério Público de Minas Gerais, que cuida das ações relacionadas ao atentado contra Jair Bolsonaro, classificou como ""fake news"" a informação que circula pelas redes. Veja nota.Em setembro de 2018, a juíza Patrícia Alencar Teixeira de Carvalho determinou a quebra de sigilo dos quatro celulares e de um notebook apreendidos com Adélio Bispo. Com isso, a Polícia Federal rastreou ligações, mensagens e contatos de Adélio. Até o momento, a Polícia Federal não divulgou nenhum mandante ou cúmplice do atentado. Essa não é a primeira vez que uma notícia falsa ""informa"" que Manuela tenha ligado para Adélio Bispo. Em setembro de 2018, a página de facebook ""Partido Bolsonaro"" publicou um post afirmando que a Polícia Federal havia identificado seis ligações entre Adélio Bispo e Manuela DÁvila, na época vice de Fernando Haddad (PT) na disputa pela presidência. O ministro substituto do Tribunal Superior Eleitoral Carlo Horbach determinou que o Facebook informasse o IP e os dados dos responsáveis pela página.Em vídeo gravado para a página Quebrando Tabu, Manuela chegou a ironizar a notícia falsa e as diversas versões que circulam na rede sobre eventual telefonema seu a Adélio. Assista aqui. Durante as eleições de 2018, uma informação semelhante foi desmentida pelos sites Boatos.org e o E-farsas.Nota: esta reportagem faz parte do projeto de verificação de notícias no Facebook. Dúvidas sobre o projeto? Entre em contato direto com o Facebook.Editado por: Cristina Tardáguila"	1
40	São Paulo foi a cidade que mais perdeu postos de trabalho.	"Na TV, Marta ataca Haddad com dados erradosNa TV, Marta ataca Haddad com dados erradosTwitterFacebookE-mailWhatsAppNa TV, Marta ataca Haddad com dados errados 25 de fevereiro de 2016, 21h23TwitterFacebookEmailWhatsAppEm crítica direta a seu adversário Fernando Haddad (PT-SP) nas eleições municipais deste ano, a senadora Marta Suplicy (PMDB-SP) afirmou nesta quinta-feira (25), no programa partidário de sua nova sigla, que São Paulo foi a cidade que mais perdeu postos de trabalho.O problema, segundo Aos Fatos apurou em duas bases oficiais com metodologias diferentes, é que a declaração está equivocada. Na pior das hipóteses, em números absolutos, São Paulo ainda está melhor do que Belo Horizonte: fechou 55,6 mil vagas, contra 82,6 na capital mineira.Veja, abaixo, por que demos o selo FALSO à senadora.FALSOA São Paulo que sempre foi sinônimo de oportunidades, de crescimento, foi a cidade que mais postos de trabalho fechou. Como Marta não deixou claro a que período se refere nem a que metodologia, Aos Fatos levou em conta dados de diferentes levantamentos oficiais a partir de 2013-quando Haddad assumiu a prefeitura paulistana. De acordo com a Pesquisa Mensal de Emprego, produzida pelo IBGE (Instituto Brasileiro de Geografia e Estatística), os números de SP seguem a tendência nacional, de aumento da taxa de desocupação.Na tabela abaixo, é possível ver que as taxas variaram positivamente em todas as regiões metropolitanas pesquisadas-particularmente no Recife e em Salvador. São Paulo, ao contrário do que disse a senadora, apresentou a segunda menor taxa de desocupação dentre as áreas pesquisadas.Fonte: IBGEMesmo que as pesquisas do IBGE contemplem apenas algumas regiões metropolitanas, são dados que também levam em consideração o setor informal. Não é o caso, por exemplo, do Caged (Cadastro Geral de Empregados e Desempregados), elaborado pelo Ministério do Trabalho, que monitora apenas baixas em registros oficiais de vínculo empregatício.Aos Fatos levantou em suas bases, de 2013 a 2015, o saldo entre contratações e demissões em todas as capitais do país. Verificou, desta vez que, sim, São Paulo foi uma das capitais que mais registrou demissões do que admissões desde o início do período pesquisado: 55,604 vagas nos meses de dezembro de 2013 a 2015 deixaram de existir (ver tabela). O problema é que Belo Horizonte sofreu mais com esse problema: foram 82,670 vagas perdidas no mesmo período desde 2013. A íntegra do levantamento do Caged pode ser vista na página ""Perfil do Município"".TwitterFacebookEmailWhatsAppLeia tambémCinco fatos sobre migraçãoNão é verdade que Moro afastou promotor do caso Queiroz e delegado que investiga morte de MarielleHomem em foto com Flávio Bolsonaro é assessor do senador, não acusado de matar Marielle]"	1
41	Felipão não fez cara feia ao ver Pabllo Vittar em garras de Gatorade.	"""É mentira: Felipão não fez cara feia ao ver Pabllo Vittar em garrafa  ""Pabllo Vittar já foi alvo de uma série de memes e \""fakenews\""(notícias fraudulentas) nas redes sociais. A mais... Pabllo Vittar já foi alvo de uma série de memes e ""fakenews""(notícias fraudulentas) nas redes sociais. A mais recente delas mostra um vídeo em que o técnico do Palmeiras, Luiz Felipe Scolari, estaria fazendo uma careta ao ver o rosto da cantora em uma garrafa deGatorade.O trecho do vídeo de poucos segundos que circula pelos aplicativos de mensagem foi tirado de uma entrevista do técnico, após o jogo do time paulista contra o paraguaio Cerro Porteño, pela Copa Libertadores da América, no último dia 9.A partir de1 minuto e 7 segundosdo vídeo, Felipão pega a garrafa, nota algum detalhe, faz cara feia e a devolve sobre a mesa. Segundo a mensagem que circula pelas redes sociais, o motivo para o ato inusitado seria o rosto de Pabllo Vittar, apontada comogarota-propaganda da bebida.FALSO: Não é o rosto de Pabllo VittarSeja lá o que não agradou o técnico do Palmeiras na garrafa da bebida, não foi o rosto de Pabllo Vittar. A artista não é contratada pela marca.Na verdade, a Gatorade, patrocinadora da Copa Libertadores da América e do time paulista, tem uma campanha global com diferentes jogadores: de Leonel Messi, do Barcelona, ao brasileiro Gabriel Jesus, do Manchester City.O rosto que aparece no vídeo é, na verdade, do jogador peruano Edison Flores, atacante do clube dinamarquês Aalborg BK. Representante da seleção do Peru na Copa do Mundo, o jogador foi um dos escolhidos para estampar as garrafas na América do Sul.Não há registro algum de quePabllo tenha feito uma campanha para a Gatorade. A empresa não respondeu ao questionamento doUOL até o fechamento desta matéria.""Agora Pabllo Vittar foi longe demais...""A cantora PablloVittar é alvo frequente de notícias falsas e piadas nas redes sociais. Desde notas de real que supostamente levariam seu nome a turnês por escolas estaduais para ensinar sobre diversidade sexual.Recentemente, seu rosto foi colocado no lugar da imagem de Fernando Haddad como vice na chapa de Lula (PT), após o lançamento da candidatura do petista à Presidência. O próprio perfil do candidato comentou a montagem e explicou a brincadeira.Em abril, a cantora comentou,durante uma entrevista, o uso frequente do seu nomeem boatos. ""Hoje em dia, eu dou risada. Mas antes eu ficava muito incomodada com o quanto as pessoas têm capacidade de inventar notícias falsas sobre alguém por simples desejo de prejudicar, porque não gostam ou odeiam"", afirmou. "	1
42	É falso que imprensa internacional denunciou poupança de US$ 108 milhões de Lula em Luxemburgo.	" #Verificamos: É falso que imprensa internacional denunciou poupança de US$ 108 milhões de LulaEm nota, a Procuradoria-Geral da República informou que não tem informação sobre o casoCircula pelas redes sociais a ""informação"" de que o ex-presidente Lula teria sido ""desmascarado"" pela imprensa internacional após a divulgação de que o petista mantinha uma poupança de US$ 108 milhões em Luxemburgo. Por meio do projeto de verificação de notícias, usuários do Facebook solicitaram que esse material fosse analisado. Confira a seguir o trabalho de verificação da Lupa:""Imprensa internacional desmascara Lula e divulga poupança de U$ 108 milhões em Luxemburgo, caiu a casa de vez""Publicação que, até as 18h do dia 14 de janeiro de 2019, tinha cerca de 1,5 mil compartilhamentos (aqui, aqui, aqui e aqui) no FacebookFALSONão há reportagens publicadas na ""imprensa internacional"" sobre uma suposta poupança do ex-presidente Lula em Luxemburgo no valor de US$ 108 milhões. O próprio conteúdo compartilhado em redes sociais não se refere a nenhuma publicação em específico para embasar a suposta ""denúncia"".Segundo a Procuradoria-Geral da República, não há investigações ou denúncias sobre uma suposta poupança de Lula no valor de US$ 108 milhões em Luxemburgo. Em nota, a PGR indicou que fossem procuradas as procuradorias-regionais do Paraná, de São Paulo e do Distrito Federal (aqui, aqui e aqui), que também informaram não haver investigação ou denúncia sobre o fato. A Polícia Federal informou apenas que ""não comenta casos que eventualmente estejam sob investigação, mesmo que eles não existam"".Essa informação começou a ser divulgada em 2016 e reapareceu durante as eleições de 2018. Ela também foi verificada pelo site Boatos.org e pelo projeto Comprova. *Nota: esta reportagem faz parte do projeto de verificação de notícias no Facebook. Dúvidas sobre o projeto? Entre em contato direto com o Facebook.Editado por: Natália Leal"	1
43	A mulher torcida diante dos filhos matou militares.	"""É mentira que mulher torturada diante dos filhos matou militares  ""Não é verdade que Maria Amélia de Almeida Teles, conhecida por Amelinha Teles, foi condenada por matar militares... Não é verdade que Maria Amélia de Almeida Teles, conhecida por Amelinha Teles, foi condenada por matar militares durante a ditadura. Uma montagem circula nas redes sociais e no WhatsApp com a imagem de uma senhora e a afirmação de que Amelinha e seu marido mataram e esquartejaram militares. Ela e o marido, Cezar Augusto Teles, não cometeram estes crimes e nunca foram acusados, tampouco julgados, por eles.O boato veio à tona depois de Amelinha aparecer em um programa eleitoral do candidato a presidente Fernando Haddad (PT) no último dia 16. Ela deu um depoimento contando como ela e seu marido foram presos em dezembro de 1972, torturados e humilhados pelos militares na frente dos filhos.O casal foi preso com outros militantes do PCdoB. A acusação, na época, era de ""agrupamento prejudicial à segurança nacional"", e estava relacionada ao que foi classificado como ""propaganda escrita"" do partido - a edição de jornais, panfletos e artigos com conteúdo supostamente subversivo. O processo é de março de 1973. Ela foi condenada a sete meses de reclusão.No trecho em que o documento detalha a atuação de Amelinha no grupo não há qualquer menção a crimes de homicídio. O processo diz que Amelinha e o marido eram responsáveis pelo setor de imprensa do partido, e que a residência do casal havia se tornado um ""aparelho"" da sigla.Amelinha e o marido foram torturados no DOI-CODI, em São Paulo. O comandante da unidade era o coronel Carlos Alberto Brilhante Ustra, que participou das sessões de tortura do casal e foi declarado torturador pela Justiça brasileira em 2008. O candidato Jair Bolsonaro (PSL) dedicou à memória de Ustra o voto pelo impeachment de Dilma Rousseff (PT) em 2016, acrescentando que ele era o ""pavor"" da então presidente. DIlma também foi torturada por Ustra durante a ditadura.No vídeo da campanha do PT e em outros depoimentos, como os prestados à Comissão da Verdade e à novela ""Amor e Revolução"", Amelinha descreve o tipo de tortura a que o casal foi submetido: cadeira do dragão, choques, espancamento e violência psicológica, com ameaças aos filhos. As crianças - Janaína e Edson, na época com 5 e 4 anos, respectivamente - foram levados para verem os pais torturados. Janaína também participou do vídeo da campanha de Haddad, relatando que selembrava de ter sido forçada a ver os pais naquela situação.Após a veiculação do vídeo e da circulação do boato sobre Amelinha, ela passou a sofrer ameaças pelas redes sociais. Amigos gravaram um vídeo em apoio a ela.A falsa informação sobre Amelinha foi enviada para o WhatsApp do projeto Comprova. Postagens sobre o tema em sites e redes sociais foram apagados. Uma das que ainda está no ar é da página ""Curitiba Contra a Corrupção"", que teve 12,1 mil compartilhamentos desde o último dia 19.A ""Agência Lupa"" também desmentiua falsa informaçãosobre os homicídios.Agora a peça de desinformação foi verificada pela ""Gazeta do Povo"" e pelo ""Jornal do Commercio"", além do UOL, da ""Folha de S.Paulo"", do ""Estadão"", todos integrantes do projeto Comprova. "	1
44	Como os governos justificaram aumento de impostos nos últimos 20 anos.	"Como os governos justificaram aumento de impostos nos últimos 20 anosComo os governos justificaram aumento de impostos nos últimos 20 anosTwitterFacebookE-mailComo os governos justificaram aumento de impostos nos últimos 20 anosPor Tai Nalon e Sérgio Spagnuolo 24 de julho de 2017, 18h30Ao anunciar na última semana aumento de impostos que incidem sobre combustíveis, o governo Michel Temer repetiu uma velha conhecida fórmula adotada por mandatários de várias colorações partidárias. Em nota, o Ministério da Fazenda afirmou que ""o aumento das alíquotas do PIS/Cofins sobre combustíveis é absolutamente necessário tendo em vista a preservação do ajuste fiscal e a manutenção da trajetória de recuperação da economia brasileira"". Alegações parecidas se repetiram ao longo das últimas duas décadas nos vários governos do Brasil.Tendo como referência a base de dados da Receita Federal sobre variação da carga tributária no país, Aos Fatos elencou mais uma série de episódios em que governos anteriores justificaram, nos últimos 20 anos, aumento de impostos. Os donos das promessas variam - os objetivo, nem tanto.Veja abaixo a trajetória da carga tributária e, embaixo dele, datas de destaque na história econômica recente.2015No início de seu segundo mandato, a ex-presidente Dilma Rousseff determinou a volta da Cide (Contribuição de Determinações no Domínio Econômico) e, tal qual Temer, do PIS/Cofins sobre combustíveis. Na mesma ocasião, também anunciou o aumento do IOF (Imposto Sobre Operações Financeiras), além do PIS/Cofins sobre importação. A justificativa foi a seguinte:No conjunto, o efeito é aumentar a confiança, a disposição das pessoas em investir, tomarem riscos, de o empresário começar a pensar em novas coisas. Isso reflete nos indicadores financeiros. - Joaquim Levy, ex-ministro da Fazenda2011No início de seu governo, Dilma determinou aumento do IOF para compras no exterior, de modo a compensar a correção do Imposto de Renda para Pessoa Física e atender à pressão do empresariado brasileiro. No entanto, naquele ano, uma das medidas de maior impacto tributário foi a de alta do IPI (Imposto sobre Produtos Industrializados) para carros importados de fora do Mercosul - entendida como retaliação ao avanço da indústria automobilística chinesa. A justificativa foi a seguinte:Isto é comprometer os empregos de qualidade do povo brasileiro. Este governo não vai deixar. Podem investir aqui sim. Serão protegidos, acolhidos... mas venham e produzam aqui, gerem tecnologia aqui. - ex-presidente Dilma Rousseff2008Em 2008, a queda drástica da carga tributária, mesmo em um cenário de desaceleração do PIB, foi atribuída ao fim da CPMF (Contribuição Provisória sobre Movimentação Financeira). A diminuição da arrecadação levou o governo do ex-presidente Luiz Inácio Lula da Silva a anunciar reajuste no IOF e na CSLL (Contribuição Social sobre o Lucro Líquido) semanas depois de negar essa possibilidade.O único que está preocupado é o Guido Mantega [ministro da Fazenda] porque é ele quem senta no dinheiro, depois o Paulo Bernardo [ministro do Planejamento] e, por último, os ministros. Eu não fiquei preocupado. Nós acharemos uma saída para compensar os R$ 40 bilhões. - ex-presidente Lula2005Em janeiro de 2005, Lula determinou, por medida provisória, o aumento da CSLL para pessoas jurídicas que optavam pela tributação sobre lucro presumido. A proposta tinha como objetivo compensar a correção no IRPF (Imposto de Renda para Pessoa Física), mas não passou no Congresso. Antes da derrota, o governo justificou o aumento da seguinte forma:Não houve aumento da carga tributária. A carga tributária caiu de 2002 para 2003 [de 35,53% para 34,88% do PIB] e vai cair de 2004 para 2005, em função de medidas de desoneração tributária que nós já fizemos. Eu garanto que as medidas que tomamos no ano passado terão efeito de redução da carga tributária como proporção do PIB entre 2004 e 2005. - Bernard Appy, ex-secretário executivo do Ministério da FazendaNão é isso que mostram os dados do gráfico mais acima.2002Em janeiro de 2002, o ex-presidente Fernando Henrique Cardoso já defendia aumentar a CSLL para compensar a correção do IR e, segundo o então ministro da Fazenda, Pedro Malan, respeitar a Lei de Responsabilidade Fiscal. No entanto, a iniciativa não passou no Congresso, e o governo recorreu ao aumento do IOF e de outras contribuições sociais para fechar as contas.Ela [a Lei de Responsabilidade Fiscal] não foi revogada e, por isso, tem que ser cumprida. - Pedro Malan, ex-ministro da Fazenda1997Criada em 1996 para entrar em vigor em 1997, a CPMF (Contribuição Provisória sobre Movimentação Financeira) foi desenvolvida pela equipe econômica do ex-presidente Fernando Henrique Cardoso para financiar políticas de saúde. Depois, foi alterada para custear a Previdência e programas de transferência de renda. Existiu até 2007, entre aumentos e diminuições de sua taxa.É uma medida emergencial, para vigorar até que se faça a reforma tributária. - Adib Janene, ex-ministro da SaúdeVeja aqui dados históricos da Receita Federal sobre carga tributária no Brasil.Leia tambémCinco fatos sobre migraçãoNão é verdade que Moro afastou promotor do caso Queiroz e delegado que investiga morte de MarielleHomem em foto com Flávio Bolsonaro é assessor do senador, não acusado de matar Marielle]"	1
45	Sérgio Moro não declarou que Lula não será presidente aqui nem em lugar algum	"Sérgio Moro não declarou que Lula não será presidente aqui nem em lugar algumSérgio Moro não declarou que Lula não será presidente aqui nem em lugar algumTwitterFacebookE-mailWhatsAppSérgio Moro não declarou que Lula não será presidente aqui nem em lugar algumPor Bernardo Moura 21 de junho de 2018, 19h48TwitterFacebookEmailWhatsAppÉ falsa a notícia ""Sérgio Moro afirma: Lula não será presidente aqui nem em lugar algum"" publicada pelo site The Jornal Brasil. Requentado, o conteúdo voltou a circular no Facebook, já acumula mais de 42 mil compartilhamentos desde o ano passado e foi denunciado por usuários da rede social como enganoso (entenda como funciona).Citada pelo site como fonte da declaração, a entrevista do juiz Moro à TV UFPR, da Universidade Federal do Paraná, nunca existiu, afirmaram nesta quinta-feira (21) a Justiça Federal paranaense e a própria emissora universitária.Confira abaixo, em detalhes, o que checamos.FALSOSérgio Moro afirma: Lula não será presidente aqui nem em lugar algumAo contrário do que sustenta a postagem do The Jornal Brasil, nunca existiu entrevista do juiz Sérgio Moro à TV UFPR, da Universidade Federal do Paraná. Tampouco o magistrado deu a declaração que ilustra a notícia falsa: ""de acordo com a Constituição, mesmo que Lula esteja preso, ele poderá se candidatar à Presidência, mas, se for preciso, eu mudarei a Constituição só para que isso não aconteça. Afinal, povo brasileiro que está lutando comigo, Lula não irá ser presidente nem aqui e nem em lugar nenhum"".Procurada por Aos Fatos, a Justiça Federal do Paraná negou que Moro tenha dado tal entrevista. A TV UFPR, também contactada pela reportagem nesta quinta-feira (21), informou que o juiz nunca foi entrevistado pelo canal.Não é de hoje que essa postagem aparece no Facebook. A primeira vez que a notícia falsa entrou na rede social foi em 12 de março do ano passado. Ela voltou a ser publicada na última segunda-feira (18) pela página Por um Brasil Melhor, que é vinculada ao The Jornal Brasil. Desde que começou a circular pelo Facebook, o conteúdo já acumula 42.600 compartilhamentos.Nesta quinta, Aos Fatos tentou entrar em contato com o The Jornal Brasil por meio de formulário no site e por mensagem no Facebook, mas não obteve qualquer resposta até a publicação desta checagem.Na seção quem somos, o site se define como ""uma rede de blogs da mídia livre formada por autodidatas, blogueiros realistas que trabalham por um Brasil melhor para todos e que defendem a Faxina Geral iniciada pela Lava Jato, independente de partidos, doa a quem doer"".Em 14 de março de 2017, a postagem do The Jornal Brasil foi reproduzida integralmente pelo site TV Cidade, que, em seu site, afirma ser afiliada do SBT no canal 23 em Brasil Novo, município do sudoeste do Pará. No entanto, seu nome não aparece na relação de afiliadas da emissora paulista em todo o país.Repercussão à esquerda. Esta notícia falsa também gerou repercussão à esquerda. Em publicação de 14 de março do ano passado, o site A Postagem reproduziu a falsa declaração de Sérgio Moro com o título: ""Moro assume ser justiceiro sem lei em fala para a TV da UFPR"". Em tom opinativo, o texto assinado por Fábio St. Rios tece uma série de críticas ao juiz da Lava Jato em Curitiba. Para ele, a falsa declaração de Moro ""comprova a tese de que o Brasil vive um golpe"".Nesta quinta-feira, Aos Fatos também tentou entrar em contato com os responsáveis pelo site A Postagem, mas não obteve resposta até a publicação desta checagem. Apesar de assinar diversos textos no site (somente nesta quinta-feira, dia 21, foram sete posts), Fábio St. Rios não aparece entre os colaboradores listados em seção no blog.A Postagem se define como ""uma rede de conteúdo independente que visa democratizar o acesso à informação. Uma revista eletrônica que aborda temas variados e sob uma ótica diferente da abordada pelo mainstream. O canal visa propagar informações que auxiliem na formação do pensamento crítico e difundir conteúdo de forma honesta e acima de tudo, horizontal"".TwitterFacebookEmailWhatsAppLeia tambémCinco fatos sobre migraçãoNão é verdade que Moro afastou promotor do caso Queiroz e delegado que investiga morte de MarielleHomem em foto com Flávio Bolsonaro é assessor do senador, não acusado de matar Marielle]"	1
46	Janot erra ao defender criminalização das drogas	"Janot erra ao defender criminalização das drogasJanot erra ao defender criminalização das drogasTwitterFacebookE-mailWhatsAppJanot erra ao defender criminalização das drogas 21 de agosto de 2015, 06h00TwitterFacebookEmailWhatsAppO procurador-geral da República, Rodrigo Janot, defendeu na última quarta-feira (19) a criminalização do porte de drogas, durante julgamento no STF(Supremo Tribunal Federal) que analisa formas de punição a indivíduos que portam entorpecentes. O chefe do Ministério Público Federal condenou enfaticamente a pressão de organizações da sociedade civil e de juristas para descriminalizar substâncias como a maconha, o crack e a cocaína.Algumas frases sem amparo factual e científico se destacaram em sua sustentação oral, como a afirmação de que a simples exposição à maconha gera dependência. Segundo Janot, seus danos são muito superiores e mais perigosos do que do vício em álcool. Aos Fatos checou.Leia mais: Duas faces do debate antidrogasFALSO Não há dúvida quanto ao vício à maconha. 90% das pessoas expostas a ela se tornam viciadas. (...) O álcool pode, sim, vir a criar dependência química, mas o que causa a dependência química do álcool é o abuso e o excesso continuado da bebida alcoólica.Vários estudos apontam, na verdade, que há dúvida, sim, quanto às afirmações do procurador. Uma das mais respeitadas resenhas sobre o tema, inclusive, traz números completamente diferentes. O professor Wayne Hall, da Kings College, no Reino Unido, mostrou no ano passado que ""aproximadamente 9% das pessoas que já usaram maconha se tornaram dependentes, contra 32% para nicotina, 23% para heroína e 15% para o álcool"".Hall fez uma revisão da literatura científica ao analisar a evolução das pesquisas ao longo dos últimos 20 anos. Em seu artigo, ele diz que, em estudos longitudinais, desenvolve dependência de maconha 1 a cada 6 usuários que começaram a consumi-la durante a adolescência. Também conforme o estudo, afeta metade dos usuários diários da erva.A UNODC, departamento de monitoramento de drogas da ONU, defende o que se convencionou chamar de Regra 80/20-baseada no Princípio de Pareto-, segundo a qual 80% dos usuários de drogas no mundo consomem 20% das drogas disponíveis no mercado, enquanto 20% dos usuários consomem 80% dos psicoativos mundialmente. Isso significa que grande parte dos usuários de drogas são pequenos consumidores, indicando níveis baixos de demanda e, por consequência, pouco descontrole.Além disso, o ""DSM-4, Manual Diagnóstico e Estatístico de Transtornos Mentais"", referência fundamental para a psiquiatria, revisou os critérios para diagnóstico de dependência de substância. Estabeleceu, com isso, que o usuário deverá preencher três ou mais requisitos como ""aumento de tolerância"", ""desejo persistente e mal-sucedido para reduzir ou controlar o uso"", ""consumo em maiores quantidades"" e ""atividades sociais são interrompidas"" para configurar dependência de drogas. Todas essas condicionantes pressupõem uso continuado, e não apenas exposição única ao psicoativo.Aos Fatos já havia trazido alguns outros bons detalhes sobre o consumo de maconha. Por exemplo: o Lenad 2 (Levantamento Nacional de Álcool e Drogas), coordenado por pesquisadores da Unifesp (Universidade Federal Paulista), mostrou que a maconha é o entorpecente de maior penetração social no Brasil, com 7,8 milhões de indivíduos que relataram seu uso alguma vez na vida. Conforme o estudo, a prevalência do uso da cocaína uma vez na vida pela população adulta é de 3,8%, representando cerca de 5 milhões de brasileiros com 18 anos ou mais.IMPRECISO O mercado de drogas no Brasil movimenta R$ 3,7 bilhões.O número apresentado por Janot em sua sustentação oral não foi encontrado em qualquer base de dados de referência. Aos Fatos questionou a Procuradoria Geral da União para saber a origem desse dado, mas, até a última atualização desta reportagem, ainda não havia recebido resposta.Na realidade, contudo, não há dados oficiais disponíveis que delimitem precisamente o faturamento do tráfico de drogas no país.Levantamento do Correio Braziliense a partir do cruzamento de dados do relatório da ONU apontou que o tráfico movimenta R$ 1,4 bilhão no Brasil. A reportagem é de 2010.E, enquanto o tráfico de drogas cresce acima da média na região Norte, com destaque para Manaus, investigações autônomas apontam que esse tipo de crime organizado movimenta R$ 1,5 bilhão, sobretudo devido à proximidade da fronteira do Amazonas com o Peru.E é tudo o que existe sobre o tema.TwitterFacebookEmailWhatsAppLeia tambémCinco fatos sobre migraçãoNão é verdade que Moro afastou promotor do caso Queiroz e delegado que investiga morte de MarielleHomem em foto com Flávio Bolsonaro é assessor do senador, não acusado de matar Marielle]"	1
47	O homem de camisa preta que aparece na foto é o presidente nacional da OAB.	" #Verificamos: Homem que aparece em foto com Cesare Battisti não é presidente da OABOrdem fez postagem indicando que seria filho do ex-presidente Lula, mas deletou informaçãoCircula nas redes sociais uma imagem que mostra um grupo de parlamentares brasileiros ao lado do italiano Cesare Battisti, condenado à prisão perpétua na Itália sob a acusação de ter cometido quatro assassinatos no final dos anos 1970. A legenda ""informa"" que o homem de camisa preta que aparece na foto é o presidente nacional da Ordem dos Advogados do Brasil (OAB), Felipe Santa Cruz. Por meio do projeto de verificação de notícias, usuários do Facebook solicitaram que esse material fosse analisado. Confira a seguir o trabalho de verificação da Lupa:""O presidente da OAB - de camisa preta atrás - em apoio ao terrorista Battisti! Qual é mesmo o papel da OAB?""Legenda de imagem que, até as 16 horas do dia 11 de fevereiro de 2019, tinha sido compartilhada mais de 90 vezes no Facebook.FALSOA foto que aparece no post foi tirada no dia 17 de novembro de 2009, durante visita de apoio realizada por parlamentares brasileiros a Cesare Battisti no Complexo Penitenciário da Papuda, no Distrito Federal. Na ocasião, o italiano aguardava julgamento de seu pedido de extradição pelo Supremo Tribunal Federal (STF). Uma imagem muito semelhante foi feita naquele dia pelo fotógrafo José Cruz, da Agência Brasil. A foto não está mais disponível no site do órgão, mas foi reproduzida por outros portais de notícias e na página do PSOL de São Paulo. As legendas da época citam nominalmente os deputados federais Ivan Valente (PSOL-SP), Chico Alencar (PSOL-RJ) e os senadores José Nery (PSOL-PA) e Eduardo Suplicy (PT-SP), mas não fazem qualquer menção à identidade do homem de camiseta preta.No domingo (10), a OAB desmentiu a informação sobre a presença de seu presidente na imagem. Em seu Twitter e em nota oficial, destacou que a pessoa com camisa preta não era Felipe Santa Cruz. Nos dois textos, no entanto, a organização afirmou que o homem na imagem "	1
48	A foto de menina gritando na lama foi feita nos EUA em 2008 - não em MG.	" #Verificamos: Foto de menina gritando na lama foi feita nos EUA em 2008 - não em MGImagem já teve mais de 20 mil compartilhamentos no Facebook ao ser associada com barragem de BrumadinhoCircula na internet a foto de uma menina coberta por lama acompanhada de uma legenda que sugere que a cena tenha sido flagrada em Brumadinho (MG), onde uma barragem da Vale rompeu na última sexta-feira (25), deixando mortos e feridos. Por meio do projeto de verificação de notícias, usuários do Facebook solicitaram que esse material fosse analisado. Confira a seguir o trabalho de verificação da Lupa:""Não é O Grito, de Munch. É o grito e a dor do Brasil [pelo rompimento de barragens]""Imagem que até as 23h do dia 27 de janeiro de 2019 já tinha sido compartilhada mais de 20 mil vezes no FacebookFALSOA imagem analisada pela Lupa não foi feita em Brumadinho (MG) nem data desta semana. A foto consta no banco de imagens da Getty Images desde 2008 e mostra Alyssa Braun, então moradora de Michigan (EUA), quando ela tinha 12 anos. Naquele 8 de julho de 2008, Alyssa e outras crianças fotografadas por Bill Pugliano celebravam o ""Mud Day"", ou ""Dia da Lama"".Outra imagem da mesma série de fotos deBill Pugliano também circula no Facebook como se tivesse sido feita em Brumadinho (MG) nas últimas horas.""Uma das vítimas da facção liberal instalada no Brasil""Imagem que, até as 23h do dia 27 de janeiro de 2019, já tinha sido compartilhada mais de 590 vezes no FacebookFALSOEssa segunda imagem também consta no banco de imagens da Getty Imagese também mostra uma criança que, em 2008, participou do ""Dia da Lama"". Não há, portanto, qualquer conexão com o desastre de Brumadinho (MG).Nota: esta reportagem faz parte do projeto de verificação de notíciasno Facebook. Dúvidas sobre o projeto? Entre em contato direto com o Facebook.Editado por: Maurício Moraes"	1
49	Consulados do Brasil nos EUA não denunciarão brasileiros ilegais para deportação, diz Itamaraty	" #Verificamos: É falso que brasileiros ilegais nos EUA serão denunciados pelo consulado do Brasil para deportaçãoItamaraty afirma que consulados no exterior existem para atender seus conterrâneos e não denunciá-los Circula nas redes sociais a ""informação"" de que, a pedido do presidente americano Donald Trump, os consulados do Brasil nos Estados Unidos irão denunciar os brasileiros que vivem ilegalmente no país para serem deportados mais rapidamente. Por meio do projeto de verificação de notícias, usuários do Facebook solicitaram que esse material fosse analisado. Confira a seguir o trabalho de verificação da Lupa:""Parabéns aos brasileiros ilegais dos EUA onde a votação em Bolsonaro superou 70%: agora vocês serão denunciados pelo próprio consulado brasileiro para deportação mais rápida""Publicação que, até as 15h do dia 22 de março de 2019, tinha sido compartilhada 255 vezes no FacebookFALSOProcurado pela Lupa, o Itamaraty afirmou que a informação é falsa. Em nota, o órgão esclareceu que ""consulados brasileiros existem e funcionam para atender a cidadãos brasileiros no exterior, nunca para, de nenhum modo, denunciá-los.""Em visita aos Estados Unidos, o presidente Jair Bolsonaro (PSL) disse que ""a maioria dos imigrantes não têm boas intenções, nem quer o melhor ou fazer o bem ao povo americano"", em entrevista ao canal de televisão Fox News. Posteriormente, ele pediu desculpas pela declaração e disse que foi um ""equívoco ou ato falho"". Um dos filhos do presidente, o deputado federal Eduardo Bolsonaro (PSL-SP), também deu declarações contrárias aos imigrantes brasileiros. ""Um brasileiro ilegalmente fora do país é problema do Brasil, isso é vergonha nossa, para a gente"", disse. Criticado pela fala, ele disse que havia sido mal interpretado e que já trabalhou ao lado de ""mexicanos e peruanos"" em lanchonetes dos EUA por alguns meses, quando viajou ao país como estudante.Além disso, a revista Veja noticiou que uma proposta para facilitar a deportação de brasileiros em situação irregular tramita no Ministério das Relações Exteriores. Entretanto, isso não significa que o governo denunciaria imigrantes ilegais para as autoridades americanas. Pela proposta, ilegais já presos nos Estados Unidos poderiam ser deportados sem a necessidade de assinar a Autorização de Retorno ao Brasil (ARB), que hoje é necessária. Nota: esta reportagem faz parte do projeto de verificação de notícias no Facebook. Dúvidas sobre o projeto? Entre em contato direto com o Facebook.Editado por: Chico Marés e Natália Leal"	1
50	É falsa capa do Charlie Hebdo que satiriza Gleisi Hoffmann e o PT.	" #Verificamos: É falsa capa do Charlie Hebdo que satiriza Gleisi Hoffmann e o PTNão é a primeira vez que o partido é vítima de capas falsas do semanário francêsCircula nas redes sociais uma suposta capa da revista satírica francesa Charlie Hebdo com a presidente do PT, a senadora Gleisi Hoffmann (PT-PR). Por meio do projeto de verificação de notícias, usuários do Facebook solicitaram que esse material fosse analisado. Confira a seguir o trabalho de verificação da Lupa:""Os petistas sendo ridicularizados por todo o mundo. Veja a capa do jornal francês Charlie Hebdo!""Imagem que circula no Facebook, com 150 compartilhamentos até as 15h30 do dia 17 de janeiro de 2019FALSOO jornal Charlie Hebdo nunca colocou Gleisi Hoffmann, ou o PT, em sua capa. A imagem que circula é uma montagem feita sobre a edição real da revista publicada no dia 13 de fevereiro de 2013, cuja capa trata da renúncia do Papa Bento XVI. É possível ver que o cabeçalho das duas edições é idêntico.Além disso, a ilustração usada como base não tem o rosto de Gleisi, nem a bandeira do PT - ambos foram incluídos digitalmente. O traço é do cartunista brasileiro Adão Iturrusgarai, que não tem qualquer relação com a revista. Não é a primeira vez que forjam capas do semanário francês tendo o PT como foco. Uma montagem semelhante a essa, mas sem o rosto de Gleisi, já circulava nas redes sociais em fevereiro de 2016. À época, a informação foi desmentida pelo site e-Farsas. O site menciona, ainda, a existência de outra capa falsa, com críticas a Lula e ao Supremo Tribunal Federal.O semanário humorístico francês Charlie Hebdo ganhou notoriedade internacional em 2015, após ser alvo de atentado do al-Qaeda. 12 pessoas morreram e 11 ficaram feridas no ataque. *Nota: esta reportagem faz parte do projeto de verificação de notícias no Facebook. Dúvidas sobre o projeto? Entre em contato direto com o Facebook.Editado por: Natália Leal"	1
51	"A conta de energia elétrica terá mais um aumento de 15% e a gasolina 10%."""	"""É falso! Banco Central não anunciou aumento na conta de luz e na gasolina  ""Uma mensagem trocada nos aplicativos de mensagens afirma que haverá aumento nos preços do combustível e da energia  Uma mensagem trocada nos aplicativos de mensagens afirma que haverá aumento nos preços do combustível e da energia elétrica. O responsável pelo anúncio seria o Banco Central.Diz o texto, que começou a circular na semana passada: ""O Banco Central acabou de anunciar: a conta de energia elétrica terá mais um reajuste, dessa vez de 37%, e a gasolina de 14%. Vejam que absurdo! O reajuste será aplicado a partir da próxima semana. Vamos Mobilizar o Brasil! Até quando seremos roubados?"".FALSO: Banco Central não determina preço da luz ou de gasolinaA mensagem já começa trazendo um erro básico: não é responsabilidade do Banco Central estabelecer preço de gasolina ou de energia elétrica.Por meio de nota enviada ao UOL, o banco afirma que ""não é responsável pela fixação de preços da economia e tampouco anuncia reajustes de preços administrados, como combustíveis ou energia elétrica"".A definição do preço do combustível cabe à Petrobras, que não divulgou nenhum aumento próximo a 14% em 2018 e negou as informações da corrente.Por meio de uma nota, a empresa estatal confirmou que é ela quem ""define a política de reajuste dos preços do diesel e da gasolina comercializados em suas refinarias"" e que estes valores podem ser conferidos em seu site oficial.Durante a semana passada, entre os dias 1º e 5 de maio, houve alterações insignificantes entre os preços médios de diesel e gasolina enviados às distribuidoras.Sem tributos, foi registrado aumento de menos de 1% nos dois combustíveis.A Petrobras adaptou este novo modelo de precificação em julho do ano passado. Desde então, a área técnica de marketing e comercialização da empresa começou a realizar ajustes sempre que considera necessário, dentro de uma faixa determinada, de redução de 7% a alta de 7%. Antes, a orientação era de reajuste ao menos uma vez por mês.Como justificativa, a empresa argumenta que os combustíveis derivados de petróleo ""são commodities e têm seus preços atrelados aos mercados internacionais, cujas cotações variam diariamente, para cima e para baixo"".De julho de 2017 a março de 2018, o preço da gasolina nas refinarias acumulou alta de 24,93% e, o do diesel, de 24,79%.Custo da energia sobe em maio, mas nem tantoA conta de luz terá um aumento em maio em relação a abril, conforme já anunciado pela Aneel (Agência Nacional de Energia Elétrica) no final do mês passado. O valor ainda não foi anunciado, mas, segundo a agência, não chega próximo a 37%.A agência instituiu a cobrança de taxa extra, a chamada bandeira tarifária amarela, de nível intermediário, que traz o acréscimo de R$ 1 a cada 100 kilowatts-hora consumidos. O anúncio acabou com uma sequência de quatro meses de bandeira tarifária verde neste ano, que não gera custos adicionais.Em dezembro, vigorou a bandeira vermelha 1 (ou rosa), com taxa de R$ 3 a cada 100 kWh.Para definir a bandeira, a agência avalia a previsão do custo da termelétrica mais cara acionada para atender à demanda e o nível de produção das hidrelétricas. "	1
52	Capas falsas mostram supostas declarações sobre fraudes nas eleições a favor do Partido dos Trabalhadores.	"""É #FAKE que revistas publicaram capas com declarações de diretor da OEA sobre fraudes nas urnas""As três capas falsas mostram supostas declarações sobre fraudes nas eleições a favor do Partido dos Trabalhadores Imagens que circulam nas redes sociais mostram três supostas capas das revistas ""Época"",""Veja"" e ""Exame"" com declarações atribuídas ao diretor do Departamento para a Cooperação e Observação Eleitoral da Organização dos Estados Americanos (OEA), Gerardo de Icaza, em que ele assume fraudes nas urnas eletrônicas nas eleições deste ano. As capas, no entanto, são #FAKE.Na versão falsa de capa da revista ""Época"", a manchete diz: ""E agora PT? Gerardo de Icaza abre a boca e assume fraudes nas urnas em favor do PT"". De acordo com as imagens, a falsa capa foi publicada na edição 937, no dia 25 de setembro deste ano, em uma terça-feira. A semanal, no entanto, é publicada às sextas-feiras com a edição do jornal ""O Globo"", e a edição mencionada é do dia 30 de março de 2016. Além disso, a capa fake usa o projeto gráfico antigo da publicação, alterado em março deste ano.Já a versão fake de capa produzida para a revista ""Veja"", publicação da ""Editora Abril"", traz a mensagem: ""Bomba! Gerardo de Icaza, diretor da OEA, admitiu negociação para fraudar urna eletrônica e colaborar com o PT"". Há ainda uma chamada com o texto: ""Fernando Haddad diz ter sido enganado e convoca reunião urgente com líderes do partido"". Segundo a imagem que circula nas redes, a edição 2.600 da revista foi publicada também nesta terça-feira (25), o que, na verdade, não aconteceu.Assim como ""Época"", ""Veja"" não é publicada às terças-feiras. A edição 2.600 da semanal da Editora Abril foi distribuída no dia 21 de setembro com a manchete: ""Quem vai com ele. Qual candidato tem mais chance de disputar o segundo turno com Bolsonaro - e por quê"".A falsidade das capas de ""Veja"" e ""Exame"" também foi confirmada pela assessoria da ""Editora Abril"". "	1
53	ulul	"""De fraude nas urnas a confisco de poupança: veja as \""fake news\"" do 1º turno  ""ulul"	1
54	É falso que Bolsonaro tenha decretado o fim do exame da OABExigência do exame é garantida por lei, e não pode ser alterada por decreto	" #Verificamos: É falso que Bolsonaro tenha decretado o fim da obrigatoriedade do exame da OABExigência do exame é garantida por lei, e não pode ser alterada por decretoCircula nas redes sociais a notícia de que o presidente Jair Bolsonaro teria decretado o fim do exame da Ordem de Advogados do Brasil (OAB). A aprovação neste exame, atualmente, é condição obrigatória para o exercício da advocacia no país. Por meio do projeto de verificação de notícias, usuários do Facebook solicitaram que esse material fosse analisado. Confira a seguir o trabalho de verificação da Lupa:""Presidente Jair Bolsonaro assina decreto que acaba com a obrigatoriedade de bacharel em direito prestar exame [d]a OAB""Conteúdo publicado pelos sites SJNotíciasMA e A Voz das Cidades, com mais de 200 compartilhamentos no Facebook segundo a ferramenta BuzzsumoFALSOÉ falso que o presidente tenha decretado o fim do exame da OAB. Atualmente, a lei 8.906/1994 inclui a aprovação no exame da OAB como pré-condição para o exercício da advocacia. Pela legislação brasileira, decretos presidenciais, considerados atos infralegais, não podem contrariar a lei. O conteúdo analisado pela Lupa cita o decreto 9.745/2019 como fonte da ""informação"". Na realidade, este decreto apenas estabelece a ""regulação profissional"" entre as 37 áreas de competência do Ministério da Economia, ou seja, não acaba com a obrigatoriedade do exame. Em nota oficial, a OAB reiterou que a informação é falsa:""É falsa a informação de que o governo editou um decreto que acaba com a obrigatoriedade da inscrição nos quadros da OAB para o exercício da advocacia, bem como a necessidade de realização do Exame de Ordem para tal registro. Trata-se de fake news o texto que circula pelas redes sociais apontando o decreto 9.745, de 8 de abril de 2019, como instrumento disso. O referido decreto trata apenas e tão somente da aprovação da estrutura regimental e do quadro demonstrativo dos cargos em comissão e das funções de confiança do Ministério da Economia e sequer cita a OAB, o Exame de Ordem ou qualquer outro conselho profissional apontado no texto mentiroso.""Checagens semelhantes foram publicadas pelos sites Estadão Verifica e Aos Fatos. Nota: esta reportagem faz parte do projeto de verificação de notícias no Facebook. Dúvidas sobre o projeto? Entre em contato direto com o Facebook.Editado por: Chico Marés"	1
55	Não é verdade que urna no Pará anulou voto para Jair Bolsonaro.	"Não é verdade que urna no Pará anulou voto para Jair BolsonaroNão é verdade que urna no Pará anulou voto para Jair BolsonaroTwitterFacebookE-mailWhatsAppNão é verdade que urna no Pará anulou voto para Jair BolsonaroPor Judite Cypreste 28 de outubro de 2018, 15h30TwitterFacebookEmailWhatsAppNão procede a acusação de fraude feita em vídeo por um eleitor de Belém do Pará que, ao digitar 17 na urna para governador, foi informado que voto era nulo. Isso ocorreu porque, naquele Estado, não há candidatos do PSL, partido de Jair Bolsonaro, concorrendo a esse cargo no segundo turno. São as próprias imagens que desmentem o eleitor: a tela da urna mostrada registrava voto para o governo estadual e não para a Presidência da República, como ele alega no vídeo.Além de negar a possibilidade de fraude, o TRE-PA (Tribunal Regional Eleitoral do Pará) informou neste domingo (28) que foi feita uma tentativa para impedir a filmagem por parte da supervisora da mesa de votação, que foi empurrada pelo eleitor. A polícia foi chamada e a Justiça já determinou a busca e a autuação do homem o que, até momento, não ocorreu.No Facebook, o vídeo já soma mais de 7,8 mil compartilhamentos até esta tarde. Em apenas um dos compartilhamentos, o conteúdo já foi visualizado cerca de 30 mil vezes. O conteúdo foi denunciado por usuários do Facebook e classificadas com o selo FALSO na ferramenta de verificação da rede social (entenda como funciona). A checagem do vídeo também foi sugerida por leitores do Aos Fatos por meio de sua ferramenta de checagem por WhatsApp. Para sugerir uma verificação, envie uma mensagem para (21) 99956-5882.As informações foram verificadas por Aos Fatos e pela Agência Lupa. Confira abaixo em detalhes.FALSOOlha gente, eu apertei 17, e tá aparecendo nulo olha aqui. Sou eleitor do Bolsonaro. Urna adulterada, pode chamar a polícia pra me prenderNão é verdade que urna eletrônica no Pará registrou voto nulo de um eleitor que digitou 17, número da chapa presidencial de Jair Bolsonaro (PSL). No próprio vídeo divulgado pelo homem, que se identifica como Paulo Roberto Duarte Pereira, é possível ver claramente que a tela da urna mostrava o voto para governador. No Pará, o PSL não tem candidatos neste segundo turno, que é travado entre Helder Barbalho, do MDB, e Márcio Miranda, do DEM. Portanto, é correto que a urna indique opção pelo voto nulo nesse caso.O caso ocorreu na Escola Manoel Leite Carneiro, no bairro do Tenoné em Belém, capital paraense. O TRE afirmou, em nota, que foi feita uma tentativa para impedir a filmagem por parte da supervisora da mesa de votação, que teria sido empurrada pelo eleitor. A polícia foi chamada, mas não pode prender o eleitor, que se identificou como policial militar da reserva. Uma juíza determinou a busca e a autuação do homem o que, até momento, não ocorreu.Neste segundo turno de eleições, a votação é apenas para dois cargos: o de governador, para as unidades federativas que tiveram segundo turno, e o de presidente da República, que está sendo disputada por Jair Bolsonaro (PSL) e Fernando Haddad (PT). A ordem de votação na urna eletrônica é respectivamente esta: governador e presidente. O PSL de Bolsonaro disputa o segundo turno nos estados de Roraima, Rondônia e Santa Catarina, segundo levantamento realizado no site dos resultados das eleições do TSE.No primeiro turno, vídeos parecidos, com eleitores apertando números inexistentes para determinados cargos eleitorais, também foram veiculados nas redes. Em nota, o TSE (Tribunal Superior Eleitoral) afirmou que houve engano por parte dos eleitores quanto à ordem de votação, e por isso a mensagem de voto nulo aparecia na urna após a digitação do número.O órgão lembra também que filmar o voto é proibido pela resolução 23.399/13 que veta ao eleitor o porte de ""aparelho de telefonia celular, máquinas fotográficas, filmadoras, equipamento de radiocomunicação, ou qualquer instrumento que possa comprometer o sigilo do voto"" na cabine de votação. Quem desrespeita essa regra pode ser enquadrado no artigo 347, do Código Eleitoral, por desobedecer ordens da Justiça Eleitoral, estando sujeito à multa e à detenção por três meses a um ano, e no artigo 312, por violar o sigilo do voto, sujeito à detenção por até dois anos.Neste sábado e domingo, a equipe do Aos Fatos se uniu a outras cinco agências de checagens de notícias no Brasil para verificar as mensagens de conteúdo suspeito neste segundo turno de eleições. A parceria reúne Fato ou Fake, Agência Lupa, Projeto Comprova, Boatos.org e E-Farsas.TwitterFacebookEmailWhatsAppLeia tambémCinco fatos sobre migraçãoNão é verdade que Moro afastou promotor do caso Queiroz e delegado que investiga morte de MarielleHomem em foto com Flávio Bolsonaro é assessor do senador, não acusado de matar Marielle]"	1
56	É #FAKE que CNH é cancelada automaticamente se motorista tiver dívidas	"""É #FAKE que CNH é cancelada automaticamente se motorista tiver dívidas""Informação que circula nas redes sociais é falsa. STJ acredita que decisão aplicada a um único condutor tenha sido estopim para boato. Circula nas redes sociais a informação de que motoristas que devem IPVA (Imposto sobre a Propriedade de Veículos Automotores) ou que têm nome sujo no SPC (Serviço de Proteção ao Crédito) têm a Carteira Nacional de Habilitação (CNH) cancelada automaticamente. Isso não é verdade.A falsa informação está em milhares de mensagens no WhatsApp, que termina com o link para um blog especializado em boatos virais publicados para atrair audiência. O blog não informa quem são os responsáveis pela publicação. O post do blog, por sua vez, remete a um abaixo-assinado no Avaaz que já foi retirado do ar.Isso porque o STJ entrou em contato com os responsáveis, que retiraram a petição no dia 20 de junho. A plataforma enviou mensagem para todos os internautas que haviam assinado a falsa petição, esclarecendo os verdadeiros fatos.Segundo a assessoria do STJ, não existe uma decisão no sentido de cancelar a CNH de devedores de forma automática. O órgão acredita que a falsa notícia tenha sido criada a partir de um julgamento do STJ que admitiu a suspensão da CNH de um devedor.Na decisão, o ministro Luis Felipe Salomão entendeu que a jurisprudência do STJ já se posicionou no sentido de que a suspensão da CNH não fere o direito de ir e vir. Especialistas ouvidos pelo G1 explicam, no entanto, que o cancelamento não é automático e depende de análise caso a caso.O STJ reforça isso e esclarece que não existe o mecanismo de repercussão geral para o STJ. Trata-se apenas de um precedente e a decisão aplica-se somente à parte do processo.""A suspensão da CNH, bem como a do passaporte, é uma inovação dos juízes, que passaram a aplicar o dispositivo do artigo 139 do Código de Processo Civil de 2015, o qual permite ao juiz aplicar todas as medidas que assegurem o cumprimento de ordem judicial. Com base no dispositivo, credores passaram a requerer a suspensão de CNHs e passaportes"", informa o órgão. O que não significa, no entanto, que isso aconteça de forma automática ou mesmo que todo juiz aplique tal dispositivo.Um áudio compartilhado em aplicativos de mensagens também afirma que a CNH eletrônica (CNH-e), ou CNH digital, some automaticamente quando o condutor atinge 20 pontos. Isso também não é verdade.O Ministério das Cidades diz que a CNH eletrônica e a versão impressa do documento adotam o mesmo procedimento administrativo e permitem ""ampla defesa do condutor antes de haver a suspensão do direito"". "	1
57	É falsa a declaração atribuída ao estilista Ricardo Almeida sobre o ex-presidente Luiz Inácio Lula da Silva (PT) em uma montagem que circula nas redes sociais.	"Estilista Ricardo Almeida não disse que Lula tem alma de burguêsEstilista Ricardo Almeida não disse que Lula tem alma de burguêsTwitterFacebookE-mailWhatsAppEstilista Ricardo Almeida não disse que Lula tem alma de burguêsPor Judite Cypreste 16 de novembro de 2018, 14h45TwitterFacebookEmailWhatsAppÉ falsa a declaração atribuída ao estilista Ricardo Almeida sobre o ex-presidente Luiz Inácio Lula da Silva (PT) em uma montagem que circula nas redes sociais. De acordo com a peça, Almeida, que já teve o petista entre seus clientes, disse que os ternos do político teriam sido os mais caros que produziu e que seria ele um homem com ""alma de burguês"". A frase, no entanto, nunca foi dita pelo estilista que, inclusive, já negou a autoria em sua página no Facebook.A peça de desinformação começou a circular pelo WhatsApp no início deste ano e agora ganhou nova tração em post no Facebook. A publicação com a imagem do estilista foi publicada no domingo (11) e já contabilizava até a tarde desta sexta-feira (16) mais de 4.000 compartilhamentos. Este conteúdo foi denunciado por usuários da rede social e marcado por Aos Fatos com o selo FALSO na ferramenta de verificação do Facebook (entenda como funciona).Confira abaixo, em detalhes, o que checamos:FALSOO Lula foi o presidente da República que mais ostentou. Seus ternos eram os mais caros que já fiz para um presidente. Adorava ternos confeccionados em seda palha com botões de ouro 24 quilates cobertos com prata para disfarçar. Sempre achei que ele tinha uma alma de burguês, adora o luxo e a riqueza, o resto é populismo para enganar os eleitores inocentes. Ele é bom nisso.Em 28 de março deste ano, quando a imagem com a frase falsa passou a circular nas redes sociais, o estilista Ricardo Almeida publicou uma nota em sua página no Facebook desmentindo a autoria da declaração e dizendo que ""jamais falou sobre predileções ou gastos do seu então cliente no ano de 2002"".A nota afirma ainda que o estilista ""sempre foi ético e profissional"" e que sempre manteve a ""privacidade e o respeito para com todos que consomem a sua marca ou solicita o seu atendimento"". Por fim, Ricardo Almeida informou que ""tanto ele quanto a sua marca não manifestam opiniões e posicionamentos políticos em discursos e campanhas institucionais"". Em 2002, o estilista foi contratado para melhorar a imagem de Lula em sua terceira disputa pela Presidência da República, da qual saiu vitorioso. Em uma entrevista a Rádio Jovem Pan, o estilista disse que foi chamado pelo então marqueteiro de campanha de Lula, Duda Mendonça, para deixar o petista mais apresentável, fator que, para Almeida, teria sido determinante para a derrota nas urnas nas eleições de 1989: ""Por incrível que pareça, as mulheres não votavam nele (Lula) por causa da aparência. Tanto que ele cuidou um pouco mais do visual para parecer mais bonito. O Collor teve muito sucesso por conta de seu visual"".A assessoria de imprensa de Ricardo Almeida, em resposta a Aos Fatos, reiterou por email que ""a declaração em questão, ela não é verdadeira"". Na nota, a assessoria afirmou que ""Ricardo Almeida nunca se posiciona diante do atendimento aos seus clientes, independentemente de crenças políticas ou qualquer outra causa"".Esta matéria foi alterada às 13h17, do dia 19 de novembro de 2018, para incluir a nota enviada pela asssessoria de imprensa do estilista Ricardo Almeida a Aos Fatos.TwitterFacebookEmailWhatsAppLeia tambémCinco fatos sobre migraçãoNão é verdade que Moro afastou promotor do caso Queiroz e delegado que investiga morte de MarielleHomem em foto com Flávio Bolsonaro é assessor do senador, não acusado de matar Marielle]"	1
58	"Fernando Haddad disse que ""vai fazer do Lula presidente""."	"""É #FAKE que Haddad disse logo após o 1° turno que vai fazer Lula ser presidente do Brasil ""Mensagem que circula nas redes sociais diz que vídeo com declaração de Haddad foi gravado após primeiro turno das eleições presidenciais. O texto é falso. Vídeo original foi gravado no dia 6 de agosto, quando Lula, na época, ainda era o candidato da coligação O Povo Feliz de Novo. Circula nas redes sociais um vídeo em que o candidato à Presidência Fernando Haddad (PT) diz que ""vai fazer do Lula presidente e subir a rampa com ele dia 1° de janeiro"". Quem o compartilha dá a entender que ele foi feito na segunda (8), um dia após o 1º turno da eleição. O vídeo é verdadeiro, porém, está fora de contexto porque não foi gravado agora, e sim quando Lula era candidato a presidente. A mensagem, portanto, é #FAKE.No Twitter, um trecho menor do vídeo circula com a legenda: ""Olha o que o Haddad falou hoje ao sair da PF de Curitiba! Promessa de campanha: o Lula subir a rampa com ele em 01.01.19! Isso é uma afronta aos brasileiros de bem"".No trecho do vídeo encurtado, Haddad diz: ""Campanha, fazer do Lula nosso presidente, subir a rampa com ele no dia 1° de janeiro. Fazer o país resgatar sua dignidade, sua esperança, seus sonhos há tão pouco abandonados e que vão ser resgatados por essa grande liderança que é o presidente Lula. A gente está muito feliz de estar reunido em torno dele, todos os progressistas do país querendo que ele volte a nos governar a todos, a nos liderar a todos. Se Deus quiser a justiça vai ser feita e ele vai estar entre nós. Um abraço pra vocês"".O vídeo é uma cópia parcial do vídeo mais longo que foi gravado originalmente em 6 de agosto de 2018 e publicado no perfil de Lula no Facebook. No vídeo original, Haddad diz:""Acabamos de montar as coligações em torno da candidatura do Lula. Já temos Pros e PCdoB conosco, PCO apoiando e chapa montada, vai a registro amanhã. Aí nós vamos dia 15 levar para o TSE e eu tenho certeza de que o povo brasileiro está cada vez mais engajado nesta campanha, fazer do Lula nosso presidente, subir a rampa com ele no dia 1° de janeiro. Fazer o pais resgatar sua dignidade, sua esperança, seus sonhos há tão pouco abandonados e que vão ser resgatados por essa grande liderança que é o presidente Lula. A gente está muito feliz de estar reunido em torno dele, todos os progressistas do país querendo que ele volte a nos governar a todos, a nos liderar a todos. Se Deus quiser a justiça vai ser feita e ele vai estar entre nós. Um abraço pra vocês.""Na mesma data, o PT anunciou Haddad como vice de Lula e a coligação com o PCdoB e Pros. Em setembro, porém, o PT anunciou a candidatura de Haddad à Presidência no lugar de Lula, que teve o registro de candidatura rejeitado pelo Tribunal Superior Eleitoral (TSE).O anúncio foi feito em Curitiba, onde Lula está preso desde 7 de abril, cumprindo pena de 12 anos e 1 mês de prisão por corrupção passiva e lavagem de dinheiro no caso da Lava Jato envolvendo o triplex no Guarujá (SP). "	1
59	Uma foto antiga de prédio pichado circula nas redes sociais como se mostrasse a sede da Universidade de São Paulo (USP).	Foto antiga de prédio pichado circula nas redes como se mostrasse a USPFoto antiga de prédio pichado circula nas redes como se mostrasse a USPTwitterFacebookE-mailWhatsAppFoto antiga de prédio pichado circula nas redes como se mostrasse a USPPor Luiz Fernando Menezes 13 de fevereiro de 2019, 14h03TwitterFacebookEmailWhatsAppUma foto de 2010 que mostra a fachada repleta de pichações de um edifício abandonado em Pinheiros, na zona oeste de São Paulo, tem sido compartilhada nas redes sociais como se retratasse um prédio da USP (Universidade de São Paulo), o que não é verdade.No Facebook, a imagem foi associada enganosamente à instituição de ensino em publicação da página Politizando, que já acumulava mais de 1.500 compartilhamentos até o início da tarde desta quarta-feira (13). Procurados por Aos Fatos, os responsáveis pela página não se manifestaram.Essa e outras publicações com o mesmo conteúdo enganoso - que, juntas, somam mais de 8 mil compartilhamentos - foram marcadas com o selo FALSO na ferramenta de verificação do Facebook (entenda como funciona).FALSOÉ uma favela? NÃO, é a USP (Universidade de São Paulo), onde estava aquartelada a esquerda democrática que insistia em consertar o país. Se não respeitam o patrimônio PÚBLICO, como irão consertar o Brasil?Nada tem a ver com a USP. O prédio que aparece na foto é o Edifício Elisa, que fica no número 2.621 da Rua Teodoro Sampaio, em Pinheiros, na zona oeste da capital paulista. A foto foi tirada em 2010 por Douglas Nascimento, do site São Paulo Antiga.Hoje, aliás, a situação do edifício é outra. Em junho de 2017, registro mais recente do Google Maps, o prédio havia sido reformado e estava pintado de branco, sem pichações. Compare abaixo:Procurada por Aos Fatos, a página Politizando, que publicou o post enganoso no Facebook, não respondeu até a publicação desta checagem.TwitterFacebookEmailWhatsAppLeia tambémCinco fatos sobre migraçãoNão é verdade que Moro afastou promotor do caso Queiroz e delegado que investiga morte de MarielleHomem em foto com Flávio Bolsonaro é assessor do senador, não acusado de matar Marielle]	1
60	É mentira que Haddad estuprou uma menina de 11 anos	"É mentira que Haddad estuprou uma menina de 11 anosÉ mentira que Haddad estuprou uma menina de 11 anosTwitterFacebookE-mailWhatsAppÉ mentira que Haddad estuprou uma menina de 11 anosPor Tai Nalon 27 de outubro de 2018, 22h55TwitterFacebookEmailWhatsAppSão FALSAS as informações que constam de uma imagem de procedência desconhecida que circula no WhatsApp desde o início da noite deste sábado (27) e que afirma que o candidato à Presidência Fernando Haddad (PT) é acusado de estuprar uma menina de 11 anos de idade. Além de não haver qualquer investigação, processo ou denúncia contra o candidato nesse sentido, o conteúdo aponta como fonte reportagens do UOL e do Jornal Nacional que jamais existiram.A peça de desinformação coloca a foto do candidato ao lado do registro fotográfico de uma criança cujo nome, diferentemente do que é informado na imagem, é Esther Marcos. Trata-se de uma atriz e cantora gospel que hoje tem 16 anos.A checagem da imagem foi sugerida por leitores do Aos Fatos por meio de sua ferramenta de checagem por WhatsApp. Para sugerir uma verificação, envie uma mensagem para (21) 99956-5882.FALSOACUSADO DE ESTUPRO. O candidato a presidente Fernando Haddad está sendo acusado de estuprar a pequena Vitória de 11 anos, desde ontem ele vem perdendo o apoio de várias pessoas. Fonte: UOL Notícias e Jornal NacionalNão é verdade que Haddad é acusado de estuprar ""a pequena Vitória de 11 anos"" ou qualquer outra criança. A informação consta de uma imagem apócrifa que circula em grupos no WhatsApp na noite deste sábado (27), véspera do segundo turno das eleições presidenciais. Não há qualquer investigação, processo ou denúncia contra o candidato nesse sentido.Para concorrer à Presidência, qualquer candidato tem de apresentar à Justiça Eleitoral uma série de documentos que demonstrem idoneidade pública. As certidões servem como prova de que nada consta contra o candidato. No caso de Haddad, este e este documento do Tribunal de Justiça do Estado de São Paulo; este documento da Justiça Federal de Primeiro Grau de São Paulo; este documento do Tribunal Regional Federal da 3ª Região; e este documento do Tribunal Superior Eleitoral demonstram que não há pendências do candidato com a Justiça - muito menos que Haddad responde a qualquer acusação de estupro de menor.A imagem com conteúdo falso também aponta como fonte reportagens do UOL e do Jornal Nacional, da TV Globo, que jamais existiram. Não existe qualquer registro jornalístico, desses veículos ou de qualquer outro veículo de imprensa brasileiro, que aponte para essa acusação.A montagem também traz a foto de uma criança com nome falso. Ao usar a busca reversa de imagens do Google, Aos Fatos encontrou a foto original, que é, na verdade, da atriz e cantora gospel Esther Marcos. Ela ficou conhecida por estrear a novela infantil do SBT Carrossel. É possível ver a mesma fotografia de Esther Marcos no site Aniversário dos Famosos, junto com outros cliques da artista.O registro original traz ainda uma marca dágua que atribui a autoria do registro à fotógrafa Thalita Tavares, cujo site é www.thalitatavares.com e está fora do ar.A assessoria de imprensa de Fernando Haddad desmentiu a acusação e disse tratar-se de crime espalhar tal desinformação. ""Uma mentira suja, triste, sórdida, baixa, absurda. Uma mentira grave, em suma"", diz nota publicada no site oficial do ex-presidente Luiz Inácio Lula da Silva.Já a assessoria de imprensa da atriz afirmou que tomará medidas legais. ""A AG Comunicação Integrada, assessoria de imprensa da cantora e atriz Esther Marcos, informa que a foto foi utilizada indevidamente e de forma errônea. Todas as medidas legais serão tomadas pelos pais da artista.""* Essa checagem foi atualizada às 10h10 de 28 de outubro de 2018 para incluir o posicionamento da assessoria de imprensa de Esther Marcos.TwitterFacebookEmailWhatsAppLeia tambémCinco fatos sobre migraçãoNão é verdade que Moro afastou promotor do caso Queiroz e delegado que investiga morte de MarielleHomem em foto com Flávio Bolsonaro é assessor do senador, não acusado de matar Marielle]"	1
61	Viúva de Che Guevara não recebe pensão do Brasil; boato de 2014 ressurge nas redes.	"Viúva de Che Guevara não recebe pensão do Brasil; boato de 2014 ressurge nas redesViúva de Che Guevara não recebe pensão do Brasil; boato de 2014 ressurge nas redesTwitterFacebookE-mailWhatsAppViúva de Che Guevara não recebe pensão do Brasil; boato de 2014 ressurge nas redesPor Luiz Fernando Menezes 15 de fevereiro de 2019, 16h16TwitterFacebookEmailWhatsAppÉ falsa a informação de que a viúva de Ernesto Che Guevara, Aleida March, recebia do governo brasileiro, nas gestões do PT, uma pensão pela morte do marido, um dos líderes da revolução cubana. O boato nasceu em 2014 em publicação de um site de humor e ressurgiu nas redes sociais nesta semana na esteira da divulgação de detalhes da reforma da Previdência preparada pelo governo Bolsonaro.Compartilhado em duas versões (aqui e aqui), o conteúdo enganoso já passava dos 10 mil compartilhamentos no Facebook nesta sexta-feira (15). Todas as publicações que trazem essa desinformação foram marcadas com o selo FALSO na ferramenta de verificação da rede social (entenda como funciona).FALSOQue bonito hein, PT??? Quando foi que essa senhora [Aleida March] trabalhou no Brasil??? A profissão dela era ser amiguinha do Lula???Com a discussão em torno da reforma da Previdência, voltou a circular na internet um boato de 2014 que diz que o governo brasileiro, sob o PT, pagava à Aleida March, viúva do guerrilheiro cubano Ernesto ""Che"" Guevara, uma aposentadoria de R$ 9.800.A notícia falsa nasceu no A Conversa, que, segundo sua descrição, era ""um site de humor com notícias falsas, portanto nada postado aqui serve de fonte para outros veículos de comunicação sérios"". Hoje o site foi desativado, mas é possível ver alguns trechos de suas publicações no Internet Archive. No mesmo ano da história sobre Aleida, por exemplo, o A Conversa publicou também textos intitulados ""Planalto diz que Dilma precisa de 4 anos para responder perguntas do Jornal Nacional"" e ""Candidato diz que se ganhar vai transferir metade da verba pública para sua conta no exterior"".A imagem utilizada pela publicação também não retrata a viúva de Che Guevara, mas a filha do casal, Aleida Guevara. Compare abaixo as fotos de Aleida March (à direita) e a de Aleida Guevara (à esquerda, a usada na notícia falsa):Além disso, Aos Fatos não encontrou evidências de que o governo ou o próprio Lula tenha pago uma aposentadoria para a viúva de Che Guevara ou que ela receba qualquer benefício pela Previdência brasileira.A pensão por morte só é paga a dependentes (cônjuges, companheiros, pais ou filhos, enteados e irmãos menores de 21 anos ou inválidos) cujo parente falecido fosse, comprovadamente, segurado do INSS na data do óbito, o que não era o caso de Che Guevara, morto na Bolívia em 1967.Os sites Boatos.org, e-Farsas e Estadão Verifica já checaram o mesmo boato em outras ocasiões.TwitterFacebookEmailWhatsAppLeia tambémCinco fatos sobre migraçãoNão é verdade que Moro afastou promotor do caso Queiroz e delegado que investiga morte de MarielleHomem em foto com Flávio Bolsonaro é assessor do senador, não acusado de matar Marielle]"	1
62	O PT quebrou o Brasil, nós estamos concertando	" #Verificamos: É falsa imagem de deputados segurando faixa com erro de portuguêsFoto original foi tirada em 2016 e mostra que não há erros no texto do cartazCircula pelas redes sociais uma imagem que mostra deputados segurando um cartaz que diz ""O PT quebrou o Brasil, nós estamos concertando"" - com erro no verbo consertar. Por meio do projeto de verificação de notícias, usuários do Facebook solicitaram que esse material fosse analisado. Confira a seguir o trabalho de verificação da Lupa:""O PT quebrou o Brasil, nós estamos concertando (sic)""Publicação do Facebook que até as 14h do dia 1° de fevereiro de 2019 já tinha sido compartilhado mais de 100 vezesFALSOA imagem verificada pela Lupa é falsa. A faixa apareceu na Câmara durante a votação da PEC 241, a PEC do Teto dos Gastos, aprovada em 2016. A fotografia foi publicada em uma reportagem do jornal Estadão de outubro daquele ano e mostra deputados federais segurando uma faixa com o texto ""O PT quebrou o Brasil. Nós estamos consertando"", sem o erro no verbo consertar.A PEC 241 estabeleceu um teto para os gastos públicos do governo e foi transformada na Emenda Constitucional 95/2016. Em 2016, o site Boatos.org verificou essa informação. Nota: esta reportagem faz parte do projeto de verificação de notícias no Facebook. Dúvidas sobre o projeto? Entre em contato direto com o Facebook.Editado por: Natália Leal"	1
63	É #FAKE que vídeo mostra Haddad bêbado e chorando após vitória de Bolsonaro	"""É #FAKE que vídeo mostra Haddad bêbado e chorando após vitória de Bolsonaro""Texto que acompanha vídeo diz que o petista gravou depoimento bêbado e emocionado depois da derrota para Jair Bolsonaro no 2° turno. Gravação é antiga e foi tirada de contexto. Um vídeo antigo em que o candidato a presidente Fernando Haddad (PT), derrotado neste domingo (28), se emociona e chora voltou a circular na internet. O texto que acompanha o vídeo diz que a gravação mostra o petista bêbado e chorando após a vitória de seu adversário, Jair Bolsonaro (PSL). O vídeo é de setembro deste ano e foi tirado de contexto. Portanto, a mensagem é #FAKE.No vídeo original, de fato, Fernando Haddad se emociona e chora. Bolsonaro não é mencionado, porém, em nenhum momento da gravação. Na ocasião, Haddad lembra um dos últimos encontros que teve com o ex-presidente Lula. O petista conta no depoimento que Lula demonstrou preocupação com ele e com a filha dele, que tinha começado a estudar na universidade.Em alguns dos vídeos viralizados, há também trechos em que o ex-presidente Lula aparece emocionado. Essas imagens também não são recentes.O vídeo editado tem duração de 1 minuto e foi publicado em pelo menos 20 canais do YouTube nas últimas horas. Os títulos usados são ""Haddad e Lula bêbados choram após derrota"", ""HADDAD chora na cadeia com LULA ao perder de lavada para BOLSONARO"", entre outros. Um dos vídeos teve mais de 450 mil visualizações.Assista abaixo ao vídeo publicado pelo PT nas redes sociais em 22 de setembro deste ano:Leia abaixo a transcrição completa de tudo que Haddad diz no vídeo:""Você sabe que tem uma coisa muito difícil de lembrar que foi quando a minha filha foi no Sindicato dos Metalúrgicos do ABC, num clima quase de despedida, né, porque já estava decretada a prisão do Lula, e os meus filhos foram lá e a minha filha tinha recém-entrado na universidade. O Lula estava muito orgulhoso de ela ter entrado na Escola Politécnica, perguntou dela e tal. E, quando ele viu a Carol, ele perguntou: como é que você está na faculdade? Depois que ele se despediu da minha filha, a minha filha me abraçava e chorava como uma criança, me perguntando: ""Como é que ele pode estar preocupado comigo numa situação como essa? A gente vem aqui dar, prestar solidariedade e ele é quem acolhe. Ah, cara, é uma barbaridade. Eu não gosto de falar. Tá tudo errado, cara. Muito errado. É muito grave o que está acontecendo. É um erro histórico. Não é só um erro quanto à pessoa, sabe? É um erro histórico contra o país. Vai sair muito caro isso que está acontecendo."" "	1
64	Marina Silva erra dados de emprego e financiamiento de campanha	"Marina Silva erra dados de emprego e financiamento de campanhaMarina Silva erra dados de emprego e financiamento de campanhaTwitterFacebookE-mail<a href=""#"" data-text=*Marina Silva erra dados de emprego e financiamento de campanha*https://aosfatos.org/noticias/marina-silva-erra-dados-de-emprego-e-financiamento-de-campanha/A pré-candidata da Rede à Presidência da República, Marina Silva, errou ao citar dados sobre desemprego e Previdência Social, além de subestimar o repasse de fundos eleitorais aos seus adversários, durante entrevista ao Band Eleições, na última segunda-feira (21). Em parceria com o UOL, Aos Fatos checou algumas das declarações da ex-senadora e ex-ministra do Meio Ambiente.FALSO_""12 milhões que já desistiram de procurar emprego.""_O número de pessoas que desistiram de procurar emprego é bem inferior ao mencionado por Marina Silva. De acordo com os dados mais recentes da Pnad Contínua, os chamados desalentados (pessoas que desistem de procurar emprego) eram 4,6 milhões no primeiro trimestre de 2018 - número que representa incremento de 511 mil pessoas se comparado ao mesmo período de 2017.Pela metodologia da Pnad Contínua, a pessoa é considerada desalentada quando acredita que não tem oportunidades profissionais e deixa de procurar emprego. Dessa forma, a pessoa é excluída da estatística de desocupação, pois só é considerado desempregado quem está procurando emprego.Outro lado. A assessoria de imprensa da pré-candidata informou, em nota, que Marina afirma, imediatamente em seguida à declaração checada, que há ""25 milhões de pessoas vivendo na penúria"". Segundo a assessoria, ela referia-se à soma total dos 13,7 milhões de desemprega"	1
65	É #FAKE que doença do beijo não tem cura e é provocada por bactéria que come carne humana	"É #FAKE que doença do beijo não tem cura e é provocada por bactéria que come carne humanaMensagem que circula em redes sociais dissemina conteúdo falso sobre doença comum no carnaval. Especialistas veem exagero e alarmismo às vésperas do carnaval. Circula pelas redes sociais uma mensagem que diz que a doença do beijo, comum no carnaval, não tem cura e é provocada por uma bactéria que come carne humana. A mensagem é #FAKE.A doença do beijo não é provocada por bactéria, mas por um vírus. E, portanto, não há tal bactéria comedora de carne. É o que dizem a mestre e doutora em microbiologia Rosana Siqueira, professora de Microbiologia da Unimetrocamp Wyden nos cursos da área da Saúde, e a infectologista Vânia Noronha, doutora em Medicina Tropical pela FioCruz e professora da Universidade do Estado do Pará.Rosana Siqueira explica que a doença do beijo é, de fato, infecciosa, mas tem cura. Além disso, não come a carne da boca, como diz a mensagem falsa. Pode, sim, causar vermelhidão, febre e manchas na garganta, mas regride com o tratamento.Vânia Noronha explica que as bactérias conhecidas como ""comedoras de carne"" geralmente têm sua porta de entrada por meio de ferimentos na pele. Elas podem ser tratadas, mas também podem levar à morte. Não são conhecidas como ""doença do beijo"".A mononucleose infecciosa é causada por um vírus da família Herpesviridae.Segundo Vânia Noronha, todos os vírus pertencentes a essa família têm como característica permanecerem em estado de latência (""adormecidos"") em células do corpo humano após a cura do quadro.""A grande maioria dos casos evolui bem e em algumas semanas o paciente já debelou a infecção"", diz.Essa doença, segundo Vânia, não se caracteriza por lesões na boca. Ela se caracteriza por ""inflamação na garganta"", aumentos dos gânglios cervicais (pescoço), submandibulares e retroauriculares, principalmente, febre, podendo haver esplenomegalia (aumento do baço) e exantema (manchas no corpo).Excepcionalmente, em pessoas com algum déficit imunológico, pode levar à morte.""A mensagem é deturpada pois a doença conhecida como doença do beijo não é causada por bactéria (e sim um vírus) nem é comedora de carne. Os herpes 1 e 2 também não são comedores de carne. Existe tratamento. A mensagem é alarmante e não merece crédito do jeito que foi repassada"", diz Vânia.As imagens que circulam ao lado da mensagem falsa também não são compatíveis com a doença do beijo, segundo as especialistas consultadas.O que pode causar necrose dentro do corpo humano é a fascite necrosante, que pode ocorrer pela bactéria Streptococcus pyogenes. Mas isso não significa necessariamente que ela come carne humana. Na verdade, ela afeta o metabolismo celular e causa alguns sintomas como a fascite, afirma Rosana Siqueira.A mensagem falsa cita o caso de uma jovem atendida no Hospital e Pronto Socorro Mário Pinotti, em Belém, no Pará. Em nota, a Prefeitura de Belém informa que a mensagem é falsa e tem sido reproduzida nas redes desde 2018.Vídeo: Veja como identificar uma mensagem falsa "	1
66	É falso que repórter do Estadão tenha dito que pretende arruinar Flávio Bolsonaro e o governo.	" #Verificamos: É falso que repórter do Estadão tenha dito que pretende arruinar Flávio Bolsonaro e o governoSite que reúne ativistas conservadores e simpatizantes do presidente Jair Bolsonaro distorceram entrevista  Circula nas redes sociais a ""notícia"" de que a repórter Constança Rezende, do jornal O Estado de S.Paulo, teria dito que sua intenção profissional ""é arruinar Flávio Bolsonaro e o governo"". Flávio é senador pelo PSL-RJ e filho do presidente Jair Bolsonaro (PSL). Ele vem sendo investigado pelo núcleo de combate à corrupção do Ministério Público Federal por conta de sua movimentação financeira e também noâmbito eleitoral por suposta falsificação de documento público e lavagem de dinheiro. Sempre que procurado para comentar o assunto, diz ser vítima de perseguição política e repudia aquilo que considera ser uma tentativa de imputar irregularidades e crimes onde não há.A ""informação"" sobre a repórter do Estadão foi publicada pelo site Terça Livre, que reúne ativistas conservadores e simpatizantes da família Bolsonaro, repercutindo postagem anterior feita numa página em francês.Por meio doprojeto de verificação de notícias, usuários do Facebook solicitaram que esse material fosse analisado. Confira a seguir o trabalho daLupa:""Jornalista do Estadão: a intenção é arruinar Flávio Bolsonaro e o governo""Título de postagem feita pelo site Terça Livre e que, até as 20h45 do dia 10 de março de 2019, já tinha70.434 interações no Facebook, segundo a ferramenta CrowdTangleFALSOA aspa utilizada pelo site no título de sua reportagem é falsa. A citação atribuída à repórter não aparece sequer na transcrição que a própria página faz de toda a conversa que a jornalista do Estadão teria supostamente mantido em inglês com um estrangeiro, sobre a investigação envolvendo Flávio Bolsonaro. Veja a seguir registros de toda a tradução e transcrição oferecida pelo próprio Terça Livre sobre o assunto:Além disso, no áudio oferecido pelo site, não é possível escutar nenhuma vez a frase pinçada para o título da ""reportagem"" analisada pela Lupa.Quando acessada a versão em francês do material, publicada pelo site Mediapart, encontra-se a transcrição da conversa em inglês. Nela, a frase do título postado pelo Terça Livre também não aparece.Na gravação do diálogo, Constança não fala em ""intenção"" de arruinar o governo ou o presidente. A conversa, em inglês, tem frases truncadas e com pausas. Apenas trechos selecionados foram divulgados. Em determinado momento, a repórter avalia que ""o caso pode comprometer"" e ""está arruinando Bolsonaro"", mas não relaciona seu trabalho a nenhuma intenção nesse sentido. O que levou o jornal a publicar uma nota sobre o assunto na noite deste domingo (10).O Estadão ainda destaca que o site falsamente atribui à repórter a publicação da primeira reportagem sobre as investigações do Conselho de Controle de Atividades Financeiras (Coaf) sobre a movimentação atípica de R$ 1,2 milhão nas contas de um ex-assessor do senador Flávio Bolsonaro. O autor da primeira reportagem, lembra o jornal, foi o jornalista Fábio Serapião, também de O Estado de S.Paulo.Por fim, o jornal informa queConstança Rezende não deu entrevista nem dialogou com o jornalista francês citado pelo Terça Livre. As frases da gravação foram retiradas de uma conversa que ela teve em 23 de janeiro deste ano com uma pessoa que se apresentou como Alex MacAllister, que seria um ""suposto estudante interessado em fazer um estudo comparativo entre Donald Trump e Jair Bolsonaro"".*Esta checagem poderá ser atualizada a qualquer momento.Nota: esta reportagem faz parte doprojeto de verificação de notíciasno Facebook. Dúvidas sobre o projeto? Entre em contato direto com oFacebook.Editado por: Equipe Lupa"	1
67	Dilma não confundiu John Lennon com Elvis Presley no Instagram; legenda é falsa	"Dilma não confundiu John Lennon com Elvis Presley no Instagram; legenda é falsaDilma não confundiu John Lennon com Elvis Presley no Instagram; legenda é falsaTwitterFacebookE-mailWhatsAppDilma não confundiu John Lennon com Elvis Presley no Instagram; legenda é falsaPor Luiz Fernando Menezes 13 de fevereiro de 2019, 18h02TwitterFacebookEmailWhatsAppA ex-presidente Dilma Rousseff (PT) não confundiu John Lennon com Elvis Presley em uma publicação no Instagram. Posts que circulam nas redes sociais trazem uma montagem que adultera a legenda da petista para uma foto dela ao lado de estátua do músico dos Beatles no pub Cavern Club, em Liverpool. Na postagem original, de 13 de julho de 2018, ela diz ""hoje é dia de rock, bebê!"", não ""me senti pertinha do Elvis"", como consta na peça de desinformação.A montagem apareceu primeiro nas redes sociais dias após a publicação de Dilma no Instagram, no ano passado. Agora, o conteúdo enganoso voltou a ganhar força no Facebook, e posts que o reproduzem já atingiram mais de 3.000 compartilhamentos. Todas essas publicações foram classificadas com o selo FALSO na ferramenta de verificação da rede social (entenda como funciona).FALSODilma Rousseff: Me senti pertinha do Elvis!!!A imagem, publicada originalmente no Instagram oficial da ex-presidente em 13 de julho de 2018, trouxe, na verdade, a legenda ""Hoje é dia de rock, bebê"". As hashtags usadas por Dilma Rousseff (#johnlennon #cavernclub #liverpool) também deixam claro que ela sabia se tratar de uma estátua em homenagem ao beatle no pub Cavern Club, em Liverpool, na Inglaterra. A foto de perfil usada na montagem também não é a mesma da ex-presidente, que tem conta verificada na rede social.A montagem enganosa tem sido reproduzida nas redes sociais desde julho do ano passado, dias após a publicação original de Dilma, que também celebrava o Dia Mundial do Rock (13 de julho).Procurada por Aos Fatos nesta quarta-feira (13), a assessoria de Dilma disse lamentar ""a perseguição com a ex-presidente"".TwitterFacebookEmailWhatsAppLeia tambémCinco fatos sobre migraçãoNão é verdade que Moro afastou promotor do caso Queiroz e delegado que investiga morte de MarielleHomem em foto com Flávio Bolsonaro é assessor do senador, não acusado de matar Marielle]"	1
68	A OAB-RJ não entrou com ação contra o estado do Rio por cobrança indebita da GRT pelo Detran. Vistorias deixaram de ser obrigatórias por decisão da Alerj; entidade nega que fez pedido.	"""É #FAKE que OAB entrou com ação contra o estado do Rio por cobrança indevida da GRT pelo Detran""Vistorias deixaram de ser obrigatórias por decisão da Alerj; entidade nega que fez pedido Em redes sociais e grupos no WhatsApp, circula uma mensagem que afirma que a Ordem dos Advogados do Brasil do Rio de Janeiro (OAB-RJ) entrou com uma ação contra o estado do Rio alegando cobrança indevida pela Guia de Regularização de Taxas (GRT) do Detran-RJ, que reúne as taxas de licenciamento anual e a emissão do Certificado de Registro e Licenciamento de Veículo (CRLV). O texto compartilhado, porém, é #FAKE.A justificativa apontada na mensagem é que, com o fim da obrigatoriedade das vistorias de veículos, aprovada em dezembro pela Assembleia Legislativa do Rio (Alerj), a OAB alegou que a cobrança da taxa para o licenciamento anual sem vistoria é indevida. O texto diz ainda que haverá uma resposta sobre o caso até o dia 19 de janeiro e que a taxa deverá cair para R$ 57,87, o correspondente apenas à emissão do CRLV.A OAB do Rio, porém, divulgou uma nota em que informa ser falsa a afirmação de que entrou com uma ação contra o estado. No texto a entidade diz que não descarta avaliar seu cabimento, ""após os devidos estudos técnicos sobre o caso"".A GRT custa, ao todo, R$ 202,55. Desse total, R$ 144,68 correspondem à taxa cobrada para o licenciamento sem vistoria e R$ 57,87 à emissão do CRLV.Em nota, o Detran ressaltou que a definição do valor cobrado ocorre com base na lei, de acordo com o código tributário estadual.Apesar de ter sido abolida no estado do Rio, a vistoria ainda é necessária em casos específicos, como para veículos de carga, de transporte escolar, além de transporte coletivo de passageiros e rodoviários de passageiros (vans, ônibus e micro-ônibus) e automóveis submetidos a transferência de município, estado ou propriedade.A lista completa está disponível no site do Detran. Os demais estão dispensados da inspeção, mas seus proprietários deverão pagar as taxas de licenciamento e de emissão de documento. "	1
69	O candidato à Presidência da República pelo PSL, Jair Bolsonaro, usou nesta terça-feira (28) informações falsas e descontextualizadas sobre o Plano Nacional de Pro	"Checamos as declarações de Bolsonaro no Jornal Nacional e na GloboNewsChecamos as declarações de Bolsonaro no Jornal Nacional e na GloboNewsTwitterFacebookE-mailWhatsAppChecamos as declarações de Bolsonaro no Jornal Nacional e na GloboNewsPor Ana Rita Cunha e Luiz Fernando Menezes 28 de agosto de 2018, 23h08TwitterFacebookEmailWhatsAppO candidato à Presidência da República pelo PSL, Jair Bolsonaro, usou nesta terça-feira (28) informações falsas e descontextualizadas sobre o Plano Nacional de Promoção e Cidadania LGBT em entrevista ao Jornal Nacional, da TV Globo. O político também omitiu que afirmou em entrevista que pagaria salário menor a uma mulher em uma mesma função que a de um homem durante a entrevista ao programa.Aos Fatos checou seis afirmações de Bolsonaro no programa da TV Globo e na GloboNews. Veja abaixo o resultado:FALSOPlano Nacional de Promoção e Cidadania LGBT: são 180 itens, entre eles a desconstrução da heteronormatividade. Ou seja, estão ensinando, em algumas escolas, que homem e mulher tá errado.Por mais que o plano citado exista e proponha 180 ações relacionadas aos direitos LGBT, Bolsonaro comete três erros: 1. o que é chamado de ""desconstrução da heteronormatividade"" está relacionada ao sistema de saúde e ao planejamento familiar; 2. o documento não diz que a família formada por homem e mulher está errada; 3. o texto não propõe que isso seja ensinado em algumas escolas. Portanto, a afirmação de Bolsonaro é FALSA.O Plano Nacional de Promoção da Cidadania e Direitos Humanos de Lésbicas, Gays, Bissexuais, Travestis e Transexuais foi um documento produzido pela Secretaria Especial dos Direitos Humanos da Presidência da República. De fato, o plano propõe 180 ações para ""responder às necessidades, potencialidades e direitos da população envolvida"".A única vez que a palavra heteronormatividade aparece no documento é no item 20 do eixo de formação de atores, que propõe a ação de ""reconhecer e incluir nos sistemas de informação do SUS e no planejamento familiar, todas as configurações familiares protagonizadas por lésbicas, gays, bissexuais, travestis e transexuais, com base na desconstrução da heteronormatividade"".Ou seja, a ideia do plano, na verdade, é incluir no sistema de saúde e planejamento familiar todos os tipos de famílias existentes. Não há, em nenhum momento, menção que se refira à configuração familiar de homem e mulher como algo errado. Também não há, no documento, qualquer indício de que a desconstrução da heteronormatividade deverá ser ensinada nas escolas.Para o público infantil, o documento propõe programas sociais e proteção de crianças e adolescentes que manifestam ""atributos de gênero dissociados de seu sexo biológico"" e ações como a inadequação de obras audiovisuais que apresentem conteúdos homofóbicos, racistas ou degradantes. Em relação ao ensino de jovens, o primeiro item defende a inclusão de ""recomendações relacionadas à promoção do reconhecimento da diversidade sexual e ao enfrentamento ao preconceito e à violência por orientação e identidade de gênero"".É possível ver a íntegra do plano aqui.FALSOEles tinham acabado o 9° Seminário LGBT infantil. Estavam discutindo ali, comemorando o lançamento do material para combater a homofobia, que passou a ser conhecido como kit gay. Entre esse material estava esse livro [Aparelho Sexual e Cia.].Bolsonaro citou duas informações falsas: a data e o nome do seminário e a participação do livro ""Aparelho Sexual e Cia - Um guia inusitado para crianças descoladas"" (Companhia das Letras, 2007) no chamado por ele de ""kit gay"".Durante entrevista ao Jornal Nacional, Bolsonaro levou um exemplar do livro e afirmou que ele faria parte de um material de combate à homofobia. O livro nunca foi distribuído pelo Ministério da Educação nas escolas e nunca fez parte dos dois programas nacionais de distribuição de livros: Pnld (Programa Nacional do Livro Didático) e do Pnbe (Programa Nacional Biblioteca da Escola). O livro não aparece em nenhuma das listas de livros do Pnld, programa que de 2000 a 2014 distribuiu livros de literatura para escolas públicas. As compras de livros pelo programa foram interrompidas em 2014 e só deve ser retomado em 2019. Já os livros didáticos selecionados pelo Governo Federal para o Pnld são divulgados no Diário Oficial. Não foi encontrada nenhuma menção ao livro no Diário Oficial da União nem com relação ao Pnld, nem com relação a qualquer outra compra do governo.O boato sobre a inclusão do livro no material escolar vem desde 2013. Em 2016, Bolsonaro voltou a reativar o boato em vídeo no Facebook, também mentindo ao dizer que o governo teria comprado ""centenas de milhares de unidades"" do livro e as distribuído em escolas públicas. Em resposta ao vídeo, à época, o Ministério da Educação, em nota, afirmou que ""não produziu e nem adquiriu ou distribuiu o livro Aparelho Sexual e Cia"" e que o vídeo de Bolsonaro ""em nenhum momento, comprova a vinculação do Ministério aos materiais citados, justamente porque essa vinculação não existe"". Na época, o Boatos.org desmentiu a alegação de Bolsonaro.O livro Aparelho Sexual e Cia é francês e foi traduzido e lançado no Brasil em 2007. Ele usa um conhecido personagem infantil dos quadrinhos franceses, Titeuf. De acordo com a Companhia da Letras, editora que publicou o livro no Brasil, a obra já vendeu mais de um milhão e meio de exemplares e foi publicada em dez línguas diferentes. O livro nunca fez parte do material elaborado pelo Ministério da Educação em 2011, como parte do projeto Escola Sem Homofobia, que foi pejorativamente chamado de ""kit gay"" pelo opositores, entre eles, Jair Bolsonaro. Esse material, voltado para alunos do ensino médio - e não para o público infantil como menciona Bolsonaro na entrevista -, incluía uma cartilha e vídeos sobre homossexualidade, transexualidade e bissexualidade entre jovens.Já em relação ao ""9º Seminário LGBT Infantil"", também há erros: Bolsonaro disse que o evento ocorreu em 2010, mas, neste ano, ocorreu o 7º Seminário LGBT no Congresso, que discutiu temas como a situação dos direitos humanos de homossexuais e transexuais, união estável e o estímulo de princípios religiosos fundamentalistas à homofobia. O 9º Seminário LGBT no Congresso ocorreu em 2012 e teve como tema a discussão ""Infância e Sexualidade"". Segundo a coordenação, o objetivo era proteger a infância e reconhecer a diversidade sexual. Ou seja, além de ter errado a data, não é verdade que o Congresso sediou nove seminários LGBT com questões da infância.O 15º Seminário LGBT ocorreu em junho deste ano, com o tema ""O tempo de nossas vidas - Saúde, Bem-estar, Envelhecimento e Morte na Perspectiva da Comunidade LGBT"". O objetivo era tratar da questão do envelhecimento no que diz respeito a este segmento específico da população brasileira, e aos desafios relacionados a esta etapa da vida. Vale ressaltar que o tema coincide com a promulgação da Lei 13.646/2018, que instituiu o Ano de Valorização e Defesa dos Direitos Humanos da Pessoa Idosa.FALSOVocê nunca ouviu isso. Eu nunca falei isso [que empregaria mulheres com salário menor do que o dos homens].A fala de Jair Bolsonaro foi considerada FALSA porque, em entrevista à apresentadora Luciana Gimenez, em 2016, no programa SuperPop, da RedeTV!, Bolsonaro, questionado pela apresentadora se ele achava certo ou errado a diferença salarial entre homens e mulheres, o parlamentar respondeu: ""Eu não empregaria com o mesmo salário. Mas tem muita mulher que é competente"". Aos Fatos já checou as contradições do candidato do PSL em torno do tema desigualdade salarial de gênero.No SuperPop, Bolsonaro foi questionado sobre a entrevista ao jornal Zero Hora, em fevereiro de 2014, em que disse ser justificável a desigualdade de remuneração entre homens e mulheres, por considerar que uma mulher jovem poderia engravidar e ficar seis meses de licença-maternidade, somando-se ainda ao direito às férias - o que quebraria, segundo "	1
70	Documento atribuído ao Exército exige perícia nas urnas eletrônicas antes e depois das eleições.	"""É #FAKE documento atribuído ao Exército que exige perícia nas urnas eletrônicas antes e depois das eleições""Mensagem tem viralizado no WhatsApp. Exército e TSE negam a informação. Circula nas redes sociais um texto afirmando que o Comando das Forças Armadas enviou à presidente do Tribunal Superior Eleitoral (TSE), ministra Rosa Weber, um documento oficial exigindo perícia nas urnas eletrônicas antes e depois das eleições deste ano. O texto diz que militares de última patente do Exército, Marinha e Aeronáutica desconfiam que o crescimento do presidenciável Fernando Haddad (PT) nas pesquisas eleitorais seja a preparação do terreno para uma megafraude eleitoral. É #FAKE.O texto com o título ""Exclusivo: Alto Comando do Exército Brasileiro encurrala TSE e exige perícia nas urnas antes e depois das eleições"" foi publicado na terça-feira (25) pelo advogado Edesio do Carmo Adorno, de 56 anos, que administra a plataforma. O link e o texto da publicação estão sendo amplamente compartilhados em páginas nas redes sociais e grupos de mensagens.A informação de que as Forças Armadas enviaram um documento sobre a necessidade de perícia nas urnas é atribuída a uma fonte não identificada. Ainda segundo o site, a ministra Rosa Weber ""engoliu a seco a exigência, considerada intromissão indevida no Judiciário"".Em nota, o Exército diz que não solicitou ao TSE nem recebeu qualquer determinação para participar de perícia, avaliação ou auditoria técnica do funcionamento e segurança dos equipamentos eletrônicos de apuração.""A Instituição será empregada nas eleições de 2018, a pedido da Justiça Eleitoral, no apoio logístico (transporte de urnas e de fiscais dos TSE/TRE) e na garantia da votação e apuração (GVA)"", diz o Exército.Procurado, o TSE diz que a mensagem que está circulando em grupos de WhatsApp não procede. De acordo com o tribunal, o documento ""nunca existiu"".A equipe do Fato ou Fake tentou contato com Edesio, responsável pelo site ""A Bronca Popular"", onde o texto foi publicado originalmente, mas não conseguiu falar com ele. "	1
71	Promotores em ato pró-Dilma em 2016 são do RJ e agora investigam Flávio Bolsonaro	"""É #FAKE que promotores em ato pró-Dilma em 2016 são do RJ e agora investigam Flávio Bolsonaro""Imagem que circula em redes sociais é de promotores de Minas Gerais.  Circula pelas redes sociais uma imagem de manifestantes usando camisetas ""Sou MP e contra o golpe."" A mensagem diz que as pessoas na foto, favoráveis à ex-presidente Dilma Rousseff, são promotores de Justiça do Rio de Janeiro, os mesmos que agora investigam o senador eleito Flávio Bolsonaro (PSL-RJ). A mensagem é #FAKE.A imagem em circulação realmente retrata integrantes do Ministério Público, mas não do Rio de Janeiro. Eles são do Ministério Público de Minas Gerais. A equipe do Fato ou Fake procurou a assessoria do Ministério Público de Minas Gerais, que indicou o promotor Walter Freitas. Ele é um dos promotores que estão na foto, registrada em 31 de março de 2016.""Esclareço que a foto se refere às manifestações ocorridas em Minas Gerais na época do impeachment da ex-presidente Dilma Roussef, e as pessoas retratadas são promotores e procuradores do Estado de Minas Gerais, em manifestação desprovida de caráter partidário, e no exercício da liberdade de expressão dos mesmos, conforme inclusive já analisado pela Corregedoria Nacional do Ministério Público"", diz Freitas.Também procurado, o Ministério Público do Rio de Janeiro informa que a foto não retrata promotores do estado, mas, sim, de Minas Gerais. ""Os promotores de Justiça que aparecem na foto não são do Ministério Público do Estado do Rio de Janeiro (MPRJ). Eles são do Ministério Público de Minas Gerais (MPMG)"", informa.A mensagem falsa diz: ""Vejam essa imagem! Os promotores do RJ, isso mesmo, MPRJ foram às ruas contra o impeachment da Presidente Dilma Rousseff, são esses mesmos que estão aprontando com o @FlavioBolsonaro. Esquerdistas aparelhados!! Absurdo!!! RTT sem dó. Vamos mostrar ao povo esses crápulas.""Vídeo: Veja como identificar uma mensagem falsa "	1
72	A montagem da revista Charlie Hebdo com Gleisi Hoffmann é uma provocação à senadora e deputada federal eleita, visando associá-la à corrupção e ao Partido dos Trabalhadores.	"Capa da revista Charlie Hebdo com Gleisi Hoffmann é montagemCapa da revista Charlie Hebdo com Gleisi Hoffmann é montagemTwitterFacebookE-mailWhatsAppCapa da revista Charlie Hebdo com Gleisi Hoffmann é montagemPor Luiz Fernando Menezes 18 de janeiro de 2019, 12h24TwitterFacebookEmailWhatsAppÉ falsa a capa da revista francesa Charlie Hebdo com a senadora e deputada federal eleita Gleisi Hoffmann (PT-PR), uma bandeira do PT e os dizeres ""Pavilhão da Corrupção"". A montagem foi feita unindo parte da capa verdadeira da edição de fevereiro de 2013 a um desenho do cartunista brasileiro Adão Iturrusgarai, que foi modificado para inserir o rosto da petista e o estandarte do partido.Apesar da modificação grosseira, a montagem tem sido disseminada como verdadeira nas redes sociais, e um dos posts denunciados ao Aos Fatos por usuários do Facebook já alcançou 2.200 compartilhamentos desde terça-feira (15). Essa e outras postagens com o mesmo conteúdo enganoso foram marcadas com o selo FALSO na ferramenta de verificação da rede social (entenda como funciona).FALSOA moral da Gleisi na França está excelenteEstá circulando pelo Facebook uma capa falsa da revista satírica francesa Charlie Hebdo com a senadora Gleisi Hoffmann (PT-PR) e os dizeres ""Pavillon de la Corruption"" (""pavilhão da corrupção"", em francês). A imagem, no entanto, não passa de uma montagem com uma das edições lançadas em fevereiro de 2013 e que tratava da renúncia do Papa Bento XVI.Como é possível ver abaixo, a capa falsa insere o desenho, a faixa preta e a frase sobre a versão original, mas manteve as indicações da edição, como a data e as chamadas.Além disso, a montagem baseia-se em uma outra capa falsa, que circulou pelas redes sociais em 2016. A peça da desinformação usava a mesma edição do desenho do cartunista Adão Iturrusgarai e a frase ""Pavillon de la Corruption"", mas não trazia a foto de Gleisi. Na época, o e-Farsas checou a publicação. Desta vez, a montagem com a presidente do PT também foi verificada pela Agência Lupa.""Sem comentários"", respondeu a assessoria da senadora ao ser contatada por Aos Fatos na manhã desta sexta-feira (18) a respeito da disseminação da montagem nas redes sociais.Este é o segundo boato relacionado à Gleisi Hoffmann que Aos Fatos checa em menos de uma semana. Na quarta-feira (16), ganhou tração nas redes print de um tweet falso em que a senadora propunha que pessoas contrárias à flexibilização da posse de armas pendurassem na frente de suas casas uma faixa com a frase ""Residência livre de armas"".TwitterFacebookEmailWhatsAppLeia tambémCinco fatos sobre migraçãoNão é verdade que Moro afastou promotor do caso Queiroz e delegado que investiga morte de MarielleHomem em foto com Flávio Bolsonaro é assessor do senador, não acusado de matar Marielle]"	1
73	Haddad atribui derrota em 2016 a divisão de votos com Marta, mas conta não fecha	"Haddad atribui derrota em 2016 a divisão de votos com Marta, mas conta não fechaHaddad atribui derrota em 2016 a divisão de votos com Marta, mas conta não fechaTwitterFacebookE-mailWhatsAppHaddad atribui derrota em 2016 a divisão de votos com Marta, mas conta não fechaPor Julianna Granjeia 27 de setembro de 2017, 18h00TwitterFacebookEmailWhatsAppEm entrevista ao jornalista Kennedy Alencar, no SBT, o ex-prefeito de São Paulo Fernando Haddad (PT) afirmou na última segunda-feira (25) que um dos motivos de não ter disputado o segundo turno das eleições de 2016 com João Doria (PSDB) foi o ""efeito Marta"". Segundo ele, o fato de a senadora Marta Suplicy (PMDB) ter saído do PT e disputado uma candidatura de oposição foi decisivo para a sua derrota nas urnas.Aos Fatos checou essa ponderação e demais afirmações do ex-prefeito, cuja avaliação é que o resultado da eleição de 2016 ""teve um efeito PT nacional, teve um efeito Marta"" e teve os seus erros, ""porque todo governo erra"". Veja, abaixo, o resultado.VERDADEIROEm primeiro lugar, reconhecer: o PT perdeu 60% dos votos no Brasil entre 2012 e 2016.Nas eleições municipais de 2012, quando Haddad foi eleito prefeito de São Paulo, o PT recebeu 17.448.801 votos em todo o país, segundo dados do TSE (Tribunal Superior Eleitoral). Em 2016, a votação do partido nos municípios brasileiros ficou em 6.822.964 - ou seja, 60,9% menos do que na disputa anterior.A legenda que mais cresceu na última eleição foi o PSDB, que obteve 17.612.606 de votos no Brasil, 25% a mais do que no pleito passado.FALSOEm São Paulo, nós [o PT] perdemos 40% [dos votos].Em 2012, quando Haddad disputou e foi eleito para a prefeitura de São Paulo, o PT teve 1.776.317 votos no primeiro turno. Em 2016, o petista recebeu apenas 967.190 votos - totalizando uma redução de 46%. Os dados são do TSE.Haddad se tornou prefeito após derrotar José Serra (PSDB) no segundo turno com 3.387.720 votos contra 2.708.768 do então candidato tucano. No entanto, não é recomendável traçar parelelos entre turnos diferentes de eleições diferentes, já que a quantidade de candidatos é também diversa.João Doria (PSDB) foi eleito no primeiro turno ano passado com 3.085.187 votos.FALSOSe você considerar os votos que eu e ela [Marta] tivemos em 2016, dá exatamente os votos que eu tive em 2012, mais ou menos.Nem aproximadamente, muito menos exatamente: em 2012, Haddad teve 1.776.317 votos no primeiro turno. Em 2016, ele e Marta somados tiveram 1.554.410. A diferença é de 12%.Segundo Haddad, ""no Brasil, não tinha uma Marta Suplicy concorrendo com os candidatos do PT"". ""A Marta saiu do partido, foi para o PMDB, garantiu o voto contra a Dilma, pela legenda, e concorreu comigo"", continuou. Então, disse que a quantidade de votos dados a Marta no ano passado dá ""exatamente"", ""mais ou menos"", a diferença em relação à eleição anterior.Marta Suplicy saiu do PT em 2015, após divergências com o comando da legenda nas eleições de 2014. Na ocasião, o partido disputou o governo do Estado de São Paulo tendo como cabeça de chapa o ex-ministro Alexandre Padilha. Dois anos antes, Marta havia sido preterida pelo PT na corrida pela prefeitura paulistana.A senadora disputou as eleições em 2016 pelo PMDB com forte discurso contra o PT e obteve 587.220 votos. Somados aos votos do petista, temos 1.554.410 - ou seja, 221.907 votos a menos do que Haddad recebeu no primeiro turno de 2012.Haddad atribui a Marta a fuga de votos, mas também esquece do fator Doria: o tucano só perdeu em duas das 58 zonas eleitorais - Grajaú e Parelheiros, na zona sul da capital paulista, antigo reduto do PT. Nas duas regiões, que somam 400.048 eleitores, foi Marta quem venceu com 91.646 votos, enquanto Haddad obteve 48.913 e Doria recebeu 77.898. Ou seja, em seu principal reduto, o PT perdeu não só para Marta, mas para Doria também.A reportagem foi alterada às 18h44 de 27 de setembro de 2017 para corrigir a percentagem em relação aos votos perdidos por Haddad entre 2012 e 2016 na segunda checagem. A apuração se mantém.TwitterFacebookEmailWhatsAppLeia tambémCinco fatos sobre migraçãoNão é verdade que Moro afastou promotor do caso Queiroz e delegado que investiga morte de MarielleHomem em foto com Flávio Bolsonaro é assessor do senador, não acusado de matar Marielle]"	1
74	É falso que Bolsonaro tenha classificado indignação pela morte de Marielle como mimimi.	" #Verificamos: É falso que Bolsonaro tenha classificado indignação pela morte de Marielle como mimimiMas presidente chegou a dizer que morte da vereadora não significava nada para a democraciaCircula nas redes sociais a ""informação"" de que o presidente Jair Bolsonaro (PSL) teria declarado que não entendia o porquê de ""tanto mimimi"" em relação à morte da vereadora Marielle Franco (PSOL). Por meio do projeto de verificação de notícias, usuários do Facebook solicitaram que esse material fosse analisado. Confira a seguir o trabalho de verificação da Lupa:""Não sei porque tanto mimimi... foi apenas mais uma mulher negra que tombou! É a vida amigo""Frase atribuída ao presidente Jair Bolsonaro em imagem que, até às 14h do dia 14 de março de 2019, já tinha mais de 2,2 mil compartilhamentos no Facebook FALSONão existe registro público de qualquer espécie que comprove queo presidente Jair Bolsonaro tenha dito essa frase sobre a morte da vereadora Marielle Franco (PSOL-RJ), assassinada no dia 14 de março de 2018, no centro do Rio de Janeiro.Vale destacar inclusive que, por pelo menos um mês, oentão pré-candidato à Presidência da República se absteve de comentar publicamente o crime. Veja a retrospectiva montada a seguir:Em 15 de março de 2018, no dia seguinte à morte de Marielle, a assessoria de Bolsonaro foi procurada eafirmouque a opinião do político era ""polêmica demais"" para ser exposta.Cinco dias depois, em 20 de março,ao falar sobre o assunto pela primeira vez, num breve comentário registrado pelo jornal O Dia, Bolsonaro disse o seguinte:""Eu me resguardo o direito de permanecer em silêncio nesse caso e aguardo a conclusão das investigações"". Afirmava quequalquer posicionamento seu seria distorcido contra ele. No dia 23 daquele mês, em entrevista ao site Poder360, o ex-deputado afirmou mais uma vez que preferia permanecer em silêncio para não polemizar o assunto. Foi só em abril do ano passado que Bolsonaro, que Bolsonaroafirmou que Marielle Franco era mais uma entre diversas vítimas da violência observada no Rio de Janeiro.Ao jornal O Globo,ele disse o seguinte: ""para a democracia [o assassinato de Marielle], não significa nada. Mais uma morte no Rio de Janeiro"". Em maio, Bolsonaro voltou a falar do caso, em entrevista a veículos de comunicação de Minas Gerais. Adotou um tom mais crítico. Declarou que a comoção pela morte da vereadora era ""demagogia"" e que o caso não deveria ser tratado de forma diferente dos demais. Textualmente disse: ""não há diferença da minha vida, pra tua, pra Marielle. Não tem diferença nenhuma, somos todos cidadãos. Até por isso fui contra a lei do feminicídio"". Mas Bolsonaro nunca usou publicamente o termo ""mimimi"" para tratar da morte de Marielle Franco.Essa informação também foi verificada pelo Aos Fatos. Nota: esta reportagem faz parte do projeto de verificação de notícias no Facebook. Dúvidas sobre o projeto? Entre em contato direto com o Facebook.Editado por: Chico Marés, Clara Becker e Cristina Tardáguila"	1
75	Roger Waters não está envolvido em esquema de corrupção do PTRoger Waters não está envolvido em esquema de corrupção do PTTwitterFacebookE-mailWhatsAppRoger Waters não está envolvido em esquema de corrupção do PTPor Alexandre Aragão 22 de outubro de 2018, 18h03TwitterFacebookEmailWhatsAppUm texto publicado no site Terça Livre afirma de maneira falsa que o músico britânico Roger Waters, fundador da banda Pink Floyd e atualmente em turnê pelo Brasil, está envolvido em um esquema de corrupção do PT	"Roger Waters não está envolvido em esquema de corrupção do PTRoger Waters não está envolvido em esquema de corrupção do PTTwitterFacebookE-mailWhatsAppRoger Waters não está envolvido em esquema de corrupção do PTPor Alexandre Aragão 22 de outubro de 2018, 18h03TwitterFacebookEmailWhatsAppUm texto publicado no site Terça Livre afirma de maneira falsa que o músico britânico Roger Waters, fundador da banda Pink Floyd e atualmente em turnê pelo Brasil, está envolvido em um esquema de corrupção do PT. A publicação se baseia em um tweet do ministro da Cultura, Sérgio Sá Leitão, que disse que Waters ""recebeu cerca de R$ 90 milhões para fazer campanha eleitoral disfarçada de show ao longo do 2º turno"".Sá Leitão não apresentou provas da acusação, e a T4F, empresa responsável pela turnê de Waters, não confirmou os valores citados. Questionado no Twitter pelo jornalista Tim Vickery, da BBC, o ministro respondeu: ""As informações do post são verdadeiras. 1) Ele ganhou R$ 90 milhões para fazer shows/entrevistas no Brasil. 2) Ele está fazendo campanha contínua contra um candidato em shows/entrevistas, interferindo no processo eleitoral."" Em nenhum momento, porém, ele liga os pagamentos ao PT ou ao presidenciável Fernando Haddad, como fez o Terça Livre.No Facebook, o texto do Terça Livre ligando Waters a um esquema de corrupção do PT recebeu mais de 8.000 compartilhamentos, dos quais 3.700 foram feitos a partir da página ""Pau de Arara Opressor"". Denunciada por usuários, a publicação foi marcada por Aos Fatos com o selo FALSO na ferramenta de verificação da rede social (entenda como funciona).FALSORoger Waters envolvido em esquema de corrupção do PTNa manhã de domingo (21), o ministro da Cultura, Sérgio Sá Leitão, escreveu no Twitter: ""Roger Waters recebeu cerca de R$ 90 milhões para fazer campanha eleitoral disfarçada de show ao longo do 2º turno. Na Folha, chamou Bolsonaro de insano e corrupto. Sem provas, claro. Disse aos fãs que não voltará ao Brasil caso ele ganhe. Isso sim é caixa 2 e campanha ilegal!"". Foi com base nesses tweets que o Terça Livre publicou as acusações contra Waters. O site adicionou ainda um suposto envolvimento do músico com PT e com Fernando Haddad, o que não foi mencionado pelo ministro.No tweet, Sá Leitão faz referência a uma entrevista de Waters à Folha de S.Paulo, publicada na sexta-feira (19), em que o músico declarou: ""Bolsonaro está na política brasileira há 30 anos e é totalmente corrupto! E é louco. Vingativo e insano.""O ministro também faz referência a um fato ocorrido na semana passada: outra reportagem na Folha de S.Paulo revelou que empresários simpáticos ao presidenciável Jair Bolsonaro (PSL) firmaram contratos com agências de marketing digital para disparar mensagens de WhatsApp anti-PT em massa. A prática é ilegal e pode ser enquadrada como caixa dois, pois, desde a reforma eleitoral de 2015, empresas são proibidas de doar dinheiro a campanhas e partidos.Os R$ 90 milhões citados por Sá Leitão seriam o cachê que o ex-Pink Floyd teria recebido pelos oito shows no Brasil, mas os valores não foram confirmados ao Aos Fatos pela empresa T4F, que produz a turnê de Waters. Procurada nesta segunda-feira (22), a T4F também não quis se pronunciar sobre a declaração do ministro.A atual turnê começou em São Paulo, no dia 9 de outubro, dois dias após o primeiro turno da eleição. Houve outro show no dia seguinte, na capital paulista, e apresentações em Brasília (13), Salvador (17) e Belo Horizonte (21). Ainda estão marcados shows no Rio de Janeiro (24), em Curitiba (27) e em Porto Alegre (30).Desde o primeiro show, em São Paulo, Waters mostrou o nome de Bolsonaro em uma lista de líderes classificados por ele como neofascistas, e que inclui também Donald Trump (Estados Unidos), Marine Le Pen (França) e Vladimir Putin (Rússia), entre outros. A partir do segundo show da turnê, também em São Paulo - e após a repercussão das críticas a Bolsonaro -, Waters cobriu o nome do político com uma tarja vermelha em que aparece escrito ""ponto de vista político censurado"", que desaparecia para revelar o nome do presidenciável.No show em Salvador, no dia 17, Waters fez ainda uma homenagem ao capoeirista Moa do Katendê, assassinado na cidade a facadas por um apoiador de Bolsonaro após declarar que votou no PT.No Twitter, o jornalista Tim Vickery, da BBC, questionou o ministro Sérgio Sá Leitão: ""Sergio. Que diabos aconteceu com você?"" Sá Leitão respondeu: ""Sou o mesmo de sempre. Independente, íntegro e racional. As informações do post são verdadeiras. 1) Ele ganhou R$ 90 milhões para fazer shows/entrevistas no Brasil. 2) Ele está fazendo campanha contínua contra um candidato em shows/entrevistas, interferindo no processo eleitoral."" Em nenhum momento o ministro atribui os R$ 90 milhões ao PT ou ao candidato a presidente Fernando Haddad, como faz o texto no site Terça Livre.Aos Fatos entrou em contato com o Terça Livre por e-mail na tarde desta segunda (22), mas ainda não obteve resposta. Após a publicação desta checagem, Allan dos Santos, que se identifica como jornalista e apresentador do Boletim da Manhã no canal Terça Livre TV, postou no Twitter: ""Na justiça, (sic) veremos quem está falando a verdade. Cansei de ver minha empresa ser chamada de mentirosa"".TwitterFacebookEmailWhatsAppLeia tambémCinco fatos sobre migraçãoNão é verdade que Moro afastou promotor do caso Queiroz e delegado que investiga morte de MarielleHomem em foto com Flávio Bolsonaro é assessor do senador, não acusado de matar Marielle]"	1
76	Temer omiu reajuste cancelado do Bolsa Família	Temer omite reajuste cancelado do Bolsa FamíliaTemer omite reajuste cancelado do Bolsa FamíliaTwitterFacebookE-mailWhatsAppTemer omite reajuste cancelado do Bolsa FamíliaPor Tai Nalon 12 de agosto de 2016, 23h33TwitterFacebookEmailWhatsAppO presidente interino Michel Temer afirmou, em entrevista ao jornal Valor Econômico publicada nesta sexta-feira (12), que o governo federal ficou dois anos e meio sem reajustar o Bolsa Família. Segundo ele, o aumento de 12,5% concedido pelo Palácio do Planalto em junho passado reforça seu compromisso com programas sociais herdados das administrações petistas.Aos Fatos checou a afirmação junto às bases do Ministério do Desenvolvimento Social e Agrário e do Diário Oficial da União. Constatou que o peemedebista omitiu ter cancelado um reajuste concedido pela presidente afastada, Dilma Rousseff, dias antes de sair do cargo.Além disso, diferentemente do que o presidente interino disse, o último reajuste oficial foi dado em junho de 2014, dois anos antes.A conclusão é que o conteúdo da declaração deve ser considerado FALSO. Veja o que checamos.FALSOBolsa Família é importante. Revalorizamos, depois de dois anos e meio sem revalorização, em 12,5%.O último reajuste de fato do governo Dilma ocorreu em maio de 2014, quando o Planalto autorizou aumento de 10% no valor do benefício. Durante a campanha pela reeleição, ela chegou a prometer que, em janeiro de 2015, concederia novo aumento ao programa, mas isso não ocorreu.Já sob pressão do processo de impeachment, Dilma anunciou no 1º de maio deste ano reajuste de 9% no Bolsa Família. Em 6 de maio de 2016, o decreto nº 8.747 foi publicado no Diário Oficial da União. Segundo o texto, os beneficiários do programa passariam a receber os valores de R$ 164 e R$ 82 para famílias em situação de pobreza e extrema pobreza, respectivamente, respeitando tetos e variáveis per capita.Porém, depois de assumir a Presidência interinamente, Temer sustou o decreto. O Diário Oficial da União registrou, em 30 de junho de 2016, o cancelamento do reajuste proposto por Dilma.Um dia antes, porém, o peemedebista anunciara aumento de 12,5% no Bolsa Família. Os novos valores são de R$ 170 e R$ 85 para famílias em situação de pobreza e de extrema pobreza e estão em vigor desde 1º de julho deste ano.Selo. Temer preferiu omitir as idas e vindas do reajuste do Bolsa Família durante a entrevista, ainda que o valor reajustado por Dilma tenha vigorado por quase dois meses. Segundo o UOL, o pagamento autorizado pela presidente afastada nunca foi efetuado. O presidente interino ainda erra ao calcular o intervalo de tempo entre um reajuste a outro: foram dois anos, em vez de dois anos e meio. O próprio Ministério do Desenvolvimento Social e Agrário referenda o equívoco do peemedebista.Por isso, Aos Fatos dá à afirmação do peemedebista o selo de FALSO, conforme nosso método.Esta checagem foi feita colaborativamente, como resultado da oficina Verificação de Discurso Político do I Encontro Baiano de Mídia Livre, ocorrido em 12 de agosto de 2016, em Salvador.TwitterFacebookEmailWhatsAppLeia tambémCinco fatos sobre migraçãoNão é verdade que Moro afastou promotor do caso Queiroz e delegado que investiga morte de MarielleHomem em foto com Flávio Bolsonaro é assessor do senador, não acusado de matar Marielle]	1
77	É #FAKE que Obama já recitou poema divulgado por Onyx em rede social.	"""É #FAKE que Obama já recitou poema divulgado por Onyx em rede social""Versos citados por Onyx Lorenzoni são de veterano de guerra americano, mas não foram citados pelo ex-presidente. Autor diz que nunca teve conhecimento de uso de seu poema por Obama. O ministro da Casa Civil, Onyx Lorenzoni (DEM), publicou em uma de suas redes sociais frases que ele atribuiu a um discurso do ex-presidente americano Barack Obama sobre a importância dos soldados. A citação ao discurso, no entanto, é #FAKE.Na tarde desta sexta-feira (8), o ministro postou: ""É graças aos soldados, e não aos sacerdotes, que podemos ter a religião que desejamos. É graças aos soldados, e não aos jornalistas, que temos liberdade de imprensa. É graças aos soldados, e não aos poetas, que podemos falar em público. É graças aos soldados, e não aos professores, que existe liberdade de ensino. É graças aos soldados, e não aos advogados, que existe o direito a um julgamento justo. É graças aos soldados, e não aos políticos, que podemos votar...""Em seguida, o ministro atribuiu a autoria das frases ao ex-presidente Obama que, segundo ele, ""disse o óbvio"". ""Aí não teve polêmica. Mas com o presidente Bolsonaro vcs viram o que aconteceu."" O ministro fazia referência à repercussão de declarações do presidente Jair Bolsonaro na quinta-feira, em solenidade no Rio de Janeiro, quando o presidente afirmou que democracia e liberdade só existem quando as Forças Armadas querem.Pouco depois, o ministro corrigiu a autoria das frases, atribuindo-as a ""um pensador chamado Charles Province"". O ministro alegou, no entanto, que ""a frase foi citada por Barack Obama"".A versão original dos versos citados pelo ministro compõe o poema ""It Is The Soldier"", escrito pelo veterano de guerra Charles Province em 1970. Province é presidente da George S. Patton Jr. Historical Society e autor de livros focados em história militar, principalmente relacionados ao general americano George Patton.O poema é famoso nos Estados Unidos e já foi citado, por exemplo, em discurso de um parlamentar americano em 2006. As primeiras referências à versão traduzida citada pelo ministro Onyx, no entanto, são de 2011, em uma página de rede social brasileira. O perfil autor do post atribuiu as frases a trechos de um discurso do então presidente Barack Obama na cerimônia do Memorial Day, em maio daquele ano (veja na íntegra ao final desta reportagem).A transcrição do discurso e o registro da TV americana da solenidade mostram, porém, que Obama não citou em qualquer momento os versos do poema. Também não há nenhuma referência às frases em outros discursos do ex-presidente dos Estados Unidos, como mostram os arquivos da Casa Branca.A suposta citação de Obama já foi utilizada no Brasil em outras circunstâncias. Em 2015, por exemplo, em discurso na Câmara dos Deputados em 2015, o então parlamentar Marcelo Belinati (PP-PR) usou os versos em uma manifestação em homenagem aos soldados brasileiros. Segundo Belinati, o ""presidente Barack Obama, num pronunciamento que fez no Memorial Day, que é quando os norte-americanos homenageiam seus veteranos de guerra, reproduziu uma fala do ilustre chefe militar americano, Charles M. Province."" Belinati é hoje prefeito de Londrina.O Fato ou Fake procurou Charles Province. Ele afirma que, até onde sabe, nunca foi citado pelo presidente Barack Obama, nem integralmente nem em paráfrase.A assessoria do ministro Onyx Lorenzoni foi questionada sobre a autenticidade da citação. Não houve uma resposta.Veja o discurso de Obama em que ele não cita os versos de Charles Province:Vídeo: Veja como identificar uma mensagem falsa "	1
78	Dipirona não é importada da Venezuela nem está infectada por vírus mortal	"Dipirona não é importada da Venezuela nem está infectada por vírus mortalDipirona não é importada da Venezuela nem está infectada por vírus mortalTwitterFacebookE-mailWhatsAppDipirona não é importada da Venezuela nem está infectada por vírus mortalPor Luiz Fernando Menezes 7 de novembro de 2018, 16h30TwitterFacebookEmailWhatsAppNão é verdade que uma nova dipirona importada da Venezuela estaria contaminada com o vírus Marburg, como alardeia um áudio que se espalhou pelo WhatsApp nos últimos dias. A mensagem traz ainda uma foto de embalagem e frasco do medicamento Dipimed. O remédio, porém, é produzido no Brasil há mais de 30 anos e tampouco contém vírus, como já desmentiram a Anvisa (Agência Nacional de Vigilância Sanitária) e o laboratório responsável. Além disso, o Marburg é um vírus encontrado no sul da África, e não há registro da sua presença na Venezuela.A mesma história já circulou nas redes sociais em 2015 usando outro medicamento muito popular entre os brasileiros, o paracetamol. Desta vez, a peça de desinformação sobre a dipirona foi enviada por uma dezena de leitores do Aos Fatos no WhatsApp como pedidos de checagem (saiba mais). Para participar, adicione o número (21) 99956-5882 na sua lista de contatos e envie uma mensagem com o seu nome.FALSONotícia importante. Vírus encontrado em medicamento importado da Venezuela [...] Não tomem o novo Dipirona que vem escrito S/500. [...] Os médicos comprovam que contém vírus Marburg, considerados um dos vírus mais perigosos do mundo e com alta taxa de mortalidade.Em agosto deste ano, o Ministério da Saúde emitiu uma nota para desmentir, por meio da Anvisa (Agência Nacional de Vigilância Sanitária), que a dipirona não estava infectada com o vírus Marburg. O laboratório Medquímica, que detém o registro do Dipimed 500 mg/ml, também se pronunciou sobre o assunto em seu site oficial. De acordo com a empresa, o medicamento é de origem nacional e comercializado há mais de 30 anos. A farmacêutica afirmou ainda que ""atende a todos os quesitos de Boas Práticas de Fabricação exigidos pela Anvisa, como equipe qualificada e treinada, fornecedores de matéria-prima qualificados, procedimentos operacionais e processos de fabricação totalmente validados"".O áudio de WhatsApp é apenas uma nova versão da história que circulou no Facebook no primeiro semestre deste ano, e que foi checada, à época, por Boatos.org, e-Farsas, Agência Lupa e Fato ou Fake. Este, por sua vez, foi inspirado em um outro boato, de 2015, em que o remédio era o Paracetamol P/500 infectado pelo vírus Machupo:Aviso urgente! Cuidado! Não tome o Paracetamol que vem escrito P/500. É o novo Paracetamol, muito branco e brilhante. Os médicos provam que contém o vírus Machupo, considerado um dos vírus mais perigosos do mundo, com alta taxa de mortalidade. Por favor partilhe esta mensagem para todas as pessoas e familiares e salve a vida das mesmas.O Marburg realmente existe e pode levar à morte. O vírus, identificado primeiramente em macacos verdes, causa febres hemorrágicas, é transmitido pelo sangue, líquidos biológicos, secreções e tecido humano ou animal infectado. Sua primeira epidemia ocorreu em 2000, na República do Congo, com uma taxa de mortalidade que chegou a 70%. Ele, no entanto, nada tem a ver com a Venezuela: além de ser encontrado em países do sul da África, foram poucos os casos fora do continente, nenhum deles no país vizinho.TwitterFacebookEmailWhatsAppLeia tambémCinco fatos sobre migraçãoNão é verdade que Moro afastou promotor do caso Queiroz e delegado que investiga morte de MarielleHomem em foto com Flávio Bolsonaro é assessor do senador, não acusado de matar Marielle]"	1
79	Palocci não afirmou em delação que urnas foram encomendadas para fraudar as eleições.	"Palocci não afirmou em delação que urnas foram encomendadas para fraudar as eleiçõesPalocci não afirmou em delação que urnas foram encomendadas para fraudar as eleiçõesTwitterFacebookE-mailWhatsAppPalocci não afirmou em delação que urnas foram encomendadas para fraudar as eleiçõesPor Tai Nalon 7 de outubro de 2018, 12h30TwitterFacebookEmailWhatsAppNão é verdade que o ex-ministro petista Antonio Palocci afirmou, em acordo de delação premiada, que urnas eletrônicas foram ""encomendadas para fraudar as eleições"". A íntegra pública da delação pode ser lida aqui e não traz, em qualquer uma das suas 12 páginas, menção a urnas, urnas eletrônicas ou fraude em votações.Publicada em um perfil pessoal, a imagem acumula mais de 52,4 mil compartilhamentos. O conteúdo foi denunciado neste sábado (6) por usuários do Facebook, e foi marcado por Aos Fatos como FALSO na ferramenta de verificação disponibilizada pela rede social (entenda como funciona).Confira abaixo, em detalhes, o que checamos.FALSOPalocci afirmou que eleições eram decididas pela cúpula. Urnas foram encomendadas para fraudar eleições! O que o TSE vai dizer agora?É FALSO que Palocci disse, em acordo de delação premiada, que ""eleições eram decididas pela cúpula"" e que ""urnas foram encomendadas para fraudar eleições"". O sigilo da delação do ex-ministro dos governo Dilma Rousseff e Lula foi retirado na última segunda-feira (1), mas não traz qualquer menção à encomenda de urnas para fraudar as eleições.Os depoimentos que constam do documento revelado por Moro foram concedidos em março deste ano ao delegado da PF paranaense Filipe Hille Pace. Na ocasião, Palocci narrou esquemas de acordo e propina nas eleições desde aos menos 2004. Ele é mais específico, contudo, em relação a eventuais fraudes nas eleições presidenciais de 2010 e 2014. Nenhuma delas, contudo, tem a ver com o uso de urnas eletrônicas para comprar ou fraudar votos.Segundo ele, doações oficiais de empresas eram oficialmente registradas no TSE. ""Prestações regulares registradas no TSE são perfeitas do ponto de vista formal, mas acumulam ilicitudes em quase todos os recursos recebidos"", disse. Desde as eleições de 2016, entretanto, as doações de empresas para campanhas são proibidas. Ainda segundo Palocci, ""ninguém dá dinheiro para campanhas esperando relações triviais com o governo"". ""Há um grande grau de desfunçâo à lei eleitoral e à politica partidária no Brasil"", afirmou no acordo de delação premiada.O TSE (Tribunal Superior Eleitoral) afirma que ""as urnas brasileiras foram projetadas pelo TSE, contemplando características específicas e adequadas ao contexto nacional"". Segundo a Corte, ""há vinte e dois anos, as urnas eletrônicas têm sido utilizadas nas eleições brasileiras sem nenhuma comprovação efetiva de fraude"". TwitterFacebookEmailWhatsAppLeia tambémCinco fatos sobre migraçãoNão é verdade que Moro afastou promotor do caso Queiroz e delegado que investiga morte de MarielleHomem em foto com Flávio Bolsonaro é assessor do senador, não acusado de matar Marielle]"	1
80	Projeto de lei para revogar Estatuto do Desarmamento falseia dados	"Projeto de lei para revogar Estatuto do Desarmamento falseia dadosProjeto de lei para revogar Estatuto do Desarmamento falseia dadosTwitterFacebookE-mailWhatsAppProjeto de lei para revogar Estatuto do Desarmamento falseia dadosPor Ana Rita Cunha e Luiz Fernando Menezes 6 de março de 2018, 17h30TwitterFacebookEmailWhatsAppO projeto de lei 3722/2012, do deputado Rogério Peninha Mendonça (PMDB-SC), propõe a revogação do Estatuto do Desarmamento, mas usa dados errados ou descontextualizados para justificar as mudanças legais.No texto de justificativa que acompanha o projeto, o deputado apresentou dados falsos sobre homicídios e campanha de desarmamento, mencionou dados imprecisos sobre venda de armas, além de mencionar de forma equivocada que a ONU reconheceu a ausência de correlação entre armas e aumento de homicídio.O texto, que propõe substituir o Estatuto do Desarmamento pelo Estatuto de Controle de Armas de Fogo, já foi aprovado em todas as comissões e está pronto para ser pautado para votação em plenário. Junto ao projeto foram apensados outros 21 que também propõem alterações no Estatuto do Desarmamento.Dentre as principais mudanças está o afrouxamento nas regras para obtenção e porte de arma de fogo, como a redução da idade mínima e o fim de restrições para portá-las na rua.FALSOEm todo o ano de 2004 e nos dez meses de 2005, período em que as restrições à posse e ao porte de arma vigoraram antes do referendo, mesmo com forte campanha de desarmamento, (...) os índices de homicídio não sofreram redução. Em 2003, de acordo com o Mapa da Violência 2011, estudo nacional mais completo disponível sobre o assunto, ocorreram no Brasil mais de 50 mil homicídios, número semelhante ao verificado em 2004 e não divergente dos registrados nos anos seguintes.Os dados sobre homicídios mencionados na justificativa do projeto de lei estão errados. No estudo mencionado pelo autor do projeto, o Mapa da Violência 2011, tanto o número de homicídios quanto a taxa de homicídios por 100 mil habitantes vinham em trajetória crescente desde 1998 e passaram a cair a partir de 2004, ao contrário do que afirma o deputado Rogério Mendonça.Segundo o mapa, em 2003, houve 51.043 homicídios no Brasil. Em 2004, diminuiu para 48.374 homicídios. Em 2005, para 47.578 homicídios. Na afirmação, o deputado arredonda os números considerando a redução de 3.465 homicídios em dois anos pouco relevante.O relatório citado por Mendonça apresenta os dados de homicídios de 1998 a 2008. Durante esse período, o número de homicídios, mesmo com um aumento em 2006, fica sempre abaixo dos valores de 2003. Além disso, o documento apresenta apenas os dados anuais, não tendo nenhum número referente apenas aos dez primeiros meses de 2005, como mencionado pelo deputado.Além da queda nos números absolutos, a taxa de homicídios por 100 mil habitantes no país também sofreu redução no período mencionado pelo deputado. Em 2003, foram 28,9 homicídios por 100 mil habitantes, em 2004, essa taxa caiu para 27,0 e em 2005, 25,8.O Mapa da Violência de 2013 especial sobre armas de fogo também aponta redução nas mortes no período mencionado pelo deputado. Em 2003, ocorreram 39.325 mortes por arma de fogo no Brasil, no ano seguinte foram 37.113 mortes e, em 2005, foram 36.060. Essa queda foi impulsionada principalmente pela redução dos homicídios, que passaram de 36.111, em 2003, para 33.419, em 2005.VERDADEIRO(...) mesmo com forte campanha de desarmamento, na qual se recolheu aproximadamente meio milhão de armas (...)Na afirmação sobre os dados de homicídio de 2004 e 2005, o deputado Roberto Mendonça cita de forma correta o número de armas recolhidas na campanha do desarmamento antes do referendo sobre o desarmamento. De acordo com estudo da ONG Viva Rio, durante a campanha de desarmamento (entre julho de 2004 e outubro de 2005), foram recolhidas 459.855 armas de fogo - ou seja ""aproximadamente meio milhão"". A campanha foi coordenada pelo Ministério da Justiça e conduzida pela Polícia Federal.Ao todo, entre 2004 e 2005, foram recolhidas 464 mil armas de fogo, segundo a Diretoria de Fiscalização de Produtos Controlados do Exército.IMPRECISOVoltando aos números do Mapa da Violência, desta vez em sua edição mais recente, edição 2012, tem-se que, dos 27 brasileiros, os homicídios, depois da vigência do estatuto, cresceram em nada menos do que 20.O deputado Rogério Mendonça não especificou o período de comparação, nem o indicador utilizado. Por isso, a declaração foi considerada IMPRECISA. Dependendo do recorte temporal e da variável selecionada, o comportamento da curva de homicídios por unidade da federação é diferente.O Estatuto do Desarmamento entrou em vigor em dezembro de 2003 e, desde então, a trajetória de homicídios oscilou. Logo no primeiro ano de implementação da lei, houve crescimento no número de homicídios em 10 das 27 unidades da federação, segundo Mapa da Violência de 2012, documento usado como referência pelo deputado.Em 2010, de acordo com dados preliminares, o número de homicídios cresceu em 21 unidades da federação, na comparação com 2003, número próximo ao apontado pelo deputado. Em 2009, de acordo com dados consolidados, houve aumento no número de homicídios em 22 unidades da federação.Porém, a variação da taxa de homicídios por 100 mil habitantes nos estados mostra resultado diferente. A taxa de homicídios é um indicador que leva em conta oscilações na demografia da região e, de 2003 para 2004, a aumentou em apenas oito estados. Na comparação dos dados preliminares de 2010 com 2003, 16 unidades da federação tiveram aumento na taxa de homicídio por 100 mil habitantes. Em 2009, quando comparado com 2003, 17 unidades da federação tiveram aumento na taxa de homicídio.Vale ressaltar que o Estatuto do Desarmamento sofreu mudanças ao longo desse período. Entre as mudanças mais relevantes, passou a ser permitido o porte de arma no trabalho para pessoas com armas registradas, agentes públicos de segurança passaram a poder portar arma particular e também foi estabelecida a idade mínima de 25 anos para porte de arma para moradores de área rural que a usam para subsistência familiar.VERDADEIRORealizada tal consulta, a proibição foi rejeitada pela população brasileira, com esmagadora maioria de votos, num total de quase 60 milhões, marca superior às alcançadas pelos presidentes eleitos pelo voto democrático.O referendo sobre a proibição do comércio de armas de fogo e munição aconteceu em outubro de 2005 e realmente os votos ""Não"" superaram os votos ""Sim"". Foram cerca de 59 milhões de votos (63,94%) contra cerca de 33 milhões (36,06%). De acordo com o TSE, 78,16% dos 123 milhões de eleitores na época participaram da consulta.O ex-presidente Lula ainda é o presidente com o maior número de votos alcançados: foram 58 milhões nas eleições de 2006. Portanto, a declaração acerta ao dizer que os votos contrários à proibição do comércio de armas de fogo superaram os de qualquer presidente eleito.O referendo estava previsto no próprio texto do estatuto e ocorreu em outubro de 2005. Os votantes foram questionados sobre o artigo 35 do estatuto que proibia ""a comercialização de arma de fogo e munição em todo o território nacional"", salvo exceções previstas em lei, como agentes de segurança.Hoje, segundo a última pesquisa do Datafolha, a maioria dos brasileiros - 56% - é contrária à ampliação do porte de armas legal. Mas essa posição vem diminuindo a cada ano: enquanto em 2013, 68% se diziam contrários à medida, em 2014, esse número diminuiu para 62% e, por fim, chegou a 55% em 2017.INSUSTENTÁVELApós a promulgação do Estatuto do Desarmamento, o comércio de armas de fogo e munição caiu 90% no país, dadas às quase intransponíveis dificuldades burocráticas que foram impostas para a aquisição desses produtos. Dos 2.400 estabelecimentos especializados registrados pela polícia federal no ano 2000, sobravam apenas 280 em 2008.A informação apresentada pelo deputado provavelmente se refere a um dado mencionado em uma reportagem do jornal O Estado de S. Paulo, em que diretor regional da Associação Nacional dos Proprietários e Comerciantes de Armas (ANPCA), Misael Antonio de Sousa, afirmou que, depois da "	1
81	É #FAKE que Schwarzenegger dormiu na rua sob estátua em homenagem a ele após recusa de hotel.	"""É #FAKE que Schwarzenegger dormiu na rua sob estátua em homenagem a ele após recusa de hotel""Texto com informações falsas circula ao lado de foto feita pelo ator durante brincadeira em 2016. Circula pela internet uma foto do ator Arnold Schwarzenegger deitado sob uma estátua construída em homenagem a ele. Um texto com teor altruísta acompanha a foto. Mas a mensagem, que diz que ele teve de dormir no local após o hotel recusá-lo, é #FAKE.A imagem foi publicada orginamente no perfil de Schwarzenegger no Instagram em 15 de janeiro de 2016 ao lado da frase: ""Como os tempos mudaram"". Desde então, o post teve mais de 280 mil curtidas.Ao lado da imagem real, feita durante uma brincadeira do ator, foi adicionado na mensagem que circula na web um texto em inglês, depois traduzido para o português.O texto apresenta vários pontos de fragilidade. Diz que Schwarzenegger escreveu a frase não só porque ele envelheceu, mas porque, quando ele era governador da Califórnia, inaugurou um hotel com sua estátua. A estátua de Schwarzenegger, na verdade, não fica na Califórnia, mas quase do lado oposto dos Estados Unidos: em Ohio.Outro ponto falso é que Schwarzenegger não inaugurou um hotel com sua estátua. As paredes que aparecem atrás da estátua não são de um hotel, mas de um centro de convenções. Há um hotel nas proximidades, mas do outro lado da rua.Segundo a mensagem falsa, ""a equipe do hotel disse a Arnold que sempre teria um quarto reservado a ele, mas que, quando deixou de ser governador, a administração do hotel se recusou a garantir o quarto sem pagamento por causa da alta demanda"". Isso não é verdade.O texto atribui a Schwarzenegger a declaração: ""Quando eu estava em uma posição importante, eles sempre me elogiaram, e quando saí dessa posição, eles se esqueceram de mim e não cumpriram sua promessa. Não confie em sua posição ou na quantidade de dinheiro que você possui. Nem seu poder, nem sua inteligência vão durar para sempre"". Como todo o restante do texto, a frase também é falsa. "	1
82	Atirador de Campinas não era filiado ao PT	"Atirador de Campinas não era filiado ao PTAtirador de Campinas não era filiado ao PTTwitterFacebookE-mailWhatsAppAtirador de Campinas não era filiado ao PTPor Luiz Fernando Menezes 14 de dezembro de 2018, 16h29TwitterFacebookEmailWhatsAppNão é verdade que o homem que abriu fogo contra fiéis na Catedral Metropolitana de Campinas na última terça-feira (11) era filiado ao PT nem há indícios de que o crime tenha motivações políticas. A imagem que circula nas redes sociais mostra a filiação do pai do criminoso, Eder Grandolpho, como se fosse do filho, Euler Grandolpho, para sugerir a ligação com o partido.A montagem originalmente publicada pela página Movimento Avança Brasil foi apagada do perfil, mas foi republicada por um perfil pessoal.A peça de desinformação foi denunciada por usuários do Facebook. Aos Fatos marcou a montagem com o selo FALSO na ferramenta de verificação da rede social (entenda como funciona).FALSOPetista atira e mata cristãos! Isto a imprensa comunista não fala!!!Uma montagem com o selo da página Movimento Avança Brasil está associando, falsamente, o atirador de Campinas com o Partido dos Trabalhadores: ""arma com número de série raspada, filiado ao PT, atirando indiscriminadamente em local religioso... deve ser uma combinação de coincidências!"".Mas não há registro de que o atirador, identificado como Euler Fernando Grandolpho, era ou já foi em algum momento filiado ao PT ou a qualquer outro partido. A busca pelo nome do atirador na base de dados do TSE (Tribunal Superior Eleitoral) não rendeu resultados.Também não foram encontrados registros de que o atirador tenha se posicionado durante as eleições. Segundo reportagem da Folha de S.Paulo, Grandolpho era de família católica, sofria de depressão e era uma pessoa fechada (seu perfil no Facebook tinha apenas oito amigos). Segundo uma ex-namorada, tinha posições conservadoras e chegou a manifestar posições racistas. O atirador morava com o pai, cuja atuação na Igreja Católica era criticada pelo filho.Seu pai, Eder Grandolpho, por outro lado, é filiado ao PT desde 1995. O nome, como é muito parecido com o do filho, foi utilizado pela publicação enganosa para dizer que o atirador era integrante do partido. O pai do atirador não está sendo investigado pela polícia nem teve seu nome apontado como participante do atentado à igreja.Apoio a Bolsonaro. Além do falso vínculo com o PT, também não é possível afirmar que o atirador de Campinas tenha declarado apoio a Jair Bolsonaro nas últimas eleições. Uma montagem que circula nas redes sociais sobrepõe a uma foto de Euler o slogan de campanha do presidente eleito. Aos Fatos não identificou registros de seus posicionamentos políticos nas redes sociais.O caso, que aconteceu na última terça-feira (11) e deixou cinco mortos, além do atirador, que cometeu suicídio, tem sido muito citado em boatos e peças de desinformação. Nesta semana, Aos Fatos já checou uma foto que sugeria que o padre da Catedral teria incitado violência ou demonstrado apoio a Bolsonaro no passado, o que também não é verdade.TwitterFacebookEmailWhatsAppLeia tambémCinco fatos sobre migraçãoNão é verdade que Moro afastou promotor do caso Queiroz e delegado que investiga morte de MarielleHomem em foto com Flávio Bolsonaro é assessor do senador, não acusado de matar Marielle]"	1
83	Casamento de Preta Gil não foi pago com a Lei Rouanet; boato de 2015 volta às redes. 	"Casamento de Preta Gil não foi pago com a Lei Rouanet; boato de 2015 volta às redesCasamento de Preta Gil não foi pago com a Lei Rouanet; boato de 2015 volta às redesTwitterFacebookE-mailWhatsAppCasamento de Preta Gil não foi pago com a Lei Rouanet; boato de 2015 volta às redesPor Luiz Fernando Menezes 28 de dezembro de 2018, 16h49TwitterFacebookEmailWhatsAppA cantora Preta Gil não utilizou dinheiro público ou arrecadado pela Lei Rouanet para realizar seu casamento em 2015. Além de não haver projeto parecido cadastrado no portal da lei, também não há qualquer indício ou investigação que aponte nessa direção. A informação falsa que voltou a circular nas redes sociais nesta semana tem origem em um texto publicado logo após o casamento da filha de Gilberto Gil.O artigo, escrito por André Forastieri em seu blog no R7, questionava como a cantora teria pago todas as ""extravagâncias"" da festa e insinuava que a família dela teria utilizado dinheiro público para arcar com as despesas. A publicação levou o site a ser condenado pela Justiça a pagar uma indenização de R$ 200 mil à família de Gilberto Gil.A história foi ressuscitada por um blog em junho deste ano e ganhou novamente as redes, sendo replicada inclusive pelo senador Magno Malta (PR-ES). No início desta semana, diversos posts com a informação falsa voltaram a circular e foram denunciados ao Aos Fatos por usuários do Facebook. Juntas, essas publicações já têm mais de 18 mil compartilhamentos. Elas foram marcados com o selo FALSO na ferramenta de verificação da rede social (entenda como funciona).FALSO#BOOMBAA! BOLSONARO DESCOBRE KE CASAMENTO DE PRETA GIL FOI PAGO COM A LEI ROUANET! PASMEM 2 MILHÕES E 200 MIL!Segundo algumas publicações que circulam no Facebook, a cantora Preta Gil teria utilizado dinheiro arrecadado da Lei Rouanet para pagar seu casamento, que ocorreu em 2015. No entanto, Aos Fatos não encontrou nenhum projeto aprovado anteriormente ou até proposta semelhante na busca da Lei Rouanet. A empresa de Gilberto Gil, Gege Produções Artísticas Ltda., de fato, teve vários projetos aprovados pelo Ministério da Cultura e já captou um total de R$ 3,9 milhões desde 2009. Nenhum deles, entretanto, refere-se ao casamento de sua filha Preta Gil.Uma versão do boato também diz que o dinheiro teria sido obtido por Gilberto Gil, já que ele era o ministro da Cultura da época. Mas o casamento ocorreu em 2015, muito tempo depois do cantor deixar a pasta (ele foi ministro de janeiro de 2003 a julho de 2008).Além disso, a história é a reciclagem de um boato de 2015. Naquela época, foi publicado no blog de André Forastieri no R7 um texto questionando como o casamento de Preta Gil e do personal trainer Rodrigo Godoy teria sido pago: ""Quem pagou pelo vestido com trocentas pérolas? A festa para 700 convidados? Os 35 seguranças, os 14 lustres com cristais baccarat, milhares de flores, whisky e champagne? O aluguel da Igreja Nossa Senhora do Carmo, a mais fina da cidade?"". O texto continuava dizendo: ""sabemos quem não pagou: o noivo, personal trainer. E sabemos o que não pagou: a carreira de Preta Gil. Tudo que ela toca vira fracasso"".Mas foi apenas em seu Twitter, após a publicação, que Forastieri questionou se houve dinheiro público envolvido no casamento: ""O casamento de Preta Gil tem Lei Rouanet?"". Forastieri, no entanto, não apresentou, nem no texto, nem no seu Twitter, provas de que isso tenha, de fato, acontecido. Em 2016, a 20ª Vara Cível do Rio de Janeiro condenou o portal R7 a indenizar Preta Gil por ter dito que o casamento teria sido pago com dinheiro público. Segundo a coluna da Monica Bergamo, na Folha de S.Paulo, a família recebeu R$ 200 mil de indenização e notificou outras três páginas que divulgaram o mesmo texto.A informação falsa voltou a circular no Facebook no meio deste ano, quando foi republicada pelo site de Otávio Sá Leitão com o título ""Gil usou dinheiro da Lei Rouanet para fazer casamento de Preta. Click aqui"". A história enganosa, inclusive, foi compartilhada por figuras públicas, como o senador Magno Malta (PR-ES).Aos Fatos entrou em contato com a assessoria da cantora Preta Gil que, por email, respondeu apenas que ""obviamente essa notícia não procede"".Como funciona. A Lei 8.313/91 - ou Lei Rouanet, como é mais conhecida- não destina verbas diretamente a artistas: ela, na verdade, torna projetos culturais aptos a serem financiados por empresas. Ou seja, projetos escolhidos pelo Ministério da Cultura recebem um registro no Pronac (Programa Nacional de Apoio à Cultura) e a autorização para que possam captar recursos com patrocinadores, empresas ou pessoas físicas. Esses patrocinadores podem descontar do seu Imposto de Renda os valores que forem repassados a iniciativas culturais.Esta não é a primeira vez que Aos Fatos verifica um boato sobre a Lei Rouanet. Em junho deste ano, circulou pelas redes uma informação falsa de que a Polícia Federal iria prender beneficiários da lei, incluindo artistas como Camila Pitanga, Wagner Moura e Chico Buarque.Esta checagem foi atualizada às 20h37 do dia 28 de dezembro para adicionar a resposta da assessoria de Preta Gil.TwitterFacebookEmailWhatsAppLeia tambémCinco fatos sobre migraçãoNão é verdade que Moro afastou promotor do caso Queiroz e delegado que investiga morte de MarielleHomem em foto com Flávio Bolsonaro é assessor do senador, não acusado de matar Marielle]"	1
84	O projeto prevê menos de um salário mínimo para aposentadoria de trabalhadores domésticos e profissionais de atividade rural, o que representa um valor irrisório.	"O que os políticos disseram sobre a reforma da Previdência - e o que não é verdadeO que os políticos disseram sobre a reforma da Previdência - e o que não é verdadeTwitterFacebookE-mailWhatsAppO que os políticos disseram sobre a reforma da Previdência - e o que não é verdadePor Ana Rita Cunha 27 de fevereiro de 2019, 16h20TwitterFacebookEmailWhatsAppA reforma da Previdência proposta pelo governo Bolsonaro poupa os mais ricos e os grandes devedores? O projeto prevê menos de um salário mínimo para idosos pobres e pensionistas? Uma semana após a PEC 6/2019 chegar ao Congresso Nacional, Aos Fatos checou o que políticos da base e da oposição disseram a respeito das mudanças nas regras de aposentadorias e pensões.Confira o resultado abaixo.FALSOMais ricos foram poupados - senador Humberto Costa (PT-PE), em vídeo.Ao contrário do que afirmou o senador petista, uma das principais mudanças da PEC (Proposta de Emenda Constitucional) 6/2019 é justamente aumentar a alíquota de cálculo da contribuição previdenciária, passando a cobrar mais dos trabalhadores que têm salários maiores.Hoje, o serviço público concentra as maiores aposentadorias. De acordo com dados da Secretaria de Previdência Social, em 2017, os aposentados do Legislativo ganharam, em média, R$ 26,8 mil, os do Judiciário, R$ 16,4 mil e os do Executivo, R$ 8,5 mil mensais. Entre os militares, o benefício médio é de R$ 13,7 mil.Já os trabalhadores urbanos aposentados do RGPS (Regime Geral de Previdência Social) receberam, em média, R$ 1,6 mil e, os rurais, R$ 963 mensais.A reforma do governo propõe aumentar a atual alíquota única de contribuição previdenciária (11%) dos servidores públicos e criar uma alíquota progressiva de acordo com o salário.Nas regras atuais, os servidores públicos que entraram até 2013, sem aderirem à aposentadoria complementar, têm a possibilidade de receber aposentadoria até o teto constitucional (atualmente em R$ 39.200), pagando uma alíquota única de 11% sobre o salário. Para servidores que entraram após 2013, a aposentadoria é limitada ao teto do INSS (atualmente em R$ 5.839), com cobrança de 11%.Hoje, um servidor que ganha R$ 30 mil contribui com R$ 3,3 mil à Previdência Social. Pelas regras propostas na reforma, a alíquota sobre o salário deste mesmo funcionário passaria a ser de 16,11%, e ele contribuiria com R$ 4,8 mil mensais.FALSOGrandes empresas devem R$ 476 bilhões para a Previdência. Ao contrário do que mistificam alguns, 82% são ativas. Entre elas a Vale, o Bradesco, o Itaú e a JBS. Estranho não ver na reforma que diz ""combater privilégios"" uma iniciativa para cobrar essas dívidas dos poderosos. - Guilherme Boulos, ex-presidenciável do PSOL e liderança do MTST, no Twitter.De acordo com a PGFN (Procuradoria-Geral da Fazenda Nacional), em janeiro de 2017, o valor da dívida de todos os contribuintes com a Previdência Social era de aproximadamente R$ 432,9 bilhões, sendo que R$ 52 bilhões já estavam em processo de pagamento pelos devedores. Além disso, Vale, Bradesco, Itaú e JBS não estão na lista dos devedores da Previdência, como é possível verificar no site da PGFN.Segundo a procuradoria, os cinco maiores devedores atualmente são as falidas companhias aéreas Varig, Vasp e a Transbrasil - que, juntas, somam débitos de R$ 6,53 bilhões com remota possibilidade de recuperação - e duas empresas estatais: Água e Esgotos do Piauí e o Instituto Candango de Solidariedade, que devem R$ 1,8 bilhão à Previdência Social.Atualmente, 58% das dívidas previdenciárias (R$ 380 bilhões) são de baixa possibilidade de recuperação - referentes à empresas extintas ou falidas - e 42% de alta ou média chance: R$ 160 bilhões. Logo, ainda que fosse pago integralmente, essa parcela recuperável não seria suficiente para cobrir o déficit do Regime Geral de Previdência Social, que alcançou R$ 195,2 bilhões em 2018.Durante a coletiva de imprensa de apresentação da proposta de reforma previdenciária, o secretário especial de Previdência e Trabalho, Rogério Marinho, afirmou que o governo pretende enviar ainda este ano ao Congresso Nacional um projeto de lei para aumentar o rigor na cobrança de devedores previdenciários, incluindo medidas como redução do prazo de parcelamento da dívida renegociada e regras mais rígidas de renegociação para grandes devedores contumazes. CONTRADITÓRIOQuem ganha mais contribuirá com mais - presidente Jair Bolsonaro (PSL), em pronunciamento oficial.Ao anunciar a reforma da Previdência em cadeia nacional de rádio e TV, o presidente da República Jair Bolsonaro afirmou que a proposta do seu governo prevê uma contribuição maior de quem ganha salários mais altos. Porém, em janeiro, ele havia dito em entrevista ao SBT que não pretendia aumentar a alíquota de contribuição previdenciária.Na entrevista, Bolsonaro afirmou que seria ""injusto"" aumentar alíquota de contribuição previdenciária de servidores públicos porque eles ""já têm uma alíquota do Imposto de Renda altíssima, que não é corrigida ano após ano"". Segundo disse o presidente à época, a alíquota de ""11% está de bom tamanho"".Porém, a PEC 6/2019 prevê a unificação das alíquotas de contribuição de servidores públicos e trabalhadores da iniciativa privada em uma tabela que vai de 7,5% a mais de 16,79%, de acordo com o salário dos segurados.No modelo atual, um trabalhador que ganha R$ 30 mil paga uma contribuição previdenciária de R$ 3,3 mil (alíquota de 11%). De acordo com as regras da reforma, esse mesmo segurado passaria a pagar uma alíquota de 16,11% e, consequentemente, a contribuição previdenciária subiria para R$ 4,8 mil.IMPRECISOReforma da Previdência de Bolsonaro reduz de 1 salário mínimo para QUATROCENTOS REAIS o benefício de prestação continuada (voltada aos idosos mais pobres). - deputada federal Jandira Feghali (PCdoB-RJ), no Twitter.A proposta de reforma da Previdência do governo prevê que idosos pobres, com renda mensal familiar per capita de até ¼ do salário mínimo, entre 60 e 70 anos, recebam BPC (Benefício de Prestação Continuada) no valor de R$ 400, mas, aos 70 anos, esse valor subiria para um salário mínimo.O BPC é um benefício assistencial previsto no artigo 203 da Constituição Federal. Pela regra atual, definida no artigo 20 LOAS (Lei Orgânica da Assistência Social), o benefício atende ""pessoa com deficiência e ao idoso com 65 (sessenta e cinco) anos ou mais que comprovem não possuir meios de prover a própria manutenção nem de tê-la provida por sua família"".Na PEC 6/19, o governo antecipa o direito de recebimento do benefício para idosos carentes com 60 anos de idade, mas para idosos entre 65 e 70 anoso valor seria reduzido em relação ao que é pago hoje.No artigo 41 da proposta, está previsto que idosos entre 60 e 65 anos, com renda mensal familiar per capita de até ¼ do salário mínimo, tem direito a um BPC de R$ 400, ou seja, valor desvinculado do salário mínimo.Ao completar 70 anos, caso o idoso não apresente os requisitos para se aposentar pelo INSS (mínimo de 20 anos de contribuição), ele passaria a receber o BPC de um salário-mínimo, tendo o benefício reajustado pelo aumento do piso nacional.A proposta de reforma do Planalto não altera o recebimento do BPC por deficientes de baixa renda. Eles continuam tendo o direito ao benefício pelas atuais regras da LOAS.Outro lado. Em nota, a assessoria de imprensa da deputada federal Jandira Feghali afirmou que ""o BPC proposto pelo Governo Bolsonaro é uma afronta aos trabalhadores"" e que, ""apesar de não estar no tweet a informação que é a partir dos 60 anos, o novo valor é uma ofensa para milhões de usuários carentes da Previdência Social"".IMPRECISOHoje uma mulher pode se aposentar aos 60 anos, se tiver contribuído por 15 anos com o INSS. Com a reforma, a mulher terá que trabalhar, pelo menos, até os 62 anos e contribuir com o INSS por 40 anos para receber o valor integral. Se contribuir por 20 anos, receberá 60% - deputado federal Marcelo Freixo (PSOL-RJ), no Twitter.A declaração de Freixo omite que, hoje, ao cumprir o tempo mínimo de contribuição de 15 anos, as mulheres já não recebem a integralidade da média dos benefícios.Atualmente, de acordo com a lei nº 8213, uma trabalhadora do setor privado precisa atingir idade mínima de 60 anos e acumular 15 anos de contribuição à previdência para se aposentar por idade. O cálculo atual do benefício é de 70% da média dos 80% maiores salários, mais um ponto percentual por ano de contribuição.Assim, uma mulher com 60 anos e 15 anos de contribuição receberia 85% da média das contribuições. Para se aposentar ganhando a integralidade da contribuição, ela deve contribuir por 30 anos.Nas novas regras de aposentadoria propostas na PEC 6/2019, uma empregada do setor privado passaria a ter que que trabalhar até os 62 anos, contribuindo por, no mínimo, 20 anos, para receber 60% da média de 100% das contribuições. Para garantir o recebimento da integralidade, ela precisaria contribuir o equivalente a 40 anos.VERDADEIROPensão por morte abaixo do mínimo - deputado federal Henrique Fontana (PT-RS), no Twitter.A declaração de Fontana é VERDADEIRA, pois a reforma proposta pelo governo Bolsonaro desvincula o benefício do salário mínimo.Atualmente, o valor da pensão por morte é igual ao da aposentadoria que o segurado recebia ou daquela a que teria direito se estivesse aposentado por invalidez na data do falecimento. O conjunto de dependentes de trabalhadores da iniciativa privada tem direito a um benefício com valor até o teto do INSS. No caso dos dependentes de servidores públicos, o valor máximo da pensão é o limite do teto do INSS mais 70% do valor que exceder o teto. A regra atual também estabelece um piso de um salário mínimo para o benefício.Com as novas regras, o benefício da pensão permaneceria no valor que o segurado recebia ou que ele teria direito caso se aposentasse por invalidez na data do óbito. Mas, sobre esse valor, seria instituído um sistema de cotas: se a pensão for deixada para um beneficiário, ele terá direito a 60% do valor do benefício. Sobre essa parcela seriam acrescidos 10 pontos percentuais a cada dependente até o limite de 100%.Esse sistema permite que o valor da pensão fique abaixo do salário mínimo. A Secretaria da Previdência informou ""que o objetivo da pensão não é substituir o salário, e sim complementar a renda familiar"".VERDADEIROOs mais pobres já se aposentam mais tarde. Quem está usufruindo da aposentadoria precoce são justamente as classes mais favorecida - ministro da Economia Paulo Guedes, em entrevista à NBR.De fato, nas regras previdenciárias atuais, as pessoas de menor renda se aposentam mais tarde do que as mais ricas.Isso porque as pessoas de maior renda entram no mercado formal de trabalho mais cedo e, portanto, conseguem se aposentar antes ganhando mais, segundo a Secretaria da Previdência. As aposentadorias por tempo de contribuição ocorrem quase sete anos antes das que são concedidas por idade. Além disso, as pessoas que trabalham mais tempo recebem menos da metade do auferido por quem se aposenta antes.De acordo com o Boletim Estatístico da Previdência Social, do Ministério da Economia, os trabalhadores que se aposentam pelo INSS por tempo de contribuição, param de trabalhar aos 54,6 anos, em média, e ganham benefício médio de R$ 1.985. Os aposentados por idade trabalham quase sete anos, até os 61 anos, em média, e recebem R$ 969.Os servidores públicos federais do Executivo, segundo o boletim estatístico do Ministério da Economia, se aposentam em média com 59 anos e ganham em média R$ 8.478.Outro lado. Os políticos que tiveram declarações checadas por Aos Fatos foram procurados para comentar os resultados da verificação, mas, até a tarde desta quarta-feira (27), somente a deputada Jandira Feghali havia respondido.TwitterFacebookEmailWhatsAppLeia tambémCinco fatos sobre migraçãoNão é verdade que Moro afastou promotor do caso Queiroz e delegado que investiga morte de MarielleHomem em foto com Flávio Bolsonaro é assessor do senador, não acusado de matar Marielle]"	1
85	Gleisi não propôs faixas com a frase Residência livre de armas; tweet é falso	"Gleisi não propôs faixas com a frase Residência livre de armas; tweet é falsoGleisi não propôs faixas com a frase Residência livre de armas; tweet é falsoTwitterFacebookE-mailWhatsAppGleisi não propôs faixas com a frase Residência livre de armas; tweet é falsoPor Luiz Fernando Menezes 16 de janeiro de 2019, 15h03TwitterFacebookEmailWhatsAppÉ falso o tweet no qual a senadora e deputada federal eleita Gleisi Hoffmann (PT-PR) propõe que pessoas contrárias ao decreto do presidente Jair Bolsonaro (PSL) que flexibilizou a posse de armas pendurem na frente de suas casas uma faixa com a frase ""Residência livre de armas"". Não há qualquer publicação parecida na conta da senadora e o tweet apresenta características de montagem.Ainda assim, o post falso disseminado por perfis como o AntiCurruPTus (@curruPTus) e Corrupção Brasileira Memes (@CorrupcaoMemes) tem sido tomado como verdadeiro por usuários não só do Twitter, mas de outras redes sociais, como o Facebook. Por lá, posts com reprodução do tweet enganoso também foram denunciadas por usuários e marcados com o selo FALSO na ferramenta de verificação da rede social (entenda como funciona).FALSOGleisi Hoffman: Vamos mostrar quem luta pela paz! Coloque uma faixa bem grande na sua casa com os dizeres: ""Residência livre de armas""A publicação falsa começou a ser compartilhada no Twitter logo após o anúncio do decreto presidencial que flexibilizou a posse de armas de fogo no Brasil, nesta terça-feira (15). O post, no entanto, nunca foi publicado pela senadora.Em uma pesquisa no perfil oficial @gleisi, não houve nenhum tweet com a declaração citada. Sobre o decreto, a senadora só se pronunciou por meio de duas publicações - uma comentando a decisão do governo e outra, que cita a última pesquisa do Datafolha, informando que o PT entrará com decreto legislativo para revogar a medida.Além disso, é possível perceber características de montagem apenas observando o tweet em questão: não há o selo de conta verificada ao lado do nome do perfil, a foto é quadrada em vez de redonda e o botão de ""Seguindo"" não é parecido com o original do Twitter.A única postagem parecida com a citada pelo boato foi encontrada em um perfil do Twitter que nada tem a ver com a senadora.Procurada por Aos Fatos nesta quarta-feira (16), a assessoria da senadora respondeu que a publicação ""não foi postada nas redes sociais da presidenta do PT, Gleisi Hoffmann"".O decreto. O presidente Jair Bolsonaro assinou na manhã da última terça-feira (15) um decreto para facilitar a posse de armas de fogo. No novo texto, é permitido aos cidadãos manterem armas de fogo em suas residências, desde que cumpridos alguns requisitos, como morar em cidades com índices anuais de mais de dez homicídios por cem mil habitantes, residir em área rural, comprovar existência de cofre ou local seguro para armazenamento da arma e não ter antecedentes criminais, por exemplo.Vale ressaltar que a posse é a autorização para manter uma arma de fogo em casa. O porte de armas, que não foi abarcado pelo decreto, que permite que cidadãos possam andar com uma arma na rua. Suas regras, no entanto, são bem mais rigorosas.TwitterFacebookEmailWhatsAppLeia tambémCinco fatos sobre migraçãoNão é verdade que Moro afastou promotor do caso Queiroz e delegado que investiga morte de MarielleHomem em foto com Flávio Bolsonaro é assessor do senador, não acusado de matar Marielle]"	1
86	Moro já havia determinado a prisão de Lula em 2018, mas a decisão foi revertida pelo Tribunal Regional Federal da 4ª Região (TRF-4).	"O que dizem os fatos e os políticos que comentaram a condenação de LulaO que dizem os fatos e os políticos que comentaram a condenação de LulaTwitterFacebookE-mailWhatsAppO que dizem os fatos e os políticos que comentaram a condenação de LulaPor Luiz Fernando Menezes 14 de julho de 2017, 17h40TwitterFacebookEmailWhatsAppLogo após a condenação do ex-presidente Luiz Inácio Lula da Silva pelo juiz Sérgio Moro nesta quarta-feira (12), muitos políticos, principalmente os cotados para as eleições presidenciais do ano que vem, se posicionaram nas redes sociais.Para o prefeito de São Paulo, João Doria (PSDB), a sentença significa que ""o maior cara de pau do Brasil foi condenado"". Jair Bolsonaro (PSC-RJ) parabenizou Sérgio Moro ""pelo trabalho maravilhoso"" que a equipe vêm fazendo em prol de um Brasil melhor. Já a ex-senadora Marina Silva (Rede) apenas disse que ""ninguém é grande demais, poderoso demais, importante demais para estar acima da lei"". Ciro Gomes (PDT) também comentou a condenação e afirmou que, apesar de também acreditar que ninguém está ""imune ao alcance da Justiça"", não há provas cabais de corrupção.Aos Fatos checou as publicações nos perfis de alguns dos deputados e senadores mais influentes nas redes sociais. Quanto à condenação, já checamos as declarações feitas pelo PT, pela defesa e pelo próprio Lula.VERDADEIRONunca antes na história desse país um ex-presidente foi condenado criminalmente. - deputado federal Eduardo Bolsonaro (PSC-SP)Lula realmente foi o primeiro ex-presidente a ser condenado criminalmente pela Justiça, como afirma Eduardo Bolsonaro em uma declaração em seu perfil no Twitter. Apesar de Dilma Rousseff também ter sido condenada por crime de responsabilidade, de acordo com a a lei 1.079/1950, sua sentença foi dada pelo plenário do Senado, não pela Justiça. A condenação da ex-presidente implicou na perda de seu mandato e poderia tê-la tornado inelegível a qualquer cargo público por oito anos. Por decisão do Supremo Tribunal Federal durante a votação do impeachment no Senado, no entanto, Dilma não perdeu os direitos políticos.Já Michel Temer foi o primeiro presidente em mandato acusado de corrupção. A denúncia foi feita pelo procurador-geral da República, Rodrigo Janot, no dia 26 de junho. O presidente aguarda a Câmara decidir se dará prosseguimento à acusação.Porém, se Lula vier a ser condenado em segunda instância, ele não será o primeiro ex-presidente preso. Hermes da Fonseca ficou meses na prisão em 1922 por envolvimento na revolta tenentista. Washington Luís e Artur Bernardes também foram encarcerados por apoiar revoltosos constitucionalistas no governo de Getúlio Vargas. Nenhum deles foi condenado.FALSOAtenção: além de condenar Lula, Moro proibiu o ex-presidente de exercer cargos públicos por 18 anos! - Movimento Brasil LivreApesar de ter sido condenado pelo juiz Sérgio Moro, o ex-presidente Lula não perdeu seus direitos políticos e ainda pode se candidatar a cargos públicos, inclusive à Presidência da República. A declaração que afirmava o contrário foi publicada no perfil do Twitter do MBL (Movimento Brasil Livre).Com a condenação, Lula agora deve ser julgado em segunda instância pelos desembargadores do Tribunal Regional Federal da 4ª Região. Uma condenação nessa instância enquadraria Lula na Lei da Ficha Limpa, o que o tornaria inelegível. Portanto, o ex-presidente só perde os direitos políticos se a condenação for mantida pelos desembargadores.Além disso, se a pena de nove anos e seis meses for mantida, Lula se tornará inelegível pelo dobro do tempo de acordo com a lei 9.613/1998, o que totalizaria 19 anos, não 18.EXAGERADOCom sua sentença cínica, Moro colabora com a mídia e arruma assunto para que a reforma trabalhista e Temer desapareçam do noticiário. - senador Lindbergh Farias (PT-RJ)Ao contrário do que afirma o senador em sua conta no Twitter, a denúncia de corrupção contra o presidente Michel Temer e notícias a respeito da aprovação da reforma trabalhista não desapareceram do noticiário. Na página princial do site da Folha, por exemplo, cerca de 24 horas depois da condenação de Lula, na última quinta-feira (13), a manchete explicitava a manobra do governo para derrubar parecer favorável à denúncia contra Michel Temer sob a vinheta ""Governo Encurralado"". Na lateral, ocupando também posição de destaque, está a notícia de que Temer sancionou a reforma trabalhista, que altera a CLT.É apenas mais embaixo, em segundo plano, que vem a informação de que o presidente do Tribunal Regional Federal afirma que o caso de Lula será julgado antes da eleição.No Estadão, a disposição das notícias era semelhante na tarde de quinta-feira. Na manchete estava o parecer favorável à denúncia derrotado na CCJ e, em segundo plano, a notícia sobre Lula.A condenação de Lula pode ter ocupado posição de grande destaque do ponto de vista editorial, mas ela de forma alguma fez com que Temer ou a reforma trabalhista desaparecessem do noticiário. A afirmação é, portanto, exagerada.É verdade ainda que ambos os jornais defenderam, em editorial, mudanças na reforma trabalhista. O Estadão diz que ""a aprovação da reforma trabalhista é um alento para o país"" e dá espaço para a defesa do mandato de Temer em sua editoria de opinião. A Folha também considerou positivos avanços na tramitação do projeto no Legislativo no início deste mês. O jornal, entretanto, tem publicado editoriais críticos a Temer, como o de 28 de junho, em que relembra ter pedido a renúncia tanto de Dilma quanto de Temer no ano passado. IMPRECISO[Moro condenou] quem tirou o Brasil do Mapa da Fome e foi reconhecido pelos líderes mundiais. - senador Renan Calheiros (PMDB-AL)Em declaração publicada em sua conta no Twitter, o senador se refere ao ano de 2014, quando a ONU (Organização das Nações Unidas) divulgou que o Brasil tinha apenas 1,7% da sua população (3,4 milhões) com um consumo diário abaixo de 2,2 mil calorias e, com isso, havia conseguido sair do Mapa da Fome. Dilma Rousseff era a então presidente do Brasil.Segundo a FAO (Organização das Nações Unidas para a Alimentação e a Agricultura), o resultado só foi possível graças a ""um conjunto de ações de políticas de segurança alimentar e nutricional com transferência condicional de renda"".Uma dessas políticas, por exemplo, é o Bolsa Família, criado durante o governo Lula e que unificou, aperfeiçoou e deu escala a alguns programas sociais originários também no governo Fernando Henrique Cardoso: o Bolsa Escola, o Bolsa Alimentação, o Auxílio-Gás e o Cadastramento Único do Governo Federal.Porém, há discordâncias sobre quando o Brasil efetivamente foi retirado do Mapa da Fome: em 2014, a FAO adotou uma nova metodologia que passou a considerar a alimentação fora de casa na radiografia da segurança alimentar do país. De acordo com o Ministério do Desenvolvimento, se essa metodologia tivesse sido adotada antes, o Brasil teria passado a pertencer à lista de países que superaram a fome em 2006. Ou seja, no governo Lula mesmo.É importante ressaltar, no entanto, que o Brasil pode voltar a fazer parte do Mapa da Fome, de acordo com novo relatório da ONU, devido aos cortes nos Programas de Aquisição de Alimentos da Agricultura Familiar e na exclusão de famílias do Bolsa Família.TwitterFacebookEmailWhatsAppLeia tambémCinco fatos sobre migraçãoNão é verdade que Moro afastou promotor do caso Queiroz e delegado que investiga morte de MarielleHomem em foto com Flávio Bolsonaro é assessor do senador, não acusado de matar Marielle]"	1
87	É falso tuíte do PSL a favor do fim de férias remuneratas e 13° salário.	" #Verificamos: É falso tuíte do PSL a favor do fim de férias remuneradas e 13° salárioPerfil que teria publicado mensagem nas redes sociais não pertence ao partido políticoCircula nas redes sociais a imagem de um tuíte atribuído ao Partido Social Liberal (PSL), legenda do presidente da República, Jair Bolsonaro, em defesa do fim do 13° salário e das férias remuneradas. Por meio do projeto de verificação de notícias, usuários do Facebook solicitaram que esse material fosse analisado. Confira a seguir o trabalho de verificação da Lupa:""A direção distrital do PSL esclarece: é falsa a notícia espalhada pelo PT de que acabaremos com o salário mínimo. Defendemos apenas o fim do 13° salário e das férias pagas.""Legenda de imagem que, até as 16 horas do dia 21 de fevereiro de 2019, tinha sido compartilhada mais de 250 vezes no Facebook.FALSOO tuíte analisado pela Lupa existe, mas não foi feito pelo perfil oficial do PSL. A conta oficial da legenda no Twitter é o @PSL_Nacional e possui selo de verificação. Na foto compartilhada pelo Facebook, o endereço que aparece é o @PSLOFICIAL. Todos os tuítes desta conta, que tem apenas 146 seguidores, foram deletados.Tanto o 13° salário como as férias remuneradas são direitos garantidos pela Constituição e fazem parte das cláusulas pétreas. São dispositivos que não podem ser modificados nem mesmo por uma proposta de emenda constitucional.Essa checagem foi feita pelos sitesAos Fatos e Fato ou Fakeno ano passado.Nota: esta reportagem faz parte do projeto de verificação de notícias no Facebook. Dúvidas sobre o projeto? Entre em contato direto com o Facebook.Editado por: Natália Leal"	1
88	Amelinha Teles, como é conhecida, apareceu em diversas redes sociais com fotos e vídeos que a mostravam como responsável pelo assassinato e esquartejamento de militares durante a ditadura militar.	"Não é verdade que Amelinha Teles matou militares na ditaduraNão é verdade que Amelinha Teles matou militares na ditaduraTwitterFacebookE-mailWhatsAppNão é verdade que Amelinha Teles matou militares na ditadura 26 de outubro de 2018, 16h03TwitterFacebookEmailWhatsAppÉ falso que Maria Amélia de Almeida Teles tenha sido presa durante a ditadura por ter assassinado e esquartejado militares, como afirmam imagens que circulam nas redes sociais (veja aqui e aqui). Amelinha Teles, como é conhecida, apareceu na propaganda eleitoral de Fernando Haddad, presidenciável do PT, dando um depoimento sobre a sua prisão e as sessões de tortura a que ela e seu marido, Cezar Augusto Teles, foram submetidos em 1972. No processo movido durante o regime militar, a acusação contra ela não é de assassinato, mas por produzir e disseminar ""propaganda escrita"" do PC do B, agremiação que era clandestina e considerada subversiva à época.Este conteúdo enganoso foi checado pelo Comprova - coalizão de 24 veículos de imprensa brasileiros para o combate à desinformação nas eleições. Aos Fatos é parceiro institucional da iniciativa. Denunciado por usuários do Facebook, as versões da imagem foram classificadas com o selo FALSO na ferramenta de verificação da rede social (entenda como funciona). A mesma peça foi enviada por dezenas de leitores do Aos Fatos no WhatsApp com pedido de checagem. Para sugerir, envie uma mensagem para (21) 99956-5882.Confira abaixo, em detalhes, o que foi verificado.FALSOConheça a senhorinha que faz o depoimento tão comovente na propaganda do PT. Amélia Teles, guerrilheira muito conhecida na Guerrilha do Araguaia, presa juntamente com o marido César por ter matado e esquartejado 2 militares. Hoje, assim como Dilma Rousseff e outros terroristas, posam de vítimas.Não é verdade que Maria Amélia de Almeida Teles, conhecida por Amelinha Teles, foi condenada por matar militares. Além da que traz o texto descrito acima, outra imagem similar que circula nas redes sociais Facebook e WhatsApp traz a seguinte frase ""Essa senhora aparece na propaganda do Haddad chorando. Amelinha Teles, junto com seu marido, matou e esquartejou militares em nome da ditadura do proletariado"". Amelinha e o marido, Cezar Augusto Teles, não cometeram esse crime e nunca foram acusados, tampouco julgados, por ele.Amelinha Teles ficou em evidência nas redes após aparecer em um programa eleitoral do candidato à presidência do Partido dos Trabalhadores (PT), Fernando Haddad, no dia 16 de outubro. Ela deu um depoimento contando como ela e seu marido Cezar Augusto Teles foram presos em dezembro de 1972, torturados e humilhados pelos militares na frente dos filhos após uma violenta sessão de tortura. O TSE determinou a suspensão da veiculação dessa propaganda.O casal foi preso junto a outros militantes do PC do B. A acusação, na época, era de ""agrupamento prejudicial à segurança nacional"", e estava relacionada ao que foi classificado como ""propaganda escrita"" do partido - a edição de jornais, panfletos e artigos com conteúdo supostamente subversivo. O processo é de março de 1973. Ela foi condenada a sete meses de reclusão.No trecho em que o documento detalha a atuação de Amelinha no grupo não há qualquer menção ao crime de homicídio. O processo diz que Amelinha e o marido eram responsáveis pelo setor de imprensa do partido, e que a residência do casal havia se tornado um ""aparelho"" do partido. ""Mantinha estreitos ligamentos com membros da organização e quando da doença de seu espôso mudou-se para outro aparelho, com recursos fornecidos pelo Partido, onde mimeografou exemplares do jornal CLASSE OPERÁRIA, auxiliada por Carlos Nicolau Danielli, vulgo Antonio. Os documentos apreendidos em seu poder são altamente subversivos e bastariam para uma condenação"", detalha o processo.Amelinha e o marido foram torturados no DOI-CODI/SP. O comandante da unidade era o coronel Carlos Alberto Brilhante Ustra, que participou das sessões de tortura do casal. Ele foi declarado torturador pela Justiça brasileira em 2008. O coronel Ustra é frequentemente associado ao candidato do PSL, Jair Bolsonaro. O presidenciável declarou, em sabatina no programa Roda Viva em julho, que seu livro de cabeceira é A Verdade Sufocada - A história que a esquerda não quer que o Brasil conheça, de Ustra. Ele também dedicou à memória de Ustra o voto ""sim"" pelo impeachment de Dilma Rousseff (PT), acrescentando que ele era o ""pavor"" da então presidente. DIlma também foi torturada por Ustra durante a ditadura.Tanto no vídeo da campanha do PT quanto em outros depoimentos, como os prestados à Comissão da Verdade e à novela ""Amor e Revolução"", Amelinha descreve o tipo de tortura a que o casal foi submetido: cadeira do dragão, choques, espancamento e violência psicológica, com ameaças aos filhos. As crianças - Janaína e Edson, na época com 5 e 4 anos, respectivamente - foram levados para verem os pais torturados. Janaína também participou do vídeo da campanha de Haddad, relatando que lembrava de ter sido forçada a ver os pais naquela situação.Carlos Danielli, que foi preso junto com o casal, morreu numa sessão de tortura. A versão apresentada pelo DOI-CODI/SP era de que ele havia sido morto em tiroteio com policiais após tentativa de fuga. A história foi esclarecida pela Comissão da Verdade.Após a veiculação do vídeo e da circulação do boato sobre Amelinha, ela passou a sofrer ameaças pelas redes sociais. Amigos gravaram um vídeo em apoio. Aos Fatos é parceiro institucional do Comprova. Por meio dessa parceria, reproduz gratuitamente o conteúdo gerado pelo consórcio e presta consultoria sem contrapartida sobre tecnologia em checagem de fatos. A iniciativa é uma coalizão de 24 veículos de imprensa cujo objetivo é combater a desinformação durante as eleições presidenciais.TwitterFacebookEmailWhatsAppLeia tambémCinco fatos sobre migraçãoNão é verdade que Moro afastou promotor do caso Queiroz e delegado que investiga morte de MarielleHomem em foto com Flávio Bolsonaro é assessor do senador, não acusado de matar Marielle]"	1
89	Covas assume a Prefeitura de São Paulo e usa dados errados para defender gestão	"Covas assume a Prefeitura de São Paulo e usa dados errados para defender gestãoCovas assume a Prefeitura de São Paulo e usa dados errados para defender gestãoTwitterFacebookE-mailWhatsAppCovas assume a Prefeitura de São Paulo e usa dados errados para defender gestãoPor Bárbara Libório e Luiz Fernando Menezes 12 de abril de 2018, 18h19TwitterFacebookEmailWhatsAppNo último sábado (7), depois que João Doria (PSDB) deixou o cargo de prefeito de São Paulo para iniciar a campanha a governador do estado, seu sucessor e vice, Bruno Covas, assumiu a prefeitura da cidade. Em seu discurso de posse, o neto do ex-governador Mário Covas citou os feitos da gestão anterior, repetiu dados já checados sobre habitação e saúde e falou da gestão financeira da cidade.A pedido do leitor Rodrigo da Costa nas redes sociais, Aos Fatos checou algumas de suas declarações. Veja abaixo.EXAGERADO[Tivemos redução de] 30% dos cargos em comissão.Em dezembro de 2016, eram 6.061 os servidores ativos em cargos comissionados, segundo os números disponibilizados pelo portal Dados Abertos da Prefeitura de São Paulo. O mesmo portal mostra que, em fevereiro deste ano, o número chegou a 5.053. A redução, portanto, foi de 16% em um ano e dois meses.Outro lado. Segundo a Prefeitura, os dados consultados pela reportagem se referem apenas aos servidores não concursados, os chamados ""comissionados puros"" e não considera os cargos em comissão ocupados por servidores efetivos, ou seja, concursados que acumulam cargo de confiança. Ainda assim, conforme Aos Fatos apurou, a diferença é mínima - eram 6.100 em 2016 e em fevereiro deste ano eram 5.077.Mas a gestão afirma que essa base de dados apresenta somente os cargos ocupados. De acordo com a equipe do prefeito, a redução de mais de 3.000 cargos em comissão é o resultado da soma dos cargos já transferidos ao Quadro Específico (1.833) e dos cargos vagos, que não podem ser providos (1.594), das secretarias cujas reestruturações estão em andamento. Segundo a Prefeitura, são 3.427 cargos congelados.FALSORealizamos o maior Carnaval de rua do Brasil.Se levarmos em conta o número de foliões, na verdade, o carnaval de São Paulo foi este ano o segundo maior do Brasil, segundo dados das prefeituras publicados no jornal O Globo. Com 9,1 milhões de foliões até a terça-feira, 13 de fevereiro, a folia ultrapassou a festa carioca, que reuniu 6 milhões de pessoas até essa data.O carnaval paulistano só ficou atrás da festa de Salvador, que reuniu 15 milhões de foliões. Ainda se contabilizados os números até o pós-Carnaval, no fim de semana de 17 e 18 de fevereiro, o carnaval de rua de São Paulo atraiu 12,3 milhões de foliões.Mas São Paulo ultrapassou o Rio no número de blocos de rua e foi a cidade com mais blocos do país. Foram 491 blocos entre o pré e o pós-Carnaval (de 3 a 18 de fevereiro). Na capital fluminense, foram 473.Outro lado. A prefeitura afirmou que, como cita o jornal O Globo, o Carnaval de rua em São Paulo teve o maior número de blocos inscritos do país. Também ressalta que o período oficial do evento foi de 3 a 18 de fevereiro e que 12 milhões de pessoas passaram pelo evento ao longo dos dias.VERDADEIRO17 novos CTAs foram disponibilizados, ampliando a rede de atendimento para população em alta vulnerabilidade.Foi inaugurado em março deste ano o 17o Centro Temporário de Acolhimento da cidade, no bairro da Liberdade, região central da capital paulista. Segundo a Prefeitura de São Paulo, atualmente, a rede de acolhimento da Secretaria Municipal de Assistência e Desenvolvimento Social conta com 82 Centros de Acolhida, 17 CTAs e 5 unidades de Atendimento Diário Emergencial que, juntos, disponibilizam cerca de 14 mil vagas de acolhimento.Os CTAs começaram a ser implementados em janeiro do ano passado. Há centros nos bairros de Guaianases, Santana, Parque Novo Mundo, São Mateus, Mooca, Anhangabaú, Lapa, Brás, Aricanduva, Vila Mariana, Butantã, Santo Amaro, entre outros.EXAGERADO38,5 mil títulos de propriedades foram entregues...Como mostrado na última sexta-feira (6) por Aos Fatos, na verdade, de acordo com os últimos dados disponíveis pelo site PlanejaSampa, foram beneficiadas com títulos de garantia de posse 35,5 mil famílias até o segundo semestre de 2017. O PlanejaSampa é o site oficial que agrega e publiciza o avanço de políticas públicas e obras municipais. A meta, até o final do ano, é de que pelo menos 91 mil famílias sejam contempladas.Outro lado. Segundo a Prefeitura, durante o ano de 2018, a Secretaria Municipal de Habitação avançou e chegou a 38,5 mil famílias beneficiadas com ações de regularização fundiária, número fechado em 31 de março de 2018. E até dezembro de 2018, a expectativa da secretaria é que 81 mil famílias sejam beneficiadas. O site do PlanejaSampa, entretanto, fala em 91 mil.EXAGERADO... 35 mil unidades habitacionais foram viabilizadas...Até a última atualização do PlanejaSampa, no final de 2017, foram entregues 1.782 conjuntos habitacionais. Mas existem dois programa habitacionais da prefeitura que pretendem entregar, juntos, 25 mil unidades.O programa Casa da Família, que estimula a construção de moradias em lotes regularizados com complementos do subsídio destinado ao Programa Minha Casa Minha Vida, espera chegar a 24 mil unidades até 2020. No entanto, conforme diz o próprio portal que monitora as metas da gest"	1
90	Jean Wyllys não recebeu convite para ser Ministro da Educação de Haddad.	" #Verificamos: Jean Wyllys não recebeu convite para ser Ministro da Educação de HaddadSão falsas imagens que imitam layout do G1 e afirmam que deputado teria aceitado convite para chefiar pastaCircula nas redes sociais a informação de que Jean Wyllys, deputado federal pelo PSOL do Rio de Janeiro, teria aceitado o convite para assumir o Ministério da Educação em um eventual governo de Fernando Haddad, candidato do PT à Presidência da República. Por meio do projeto de verificação de notícias, usuários do Facebook solicitaram que esse material fosse analisado. Confira a seguir o trabalho de verificação da Lupa:""Jean Wyllys confirma convite de Haddad para ser ministro da educação em eventual governo do petista""Conteúdo contido em imagens (aqui, aqui, aqui, aqui e aqui) que, até às 15h do dia 24 de setembro de 2018, já tinham sido compartilhadas 126 mil vezes no FacebookFALSOEm nota (aqui, aqui e aqui também), a assessoria de Jean Wyllys negou que tenha havido qualquer convite ou sondagem desta natureza até a tarde da segunda-feira (24/9). A assessoria ressaltou ainda que a ""notícia"" analisada pela Lupa tem aparecido de forma recorrente na internet desde as eleições de 2014. Naquele ano, foi dito que Jean Wyllys seria ""ministro da Juventude"" da também petista Dilma Rousseff. Em 2016, o deputado foi falsamente nomeado secretário de educação de Haddad, na Prefeitura de São Paulo. ""É a mesma mentira em cada eleição"", reforça a nota. A assessoria de Fernando Haddad foi procurada pela reportagem e afirmou que a ""última preocupação"" do candidato agora é a formação de ministérios. ""Estamos preocupados em ganhar eleição e, para isso, temos que ampliar nosso espectro político, mas sem qualquer vínculo de negociação de cargos futuros"". O jornal Folha de São Paulo também fez verificação semelhante e ressaltou que o repórter, Bernardo Caram, que aparece como autor do falso texto do G1 trabalha para Folha desde março, quando deixou o portal da Globo. Não poderia, portanto, ser autor de notícia recente para essa empresa.*Atualização feita às 9h30 do dia 6 de outubro de 2018: Uma variação desta notícia foi detectada nas redes. Imagem informando que Wyllys havia dito que""a bíblia é uma piada"" e que ""as igrejas são circos"" passou a viralizar. Em julho de 2015, o deputado desmentiu essa declaração em seu Twitter. Na época, o Boatos.org fez uma verificação sobre isso.*Nota: esta reportagem faz parte do projeto de verificação de notícias no Facebook. Dúvidas sobre o projeto? Entre em contato direto com o Facebook.Editado por: Cristina Tardáguila e Chico Marés"	1
91	Lista que associa falta de dinheiro em hospitais à lei Rouanet tem informações distorcidas. Dos 14 projetos listados, oito não conseguiram captar verba de financiamento.	" #Verificamos: Lista que associa falta de dinheiro em hospitais à lei Rouanet tem informações distorcidasDos 14 projetos listados, oito não conseguiram captar verba de financiamentoCircula na internet a imagem de uma lista de projetos que supostamente teriam arrecadado verba via Lei Rouanet sob o título ""Por que faltou dinheiro nos hospitais"". Por meio do projeto de verificação de notícias, usuários do Facebook solicitaram que essas informações fossem analisadas. Confira a seguir o trabalho de verificação feito pela Lupa: ""Por que falou dinheiro nos hospitais? Ele foi desviado para financiar...""Título de lista que circula na internet e que até as 15h do dia 1° de novembro de 2018 já tinha sido compartilhada mais de 2,3 mil vezes no FacebookFALSODos 14 projetos mencionados na imagem analisada pela Lupa, que realmente cita propostas autorizadas pelo Ministério da Cultura (MinC) para captar recursos junto aos chamados incentivadores culturais, oito jamais conseguiram arrecadar verba alguma. Este é o resultado de um levantamento feito pela Lupa no Versalic, base de dados mantida pelo Ministério da Cultura em seu site. Criada em 1991, a Lei Rouanet é hoje o principal mecanismo para fomento às atividades culturais no país. Ela estabelece que o governo pode abrir mão de recolher parte do imposto de renda de empresas e pessoas físicas para que essa verba seja usada no apoio de projetos culturais aprovados pelo MinC. Cabe ao setor privado, e não ao governo, a escolha dos projetos aprovados nos quais desejam investir.Em setembro, a Lupa já havia encontrado conteúdo idêntico, citando os mesmos projetos, mas atribuindo a eles a falta de dinheiro para manutenção no Museu Nacional. Veja a seguir a checagem de cada um dos projetos mencionados pela corrente:""Documentário que contará a história e a vida de José Dirceu - R$ 1.526.536,35""Diversas notícias circularam em setembro de 2013, quando o MinC autorizou a captação de R$ 1,5 milhão para a realização de um filme sobre a vida do ex-ministro da Casa Civil José Dirceu (veja aqui, aqui e aqui). Mas o fato é que, de acordo com o portal da Agência Nacional do Cinema (Ancine), o valor citado na corrente é o montante autorizado para captação em todos os mecanismos de financiamento. O projeto, no entanto, foi cancelado sem que houvesse nenhuma captação de recursos via Lei Rouanet.""DVD de MC Guimê - R$ 516 mil""A produtora do artista foi autorizada a captar R$ 516,5 mil para a gravação do DVD de um show em São Paulo com 14 canções, além da prensagem de três mil cópias da apresentação. Não apareceram incentivadores interessados no projeto, que foi arquivado em 2015.""O Mundo Precisa de Poesia - Maria Bethânia - R$ 1,3 milhão""O projeto previa a criação de um portal para exibir, durante um ano, a cantora Maria Bethânia declamando obras clássicas em versos. Os produtores pediram ao MinC R$ 1.798.600, mas foram autorizados a captar, até 31 de maio de 2012, R$ 1.356.858. A proposta foi alvo de críticas e acabou sendo arquivada sem arrecadar um real.""Turnê Luan Santana: Nosso Tempo é Hoje Parte II - R$ 4,1 milhões""Também não houve nenhum incentivador - seja pessoa física ou pessoa jurídica - para contribuir com qualquer quantia para a turnê do cantor Luan Santana entre 2014 e 2016. O projeto foi arquivado""Turnê Detonautas - R$ 1 milhão""A banda de rock Detonautas também teve um projeto aprovado para captar recursos pela Lei Rouanet (em 2013). Mas a proposta foi arquivada por ""excesso de prazo sem captação"".""Shows Cláudia Leitte - R$ 5,8 milhões""O MinC autorizou que Cláudia Leitte captasse R$ 5,8 milhões. Em quase dois anos, ela arrecadou R$ 1,2 milhão, dado pela empresa de TV por assinatura Sky Brasil. Foi instaurada uma tomada de contas especial para analisar o projeto, conforme consta no Versalic.""Filme Brizola, Tempos de Luta e exposição. Um brasileiro chamado Brizola - R$ 1,9 milhão""No portal Versalic, em que é possível encontrar os projetos autorizados a captar recursos via Lei Rouanet, há apenas um projeto sobre o ex-governador do Rio de Janeiro e do Rio Grande do Sul Leonel Brizola: trata-se de uma peça de teatro autorizada a captar 1,6 milhão entre 2015 e 2017 - mas nada foi captado.""Peppa Pig - R$ 1,7 milhão""A peça teatral infantil ""Peppa Pig"" pôde captar R$ 1,7 milhão entre 2014 e 2016, mas o projeto foi arquivado porque não houve interessados em aportar recursos.""Painel Artístico Club A São Paulo - R$ 5,7 milhões""O Club A, localizado em São Paulo, pôde captar R$ 5,7 milhões para a ""criação de um painel artístico de difusão cultural nos segmentos da música, dança e artes cênicas, dentro e fora do espaço físico do Club A São Paulo"". Depois de um ano aberto para captação de recursos sem sucesso, o MinC arquivou o projeto. O próprio Club A já não demonstrava interesse em prorrogar o prazo.""Shrek, O Musical e Turnê - R$ 17,8 milhões""Em 2011, a peça ""Shrek, O Musical"", foi autorizada a captar R$ 8,2 milhões - conseguiu 73% deste valor: R$ 6 milhões. A operadora Vivo, os bancos Bradesco e Alvorada e a Nestlé contribuíram com o projeto. Três anos depois, a mesma produtora obteve autorização para captar R$ 9,6 milhões para a turnê do musical por cinco capitais brasileiras. Conseguiu R$ 5,3 milhões, que foram dados por sete empresas - entre elas os Correios, que contribuíram com R$ 1,8 milhão. ""Cirque Du Soleil - R$ 9,4 milhões""Em 2006, a produtora do famoso Cirque Du Soleil, espetáculo de circo apresentado em vários lugares do mundo, pediu para captar R$ 22,3 milhões. O MinC autorizou a captação de menos da metade deste valor: R$ 9,4 milhões.""Livro com fotos de Chico Buarque - R$ 414 mil""Em março deste ano, o MinC autorizou a captação de R$ 415 mil para a produção de um livro fotobiográfico do compositor Chico Buarque. Faltando ainda seis meses para o fim do período de captação, já foram arrecadados R$ 221 mil, dados pela seguradora Icatu.""Museu Lula - 7,9 milhões""O Museu do Trabalho e dos Trabalhadores seria construído em São Bernardo do Campo (SP) e ficou conhecido como ""Museu do Lula"". Teria cerca de 4.500mu00b2 e seria dedicado a ""articular a memória e a história dos trabalhadores e trabalhadoras"". O MinC aprovou R$ 19,8 milhões para serem captados - em cinco anos, o projeto arrecadou R$ 3,6 milhões, da Vale e da construtora OAS. Em março, o ex-governador de São Paulo Geraldo Alckmin - agora candidato à Presidência pelo PSDB - anunciou a construção de uma Fábrica de Cultura no lugar do projeto original.""Queermuseu - R$ 800 mil""Realizada em 2017, em Porto Alegre (RS), a Queermuseu, exposição destinada a discutir a diversidade sexual, foi autorizada a captar R$ 1,41 milhão, divididos em dois projetos - um para captar R$ 872 mil, e outro de R$ 539 mil. A primeira proposta conseguiu R$ 800 mil, a maior parte do banco Santander, cujo centro cultural sediou a mostra. Já o outro projeto não conseguiu nenhum apoio. A mostra acabou cancelada depois de protestos, mas foi reaberta no Rio de Janeiro, em 2018.*Nota: esta reportagem faz parte do projeto de verificação de notícias no Facebook. Dúvidas sobre o projeto? Entre em contato direto com o Facebook.Editado por: Chico Marés e Leandro Resende"	1
92	"A notícia falsa é: ""Um flagrante é de ataque em Londres, na Inglaterra. Delegação afirma que casos investigados até agora são falsos."""	"""É #FAKE que vídeo mostra tentativa de roubo de criança na Baixada Fluminense""Flagrante é de ataque em Londres, na Inglaterra. Delegada afirma que casos investigados até agora são falsos. Mensagem que circula nas redes sociais mostra um vídeo de uma suposta tentativa de sequestro de criança em Nilópolis, na Baixada Fluminense. O flagrante mostra quatro homens em duas motos parando na esquina de uma rua com uma avenida movimentada. Logo depois, uma mulher passa com uma criança e é abordada. Assustada, ela agarra a criança e corre entre os carros. Os bandidos fogem. Mas a tentativa de sequestro é #FAKE.O flagrante foi feito em Londres, na Inglaterra. A mão invertida da rua no fundo da imagem ajuda a elucidar a falsidade do vídeo. Não é verdade que ele seja de uma tentativa de sequestro de criança em Nilópolis.A delegada Daniela Rebelo investigou dois supostos casos de sequestro de criança na Baixada e afirmou serem falsos. O primeiro caso chegou a ela pelas redes sociais, um mês atrás.""Fomos buscar a mãe dessa suposta vítima. Achei, a princípio, uma história um pouco fantasiosa. Os policiais foram até o local da tentativa. Os fatos não se encaixavam direito. Pegamos câmeras e percebemos que ela passava pelo local tranquilamente com o filho, nada tinha acontecido"", contou Daniela.O outro caso foi há uma semana. ""A mãe não veio procurar a delegacia, mas nós fomos até ela. Tratava-se de uma tentativa de assalto"", afirmou.""Isso também não quer dizer que qualquer outra notícia que chegue à delegacia não seja apurada. Todas serão apuradas"", pontuou a delegada. "	1
93	Governo discute segurança de barragens em reunião comandada por Mourão. Após tragédia em Brumadinho (MG), Mourão e ministros avaliam mudanças na política de segurança de barragens. Governo recomendou a fiscalização imediata de todas as barragens. O presidente em exercício, Hamilton Mourão, se reúne nesta terça-feira (29) com ministros no Palácio do Planalto para discutir a segurança de barragens de Brasil. O encontro começou pouco depois das 9h.	"""Governo discute segurança de barragens em reunião comandada por Mourão""Após tragédia em Brumadinho (MG), Mourão e ministros avaliam mudanças na política de segurança de barragens. Governo recomendou a fiscalização imediata de todas as barragens. O presidente em exercício, Hamilton Mourão, se reúne nesta terça-feira (29) com ministros no Palácio do Planalto para discutir a segurança de barragens de Brasil. O encontro começou pouco depois das 9h.Realizada nas terças-feiras, a reunião do conselho de governo discutirá possíveis mudanças na Política Nacional de Segurança de Barragens (PNSB). A necessidade de alterações foi apontada pelo ministro do Desenvolvimento Regional, Gustavo Canuto, após o rompimento de uma barragem da mineradora Vale, em Brumadinho (MG), na sexta-feira (25).Entre as ações adotadas até o momento, o governo recomendou a órgãos federais a fiscalização ""imediata"" de todas as barragens, com ênfase para as que apresentam risco de ""dano potencial"" à vida humana.Vice-presidente da República, Mourão comanda a reunião do conselho de governo por estar no exercício da Presidência. O presidente Jair Bolsonaro foi submetido à uma cirurgia para religar o intestino e tem previsão de retornar ao trabalho na quarta-feira (30).Criada em 2010, a PNSB tem entre as metas garantir a observância de padrões de segurança para reduzir a possibilidade de acidentes em barragens. A lei estabelece:Desde a tragédia de Mariana (MG), em novembro de 2015, cinco projetos foram apresentados na Câmara para evitar riscos ambientais. Nesses três anos, porém, nenhum projeto avançou. "	-1
94	Militares entregam a Guedes proposta de reforma. O ministro da Defesa, Fernando Azevedo, mandará ainda hoje para o Ministério da Economia a proposta de Previdência dos militares, dando início à tramitação interna do projeto no governo. Antes de chegar à Câmara dos Deputados, até o próximo dia 20, a proposta dos militares passará ainda pela Secretaria de Assuntos Jurídicos, na Casa Civil, depois de deixar a Economia.	"""Militares entregam a Guedes proposta de reforma""Defesa apresenta projeto de mudança previdenciária. O ministro da Defesa, Fernando Azevedo, mandará ainda hoje para o Ministério da Economia a proposta de Previdência dos militares, dando início à tramitação interna do projeto no governo. Antes de chegar à Câmara dos Deputados, até o próximo dia 20, a proposta dos militares passará ainda pela Secretaria de Assuntos Jurídicos, na Casa Civil, depois de deixar a Economia.A proposta de reforma dos demais servidores e dos trabalhadores do Regime Geral já foi enviada via PEC para a Câmara dos Deputados, mas a votação na CCJ (Comissão de Constituição e Justiça), primeira etapa da tramitação, só se dará depois da chegada do projeto dos militares.""Estamos fazendo a nossa parte. Os militares sempre contribuíram para o país"", disse Azevedo ao blog. Depois de estudos feitos pela equipe da Defesa em conversas com a Economia, o projeto que chega hoje aos técnicos da Secretaria da Previdência altera quatro leis e uma medida provisória e prevê o equilíbrio entre despesas e receitas do sistema dos militares no decorrer do tempo. Segundo dados do Ministério da Economia, o déficit no sistema dos militares em 2018 foi de R$ 19 bilhões.No projeto proposto pelos militares, haverá o aumento da contribuição de 7,5% para 10,5%. Com a contribuição para pensão das filhas e para o sistema de saúde, o total chegará a 14%. Além disso, pensionistas, estudantes de instituições militares e cabos e soldados passarão a contribuir com 14%, cobrança que não existe hoje.Os militares também apresentarão propostas de reestruturação da carreira, que vem sendo gestada nas Forças Armadas desde 2015. Há um diagnóstico hoje de que as Forças Armadas não conseguem reter os bons quadros, porque a carreira deixou de ser atrativa. Hoje eles têm um dos salários mais baixos do Executivo. Perderam o auxílio-moradia e gratificações, por meio de uma medida provisória editada no governo Fernando Henrique Cardoso. Azevedo destaca que nos oito anos de FHC a inflação foi superior a 100%, mas a reposição salarial ficou em cerca de 40%.Não haverá aumento linear para os militares, mas adicionais de habilitação, para incentivar quem fizer cursos de aperfeiçoamento. Também está previsto na proposta um adicional de disponibilidade militar, concedido de acordo com a exigência do posto, a responsabilidade e o tempo disponibilizado para as Forças Armadas.Os militares também aumentarão o tempo de permanência na ativa, de 30 para 35 anos.Azevedo destacou que a carreira militar deve ser analisada sob a ótica das suas especificidades, como preconiza o artigo 142 da Constituição. ""Militar, por exemplo, não tem hora extra. Desvirtua a posição militar. Imagine eu, que servi no Haiti, depois de um dia de oito horas de trabalho dizer: agora acabou meu turno, não trabalho mais por hoje"", afirmou o ministro.Estimativas feitas pelo ministério mostram, por exemplo, que se um tenente recebesse hora extra mais adicional noturno o salário passaria de cerca de R$ 7 mil para R$ 16 mil. "	-1
95	Governo vai anunciar ampliação da validade da CNH, diz Bolsonaro. Presidente publicou em rede social neste sábado (9) que o ministro da Infraestrutura, Tarcísio Freitas, vai anunciar medidas de desburocratização e economia para o trânsito. Bolsonaro mencionou algumas medidas como a ampliação da validade da carteira.	"""Governo vai anunciar ampliação da validade da CNH, diz Bolsonaro""Presidente publicou em rede social neste sábado (9) que o ministro da Infraestrutura, Tarcísio Freitas, vai anunciar medidas de desburocratização e economia para o trânsito. O presidente Jair Bolsonaro afirmou neste sábado em rede social que o ministro da Infraestrutura, Tarcísio Freitas, vai anunciar medidas de desburocratização e economia para o trânsito.Bolsonaro mencionou algumas medidas como a ampliação da validade da carteira nacional de habilitação (CNH) e fim da obrigatoriedade de aulas em auto-escolas com simuladores. Sem dar detalhes das mudanças, o presidente também afirmou que ""medidas que afetam caminhoneiros serão extintas ou revistas"" e falou em simplificação do emplacamento.A resolução do Conselho Nacional de Trânsito (Contran) que tornou obrigatório o uso de simuladores pelas auto-escolas é de 2015.Na mesma publicação, o presidente afirmou que o Contran atrapalha a vida de quem transporta no Brasil.""O Contran emite cerca de 100 resoluções/ano atrapalhando a vida de quem transporta no Brasil"", disse Bolsonaro.No fim do ano passado, o presidente já havia falado em estender a validade da CNH. Atualmente, a CNH tem validade de cinco anos.Com a reforma ministerial feita em janeiro, o Contran passou a ser subordinado ao Ministério da Infraestrutura, comandado pelo ministro Tarcísio Gomes de Freitas. Até então, o conselho estava ligado ao extinto Ministério das Cidades. "	-1
96	TRF autoriza Rocha Loures a sair de casa à noite e nos finais de semana. O ex-assesor de Temer, flagrado recebendo R$ 500 mil da JBS, cumpre medidas cautelares de pena fora da prisão. O Tribunal Regional Federal da 1ª Região (TRF-1) revogou o recolhimento domiciliar imposto a Rodrigo Rocha Loures (MDB-PR), ex-deputado federal e ex-assesor do ex-presidente Michel Temer, flagrado recebendo R$ 500 mil da JBS, em 2017.	"""TRF autoriza Rocha Loures a sair de casa à noite e nos finais de semana""Ex-assessor de Temer, flagrado recebendo R$ 500 mil da JBS, cumpre medidas cautelares de pena fora da prisão. O recolhimento domiciliar era uma das medidas, mas foi revogada. O Tribunal Regional Federal da 1ª Região (TRF-1) revogou o recolhimento domiciliar imposto a Rodrigo Rocha Loures (MDB-PR), ex-deputado federal e ex-assessor do ex-presidente Michel Temer, flagrado recebendo R$ 500 mil da JBS, em 2017.A decisão é do juiz federal Marcelo Albernaz, que foi convocado na ausência do desembargador Neviton Guedes. Na prática, o TRF-1 liberou Loures para sair de casa entre 20h e 6h, e também nos finais de semana e feriados.O recolhimento domiciliar é diferente de prisão domiciliar. No recolhimento, o acusado deve ficar em casa durante a noite e nos dias de folga. Já na prisão domiciliar, o acusado só pode sair com autorização judicial.Em novembro do ano passado, a Justiça Federal em Brasília autorizou a retirada da tornozeleira eletrônica de Loures, mas manteve outras medidas cautelares, entre elas o recolhimento noturno. As outras medidas são:Rocha Loures chegou a ser preso pela PF em 2017 e conseguiu liberdade no mesmo ano. Quando foi solto, passou a usar tornozeleira por determinação da Justiça. Ao todo, ele ficou um ano e quatro meses com o equipamento.A decisão é de dezembro, mas só foi incluída nesta semana no processo a que Loures responde na Justiça Federal de Brasília por ter recebido a mala com R$ 500 mil que, segundo o Ministério Público, seria propina para o presidente Michel Temer - que sempre negou.Na decisão, o juiz disse que ""no caso, tal como opinou o Ministério Público Federal atuante em primeira instância, finda a instrução, a medida cautelar de recolhimento domiciliar imposta ao paciente não mais se justifica"" porque a fase de instrução processo já terminou.A ação penal a que Loures responde está em fase final. O Ministério Público pediu a condenação do assessor (alegações finais da acusação), faltam as alegações finais da defesa e o processo já estará pronto pra sentença. Loures trocou de advogado, o que levará a novos prazos para a defesa. "	-1
97	Tribunal de Contas da União (TCU) inves tigará atuação da agência de mineração após tragédia de Brumadinho. O Tribunal de Contas da União (TCU) aprovaram nesta quarta-feira (30) a abertura de um processo para investigar providências já adotadas e avaliar as que ainda serão tomadas pela Agência Nacional de Mineração (ANM) com o objeti	"""TCU investigará atuação da agência de mineração após tragédia de Brumadinho""Ministros do TCU aprovaram a abertura de processo para avaliar providências adotadas pela Agência Nacional de Mineração em relação ao desastre. Tribunal alerta para falta de recursos da autarquia.  O Tribunal de Contas da União (TCU) aprovou nesta quarta-feira (30) a abertura de um processo para investigar providências já adotadas e avaliar as que ainda serão tomadas pela Agência Nacional de Mineração (ANM) com o objetivo de apurar causas e responsabilidades pelo rompimento da barragem de rejeitos da Vale, em Brumadinho (MG).Na semana passada, o rompimento da barragem da mineradora levou uma enxurrada de lama à região. Até a tarde desta quarta-feira, as autoridades locais já haviam confirmado a morte de 84 pessoas. Outras 276 estavam desaparecidas.A investigação foi aberta a pedido do presidente do tribunal, ministro José Múcio.Segundo o ministro, o processo vai apurar ainda o que está sendo feito pela ANM para ""mitigar os danos gerados e evitar a ocorrência de novos incidentes graves em barragens de rejeitos"".Durante a sessão que aprovou a abertura do processo, Múcio afirmou que desde 2011 o tribunal tem verificado ""limitações significativas na estrutura orçamentária, financeira e de recursos humanos da autarquia que podem impactar o desempenho do órgão fiscalizador minerário"".A ANM sucedeu o antigo Departamento Nacional de Produção Mineral (DNPM) _ a diretoria da agência foi empossada em dezembro.Segundo ele, auditoria do TCU constatou, por exemplo, que as despesas discricionárias previstas para o Departamento Nacional de Produção Mineral (DNPM) sofreram declínio progressivo do total autorizado desde 2010.""Além disso, o DNPM contava com quadro técnico insuficiente diante da demanda de trabalho e percentual elevado de servidores aptos a se aposentar. A Superintendência de Minas Gerais, conforme um estudo promovido, contava com 79 servidores, enquanto seriam necessários 384 para atender aquela unidade"", afirmou o ministro.Em 2016, após o rompimento da barragem em Mariana (MG), uma auditoria do TCU apontou que a atuação do então Departamento Nacional de Produção Mineral (DNPM), responsável pela fiscalização das barragens do país, foi ""frágil e deficiente"", não sendo suficiente, desse modo, para impedir a tragédia.Durante a sessão desta quarta-feira, o ministro Raimundo Carreiro chegou a propor que o tribunal pedisse explicações ao Ministério da Economia e à Casa Civil sobre a liberação pela Caixa Econômica Federal do Fundo de Garantia do Tempo de Serviço (FGTS) para as vítimas do rompimento da barragem da Vale, em Brumadinho (MG). A proposta do ministro, no entanto, não foi aprovada pelo plenário.Carreiro pedia aos ministérios, que apontassem os fundamentos usados para classificar o rompimento de barragens como desastre natural. Para o ministro, o saque não poderia ser feito já que o rompimento da barragem não é um desastre natural, mas um desastre provocado pela Vale.""Eu indago se é justo uma empresa como a Vale provocar um desastre desse, destruindo vidas, patrimônios e o meio ambiente e o trabalhador, com a sua poupança, arcar com essa responsabilidade. Essa responsabilidade não é do trabalhador é da empresa que provocou"", afirmou.Ao questionar a comunicação, o ministro Benjamin Zymler afirmou que a autorização para o saque é uma medida paliativa e que o saque não isenta a Vale de indenizar as vítimas, mas que o questionamento do TCU atrasaria a liberação.""Algum gestor, em sã consciência, vai liberar o FGTS após um questionamento do TCU? Quanto tempo vamos demorar para tratar da legalidade? Enquanto isso as pessoas vão ficar sem o dinheiro"", questionou.Na segunda-feira, a Caixa Econômica Federal informou que vai liberar o saque para os moradores de Brumadinho que tiverem saldo em conta do FGTS.A liberação, contudo, ainda depende de as autoridades locais delimitarem a área atingida pela lama.De acordo com a Caixa, serão liberados até R$ 6.220 a cada morador da área atingida que tenha saldo no FGTS.Uma lei sancionada em 2004 permite o saque em casos de necessidade pessoal, cuja urgência e gravidade decorra de desastre natural. "	-1
98	Mourão diz que está pacificado nas Forças Armadas, aumentar de 30 para 35 anos o tempo que os militares devem permanecer na ativa para ter direito à aposentadoria.	"""Mourão diz que está pacificado nas Forças Armadas elevar para 35 anos contribuição de militares""Vice-presidente almoçou nesta sexta (1º) com ministro da Defesa para discutir alterações nas regras previdenciárias. Atualmente, militares contribuem 30 anos para se aposentar. O vice-presidente Hamilton Mourão afirmou nesta sexta-feira (1º) que está ""pacificado"" nas Forças Armadas aumentar de 30 para 35 anos o tempo que os militares devem permanecer na ativa para ter direito à aposentadoria.Mourão almoçou nesta sexta com o ministro da Defesa, Fernando Azevedo e Silva, para tratar da questão previdenciária dos militares.Ao final do almoço com o titular da Defesa, o vice-presidente foi questionado por repórteres sobre se estava pacificada a proposta de elevar para 35 anos a contribuição dos integrantes das Forças Armadas.""Tá, tá pacificado"", respondeu Mourão aos jornalistas.A reforma da Previdência é o primeiro grande projeto que o governo Jair Bolsonaro deve enviar ao Congresso Nacional. Nesta sexta, o ministro-chefe da Casa Civil, Onyx Lorenzoni, disse que o texto da proposta de reforma da Previdência que será enviada ao Congresso pelo governo já está pronto e aguarda apenas uma definição do presidente Jair Bolsonaro.A mudança nas regras previdenciárias é considerada pela equipe econômica como essencial para sanear as contas públicas, que vêm registrando rombos bilionários.Os militares não fazem parte da Previdência Social, que é sustentada pelos trabalhadores da iniciativa privada e por subsídios do Tesouro Nacional.As contribuições que os militares pagam em toda a vida profissional e mesmo quando se tornam inativos são os 7,5% sobre a remuneração bruta mais 3,5% para custear saúde e assistência social. Ao se aposentar, eles recebem o salário do último vencimento da ativa.O governo está negociando nos últimos meses com as Forças Armadas uma forma de incluir os militares na reforma da Previdência, ainda que com regras diferenciadas dos demais trabalhadores. As reuniões entre os militares e a equipe econômica tem ocorrido semanalmente.As Forças Armadas nunca tiveram um regime previdenciário. O argumento dos militares para não serem enquadrados no regime de previdência é o fato de que mesmo quando vão para a reserva remunerada podem ser convocados a qualquer momento.Além disso, eles ponderam que a maioria dos países trata a previdência dos militares separadamente. Os únicos regimes previdenciários que juntam civis com militares são os de oito países: Lituânia, Luxemburgo, Romênia, Bulgária, Síria, Líbano, Kuwait e Vietnã.Hamilton Mourão também foi indagado pelos jornalistas sobre a decisão desta sexta-feira do ministro Marco Aurélio Mello, do Supremo Tribunal Federal (STF), de negar pedido do senador Flávio Bolsonaro (PSL-RJ) para suspender as investigações sobre movimentações financeiras consideradas ""atípicas"" pelo Conselho de Controle de Atividades Financeiras (Coaf).""A Justiça faz o seu papel, né? Segue o baile"", comentou o vice-presidente.Questionado sobre se considerava adequada a decisão do ministro do STF, ele disse que não é ""advogado"" e nem ""jurista"".""Acho que foi [adequada a decisão]. O ministro Marco Aurélio que tomou a decisão e deve ter tomado aquilo que é o mais coerente, correto"", enfatizou. "	-1
99	"Linhão será considerado de segurança nacional para se evitar negociação com índios. O presidente Jair Bolsonaro deve assinar até esta sexta-feira (1º) um decreto para considerar o Linhão do Tucuruí uma questão de ""segurança nacional"". O objetivo é não depender mais de anuência de povos indígenas para a concessão do licenciamento."	"""Linhão será considerado de segurança nacional para se evitar negociação com índios"" O presidente Jair Bolsonaro deve assinar até esta sexta-feira (1º) um decreto para considerar o Linhão do Tucuruí uma questão de ""segurança nacional"". O objetivo é não depender mais de anuência de povos indígenas para a concessão do licenciamento, informa o repórter Nilson Klava, da GloboNews.Nesta quarta (27), Bolsonaro reuniu o Conselho de Defesa Nacional em Brasília para discutir a construção da linha de transmissão de energia que ligará Manaus (AM) a Boa Vista (RR).Roraima é o único estado que não compõe o Sistema Interligado Nacional (SIN). Com isso, importa energia da Venezuela, e o governo Nicolás Maduro tem ameaçado cortar o fornecimento.O objetivo do governo é acabar com a dependência e acelerar a construção da linha.""O diálogo do governo com os povos indígenas continua, mas o aval deles deixa de ser um fator condicionante para a concessão da licença"", afirmou um integrante do primeiro escalão do governo.Segundo o ministro do Meio Ambiente, Ricardo Salles, o Ibama já concedeu uma licença prévia para estudos, mas ainda espera um relatório da Funai pra conceder o licenciamento de instalação.Com a decisão de transformar o tema em questão de ""segurança nacional"", o governo calcula que será possível começar a obra em julho. "	-1
100	Presidente do Brasil viaja à capital norte-americana neste domingo e se reúne com Donald Trump na terça-feira. O encontro entre os presidentes do Brasil e dos Estados Unidos guarda expectativas de que acordos na área militar sejam assinados, além de. 	"""Alcântara, Venezuela e comércio: veja os temas que Bolsonaro e Trump devem discutir em Washington""Presidente do Brasil viaja à capital norte-americana neste domingo e se reúne com Donald Trump na terça-feira. Governo brasileiro quer expandir relações com os EUA. Jair Bolsonaro e Donald Trump se reúnem pela primeira vez nesta terça-feira (19), em Washington. O encontro entre os presidentes do Brasil e dos Estados Unidos guarda expectativas de que acordos na área militar sejam assinados, além de que os dois países aumentem a pressão contra o regime de Nicolás Maduro na Venezuela.Ao confirmar a visita, a Casa Branca adiantou, sem entrar em detalhes, alguns dos pontos previstos nas conversas entre os presidentes do Brasil e dos Estados Unidos. Veja quais são:Dentro desses temas, confira abaixo o que pode ser discutido entre Bolsonaro e Trump, em WashingtonO governo brasileiro adiantou que o encontro tratará de um acordo bilateral para permitir que os EUA lancem satélites, foguetes e mísseis a partir do Centro de Lançamentos de Alcântara, no Maranhão.Durante transmissão ao vivo nas redes sociais, o presidente Bolsonaro e o ministro de Relações Exteriores, Ernesto Araújo, confirmaram que o assunto está na pauta do encontro nesta terça-feira.Apesar de ceder a base de lançamentos aos EUA, o Acordo de Salvaguardas Tecnológicas (AST) prevê que o local continuará sob jurisdição brasileira.O tema não é novidade. Em 2000, o então presidente brasileiro, Fernando Henrique Cardoso, assinou o acordo com os EUA. No entanto, o Congresso Nacional rejeitou o texto.Outra possibilidade é que os EUA passem a considerar o Brasil um ""aliado maior extra-Otan"" a partir do encontro. Nesse rol, estão outros 17 países como Israel, Austrália, Coreia do Sul, Japão e Argentina.Na visão do professor Adriano Gianturco, coordenador do curso de relações internacionais do Ibmec-MG, esse acordo deve ser firmado no encontro dos presidentes. ""Provavelmente, Trump vai apoiar a ideia"", disse.O assunto, porém, ainda não foi oficialmente confirmado por nenhum dos dois governos. Caso a expectativa se confirme, o Brasil entra na lista de compradores preferenciais de equipamentos militares e tecnologia dos Estados Unidos. O país também teria prioridade na cooperação em treinamentos com forças armadas.No entanto, apesar de a Organização do Tratado do Atlântico Norte (Otan) formar um pacto militar, incluir o Brasil no grupo de aliados fora da organização é um movimento mais comercial do que exatamente estratégico, avalia o professor de relações internacionais Juliano Cortinhas, da Universidade de Brasília (UnB).Brasil e Estados Unidos foram os primeiros países a reconhecer Juan Guaidó como presidente interino da Venezuela, pouco depois de ele prestar juramento para o cargo durante protestos em Caracas. Desde então, os dois governos pressionam o regime de Nicolás Maduro para por fim à crise venezuelana.Tanto Brasil e EUA anunciaram que a Venezuela ""e a defesa da democracia na região"" serão tema do encontro entre Bolsonaro e Trump. Ambos devem conversar sobre as operações para levar ajuda humanitária ao território venezuelano.A maior parte da carga está retida nas fronteiras da Venezuela com a Colômbia e o Brasil, onde, em fevereiro, houve confrontos com mortes e feridos graves.Na visão de Juliano Cortinhas, da UnB, dificilmente os dois governos fecharão algo sobre a Venezuela que vá além da retórica contra o regime chavista. Apesar de Trump e o próprio Guaidó terem afirmado que ""todas as opções estão na mesa"", o professor vê como improvável que os governos de Brasil e EUA apontem para uma intervenção militar.No entanto, para o professor, a aproximação do governo Bolsonaro com os EUA pode levar o governo Trump a pressionar o Brasil a agir militarmente na Venezuela _ hipótese considerada improvável por Cortinhas. O próprio governo brasileiro reiterou, mais de uma vez, que uma intervenção militar na Venezuela não está em cogitação.O comércio entre Brasil e Estados Unidos certamente estará em pauta na Casa Branca _ afinal, os dois governos sinalizaram que vão discutir o assunto.É ainda incerto, porém, o que os dois lados vão definir durante a reunião. Na transmissão ao vivo de quinta-feira, o ministro Ernesto Araújo disse que ""principalmente a agricultura"" entrará na pauta, sem comentar mais detalhes.Por isso, o professor Cortinhas aponta que a reunião deve se concentrar no mercado de commodities brasileiras vendidas aos EUA. O especialista crê que o encontro trará bons resultados para a economia do Brasil, mas faz um alerta.O professor Gianturco aponta a China como outro assunto que deve entrar nas discussões. A maior parceira comercial do Brasil se envolveu em ""guerra comercial"" com os EUA no fim do ano passado.O especialista também vê a possibilidade de Trump advogar pela entrada do Brasil na Organização para a Cooperação e o Desenvolvimento Econômico (OCDE) _ uma pretensão do governo brasileiro iniciada ainda no período de Michel Temer à frente da Presidência. ""Uma aprovação dos EUA seria importantíssima"", avaliou Gianturco.Na transmissão ao vivo de quinta-feira, Bolsonaro e Araújo disseram que vão aproximar a relação com os Estados Unidos _ o que, segundo o ministro, ""foi negligenciada nos últimos anos"". No entanto, os dois reforçaram que essa aproximação não prejudicará as parcerias com outros países.Tanto Bolsonaro quanto a Casa Branca apontaram outras pautas incluídas no encontro de Washington. No entanto, nenhum dos lados detalhou como esses assuntos serão abordados na reunião presidencial. Veja que temas são esses:Além disso, o colunista do G1 Valdo Cruz aponta que Bolsonaro quer discutir com Trump a atuação das organizações não governamentais _ as ONGs _ na Amazônia. Na visão da equipe do presidente, disseram assessores ao blog de Cruz, algumas dessas entidades atuam para limitar a atuação do governo brasileiro na região.Há também a possibilidade de que Bolsonaro e Trump conversem sobre a isenção de vistos de cidadãos norte-americanos que desejem viajar ao Brasil. Em entrevista à Rádio Gaúcha, o ministro Ernesto Araújo confirmou que o tema está em estudo no Itamaraty, mas não vinculou a medida às negociações com o presidente dos EUA em Washington. "	-1
101	"Menor volume de multas do Ibama em 24 anos; O órgão aplicou a menor quantidade de punições para o período desde 1995; O matutino lembra que o presidente Jair Bolsonaro já mencionou a existência de uma ""indústria da multa"" no Ibama."	"""Menor volume de multas do Ibama em 24 anos; Em 4 estados, 100 mil funcionários podem se aposentar. Jornais de segunda (4) ""Veja quais são as notícias de destaque nos matutinos brasileiros  A Folha de S.Paulo faz uma análise da aplicação de multas pelo Ibama no primeiro bimestre do ano e afirma que o órgão aplicou a menor quantidade de punições para o período desde 1995. O matutino lembra que o presidente Jair Bolsonaro já mencionou a existência de uma ""indústria da multa"" no Ibama em diversas oportunidades e enfatiza que o ministro Ricardo Salles (Meio Ambiente) concorda.No primeiro bimestre de 2019 foram aplicadas 1.139 autuações, número menor que o do mesmo período de 2018 e de 2017, quando o órgão emitiu 1.580 e 1.630 multas, respectivamente. Em relação a valores, a Folha diz que os números também foram inferiores neste ano.Exceto pelo caso da tragédia em Brumadinho, em que cinco multas somaram o valor de R$ 250 milhões, o valor total das autuações nos meses de janeiro e fevereiro de 2019 foi de R$ 200,4 milhões, o menor desde 2014. ""Multas do Ibama são as menores em 24 anos"", sublinha a manchete da Folha.O Estado de S.Paulo destaca a reforma da Previdência em sua primeira página e chama atenção para o número de servidores aptos a se aposentar em quatro grandes estados brasileiros. De acordo com o matutino, apesar de a proposta da reforma não mexer nos servidores que já cumpriram os requisitos para se aposentar, os governadores temem um ""boom"" de pedidos de aposentadoria antes de aprovação da proposta pelo Congresso.Segundo o Estadão, Rio de Janeiro, São Paulo, Minas Gerais e Rio Grande do Sul têm, juntos, cerca de 100 mil servidores em condição de se aposentar. O Estado de São Paulo tem a situação mais dramática e possui 60 mil servidores com o direito de se aposentar por idade ou por tempo de serviço. Metade deles recebe abono de permanência e estão na ativa.Além disso, o governo já lida com o problema do rombo da previdência nos cofres públicos. No caso da Polícia Militar de São Paulo, por exemplo, o número de policiais aposentados é maior do que o número de policiais na ativa. ""Maiores Estados têm 100 mil servidores aptos a se aposentar"", aponta o título principal do Estadão.Em sua manchete, O Globo mostra um resumo dos desfiles na Sapucaí neste domingo (3) e dá destaque ao enredo da escola de samba Viradouro, que criou um mundo de imaginação na avenida e falou sobre contos de fadas com bruxas e um motoqueiro fantasma em chamas cruzando a Sapucaí. O matutino carioca lembra que o desfile marcou a volta de Paulo Barros à Viradouro depois de 11 anos.O carnavalesco criou uma história contada pela avó para seu neto com mistérios, fantasias e maldições. O Globo afirma que a Beija-Flor e o Salgueiro também se destacaram nos desfiles de ontem e lembra que o evento teve atraso de meia hora por causa das fortes chuvas no Rio de Janeiro. ""A magia no céu da Sapucaí"", diz a manchete do Globo. "	-1
102	Governo envia nesta terça ao Congresso pacote anticrime e anticorrupção.Apresentada como uma das prioridades do governo, proposta prevê mudanças em 14 leis. Texto terá de ser analisado em comissões antes de seguir para o plenário; conheça tramitação. O presidente Jair Bolsonaro assinará nesta terça-feira (19) o envio do pacote anticrime e anticorrupção ao Congresso Nacional. 	"""Governo envia nesta terça ao Congresso pacote anticrime e anticorrupção""Apresentada como uma das prioridades do governo, proposta prevê mudanças em 14 leis. Texto terá de ser analisado em comissões antes de seguir para o plenário; conheça tramitação. O presidente Jair Bolsonaro assinará nesta terça-feira (19) o envio do pacote anticrime e anticorrupção ao Congresso Nacional.De acordo com a agenda do presidente, divulgada pela Secretaria de Comunicação Social, a assinatura acontecerá às 11h, em uma cerimônia no Palácio do Planalto, após a reunião ministerial.Apresentada pelo ministro da Justiça, Sérgio Moro, como uma das prioridades do governo, a proposta prevê mudanças em 14 leis.Na semana passada, Moro se reuniu com os parlamentares da Frente Parlamentar da Segurança Pública, a chamada ""bancada da bala"", para apresentar as propostas.Após o encontro, afirmou que ""ninguém"" deseja a morte de criminosos, mas, se houver algum incidente, os policiais não podem ser tratados como homicidas.Entre vários outros pontos, a proposta livra de pena o agente policial ou de segurança pública que matar alguém quando estiver em serviço em situação de ""conflito armado ou em risco iminente de conflito armado"" ou para prevenir ""injusta e iminente agressão a direito seu ou de outrem"".De acordo com o ministro da Justiça, o projeto não prevê ""licença para matar"". Segundo ele, se alguém avalia dessa forma, ""está fazendo uma leitura absolutamente equivocada que não é consistente"" com o texto apresentado.Na semana passada, o deputado Capitão Augusto, presidente da Frente Parlamentar da Segurança Pública, afirmou que o projeto foi bem recebido pela maior parte dos parlamentares.Na opinião dele, vários pontos da proposta têm chance de serem aprovados ainda neste semestre.""[São] projetos que têm viabilidade de serem aprovados. Não são projetos complexos, que demandam teoria, convencimento. É muito fácil realmente a forma como ele expôs, a justificativa [dada]. Por isso que não deveremos ter grandes problemas para aprovação desse projeto. Então, estou bastante otimista que neste semestre nós vamos conseguir aprovar boa parte do que foi proposto hoje"", disse.É possível que o pacote seja enviado em duas propostas (um projeto de lei ordinária e um projeto de lei complementar). Diante disso, saiba como deve ser a tramitação do pacote no Congresso:Projeto de lei ordináriaDepois de protocolado, o texto passará por uma análise da área técnica da Câmara, que decidirá por quais comissões a proposta vai passar. A proposta, então:Projeto de lei complementarO trecho que altera as competências da Justiça Eleitoral deve ter tramitação separada do texto principal.Isso porque neste ponto há alteração sobre o Código Eleitoral - considerado, na jurisprudência atual, com status de lei complementar. A proposta prevê que crimes comuns conexos aos crimes eleitorais podem ser processados pela Justiça comum, e não mais pela Justiça Eleitoral. "	-1
103	Fachin rejeita pedido de liberdade feito pelo ex-presidente Lula. Desde que ele foi preso, em abril do ano passado, diversos p	"""Fachin rejeita  pedido de liberdade feito pelo ex-presidente Lula""Defesa alegou que recurso apresentado ao Superior Tribunal de Justiça deveria ter sido analisado pelo colegiado, e não por um ministro. Fachin, do STF, entendeu que não houve ilegalidade. O ministro do Supremo Tribunal Federal Luiz Edson Fachin rejeitou nesta quarta-feira (20) mais um pedido de liberdade apresentado pela defesa do ex-presidente Luiz Inácio Lula da Silva.Desde que ele foi preso, em abril do ano passado, diversos pedidos de liberdade já foram rejeitados em diversas instâncias da Justiça, inclusive no STF.O ex-presidente foi condenado por corrupção e lavagem de dinheiro no processo do caso do triplex do Guarujá a 12 anos e 1 mês de prisão. A sentença foi do Tribunal Regional Federal (TRF) da 4ª Região, que ampliou a pena originalmente determinada por Moro (9 anos e 6 meses de prisão).Desta vez, o argumento da defesa era de nulidades no processo. A defesa argumentou que o relator da Lava Jato no Superior Tribunal de Justiça, Felix Fischer, não poderia ter negado em decisão individual o recurso de Lula para tentar reverter a condenação do caso triplex. Para os advogados, o recurso deveria ser julgado pelo colegiado.Lula já recorreu no próprio STJ e aguarda resultado. Depois, um recurso contra a condenação ainda deverá ser analisado no STF.Fachin negou seguimento ao novo pedido, ou seja, arquivou por considerar que não houve ilegalidade na decisão de Fischer.Ele afirmou considerar ""sempre desejável, recomendável ou mesmo necessário"" que um ministro não decida sozinho sobre esse tipo de recurso, mas frisou que isso é previsto no regimento e que a defesa já recorreu ao próprio STJ, que vai analisar o caso.""A decisão atacada foi proferida monocraticamente pelo Relator no STJ; a colegialidade é sempre desejável, recomendável ou mesmo necessária; de qualquer modo, o proceder está regimentalmente autorizado e o recurso respectivo será colegiadamente apreciado.""O pedido da defesa foi apresentado no início de dezembro do ano passado. Por causa dele, os advogados de Lula pediram para adiar o julgamento - que já estava em andamento na segunda Turma - de outro pedido de liberdade que tinha como principal alegação a nulidade de todos os processos nos quais o ex-juiz Sérgio Moro havia atuado depois que ele aceitou ser ministro do governo Jair Bolsonaro.Na ocasião, os ministros Fachin e Carmen Lúcia já haviam votado contra a liberdade, mas Gilmar Mendes pediu mais tempo para analisar e ainda não há previsão de data para retomada do julgamento. "	-1
104	Uma guerra civil na Venezuela é um cenário possível. Ele deu a declaração ao ser questionado sobre a crise no país vizinho. Mourão também afirmou que presença de cubanos dificulta rompimeto dos militares venezuelanos com Maduro.	"""Mourão diz que guerra civil na Venezuela é cenário possível""Vice-presidente brasileiro deu declaração sobre crise no país vizinho à GloboNews. Mourão também afirmou que presença de cubanos dificulta rompimento dos militares venezuelanos com Maduro.  O vice-presidente da República, Hamilton Mourão, afirmou na noite desta quarta-feira (27) que uma guerra civil na Venezuela é um cenário possível. Ele deu a declaração ao ser questionado sobre a crise no país vizinho, em entrevista ao ""Jornal das Dez"", da GloboNews.Mourão disse que a situação pode ser considerada, diante da manutenção do regime de Nicolás Maduro no poder. ""O cenário da guerra civil é um cenário possível, pela situação que o país vive"", afirmou.O vice-presidente brasileiro relacionou a crise também à presença de ""20 mil a 60 mil"" cubanos colocados por Maduro em setores de inteligência e segurança da Venezuela, o que Mourão chamou de ""força estranha"".Segundo Mourão, a presença dos cubanos é uma forma de ameaça e dificulta o rompimento da ala militar com Maduro ou da adesão ao movimento do líder da oposição e presidente interino autoproclamado, Juan Guaidó.""O que eu chamo de força estranha? São os cubanos"", comentou Mourão. ""Os cubanos detêm o controle de todos os setores de Inteligência na Venezuela. Existe medo. Medo, foi essa a palavra que foi dita pelo presidente Guaidó"".Desde o fechamento da fronteira do Brasil com a Venezuela em Roraima, há uma semana, 12 integrantes da Guarda Nacional Bolivariana desertaram, cruzaram o bloqueio e pediram refúgio no território brasileiro.O presidente interino autoproclamado da Venezuela chegou na madrugada desta quinta-feira (28) ao Brasil. Ele desembarca em Brasília para um encontro informal com o presidente Bolsonaro, no Palácio do Planalto.Mourão afirmou que vê a visita de Guaidó como estratégica para o reconhecimento do líder opositor diante dos venezuelanos. ""Quer mostrar ao povo venezuelano que está sendo recebido pelo presidente da República do Brasil, um país limítrofe por quem os venezuelanos têm um carinho especial. Quera dar mensagem de que é reconhecido"", disse Mourão. "	-1
105	Brasil intensificará pressão diplomática, mas não considera uso da força na Venezuela. Até porque a percepção no Palácio do Planalto é que o regime Maduro já apodreceu. Mas há consenso entre integrantes da ala militar do governo Jair Bolsonaro e do Itamaraty: o uso da força não é uma solução para a situação no país vizinho.	"""Brasil intensificará pressão diplomática, mas não considera uso da força na Venezuela"" A ordem no governo brasileiro é de intensificar a pressão diplomática para efetivar a mudança de comando na Venezuela. Mas há consenso entre integrantes da ala militar do governo Jair Bolsonaro e do Itamaraty: o uso da força não é uma solução para a situação no país vizinho.Até porque a percepção no Palácio do Planalto é que o regime Maduro já apodreceu. E hoje, se segura apenas numa casta de generais. A avaliação no Itamaraty é que esse é um suporte frágil, já que existe uma reação cada vez maior da população da Venezuela.A ordem será atuar apenas na ajuda humanitária. E jamais ultrapassar a fronteira para evitar qualquer tipo de pretexto para um incidente diplomático. Mas o Brasil colocará toda a estrutura em Roraima para fornecer alimentos e remédios para os caminhões enviados do lado venezuelano.A percepção é que essa ação humanitária já começa a ter um efeito político interno na Venezuela, pois acentua a desestabilização política de Maduro. Isso porque evidencia a situação dramática vivida pelo país vizinho. ""Tanto, que o reflexo mais visível dessa desestabilização foi o anúncio do fechamento da fronteira com o Brasil. Foi a única reação política encontrada por Maduro"", observou um integrante da ala militar do governo.Um integrante do Itamaraty reforça que a mudança na política externa do Brasil é significativa desde a posse do presidente Jair Bolsonaro. O não reconhecimento do regime Maduro e o apoio ao presidente interino Juan Guaidó explicitam esse novo momento da diplomacia brasileira.E a decisão de enviar na próxima semana o vice-presidente Hamilton Mourão juntamente com o chanceler Ernesto Araújo para a reunião do Grupo de Lima, em Bogotá, intensifica essa prioridade diplomática do Brasil em relação à crise na Venezuela. "	-1
106	"""Maia defende mais prazo para Legislativo definir regras de compenсаção da Lei Kandir. ""Lei prevê que União repasse recursos aos estados para compenсаr perda de arreсаdicação de ICMS sobre produtos de exportação. ""O presidente da Câmara dos Deputados, Rodrigo Maia (DEM-RJ), defendeu mais prazo para o Legislativo definir as regras para a União compenсаr os estados por perdas de arreсаdicação com a Lei Kandir."""	"""Maia defende mais prazo para Legislativo definir regras de compensação da Lei Kandir""Lei prevê que União repasse recursos aos estados para compensar perda de arrecadação de ICMS sobre produtos de exportação. Prazo acabou em agosto, e tarefa passou ao TCU. O presidente da Câmara dos Deputados, Rodrigo Maia (DEM-RJ), defendeu nesta segunda-feira (11) mais prazo para o Legislativo definir as regras para a União compensar os estados por perdas de arrecadação com a Lei Kandir.Aprovada em 1996, a Lei Kandir reduziu a arrecadação dos estados ao prever casos de isenção do Imposto sobre Circulação de Mercadorias e Serviços (ICMS) sobre alguns produtos destinados à exportação. Para compensar as perdas, a lei obriga a União a ressarcir os estados. Mas isso não tem acontecido.O prazo para definição das regras acabou em agosto do ano passado sem que a matéria tivesse sido pautada pela Câmara. Com isso, a decisão passou para o Tribunal de Contas da União (TCU), conforme decisão do Supremo Tribunal Federal (STF).Maia disse que, se o Supremo decidir devolver a prerrogativa ao Congresso, ele se compromete a colocar o projeto de lei em votação até março.""Eu não pautei porque, quando não se construiu uma solução, preferi não pautar a matéria. Eu vou pautar, e o plenário vai ter que decidir dialogando junto com os governadores. O plenário existe para resolver aquilo que não tem solução no diálogo. Espero que mês de fevereiro e de março [seja] para dialogar e fim de março para votar"", afirmou Maia após encontro com o presidente do TCU, José Múcio.Segundo o presidente da Câmara, os estados esperam uma compensação de R$ 40 bilhões. A União concorda em pagar R$ 3 bilhões.Em 2016, o STF deu prazo para que o Congresso aprovasse uma lei fixando novos critérios para compensação. Caso contrário, a tarefa ficaria com o TCU. O prazo para o Legislativo acabou em agosto de 2018.""Se a decisão do Supremo for de devolver à Câmara essa prerrogativa _ que acredito que seja nossa _ [o trabalho de técnicos feitos pelo TCU] vai subsidiar para que a gente possa [votar] no prazo máximo de 30, 60 dias, até depois do Carnaval, no mês de março"", afirmou Maia.O encontro entre Maia e o presidente do Tribunal de Contas da União se deu um dia após a publicação de uma entrevista concedida pelo presidente da Câmara ao jornal ""O Estado de S.Paulo"" em que fez críticas ao TCU.Ao ser questionado sobre a possibilidade de o TCU fixar regras sobre a Lei Kandir e decidir que a União não precisaria ressarcir os estados, Maia disse ao jornal que, se isso acontecesse, o tribunal entraria ""em guerra com o Congresso"". Afirmou ainda que a Corte levaria ""um troco muito grande"" e ameaçou cortar o Orçamento do tribunal para 2020.Nesta terça, Maia pediu desculpas publicamente a Múcio diante da imprensa. Disse que se excedeu e que estava disposto a buscar uma solução para a questão.""Quem fala demais, de vez em quando, fala besteira. E ontem eu acho que cometi um equívoco, um excesso, não no mérito, porque, de fato, eu acredito que a decisão sobre a Lei Kandir cabe ao Legislativo. Mas, de forma nenhuma, uma responsabilidade de construir uma solução foi uma determinação do STF. Então, se eu tivesse que fazer uma crítica teria que ter sido ao Supremo"", afirmou.Múcio, por sua vez, concordou que a competência é do Legislativo e do Executivo e não uma responsabilidade do TCU.""Nós recebemos uma tarefa que não faz parte do elenco de tarefas do Tribunal de Contas, que é um papel do Legislativo e do Executivo. Mas o Supremo nos deu essa tarefa e nós tínhamos que resolver [...] A crise gerou uma coisa boa que é a promessa do presidente [Maia] de que, até final de março, início de abril, esse assunto, que vem de muitos governos, vai começar a ser discutido"", disse. "	-1
107	Rachado, MDB se reúne para discutir candidatura à presidência do Senado. A três dias da eleição para a presidência do Senado, o MDB ainda enfrenta um rachado na bancada em relação à candidatura do partido. Nesta terça-feira, a bancada tem um encontro às 15h para discutir o tema, mas senadores afirnaram que a decisão sobre a candidatura pode não sair. Os principais nomes cogitados para representar o partido na disputa são os de Renan Calheiros, que nega ser candidato, e da senadora Simone Tebet.	"""Rachado, MDB se reúne para discutir candidatura à presidência do Senado"" A três dias da eleição para a presidência do Senado, o MDB ainda enfrenta um racha na bancada em relação à candidatura do partido.Nesta terça-feira, a bancada tem um encontro às 15h para discutir o tema _ mas senadores afirmam que a decisão sobre a candidatura pode não sair.Os principais nomes cogitados para representar o partido na disputa são os de Renan Calheiros _ que nega ser candidato _ e da senadora Simone Tebet, que já se colocou publicamente como opção.A ideia é que a bancada vote o nome do candidato. O problema: os dois lados afirmam possuir a maioria dos votos da bancada de 13 senadores. A conta não fecha.O senador Renan Calheiros afirmou ao blog que não se antecipará e aguardará o que a bancada decidir.Ele diz esperar que o MDB se una em torno de um candidato único para a disputa no plenário _ e defende que o tema seja resolvido ""o mais rápido possível, mas dentro da bancada"".""O espaço do MDB no Legislativo hoje é a presidência do Senado. Somos fortes unidos"", disse.O grupo de Renan acusa a senadora Simone Tebet de querer, se derrotada, disputar de forma avulsa no plenário, o que enfraqueceria o partido.Ao blog, a senadora disse que ""não tem como responder"" se irá ao plenário caso seja derrotada _ tampouco se apoiará Renan na disputa, caso ele vença na bancada.A senadora afirma que o objetivo da reunião desta terça-feira é discutir a candidatura "	-1
108	MPF pede transferência de Beto Richa para Complexo Médico-Penal ou carceragem da PF. Ex-governador foi preso na manhã desta sexta-feira (25) na 58ª fase da Operação Lava Jato. É a segunda vez que o tucano é detido.	"""MPF pede transferência de Beto Richa para Complexo Médico-Penal ou carceragem da PF  ""Ex-governador foi preso na manhã desta sexta-feira (25) na 58ª fase da Operação Lava Jato. É a segunda vez que o tucano é detido  O Ministério Público Federal (MPF) pediu a transferência do ex-governador do Paraná Beto Richa (PSDB), que foi preso na manhã desta sexta-feira (25), para o Complexo Médico-Penal em Pinhais, na Região Metropolitana de Curitiba, ou para a Superintendência da Polícia Federal (PF), em Curitiba.Porém, o juiz Paulo Sérgio Ribeiro, da 23ª Vara Federal de Curitiba negou. Ele justificou que ""não compete a este Juízo Federal deliberar acerca da alocação de presos, tendo em vista que a avaliação da conveniência administrativa recai sobre as autoridades responsáveis pela carceragem, observando-se os critérios de segurança e de acordo com a disponibilidade de vagas nos estabelecimentos prisionais"".Beto chegou a ser levado para a sede da PF após ser detido em casa, mas depois foi transferido para o Regimento da Polícia Montada, no bairro Tarumã.O ex-governador é investigado pelos crimes de corrupção, lavagem de dinheiro e associação criminosa.A investigação que originou o mandado de prisão faz parte da 58ª fase da Operação Lava Jato, e apura supostos crimes na concessão de rodovias do estado. É a segunda vez que o tucano é detido.A prisão de Richa é preventiva, ou seja, por tempo indeterminado. Dirceu Pupo Ferreira, contador da família Richa, também foi preso preventivamente. Ele está detido na carceragem da PF.Na decisão, o juiz Paulo Sérgio Ribeiro justificou a prisão alegando que Richa e Pupo tentaram influenciar os depoimentos de testemunhas da investigação. O despacho é de terça-feira (22).O Ministério Público Federal (MPF) sustenta que Dirceu Pupo Ferreira, a mando de Beto Richa, pediu a um corretor de imóveis que ocultasse os pagamentos com dinheiro por fora caso fosse intimado a depor. Essa era uma tentativa de esconder o esquema de lavagem de dinheiro, segundo os procuradores.Os pedidos de prisões foram feitos pelo MPF em um desdobramento da Operação Integração II _ que foi a 55ª fase da Lava Jato. A ação investigou a concessão de rodovias no Paraná.Conforme o MPF, Beto Richa se beneficiou com, pelo menos R$ 2,7 milhões, em propinas pagas em espécie pelas concessionárias de pedágio do Paraná e por outras empresas que mantinham interesses em atos do governo.De acordo com os procuradores, parte deste valor, cerca de R$ 142 mil, foi lavada por meio de depósitos feitos em favor da empresa Ocaporã Administradora de Bens.A empresa, segundo o MPF, era controlada por Beto Richa, apesar de estar no nome de Fernanda Richa e dos filhos do casal.O MPF explicou que, para ocultar a origem ilícita dos recursos, o contador solicitava que os vendedores lavrassem escrituras públicas de compra e venda por um valor abaixo do que havia sido firmado entre as partes.A diferença entre o valor da escritura e o acordado era paga em espécie, com propinas, conforme os procuradores.Até o momento, a investigação identificou três imóveis que foram pagos em espécie por Dirceu Pupo Ferreira para a Ocaporã.De acordo com o MPF, e-mails apreendidos durante a investigação comprovaram que Beto Rihca tinha a palavra final sobre as atividades da empresa referentes a compra e venda de imóveis.Por meio de nota, o advogado que defende Fernanda Richa, André Richa _ filho de Fernanda e de Beto _ e da Ocaporã Administradora de Bens disse que operação deflagrada nesta sexta-feira foi baseada em fatos antigos já esclarecidos pelo Grupo de Atuação Especial de Combate ao Crime Organizado (Gaeco).A defesa afirmou que a empresa ""não é, nem nunca foi, administrada formal ou informalmente"" por Beto Richa e que não há qualquer fato que ligue a Ocaporã a fatos ilícitios. Também enfatizou que Fernanda e André Richa estão à disposição da Justiça.Leia a nota da defesa de Beto Richa na íntegra""1- Os fatos que conduziram à prisão do ex-Governador são antigos. Sobre eles, todos os esclarecimentos foram por ele devidamente esclarecidos, não restando qualquer dúvida quanto à regularidade de todas as condutas praticadas, no exercício de suas funções.2- Mais do que isso. Os fatos ora invocados já foram anteriormente utilizados, na decretação das medidas cautelares expedidas contra o ex-Governador. Cumpre registrar que o Supremo Tribunal Federal, ao julgar referidas medidas, reconheceu a flagrante ilegalidade na ordem prisão decretada.3- Na realidade, a prisão requerida pelo Ministério Público Federal afronta o quanto decidido pelo Supremo Tribunal Federal, com o evidente objetivo de desrespeitar os julgamentos proferidos pela Suprema Corte, sobre o tema.4- No mais, o pedido se lastreia em ilações do MPF, exclusivamente suportadas em falsas e inverídicas informações prestadas em sede de colaboração premiada, por criminosos confessos.5- Em síntese, a prisão se baseia em fatos absolutamente requentados, carentes de qualquer comprovação e sobre os quais o Supremo Tribunal Federal já decidiu, no sentido de que os mesmos não justificam a decretação de prisão.6- A defesa confia que o Poder Judiciário reverterá a ordem de prisão, que não atende a qualquer dos pressupostos exigidos em lei.""Defesa de Dirceu PupoA defesa de Dirceu Pupo Ferreira disse, em nota, que é importante destacar que os fatos que ensejaram a prisão de seu cliente não são novos e que eles já haviam sido esclarecidos em petição encaminhada à Justiça Estadual do Paraná. Veja a íntegra da nota:""Importante destacar que os fatos que ensejaram a prisão no dia de hoje, 25 de janeiro de 2018, não são novos. Eles já haviam sido esclarecidos em petição encaminhada à Justiça Estadual do Paraná.Dirceu Pupo Ferreira jamais buscou atrapalhar as investigações e a sua conversa com testemunha do caso já foi devidamente esclarecida.Ademais, ele sempre esteve à disposição das autoridades, tendo comparecido ao Ministério Público Federal e no Estadual (GAECO), que apuram os mesmos fatos, prestando todos os esclarecimentos que lhe foram solicitados.Assim sendo, a prisão preventiva decretada revela-se absolutamente desnecessária e ilegal.A defesa confia nas autoridades e espera que a prisão seja brevemente revogada"". "	-1
109	"""Ministro diz que governo irá fiscalizar barragens de todo o país"" Segundo ele, fiscalização iniciará por barragens classificadas como de alto risco. ""no mais curto prazo""."	"""Ministro diz que governo irá fiscalizar barragens de todo o país""Augusto Heleno, do Gabinete de Segurança Institucional, participou de reunião do gabinete de crise, em Brasília. Segundo ele, fiscalização iniciará por barragens classificadas como de alto risco. O ministro-chefe do Gabinete de Segurança Institucional, Augusto Heleno, afirmou na noite deste sábado (26) que o governo federal vai fiscalizar todas as barragens existente no país ""no mais curto prazo"".Heleno concedeu entrevista coletiva em Brasília após reunião do gabinete de crise criado pelo presidente Jair Bolsonaro para adotar medidas relacionadas à tragédia causada pelo rompimento da barragem da mina Córrego do Feijão, em Brumadinho, na região metropolitana de Belo Horizonte.Segundo o ministro, as vistorias deverão priorizar, em um primeiro momento, aquelas barragems classificadas com alto risco de acidentes.""Dependendo do tamanho da barragem, da localização da barragem, vai requerer um planejamento, mas a ideia é que isso aconteça no mais curto prazo, principalmente em relação às barragens que já estão relacionadas como barragens de maior risco"", explicou Heleno.O ministro afirmou ainda que existe por parte do governo federal a intenção de rever o protocolo de licenciamento ambiental para a construção de barragens. Segundo ele, que declarou não ter detalhes sobre o que seria revisto no processo, ""há alguma coisa que está falhando nesse licenciamento"".Também presente à entrevista coletiva, o advogado-geral da União, André Mendonça, afirmou que a responsabilidade pelo acidente na barragem é da Vale, empresa dona do empreendimento.Ele disse que é preciso esperar a apuração sobre as causas do acidente para verificar ""a extensão desse dano e como serão adotadas as medidas de responsabilidade"".""Quais as espécies de responsabilidade? Civil, administrativa e até mesmo criminal pode haver. Então nós precisamos agora aguardar os levantamentos, as investigações, pra termos a extensão das responsabilidades da companhia Vale e de como isso vai ser apurado em função das medidas judiciais que precisam ser adotadas"", afirmou o AGU.Mendonça disse ainda que, por se tratar de uma empresa reincidente, já que a Vale é uma das controladoras da Samarco, responsável pela barragem de Mariana (MG), é preciso adotar medidas diferentes das adotadas após a tragédia em Mariana.""Nós vamos ter os levantamentos técnicos, tanto na área ambiental como na área da mineração, para que as revisões, por exemplo, na área de mineração, possam ser adotados protocolos novos para prevenir esse tipo de acidentes no futuro. Na área ambiental, por exemplo, o Ibama hoje já estabeleceu uma multa de R$ 250 milhões. Essa é a primeira medida. Outras medidas subsequentes vão ser adotadas"", complementou. "	-1
110	Indigenistas acreditam que, apesar de extremamente sensível, a expedição da Fundação Nacional do Índio (Funai) iniciada nesta quinta-feira (7) para fazer contato com os índios isolados Korubo do Coari pode conseguir abranddar os efeitos naturais de uma aproximação, seja no risco de conflitos físicos ou de contaminação por doenças. Indigenistas acreditam que, apesar de extremamente sensível, a expedição da Fundação Nacional do Índio (Funai) iniciada nesta quinta-feira (7) para fazer contato com os índios isolados Korubo do Coari pode conseguir abranddar os efeitos naturais de uma aproximação, seja no risco de conflitos físicos ou de contaminação por doenças.	"""Expedição da Funai diminui riscos para índios isolados, avaliam indigenistas"" Indigenistas acreditam que, apesar de extremamente sensível, a expedição da Fundação Nacional do Índio (Funai) iniciada nesta quinta-feira (7) para fazer contato com os índios isolados Korubo do Coari pode conseguir abrandar os efeitos naturais de uma aproximação, seja no risco de conflitos físicos ou de contaminação por doenças.Como noticiado pelo blog nesta quinta-feira (7), a Funai organizou durante meses a maior expedição dos últimos 20 anos para fazer contato com esses índios isolados que vivem na Terra Indígena Vale do Javari, no extremo oeste do Amazonas.Para o geógrafo e indigenista Carlos Travassos, por ser uma ação planejada por mais de um governo, a Funai tem condições de diminuir os riscos que surgem normalmente nesses contatos, como falhas na comunicação, conflitos e contágio de doenças.""As maiores dificuldades sempre são quando você não tem uma previsibilidade. Então o jogo de xadrez muda muito porque tem a possibilidade de perda de comunicação, contágio de doenças... o pior cenário. A ação premeditada realizada está sendo construída dentro das possibilidades do Estado, mesmo que o desejo seja sempre de não atrair esse contato"", defende.Segundo Travassos, o desejo das famílias de se reencontrarem também dá legitimidade para a ação premeditada da Funai na região, mesmo com a política de contato zero com os índios isolados, adotada pela fundação a partir de 1987. ""De forma geral, [a ação] tem a peculiaridade de ter uma ruptura familiar nesses últimos anos e eu acho que é normal que parte do grupo queira se encontrar com o outro para além dessa relação de conflito"", argumenta o indigenista.Travassos conta que esteve em 2017 no Vale do Javari, passando 10 dias juntos aos Korubos recém contados (a parte da etnia que deseja reencontrar com sua tribo que permanece isolada). Segundo ele, em diversas oportunidades os índios pediram para voltar ao seus roçados, e reencontrar seus parentes, o que confirma a informação da Funai relacionada à operação iniciada hoje.O indigenista atuou na Funai durante nove anos e atualmente se dedica à assessoria de organizações indígenas no Maranhão. Ele afirma que Bruno Pereira, líder da expedição e coordenador-geral de índios isolados e recém contatados da Funai, tem experiência no tema. ""O Bruno, apesar de ser um servidor relativamente novo, tem uma experiência de contatos anteriores e deve estar bem preparado para isso"", avalia.O objetivo da ação é reaproximar famílias dos Korubo do Coari que se separaram após um desentendimento interno em 2015 e evitar conflitos entre os Korubo e os Matis, que tem um histórico de interação e conflito desde o início do século passado, e que se aproximaram territorialmente recentemente.O planejamento da missão da Funai se concentra em garantir a reaproximação dos parentes Korubo sem que eles entrem em conflito com os Matis, protegendo as duas etnias em uma região de difícil acesso na floresta amazônica. Há risco de extinção física dos Korubo, segundo a Funai, no caso de um contato inadvertido.Para o doutor em antropologia e professor da Universidade de Brasília (UnB), José Antônio Vieira Pimenta, em uma situação de conflito como a identificada entre os Korubo do Coari e os Matis, é necessária uma intervenção para definir os limites territoriais. ""Quando isso [conflito] acontece, é importante você criar uma espécie de zona tampão entre os grupos para evitar conflitos entre eles numa determinada região"", explica.José Pimenta trabalha com pesquisa em etnologia indígena, relações inter-étnicas e indigenismo. Ele lembra que um dos principais pontos a ser considerado em uma aproximação é a questão da transmissão de doenças, já que os índios não possuem imunidade. Anteriormente, quando aconteciam contatos forçados, comunidades inteiras eram extintas por doenças absorvidas semanas após primeiro contato.""Antigamente, quando o contato era forçado, você tinha um processo chamado de pacificação, mas na verdade era um verdadeiro genocídio. Os estudos mostram que, em alguns grupos, nos primeiros meses ou no primeiro ano do contato, alguns perdiam mais da metade, às vezes povos inteiros eram exterminados por causa do contato devido principalmente à transmissão de doenças"", afirma.O antropólogo afirma que muitos grupos, inclusive, ao saberem dos danos causados no passado, decidem se isolar voluntariamente para evitar a morte de seu povo. ""Muitas vezes essa questão do isolamento é uma deliberação consciente da própria comunidade, dos próprios grupos, porque sabem o que o contato causou pra eles nas décadas anteriores"", explica. "	-1
111	Projeto anticrime deve ser entregue ao Congresso na semana que vem, diz Moro. A proposta, que já teve uma versão inicial apresentada a governadores. O ministro da Justiça, Sérgio Moro, disse nesta quinta-feira (14) que o projeto de lei anticrime deverá ser entregue ao Congresso provavelmente na semana que vem.	"""Projeto anticrime deve ser entregue ao Congresso na semana que vem, diz Moro""Ministro da Justiça disse que aguardou alta médica do presidente Jair Bolsonaro para enviar o texto ao Legislativo. Projeto foi divulgado na semana passada para governadores.  O ministro da Justiça, Sérgio Moro, disse nesta quinta-feira (14) que o projeto de lei anticrime deverá ser entregue ao Congresso ""provavelmente na semana que vem"".A proposta, que já teve uma versão inicial apresentada a governadores e parlamentares, tem como objetivo endurecer o combate a corrupção, crime organizado e crimes violentos. Moro acatou algumas sugestões e fez mudanças no texto.Veja aqui a íntegra do projetoO ministro explicou que ainda não apresentou o projeto definitivo ao Congresso porque aguardava a alta médica do presidente Jair Bolsonaro, que deixou o hospital na quarta-feira (13).""O projeto deve ser apresentado provavelmente semana que vem. Estávamos esperando o restabelecimento do presidente [Bolsonaro]. Antecipamos a publicidade. Isso foi salutar. Recebemos diversas sugestões. Isso leva a possibilidade de aprimorar o projeto"", disse Moro, em evento com juízes federais para apresentar pontos do projeto.O texto prevê alterações em 14 leis, como o Código Penal, o Código de Processo Penal, a Lei de Execução Penal, a Lei de Crimes Hediondos e o Código Eleitoral.Entre os itens de destaque do texto, estão a criminalização do caixa 2; a prisão após condenação em segunda instância como regra no processo penal; e o endurecimento de penas para crimes graves (veja aqui outros pontos principais).Na apresentação aos juízes, Moro disse que o projeto mira crimes graves, como corrupção e crimes violentos, e que o sistema carcerário no país não suportaria um ""endurecimento geral"".""Temos ciência que existe um problema carcerário, portanto o projeto é focado no endurecimento da criminalidade mais grave. O sistema não comporta o endurecimento geral"", afirmou o ministro.Ainda de acordo com Moro, o texto traz propostas ""pontuais"" para os maiores problemas da segurança pública do país.""Filosofia do projeto: corrupção, crime organizado e crime violento são os maiores problemas em relação à segurança pública no país, e estão interligados. A ideia foi identificar medidas muito pontuais para aumentar a eficácia do sistema"", completou Moro. "	-1
112	"Senador Lasier Martins deixa PSD e anuncia que ingressará no Podemos. Por meio de nota, o congressista atribuiu a decisão a ""razões de foro íntimo"". Ele afirma ter escolhido a nova legendagem na íntegra abaixo."	"""Senador Lasier Martins deixa PSD e anuncia que ingressará no Podemos""Por meio de nota, congressista atribui decisão a razões de foro íntimo. Ele afirma ter escolhido a nova legenda por alinhamento com suas propostas e bandeiras. O senador Lasier Martins, do Rio Grande do Sul, anunciou nesta terça-feira (5) que se desligou do PSD para ingressar no Podemos. Por meio de nota, o congressista atribuiu a decisão a ""razões de foro íntimo"" (leia na íntegra abaixo).Ele afirma ter escolhido a nova legenda por ter ""alinhamento com suas propostas e bandeiras"", e que segue ""tendo tendo bons amigos no PSD"".Lasier foi eleito pelo PDT na eleição de 2014, em uma disputa acirrada com o ex-governador Olívio Dutra (PT). Em dezembro de 2016, pediu desfiliação do partido, que ainda decidia se expulsaria os senadores que votaram a favor do impeachment da ex-presidente Dilma Rousseff, contrariando a orientação da Executiva Nacional _ caso do congressista gaúcho. Em janeiro de 2017, anunciou que ingressaria no PSD.Informei esta noite ao líder do PSD no Senado, Otto Alencar (BA), e ao presidente nacional do PSD, Gilberto Kassab, o meu desligamento do partido, por razões de foro íntimo. Também decidi que ingressarei no PODEMOS, por considerar que tenho alinhamento com as suas propostas e bandeiras. Tomei essa decisão atendendo ao honroso convite feito pelo senador Alvaro Dias (PR). Acrescento que continuo tendo bons amigos no PSD, particularmente com os seus filiados do Rio Grande do Sul, com os quais espero continuar mantendo bom e gratificante relacionamento. "	-1
113	PF abre inquérito para investigar causas e responsáveis pela tragédia de Brumadinho. O governo apontou o risco de contaminação do Rio São Francisco por conta do avanço do mar de rejeitos de Brumadinho como motivo para federalizar as inves tigações. O governo apontou o risco de contaminação do Rio São Francisco por conta do avanço do mar de rejeitos de Brumadinho como motivo para federalizar as inves tigações.	"""PF abre inquérito para investigar causas e responsáveis pela tragédia de Brumadinho"" A Polícia Federal (PF) vai investigar as causas e também os responsáveis pelo rompimento da barragem de Brumadinho, na região metropolitana de Belo Horizonte, que gerou uma onda de lama de rejeitos de mineração sobre a área rural do município mineiro.O governo apontou o risco de contaminação do Rio São Francisco por conta do avanço do mar de rejeitos de Brumadinho como motivo para federalizar as investigações da tragédia.Até então, as investigações do caso estavam na esfera estadual, sob responsabilidades das autoridades de Minas Gerais. Agora, a PF vai assumir a apuração. "	-1
114	Governadores esperam que STF dê mais prazo para Congresso decidir sobre Lei Kandir, diz Barbalho. Lei é de 1996, ainda não foi regulamentada e prevê que União repassará recursos aos estados para compensar perda de arrecadação. Ministros do STF receberam 12 governadores nesta terça.	"""Governadores esperam que STF dê mais prazo para Congresso decidir sobre Lei Kandir, diz Barbalho""Lei é de 1996, ainda não foi regulamentada e prevê que União repassará recursos aos estados para compensar perda de arrecadação. Ministros do STF receberam 12 governadores nesta terça. O governador do Pará, Helder Barbalho, afirmou nesta terça-feira (19) que governadores esperam que o Supremo Tribunal Federal (STF) dê mais prazo para o Congresso regulamentar os repasses da Lei Kandir.Helder Barbalho deu a declaração após um grupo de 12 governadores se reunir com o presidente do STF, Dias Toffoli, e com o relator do caso, Gilmar Mendes.Aprovada em 1996, a Lei Kandir reduziu a arrecadação dos estados ao prever casos de isenção do Imposto sobre Circulação de Mercadorias e Serviços (ICMS) sobre alguns produtos destinados à exportação. Para compensar as perdas, a lei obriga a União a ressarcir os estados. Ainda não há, contudo, uma regulamentação sobre o tema.Em novembro de 2016, o STF deu prazo de 12 meses para a regulamentação dos repasses, mas o Congresso não cumpriu o prazo. A Advocacia Geral da União (AGU) pediu mais prazo, de 24 meses ou 12 meses, e a questão ainda está pendente da análise pelo ministro Gilmar Mendes.""A tendência é de que o ministro Gilmar atenda a Advocacia-Geral da União dando novo prazo para que o governo federal possa atender à ADO 25, que estabelece que seja feita a compensação da Lei Kandir, e na redação desse novo prazo já se estabeleça efetivamente a necessidade de cumprimento"" afirmou Barbalho após o encontro.A TV Globo apurou que Gilmar Mendes deve conceder o novo prazo, mas não há informações sobre qual seria o período.De acordo com o governador do Pará, o montante a ser recebido pelos estados é estimado em R$ 600 bilhões.Ainda segundo Barbalho, foi discutida na reunião a possibilidade de criação de uma câmara de conciliação entre estados e União para discutir como os repasses poderiam ser feitos.Participaram do encontro, além de Helder Barbalho, os governadores: Eduardo Leite (RS), Carlos Moisés (SC), Reinaldo Azambuja (MS), Ratinho Junior (PA), Wellington Dias (PI), Wilson Witzel (RJ), Waldez Goés (AP), Wilson Lima (AM), Rui Costa (BA), Ibaneis Rocha (DF) e Renato Casagrande (ES). "	-1
115	"Mourão pede cautela ao se apurar responsabilidade por desastre em Brumadinho. Para ele, é preciso apurar se houve imperícia, imprudência, negligência para, então, punir. O presidente em exercício, Hamilton Mourão, afirmou nesta terça-feira (29) que não se pode agir por ""impulso"" ao se buscar responsáveis pelo rompinento da barragem 1 da Mina do Feijão, em Brumadinho, que deixou pelo menos 84 mortos."	"""Mourão pede cautela ao se apurar responsabilidade por desastre em Brumadinho""Presidente em exercício comentou prisão de cinco pessoas após rompimento de barragem. Para ele, é preciso apurar se houve imperícia, imprudência, negligência para, então, punir. O presidente em exercício, Hamilton Mourão, afirmou nesta terça-feira (29) que não se pode agir por ""impulsos"" ao se buscar responsáveis pelo rompimento da barragem 1 da Mina do Feijão, em Brumadinho, que deixou pelo menos 84 mortos.Nesta terça-feira, cinco pessoas foram presas suspeitas de responsabilidade na tragédia: dois engenheiros da empresa TÜV SÜD, que prestavam serviço para a mineradora Vale, e três funcionários da mineradora.Os investigadores do Ministério Público e da polícia apuram se documentos técnicos, feitos por empresas contratadas pela Vale e que atestavam a segurança da barragem que se rompeu, foram fraudados de alguma forma.Ao comentar o caso, Mourão disse que é preciso ter cautela e reafirmou a necessidade de se apurar o caso para identificar se houve ""imperícia, imprudência, negligencia"" na tragédia.""Eu acho que a gente tem que ter cautela nessa hora. Uma coisa é a gente agir pelos impulsos e pela situação que está ocorrendo com a quantidade de gente que perdeu a vida. A gente tem que apurar as responsabilidades, se houve alguma imperícia, imprudência, negligência. Uma vez apurada a responsabilidade, a gente vê o que pode ser feito"", disse o presidente em exercício à imprensa, ao deixar a Vice-Presidência em Brasília.Na mesma fala, Mourão declarou não ter ""elementos"" para dizer se as prisões foram ""corretas"", mas defendeu que é preciso ter ""provas"" ou ""indícios muito fortes"" para manter suspeitos presos preventivamente.""O Ministério Público vai agir. O próprio Ministério Público estadual tomou atitudes hoje, não sei se foram as mais corretas, mas foram tomadas. [...] Não é que eu não concorde [com as prisões]. Eu não tenho elementos para dizer se elas estão corretas ou não. Agora, você prender preventivamente dois engenheiros por 30 dias, tem que ter provas para isso aí ou indícios muito fortes, ou então que eles iriam apagar as provas"", defendeu. "	-1
116	"""Ministro defende que mineradoras deixem de usar barragens como a de Brumadinho""Ricardo Salles (Meio Ambiente) disse que modelo de barragem a montante, como o usado pela Vale em Brumadinho (MG), é antigo e superado. Ele afirmou que governo avalia novas técnicas. O ministro do Meio Ambiente, Ricardo Salles, disse nesta segunda-feira (28), em entrevista à GloboNews, que mineradoras devem deixar de usar barragens como a de Brumadinho (MG) nos casos em que ""for possível"".Na sexta-feira (25), o"	"""Ministro defende que mineradoras deixem de usar barragens como a de Brumadinho""Ricardo Salles (Meio Ambiente) disse que modelo de barragem a montante, como o usado pela Vale em Brumadinho (MG), é antigo e superado. Ele afirmou que governo avalia novas técnicas.  O ministro do Meio Ambiente, Ricardo Salles, disse nesta segunda-feira (28), em entrevista à GloboNews, que mineradoras devem deixar de usar barragens como a de Brumadinho (MG) nos casos em que ""for possível"".Na sexta-feira (25), o rompimento de uma barragem da mineradora Vale despejou uma torrente de lama e rejeitos que, até as 12h desta segunda, havia causado 60 mortes e deixado 292 pessoas desaparecidas.Em Brumadinho a Vale usava o sistema ""a montante"", que consiste em depositar os rejeitos em camadas, num vale, fazendo o alteamento da barragem conforme aumenta o volume do material. Os rejeitos, no caso de Brumadinho, são o que sobrou do beneficiamento do minério de ferro, basicamente ferro, sílica e água.De acordo com especialistas, o método de barragem ""a montante"" é mais comum é mais barato, mas também de risco mais eleveado.O ministro disse que esse modelo é ""antigo"" e ""superado"".""No caso específico das barragens, havendo alternativa técnica, não tem por que manter algo superado, algo antigo e que tem um risco inerente, que é esse modelo de barragem, sobretudo essa construída a montante, que mostrou a fragilidade"", afirmou Salles.Ele defendeu uma substituição rápida do modelo a montante pelo modelo a seco nos casos em que ""for possível"".""Em que a indústria mineradora precisa agir rapidamente? Substituir essa técnica superada de barragem pela mineração sistema dry ou a seco. Não sei se em todos os casos isso é possível, mas em todos que for possível precisa fazer, e rápido"", completou o ministro.Depois, ao G1, Salles afirmou que o governo está ""adotando as medidas para identificar quais são as melhores técnicas disponíveis, mais factíveis de serem usadas"". Segundo ele, o objetivo é fazer as empresas adotarem as técnicas ""da maneira mais rápida e eficiente possível"".De acordo com o ministro, o governo pode proibir o uso das técnicas consideradas ultrapassadas de maneira progressiva ou de uma só vez, além de dar ""incentivos regulatórios e econômicos para que as melhores técnicas sejam aproveitadas"". "	-1
117	Governo propõe prazo de até 60 meses para pagamento de dívidas previdenciárias. Previsão está na PEC da reforma da Previdência, que será enviada ao Congresso. Intenção é inibir devedores com capacidade de pagamento, mas que aderem aos chamados Refis. A proposta de emenda constitucional (PEC) com novas regras para a Previdência prevê limitar o prazo para parcelamento de dívidas previdenciárias.	"""Governo propõe prazo de até 60 meses para pagamento de dívidas previdenciárias""Previsão está na PEC da reforma da Previdência, que será enviada ao Congresso. Intenção é inibir devedores com capacidade de pagamento, mas que aderem aos chamados Refis. A proposta de emenda constitucional (PEC) com novas regras para a Previdência prevê limitar o prazo para parcelamento de dívidas previdenciárias. Segundo o procurador-geral adjunto de gestão da dívida ativa da União e do FGTS, Cristiano Neuenschwander, a proposta é limitar o tempo de parcelamento em 60 meses.O texto da PEC foi entregue pessoalmente pelo presidente Jair Bolsonaro no Congresso Nacional.De acordo com o governo, a proposta de limitar o prazo ajudará a combater grandes devedores, que têm capacidade de pagamento, mas que aderem a programas de recuperação fiscal, os chamados Refis, para alongar o pagamento da dívida.Além dessa limitação que está na PEC, afirmou Cristiano, o governo também enviará um projeto ao Congresso para tentar combater devedores contumazes da Previdência.""O projeto traz definição de devedor contumaz, diferencia de devedor eventual e traz as medidas que serão aplicadas contra o devedor contumaz. Para ser classificado como devedor contumaz não basta dever um valor substancial, deve haver indícios de fraude"", disse Neuenschwander.Entre as medidas que o projeto deve ter para combater esse tipo de devedor está a aplicação de restrições administrativas, como o impedimento de adesão a qualquer benefício fiscal, entre eles, o parcelamento de dívidas.Ao final de uma reunião em que detalhou o projeto a governadores, o secretário de Previdência e Trabalho do Ministério da Economia, Rogério Marinho, afirmou que o foco será a cobrança de devedores a partir de R$ 15 milhões.""Nós também vamos enviar um projeto de lei para fortalecer a cobrança da dívida da Previdência com foco nos grandes devedores a partir de R$ 15 milhões. Nós estamos preocupados com todas as fragilidades do sistema. Preocupados em termos uma situação em que a população veja justiça, ou seja, os mais pobres no Brasil e é importante ressaltar isso, aqueles que fazem parte do INSS do regime geral já se aposentam hoje por idade ao 65anos e meio. Isso é uma realidade estatística"", afirmou.Segundo Cristiano Neuenschwander, hoje cerca de 1 milhão de empresas devem um total de R$ 491 bilhões para a Previdência. A maior parte desse valor, afirmou o procurador, não tem perspectiva de pagamento.De acordo com o procurador, dos R$ 491 bilhões, R$ 160 bilhões têm boas chances de ser pagos.Grande parte da dívida também está na mão de grandes devedores. Segundo Neuenschwander, 4 mil empresas respondem por 60% dos R$ 491 bilhões da dívida ativa previdenciária. "	-1
118	Pesquisadores da área de direitos humanos afirmaram ao blog que temem que o conteúdo do site da Comissão da Anistia possa ser perdido por ter sido retirado do ar nos últimos dias. Até então, as informações ficavam hospedados.	"""Site da Comissão de Anistia sai do ar para migração, e pesquisadores temem perda de dados"" Pesquisadores da área de direitos humanos afirmaram ao blog que temem que o conteúdo do site da Comissão da Anistia possa ser perdido por ter sido retirado do ar nos últimos dias.Segundo eles, o acesso ao conteúdo, que contém informações sobre como requerer anistia política, processos, atas das reuniões, publicações e canais de atendimento, tem sido dificultado.Até então, as informações ficavam hospedados no site www.justiça.gov.br/anistia.Procurado pelo blog, o governo informou se tratar apenas de uma migração do Ministério da Justiça para o Ministério da Mulher, Família e Direitos Humanos. O novo endereço é https://www.mdh.gov.br/comissaodeanistia.A pasta dos Direitos Humanos afirma que a ideia é divulgar todos os dados, com o nome das pessoas que receberam a anistia, com o valor e o nome dos anistiados e aqueles que tiveram o direito negado.Fontes da pasta afirmaram, ainda, que foi uma surpresa a página já ter sido retirada do ar antes da migração. O blog procurou o Ministério da Justiça, mas não obteve resposta até a publicação deste texto.Para a pesquisadora em comunicação política Fernanda Sarkis, as informações que constam do site da Comissão de Anistia, assim como as que constam no da Comissão Nacional da Verdade, pertencem à sociedade brasileira e qualquer coisa que seja retirada deve ser devidamente justificada.""Não cabe [ao governo] o papel de censor, decidindo o que podemos ou não acessar. Além disso, esse acervo é fundamental para milhares de pesquisadores dentro e fora do país e devem ficar disponíveis a qualquer tempo, em locais definidos pois estão referenciados em milhares de teses"", explica Fernanda.""Ações dessa natureza, de modificar os locais onde estão os documentos, sem fazer o devido direcionamento dos links, pode comprometer o processo metodológico desses pesquisadores"", completa.Antes, o site publicava os resultados das reuniões da Comissão e uma lista com todos os anistiados. Agora, em meio à transição, ainda não apareceram os resultados de cada uma das sessões, que ficavam na área registrada como calendário.Na migração, de acordo com pesquisadores, o governo retirou o trecho que explicava, a título de orientação sobre Comissão de Anistia, como o trabalho do órgão é também instrumento de Justiça Transicional.Além de reconhecer a condição de anistiado político, admitindo prejuízos causados pelo Estado, a Comissão de Anistia tem a função pública de consolidar valores da Justiça de Transição, como o direito à reparação, à memória e à verdade. "	-1
119	Em depoimento, Dilma diz que não tem conhecimento sobre Lula ter ou não recebido vantagem indevida em MP. Ex-presidente falou à Justiça Federal em ação que apura edição de medida provisória que beneficlou montadoras. Defesa sempre negou que Lula tenha cometido irregularidades. A ex-presidente Dilma Rousseff prestou depoimento nesta quinta-feira (14) à Justiça Federal e afirmou não saber se o ex-presidente Luiz Inácio Lula da Silva cometeu ato ilícito ao editar uma medida provisória (MP).	"""Em depoimento, Dilma diz que não tem conhecimento sobre Lula ter ou não recebido vantagem indevida em MP""Ex-presidente falou à Justiça Federal em ação que apura edição de medida provisória que beneficiou montadoras. Defesa sempre negou que Lula tenha cometido irregularidades. A ex-presidente Dilma Rousseff prestou depoimento nesta quinta-feira (14) à Justiça Federal e afirmou não saber se o ex-presidente Luiz Inácio Lula da Silva cometeu ato ilícito ao editar uma medida provisória (MP) que beneficiou montadoras.Dilma prestou depoimento por videoconferência, em Porto Alegre (RS). Nesta ação, Lula é réu por corrupção passiva.O ex-presidente foi acusado pelo Ministério Público de negociar propina para prorrogar incentivos fiscais quando ainda estava no Palácio do Planalto. A MP 471 prorrogou incentivos a montadoras de veículos nas regiões Norte, Nordeste e Centro-Oeste.Desde o início das investigações, a defesa de Lula nega irregularidades. Os advogados do ex-presidente também sempre reiteraram que Lula não cometeu crimes antes, durante ou depois de exercer a Presidência da República.""Nesta ação penal, o MP acusa o ex-presidente Lula e outras pessoas de terem recebido vantagem indevida para a edição da Medida Provisória. A senhora tem conhecimento de algum dos fatos?"", indagou o advogado Cristiano Zanin durante o depoimento.""Nesta medida provisória, eu não tenho nenhum conhecimento. Nem de outras ações, nem dessa especificamente"", respondeu Dilma.O advogado, então, a questionou novamente: ""A senhora nunca presenciou nem teve conhecimento de ofertas e vantagens indevidas?""Ao que a ex-presidente respondeu: ""Não, nunca tive. Nunca tive nenhum conhecimento disso. Até porque, se tivesse, tinha sido minha obrigação deportar para as autoridades competentes. Jamais tive conhecimento disso, jamais. E também não acredito muito que tenha havido."" "	-1
120	O presidente Jair Bolsonaro reuniu nesta quarta-feira (27) em Brasília o Conselho de Defesa Nacional para discutir a construção de uma linha de transmissão de energia entre Manaus (AM) e Boa Vista (RR).O conselho reúne, entre outra	"""Bolsonaro reúne Conselho de Defesa para discutir construção de linha de energia para Roraima""Estado não compõe Sistema Interligado Nacional e, com isso, importa energia da Venezuela. Regime Maduro fechou fronteira com o Brasil e tem ameaçado cortar fornecimento a RR. O presidente Jair Bolsonaro reuniu nesta quarta-feira (27) em Brasília o Conselho de Defesa Nacional para discutir a construção de uma linha de transmissão de energia entre Manaus (AM) e Boa Vista (RR).O conselho reúne, entre outras autoridades, os presidentes da Câmara e do Senado, ministros de Estado e os comandantes das Forças Armadas.Roraima é o único estado brasileiro que não compõe o Sistema Interligado Nacional (SIN) e, com isso, importa energia da Venezuela.Na semana passada, o presidente venezuelano Nicolás Maduro determinou o fechamento da fronteira do país com o Brasil, em Pacaraima (RR). O governo do país vizinho tem ameaçado cortar o fornecimento de energia a Roraima.A crise entre os dois países é provocada, entre outros motivos, porque o Brasil não reconhece a legitimidade de Maduro como presidente e considera o líder oposicionista Juan Guaidó como presidente interino do país.De acordo com o Ministério de Minas e Energia, mesmo que o governo Maduro corte o fornecimento de energia, as usinas térmicas de Roraima têm capacidade para abastecer a população local. Assim, não há risco de desabastecimento.A construção da linha de transmissão entre Manaus e Roraima, conhecida como Linhão do Tucuruí, pode fazer com que Roraima pare de sofrer com os constantes apagões. Ao ser concluída, a obra liga Roraima ao abastecimento de energia do restante do Brasil.De acordo com a Agência Nacional de Energia Elétrica (Aneel), Roraima teve 2018 um número recorde de apagões: 85 blecautes, sendo que 72 foram decorrentes de falhas na linha de transmissão da Venezuela.O acionamento de usinas termelétricas no ano passado para suprir falhas na linha de transmissão que abastece o estado de Roraima com energia da Venezuela custou R$ 597 milhões aos consumidores de todo o país, conforme a Aneel.Na terça-feira (26), a Aneel aprovou proposta de edital para contratar energia para Roraima, com leilão previsto para 31 de maio. O objetivo do leilão é substituir a energia importada da Venezuela.Cabe ao presidente da República convocar e presidir o Conselho de Defesa Nacional. A convocação para a reunião desta quarta foi publicada no ""Diário Oficial da União"". O objetivo é ""opinar sobre o cunho estratégico"" da linha de transmissão.Conforme a Constituição, o Conselho de Defesa Nacional é órgão de consulta do presidente da República para assuntos relacionados à soberania nacional e à defesa do Estado democrático. Compete ao conselho: "	-1
121	"""Mais cedo, nesta terça, a defesa de L Lula pediu autorização para que o ex-presidente pudesse ir ao velório do irmão, em São Bernardo (SP). Mais tarde, o presidente da República em exercício, Hamilton Mourão, afirmou que autorizar o ex-presidente Luiz Inácio Lula da Silva a ir ao velório do irmão é uma ""questão humanitária""."""	"""Mourão diz que autorizar Lula a ir ao velório do irmão é questão humanitária""Ex-presidente da República está preso em Curitiba e pediu nesta terça (29) para ir a velório do irmão, em São Bernardo (SP). Presidente em exercício, Mourão foi questionado sobre assunto. O presidente da República em exercício, Hamilton Mourão, afirmou nesta terça-feira (29) que autorizar o ex-presidente Luiz Inácio Lula da Silva a ir ao velório do irmão é uma ""questão humanitária"".Mais cedo, nesta terça, a defesa de Lula pediu à Justiça para o ex-presidente ir a São Bernardo do Campo (SP) participar do velório de Genival Inácio da Silva, conhecido como Vavá.Lula está preso em Curitiba (PR) desde abril do ano passado, condenado em segunda instância em um processo da Lava Jato. Questionado sobre o pedido de Lula, Mourão respondeu:""É uma questão humanitária, não é? A gente perder um irmão sempre é uma coisa triste. Eu já perdi o meu e sei como é que é.""Hamilton Mourão está no exercício da Presidência porque o presidente Jair Bolsonaro se recupera de uma cirurgia à qual foi submetido nesta segunda (28), em São Paulo.Ao apresentar o pedido à Justiça, a defesa de Lula argumentou que há previsão legal para a liberação em caso de morte de parentes diretos.Conforme o artigo 120 da Lei de Execução Penal:""Os condenados que cumprem pena em regime fechado ou semi-aberto e os presos provisórios poderão obter permissão para sair do estabelecimento, mediante escolta, quando ocorrer um dos seguintes fatos: falecimento ou doença grave do cônjuge, companheira, ascendente, descendente ou irmão; necessidade de tratamento médico"".Diante do pedido, a Justiça abriu prazo de um dia para manifestação do Ministério Público Federal (MPF).A defesa de Lula, contudo, argumentou ser desnecessário aguardar o parecer do MPF, sob risco de não haver tempo para o órgão se manifestar antes do sepultamento do irmão do ex-presidente. "	-1
122	Governo elabora junto com a USP uma nova tabela para o frete rodoviário, diz ministro. Segundo o ministro, o. O ministro da Infraestrutura, Tarcísio Freitas, afirmou nesta quarta-feira (30) que o governo está elaborando junto com a Universidade de São Paulo (USP) uma nova tabela de referência para o frete rodoviário.	"""Governo elabora junto com a USP uma nova tabela para o frete rodoviário, diz ministro""Tarcísio Freitas (Infraestrutura) participou de entrevista coletiva sobre o plano para escoamento da safra. Ele disse que nova tabela vai eliminar distorções e será aceita por todos.  O ministro da Infraestrutura, Tarcísio Freitas, afirmou nesta quarta-feira (30) que o governo está elaborando junto com a Universidade de São Paulo (USP) uma nova tabela de referência para o frete rodoviário.Segundo o ministro, o objetivo é eliminar distorções e montar uma tabela de frete mínimo que ""seja aceita por todos"".De acordo com ele, o novo modelo vai considerar novas variáveis para definição dos valores, como ano de fabricação do caminhão, condição e tipo de pavimento, além do tipo de produto transportado.Freitas afirmou que, dependendo do caso, pode haver tanto redução quanto aumento no valor de referência para o frete.Ele disse que o novo modelo deve ficar pronto em abril e que será discutido com ""todos os setores.""O ministro falou sobre o assunto durante coletiva para apresentar o plano do governo para o escoamento da safra 2018/2019.A tabela de fretes foi instituída por uma medida provisória editada pelo ex-presidente Michel Temer numa tentativa de por fim à greve dos caminhoneiros, em maio do ano passado. Pelo texto da MP, cabe à Agência Nacional de Transportes Terrestres definir os preços.Em 30 de maio, a agência publicou a primeira tabela, que gerou críticas. Com a polêmica, a ANTT editou uma nova tabela, mas os preços foram criticados pelos caminhoneiros, o que fez a agência voltar a praticar os valores da primeira tabela.O setor produtivo alega que a adoção de uma tabela aumento do custo de transporte. A questão foi levada para o Supremo Tribunal Federal (STF). O plenário ainda vai decidir se a multa para quem não cumprir a tabela é constitucional. "	-1
123	Após postar vídeo com pornografia, Bolsonaro pergunta o que é golden shower. Presidente compartilhou na terça (5) uma cena de bloco de carnaval, em que um homem dança e em determinado momento se abaixa para outro urinar nele. Nesta quarta, pergunto sobre a prática sexual e causou ainda mais reações nas redes sociais. O presidente Jair Bolsonaro aumentou ainda mais a polêmica sobre pornografia e carnaval nas redes sociais nesta quarta-feira (6).	"""Após postar vídeo com pornografia, Bolsonaro pergunta o que é golden shower""Presidente compartilhou na terça (5) uma cena de bloco de carnaval, em que um homem dança e em determinado momento se abaixa para outro urinar nele. Nesta quarta, perguntou sobre a prática sexual e causou ainda mais reações nas redes sociais.  O presidente Jair Bolsonaro aumentou ainda mais a polêmica sobre pornografia e carnaval nas redes sociais nesta quarta-feira (6). Ele havia compartilhado, na véspera, um vídeo de um bloco de carnaval em São Paulo em que dois homens dançam sobre um ponto de táxi. Em determinado momento, um deles coloca o dedo no ânus e se abaixa para que o outro urine nele.Nesta quarta, o presidente tuitou: ""O que é golden shower?"".""Golden shower"" significa ""ducha dourada"" (em tradução literal). É um termo em inglês usado para definir relações sexuais envolvendo o ato de urinar no(a) parceiro(a).Bolsonaro tem quase 3,5 milhões de seguidores no Twitter e usa a plataforma para anunciar iniciativas do governo e se comunicar com a população. O post do presidente com o vídeo teve mais de 8 mil retuítes, mais de 46 mil curtidas e 39 mil comentários até as 12h de quarta. Já a pergunta sobre golden shower teve 28 mil retuítes, mais de 54 mil curtidas e 18 mil comentários até o mesmo horário.O assunto está entre os mais comentados na rede social internacionalmente. Entre as principais hashtags dos Trending Topics estão #ImpeachmentBolsonaro, #BolsonaroTemRazão, #goldenshowerpresidente, #VergonhaDessePresidente.Ambas as postagens estão disponíveis a qualquer pessoa que acesse a conta dele, e causaram críticas tanto de opositores como de apoiadores do presidente.Usuários críticos às postagens destacaram que práticas como a que foi divulgada pelo presidente da República não ocorreram na absoluta maioria dos blocos de carnaval. Além disso, ao postar o vídeo em sua conta no Twitter, Bolsonaro levou a milhões de internautas temas que ele próprio sempre considerou impróprios para circulação em massa.Em novembro de 2017, quando ainda era deputado federal, Bolsonaro criticou a liberação do acesso de menores a uma exposição sobre sexualidade no Museu de Arte de São Paulo (Masp). ""Os canalhas não querem deixar as crianças em paz!"", escreveu sobre o assunto, também no Twitter.Dois meses antes, ao encampar uma campanha contra uma exposição que contava com um homem nu, o presidente havia colocado uma tarja no vídeo que divulgou na mesma rede social _ algo que ele não fez com o vídeo divulgado nesta terça.Entre as pessoas que criticaram o presidente por divulgar o vídeo pornográfico, está o deputado federal Kim Kataguiri (DEM-SP), um dos líderes do Movimento Brasil Livre (MBL). Em uma série de postagens no Twitter na manhã desta quarta, o parlamentar destacou que chegou a fazer campanha por Bolsonaro no segundo turno da eleição de 2018, mas que o tuíte do presidente ""é incompatível com a postura de um presidente, ainda mais de direita.""Também integrante do Movimento Brasil Livre (MBL), o vereador de São Paulo Fernando Holiday (DEM) afirmou que o vídeo compartilhado pelo presidente é ""indigno para o cargo"".A economista Ana Carla Abrão, que foi secretária de Fazenda de Goiás, classificou o post como ""absurdo"":A deputada federal Carla Zambelli (PSL-SP) defendeu Bolsonaro e comparou a reação aos vídeos às críticas feitas ao presidente dos Estados Unidos, Donald Trump, por ter divulgado vídeos antimuçulmanos.O vídeo foi gravado no desfile do Blocu, em São Paulo, na segunda-feira (4). Na postagem de terça, o presidente escreveu:""Não me sinto confortável em mostrar, mas temos que expor a verdade para a população ter conhecimento e sempre tomar suas prioridades. É isto que tem virado muitos blocos de rua no carnaval brasileiro. Comentem e tirem suas conslusões (sic)"".Inicialmente, o vídeo era exibido automaticamente a quem acessasse a conta. Foi só algumas horas depois que a sequência passou a ter a visualização restrita: em vez do vídeo, a rede social exibe um alerta de que a mídia pode conter material sensível. A sequência, desde então, só é exibida caso o usuário clique em ""ver"".O G1 procurou o Palácio do Planalto duas vezes nesta quarta, mas a Presidência não se manifestou até as 12h.O Twitter foi questionado se a visualização foi restringida por Bolsonaro ou pela própria rede social. A empresa disse que não faz comentários sobre contas específicas, mas informou que tem regras sobre os conteúdos permitidos na plataforma e que ""eventuais violações estão sujeitas a medidas cabíveis.""As regras do Twitter impedem a publicação de conteúdo adulto em vídeos ao vivo, em imagens de capa ou de perfil. Nos demais casos _ como vídeos gravados ou fotos _, as mídias devem ser marcadas com a opção ""sensível"".Quando isso não é feito, outros usuários podem denunciar. A rede social, então, inclui um alerta. Além disso, se o Twitter considerar o conteúdo inapropriado, o autor do post pode ser notificado, com exigência de remoção do conteúdo e até bloqueio a conta. "	-1
124	A Polícia Federal (PF) inves tig a se funcionários de companhia aérea participaram de ação para transporte de droga de Foz do Iguaçu (PR) para Maceió (AL). A Polícia Federal (PF) inves tig a se funcionários de companhia aérea participaram de ação para transporte de droga de Foz do Iguaçu (PR) para Maceió (AL). A Polícia Federal (PF) inves tig a se funcionários de companhia aérea participaram de ação para transporte de droga de Foz do Iguaçu (PR) para Maceió (AL). 	"""PF investiga se droga apreendida em aeroporto passou por funcionários de companhia"" A Polícia Federal (PF) investiga se funcionários de companhia aérea participaram de ação para transporte de droga de Foz do Iguaçu (PR) para Maceió (AL).No último domingo (3), a PF prendeu uma passageira de 22 anos com 2 kg de cocaína no aeroporto de Foz do Iguaçu. A mulher seguia para Maceió e faria uma conexão em Guarulhos.Na ocasião, a mulher e todos os funcionários que tiveram contato com a bagagem dela, em um total de 12, foram conduzidos para a delegacia da PF.Enquanto ela foi autuada por tráfico, os demais tiveram suas credenciais recolhidas pela Infraero, mediante solicitação da PF, e aguardarão a conclusão das investigações em liberdade.Segundo o blog apurou, o modelo de uso de funcionários de uma companhia aérea é considerado novo pela PF.De acordo com a PF, tanto a passageira quanto suas bagagens passaram por vistoria antes do embarque, mas nada foi encontrado. Os agentes localizaram a droga depois, quando a mala já estava no porão do avião.Ao se surpreenderem com os 2 kg de cocaína no interior da bagagem, os investigadores descobriram que o entorpecente foi colocado na mala da passageira possivelmente por algum funcionário da companhia aérea que teria acesso à mala, seja na triagem, na rampa ou no porão da aeronave.A passageira foi retirada do voo e confessou que receberia R$ 1,5 mil para levar a mala até Maceió e entregá-la a um desconhecido. Ela não revelou quem seria seu contato em Foz do Iguaçu. "	-1
125	Fachin dá mais 30 dias para PF concluir apuração sobre Aécio. Deputado do PSDB é investigado por supostamente ter recebido R$ 50 milhões para favorecer empreiteiras em Rondônia. O ministro Luiz Edson Fachin, do Supremo Tribunal Federal (STF), concedeu mais 30 dias de prazo para a Polícia Federal concluir a apuração sobre a suposta atuação do deputado Aécio Neves (PSDB-MG) em favor de empreiteiras em obras em Rondônia.	"""Fachin dá mais 30 dias para PF concluir apuração sobre Aécio""Deputado do PSDB é investigado por supostamente ter recebido R$ 50 milhões para favorecer empreiteiras em Rondônia. Defesa diz que não há qualquer elemento ou indício contra Aécio. O ministro Luiz Edson Fachin, do Supremo Tribunal Federal (STF), concedeu mais 30 dias de prazo para a Polícia Federal concluir a apuração sobre a suposta atuação do deputado Aécio Neves (PSDB-MG) em favor de empreiteiras em obras em Rondônia.Ao conceder o prazo, na última segunda-feira (11), Fachin atendeu parcialmente a um pedido da Procuradoria Geral da República (PGR), que havia solicitado mais 60 dias.Aécio é investigado por supostamente ter atuado em defesa dos interesses da Odebrecht e da Andrade Gutierrez no andamento de projetos das usinas hidrelétricas de Santo Antônio e Jirau, no Rio Madeira.Quando os depoimentos de executivos da Odebrecht se tornaram conhecidos, a defesa de Aécio divulgou a seguinte nota:""Registramos que as obras das usinas hidrelétricas do Rio Madeira (usinas de Santo Antônio e Jirau) foram licitadas pelo governo federal, do PT, não havendo, portanto, nenhuma participação do governo de Minas. Em uma delas, em Jirau, a Cemig foi inclusive derrotada. Dessa forma, não há qualquer elemento ou mesmo indício de participação do senador Aécio Neves em favor da empresa.Segundo as investigações, Aécio recebeu R$ 50 milhões por defender os interesses das duas empreiteiras.A PGR sustenta que R$ 30 milhões foram repassados pela Odebrecht e os outros R$ 20 milhões, pela Andrade Gutierrez.A Polícia Federal (PF) pediu mais prazo para finalizar o inquérito, alegando que ainda falta colher os depoimentos de quatro pessoas. Em manifestação enviada ao Supremo, a PGR concordou com o pedido e Fachin aceitou ampliar o prazo.""Remetam-se os autos à Polícia Federal, a quem concedo o prazo de no máximo 30 dias para o término dessas medidas, sem prejuízo de outras diligências que se afigurem relevantes ao desate da hipótese criminal. Findo o prazo, determino sejam os autos conclusos a este gabinete, com relatório minudente"", escreveu Fachin. "	-1
126	"""Foi autorizada a participação do ex-presidente Luiz Inácio Lula da Silva no velório do neto, Arthur Lula da Silva, de 7 anos, que faleceu em São Paulo vítima de meningite meningocólica."""	"""Justiça autoriza Lula a deixar a prisão para ir ao velório do neto em SP""Arthur Lula da Silva, de 7 anos, morreu nesta sexta-feira (1º) vítima de meningite meningocócica, em São Paulo. A Justiça Federal autorizou o ex-presidente Luiz Inácio Lula da Silva a ir ao velório do neto. Arthur Lula da Silva, de 7 anos, morreu nesta sexta-feira (1º) vítima de meningite meningocócica, em São Paulo.Em nota, a Justiça Federal informou que a íntegra da decisão não será divulgada:""Foi autorizada a participação de Lula no velório e que, a fim de preservar a intimidade da família e garantir não apenas a integridade do preso, mas a segurança pública, os detalhes do deslocamento serão mantidos em sigilo"".O processo de execução penal do ex-presidente está sob sigilo. Mais cedo, o Ministério Público Federal deu parecer favorável à saída.O velório do corpo de Arthur teve início por volta das 22h no Cemitério Jardim da Colina, em São Bernardo do Campo.O pedido feito pela defesa citava o artigo 120 da Lei de Execução Penal, que diz que ""os condenados que cumprem pena em regime fechado ou semiaberto e os presos provisórios poderão obter permissão para sair do estabelecimento, mediante escolta, quando ocorrer falecimento ou doença grave do cônjuge, companheira, ascendente, descendente ou irmão"".Na petição, a defesa de Lula se compromete ""a não divulgar qualquer informação relativa ao trajeto que será realizado"". O velório ocorre a partir da noite desta sexta no cemitério Jardim da Colina, em São Bernardo do Campo (SP).O ex-presidente está preso em uma sala especial na Polícia Federal (PF) desde 7 de abril de 2018.Neste período, Lula recebeu a visita do neto em duas oportunidades.Em 29 de janeiro, o Supremo Tribunal Federal autorizou Lula a sair da carceragem da PF para ir ao funeral do irmão Vavá. A decisão saiu pouco antes de o corpo de Vavá ser sepultado e, por isso, Lula não conseguiu ir ao enterro.Na oportunidade, a autorização saiu após o pedido ser negado pela Justiça Federal, na 1ª instância pela juíza Carolina Lebbos, e na 2ª instância pelo desembargador Leandro Paulsen.Lula foi condenado duas vezes na Operação Lava Jato. No primeiro processo, o ex-presidente foi condenado a 12 anos e 1 mês de prisão pelo Tribunal Regional Federal da 4ª Região (TRF-4) por corrupção passiva e lavagem de dinheiro.Para a Justiça, Lula recebeu propina da empreiteira OAS na forma de um apartamento no Guarujá, em troca de favores na Petrobras. A defesa do ex-presidente nega.Em 6 de fevereiro, Lula foi condenado em outra ação da Lava Jato: a juíza substituta da 13ª Vara da Justiça Federal de Curitiba, Gabriela Hardt, condenou o ex-presidente a 12 anos e 11 meses de prisão por corrupção e lavagem de dinheiro, por receber propina por meio de uma reforma em um sítio em Atibaia (SP). A defesa nega.Lula ainda é réu em outro processo da Operação Lava Jato em Curitiba, que apura se ele recebeu vantagens por meio de um apartamento e de um terreno onde seria construída a sede do Instituto Lula. A obra não saiu do papel.Veja mais notícias do estado em G1 Paraná. "	-1
127	Na reta final, aliados de Rodrigo Maia falam em vitória no primeiro turno. Para isso, precisará de 257 votos. A avaliação é que depois de o deputado Arthur Lira (PP-AL) desistir da disputa, a candidatura à reeleição do atual presidente da Casa ficou mais forte e tende a fechá-r um amplo apoio que garanta sua vitória sem neces	"""Na reta final, aliados de Rodrigo Maia falam em vitória no primeiro turno"" Faltando quatro dias para a eleição da presidência da Câmara dos Deputados, aliados do deputado Rodrigo Maia (DEM-RJ) já falam na possibilidade de vitória no primeiro turno. Para isso, precisará de 257 votos.A avaliação é que depois de o deputado Arthur Lira (PP-AL) desistir da disputa, a candidatura à reeleição do atual presidente da Casa ficou mais forte e tende a fechar um amplo apoio que garanta sua vitória sem necessidade de um segundo turno.O deputado do Progressista desistiu de sua candidatura depois de avaliar que não vingou uma aliança entre partidos de centro e da esquerda, já que PC do B e PDT devem apoiar a reeleição de Rodrigo Maia.Diante da decisão do parlamentar de Alagoas, o MDB e PTB, que estavam buscando fechar um bloco contra a candidatura do atual presidente da Câmara, também iniciaram negociações nos bastidores com o deputado do Rio.No MDB, o atual vice-presidente da Câmara, Fábio Ramalho (MG), mantém sua candidatura. ""Vamos ter segundo turno e eu vou ganhar, teremos pelo menos seis candidatos disputando a eleição"", afirmou Fabinho Ramalho, como é conhecido, ao blog.Ele disse que as informações de que o MDB estaria negociando com Rodrigo Maia não procedem, pois a maioria dos deputados do partido estaria fechada com seu nome.A eleição para presidência da Câmara e do Senado será na sexta-feira (01). O Palácio do Planalto acompanha de perto as negociações, mas o presidente Jair Bolsonaro tem insistido que manterá neutralidade no processo. "	-1
128	PEC do pacto federativo ajuda andamento da reforma da Previdência, diz Davi Alcolumbre. A PEC ajuda tramitação da Previdência por dar mais poder a parlamentares e gestores locais, afirma governo. O presidente do Senado, Davi Alcolumbre (DEM-AP), afirmou nesta terça-feira (12) que a análise da proposta de emenda à Constituição (PEC) sobre o novo pacto federativo vai ajudar o andamento da reforma da Previdência.	"""PEC do pacto federativo ajuda andamento da reforma da Previdência, diz Davi Alcolumbre""Presidente do Senado comentou proposta que Executivo deve enviar ao Congresso. PEC ajuda tramitação da Previdência por dar mais poder a parlamentares e gestores locais, afirma governo. O presidente do Senado, Davi Alcolumbre (DEM-AP), afirmou nesta terça-feira (12) que a análise da proposta de emenda à Constituição (PEC) sobre o novo pacto federativo vai ajudar o andamento da reforma da Previdência.A ideia do governo é iniciar a análise da PEC pelo Senado. A reforma da Previdência está em debate na Câmara dos Deputados.De acordo com o colunista do G1 e da GloboNews Valdo Cruz, a PEC trata da descentralização da arrecadação e pode desobrigar estados, municípios e União de fazerem investimentos mínimos em determinadas áreas.Ainda segundo o Blog do Valdo Cruz, o ministro da Economia, Paulo Guedes, avalia que a PEC do pacto federativo ajuda a tramitação da reforma da Previdência porque dá, segundo o governo, mais poder a parlamentares, governadores e prefeitos sobre o orçamento público.""[A PEC] vai ajudar [a tramitação da reforma da Previdência]. O pacto federativo é uma discussão que os estados fazem há muitos anos e, naturalmente, a distribuição de recursos que estão sob o domínio da União vai fortalecer essa interlocução dos estados e dos municípios com as suas bancadas, com o Congresso, com a Câmara e com o Senado"", afirmou Davi Alcolumbre nesta terça-feira.Para o presidente do Senado, é preciso ""dividir o bolo da arrecadação"". Ele afirma não ser mais possível municípios e estados ""ficarem com as atribuições e não ficarem com os recursos"".Na avaliação do senador, atualmente, os recursos públicos estão ""muito concentrados sob o controle da União"" e precisam chegar ""na ponta"".""Então, há esse sentimento da redistribuição do bolo arrecadatório do Brasil, e o Senado vai se debruçar em relação a isso porque é um tema que é aguardado por governadores e prefeitos ao longo de, pelo menos, as últimas duas décadas"", acrescentou.Segundo Davi Alcolumbre, na próxima semana, o Senado vai ouvir representantes de estados e municípios sobre a proposta. Depois disso, a Casa fará uma audiência com o ministro Paulo Guedes, o que deve acontecer no dia 26 de março, na Comissão de Assuntos Econômicos. "	-1
129	"""Não quero começar a culpar os outros pelo que está acontecendo, mas algo está sendo feito errado, diz Bolsonaro sobre Brumadinho."" ""Barragem de mineradora rompeu nesta sexta (25) e mar de lama invadiu região."" ""Presidente deve ir a Brumadinho neste sábado e concedeu entrevista a uma rádio local para comentar tragédia."""	"""Não quero começar a culpar os outros pelo que está acontecendo, mas algo está sendo feito errado, diz Bolsonaro sobre Brumadinho""Barragem de mineradora rompeu nesta sexta (25) e mar de lama invadiu região. Presidente deve ir a Brumadinho neste sábado e concedeu entrevista a uma rádio local para comentar tragédia. O presidente Jair Bolsonaro concedeu uma entrevista a uma rádio de Brumadinho (MG) nesta sexta-feira (25) na qual não apontou responsáveis pelo rompimento de uma barragem na cidade. Mas declarou: ""Algo está sendo feito errado ao longo dos tempos"".Mais cedo, nesta sexta, uma barragem da mineradora Vale rompeu e levou um mar de lama à região. Moradores estão deixando as casas e, segundo o Corpo de Bombeiros, há pelo menos 200 pessoas desaparecidas.Na entrevista à rádio de Brumadinho, Bolsonaro disse ainda que a ""questão"" da Vale, responsável pela barragem, ""não tem nada a ver"" com o governo federal.""Se bem que a questão da Vale do Rio Doce não tem nada a ver com o governo federal. Apenas cabe a nós a fiscalização. A nós, cabe aí a fiscalização por parte do Ibama, que é um órgão vinculado ao Ministério do Meio Ambiente, e buscar meios para se antecipar a problemas, mas esses meios partem primeiramente da empresa, que executa a obra"", acrescentou.&gt;&gt; Saiba mais abaixo o que Ibama e Vale disseram sobre o episódioDiante da tragédia desta sexta-feira, o governo federal criou um gabinete de crise para monitorar as ações na região e definir o que pode ser feito. Segundo o porta-voz do Palácio do Planalto, Otávio Rêgo Barros, Bolsonaro deve ir a Brumadinho neste sábado (26).Na entrevista, o presidente lamentou ""profundamente"" a tragédia e relatou que há ""possibilidade"" de a situação ser mais grave do que o imaginado. Segundo o presidente, o ""acidente"" poderia ter sido evitado, porém ele não citou como isso seria feito.Bolsonaro também lembrou na entrevista da tragédia de Mariana, que deixou 19 mortos em 2015, no episódio considerado como o maior desastre ambiental do Brasil até hoje.O rompimento da barragem de Fundão, da mineradora Samarco, causou uma enxurrada de lama que inundou várias casas no distrito de Bento Rodrigues, em Minas Gerais.A barragem de Fundão abrigava cerca de 56,6 milhões de m³de lama de rejeito. Desse total, 43,7 milhões de m³ vazaram. Os rejeitos atingiram os afluentes e o próprio Rio Doce, destruíram distritos e deixaram milhares de moradores da região sem água e sem trabalho.Bolsonaro ressaltou que o episódio que completou três anos em novembro deveria ter servido de ""alerta"" para que situações semelhantes não ocorressem novamente.""Acionamos o gabinete nosso, que chamamos de crise aqui em Brasília, e ficaremos antenados 24 horas por dia para prestar informações à população e para colher informações"", disse.Segundo o presidente, a intenção é ""minimizar"" o impacto da tragédia em Brumadinho.""De modo que nós possamos minimizar mais essa tragédia depois da de Mariana, que a gente esperava que não tivesse uma outra, né, até por uma questão de servir de alerta aquela"", completou.Mais tarde, o vice-presidente, Hamilton Mourão, afirmou que a Vale é uma empresa privada e que, por isso, o governo não pode ser culpado pelo acidente.""Essa conta não pode vir pra gente. Não pode vir para o nosso governo. Porque nós assumimos faz 30 dias. É uma empresa privada, a Vale é uma empresa privada. Tem que apurar o que houve. Era considerada a barragem de menor grau de risco"", disse Mourão, em Brasília.Respoonsável pela barragem que rompeu em Brumadinho, a mineradora Vale divulgou a seguinte nota:A Vale informa que, no início desta tarde, ocorreu o rompimento da Barragem 1 da Mina Feijão, em Brumadinho (MG). A companhia lamenta profundamente o acidente e está empenhando todos os esforços no socorro e apoio aos atingidos.Havia empregados na área administrativa, que foi atingida pelos rejeitos, indicando a possibilidade, ainda não confirmada, de vítimas. Parte da comunidade da Vila Ferteco também foi atingida.O resgate e os atendimentos aos feridos estão sendo realizados no local pelo Corpo de Bombeiros e pela Defesa Civil. Ainda não há confirmação sobre a causa do acidente.A prioridade máxima da empresa, neste momento, é apoiar nos resgates para ajudar a preservar e proteger a vida de empregados, próprios e terceiros, e das comunidades locais.A Vale continuará fornecendo informações assim que confirmadas.Em nota, o Ibama _ instituto federal responsável pela fiscalização ambiental em âmbito nacional _ afirmou que, em situações de emergência, a competência de acompanhamento é do órgão licenciador, que, neste caso, é do estado de Minas Gerais.Ainda de acordo com o comunicado, o Ibama só assumiria a competência pela tragédia de Brumadinho se o resíduos ultrapassarem os limites territoriais de Minas Gerais ou se os desdobramentos do incidente acabarem atingindo ""significativamente"" um bem da União.""De qualquer maneira, o Ibama continuará acompanhando o evento e prestando o apoio necessário aos órgãos públicos, por força de seus acordos junto ao P2R2 (Plano Nacional de Prevenção, Preparação e Resposta Rápida a Emergências Ambientais com Produtos Químicos Perigosos_ Decreto 5.098/04). O órgão fiscalizador da segurança das barragens de mineração é a Agência Nacional de Mineração (ANM), segundo a Política Nacional de Segurança de Barragens (Lei n. 12.334/2010).""Também por meio de nota, a Agência Nacional de Águas (ANA) afirmou que está monitorando a onda de rejeito e coordenando ações para manutenção do abastecimento de água para as cidades que captam água ao longo do rio Paraopeba.No comunicado, a ANA ressalta que a barragem da Usina Hidrelétrica Retiro Baixo está a 220 km do local do rompimento e possibilitará amortecimento da onda de rejeito. Segundo a agência, a estimativa é de que a onda de rejeito atingirá a usina em cerca de dois dias. "	-1
130	"Marco Aurélio nega pedido de Flávio Bolsonaro para suspender investigação. O ministro Marco Aurélio Mello, do Supremo Tribunal Federal (STF), decidiu negar nesta sexta-feira (1º) um pedido do deputado estadual e senador eleito Flávio Bolsonaro (PSL-RJ) para suspender as investigações do Ministério Público do Rio de Janeiro (MP-RJ) a partir de movimentações financeiras consideradas ""atípicas"" pelo Conselho de Controle de Atividades Financeiras (Coaf).O senador eleito Flávio Bolsonaro disse, por"	"""Marco Aurélio nega pedido de Flávio Bolsonaro para suspender investigação"" O ministro Marco Aurélio Mello, do Supremo Tribunal Federal (STF), decidiu negar nesta sexta-feira (1º) um pedido do deputado estadual e senador eleito Flávio Bolsonaro (PSL-RJ) para suspender as investigações do Ministério Público do Rio de Janeiro (MP-RJ) a partir de movimentações financeiras consideradas ""atípicas"" pelo Conselho de Controle de Atividades Financeiras (Coaf).O senador eleito Flávio Bolsonaro disse, por meio de sua assessoria, que não vai se pronunciar por ora, mas que deve se manifestar no Senado sobre a decisão na tarde desta sexta-feira (1º). Flávio havia pedido a suspensão do procedimento investigatório com o argumento de que uma vez eleito senador, a competência para autorizar investigação seria do STF, por causa do foro privilegiado.Em entrevista ao blog há duas semanas, Marco Aurélio já tinha sinalizado que rejeitaria o pedido da defesa do senador eleito. ""Tenho negado seguimento a reclamações assim, remetendo ao lixo"", afirmou o ministro na ocasião.Com a decisão de Marco Aurélio, a investigação do MP-RJ pode ser retomada. O ministro também determinou o fim do sigilo do caso.Na decisão, Marco Aurélio afirma que a competência da Corte ""está delimitada, de forma exaustiva, na Constituição Federal"", e que cabe ao STF julgar deputados e senadores por crimes cometidos no exercício do mandato.""Reitero o que sempre sustentei: a competência do Tribunal é de Direito estrito, está delimitada, de forma exaustiva, na Constituição Federal. As regras respectivas não podem merecer interpretação ampliativa. A Lei Maior, ao prever cumprir ao Supremo julgar Deputados e Senadores, há de ter abrangência definida pela conduta criminosa: no exercício do mandato e relacionada, de algum modo, a este último"", disse o ministro.Marco Aurélio disse, ainda, que a Corte não pode servir de ""elevador processual"".""A situação jurídica não se enquadra na Constituição Federal em termos de competência do Supremo. Frise-se que o fato de alcançar-se mandato diverso daquele no curso do qual supostamente praticado delito não enseja o chamado elevador processual, deslocando-se autos de inquérito, procedimento de investigação penal ou processo-crime em tramitação"", afirmou o ministro.Após a decisão do ministro, o MP-RJ comunicou que o procurador-geral de Justiça, Eduardo Gussem, encaminhou onze Procedimentos de Investigação Criminal (PICs) abertos a partir dos relatórios do Coaf para a coordenação da 1ª Central de Inquéritos.""Caberá a essa coordenação remeter os expedientes para a Promotoria de Justiça com atribuição para prosseguir nas investigações"", informou o MP.Flávio Bolsonaro e seu ex-motorista Fabrício Queiroz são alvos de procedimento investigatório do Ministério Público do Rio de Janeiro iniciado a partir de relatórios do Coaf. O conselho identificou uma movimentação suspeita de R$ 1,2 milhão na conta de Queiroz e também na conta de Flávio Bolsonaro _ em um mês, foram 48 depósitos em dinheiro, no total de R$ 96 mil, de acordo com o Coaf.Os depósitos, concentrados no autoatendimento da agência bancária que fica dentro da Assembleia Legislativa do Rio (Alerj), foram feitos sempre no mesmo valor: R$ 2 mil.A investigação faz parte da Operação Furna da Onça, desdobramento da Lava Jato no Rio de Janeiro que prendeu dez deputados estaduais.De acordo com o Coaf, nove funcionários do gabinete de Flávio Bolsonaro na Assembleia Legislativa do Rio de Janeiro transferiam dinheiro para a conta de Fabrício Queiroz em datas que coincidem com as datas de pagamento de salário.O filho do presidente Jair Bolsonaro tem dito estar à disposição da Justiça para prestar esclarecimentos, mas não atendeu aos convites do Ministério Público para apresentar as explicações.Ainda durante o recesso do Judiciário, o ministro Luiz Fux, do STF, mandou suspender provisoriamente o procedimento investigatório do MP-RJ atendendo a pedido de Flávio Bolsonaro, até que o relator do caso, ministro Marco Aurélio pudesse decidir.Na reclamação ao STF, Flávio Bolsonaro argumentava que o Ministério Público requereu ao Coaf informações sobre dados sigilosos de sua titularidade e que as informações do procedimento investigatório foram obtidas de forma ilegal, sem consultar a Justiça.Segundo Flávio, houve usurpação de competência da Corte para decidir sobre o precedimento investigatório, uma vez que foi confirmada sua eleição como senador e que só o Supremo poderia decidir neste caso.Ele alegou, ainda, que ""o Ministério Público do Rio se utilizou do Coaf para criar atalho e se furtar ao controle do Poder Judiciário, realizando verdadeira burla às regras constitucionais de quebra de sigilo bancário e fiscal"".Flávio Bolsonaro pediu a suspensão de todos os atos da investigação em curso até que se decida a respeito da competência do Supremo para processar e julgar e ainda o reconhecimento da ilegalidade das provas e de todas as diligências de investigação determinadas a partir delas. "	-1
131	PGR pede ao STF mais 60 dias para concluir inves tigações sobre Aécio Neves. A Procuradoria-Geral da República (PGR) pediu ao Supremo Tribunal Federal (STF) novo prazo de 60 dias para concluir as inves tigações do inquérito que apura se o deputado federal Aécio Neves (PSDB-MG) participou de esquema de corrupção envolvendo obras no Rio Madeira e nas usinas hidroelétricas de Santo Antônio e Jirau. O pedido de prorrogação do prazo será analisado pelo ministro Edson Fachin, relator do inquérito no STF.	"""PGR pede ao STF mais 60 dias para concluir investigações sobre Aécio Neves"" A Procuradoria-Geral da República (PGR) pediu ao Supremo Tribunal Federal (STF) novo prazo de 60 dias para concluir as investigações do inquérito que apura se o deputado federal Aécio Neves (PSDB-MG) participou de esquema de corrupção envolvendo obras no Rio Madeira e nas usinas hidroelétricas de Santo Antônio e Jirau.O pedido de prorrogação do prazo será analisado pelo ministro Edson Fachin, relator do inquérito no STF.Como o blog mostrou, Fachin pediu um posicionamento da PGR sobre o destino do inquérito contra Aécio e citou três opções: arquivamento do caso, oferecimento de denúncia ou continuação das investigações sob a orientação do STF ou em outra instância.O inquérito foi aberto após a delação do empreiteiro Marcelo Odebrecht e de Henrique Serrano do Prado Valladares, executivo da construtora, e apura fatos que teriam acontecido quando Aécio ainda cumpria mandato de senador.De acordo com os delatores, o então senador teria recebido propina em troca de apoio parlamentar, principalmente em obras de interesse da Odebrecht nas usinas hidroelétricas de Santo Antônio e Jirau, no Rio Madeira.Em nota, o advogado de Aécio, Alberto Zacharias Toron, negou envolvimento do deputado no caso. "	-1
132	Milhões de pessoas ameaçadas pelos rejeitos de mineradoras; Militares entrarão na reforma. A Folha de S.Paulo aponta que cerca de 3,5 milhões de pessoas vivem no Brasil próximas a barragens com risco de rompinento. A barragem de Brumadinho, que se rompeu na última sexta-feira (25).	"""Milhões de pessoas ameaçadas pelos rejeitos de mineradoras; Militares entrarão na reforma. Jornais de quinta (31)""Veja quais são as notícias de destaque nos matutinos brasileiros A Folha de S.Paulo aponta que cerca de 3,5 milhões de pessoas vivem no Brasil próximas a barragens com risco de rompimento. O matutino apresenta dados da Agência Nacional de Águas (ANA) e enfatiza que, em 2017, 45 delas apresentaram falhas estruturais. A barragem de Brumadinho, que se rompeu na última sexta-feira (25), era considerada de baixo risco.Segundo a Folha, entre as cidades mais populosas com barragens em risco estão Campo Grande (MS) e Pelotas (RS). A Folha ainda lembra que, atualmente, não existe regra que estabeleça uma distância mínima entre as barragens e as comunidades. ""3,5 milhões no país vivem em áreas com barragens em risco"", informa a manchete da Folha.O Globo destaca que a decisão da empresa Vale de fechar barragens construídas da mesma forma que a estrutura que se rompeu em Brumadinho vai impactar a economia de municípios e do estado de Minas Gerais. Segundo o matutino, Minas, que já vive uma crise fiscal, deve perder cerca de R$ 220 milhões por ano de tributos estaduais de mineração e R$ 79 milhões em royalties.Com o encerramento de algumas barragens, a Vale perderá algo entre US$ 3 bilhões e US$ 3,5 bilhões de receita ao ano. O matutino também enfatiza que o rompimento da barragem tem impacto negativo na economia brasileira e mexe nos preços do minério de ferro no mercado internacional. ""Tragédia afeta economia do país e custos da siderurgia global"", sublinha a manchete do Globo.Na primeira página, O Globo mostra também que o presidente Jair Bolsonaro determinou que todas as categorias, inclusive militares e servidores estaduais, sejam incluídas na reforma da Previdência. Segundo o Secretário da Previdência, Rogério Marinho, pelo menos oito governadores já manifestaram apoio à reforma.""O presidente Bolsonaro quer uma reforma com justiça social"", disse Marinho. Em evento com prefeitos realizado nesta quarta-feira (30), o ministro Paulo Guedes afirmou que o governo pretende contemplar todas as categorias na reforma.O Estado de S.Paulo afirma que o Congresso deixou de votar uma medida provisória que poderia aumentar o valor da multa a ser aplicada pela Agência Nacional de Mineração (ANM) a mineradoras. De acordo com o Estadão, uma medida provisória do governo Temer enviada ao Congresso em julho de 2017 determinava o aumento da multa dos atuais R$ 3,2 mil para até R$ 30 milhões.No entanto, o Congresso não votou a medida e a Vale deverá pagar uma multa irrisória de R$ 3.293,99 pelo rompimento da barragem em Brumadinho (MG). Como comparação, o Estadão mostra que outras agências cobram multas muito maiores. A Agência Nacional de Telecomunicações (Anatel), por exemplo, pode aplicar multas de até R$ 50 milhões por infração. ""Multa máxima de agência a mineradoras é de R$ 3,2 mil"", aponta o título principal do Estadão. "	-1
133	TRF-4 nega novo interrogatório a Eduardo Cunha em processo sobre propina em contratos de navios-sonda. Decisão liminar também indeferiu a solicitação do ex-presidente da Câmara dos Deputados em janeiro. O pedido de Eduardo Cunha para ser interrogado novamente dentro do processo da Lava Jato sobre propina em contratos de navios-sonda, em que ele é réu, foi negado por unanimidade pela 8ª Turma do Tribunal Regional Federal da 4ª Região (TRF-4).	"""TRF-4 nega novo interrogatório a Eduardo Cunha em processo sobre propina em contratos de navios-sonda""Decisão liminar também indeferiu a solicitação do ex-presidente da Câmara dos Deputados em janeiro. Defesa alega imparcialidade do então juiz Sérgio Moro.  O pedido de Eduardo Cunha para ser interrogado novamente dentro do processo da Lava Jato sobre propina em contratos de navios-sonda, em que ele é réu, foi negado por unanimidade pela 8ª Turma do Tribunal Regional Federal da 4ª Região (TRF-4) em julgamento nesta quarta-feira (20).A defesa disse ao G1 que vai recorrer da decisão.Em janeiro, uma decisão liminar também indeferiu a solicitação do ex-presidente da Câmara dos Deputados. Ele já foi condenado em outra ação da Lava Jato, por lavagem de dinheiro, corrupção passiva e evasão de divisas, em 2017. Cunha está preso desde outubro de 2016.Esse segundo processo, que ainda tramita na primeira instância, apura a suspeita de que Cunha teria recebido propina de US$ 5 milhões em contratos de construção de navios-sonda da Petrobras. O ex-deputado foi interrogado pelo então juiz federal Sérgio Moro em 31 de outubro de 2018.A defesa alega imparcialidade de Moro, lembrando a aceitação do convite para o cargo de Ministro da Justiça. O então juiz aceitou o convite em 1º de novembro, um dia após o interrogatório de Cunha. O deputado cassado foi ouvido por cerca de duas horas. Segundo o advogado, ele negou todas as acusações.Quando a decisão liminar foi negada pelo TRF-4, o juiz federal convocado Danilo Pereira Júnior argumentou que habeas corpus não seria o meio correto para o pedido de novo interrogatório, como a defesa o fez.""Como assente na jurisprudência desta Corte, não se presta o habeas corpus para discutir-se a utilidade de uma ou outra prova, a necessidade de reinterrogatório ou a parcialidade do juízo. Há casos em que a lei processual penal prevê o meio e o momento para tanto, certamente não sendo a fase final do processo, após o encerramento da instrução, adequado"", disse, em sua decisão, em janeiro.O Ministério Público Federal (MPF) afirma que o ex-deputado solicitou para ele mesmo e para outros envolvidos no esquema - entre 14 de junho de 2006 e outubro de 2012 - cerca de US$ 15 milhões pela contratação dos navios-sonda Petrobras 10.000 e Vitória 10.000.A denúncia diz ainda que Cunha contou com a participação da então deputada Solange de Almeida, que era responsável por pressionar o pagamento das propinas por meio de dois requerimentos a Comissão de Fiscalização Financeira e Controle da Câmara dos Deputados (CFFC).O MPF reforçou o pedido de condenação de Cunha nesta ação, nas alegações finais que foram protocoladas no processo eletrônico da Justiça Federal do Paraná no dia 17 de janeiro. Depois das alegações finais das defesas dos réus, o juiz federal do Paraná poderá dar a sentença. Contudo, não há um prazo para que isso ocorra. "	-1
134	"""Todos nós estamos esperando uma resposta, não só do caso Marielle como da facada em Bolsonaro, diz Heleno"" O ministro do Gabinete de Segurança Institucional, general Augusto Heleno, disse ao blog nesta terça-feira (12) que ""não sabe avaliar"" a ""qualidade"" da prisão de suspeitos de envolvimento nos assassinatos da vereadora Marielle Franco (PSOL-RJ) e do motorista Anderson Gomes. As prisões foram realizadas nesta manhã pela Polícia Civil, no Rio.Perguntad o sobre qual era a sua avaliação a respei"	"""Todos nós estamos esperando uma resposta, não só do caso Marielle como da facada em Bolsonaro, diz Heleno"" O ministro do Gabinete de Segurança Institucional, general Augusto Heleno, disse ao blog nesta terça-feira (12) que ""não sabe avaliar"" a ""qualidade"" da prisão de suspeitos de envolvimento nos assassinatos da vereadora Marielle Franco (PSOL-RJ) e do motorista Anderson Gomes. As prisões foram realizadas nesta manhã pela Polícia Civil, no Rio.Perguntado sobre qual era a sua avaliação a respeito das prisões, ele disse que não tem dados suficientes para comentar, e que vai aguardar a repercussão das prisões nas investigações.Sobre se considerava positiva alguma resposta sobre o crime, um ano depois, o ministro respondeu: ""Todos nós estamos esperando uma resposta, não só deste caso, como da facada em Jair Bolsonaro"".O ministro se referiu ao atentado contra o presidente Bolsonaro, durante a campanha eleitoral, em setembro de 2018. Durante um ato de campanha, em Juiz de Fora, Bolsonaro foi alvo de Adélio Bispo de Oliveira, que atingiu Jair Bolsonaro com um golpe de faca _ em inquérito, a Polícia Federal concluiu que Adélio agiu sozinho no atentado.Mesmo assim, desde o dia do atentado, governistas e o próprio presidente cobram publicamente uma investigação para apurar quem mandou matar Bolsonaro. Há um inquérito em andamento que investiga se terceiros ajudaram Adélio no atentado.O vice-presidente, Hamilton Mourão, disse ao blog que as prisões são uma ""resposta"" e mostram que nunca se parou de investigar o caso Marielle. ""É uma investigação muito difícil. Não deixa de ser uma resposta, é claro. Nunca se abandonou a investigação"". "	-1
135	O calendário mais otimista era dia 28 de março. Mas o mais pé no chão, segundo Francischini, é que a votação da reforma da Previdência, na CCJ, deve acontecer na primeira semana de abril. Se o texto que trata da aposentadoria dos militares não atrasar e for entregue à Câmara como previsto, na quarta-feira.	"""CCJ pode votar Previdência no início de abril se projeto de militares não atrasar, diz Francischini"" O presidente da Comissão de Constituição e Justiça (CCJ) da Câmara, Felipe Francischini (PSL-PR), disse ao blog que, se o texto que trata da aposentadoria dos militares não atrasar _ e for entregue à Câmara como previsto, na quarta-feira _ a votação da reforma da Previdência, na CCJ, deve acontecer na primeira semana de abril.""O calendário mais otimista era dia 28 de março. Mas o mais pé no chão sempre foi dia 3 de abril. Isso contando que [a proposta sobre] os militares chegará durante esta semana que se inicia"", afirmou o parlamentar.Depois de ser analisada pela CCJ, a reforma da Previdência será encaminhada a uma comissão especial, que debaterá o conteúdo do projeto.Francischini disse não acreditar que o texto dos militares não será enviado nesta semana. Mas disse que, caso haja alguma alteração, marcará uma conversa com os coordenadores partidários na CCJ ""para ouvir a opinião de todos"".Nos bastidores, parlamentares levantaram dúvidas neste domingo sobre se, de fato, o texto dos militares será entregue aos congressistas na próxima quarta.Motivo: o presidente Jair Bolsonaro foi às redes sociais para dizer que ainda não tinha visto a proposta do ministério da Defesa. Como Bolsonaro está no exterior, e só volta quarta-feira, deputados passaram a questionar se o texto não vai atrasar. "	-1
136	Deixa as investigações continuarem, diz Bolsonaro sobre ministro do Turismo. Marcelo Álvaro Antônio é citado em caso de supostas candidaturas-laranja nas eleições de 2018 em Minas Gerais. Inves tigação trata de repasses de recursos para financiamiento eleitoral.	"""Deixa as investigações continuarem, diz Bolsonaro sobre ministro do Turismo""Marcelo Álvaro Antônio é citado em caso de supostas candidaturas-laranja nas eleições de 2018 em Minas Gerais. Investigação trata de repasses de recursos para financiamento eleitoral.\n O presidente Jair Bolsonaro afirmou nesta sexta-feira (8) que é preciso deixar que continuem as investigações sobre o ministro do Turismo, Marcelo Álvaro Antônio (PSL), envolvido no caso de supostas candidaturas-laranja nas eleições de 2018 em Minas Gerais.Bolsonaro comentou a situação do ministro em uma entrevista a jornalistas no Palácio do Planalto, onde participou de cerimônia de entrega de cartas credenciais de embaixadores de seis países. A entrega de cartas faz parte do protocolo para o início da atividade de novos embaixadores no país.Após o evento, o presidente foi questionado pelos jornalistas se o caso de Álvaro Antônio provoca constrangimento no governo.Nesta semana, a filiada do PSL Zuleide Oliveira acusou Álvaro Antônio de chamá-la para ser candidata-laranja nas eleições 2018. Segundo Zuleide, o ministro teria organizado sua candidatura para que ela pudesse devolver verbas ao partido, desviando dinheiro público da campanha.O ministro negou a acusação e disse que Zuleide ""mente descaradamente"". O caso vai ser investigado pelo Ministério Público Eleitoral e pela polícia.Outras candidatas do PSL mineiro já são investigadas pela Polícia Federal e pelo Ministério Público por suspeita de candidatura-laranja na eleição passada. As investigações apuram a denúncia de que o dinheiro enviado às candidatas teria sido devolvido a assessores do ministro Marcelo Álvaro Antônio.Anteriormente, ao Jornal Nacional, a ex-candidata a deputada estadual em Minas Gerais Cleuzenir Barbosa declarou que assessores do ministro pediram a ela que transferisse dinheiro público de campanha para empresas. Em nota, Marcelo Álvaro Antônio afirmou que jamais orientou qualquer assessor a praticar ato ilícito.Segundo o blog do jornalista Gerson Camarotti, colunista do G1, integrantes do governo e até mesmo parlamentares da bancada do PSL demonstram desconforto com a situação de Álvaro Antônio, e tem crescido a avaliação de que o ministro deve pedir para deixar o ministério, evitando um desgaste maior do governo.Em fevereiro, ao conceder entrevista à Rádio Gaúcha, o ministro da Casa Civil, Onyx Lorenzoni, afirmou que o governo observava a situação de Álvaro Antônio, mas que não havia intenção de demiti-lo.O caso das candidaturas-laranja do PSL esteve na origem da crise que culminou com a demissão de Gustavo Bebianno do cargo de ministro da Secretaria-Geral da Presidência. A demissão foi creditada no Palácio do Planalto pela quebra de confiança na relação entre o ex-ministro, que presidiu o PSL durante a campanha eleitoral, e Bolsonaro. "	-1
137	Uma breve pausa para férias, Caríssimos leitores, Depois de longo período de intensa cobertura política, vou fazer uma breve pausa para férias. Volto no dia 25 de março. Até já!	"""Uma breve pausa para férias"" Caríssimos leitores,Depois de longo período de intensa cobertura política, vou fazer uma breve pausa para férias.Volto no dia 25 de março.Até já! "	-1
138	STF manda prender fazendeiro condenado por ser mandante da morte de Dorothy Stang. Militante da reforma agrária, a religiosa foi morta, em. 	"""STF manda prender fazendeiro condenado por ser mandante da morte de Dorothy Stang""Regivaldo Galvão foi condenado em segunda instância a 30 anos de prisão. No ano passado, o ministro Marco Aurélio Mello mandou soltá-lo, mas Primeira Turma revogou decisão. A Primeira Turma do Supremo Tribunal Federal (STF) determinou a prisão do fazendeiro Regivaldo Galvão, condenado como mandante do assassinato da missionária norte-americana Dorothy Stang. Militante da reforma agrária, a religiosa foi morta, em 2005, em um assentamento rural no município de Anapu, no Pará. A decisão foi tomada pelo colegiado na sessão de terça-feira (19).Galvão foi condenado a 30 anos de reclusão em 30 de abril de 2010. A condenação foi mantida em segunda instância, e a pena chegou a ser reduzida para 25 anos pelo Superior Tribunal de Justiça, que autorizou a prisão em 2017.No entanto, em maio do ano passado, o ministro Marco Aurélio Mello, do STF, concedeu um habeas corpus ordenando a libertação do fazendeiro sob o argumento de que ainda não havia condenação definitiva, o chamado ""trânsito em julgado"".Em 2016, o plenário do Supremo confirmou, por maioria, que os réus com condenação em segunda instância podem ser presos mesmo que ainda tenham recursos pendentes. Marco Aurélio, entretanto, é um dos críticos da decisão. Na decisão em que havia mandado soltar o fazendeiro, o ministro disse que, como o tribunal não analisou a questão em uma ação ampla e vinculante, cada ministro deve seguir sua própria consciência sobre o tema.Na sessão de terça da Primeira Turma, Marco Aurélio manteve o voto para que Galvão aguardasse uma decisão final da Justiça em liberdade, mas ficou vencido porque os outros quatro integrantes da turma entenderam que deveria ser cumprida a decisão que autoriza prisão após condenação em segunda instância.A maioria dos ministros do colegiado revogou a liminar concedida por Marco Aurélio Mello. Agora, Regivaldo Galvão deve voltar a cumprir a pena em regime fechado.Em 10 de abril, o plenário do Supremo voltará a analisar a validade de prisão após uma pessoa ser condenada pela segunda instância da Justiça. Na ocasião, serão analisadas três ações que pedem que as prisões após segunda instância, já autorizadas pelo STF em outros julgamentos, sejam proibidas em razão do princípio da presunção da inocência.As ações foram apresentadas pelos partidos PCdoB e Patriota e pela Ordem dos Advogados do Brasil (OAB).O principal argumento dos autores das ações é de que o artigo 283 do Código de Processo Penal estabelece que as prisões só podem ocorrer após o trânsito em julgado, ou seja, quando não couber mais recursos no processo.Primeiro a votar na sessão desta terça que julgou o habeas corpus, Marco Aurélio ponderou que a Constituição permite que o réu aguarde o resultado dos recursos em liberdade.Na sequência, o ministro Alexandre de Moraes divergiu. O magistrado defendeu que deve ser cumprida a decisão do plenário do Supremo que autoriza a execução provisória da pena, quando a condenação é confirmada em segunda instância.""Um caso gravíssimo, homicídio duplamente qualificado. [...] Agora, esse novo habeas corpus se dá em razão da condenação em segunda instância. A posição majoritária da Turma é a manutenção de prisão, a possibilidade de execução da pena"", enfatizou.Os ministros Luís Roberto Barroso, Rosa Weber e Luiz Fux concordaram com os argumentos de Alexandre de Moraes ao votarem e formaram maioria para revogar o habeas. "	-1
139	"""Quinta Turma do STJ deve julgar em março recurso de Lula contra condenação no caso triplex."" ""Ministro Felix Fischer negou pedido de Lula que tentava reverter condenação de 12 anos e um mês."" ""A Quinta Turma do Superior Tribunal de Justiça (STJ) deve julgar ainda neste mês um recurso da defesa do ex-presidente Luiz Inácio Lula da Silva que tenta reverter a condenação no caso do triplex."""	"""\nQuinta Turma do STJ deve julgar em março recurso de Lula contra condenação no caso triplex""Ministro Felix Fischer negou pedido de Lula que tentava reverter condenação de 12 anos e um mês. Defesa recorreu e pediu decisão colegiada sobre o caso. A Quinta Turma do Superior Tribunal de Justiça (STJ) deve julgar ainda neste mês um recurso da defesa do ex-presidente Luiz Inácio Lula da Silva que tenta reverter a condenação no caso do triplex.Em janeiro de 2018, Lula teve condenação pelos crimes de corrupção passiva e lavagem de dinheiro confirmada pelo Tribunal Regional Federal da 4ª Região (TRF-4), que aumentou a pena para 12 anos e um mês de prisão. Os desembargadores entenderam que o apartamento em Guarujá era pagamento de propina a Lula por parte da construtora OAS.Em abril do ano passado, Lula começou a cumprir a punição por conta da decisão do STF que permitiu a execução da pena para condenações a partir da segunda instância.No fim de 2018, o recurso de Lula foi analisado pelo relator da Lava Jato no STJ, o ministro Felix Fischer. Em decisão individual, Fischer negou o recurso e decidiu encerrar a questão no STF. A defesa de Lula recorreu por meio de um agravo regimental, recurso que precisa ser analisado pelo colegiado.Esse recurso deve ser levado à Quinta Turma ainda neste mês por Felix Fischer. Ministros do colegiado já foram alertados que o caso será levado ""em mesa"" _ quando não precisa estar na pauta de julgamentos.A defesa de Lula questionou ao Supremo Tribunal Federal (STF) o fato de Fischer ter dado uma decisão individual no recurso. O ministro Luiz Edson Fachin, relator da Lava Jato no Supremo, negou liberdade a Lula por considerar que isso não foi ilegal.Mas Fachin afirmou considerar ""sempre desejável, recomendável ou mesmo necessário"" que um ministro não decida sozinho sobre esse tipo de recurso. ""A decisão atacada foi proferida monocraticamente pelo Relator no STJ; a colegialidade é sempre desejável, recomendável ou mesmo necessária; de qualquer modo, o proceder está regimentalmente autorizado e o recurso respectivo será colegiadamente apreciado.""O julgamento do recurso pode ser a palavra final do STJ sobre o caso do triplex. Se o recurso foi rejeitado, isso abrirá caminho para o Supremo analisar o recurso contra a condenação. O Supremo já analisou diversos pedidos de liberdade de Lula, mas será a primeira vez que o tribunal entrará no mérito da condenação, ou seja, decidirá se mantém ou não a condenação.Além disso, com a condenação confirmada pelo STJ, Lula não poderá mais ser afetado caso o Supremo mude o entendimento sobre prisão em segunda instância e decida que as prisões só podem ser executadas a partir de decisão do STJ. "	-1
140	A Justiça nega pedido de revogação da prisão de contador da família Richa. O pedido da defesa foi feito no sábado (26). O ex-governador	"""Justiça nega pedido de revogação da prisão de contador da família Richa""Dirceu Pupo foi preso no dia 25 de janeiro, na deflagração da 58ª fase da Operação Lava Jato.  A Justiça negou o pedido de revogação da prisão do contador da família Richa, Dirceu Pupo. A decisão do juiz Paulo Sérgio Ribeiro, da 23ª Vara Federal de Curitiba, é de sexta-feira (1º).Pupo foi preso no dia 25 de janeiro, na deflagração da 58ª fase da Operação Lava Jato. O pedido da defesa foi feito no sábado (26).O ex-governador Beto Richa, que tinha sido preso no mesmo dia, foi solto na manhã de sexta após decisão do presidente do Superior Tribunal de Justiça (STJ), ministro João Otávio de Noronha.Na decisão que determinou a prisão do contator e do ex-governador, o juiz alegou que os dois tentaram influenciar os depoimentos de testemunhas da investigação que apura supostos crimes na concessão de rodovias do estado.A defesa de Pupo afirmou que o contato que ele fez foi regular e profissional, o que não foi acatado pelo magistrado.Ao negar o pedido de Pupo, o juiz federal também não considerou os argumentos da defesa de que os elementos da prisão foram os mesmos da Operação Rádio Patrulha, do Gaeco, que já tinham decisão do ministro do Supremo Tribunal Federal (STF) Gilmar Mendes.Naquela oportunidade, Richa, Pupo e outros 12 investigados foram soltos após uma determinação do ministro do STF.Também foi negado o pedido de Pupo para que fossem impostas medidas cautelares em vez da prisão. A defesa do contador informou que vai recorrer ao Tribunal Regional Federal da 4ª Região.Conforme o Ministério Público Federal (MPF), Beto Richa se beneficiou com pelo menos R$ 2,7 milhões em propinas pagas em espécie pelas concessionárias de pedágio do Paraná e por outras empresas que mantinham interesses em atos do governo.De acordo com os procuradores, parte deste valor, cerca de R$ 142 mil, foi lavada por meio de depósitos feitos em favor da empresa Ocaporã Administradora de Bens.A empresa, segundo o MPF, era controlada por Beto Richa, apesar de estar no nome de Fernanda Richa e dos filhos do casal.O MPF explicou que, para ocultar a origem ilícita dos recursos, o contador solicitava que os vendedores lavrassem escrituras públicas de compra e venda por um valor abaixo do que havia sido firmado entre as partes.A diferença entre o valor da escritura e o acordado era paga em espécie, com propinas, conforme os procuradores.Em nota, a defesa de Richa disse que ele nunca cometeu irregularidades, e que sempre esteve à disposição da justiça para provar inocência.Veja mais notícias do estado no G1 Paraná."	-1
141	Felipe Santa Cruz é eleito presidente da OAB e diz que cobrará correção da tabela do IR. Em entrevista ao G1, Santa Cruz afirmou que cobrará do governo federal as providências necessárias para a atual. 	"""Felipe Santa Cruz é eleito presidente da OAB e diz que cobrará correção da tabela do IR""Na campanha eleitoral, Bolsonaro defendeu isenção para quem ganha até cinco salários mínimos. Felipe Santa Cruz disse que vai enviar ofício ao ministro da Economia, Paulo Guedes. O advogado Felipe Santa Cruz foi eleito nesta quinta-feira (31) o novo presidente da Ordem dos Advogados do Brasil (OAB).Em entrevista ao G1, Santa Cruz afirmou que cobrará do governo federal as providências necessárias para a atualização da tabela do Imposto de Renda. O objetivo, disse, é aumentar a faixa de pessoas isentas do pagamento.Durante a campanha eleitoral, o então candidato Jair Bolsonaro defendeu a isenção do imposto para quem ganha até cinco salários mínimos. O assunto, porém, ainda é discutido pelos integrantes da equipe econômica do governo e, até o momento, não há decisão se a tabela será corrigida.Segundo o novo presidente da OAB, o ofício será enviado ao ministro da Economia, Paulo Guedes. Ele explicou que, caso o governo não tome providências sobre o assunto, a entidade pedirá que o Supremo Tribunal Federal (STF) retome uma ação parada na Corte que trata do tema.A ação foi suspensa a pedido do presidente atual, Cláudio Lamachia, que passará o cargo para Santa Cruz.Ao solicitar a suspensão da análise, Lamachia pediu que o tribunal aguardasse a posição do novo governo antes de julgar a questão. Segundo ele, como houve sinalização de Bolsonaro ao longo da campanha de que a tabela poderia ser corrigida, é preciso aguardar uma posição do novo governo antes da análise do caso no Supremo.Na ação, a OAB argumenta que, se a tabela for corrigida pelo Índice Nacional de Preços ao Consumidor Amplo (IPCA), mais pessoas passarão a ficar isentas e a medida reduzirá a carga tributária para quem ganha menos.Pela tabela em vigor, estão isentos do Imposto de Renda os contribuintes que recebem até R$ 1.903,98 por mês, descontada a contribuição previdenciária. A partir deste valor, as retenções são calculadas com base em alíquotas de 7,5%, 15%, 22,5% ou 27,5% sobre o valor dos rendimentos, descontada a parcela dedutível (desconto fixo) para cada faixa de rendimento.Hoje, a alíquota de 27,5% é a mesma para todos os contribuintes que recebem mais de R$ 4.664,68.Felipe Santa Cruz afirmou na entrevista ao G1 que, durante sua gestão, vai atuar fortemente na defesa das minorias e na defesa da história _ ""para que não sejam esquecidas"" _ sobre a violência e a tortura ocorridas durante a ditadura militar no Brasil. Ele é filho de desaparecido político (leia detalhes mais abaixo).""Precisamos e devemos avançar nas reformas do Estado, mas não podemos retroceder um só passo no processo civilizatório. Não há contradição nisso"", afirmou o presidente eleito da Ordem.Ele disse também que vai representar a entidade em um dos julgamentos mais aguardados no STF para 2019: sobre se a Corte vai ou não manter o entendimento de que é possível executar a pena de condenados a partir da segunda instância da Justiça.A OAB é autora de uma das três ações sobre o tema que será julgada pelo Supremo.Santa Cruz afirmou que vai defender que se cumpra a Constituição, que afirma que só pode ser considerado culpado aqueles que tiverem condenação transitada em julgada, sem chances de mais recursos.""Acho que, da leitura da Constituição, não é possível outra interpretação que não seja contra a prisão em segunda instância. Vou fazer sustentação oral em defesa da letra da Constituição. O texto da Constituição será defendido"", disse.Conforme informou o colunista do G1 Matheus Leitão, o novo presidente da OAB é filho de Fernando Augusto de Santa Cruz Oliveira, que desapareceu no período na ditadura militar (1964-1985).O pai dele era líder estudantil que participou da Juventude Universitária Católica (JUC), movimento da Igreja reconhecido pela hierarquia eclesiástica, e depois integrou a Ação Popular (AP), organização de esquerda contrária ao regime. "	-1
142	Alcolumbre estima em 3 meses prazo para votação da reforma da Previdência no Senado. Alcolumbre concedeu entrevista à GloboNews e foi questionado so	"""Alcolumbre estima em 3 meses prazo para votação da reforma da Previdência no Senado""Novo presidente do Senado fez estimativa em entrevista à GloboNews. Também nesta terça, Rodrigo Maia disse que objetivo na Câmara é conseguir votos a favor da reforma em até 2 meses. O novo presidente do Senado, Davi Alcolumbre (DEM-AP), estimou nesta terça-feira (5) em três meses o prazo para a Casa votar a proposta de reforma da Previdência Social.Alcolumbre concedeu entrevista à GloboNews e foi questionado sobre uma entrevista na qual o presidente da Câmara, Rodrigo Maia (DEM-RJ), afirmou que o objetivo é conseguir os votos a favor da reforma em até dois meses e votar a proposta até maio.""No Senado, a gente sente dos senadores também o desejo, na sua ampla maioria, de que a reforma passe, que a gente possa virar essa página no Brasil em relação a combater esses privilégios e poder dar para as pessoas um Estado mais eficiente"", afirmou Alcolumbre.Por se tratar de proposta de emenda à Constituição (PEC), a reforma da Previdência precisa do apoio mínimo de três quintos dos parlamentares: 308 dos 513 deputados e 49 dos 81 senadores.Se a proposta for aprovada em dois turnos na Câmara, seguirá para o Senado, onde também será submetida a dois turnos de votação.Para o presidente do Senado, a reforma a ser votada precisa estabelecer idades diferentes para homens e mulheres poderem se aposentar.Na entrevista desta terça-feira, Alcolumbre anunciou uma reunião com governadores para ""cobrar"" empenho deles junto às bancadas dos estados para a proposta ser aprovada.Para o presidente do Senado, os governadores estão ""desesperados"" com a situação fiscal e por isso precisam ""incorporar o sentimento"" a favor da reforma.De acordo com o Tesouro Nacional, no ano passado, o sistema previdenciário registrou déficit de R$ 290,2 bilhões.Saiba outros temas abordados por Davi Alcolumbre:""Vamos trabalhar com os senadores para construir e já tem uma proposta do senador Lasier Martins (PSD-RS) que está tramitando e a gente vai dar celeridade nas comissões para que isso [o voto aberto para presidente do Senado] aconteça. Eu sempre me manifestei nas minhas redes sociais que eu gostaria que o voto fosse aberto para as pessoas saberem quem os senadores estariam escolhendo.""""Confesso que acho que, se o MDB, na decisão da bancada, tivesse escolhido Simone Tebet, talvez tivesse inviabilizado nossa candidatura. Como o MDB ofertou a candidatura do Renan, esse sentimento das ruas e o desgaste natural com o tempo da imagem do senador Renan proporcionou que os senadores viabilizassem uma candidatura competitiva"".""Assim que começarem as sessões do Senado, a gente vai dar encaminhamento [ao pedido de criação de CPI para apurar o rompimento da barragem da Vale em Brumadinho], fazer a leitura, se tiver o número que o regimento impõe, que são 27 assinaturas, nós vamos fazer a leitura, vamos instalar a comissão e vamos deixar os senadores façam a apuração para ajudar o Brasil. Eu acho que vai dar uma contribuição, porque qualquer parlamentar que queira dar uma contribuição para que uma tragédia dessas nunca mais aconteça é uma ação muito bem-vinda."" "	-1
143	Oficialmente, o governo nega a intenção de demitir o ministro da Educação, Ricardo Vélez Rodríguez. Tampouco admite a fragilidade dele no cargo. Pelo contrário. A Apesar da defesa pública de Vélez, nos bastidores, a pressão pela troca do ministro, que coleciona polêmicas, também coleciona novas adesões. De ministros da ala militar a parlamentares da base aliada, Vélez é descrito como um ministro na prorrogação. O impass	"""Pressão por saída de Vélez vai de ala militar a política e cria impasse no DEM"" Oficialmente, o governo nega a intenção de demitir o ministro da Educação, Ricardo Vélez Rodríguez. Tampouco admite a fragilidade dele no cargo. Pelo contrário.Apesar da defesa pública de Vélez, nos bastidores, a pressão pela troca do ministro, que coleciona polêmicas, também coleciona novas adesões.De ministros da ala militar a parlamentares da base aliada, Vélez é descrito como um ministro na prorrogação. O impasse estaria em definir quem seria o substituto.Dos argumentos contrários a Vélez colhidos pelo blog, até a defesa de que o presidente deveria ter escolhido um ministro brasileiro entrou nas rodas de conversas desta semana.Além da conhecida briga de poder na pasta _ Olavo de Carvalho versus ala militar _ um novo imbróglio ganhou a semana: é o impasse sobre o eventual substituto de Vélez.De um lado, há a defesa para que seja um nome do DEM _ partido que já tem três ministros, além do presidente da Câmara e do Senado. Um dos nomes costurados para o MEC é o de Mendonça Filho, que ocupou o cargo no governo Temer.O problema: dentro do próprio DEM, há dúvidas se o partido deveria trabalhar por Mendonça. Motivo? Diferentemente de Tereza Cristina e Luiz Mandetta, Mendonça representaria a cúpula, a própria ""cozinha"" do DEM dentro do Planalto.Em outras palavras: o discurso de que a escolha dos ministros do DEM são, na verdade, escolhas pessoais do presidente Bolsonaro não vale para Mendonça. Ele é unha e carne com o presidente do partido, o prefeito de Salvador, ACM Neto, e com o presidente da Câmara, Rodrigo Maia (DEM-RJ) - dois personagens que não cansam de repetir que o DEM é independente.Com Mendonça, o discurso não colaria, o que significa que o DEM entraria de corpo e alma no governo. Somado a isso, o partido ainda sente os traumas de ter mergulhado no governo de Michel Temer e, diante da crise ética que se instalou, ter sofrido derrota nas urnas _ caso do próprio Mendonça.Por isso, lideranças do partido ouvidas pelo blog afirmam que uma adesão mais orgânica do DEM ao governo Bolsonaro só acontecerá se o presidente der o cargo e o poder de decisão ao eventual indicado.Oficialmente, no entanto, políticos afirmam que não houve nenhum aceno do Planalto a Mendonça. E que trata-se de uma defesa de grupos do DEM e de alguns ministros, que têm a expectativa de que o assunto MEC seja tratado no encontro deste sábado entre Bolsonaro e Maia.Além de Mendonça, parlamentares afirmaram ao blog que há uma ala política que defende o nome de Anderson Correia, presidente da Coordenação de Aperfeiçoamento de Pessoal de Nível Superior (Capes), para o MEC.Mas, claro, falta combinar com o presidente Bolsonaro _ que é quem bate o martelo das nomeações e que, segundo o ministro da Casa Civil, mantém confiança absoluta em Vélez e não vai demiti-lo. "	-1
144	Um dos alvos da Operação Cinderela já responde por outros crimes contra transexuais. Deflagrada nesta quarta-feira (13) pela Polícia Federal, a operação prendeu seis pessoas por suspeita de exploração de transexuais em Ribeirão Preto (SP). Deco é apontado pela polícia como responsável pela exploração sexual de transexuais no chamado Caste.	"""Alvo da Operação Cinderela já responde por outros crimes contra transexuais"" Um dos alvos da Operação Cinderela, Alexandre Ferreira da Costa, o Deco, já é alvo de inquéritos e procedimentos envolvendo outros crimes praticados contra transexuais.Deflagrada nesta quarta-feira (13) pela Polícia Federal, a operação prendeu seis pessoas por suspeita de exploração de transexuais em Ribeirão Preto (SP).Deco é apontado pela polícia como responsável pela exploração sexual de transexuais no chamado Castelo das Trans, uma casa de prostituição.O blog tentava localizar a defesa de Deco até a última atualização deste texto.Em um inquérito aberto em 2015, ele é investigado pela morte da transexual Paulete. Segundo as investigações, Deco e uma parceira, Juliana, teriam esfaqueado Paulete depois que a transexual tentou intervir em uma discussão entre o investigado e outra transexual.O inquérito relata que, depois de ser esfaqueada, Paulete teria caminhado em direção a uma rua e caiu em frente ao portão de uma empresa. Em seguida, as câmeras de segurança mostram o carro dirigido por Deco se aproximando e atropelando a vítima.Em outro inquérito, também de 2015, Deco é investigado pelo desaparecimento da transexual Nety Patrícia, que teria saído do município de Marabá (PA) para viver no Castelo das Trans sob a promessa de uma cirurgia de implantação de seios. A transexual teria viajado às escondidas e levou o documento do irmão, Mayckon Jhonny, para Ribeirão Preto.Segundo depoimentos, Nety Patrícia pagava o valor de R$ 70 a Deco para cobrir despesas de moradia e alimentação no Castelo das Trans, mas tinha muitas dívidas adquiridas no local. A transexual parou de entrar em contato com os familiares em 2016 e, segundo a polícia, teria sido executada ao tentar fugir da casa de prostituição comandada por Deco. "	-1
145	Receita vai apurar se houve ato ilícito de auditores que apontaram possível fraude de Gilmar Mendes. Documento sugere investigação do ministro e da mulher por corrupção, lavagem e tráfico de influência. O secretário Marcos Cintra mandou corregedoria averiguar. O secretário especial da Receita Federal, Marcos Cintra, mandou nesta sexta-feira (8) a corregedoria do órgão apurar supostos atos ilícitos cometidos por aud	"""Receita vai apurar se houve ato ilícito de auditores que apontaram possível fraude de Gilmar Mendes\n""Documento sugere investigação do ministro e da mulher por corrupção, lavagem e tráfico de influência. Secretário Marcos Cintra mandou corregedoria averiguar. Gilmar Mendes vê abuso. Sindicato de auditores repudiou vazamento de informações. O secretário especial da Receita Federal, Marcos Cintra, mandou nesta sexta-feira (8) a corregedoria do órgão apurar supostos atos ilícitos cometidos por auditores em razão de uma proposta de investigação fiscal do ministro do Supremo Tribunal Federal (STF) Gilmar Mendes e da mulher dele, Guiomar Feitosa Mendes.A determinação atende a pedido do presidente do STF, Dias Toffoli. Gilmar Mendes enviou ofício ao presidente do tribunal solicitando ""providências urgentes"" ao tomar conhecimento pela imprensa de um documento da Receita que propõe a abertura de ""fiscalização"" sobre ele e a mulher.""O secretário determinou, imediatamente, que a Corregedoria da Receita Federal inicie a devida apuração dos mesmos. A decisão tomada pelo secretário especial da Receita Federal foi ratificada pelo ministro da Economia, Paulo Guedes"", diz comunicado divulgado pela assessoria de imprensa do Ministério da Economia, ao qual a Receita Federal é subordinada.A existência do documento foi revelada em reportagem publicada no site da revista ""Veja"" na manhã desta sexta. O G1 teve acesso ao documento.O texto informa que, segundo o documento da Receita _ uma ""Análise de Interesse Fiscal"" _, a Equipe Especial de Fraudes do órgão aponta indícios da prática dos crimes de corrupção, lavagem de dinheiro e tráfico de influência do ministro e da mulher dele.Para o ministro, a apuração tem ""nítido viés de investigação criminal"" e não é de competência dos servidores da Receita. Gilmar Mendes diz no ofício que não recebeu intimação até o momento e que os documentos vazados à imprensa não trazem fatos concretos.""O que causa enorme estranhamento e merece pronto repúdio é o abuso de poder por agentes públicos para fins escusos, concretizado por meio de uma estratégia deliberada de ataque reputacional a alvos pré-determinados"", escreveu o ministro no ofício encaminhado ao presidente do STF.Diante da manifestação de Gilmar Mendes, Toffoli então solicitou providências à procuradora-geral da República, Raquel Dodge, ao ministro da Economia, Paulo Guedes, e ao secretário da Receita, Marcos Cintra.Em nota, a advogada Guiomar Mendes, esposa do ministro Gilmar Mendes, disse que ""jamais"" se furtaria a dar qualquer explicação à Receita Federal. Ela acrescentou que esperava ser chamada como cidadã e contribuinte eventualmente com erros na declaração, e não ser apresentada como alguém que cometeu crime fiscal.Também em nota, a Unafisco (Associação Nacional dos Auditores Fiscais da Receita Federal do Brasil) afirmou que a apuração do caso de Gilmar Mendes ""não pode servir para impedir prosseguimento do trabalho da Receita Federal"".De acordo com a entidade, eventual quebra de sigilo fiscal do ministro ""deve ser rigorosamente apurada e punida, assegurando-se a ampla defesa e o contraditório aos acusados"".Mas, para a Unafisco, ""nada há de ilegal ou anormal na existência de investigação"" na vida fiscal de Gilmar Mendes.Por isso, segundo a entidade, ""não há qualquer justificativa, moral ou legal, portanto, para qualquer nível de indignação do referido Ministro do STF ou de qualquer outra autoridade pública quanto à existência da investigação de sua vida fiscal"".O Sindicato Nacional dos Auditores Fiscais da Receita Federal (Sindifisco) repudiou de forma veemente o vazamento de informações sigilosas envolvendo o procedimento fiscal que teria por alvo o ministro do Supremo Tribunal Federal, Gilmar Mendes.Em nota, o Sindifisco reiterou a defesa dos princípios e normas constitucionais que condicionam toda fiscalização ao respeito das garantias fundamentais e ao respeito do sigilo fiscal dos investigados.E afirma que espera que os responsáveis pelo vazamento sejam identificados. A nota diz ainda que, apesar da quebra de sigilo ser um ato condenável, o mesmo não se pode dizer do procedimento de fiscalização, que deve ser resguardado de quaisquer ingerências externas. "	-1
146	Governadora Ibaneis vai doar salário para a Casa do Ceará, em Brasília. Promessa de não receber vencimentos foi feita durante campanha. O governador do Distrito Federal, Ibaneis Rocha (MDB), irá doar o salário para a Casa do Ceará, em Brasília. O anúncio foi feito nesta sexta-feira (8) e era uma das promessas de campanha.	"""Governador Ibaneis vai doar salário para a Casa do Ceará, em Brasília""Promessa de não receber vencimentos foi feita durante campanha. Entidade irá receber R$ 18 mil por mês, até dezembro. O governador do Distrito Federal, Ibaneis Rocha (MDB), irá doar o salário para a Casa do Ceará, em Brasília. O anúncio foi feito nesta sexta-feira (8) e era uma das promessas de campanha.No dia 11 de setembro, o então candidato do MDB ao governo do Distrito Federal afirmou, em entrevista ao DF1 que, se eleito, iria abrir mão do salário de governador, da residência oficial e de carros oficiais (relembre abaixo).Até dezembro deste ano, segundo o GDF, a Casa do Ceará irá receber R$ 18,5 mil mensais, referentes aos vencimentos do governador após o abatimento do imposto de renda e da seguridade social. A entidade faz cerca de 12 mil atendimentos odontológicos e 14 mil atendimentos médicos por ano, de graça, para pessoas de baixa renda.""Durante a campanha, me comprometi a doar minha remuneração para instituições de caridade. O trabalho realizado pela Casa do Ceará me deixou bastante sensibilizado. Sei que é uma instituição séria e acompanho o trabalho desses dirigentes"", afirmou Ibaneis.Durante o encontro com dirigentes da Casa do Ceará, o governador encaminhou também um pedido à Secretaria de Saúde para que avalie a possibilidade de firmar uma parceria com o GDF para ampliar os atendimentos.""Eu fui presidente da Ordem [dos Advogados do Brasil no DF] sem receber nada, e vou ser governador sem receber R$ 1 dos cofres públicos. Não vou ocupar a residência de Águas Claras, vou continuar morando na minha casa, vou continuar andando no meu carro particular"" _ Entrevista ao DF1 em 11/9.Leia mais notícias sobre a região no G1 DF. "	-1
147	Tanto Câmara quanto Senado determinaram a criação de comissões próprias para investigar o rompimento da barragem na cidade mineira, que deixou ao menos 165 mortos. Tanto Câmara quanto Senado determinaram a criação de comissões próprias para investigar o rompimento da barragem na cidade mineira, que deixou ao menos 165 mortos. Tanto a Câmara quanto o Senado já se posicionaram a favor da criação de comissões de inquérito sobre o caso. 	"""Maia diz que apoiará se Alcolumbre quiser articular CPI mista sobre Brumadinho""Tanto Câmara quanto Senado determinaram a criação de comissões próprias para investigar o rompimento da barragem na cidade mineira, que deixou ao menos 165 mortos. O presidente da Câmara, Rodrigo Maia (DEM-RJ), disse nesta quarta-feira (13) apoiar a articulação para criar uma comissão parlamentar de inquérito (CPI) mista, formada por deputados e senadores, sobre o rompimento da barragem de Brumadinho (MG).Tanto a Câmara quanto o Senado determinaram a criação de uma CPI própria para apurar as causas da tragédia que deixou pelo menos 166 pessoas mortas. Outras 155 ainda estão desaparecidas.A do Senado está na fase de indicação dos integrantes pelos partidos políticos, após a leitura do requerimento feita em plenário na terça-feira (12).Pedido para instalar um colegiado semelhante na Câmara foi assinado por Maia na sexta (8) e ainda falta ser lido no plenário, procedimento regimental a partir do qual as legendas podem indicar nomes para integrar a comissão.Maia justificou a abertura da comissão na Câmara explicando que o requerimento apresentado pelos deputados atendia às exigências regimentais e que, por isso, precisou tomar uma decisão.""Se o presidente do Congresso [Davi Alcolumbre] compreender que consegue construir uma mista, tudo bem, mas tinha o pedido, tem fato determinado, não posso com um fato determinado não tomar uma decisão. Se o presidente do Congresso quiser articular uma CPI mista, eu acredito que a Câmara, os parlamentares vão aceitar do mesmo modo"", disse Maia.Indagado se seria favorável a uma comissão mista, o presidente da Câmara respondeu: ""Claro. Já falei com o presidente Davi que ele tem a nossa confiança para articular isso. O que não posso é com fato determinado não tomar uma decisão"". "	-1
148	Procuradores decidem mudar estratégia da Lava Jato após decisão do STF sobre caixa 2. Procuradores vão mudar a estratégia de investigação da Lava Jato para evitar que a decisão do Supremo Tribunal Federal de mandar crimes que tenham ligação com caixa dois para a Justiça Eleitoral prejudique o combate à corrução. Há n	"""Procuradores decidem mudar estratégia da Lava Jato após decisão do STF sobre caixa 2""Supremo Tribunal Federal decidiu que Justiça Eleitoral deve investigar crimes que tenham relação com caixa 2. Raquel Dodge disse que foco no combate à corrupção e à lavagem continua. Procuradores vão mudar a estratégia de investigação da Lava Jato para evitar que a decisão do Supremo Tribunal Federal de mandar crimes que tenham ligação com caixa dois para a Justiça Eleitoral prejudique o combate à corrução.Há no Supremo uma corrente que considera que a decisão não vai anular casos já julgados. E que investigações que inicialmente tenham crimes conexos ao caixa dois podem retornar à Justiça Federal.Um exemplo de que a Justiça Federal pode continuar com o caso é um inquérito do ex-ministro e prefeito de Araraquara (SP), Edinho Silva. No ano passado, o ministro Luiz Edson Fachin mandou o processo para a Justiça Federal.Diante de questionamento da defesa em razão com crimes conexos à suspeita de caixa dois, Fachin remeteu tudo para a Justiça Eleitoral, respeitando entendimento da Segunda Turma do Supremo. Mas a Justiça Eleitoral não viu crime eleitoral e devolveu o processo para a Justiça Federal.A defesa de Edinho Silva recorreu a Fachin dizendo que a decisão do Supremo estava sendo desrespeitada. Fachin negou o pedido.A decisão do Supremo pode ter repercussão direta sobre ao menos quatro inquéritos relacionados à Operação Lava Jato que estavam no Supremo.São dois inquéritos do ex-ministro Gilberto Kassab, do PSD, um do ex-senador Lindbergh Farias, do PT, e um do ex-deputado federal Betinho Gomes, do PSDB, que foram remetidos para a Justiça Federal por ministros do STF e que podem, agora, ser reenviados à Justiça Eleitoral.A procuradora-geral da República, Raquel Dodge, disse que vai mudar a forma de atuação do Ministério Público por causa da decisão do Supremo.Um dos caminhos em estudo é priorizar o pedido de abertura de inquéritos por corrupção, lavagem de dinheiro e outros crimes sobre o de caixa dois, o que remeteria os casos para a Justiça comum.""O principal posicionamento é de respeito à decisão do Supremo. A partir de agora nós vamos redefinir a estratégia institucional e tomar as providências necessárias pra manter o foco que é de combate à corrupção, à lavagem de dinheiro e ao crime organizado. Não recuaremos disso"", declarou.Parlamentares de vários partidos defenderam a aprovação do projeto de lei apresentado no mês passado pelo ministro da Justiça, Sérgio Moro, para remeter à Justiça comum crimes relacionados ao caixa dois.O presidente da Frente Parlamentar de Combate à Corrupção pede urgência para o debate do assunto no Congresso.""Considero a decisão do STF ontem absolutamente lamentável. Ela compromete muito a janela que nós temos de combate à corrupção especialmente nos casos que desdobraram-se da Lava Jato. Por isso, eu entendo que a competência para julgar os casos de caixa dois devem retornar, permanecer na Justiça Federal"", declarou Roberto de Lucena.O coordenador da Lava Jato em Curitiba, procurador Deltan Dallagnol, disse que os cinco anos de investigação da Lava Jato mostraram que a corrupção está relacionada a crimes de caixa dois.""E esse é o esquema básico que a gente identificou na Lava Jato: a corrupção, a venda dos contratos da Petrobras era feita para arrecadar propina, que tinha dois destinos: o bolso dos envolvidos e o financiamento de campanhas eleitorais. Ou seja, em geral a corrupção do caso Lava Jato está relacionada a crimes de caixa dois. E se nós fôssemos seguir à risca essa decisão grande parte dos casos poderá ser deslocado para a Justiça Eleitoral"", declarou.O deputado Júlio Delgado (PSB-MG) afirmou que a decisão do Supremo compromete a eficiência do combate à corrupção.""Compromete muito o andamento daqueles que estavam sendo apurados e investigados pela Justiça Federal para passar essa investigação dos envolvidos da Lava Jato por eventual corrupção ou lavagem de dinheiro no âmbito do período eleitoral ser passado para a Justiça Eleitoral"", declarou.O líder do PT no Senado, Humberto Costa, avalia que não há riscos para as investigações. Ele responde a um inquérito da Lava Jato na primeira instância.""Os promotores eleitorais são sempre bastante rigorosos. Acho que a fiscalização da sociedade vai poder fazer com que não haja nenhum tipo de impunidade por conta disso"", afirmou.O presidente do Supremo, Dias Toffoli, voltou a afirmar que a Justiça Eleitoral é a mais eficiente dos ramos da Justiça e que está preparada para julgar casos complexos ligados ao caixa dois.""A polícia judiciária é a mesma. O Ministério Público também está lá atuando de maneira competente e eficiente. Não há que se falar que a Justiça Eleitoral não tem estrutura. Muito pelo contrário, ela é mais rápida, mais célere e tem prestado grande serviço à história do Brasil pacificando a sociedade brasileira"", disse. "	-1
149	Bolsonaro tem intenção de ir ao local do rompemento da barragem neste sábado, diz porta-voz. Governo também anunciou instalação de gabinete de crise. 	"""Bolsonaro tem intenção de ir ao local do rompimento da barragem neste sábado, diz porta-voz""Segundo Otávio Rêgo Barros, presidente pretende se deslocar às 8h para a região de Brumadinho. Governo também anunciou instalação de gabinete de crise. O porta-voz da Presidência da República, Otávio Rêgo Barros, afirmou em pronunciamento na tarde desta sexta-feira (25) que o presidente Jair Bolsonaro ""tem intenção"" de ir neste sábado, às 8h, à região de Brumadinho (MG), onde uma barragem da mineradora Vale se rompeu.Durante a manifestação, o porta-voz não respondeu a perguntas. Ele leu uma nota da Presidência com informações sobre o ""lastimável acidente"" ocorrido em Minas Gerais.Bolsonaro tem marcada para a próxima segunda-feira (28), no hospital Albert Einstein, em São Paulo, uma cirurgia para retirada da bolsa de colostomia que usa em razão da operação à qual foi submetido devido à facada que recebeu em um ato da campanha eleitoral em Juiz de Fora.""O presidente da República lamenta eventuais perdas de vidas ocasionadas pelo rompimento da barragem na cidade de Brumadinho, em Minas Gerais"", disse o porta-voz.Em entrevista à rádio Regional de Brumadinho, Bolsonaro afirmou:""Acionamos o gabinete nosso, que chamamos de crise aqui em Brasília, e ficaremos aí antenados 24 horas por dia para prestar informações à população e para colher informações também, de modo que nós possamos minimizar mais essa tragédia depois da de Mariana, que a gente esperava que não tivesse uma outra, né, até por uma questão de servir de alerta aquela. Mas infelizmente temos esse problema agora que atingiu o rio Paraopeba, que é um afluente do Rio São Francisco"", disse.O governo também anunciou a instalação de um gabinete de crise para monitorar e definir ações a serem tomadas em razão do rompimento de uma barragem em Brumadinho (MG).O rompimento da barragem, da mineradora Vale, ocorreu no início da tarde desta sexta. Um mar de lama invadiu a região e moradores da parte mais baixa da cidade estão sendo retirados das casas, segundo a Defesa Civil.Pouco antes de o governo federal anunciar a criação do gabinete de crise, Bolsonaro afirmou em uma rede social que lamenta o acidente. Informou que alguns ministros vão se dirigir ao local.Em uma rede social, a Advocacia Geral da União (AGU) informou que acompanha ""de perto"" as razões e impactos do desastre, considerado ""lamentável"".Segundo a AGU, uma equipe do órgão está mobilizada para analisar as consequências e tomar as medidas cabíveis.Em nota, o Ibama (instituto federal responsável pela fiscalização ambiental em âmbito nacional) afirmou que, em situações de emergência, a competência de acompanhamento é do órgão licenciador _ neste caso, o estado de Minas Gerais.Ainda de acordo com o comunicado, o Ibama só assumiria a competência pela tragédia de Brumadinho se o resíduos ultrapassarem os limites territoriais de Minas Gerais ou se os desdobramentos do incidente acabarem atingindo ""significativamente"" um bem da União.""De qualquer maneira, o Ibama continuará acompanhando o evento e prestando o apoio necessário aos órgãos públicos, por força de seus acordos junto ao P2R2 (Plano Nacional de Prevenção, Preparação e Resposta Rápida a Emergências Ambientais com Produtos Químicos Perigosos _ Decreto 5.098/04). O órgão fiscalizador da segurança das barragens de mineração é a Agência Nacional de Mineração (ANM), segundo a Política Nacional de Segurança de Barragens (Lei n. 12.334/2010).Responsável pela barragem que rompeu em Brumadinho, a mineradora Vale divulgou nota na qual afirmou que ""lamenta profundamente"" o acidente e está ""empenhando todos os esforços no socorro e apoio aos atingidos"".De acordo com a companhia, havia empregados na área administrativa atingida pelos rejeitos, e há possibilidade e vítimas. Parte da comunidade da Vila Ferteco também foi atingida, segundo a empresa.Veja a íntegra da nota lida pelo porta-voz da Presidência da República sobre o rompimento da barragem.O presidente da República lamenta eventuais perdas de vidas ocasionadas pelo rompimento da barragem na cidade de Brumadinho, em Minas Gerais. Determinou imediato estabelecimento de gabinetes de crise para acompanhar a evolução da situação, tanto no Palácio do Planalto quanto no Ministério do Meio Ambiente.Os ministérios das Minas e Energia, Meio Ambiente, Desenvolvimento Regional e Defesa foram acionados para integrar esforços federais e estaduais. O governo federal acompanha de perto da evolução da situação em condições de colaborar com o estado de Minas Gerais.O presidente da República tem intenção de deslocar-se para a região amanhã, às 8h. "	-1
150	STJ manda homem que transmitiu HIV para mulher pagar indenização de R$ 120 mil. Decisão pode servir de precedente para outros casos semelhantes. STJ entendeu que há provas de que ele sabia que era soropositivo quando contaminou a mulher.	"""STJ manda homem que transmitiu HIV para mulher pagar indenização de R$ 120 mil""Decisão pode servir de precedente para outros casos semelhantes. STJ entendeu que há provas de que ele sabia que era soropositivo quando contaminou a mulher. A Quarta Turma do Superior Tribunal de Justiça (STJ) decidiu nesta terça-feira (19), por unanimidade, que um homem deve indenizar em R$ 120 mil a mulher pela transmissão do vírus HIV.Pela primeira vez, o STJ decidiu impor responsabilidade civil por transmissão do HIV (a sigla em inglês para vírus da imunodeficiência humana). Apesar de ser uma decisão em caso concreto, servirá de precedente para outros casos semelhantes que corram na Justiça.No processo, a mulher _ que teve três filhos com homem que transmitiu o vírus _ pediu indenização por danos morais. Ela alegou ter intensos transtornos psicológicos com o episódio, além de ter perdido o emprego. Os dados dos envolvidos são sigilosos.A indenização foi fixada em R$ 50 mil na primeira instância e ampliada para R$ 120 mil na segunda instância.O homem recorreu ao STJ sob o argumento de que não havia provas de que ele transmitiu a doença. Já a mulher queria uma indenização maior. O STJ negou os recursos e manteve a decisão da segunda instância.O relator no STJ, ministro Luís Felipe Salomão, entendeu que ficou comprovado que o homem transmitiu o vírus e que sabia que era soropositivo quando contaminou a mulher. E que a sociedade moderna impõe como novo valor a responsabilidade civil nas relações de família.""Realmente, na comunhão de vida, na célula de companheirismo, há íntima conexão entre o dever de confiança e o de vida em comum, havendo um desígnio de dedicação exclusiva, sincera e leal do casal, em que o dever de respeito abrange a integridade física e moral do outro cônjuge, preservando-se sua vida, saúde, honra e bom nome"", afirmou o relator.O voto foi seguido por unanimidade. Ainda cabe recurso para esclarecimento da decisão à própria turma e ao Supremo Tribunal Federal (STF), caso alguma das partes queira discutir questão constitucional. "	-1
151	Em dez anos, crise derubaa em quase 90% exportações do Brasil para a Venezuela. País vizinho enfrenta crise social, política e econômica, agravada pela desvalorização do petróleo. A Venezuela chegou a s	"""Em dez anos, crise derruba em quase 90% exportações do Brasil para a Venezuela""País vizinho enfrenta crise social, política e econômica, agravada pela desvalorização do petróleo. Na América do Sul, Brasil só vende menos para o Suriname. As relações entre Brasil e Venezuela no campo diplomático, que chegaram ao momento mais tenso nos últimos dias com o fechamento da fronteira entre os dois países, também experimentaram um forte recuo no plano comercial nos últimos dez anos.A Venezuela chegou a ser um principais parceiros comerciais do Brasil. Em 2008, durante o governo do ex-presidente Luiz Inácio Lula da Silva, estava entre os dez principais compradores de produtos brasileiros, com importações de US$ 5,13 bilhões.Mas devido à crise, desde 2015 as importações venezuelanas do Brasil registraram acentuada queda.Em 2018, somaram US$ 576,94 milhões, 88,7% menos que em 2008 e apenas 1,64% de tudo o que o Brasil vendeu na América do Sul no ano passado.O resultado coloca a Venezuela na 51ª posição no ranking dos países importadores de produtos brasileiros. Na América do Sul, está à frente do Suriname (123ª).Em 2018, os produtos básicos responderam por 42,1% de tudo o que o Brasil exportou para a Venezuela. A principal compra foi de arroz em grãos, seguida por açúcar e soja.De acordo com um analista ouvido pelo G1, a queda no comércio entre Brasil e Venezuela está relacionada à crise política que atinge o governo de Nicolás Maduro mas também é reflexo da queda no valor internacional do petróleo (leia mais abaixo neste texto).As importações de produtos venezuelanos pelo Brasil também caíram, mas numa proporção menor. Elas somaram US$ 538,75 milhões em 2008 e, no ano passado, US$ 170,88 milhões.As balança do comércio com a Venezuela sempre foi favorável ao Brasil, ou seja, nossas exportações sempre superaram as importações de produtos venezuelanos. Entre 2008 e 2018, a maior importação pelo Brasil aconteceu em 2011 (US$ 1,27 bilhão).O período de maior aproximação política e comercial entre Brasil e Venezuela se deu durante os governos petistas, dos ex-presidentes Luiz Inácio Lula da Silva e Dilma Rousseff.Foi nesse período, por exemplo, que foram fechados cinco dos seis contratos de exportação de produtos brasileiros para a Venezuela financiados pelo Banco Nacional de Desenvolvimento Econômico e Social (BNDES) _ o outro foi assinado durante o governo Fenando Henrique Cardoso.Os seis contratos, com valor total de US$ 2,436 bilhões, se referem a construções de metrô, siderúrgica e estaleiro na Venezuela, tocadas por empreiteiras brasileiras (Odebrecht e Andrade Gutierrez). Dois deles já foram liquidados e quatro ainda estão ativos.Essas exportações foram feitas dentro do chamado Convênio de Pagamentos e Créditos Recíprocos (CCR), o que significa que as operações tiveram o governo brasileiro como fiador.Em 2017, já durante a presidência de Michel Temer, o Banco Central do Brasil suspendeu a garantia dada a empresas brasileiras nas exportações de bens e serviços à Venezuela dentro do CCR. A decisão ocorreu pouco depois de Brasil, Argentina, Paraguai e Uruguai darem início a um processo de expulsão da Venezuela do Mercosul.No final daquele mesmo ano, Nicolás Maduro deixou de pagar parcela desse financiamento e o governo brasileiro precisou usar recursos públicos para cobrir a dívida com o BNDES e outros bancos. Hoje o país deve ao BNDES US$ 710 milhões e está com parcelas em atraso que totalizam US$ 126 milhões, incluindo juros.O petróleo representa 96% de tudo o que a Venezuela exporta. Até 2014, o governo venezuelano, que controla a exploração, foi beneficiado pela valorização do produto, que permitiu inclusive o financiamento de obras e projetos. Naquele ano, porém, o preço do barril no mercado internacional despencou.A queda foi de 60% apenas entre junho de 2014 e janeiro de 2015, reflexo da demanda menor que a esperada na Europa e na Ásia, entre outros fatores. A Venezuela, portanto, passou a receber menos dinheiro pelo produto.Além disso, a produção de petróleo no país caiu fortemente devido, em parte, à falta de recursos disponíveis para investimentos. Em 1999, a Venezuela produzia 3 milhões de barris por dia. No final do ano passado, eram cerca de 1,5 milhão, o volume mais baixo em 33 anos.""O país perdeu com a derrocada do petróleo e com o erro, dos governos Chávez e Maduro, de não diversificar as fontes de receita"", disse o professor do Instituto de Relações Internacionais da Universidade de Brasília (UnB), Juliano da Silva Cortinhas.De acordo com ele, a crise e política e econômica na Venezuela levou à ""queda na capacidade de investimento e de compra daquele país e à queda na capacidade do estado de atender à população"", o que explica a redução na compra de produtos brasileiros.Cortinhas aponta ainda que as restrições comerciais que vêm sendo impostas à Venezuela para pressionar o governo Maduro estão levando muitas empresas, inclusive as brasileiras, a deixar de fazer negócios com o país. "	-1
152	"General Villas Bôas assumiu função de assessor especial do Gabinete de Segurança Institucional (GSI). Nomeação foi publicada na edição desta quarta (30) do Diário Oficial da União. O ""Diário Oficial da União"" publicou nesta quarta-feira (30) a nomeação do ex-comandante do Exército, general Eduardo Dias da Costa Villas Bôas, como assessor especial do ministro do Gabinete de Segurança Institucional (GSI) da Presidência."	"""Ex-comandante do Exército é nomeado para compor equipe de Bolsonaro no Planalto""General Villas Bôas assumiu função de assessor especial do Gabinete de Segurança Institucional (GSI). Nomeação foi publicada na edição desta quarta (30) do Diário Oficial da União. O ""Diário Oficial da União"" publicou nesta quarta-feira (30) a nomeação do ex-comandante do Exército, general Eduardo Dias da Costa Villas Bôas, como assessor especial do ministro do Gabinete de Segurança Institucional (GSI) da Presidência da República, Augusto Heleno.A publicação oficializou a entrada de Villas Bôas na equipe de Heleno, que também é general da reserva do Exército. O próprio Villas Bôas anunciou em 11 de janeiro, quando deixou o comando do Exército, que trabalharia no GSI a convite do presidente Jair Bolsonaro.""Gostaria de externar a minha felicidade por receber uma missão do PR @jairbolsonaro ao ser convidado para integrar o Gabinete de Segurança Institucional, no qual poderei continuar contribuindo para o desenvolvimento da nossa Pátria"", escreveu o general à época em uma rede social.O GSI tem status de ministério e funciona no Palácio do Planalto. Heleno é considerado um dos ministros mais próximos de Bolsonaro.O gabinete responde pela coordenação da área de inteligência do governo, ao qual está subordinada a Agência Brasileira de Inteligência (Abin). A estrutura ainda comanda a segurança pessoal do presidente da República.Villas Bôas reforça o núcleo militar do Palácio do Planalto, composto por generais da reserva do Exército.Dos quatro ministros que despacham do palácio, dois são generais: Augusto Heleno (GSI) e Carlos Alberto dos Santos Cruz (Secretaria de Governo). Onyx Lorenzoni (Casa Civil) e Gustavo Bebianno (Secretaria Geral) estão na ala civil dos ministros palacianos.O vice-presidente Hamilton Mourão também é general da reserva. Já o presidente Jair Bolsonaro é capitão reformado do Exército. Ele deixou a carreira há 30 anos, ao se eleger vereador no Rio de Janeiro _ depois foi deputado federal por sete mandatos até se eleger presidente em 2018.General de exército (quatro estrelas), Villas Bôas comandou o Exército por quatro anos. Ele deixou o cargo em 11 de janeiro - o substituto foi o general Edson Pujol, nomeado por Bolsonaro.Villas Bôas assumiu o Exército em janeiro de 2015, escolhido pela então presidente Dilma Rousseff. Em 2016, quando Michel Temer assumiu a Presidência graças ao processo de impeachment, Villas Bôas foi mantido no cargo.Com fama de conciliador, por conduzir o Exército durante quatro anos de instabilidade política, Villas Bôas provocou polêmica por comentários feitos no Twitter em abril de 2018, na véspera de o Supremo Tribunal Federal (STF) julgar um habeas corpus preventivo do ex-presidente Luiz Inácio Lula da Silva. Sem citar o caso, ele fez comentários em ""repúdio à impunidade"".""Asseguro à Nação que o Exército Brasileiro julga compartilhar o anseio de todos os cidadãos de bem de repúdio à impunidade e de respeito à Constituição, à paz social e à Democracia, bem como se mantém atento às suas missões institucionais"", disse na primeira mensagem.""O Exército Brasileiro julga compartilhar o anseio de todos os cidadãos de bem de repúdio à impunidade e de respeito à Constituição, à paz social e à Democracia, bem como se mantém atento às suas missões institucionais. Nessa situação que vive o Brasil, resta perguntar às instituições e ao povo quem realmente está pensando no bem do País e das gerações futuras e quem está preocupado apenas com interesses pessoais?"", encerrou.O então ministro, Joaquim Silva e Luna, afirmou ao jornal ""O Globo"" na oportunidade que os comentários de Villas Bôas foram no sentido contrário ao uso da força e que a população poderia ""ficar tranquila"". "	-1
153	STF derruba trecho de lei do Rio que exige que menor estuprada seja avaliada apenas por peritas. Lei estipulou programa de amparo a vítimas de estupro. Para procuradora-geral, exigência de avaliação por mulheres levou à falta de atendimento porque não há peritas suficientes. O plenário do Supremo Tribunal Federal (STF) decidiu nesta quarta-feira (13), por unanimidade (dez votos a zero), derrubar a exigência prevista em lei estadual do Rio de Janeiro para que menores estupradas só sejam periciada.	"""STF derruba trecho de lei do Rio que exige que menor estuprada seja avaliada apenas por peritas""Lei estipulou programa de amparo a vítimas de estupro. Para procuradora-geral, exigência de avaliação por mulheres levou à falta de atendimento porque não há peritas suficientes. O plenário do Supremo Tribunal Federal (STF) decidiu nesta quarta-feira (13), por unanimidade (dez votos a zero), derrubar a exigência prevista em lei estadual do Rio de Janeiro para que menores estupradas só sejam periciadas por mulheres. Com isso, o tribunal liberou o atendimento por peritos homens.Na avaliação dos ministros, a falta de peritas para atender às ocorrências pode prejudicar o andamento de procedimentos e o atendimento das menores. Com isso, eles consideraram que as meninas devem ser periciadas preferencialmente por mulheres, mas, na ausência de peritas, homens também podem fazer os exames necessários.Os ministros atenderam a pedido da procuradora-geral da República, Raquel Dodge, que questionou pontos de lei do Rio de Janeiro que criou programa de atenção a vítimas de estupro. Dodge argumentou que trecho da lei era inconstitucional porque mudanças de direito processual penal só podem ser feitas por meio de lei federal.Dodge pediu uma cautelar (decisão liminar, provisória) para suspender a regra sobre a necessidade de análise por peritas até uma decisão final do STF.Nesta quarta (13), o Supremo decidiu apenas sobre a medida cautelar e suspendeu a exigência. O mérito do caso ainda será analisado posteriormente, mas não há data para isso.Dos dez ministros presentes (Celso de Mello não estava na sessão), sete deram interpretação de que homens podem atender na ausência das mulheres e três entenderam que havia inconstitucionalidade na lei porque o estado não poderia legislar sobre direito processual penal. Mas todos concordaram em derrubar a exigência até uma decisão final.No início do julgamento, a procuradora Raquel Dodge destacou que a norma tinha propósito positivo, mas que o efeito prático era prejudicial às meninas.""O espirito da norma é bom. A questão é que a realidade da estrutura dos serviços periciais Rio de Janeiro e a grande frequência da prática de crimes dessa natureza, sobretudo com relação a vítimas muito jovens, ainda numa fase tenra de suas vidas, leva à circunstância de que essa lei está produzindo um efeito inesperado, um efeito deletério que esta medida visa atender. E qual é o efeito que está acontecendo? É que as vítimas de estupro, sobretudo meninas, quando são conduzidas ao serviço pericial, têm a perícia recusada porque os médicos peritos dizem que estão impedidos de fazer o exame por conta dessa lei"", destacou.Conforme Dodge, com a ausência de peritas mulheres, as meninas ficam sem atendimento judicial. ""A lei inesperadamente produziu um efeito inverso"", completou a procuradora.Relator do processo, Edson Fachin foi o primeiro a votar e concordou com o pedido. ""A exigência tal como posta pode prejudicar outro direito fundamental que é a tutela do bem jurídico lesado"", disse.Segundo o ministro, que foi acompanhado pelos demais, as crianças e adolescentes do sexo feminino vítimas de violência deverão ser examinadas por legista mulher desde que isso não represente prejuízo da perícia.O ministro Alexandre de Moraes, que entendeu que o estado não poderia ter criado regra sobre o tema, afirmou que a própria Assembleia reconheceu que não era possível cumprir a lei.""Carlos Minc, autor da proposta, já apresentou na Assembleia alteração dessa lei para o texto sempre que possível a vítima será analisada por perito legista mulher. O legislador percebeu que apesar da boa intenção é impossível cumprir a lei sem prejuízo da vítima"", explicou Moraes.Luís Roberto Barroso também destacou que é preciso encarar a realidade, uma vez que não há peritas mulheres suficientes para atendimento. ""No mundo real, infelizmente, não existem legistas mulheres no Rio de Janeiro em quantidade suficientes para fazer cumprir a norma"", afirmou. "	-1
154	"""Bolsanaro diz que voltou a se alimentar comendo caldo de carne e gelatina em hospital de SP: Estou feliz"" Presidente Jair Bolsonaro (PSL) postou na manhã desta sexta-feira (8) em sua conta no Twitter uma foto segurando uma colher com gelatina em seu quarto no Hospital Albert Einstein, em São Paulo, onde se recupera da cirurgia a que se submeteu no dia 28."	"""Bolsonaro diz que voltou a se alimentar comendo caldo de carne e gelatina em hospital de SP: Estou feliz""Presidente está internado desde o dia 28 de janeiro e vinha recebendo líquidos por via oral em associação à nutrição parenteral. O presidente Jair Bolsonaro (PSL) postou na manhã desta sexta-feira (8) em sua conta no Twitter uma foto segurando uma colher com gelatina em seu quarto no Hospital Albert Einstein, em São Paulo, onde se recupera da cirurgia a que se submeteu no dia 28. Bolsonaro disse que voltou a se alimentar pela primeira vez desde cirurgia:""Nas últimas horas tive o prazer de voltar a comer. Ontem pela noite um caldo de carne e hoje uma boa gelatina. Estou feliz, apesar de não ser aquele pão com leite condensado kkkk. Bom dia a todos!""Esta é a primeira vez que o presidente recebe alimento. Bolsonaro vinha recebendo líquidos por via oral em associação à nutrição parenteral.Bolsonaro passou por uma cirurgia para retirar uma bolsa de colostomia e refazer a ligação entre o intestino delgado e parte do intestino grosso no dia 28 de janeiro. Ele está internado na unidade semi-intensiva do hospital.Segundo boletim médico divulgado na tarde desta quinta-feira (7), Bolsonaro teve episódio isolado de febre e foi submetido a uma tomografia de tórax e abdome que mostrou ""boa evolução do quadro intestinal e imagem compatível com pneumonia"".De acordo com o porta-voz da Presidência, Otávio Rêgo Barros, os novos exames detectaram que a pneumonia tem causa bacteriana. ""Fizeram exames viral e bacteriano, e descartaram o viral. Trata-se de uma causa bacteriana"", afirmou o porta-voz. ""Algumas causas podem ser geradoras dessa pneumonia, mas ficar na suposição não me parece adequado.""Um novo antibiótico foi incluído no tratamento e deve ser administrado por sete dias.Ainda segundo o boletim, ""foi realizado um ajuste na antibióticoterapia e mantidos os demais tratamentos"". ""[Bolsonaro] Continua sem dor, com sonda nasogástrica, dreno no abdome e recebendo líquidos por via oral em associação à nutrição parenteral.""Segundo o porta-voz, ""o estado de saúde do presidente é o esperado dentro desse pico térmico que lhe acometeu na noite de ontem [quarta]"". ""Por precaução os médicos fizeram exame de imagem, incluso tomografia por contraste. O pulmão tinha uma imagem que era compatível com pneumonia.""Rêgo Barros afirmou: ""O presidente vem recebendo administração de antibiótico de amplo espectro. Médicos optaram por acrescentar uma nova medicação. Esta ação vai debelar essa pneumonia que foi encontrada em seu pulmão"".Segunda-feira (28/1)Jair Bolsonaro foi submetido a uma cirurgia para retirada da bolsa de colostomia no Hospital Albert Einstein, na Zona Sul de São Paulo. O procedimento terminou após sete horas e ocorreu ""com êxito"", segundo informou o Palácio do Planalto.De acordo com o boletim médico divulgado pelo hospital, a cirurgia foi realizada ""sem intercorrências e sem necessidade de transfusão de sangue"". Foi realizada uma ""anastomose do íleo com o cólon transverso"", que é a união do intestino delgado com uma parte do intestino grosso. Foram retirados de 20 a 30 centímetros do intestino grosso de Bolsonaro na parte que ligava o intestino delgado à bolsa de colostomia.Terça-feira (29/1)Bolsonaro seguiu na UTI do Hospital Albert Einstein após a retirada da bolsa de colostomia. Ele recebeu analgésicos para controle da dor e não apresentou sangramentos ou complicações, ficando sem febre ou sinais de infecção.Quarta-feira (30/1)Bolsonaro reassumiu a Presidência da República e passou a despachar de um escritório que foi montado no mesmo andar onde está internado no Hospital Albert Einstein, na Zona Sul de São Paulo.Quinta-feira (31/1)O porta-voz da presidência, Otávio do Rêgo Barros, disse que Bolsonaro estava tentando se manter sem falar, mas a recomendação médica era difícil de ser acolhida: ""O presidente é difícil, ele está falando já. A despeito do médico dizer para ele ficar calado, ele já está falando"".Sexta-feira (1º/2)O boletim médico do dia informou que Bolsonaro teve boa evolução clínica. ""Já apresenta sinais de início dos movimentos intestinais"". ""Segue com dieta parenteral (endovenosa) exclusiva, sem infecção ou outras complicações. Realiza fisioterapia respiratória e períodos de caminhada fora do quarto. Por ordem médica, o paciente segue com visitas restritas.""Sábado (2/2)O presidente teve náuseas e vômito, e os médicos precisaram colocar uma sonda nasogástrica.Domingo (3/2)Jair Bolsonaro continuou usando uma sonda nasogástrica aberta, com evolução clínica estável. De acordo com o boletim médico, o presidente ficou sem dor e sem sinais de infecção. Bolsonaro foi submetido a uma tomografia de abdome que descartou complicações cirúrgicas. Ele está em jejum oral e nutrição parenteral exclusiva.Segunda-feira (4/2)Bolsonaro teve elevação na temperatura, passou a tomar antibiótico e a alta prevista para quarta-feira (6) foi adiada, segundo o porta-voz Otávio Rêgo Barros. O boletim médico informou que o presidente passou a tomar antibióticos e foram realizados novos exames de imagem. Identificou-se uma coleção líquida ao lado do intestino na região da antiga colostomia. Foi submetido à punção guiada por ultrassonografia e permanece com dreno no local. O presidente apresentou movimentos intestinais e teve dois episódios de evacuação.Terça-feira (5/2)O presidente teve melhora do seu estado de saúde e começou a receber líquido por via oral. Bolsonaro apresentou aumento da movimentação intestinal, o que possibilitou o início de injeção de líquido por via oral. ""Os exames laboratoriais apresentam melhora. O paciente segue com antibióticos e dreno no abdome"", disse o boletim médico.Quarta-feira (6/2)O presidente apresentou quadro clínico estável, sem dor ou febre, com melhora dos exames laboratoriais e de imagem, segundo boletim médico divulgado nesta quarta-feira (6). Ele também voltou a caminhar no corredor do Hospital Albert Einstein, na Zona Sul de São Paulo.Quinta-feira (7/2)Segundo boletim médico, Bolsonaro teve um episódio de febre e uma tomografia no tórax detectou uma pneumonia. Segundo os exames, a pneumonia teve origem bacteriana. Foi acrescentado um novo antibiótico no tratamento do presidente. "	-1
155	"""R Raquel Dodge denuncia Lúcio Vieira Lima em desdobramento da Lava Jato"". ""PGR acusou parlamentar de receber propina da Odebrecht em 2013"". ""A procuradora-geral da República, Raquel Dodge, denuncinou nesta segunda-feira (28) o deputado federal Lúcio Vieira Lima (MDB-BA) por suposta corrupção passiva em um desdobramento da Operação Lava Jato""."	"""Raquel Dodge denuncia Lúcio Vieira Lima em desdobramento da Lava Jato""PGR acusou parlamentar de receber propina da Odebrecht em 2013. Empresa diz que colabora para esclarecer os fatos; defesa de Vieira Lima não havia sido localizada até última atualização da reportagem. A procuradora-geral da República, Raquel Dodge, denunciou nesta segunda-feira (28) o deputado federal Lúcio Vieira Lima (MDB-BA) por suposta corrupção passiva em um desdobramento da Operação Lava Jato.Segundo a PGR, integrantes da empresa Odebrecht pagaram R$ 1,5 milhão ao parlamentar em 2013, em troca de vantagens indevidas.O oferecimento da denúncia não significa que Vieira Lima é considerado culpado. Agora, a Justiça deverá decidir se vai abrir um processo e tornar o político réu. Só então ele será julgado e, por fim, declarado culpado ou inocente.Também foram denunciados quatro executivos da Odebrecht u2500 Marcelo Odebrecht, Cláudio Melo Filho, José de Carvalho Filho e Carlos José Fadigas de Souza Filho.O G1 procurou a defesa de Vieira Lima, que ainda não havia dado uma resposta até a última atualização desta reportagem.A Odebrecht informou por meio de nota que tem colaborado com as autoridades para esclarecer os fatos narrados e complementou: "" A Odebrecht já usa as mais recomendadas normas de conformidade em seus processos internos e segue comprometida com uma atuação ética, íntegra e transparente"".Além da condenação de Vieira Lima, Dodge pediu que ele pague R$ 4,5 milhões aos cofres públicos u2500 R$ 1,5 milhão pelo dinheiro supostamente recebido e mais R$ 3 milhões como indenização por dano moral coletivo ""considerando que os prejuízos decorrentes da corrupção são difusos e pluriofensivos (lesões à ordem econômica, à administração da justiça e à administração pública, inclusive à respeitabilidade do parlamento perante a sociedade brasileira)"", afirmou a procuradora-geral.Ela pediu ainda que Vieira Lima perca o mandato. Como ele não foi reeleito e deixará a Câmara em fevereiro, o caso deverá ser enviado à primeira instância da Justiça.Em dezembro de 2018, Dodge apresentou uma denúncia contra Lúcio e o irmão, o ex-ministro Geddel Vieira Lima, pelo crime de peculato (crime praticado por servidor público que se apropriar de dinheiro ou bem a que tenha acesso em razão do cargo).Segundo a assessoria da Procuradoria-Geral da República (PGR), os supostos crimes foram investigados em inquérito aberto para apurar a origem dos R$ 51 milhões que foram encontrados em 2017 em um apartamento de Salvador utilizado pelos irmãos Vieira Lima.Em razão da descoberta da fortuna em caixas de papelão e malas, Geddel e Lúcio Vieira Lima foram denunciados, em 2017, por lavagem de dinheiro e associação criminosa. Nesse caso, eles se tornaram réus em março de 2018. "	-1
156	A Polícia Federal (PF) deflagrou na manhã desta sexta-feira (22) uma operação a partir de inquérito no Supremo Tribunal Federal (STF) tendo como principal inves tigado o senador Ciro Nogueira (PP-PI), que também é presidente da legenda. A Polícia Federal (PF) deflagrou na manhã desta sexta-feira (22) uma operação a partir de inquérito no Supremo Tribunal Federal (STF) tendo como principal inves tigado o senador Ciro Nogueira (PP-PI), que também é presidente da legenda. A Polícia Federal (PF) deflagrou na manhã desta sexta-feira (22) uma operação a partir de inquérito no Supremo Tribunal Federal (STF) tendo como principal inves tigado o senador Ciro Nogueira (PP-PI), que também é presidente da legenda.	"""PF faz buscas em endereços do senador Ciro Nogueira, presidente do PP""Operação foi autorizada pela ministra Rosa Weber, do Supremo Tribunal Federal. Senador afirmou que o esclarecimento dos fatos vai confirmar a improcedência das acusações. A Polícia Federal (PF) deflagrou na manhã desta sexta-feira (22) uma operação a partir de inquérito no Supremo Tribunal Federal (STF) tendo como principal investigado o senador Ciro Nogueira (PP-PI), que também é presidente da legenda.O senador Ciro Nogueira afirmou, por meio de sua assessoria de imprensa, que ""não vê razões que justifiquem a ação, uma vez que sempre esteve à disposição para colaborar com as investigações"". Ele afirmou, ainda, que espera o ""rápido esclarecimento dos fatos, que, mais uma vez, irão comprovar a improcedência das acusações"". A defesa do senador também se manifestou por meio de nota. (Veja íntegra da nota abaixo)A operação desta sexta, batizada de Compensação, foi autorizada pela ministra Rosa Weber, do STF. A PF investiga supostos crimes de corrupção passiva e de lavagem de dinheiro.Cerca de 30 policiais federais cumpriram na manhã desta sexta 7 mandados de busca e apreensão nas cidades de Teresina (PI), Brasília (DF) e São Paulo (SP), além de intimações para colher depoimentos de envolvidos. A PF fez buscas em residências e sedes de duas empresas ligadas ao senador.De acordo com investigadores, o irmão do senador, Gustavo Nogueira, também é alvo de mandado de busca e intimação.Em setembro do ano passado, logo depois da abertura no inquérito no STF, endereços ligados ao senador em Teresina, no Piauí, foram alvos de operação de busca e apreensão da PF.O inquérito foi aberto no STF em setembro do ano passado, por decisão do ministro Edson Fachin, relator da Operação Lava Jato. O objetivo do inquérito é investigar o presidente do PP, senador Ciro Nogueira, o ex-ministro e atual prefeito de Araraquara, Edinho Silva (PT); e os executivos da J&amp;F Joesley Batista e Ricardo Saud.Fachin atendeu a pedido da Procuradoria-Geral da República (PGR), que quer apurar o envolvimento dos quatro em crimes de corrupção e lavagem de dinheiro.Conforme a PGR, o objetivo é investigar suposto pagamento de propina ao senador para que o partido apoiasse o PT em 2014, e em 2017, para que o PP não apoiasse o impeachment da ex-presidente Dilma Rousseff (PT).Em 2014, segundo Joesley e Saud, o PP recebeu valores para integrar a coligação do PT nas eleições. O dinheiro teria sido repassado por meio de doações eleitorais oficiais ao PP, além de R$ 2,5 milhões em dinheiro, por meio de um supermercado do Piauí. O valor total repassado teria sido R$ 43 milhões. Quem aprovava os pedidos era o ministro Edinho Silva, segundo as delações.De acordo com as investigações, os recursos recebidos no Piauí, pagos pelo supermercado, foram entregues em dinheiro para Gustavo Nogueira, irmão do senador, Ciro Nogueira.De acordo com a decisão que autorizou a operação da PF, a PGR considerava a busca ""imprescindível para a investigação dos fatos especialmente para esclarecer se em quais circunstâncias houve transferência de dinheiro ilícito a agente público"". Segundo a decisão, ""tais buscas nos endereços indicados mostram-se essenciais à descoberta da verdade"".Ainda segundo a decisão, a partir do início das investigações, auditores da Receita Federal analisaram a possível destinação da propina paga pela JBS ao senador em 2014 e deflagraram uma série de diligências que ""reforçam indícios a respeito"".Ao autorizar buscas nas empresas de Ciro, a ministra Rosa Weber afirmou que a medida ""revela-se potencialmente capaz de elucidar elementos importantes da investigação notadamente para rastrear eventuais mecanismos de ocultação e dissimulação dos recursos com hauridos as práticas potencialmente criminosas"".Nota da defesa do senador Ciro NogueiraA Defesa do Senador Ciro Nogueira vem denunciar, mais uma vez, o direito penal do espetáculo. O que está sendo apreendido nesta busca e apreensão é o que foi recentemente restituído pelo Supremo Tribunal em virtude de outra operação que não resultou em Ação Penal , o Supremo rejeitou a Denúncia,pois baseada tão somente na palavra de outro delator. Tal constrangimento poderia ser evitado com a simples intimação do Senador para prestar esclarecimento pois , é evidente, este sempre se colocou à disposição do Poder Judiciário.KAKAYNa ocasião da abertura do inquérito, o atual prefeito de Araraquara e ex-coordenador financeiro da campanha de Dilma em 2014, Edinho Silva, afirmou que agiu dentro da legalidade e de forma ética. Ele afirmou, ainda, que o PP já fazia parte do governo Dilma, estando à frente de ministério, e que, portanto, tinha interesse lógico na reeleição da presidente.O senador Ciro Nogueira reafirmou que as acusações contra ele são infundadas e absurdas, motivo pelos quais não se sustentam. Ele disse também que confia plenamente na Justiça para esclarecer os fatos e trazer à tona a verdade.O empresário Joesley Batista afirmou, por meio de seu advogado, que a abertura de inquérito se deu com base em documentos apresentados pelos colaboradores em agosto de 2017, reforçando a eficácia da colaboração e a vigência do acordo. A defesa reiterou, com base em decisão judicial recente, que até decisão final do STF, o acordo de colaboração premiada está vigente.O empresário Ricardo Saud não quis se manifestar na ocasião. "	-1
157	Casos de caixa 2 ligados a outros crimes devem ser enviados à Justiça Eleitoral, decide STF. Seis ministros entendiam que a competência é da Justiça Eleitoral. Casos de caixa 2 ligados a outros crimes devem ser enviados à Justiça Eleitoral, decide STF.	"""Casos de caixa 2 ligados a outros crimes devem ser enviados à Justiça Eleitoral, decide STF""Seis ministros entenderam que a competência é da Justiça Eleitoral. Outros cinco ministros defenderam dividir os processos com a Justiça Comum. O Supremo Tribunal Federal (STF) decidiu nesta quinta-feira (14), por 6 votos a 5, que crimes eleitorais como o caixa 2 (não declaração na prestação de contas eleitorais de valores coletados em campanhas) que tenham sido cometidos em conexão com outros crimes como corrupção e lavagem de dinheiro devem ser enviados à Justiça Eleitoral.Votaram para enviar os processos para a Justiça Eleitoral:Votaram para dividir os processos com a Justiça comum:O julgamento foi desempatado pelo presidente da Corte, ministro Dias Toffoli, o último a votar no caso. Dias Toffoli afirmou que sua posição sempre foi a mesma, de manter a jurisprudência do STF, por isso, acompanhou o relator.""Todos aqui estamos unidos no combate a corrupção. Tanto que são raros os casos de reversão de algum processo, de alguma condenação, de alguma decisão. Todos também estamos aqui na defesa da Justiça Eleitoral"", afirmou Toffoli.O STF analisou uma questão de ordem apresentada no inquérito que investiga o ex-prefeito do Rio de Janeiro Eduardo Paes (DEM) e o deputado federal Pedro Paulo (DEM-RJ). A investigação tem como base delações de ex-executivos da Odebrecht, que afirmaram que Pedro Paulo recebeu R$ 3 milhões para campanha em 2010, além de outros valores em 2014. Paes teria ajudado na intermediação.Integrantes da força-tarefa da Operação Lava Jato, em Curitiba, criticavam o envio de casos à Justiça Eleitoral, afirmando que não há estrutura para processos mais complexos, o que, segundo procuradores, pode levar à maior demora e risco de prescrições, além de risco da anulação de atos já realizados pela Justiça Federal.A procuradora-geral da República, Raquel Dodge, afirmou nesta quinta que não vê riscos de que eventual decisão da Corte prejudique a Lava Jato. ""Não vejo esse risco nesse momento. Mas é preciso avaliar com cuidado e não perder o foco. Manteremos o foco contra corrupção e impunidade"", disse.Em seus votos, vários ministros defenderam a eficiência da Justiça Eleitoral. Já advogados argumentavam que a lei prevê a preponderância da Justiça mais especializada, no caso, a eleitoral.A decisão desta quinta pode levar a vários questionamentos de processos já em andamento no país, que devem ser analisados caso a caso por juízes, desembargadores e ministros.Antes do início da sessão nesta quinta-feira, o ministro Dias Toffoli, anunciou abertura de inquérito criminal para apurar ""notícias fraudulentas"", ofensas e ameaças, que ""atingem a honorabilidade e a segurança do Supremo Tribunal Federal, de seus membros e familiares"".Luís Roberto BarrosoO primeiro voto da sessão desta quinta foi do ministro Luís Roberto Barroso, que acompanhou a divergência aberta pelo ministro Edson Fachin para que os casos de corrupção sejam mandados para a Justiça comum.O ministro afirmou que cabe ao Supremo mudar a mentalidade de que ""corrupto não é bandido"". Segundo Barroso, a Justiça Eleitoral ""não está estruturada"". ""Acho que não fará bem ao país que nós transfiramos, depois de anos de sucesso do enfrentamento da corrupção, mexer numa estrutura"", disse.Rosa WeberEm seguida, a ministra Rosa Weber também acompanhou a divergência. ""Quando a competência comum tiver sido estabelecida diretamente pela Constituição Federal, não haverá reunião de processos, devendo cada qual seguir perante seu correspondente juiz"", disse.Luiz FuxO ministro Luiz Fux concordou com Rosa Weber. Segundo Fux, a competência é definida pelo juiz no momento do oferecimento da denúncia. ""No meu modo de ver, a defesa, através de uma estratégia muito inteligente, ela está recorrendo para que nós, antecipadamente, já definamos competência quando a tipificação [definição do crime] do Ministério Público nessa fase preliminar ainda é provisória"", afirmou.Cármen LúciaA ministra Cármen Lúcia defendeu que ""o que está em julgamento não é a eficiência da Justiça Eleitoral, mas questão jurídica imposta"". Segundo a ministra, trata-se de ""matéria estabelecida na Constituição da República"", por isso, os processos devem ser divididos.Ricardo LewandowskiO ministro Ricardo Lewandowski afirmou que o caixa 2 sempre foi tratado como crime eleitoral e leu uma nota da Associação dos Magistrados Brasileiros (AMB) em defesa da Justiça Eleitoral. ""Isso me lembra a pretensão de algumas pessoas de quererem se apropriar do necessário discurso do combate a corrupção do nosso país"", afirmou. ""É preciso que tenhamos todos um pouco mais de humildade.""Gilmar MendesEm seu voto, também pelo envio à Justiça Eleitoral, o ministro Gilmar Mendes, disse que o Supremo sempre entendeu dessa maneira, mas que ""o combate à corrupção passou a dar lucro"".O ministro ainda criticou a criação de um fundo privado pela força-tarefa da Lava Jato em Curitiba, cujos integrantes chamou de ""gentalha"". ""São uns cretinos, não sabem o que é processo civilizatório, não sabem o que é processo. Sabe-se lá o que estão fazendo com esse dinheiro"", afirmou.Celso de MelloAo empatar o julgamento em 5 a 5, o decano Celso de Mello afirmou que a competência penal da Justiça Eleitoral se estende aos delitos tenham conexão com crimes eleitorais.""Esse entendimento já vinha sendo igualmente perfilhado pela jurisprudência do Supremo Tribunal Federal. (...) Juízes eleitorais estão aptos a julgar delitos conexos, e o Supremo Tribunal Federal tem plena consciência de que não faltarão meios para a Justiça Eleitoral desempenhar casos que lhe competem na esfera penal"", completou.Na sessão desta quarta, o ministro Marco Aurélio Mello, relator, defendeu que o princípio da ""especialidade"" prevê que a Justiça especializada, como a eleitoral, se sobrepõe à Justiça comum. Essa foi a posição seguida pela maioria dos ministros. ""Inviável a competência da Justiça comum, residual, quanto há Justiça especializada [eleitoral]. Não se revela passível se sobrepor-se"", disse.Segundo a votar no julgamento, o ministro Alexandre de Moraes acompanhou a orientação do relator. Na visão dele, se há crime eleitoral e crimes conexos, quem deve analisar a conexão é o juiz eleitoral. ""Ou vai entender que é conexo ou declina de parte para Justiça Federal. É o mesmo posicionamento há 30 anos de toda nossa doutrina"", ponderou Alexandre de Moraes.Ao votar, Edson Fachin divergiu dos dois colegas de tribunal, afirmando que os processos devem ser divididos entre as justiças especializadas. ""Não há como negar que a competência é de ambas: Justiça federal, comum e eleitoral, especializada. A competência de ambas detém assento na Constituição Federal"", argumentou o relator da Lava Jato. "	-1
158	Sete deputados registraram candidatura; eleição está prevista para as 18h. Podem concorrer à Presidência deputados de qualquer.	"""Saiba quem são os candidatos à presidência da Câmara""Sete deputados registraram candidatura; eleição está prevista para as 18h. Votação será secreta; para ser eleito em primeiro turno, candidato precisará da maioria absoluta dos votos. Com o fim do prazo para registro de candidaturas para a presidência da Câmara, sete deputados estão oficializados na disputa. São eles:A eleição está marcada para as 18h, e será feita por meio de votação secreta.Podem concorrer à Presidência deputados de qualquer partido, inclusive com candidaturas avulsas, sem o apoio oficial da própria legenda.Para ser eleito em primeiro turno, o deputado precisa obter a maioria absoluta dos votos entre o total de deputados votantes. Por exemplo, se 400 deputados votarem, serão necessários ao menos 201 votos para o novo presidente ser eleito.Se ninguém alcançar a maioria, haverá segundo turno entre os dois mais votados. Vencerá quem obtiver maioria entre os votantes.A votação será secreta. Portanto, embora vários partidos tenham declarado apoio a determinado candidato, não há a garantia de que todos os deputados das bancadas seguirão a orientação da legenda.Também nesta sexta-feira, os deputados vão escolher os demais integrantes da Mesa Diretora. Compõem a Mesa, além do presidente, vice-presidente e secretários.Mais cedo, no plenário da Câmara, foi realizada a cerimônia de posse dos deputados eleitos em outubro. Esta sexta-feira (1º) marca o primeiro dia de trabalho no Legislativo após o recesso.A legislatura que começa nesta sexta-feira tem o maior percentual de novatos e de mulheres em mais de 30 anos. O número de partidos com assento na Casa também é recorde: são 30 diferentes legendas representadas na Câmara a partir de agora.Veja os perfis dos candidatos à presidência da Câmara:Fábio Ramalho: Nasceu em 22 de dezembro de 1961 em Brasília. Formado em direito, começou a carreira política em 1997, quando foi prefeito de Malacacheta (MG) até 2004. Vai iniciar o terceiro mandato como deputado federal. Na legislatura que se encerrou na quinta-feira (31), foi o primeiro-vice-presidente da Câmara. Ele concorre como candidato avulso, pois o MDB decidiu apoiar Rodrigo Maia.General Peternelli: Nascido em 6 de agosto de 1954, é natural de Ribeirão Preto, interior de São Paulo. General do Exército, toda a sua trajetória profissional foi nas Forças Armadas. Está no seu primeiro mandato como deputado federal. Concorre em uma candidatura avulsa, já que o partido dele, o PSL, declarou apoio a Rodrigo Maia.JHC: Nasceu em 22 de julho de 1987 em Maceió (AL). É advogado e tem pós-graduação em direito digital. Já passou pelo Solidariedade e, em 2016, migrou para o PSB. Este será o seu segundo mandato como deputado federal. Nos últimos dois anos, foi terceiro secretário da Mesa Diretora da Câmara. Entre suas atribuições, estava a de analisar os requerimentos de licença e justificativa de faltas dos colegas deputados. Antes de ser federal, já havia sido deputado estadual. JHC disputa com o apoio do seu partido, o PSB.Marcel Van Hattem: Nasceu 8 de novembro de 1985 em São Leopoldo (RS). É formado em relações internacionais, com especialização em direito e mestrado em ciência política e jornalismo. Começou a carreira política como vereador em Dois Irmãos, à época filiado pelo PP. Foi deputado estadual e está no primeiro mandato como federal. Com perfil liberal, foi o mais votado no Rio Grande do Sul (349,8 mil votos).Marcelo Freixo: Nasceu em 12 de abril de 1967 em Niterói (RJ). Formado em história, começou sua militância como professor no sistema prisional. Deputado estadual por dois mandatos, chegou a disputar a prefeitura do Rio de Janeiro em 2016, mas não se elegeu. Ele assume agora o primeiro mandato como deputado federal. Já foi filiado ao PT e, desde 2005, está no PSOL.Ricardo Barros: Nasceu 15 de novembro de 1959 em Maringá (PR). Formado em engenharia civil, foi ministro da Saúde no governo Michel Temer e prefeito de Maringá pelo extinto PFL. Vai exercer agora o seu sexto mandato como deputado federal.Rodrigo Maia: Nasceu em 12 de junho de 1970, em Santiago do Chile, mas foi registrado no Consulado Geral do Brasil no país. Bancário, iniciou graduação de economia, mas não concluiu. Vai exercer agora o sexto mandato de deputado federal e tenta a reeleição a presidente da Câmara. É filho do ex-prefeito do Rio Cesar Maia (DEM). "	-1
159	Decreto do governo determinará CPF como chave universal para uso de serviços públicos. O decreto já está na Casa Civil e será publicado em breve pelo governo. O blog procurou o secretário de Desburocratização do governo, Paulo Uebel, que confirmou a informação.	"""Decreto do governo determinará CPF como chave universal para uso de serviços públicos "" A equipe econômica do governo Jair Bolsonaro finalizou o texto de um decreto que permitirá que o CPF (Cadastro de Pessoas Físicas) seja uma espécie de ""chave universal"" ao cidadão para acesso a serviços públicos federais.O decreto já está na Casa Civil e será publicado em breve pelo governo. O blog procurou o secretário de Desburocratização do governo, Paulo Uebel, que confirmou a informação.Ele trabalhou no decreto com técnicos da equipe do ministro Paulo Guedes (Economia). Representantes de outros ministérios também participaram.Segundo Uebel, a intenção do governo, seguindo diretriz do presidente Bolsonaro, é facilitar a concessão e a prestação de serviços públicos federais, sem que a pessoa precise carregar consigo diferentes documentos, assim como memorizar diferentes números de identificação.""O CPF vai ser uma espécie de chave universal. O cidadão poderá usar outros números _ o governo que não poderá exigir. A ideia é simplificar e desburocratizar a vida das pessoas"", explicou o secretário.Com o novo decreto, não será mais necessário portar ou memorizar diferentes números de cadastros, como o número do cadastro no Programa de Integração Social (PIS) , Programa de Formação do Patrimônio do Servidor Público (Pasep), entre outros.Integrantes da equipe econômica ouvidos pelo blog afirmam também que, como as informações sobre os cidadãos atualmente estão fragmentadas em diferentes bases de dados, há muitas informações duplicadas e inconsistentes _ o que dificulta o trabalho federal e facilita irregularidades.O governo quer consolidar um cadastro que reunirá os dados do cidadão a partir da integração de plataformas digitais.A partir da publicação do decreto, os órgãos do governo federal terão um prazo de três meses para se adaptar à decisão.O secretário Uebel deu alguns exemplos de como deve funcionar o novo sistema:A ideia do governo é publicar o decreto nesta ou na próxima semana, segundo o secretário. "	-1
160	Comissão de Ética aplica quarentenha ao ex-ministro Gustavo Bebianno. O novo presidente da comissão, Paulo Henrique Lucon, informou que ex-ministro receberá salários durante a quarentenha. Bebianno foi o primeiro ministro demitido por Jair Bolsonaro. O novo presidente da Comissão de Ética Pública da Presidência, Paulo Henrique Lucon, informou nesta terça-feira (12) que o colegiado decidiu, por unanimidade, aplicar quarentenha a Gustavo Bebianno.	"""Comissão de Ética aplica quarentena ao ex-ministro Gustavo Bebianno""Novo presidente da comissão, Paulo Henrique Lucon, informou que ex-ministro receberá salários durante a quarentena. Bebianno foi o primeiro ministro demitido por Jair Bolsonaro.   O novo presidente da Comissão de Ética Pública da Presidência, Paulo Henrique Lucon, informou nesta terça-feira (12) que o colegiado decidiu, por unanimidade, aplicar quarentena a Gustavo Bebianno ex-ministro da Secretaria-Geral da Presidência.Bebianno foi o primeiro e único ministro até o momento a ser demitido no governo de Jair Bolsonaro, substituído por Floriano Peixoto Vieira Neto.A demissão ocorreu em fevereiro, na esteira das investigações das candidaturas-laranja do PSL na eleição passada e do desgaste na relação de Bebianno com Bolsonaro, provocado por atritos com o filho do presidente, o vereador Carlos Bolsonaro (PSC). Carlos chamou Bebianno de mentiroso em uma rede social.Lucon informou sobre a quarentena durante entrevista no Palácio do Planalto, após sua posse como presidente da comissão.Responsável por analisar a conduta de servidores públicos, o órgão aplica a medida quando entende que haverá conflito de interesse com a atuação de um ex-ministro na iniciativa privada, por exemplo, já que ele teve acesso a informações privilegiadas.Quem recebe a quarentena fica impedido por até seis meses de atuar no setor privado e receber salário neste período.""É remunerada [a quarentena] por até seis meses, é normal isso, isso está previsto em lei. Foi uma decisão colegiada, por votação unânime, portanto, achamos que um ministro tem acesso à muitas informações relevantes e é conveniente, para o interesse público, estabelecer essa quarentena"", disse Lucon.O novo presidente da comissão também citou que o uso das redes sociais é um problema verificado no Brasil e em outros países.Lucon apontou o desejo de atualizar regras de conduta na administração pública, o que poderá incluir ações nas redes sociais.""Reputo como sempre necessário uma evolução, um aprendizado constante, porque a legislação tem que evoluir de acordo com a dinâmica social"", disse.Lucon lembrou que o presidente da República não está sujeito à Comissão de Ética. Na semana passada, Bolsonaro publicou um vídeo com conteúdo pornográfico gravado durante o carnaval de São Paulo. Ele também perguntou o que é ""golden shower"", expressão que significa ""ducha dourada"" (em tradução literal). É um termo em inglês usado para definir relações sexuais envolvendo o ato de urinar no(a) parceiro(a).Vinculada à Secretaria-Geral da Presidência, a Comissão de Ética Pública foi criada em 1999, no governo Fernando Henrique Cardoso.Conforme o decreto que instituiu a comissão, os conselheiros são nomeados pelo presidente da República e não recebem remuneração para compor a comissão.Cabe à Comissão de Ética, por exemplo, estabelecer o período de ""quarentena"" para funcionários do primeiro escalão, como ministros, poderem atuar na iniciativa privada após deixarem os cargos. O objetivo é evitar o uso de informações privilegiadas.A comissão também tem a prerrogativa de orientar autoridades em relação a situações que envolvam conflitos de interesses. O colegiado também apurar se condutas de autoridades estão de acordo com o Código de Conduta da Alta Administração Federal.Paulo Henrique Lucon assumiu a presidência da Comissão de Ética em uma cerimônia nesta terça-feira, no Palácio do Planalto. Ele atua desde março do ano passado no colegiado.O novo presidente é professor associado de Direito Processo Civil nos cursos de graduação e pós-graduação da Faculdade de Direito da Universidade de São Paulo (USP).Lucon concluiu graduação, mestrado e doutorado na USP, onde também obteve o título de livre docente. O professor também se especializou em Direito Processual Civil na Faculdade de Direito da Universidade Estatal de Milão.Lucon ainda foi juiz do Tribunal Regional Eleitoral de São Paulo de 2004 a 2011, na classe jurista. Ele também preside o Instituto Brasileiro de Direito Processual (IBDP). "	-1
161	"""Papel moderador dos militares em contraponto ao lado civil do governo foi fundamental na questão da Venezuela"" ""O comentário desta sexta-feira (1) no clube do Café, da Rádio Globo, abordou desde o papel moderador dos militares do governo Bolsonaro na crise da Venezuela, em contrapontos"""	"""Papel moderador dos militares em contraponto ao lado civil do governo foi fundamental na questão da Venezuela""Comentário na Rádio Globo sobre os principais acontecimentos da semana O comentário desta sexta-feira (1) no clube do Café, da Rádio Globo, abordou desde o papel moderador dos militares do governo Bolsonaro na crise da Venezuela, em contraponto ao lado civil mais ""agressivo"" na política externa, até as críticas que começaram a aparecer na base do governo em relação à reforma da previdência. Ouça aqui.Durante a semana, ficou claro, nos bastidores do governo, que a ala militar da gestão conseguiu dar um tom mais moderado ao papel brasileiro na crise venezuelana. Ou seja, a de que a diplomacia deveria prevalecer, mantendo a tradição histórica brasileira. E o fato é que essas pressões diplomáticas tornam inevitáveis, mesmo que demore um pouco mais, o fim do governo do líder chavista, Nicolás Maduro.Na reforma da previdência, erros da articulação política do governo Bolsonaro podem prejudicar a força da proposta inicial da reforma da previdência realizada pela equipe econômica. O próprio presidente Bolsonaro disse nesta quinta-feira (28) que poderia fazer concessões. A vantagem do Governo é a de que há ainda um consenso, entre os formadores de opinião e no próprio parlamento, de que a sociedade precisa enfrentar este problema.A semana contou também com a polêmica envolvendo o ministro da Educação, Vélez Rodriguez, ao mandar para as escolas um pedido de que as crianças deveriam se perfilar diante da bandeira, cantar o hino que poderia ser filmado pelos professores e enviado ao governo. A carta do ministro terminava com o slogan de campanha eleitoral de Bolsonaro: ""Brasil acima de tudo e Deus acima de todos"".Essa mistura de questões governamentais com lemas de campanha política eleitoral, somada à intenção de usar a imagem das crianças, foi amplamente criticada. O ministro recuou e disse que errou em alguns pontos. Mas o fato é que governo as vezes parece perder tempo com polêmicas, enquanto o país sofre com problemas urgentes. "	-1
162	"Líder do partido de Bolsonaro diz que risco de Bebianno ser demitido é zero. O deputado Delegado Waldir (PSL-GO), afirmou nesta quarta-feira (13) que é ""zero"" a chance de o ministro da Secretaria-Geral, Gustavo Bebianno, ser demitido."	"""Líder do partido de Bolsonaro diz que risco de Bebianno ser demitido é zero""Delegado Waldir (PSL-GO) deu declaração após reunião da bancada. Bolsonaro e o filho Carlos divulgaram áudio para afirmar que Bebianno mentiu ao dizer que falou com presidente. O líder do PSL na Câmara, deputado Delegado Waldir (PSL-GO), afirmou nesta quarta-feira (13) que é ""zero"" a chance de o ministro da Secretaria-Geral, Gustavo Bebianno, ser demitido.O deputado deu a declaração durante uma entrevista coletiva antes de participar de reunião da bancada do PSL, partido do presidente Jair Bolsonaro.Mais cedo, nesta quarta-feira, um dos filhos de Bolsonaro, o vereador do Rio de Janeiro Carlos Bolsonaro (PSC), fez uma postagem para criticar Bebianno.""Zero. Zero de risco. Nós somos um governo correto. Para correr risco, tem que roubar, tem que ser corrompido que nem a esquerda fazia"", afirmou Waldir após ser questionado se Bebianno ""corre risco"" no cargo.Depois, o deputado concedeu outra entrevista, na qual disse que, se Bebianno perdeu a confiança do presidente, ""cabe ao presidente tomar a decisão que ele entender mais legítima"". ""Só acho que um ministro tem que ser afastado se ele cometeu um crime grave"", acrescentou.Segundo Carlos Bolsonaro, é uma ""mentira absoluta"" que Bebianno tenha falado três vezes nesta terça-feira (12) com Jair Bolsonaro enquanto o presidente ainda estava internado no hospital Albert Einstein, em São Paulo _ Bolsonaro recebeu alta nesta quarta e voltou para Brasília.A publicação foi feita após Bebianno afirmar ao jornal ""O Globo"" que havia falado com o presidente por três vezes na terça (12), o que, segundo Carlos Bolsonaro, é uma mentira. Ainda na entrevista, Bebianno negou ser o pivô de uma suposta crise no governo.A crise negada por Bebianno está relacionada a reportagem publicada pelo jornal ""Folha de S. Paulo"". Segundo o jornal, o PSL, partido de Bolsonaro, repassou R$ 400 mil a uma candidata a deputada federal em Pernambuco quatro dias antes da eleição do ano passado. Segundo a ""Folha"", ela recebeu 274 votos.O repasse, ainda segundo o jornal, aconteceu no período em que Bebianno era o presidente do PSL. Um dos principais coordenadores da campanha de Bolsonaro, Bebbiano deixou o comando da legenda após o período eleitoral. "	-1
163	Após 3 anos, Gilmar Mendes libera para análise ação sobre nomeação de Lula como ministro de Dilma. Caso será analisado pelo plenário virtual do STF entre os dias 22 e 28 de março. Liminar que suspendeu nomeação de Lula como ministro da Casa Civil foi dada há três anos. O ministro Gilmar Mendes, do Supremo Tribunal Federal, liberou para julgamento no plenário virtual da Corte a ação na qual ele suspendeu a nomeação do ex-presidente Luiz Inácio Lula da Silva como ministro da Casa Civil da ex-presid	"""Após 3 anos, Gilmar Mendes libera para análise ação sobre nomeação de Lula como ministro de Dilma""Caso será analisado pelo plenário virtual do STF entre os dias 22 e 28 de março. Liminar que suspendeu nomeação de Lula como ministro da Casa Civil foi dada há três anos. O ministro Gilmar Mendes, do Supremo Tribunal Federal, liberou para julgamento no plenário virtual da Corte a ação na qual ele suspendeu a nomeação do ex-presidente Luiz Inácio Lula da Silva como ministro da Casa Civil da ex-presidente Dilma Rousseff. O processo foi liberado para julgamento três anos depois da suspensão da nomeação.O julgamento começa na próxima sexta-feira (22) e vai até 28 de março.Pelas regras do plenário virtual, o relator _ no caso, o ministro Gilmar Mendes _ é o primeiro a inserir o voto no sistema. A partir daí, os outros votam dentro do prazo de uma semana. Até o fim do julgamento, qualquer ministro pode pedir ""destaque"" para levar o tema à discussão presencial.Em março de 2016, após Lula ser nomeado, o ministro Gilmar Mendes analisou ações apresentadas pelo PSDB e PPS e suspendeu a nomeação. Mendes disse que havia intenção de Lula de fraudar as investigações da Lava Jato e obter foro privilegiado para escapar do então juiz Sérgio Moro, hoje ministro da Justiça. Com o impeachment de Dilma Rousseff, Gilmar Mendes arquivou a ação.Em 2017, quase um ano depois da suspensão da nomeação, a defesa de Lula recorreu para que o caso fosse ao plenário e pediu que o tribunal corrija ""erro histórico"" e reconheça como válida a nomeação dele como ministro da Casa Civil.A defesa do ex-presidente lembrou que preenchia, à época dos fatos, ""todos os requisitos previstos"" na Constituição para ser ministro e que não era nem indiciado, nem denunciado e nem réu em ação penal - atualmente Lula está preso há um ano pela condenação no caso do triplex do Guarujá e é réu em vários outros processos. "	-1
164	Trump diz querer Bolsonaro como aliado da Otan, organização militar de defesa. Trump e Bolsonaro deram declaração à imprensa após encontro e almoço na Casa Branca, em Washington. O presidente dos Estados Unidos, Donald Trump, afirmou no início da tarde desta terça-feira (19) que quer o governo de Jair Bolsonaro na Organização do Tratado do Atlântico Norte (Otan), organização militar comum de defesa, com 28 países-membros.	"""Trump diz querer Bolsonaro como aliado da Otan, organização militar de defesa""Presidente dos Estados Unidos e o presidente Jair Bolsonaro deram declaração à imprensa após encontro e almoço na Casa Branca, em Washington. O presidente dos Estados Unidos, Donald Trump, afirmou no início da tarde desta terça-feira (19) que quer o governo de Jair Bolsonaro na Organização do Tratado do Atlântico Norte (Otan), organização militar comum de defesa, com 28 países-membros.Trump e Bolsonaro deram declaração à imprensa após encontro e almoço na Casa Branca, em Washington.""Eu disse ao presidente Bolsonaro que também pretendo indicar o Brasil como um grande aliado extra-Otan, ou até mesmo começar a cogitar como um integrante da Otan. Eu tenho que conversar com muita gente, mas talvez se tornar um integrante da Otan seria um grande avanço para a segurança e cooperação entre nossos países"", disse Trump.O Brasil como aliado da Otan surgiu no contexto da situação da Venezuela e possível intervenção militar ao regime de Nicolás Maduro. Ao ser questionado sobre apoio a uma intervenção militar na Venezuela, Bolsonaro disse que o Brasil está disposto ao ""que for possível fazer para solucionar o problema da ditadura"".""Discutimos a possibilidade de o Brasil entrar como grande aliado extra Otan. Há pouco, permitimos que alimentos fossem alocados em Boa Vista, capital de Roraima, por parte dos americanos, para que a ajuda fizesse presente. No momento, estamos nesse ponto. O que for possível fazermos juntos para solucionar o problema da ditadura da Venezuela, o Brasil estará a postos para cumprir essa missão para levar liberdade e democracia ao país"", afirmou Bolsonaro.Nesse mesmo contexto, Trump defendeu que integrantes dos setores militares da Venezuela suspendam apoio a Nicolás Maduro. Ele também defendeu o fim do socialismo no continente americano.""Pedimos aos integrantes dos setores militares da Venezuela que suspendam o apoio a Maduro, que não é nada além de uma marionete de Cuba. Os Estados Unidos e o Brasil estão em apoio ao povo cubano, que sofre, e ao povo da Nicarágua. Chegou a hora final do socialismo no nosso hemisfério. A última coisa que queremos nos Estados Unidos é o socialismo"", disse Donald Trump.Bolsonaro defendeu o discurso de Donald Trump e disse que as pessoas que acreditam no socialismo estão ""abrindo a mente para a realidade"".""Acredito piamente na reeleição de Donald Trump. [...] A cada dia que passa, essas pessoas mais voltadas ao socialismo e ao comunismo vão abrindo a mente para a realidade. A fronteira da Venezuela com o Brasil foi fechada não para os brasileiros que apoiam o socialismo, mas para os venezuelanos que apoiam a democracia não entrassem no Brasil"", afirmou o presidente brasileiro.O presidente brasileiro chegou à Casa Branca às 13h04 e foi recebido por Trump na entrada do prédio. Logo em seguida, os dois presidentes falaram rapidamente com a imprensa no Salão Oval, antes da reunião e do almoço.O encontro entre os dois teve participação de Eduardo Bolsonaro, filho do presidente e deputado federal. Segundo Jair Bolsonaro, a presença do filho se deu a convite de Trump. No Twitter, o filho do presidente disse que, na área internacional, está ""sob orientação"" do ministro Ernesto Araújo (Relações Exteriores).Bolsonaro chegou aos Estados Unidos no último domingo (17) para sua primeira visita oficial ao país, a segunda viagem internacional de seu mandato. O presidente se hospedou na Blair House, residência que o governo norte-americano reserva para chefes de Estado em visitas oficiais.Durante a entrevista coletiva na Casa Branca, Donald Trump foi questionado se os EUA avaliam a possibilidade de organizar uma intervenção militar na Venezuela.Como em outros pronunciamentos, Trump disse que ""todas as opções estão abertas"". Segundo o presidente norte-americano, é preciso ""ver o que acontece"" na Venezuela antes de tomar uma decisão.""Isso que está acontecendo é uma desgraça. Estamos falando de um dos países mais ricos da América Latina"", disse Trump sobre a Venezuela.Brasil e EUA não reconhecem o governo de Nicolás Maduro e consideram o líder opositor Juan Guaidó como presidente interino do país.Pouco antes da fala de Trump, Bolsonaro havia sido questionado se o Brasil apoiaria uma eventual intervenção por parte dos EUA.Bolsonaro, então, respondeu: ""Certas questões, se você divulgar, deixam de ser estratégicas. Essas questões são observadas e podem ser discutidas, se não já não foram, mas não podem se tornar públicas, obviamente"".Segundo o presidente, tudo o que foi tratado na reunião entre ele e Trump será ""honrado"".""Restabelecimento da democracia na Venezuela é de interesse comum dos nossos governos"", afirmou Bolsonaro.Nesta segunda (18), em discurso no ""Dia do Brasil em Washington"", na Câmara de Comércio dos Estados Unidos, Bolsonaro mencionou a capacidade econômica e bélica dos Estados Unidos ao defender que a ""questão da Venezuela"" seja resolvida.No início do encontro na Casa branca, nesta terça, Trump disse que apoia o ingresso do Brasil na Organização para a Cooperação e Desenvolvimento Econômico (OCDE).""Eu estou apoiando os esforços deles [brasileiros] para entrar [na OCDE]"", disse Trump, ao lado de Bolsonaro. Ele não deu mais detalhes sobre o assunto.Mais cedo, Bolsonaro se reuniu com Luis Almagro, secretário-geral da Organização dos Estados Americanos (OEA).A OCDE atua como uma organização para cooperação e discussão de políticas públicas e econômicas que devem guiar os países que dela fazem parte. Para entrar no acordo, são necessárias a implementação de uma série de medidas econômicas liberais, como o controle inflacionário e fiscal. Em troca, o país ganha um ""selo"" de investimento que pode atrair investidores ao redor do globo.Após a reunião com Trump na Casa Branca, Bolsonaro fez uma visita ao Cemitério Nacional de Arlington, com passagem pelo Túmulo do Soldado Desconhecido.De acordo com a agenda oficial do presidente, após a passagem por Arlington, Bolsonaro vai conceder uma entrevista à emissora cristã americana CBN e em seguida, vai se encontrar com lideranças religiosas.No início da noite está previsto um jantar de trabalho. Bolsonaro deve embarcar de volta para Brasília às 23h. "	-1
165	PF abre inquérito para investigar suposta candidata-laranja do PSL em PE. A candidata recebeu R$ 400 mil de verba pública nas eleições de 2018, mais do que o repassado para a campanha de Jair Bolsonaro à Presidência. Ela obteve 274 votos.	"""PF abre inquérito para investigar suposta candidata-laranja do PSL em PE""Candidata recebeu R$ 400 mil de verba pública nas eleições de 2018, mais do que o repassado para a campanha de Jair Bolsonaro à Presidência. Ela obteve 274 votos. A Polícia Federal (PF) abriu inquérito para investigar o caso de Maria de Lourdes Paixão, candidata do PSL a deputada federal nas eleições 2018 suspeita de ter atuado como ""laranja"".A candidata recebeu R$ 400 mil de verba eleitoral doada pelo PSL nacional nas eleições de 2018, mais do que o repassado para a campanha de Jair Bolsonaro à Presidência. Ela obteve 274 votos.As investigações serão conduzidas pela Polícia Federal de Pernambuco. Em casos de apuração de crimes eleitorais, a PF somente inicia as investigações após requisições feitas pela Justiça Eleitoral.A partir de agora, a Polícia Federal terá acesso a depoimentos e documentos da investigação iniciada pelo Ministério Público Eleitoral.Lourdes prestou depoimento à PF no Recife no dia 20 de fevereiro. A candidata também é investigada pela Polícia Civil de Pernambuco, que apura o possível desvio de dinheiro público.A denúncia sobre suspeita do uso de ""laranja"" foi o estopim de uma crise no governo federal, que resultou na demissão de Gustavo Bebianno da Secretaria-Geral da Presidência.Durante as eleições, Bebianno era presidente nacional do PSL, mas ele negou que tenha sido responsável pela escolha dos candidatos que receberam dinheiro do fundo partidário em Pernambuco. "	-1
166	STF julga criminalização de todas as formas de ofensas, individuais e coletivas, homicídios, agressões e discriminações motivadas por orientação sexual.	"""STF julga criminalização da homofobia""Ações pedem criminalização de todas as formas de ofensas, individuais e coletivas, homicídios, agressões e discriminações motivadas por orientação sexual"	-1
167	"Comissão do Senado quer ouvir ministro sobre supostos candidatos-laranja do PSL. O Ministério Público apura suposto uso de candidaturas-laranja nas eleições de 2018 em Minas Gerais; ministro nega. A Comissão de Transparência, Fiscalização e Controle do Senado aprovou nesta terça-feira (12) um convite para o ministro do Turismo, Marcelo Álvaro Antônio, prestar informações sobre o suposto uso de ""candidados-laranja"" do PSL."	"""Comissão do Senado quer ouvir ministro sobre supostos candidatos-laranja do PSL""Por ser convite, Marcelo Álvaro (Turismo) não é obrigado a comparecer. Ministério Público apura suposto uso de candidaturas-laranja nas eleições de 2018 em Minas Gerais; ministro nega. A Comissão de Transparência, Fiscalização e Controle do Senado aprovou nesta terça-feira (12) um convite para o ministro do Turismo, Marcelo Álvaro Antônio, prestar informações sobre o suposto uso de ""candidaturas-laranja"" do PSL de Minas Gerais.Por se tratar de um convite e não de uma convocação, Marcelo Álvaro Antônio não é obrigado a comparecer à sessão da Comissão de Transparência.Segundo a assessoria do presidente da comissão, Rodrigo Cunha (PSDB-AL), ainda não há data agendada para a audiência com o ministro.Autor do requerimento de convite do ministro, o senador Randolfe Rodrigues (Rede-AP) afirma que a presença de Marcelo Álvaro na comissão é ""fundamental"" para o esclarecimento de denúncias que, na opinião dele, estão ""estarrecendo a República"".""É importante que que o Ministro coloque às claras o obscurantismo que ronda as eleições do PSL, esclarecendo à República sobre o que tomou parte neste processo eleitoral, dando a sua versão dos fatos"", afirmou Randolfe.O Ministério Público apura supostas irregularidades no repasse de recursos do Fundo Especial de Financiamento de Campanha pelo PSL a quatro candidatas nas eleições de 2018.Marcelo Álvaro Antônio presidia o diretório estadual do PSL em Minas Gerais nas eleições, e parte do dinheiro enviado a quatro candidatas, segundo as investigações, foi devolvida a assessores ligados ao ministro.A defesa do ministro afirma que ele ""vai comprovar que as denúncias são infundadas"".De acordo com o colunista do G1 e da GloboNews Gerson Camarotti, integrantes do governo e até mesmo parlamentares da bancada do PSL têm demonstrado desconforto com a situação de Álvaro Antônio.Ainda segundo o Blog do Camarotti, tem crescido a avaliação de que o ministro deve pedir para deixar o ministério, evitando um desgaste maior do governo.Na semana passada, o presidente Jair Bolsonaro foi questionado sobre a situação do ministro do Turismo. Na ocasião, Bolsonaro declarou: ""Deixa as investigações continuarem"". "	-1
168	Polícia mantém linha de investigação de que Marielle pode ter sido alvo de esquema de grilagem de terra. Uma das linhas de investigação no caso do assassinato de Marielle Franco e do motorista Anderson Gomes continua sendo a possibilidade de que a então vereadora do PSOL teria sido executada porque criminosos acreditaram que ela atrapalharia os negócios de grilagem de terra de milicianos, no Rio de Janeiro. A grilagem de terras é uma das atividades mais rentáveis para a máfia atualmente em solo.	"""Polícia mantém linha de investigação de que Marielle pode ter sido alvo de esquema de grilagem de terra"" Uma das linhas de investigação no caso do assassinato de Marielle Franco e do motorista Anderson Gomes continua sendo a possibilidade de que a então vereadora do PSOL teria sido executada porque criminosos acreditaram que ela atrapalharia os negócios de grilagem de terra de milicianos, no Rio de Janeiro.A grilagem de terras é uma das atividades mais rentáveis para a máfia atualmente em solo carioca. O negócio é usado para multiplicar atividades criminosas, além da lavagem de dinheiro de valores obtidos através de outras áreas criminosas.Nessa linha de investigação, o policial militar reformado Ronnie Lessa e o ex-policial militar Élcio Vieira de Queiroz, presos nesta terça-feira (12) durante a Operação Lume, seriam executores do chamado ""escritório do crime"". O papel dos suspeitos seria executar pessoas que atrapalham os negócios das milícias.No final do ano passado, o então secretário de Segurança Pública do Rio de Janeiro Richard Nunes já havia afirmado que uma das suspeitas levantadas na investigação era de que Marielle era vista como uma ameaça aos negócios de grilagem de terras dos milicianos. Mas a motivação do crime continua sendo investigada.Em novembro, a Polícia Federal iniciou apuração de denúncia sobre uma organização criminosa que estaria atrapalhando as investigações do assassinato de Marielle e Anderson.Na época, o então ministro da Segurança Pública Raul Jungmann afirmou que a suposta organização criminosa que tentava obstruir as investigações teria a participação de agentes públicos e milicianos. Como o blog informou, essa investigação deve ser concluída em abril. "	-1
169	O ministro da Casa Civil foi à Câmara para tomar posse. Segundo ele, o presidente tem uma série de alternativas para alterar as regras previdenciárias. O ministro-chefe da Casa Civil, Onyx Lorenzoni, disse nesta sexta-feira (1º) que o texto da proposta de reforma da Previdência que será enviada ao Congresso pelo governo já está pronto e aguarda apenas uma definição do presiden	"""Onyx diz que proposta de reforma da Previdência está pronta e aguarda decisão de Bolsonaro""Ministro da Casa Civil foi à Câmara nesta sexta (1º) para tomar posse como deputado. Segundo ele, o presidente tem uma série de alternativas para alterar as regras previdenciárias. O ministro-chefe da Casa Civil, Onyx Lorenzoni, disse nesta sexta-feira (1º) que o texto da proposta de reforma da Previdência que será enviada ao Congresso pelo governo já está pronto e aguarda apenas uma definição do presidente Jair Bolsonaro.O chefe do Executivo está internado no Hospital Albert Einstein, em São Paulo, se recuperando de uma cirurgia, mas despachando com assessores.A reforma da Previdência é o primeiro grande projeto que o governo Bolsonaro deve enviar ao Congresso. A medida é considerada pela equipe econômica como essencial para sanear as contas públicas, que vêm registrando rombos bilionários.Questionado por repórteres sobre quando o texto da reforma seria concluído, ele respondeu: ""O texto já está pronto, o presidente vai escolher.""""O presidente tem uma série de alternativas que vem estudando. Já combinamos, na próxima semana, vamos dar continuidade [na análise da proposta], quem vai ter a última palavra é o presidente"", complementou Onyx.Deputado reeleito, o ministro da Casa Civil foi à Câmara nesta sexta para tomar posse do sétimo mandato e, posteriormente, vai se licenciar novamente do Legislativo. Para assumir o novo mandato, ele foi exonerado temporariamente da chefia da Casa Civil, mas será nomeado nos próximos dias para o cargo de primeiro escalão.De acordo com o Ministério da Economia, o déficit somado do Instituto Nacional do Seguro Social (INSS), sistema público que atende aos trabalhadores do setor privado, e dos Regimes Próprios dos Servidores Públicos (RPPS) da União, além do sistema dos militares, atingiu R$ 290,297 bilhões em 2018.Na quinta-feira (31), o secretário especial de Previdência do Ministério da Economia, Rogério Marinho, disse que Bolsonaro determinou que a proposta de reforma nas regras de aposentadoria envolva ""todos os segmentos"" da sociedade.O déficit da Previdência Social é o principal fator, na avaliação do governo, que tem gerado rombos bilionários sucessivos nas contas públicas. No ano passado, o déficit primário (despesas maiores do que receitas, sem contar juros da dívida) foi de R$ 120 bilhões. Foi o quinto ano seguido de déficit primário. "	-1
170	Ibama diz que Samarco não pagou nenhuma multa aplicada pelo órgão após desastre em Mariana; Penalidades somam R$ 350,7 milhões; de acordo com o órgão ambiental, empresa insiste em recorrer das multas. Mais de três anos após o rompimento da barragem de Mariana (MG), que deixou 19 mortos, a mineradora Samarco, que tem a Vale como uma de suas controladoras, não pagou nenhuma das 25 multas aplicadas pelo Instituto Brasileiro do Meio Ambiente.	"""Ibama diz que Samarco não pagou nenhuma multa aplicada pelo órgão após desastre em Mariana""Penalidades somam R$ 350,7 milhões; de acordo com o órgão ambiental, empresa insiste em recorrer das multas. Empresa diz que destinou R$ 5,2 bilhões em ações para reparar danos. Mais de três anos após o rompimento da barragem de Mariana (MG), que deixou 19 mortos, a mineradora Samarco, que tem a Vale como uma de suas controladoras, não pagou nenhuma das 25 multas aplicadas pelo Instituto Brasileiro do Meio Ambiente e dos Recursos Naturais Renováveis (Ibama), conforme antecipou o jornal ""O Globo"" nesta terça-feira (29).De acordo com o órgão ambiental, as multas somam R$ 350,7 milhões. O Ibama informou, por meio de nota, que desde a tragédia, a Samarco ""insiste em recorrer"" das multas, mesmo com todas as penalidades confirmadas administrativamente, ""buscando afastar sua responsabilidade pelo desastre"".Procurada, a Samarco informou que até dezembro de 2018 destinou R$ 5,2 bilhões em ações de reparação dos impactos causados pelo rompimento da barragem e que já pagou multa de R$ 45 milhões aplicada pela Secretaria de Estado de Meio Ambiente e Desenvolvimento Sustentável de Minas Gerais (Semad).Sobre as multas aplicadas pelo Ibama e por outros órgãos, a empresa informou que ""há aspectos jurídicos em análise"".A barragem de Fundão abrigava cerca de 56,6 milhões de m³de lama de rejeito. Desse total, 43,7 milhões de m³ vazaram. Os rejeitos atingiram os afluentes e o próprio Rio Doce, destruíram distritos e deixaram milhares de moradores da região sem água e sem trabalho.Até o rompimento da barragem I da Vale, em Brumadinho (MG), o caso de Mariana era considerado o maior desastre ambiental do Brasil. Apenas um mês depois, foram retiradas 11 toneladas de peixes mortos, oito em Minas e três no Espírito Santo. Três anos depois, estes estados ainda sentem os impactos ambientais.A vida após a lama: G1 percorreu caminho do Rio Doce ouvindo relatos de pessoas afetadas pela tragédia de MarianaSegundo o Ibama, além das multas aplicadas, também foram aplicadas 73 notificações com o objetivo de ""exigir a adoção de medidas de regularização e correção de conduta, entre outras ações"".Além de todas as penalidades administrativas, 22 pessoas e quatro empresas respondem na Justiça pelo desastre ambiental provocado pelo rompimento da barragem da Samarco _ 21 delas por homicídio. Até o momento, nenhum dos investigados foi condenado judicialmente pelo caso. "	-1
171	O MPF é favorável à saída de Lula para ir a funeral do neto; governo do PR oferece avião para deslocamento. O MPF é favorável à saída de Lula para ir a funeral do neto. O MPF é favorável à saída de Lula para ir a funeral do neto.	"""MPF é favorável à saída de Lula para ir a funeral do neto; governo do PR oferece avião para deslocamento""Arthur Lula da Silva, de 7 anos, morreu nesta sexta-feira (1º) vítima de meningite meningocócica, em São Paulo. A Justiça não divulgou a decisão sobre o pedido. O Ministério Público Federal deu parecer favorável para a saída do ex-presidente Luiz Inácio Lula da Silva para ir ao funeral do neto Arthur Lula da Silva, de 7 anos, que morreu nesta sexta-feira (1º) vítima de meningite meningocócica, em São Paulo. A informação foi confirmada pela Justiça Federal.O Governo do Paraná informou que colocou o avião do estado à disposição da polícia para Lula se deslocar até o enterro, em São Bernardo dos Campos.O velório do corpo de Arthur começa às 22h desta sexta-feira, no Cemitério Jardim da Colina, em São Bernardo do CampoDe acordo com o governo do Paraná, ""a aeronave foi liberada a pedido da superintendência da Polícia Federal no Paraná"".Um helicóptero da Polícia Civil do Paraná pousou na sede da Polícia Federal por volta das 18h.O processo da execução penal de Lula corre em sigilo desde que a defesa dele pediu para o ex-presidente ser liberado.O pedido feito pela defesa citava o artigo 120 da Lei de Execução Penal, que diz que ""os condenados que cumprem pena em regime fechado ou semiaberto e os presos provisórios poderão obter permissão para sair do estabelecimento, mediante escolta, quando ocorrer falecimento ou doença grave do cônjuge, companheira, ascendente, descendente ou irmão"".Na petição, a defesa de Lula se compromete ""a não divulgar qualquer informação relativa ao trajeto que será realizado"".O ex-presidente está preso em uma sala especial na Polícia Federal (PF) desde 7 de abril de 2018.Neste período, Lula recebeu a visita do neto em duas oportunidades.Em 29 de janeiro, o ex-presidente também pediu para ser liberado, naquela oportunidade, para ir ao funeral do irmão Vavá.Na ocasião, o pedido foi negado pela Justiça Federal, na 1ª instância pela juíza Carolina Lebbos e na 2ª instância pelo desembargador Leandro Paulsen, mas foi aceito pelo STF.A decisão saiu pouco antes de o corpo de Vavá ser sepultado e, por isso, Lula não conseguiu ir ao enterro.Lula cumpre pena de 12 anos e 1 mês determinada pelo TRF4, na primeira condenação dele na segunda instância pela Lava Jato.O ex-presidente foi condenado por corrupção passiva e lavagem de dinheiro no caso do triplex no Guarujá (SP).No dia 6 de fevereiro, o petista também foi condenado em primeira instância a 12 anos e 11 meses de prisão por corrupção e lavagem de dinheiro em ação da Lava Jato sobre sítio de Atibaia.Lula ainda é réu em outro processo da Operação Lava Jato em Curitiba, que apura se ele recebeu vantagens por meio de um apartamento e de um terreno onde seria construída a sede do Instituto Lula. A obra não saiu do papel.Veja mais notícias do estado em G1 Paraná. "	-1
172	"""não há condição"" de o governo intervir para mudar a diretoria da Vale.Após o rompimento da barragem da Vale em Brumadinho (MG), na sext"	"""Onyx diz que não há condição de o governo intervir para mudar diretoria da Vale""Ministro da Casa Civil foi questionado se o governo, um dos acionistas da Vale, agiria para trocar a diretoria após tragédia de Brumadinho. Para ele, gesto seria má sinalização para o mercado.     O ministro da Casa Civil, Onyx Lorenzoni, disse nesta terça-feira (29) que ""não há condição"" de o governo intervir para mudar a diretoria da mineradora Vale.Após o rompimento da barragem da Vale em Brumadinho (MG), na sexta-feira (25), houve o comentário de que o governo, acionista da empresa, pudesse agir para mudar a diretoria. Onyx foi questionado sobre o tema em entrevista coletiva no Palácio do Planalto.""Essa é uma decisão do conselho de administração, e é evidente que nas empresas privadas, em que o governo é apenas um acionista, o papel do acionista é confiar no seu conselho de administração. Não há condição de haver qualquer grau de intervenção [do governo], até porque essa não seria uma sinalização desejável ao mercado"", afirmou o ministro.Ele foi questionado ainda se o governo apoia a atual diretoria ou se vai convocar uma reunião para tratar do assunto. Onyx respondeu que o governo vai esperar as investigações sobre a responsabilidade do rompimento da barragem em Brumadinho.""Temos que aguardar o andamento das investigações. Não cabe ao governo federal apoiar qualquer empresa ou diretoria que não seja da sua administração, como a Petrobras"", completou Onyx.Para o ministro, o governo deve ter a humildade de saber que não pode interferir em tudo.""Governo tem que ter humildade para saber que não pode tudo e prudência, especialmente em um setor econômico que é muito relevante para o nosso país. Tem que haver algo muito importante, que é equilíbrio"", disse Onyx.Além de Onyx, participaram da entrevista coletiva os ministros Ricardo Salles (Meio Ambiente), Bento Albuquerque (Minas e Energia) e Gustavo Canuto (Desenvolvimento Regional). Eles atenderam a imprensa depois de uma reunião no Palácio do Planalto, comandada pelo presidente em exercício, Hamilton Mourão, sobre segurança de barragens.Canuto informou que o país tem cerca de 20 mil barragens cadastradas em órgãos do governo, com diversas finalidades (barragens de mineração, de hidroelétricas, de uso industrial). Dessas, de acordo com o ministro, 3.386 são classificadas com dano potencial associado alto ou risco alto, por isso são prioridade em um trabalho de fiscalização que o governo pretende implementar.O ministro não deu um prazo para quando a fiscalização vai ser concluída.O ministro de Minas e Energia disse que recebeu do governador de Minas Gerais, Romeu Zema, a informação de que a Vale se comprometeu a desativar as barragens construídas pelo método ""alteamento a montante"", como a que rompeu em Brumadinho.Nesse tipo de construção, a barragem cresce por meio de degraus feitos com o próprio rejeito sobre o dique inicial.O método é considerado por especialistas uma opção menos segura e mais propensa a riscos de acidentes, embora seja bastante comum.Segundo Bento Albuquerque, das pouco mais de 200 barragens de resíduos espalhadas pelo país, 70 são deste tipo.""A Vale informou que vai desativar, segundo o governador de Minas Gerais, as suas barragens a montante e a aquilo que não for possível desativar serão feitas barragens de contenção a fim de evitar acidentes como o ocorrido na última sexta feira"", afirmou Bento Lima "	-1
173	Bolsonaro diz que errou no passado ao votar contra mudanças nas aposentadorias. O presidente deu a declaração ao entregar pessoalmente a proposta de reforma da Previdência ao Congresso Nacional, nesta quarta-feira (20). O presidente da República, Jair Bolsonaro, disse nesta quarta-feira (20), ao entregar a reforma da Previdência ao Congresso Nacional, que errou no passado ao votar contra propostas de governos anteriores com mudanças nas regras de aposentadoria. 	"""Bolsonaro diz que errou no passado ao votar contra mudanças nas aposentadorias""Presidente deu a declaração ao entregar pessoalmente a proposta de reforma da Previdência ao Congresso Nacional, nesta quarta-feira (20).  O presidente da República, Jair Bolsonaro, disse nesta quarta-feira (20), ao entregar a reforma da Previdência ao Congresso Nacional, que errou no passado ao votar contra propostas de governos anteriores com mudanças nas regras de aposentadoria.A proposta de emenda à Constituição (PEC) com novas regras para a Previdência é considerada prioridade pela equipe econômica para tentar reequilibrar as contas públicas nos próximos anos. O texto prevê uma idade mínima para aposentadoria e abrange trabalhadores da iniciativa privada e do serviço público.""Nós erramos no passado _ eu errei no passado _ e temos uma oportunidade ímpar de realmente garantir para as futuras gerações uma Previdência onde todos possam receber"", afirmou Bolsonaro na reunião a portas fechadas no gabinete do presidente da Câmara dos Deputados, Rodrigo Maia (DEM-RJ), onde foi feita a entrega do texto.A fala do presidente foi transmitida em rede social pelo deputado Capitão Augusto (PR-SP).Também estavam presentes os ministros Paulo Guedes (Economia) e Onyx Lorenzoni (Casa Civil), além de diversos parlamentares, incluindo o presidente do Senado, Davi Alcolumbre (DEM-AP).Entre os pontos propostos, que terão de ser aprovados por deputados e senadores, a reforma prevê uma idade mínima de aposentadoria de 65 anos para homens e de 62 para mulheres, a ser aplicada após 12 anos de transição.A reforma abrange os trabalhadores do setor privado, que estão no Instituto Nacional do Seguro Social (INSS), e os servidores públicos. No caso da previdência dos militares, o governo enviará ao Congresso em até 30 dias uma proposta de mudança.A proposta também determina que os idosos terão de aguardar até os 70 anos para receber integralmente o Benefício de Prestação Continuada (BPC).A equipe econômica também informou que buscará implementar um regime de capitalização, no qual cada trabalhador financia a própria aposentadoria por depósitos em uma conta individual. Detalhes sobre essa proposta serão apresentados somente no futuro. "	-1
174	PT, PSB, PSOL e Rede Sustentabilidade anunciam a formação de um bloco parlamentar com o objetivo de disputar cargos na Mesa Diretora da Câmara. Juntos, os quatro partidos somam 97 deputados. A eleição da nova Mesa Diretorada Casa será nesta sexta (1º).	"""PT, PSB, PSOL e Rede anunciam bloco para disputar cargos da Mesa Diretora da Câmara""Juntos, os quatro partidos somam 97 deputados, e distribuição de cargos é feita conforme proporção das bancadas. Eleição da nova Mesa Diretora da Casa será nesta sexta (1º). O PT, o PSB, o PSOL e a Rede Sustentabilidade anunciaram nesta quinta-feira (31) a formação de um bloco parlamentar com o objetivo de disputar cargos na Mesa Diretora da Câmara.Juntos, os quatro partidos somam 97 deputados. A eleição da nova Mesa Diretora da Casa está marcada para esta sexta (1º), e o bloco ainda não decidiu se terá um candidato a presidente da Câmara.A distribuição dos cargos da Mesa Diretora e do comando das 25 comissões da Câmara é feita conforme a proporção das bancadas.Pelas regras da Câmara, os blocos apresentados no dia 1º de fevereiro são a base para a divisão dos cargos da Mesa pelos próximos dois anos e servem de parâmetro para a distribuição das vagas nas comissões pela legislatura completa (pelos próximos 4 anos).Mas, ao anunciar a formação do bloco, os partidos informaram que terão autonomia para agir e se posicionar em relação a votações e até mesmo em relação à continuidade no bloco.Oposição ao governo do presidente Jair Bolsonaro, os partidos que anunciaram o bloco nesta quinta-feira deverão manter posições semelhantes em relação a pautas propostas pelo Palácio do Planalto.Pretendem, ainda, atrair PCdoB e PDT, que já declararam apoio à reeleição do atual presidente da Câmara, Rodrigo Maia (DEM-RJ), que conta com o apoio do PSL, partido de Bolsonaro.A Mesa Diretora da Câmara é formada por:De acordo com o site da Câmara, cabe à Mesa dirigir os trabalhos legislativos e os serviços administrativos da Casa.O primeiro vice-presidente, por exemplo, é responsável por elaborar pareceres sobre os requerimentos; o segundo vice, por analisar pedidos de ressarcimento de despesas médicas dos deputados; os secretários são responsáveis por serviços administrativos, relações internacionais e fornecimento de passagens aéreas. "	-1
175	Brasil assina acordo que permite aos EUA lançar satélites da base de Alcântara. Acordo de uso comercial da base foi assinado em Washington e ainda precisa ser aprovado pelo Congresso. Representantes dos governos do Brasil e dos Estados Unidos assinaram nesta segunda-feira (18) em Washington (EUA) um acordo de salvaguar...	"""Brasil assina acordo que permite aos EUA lançar satélites da base de Alcântara""Acordo de uso comercial da base foi assinado em Washington e ainda precisa ser aprovado pelo Congresso. Presidente Bolsonaro está nos EUA para se reunir com Donald Trump. Representantes dos governos do Brasil e dos Estados Unidos assinaram nesta segunda-feira (18) em Washington (EUA) um acordo de salvaguardas tecnológicas (AST) para permitir o uso comercial do centro de lançamento de Alcântara, no Maranhão.Na prática, o acordo prevê que os Estados Unidos poderão lançar satélites e foguetes da base maranhense. O território continuará sob jurisdição brasileira.O acordo foi assinado em uma cerimônia na Câmara Americana de Comércio. Do lado do Brasil, assinaram o acordo os ministros Ernesto Araújo (Relações Exteriores) e Marcos Pontes (Ciência e Tecnologia). O presidente Jair Bolsonaro acompanhou a assinatura.Bolsonaro está em visita oficial aos EUA e terá um encontro nesta terça-feira (19) com o presidente norte-americano Donald Trump.O compromisso entre os países é um dos principais atos previstos para a viagem de Bolsonaro. Até a última atualização desta reportagem, o conteúdo do acordo ainda não havia sido divulgado.Para entrar em vigor, o acordo exige a aprovação do Congresso Nacional, de acordo com o embaixador do Brasil em Washington, Sérgio Amaral.O acordo de salvaguardas tecnológicas entre Brasil e EUA é negociado desde os anos 2000, chegou a ser assinado, porém foi rejeitado pelo Congresso brasileiro. O compromisso tem cláusulas que protegem a tecnologia usada pelos dois países.Na semana passada, Bolsonaro defendeu a assinatura do acordo ao fazer um pronunciamento em uma rede social.Segundo o presidente, o Brasil está ""perdendo dinheiro"" há muito tempo por não explorar a base de forma comercial.Mais cedo, nesta segunda, em um vídeo publicado nas redes sociais, o ministro da Ciência e Tecnologia, Marcos Pontes, também defendeu a medida.Marcos Pontes destacou que o ato respeita a soberania do Brasil, já que a base fica no Maranhão, e que o governo brasileiro buscará firmar acordos com outros países no futuro.""É importante ressaltar, como eu já falei ontem, que isso não fere de maneira nenhuma nossa soberania"", disse.""É um contrato importante, feito naturalmente agora com os EUA e, provavelmente, com outros países em um futuro próximo, também, que nos permita lançar outros foguetes e outras espaçonaves de outros países"", acrescentou.Pontes ainda informou pelas redes sociais que se reuniu com executivos da empresa SpaceX para tratar da possibilidade de lançamentos de satélites da companhia no Brasil.Saiba abaixo todos os acordos assinados entre Brasil e Estados Unidos nesta segunda-feira: "	-1
176	"Marco Aurélio decide nesta sexta se mantém suspensa investigação sobre Flávio Bolsonaro. O ministro Marco Aurélio Mello, do Supremo Tribunal Federal (STF), vai decidir nesta sexta-feira (1º) sobre um pedido do senador eleito Flávio Bolsonaro (PSL-RJ) para suspender as inves tigações relacionadas a movimentações financeiras consideradas ""atípicas"" pelo Conselho de Controle de Atividades Financeiras (Coaf)."	"""Marco Aurélio decide nesta sexta se mantém suspensa investigação sobre Flávio Bolsonaro"" O ministro Marco Aurélio Mello, do Supremo Tribunal Federal (STF), vai decidir nesta sexta-feira (1º) sobre um pedido do senador eleito Flávio Bolsonaro (PSL-RJ) para suspender as investigações relacionadas a movimentações financeiras consideradas ""atípicas"" pelo Conselho de Controle de Atividades Financeiras (Coaf).No dia 17 de janeiro, o ministro Luiz Fux, que estava responsável pelo plantão do STF, decidiu suspender provisoriamente o procedimento investigatório instaurado pelo Ministério Público do Rio de Janeiro para apurar movimentações financeiras de Fabricio Queiroz consideradas ""atípicas"" pelo Coaf. Queiroz é ex-assessor de Flávio Bolsonaro.A decisão de Fux foi tomada em cima de um pedido feito pela defesa de Flávio ao STF. Na solicitação, a defesa requereu ainda que o caso fosse remetido todo para a Corte e que as provas coletadas até aqui fossem anuladas. O ministro suspendeu o caso até que Marco Aurélio decidisse sobre o tema.Em entrevista ao blog há duas semanas, Marco Aurélio indicou que deveria rejeitar o pedido da defesa do senador eleito.Na ocasião, perguntado pela reportagem sobre qual seria o caminho tomado na decisão, Marco Aurélio respondeu: ""O Supremo não pode variar, dando um no cravo outro na ferradura. Processo não tem capa, tem conteúdo. Tenho negado seguimento a reclamações assim, remetendo ao lixo"".Nesta quinta-feira, o ministro repetiu ao blog que decidiria sobre o caso nesta sexta. "	-1
177	O ministro Edson Fachin pede que a PGR avalie arquivamento de inquérito sobre Jucá ou envio à primeira instância. O ministro Edson Fachin, do Supremo Tribunal Federal (STF), pediu que a Procuradoria Geral da República (PGR) se manifeste sobre um possível arquivamento de inquérito envolvendo o ex-senador Romero Jucá (MDB-RR).Relator do inquérito, Fachin pede que a PGR opine sobre o destino que deve ser dado ao inquérito, já que Romero Jucá não é mais senador e, por isso, não possui mais foro privilegizado.	"""Fachin pede que PGR avalie arquivamento de inquérito sobre Jucá ou envio à primeira instância "" O ministro Edson Fachin, do Supremo Tribunal Federal (STF), pediu que a Procuradoria Geral da República (PGR) se manifeste sobre um possível arquivamento de inquérito envolvendo o ex-senador Romero Jucá (MDB-RR).Relator do inquérito, Fachin pede que a PGR opine sobre o destino que deve ser dado ao inquérito, já que Romero Jucá não é mais senador e, por isso, não possui mais foro privilegiado.O ministro dá três possibilidades para que a PGR se posicione sobre o caso: se o inquérito deve ser arquivado; se deve ser enviado à primeira instância; ou se as investigações devem continuar sob a supervisão do STF.Em outubro de 2018, a PGR reforçou pedido de prorrogação do inquérito que investiga se o ex-senador teria recebido cerca de R$ 10 milhões em propina da Odebrecht e da Andrade Gutierrez para beneficiar empresas na licitação do Projeto Madeira (Usina Hidrelétrica de Santo Antônio).Na ocasião, o ministro Edson Fachin concedeu o pedido feito pela PGR e prorrogou o inquérito por mais 60 dias. Jucá sempre negou as acusações feitas contra ele no inquérito. "	-1
178	Lava Jato: PF indicia operador ligado ao PSDB por organização criminosa e lavagem de dinheiro. Preso na 60ª fase da operação, Paulo Vieira de Souza foi transferido de São Paulo para Curitiba na terça-feira (13); ele ficou em silêncio no interrogatório. 	"""Lava Jato: PF indicia operador ligado ao PSDB por organização criminosa e lavagem de dinheiro""Preso na 60ª fase da operação, Paulo Vieira de Souza foi transferido de São Paulo para Curitiba na terça-feira (13); ele ficou em silêncio no interrogatório. A Polícia Federal (PF) em Curitiba indiciou nesta quinta-feira (14) Paulo Vieira de Souza, operador financeiro ligado ao PSDB, por organização criminosa e lavagem de dinheiro.Ele foi preso em fevereiro na deflagração da 60ª fase da Operação Lava Jato, batizada ""Ad Infinitum"". Souza foi transferido de São Paulo para a Superintendência da PF em Curitiba na quarta-feira (13).O G1 tenta contato com a defesa dele.Conforme a PF, as provas conseguidas ao longo da investigação ""apontam firmemente a participação do investigado no esquema criminoso descortinado"".Nesta quarta, o operador financeiro foi interrogado pelos policiais, mas preferiu ficar em silêncio quando perguntado sobre a investigação.De acordo com o procurador do MPF Roberson Henrique Pozzobon, Paulo Vieira de Souza mantinha um apartamento somente para guardar o dinheiro. Segundo o procurador, o operador tinha cerca de R$ 100 milhões em espécie em dois apartamentos em São Paulo, o dobro de dinheiro achado no apartamento usado por Geddel Vieira Lima, ex-ministro e ex-deputado federal.Paulo Vieira de Souza é apontado como peça-chave na lavagem de milhões de reais em favor da Odebrecht. Questionado sobre a origem do dinheiro repassado pelo operador à Odebrecht, o procurador explicou que os valores eram de ""múltiplos esquemas criminosos"".No dia da prisão de Paulo Vieira de Souza, o PSDB afirmou que não mantém qualquer tipo de vínculo com o operador e que ""jamais recebeu qualquer contrapartida de empresas nem autorizou terceiros a fazê-lo em seu nome"".Veja mais notícias do estado no G1 Paraná."	-1
179	"""Saisb o que está em jogo na disputa pela presidência da Câmara e do Senado. Eleições para o comando das casas legislativas nos próximos dois anos serão realizadas nesta sexta-feira. Entre as atribuições dos presidentes, está a de definir pautas de votação. Com poder de definir as pautas e o ritmo de votação, os futuros presidentes da Câmara dos Deputados e do Senado terão papel decisivo para a aprovação de medidas consideradas prioritárias pelo governo Jair Bolsonaro, como a reforma da Previdência."""	"""Saiba o que está em jogo na disputa pela presidência da Câmara e do Senado""Entre as atribuições dos presidentes, está a de definir pautas de votação. Eleições para o comando das casas legislativas nos próximos dois anos serão realizadas nesta sexta-feira. Com poder de definir as pautas e o ritmo de votação, os futuros presidentes da Câmara dos Deputados e do Senado terão papel decisivo para a aprovação de medidas consideradas prioritárias pelo governo Jair Bolsonaro, como a reforma da Previdência Social.As eleições estão marcadas para esta sexta-feira (1º). E, dependendo do resultado, servirão de indicativo do grau de dificuldade que o governo poderá enfrentar no Congresso para conseguir aval a suas propostas nos próximos dois anos.Os postos também são considerados estratégicos porque, entre as atribuições dos presidentes, está a de decidir sobre a abertura de comissões parlamentares de inquérito, as CPIs, que podem, conforme o assunto, causar desgaste ao Palácio do Planalto.No caso do presidente da Câmara, também compete a ele a abertura de processos de impeachment de presidentes da República.Os eleitos ocuparão ainda um lugar na linha sucessória da Presidência da República. O presidente da Câmara é o segundo na sucessão. O do Senado, o terceiro.No Senado, poderá haver um número recorde de candidatos a presidente da Casa desde a redemocratização.Entre pré-candidatos declarados e cotados para o comando do Senado, nove são cogitados para a disputa da eleição:Na Câmara, o atual presidente, Rodrigo Maia (DEM-RJ), tenta a reeleição. A tendência é que ele dispute a presidência com os deputados: Tanto na Câmara quanto no Senado os parlamentares podem se candidatar e podem desistir da candidatura até momentos antes da votação. Por isso, o número de candidatos pode mudar.Veja os principais pontos que estão em jogo nas eleições da Câmara e do Senado:As pautas de votação são definidas, em tese, em conjunto com os líderes dos partidos, mas a palavra final sobre o que será analisado no plenário fica com os presidentes da Câmara e do Senado.Em razão disso, o nível de entrosamento e a afinidade ideológica com o governo federal são importantes para o Executivo, porque podem facilitar ou dificultar a aprovação de projetos de interesse do Planalto.Exemplo disso é a tramitação das medidas provisórias, que pode ser impactada pelo ritmo de votação. Editadas pelo presidente da República, as MPs entram em vigor imediatamente, mas precisam ser aprovadas em até 120 dias pelo Congresso sob risco de perderem a validade.Os presidentes da Câmara e do Senado têm a prerrogativa de indicar deputados e senadores para as relatorias de projetos analisados diretamente em plenário.No caso da Câmara, o presidente também indica o comando de comissões especiais, como as destinadas à análise de propostas de emenda à Constituição (PECs).O presidente da Câmara é o segundo na linha sucessória da Presidência da República. Se o presidente Jair Bolsonaro e o vice, Hamilton Mourão, estiverem fora do país ou afastados por problemas de saúde, por exemplo, o deputado que estiver no comando da Câmara nos próximos dois anos assumirá a Presidência da República.O presidente do Senado é o terceiro na linha sucessória do Executivo. Ele também ocupa a cadeira de presidente do Congresso Nacional, órgão formado por Câmara e o Senado.Cabe ao Congresso, por exemplo, votar matérias como o orçamento anual da União e a liberação de créditos adicionais aos ministérios.Além do poder político, os presidentes da Câmara e do Senado detêm ainda a gestão de orçamentos bilionários. Em 2019, a cifra total atingirá R$ 10,8 bilhões.Parte desses recursos será destinada ao pagamento de servidores efetivos e comissionados que assessoram os parlamentares e mantêm as casas funcionando.Os presidentes de Câmara e Senado também têm direito a ocupar as residências oficiais, que são vizinhas e ficam às margens do Lago Paranoá, em uma das áreas mais valorizadas de Brasília.Os presidentes da Câmara e do Senado também têm à disposição carro oficial e podem solicitar o uso de jatos da Força Aérea Brasileira (FAB) para deslocamentos a serviço, por motivos de segurança e emergência médica, e para os estados em que possuem residência permanente.Por questão de segurança, os presidentes andam sempre escoltados por policiais legislativos federais. "	-1
180	"""Política precisa compreender de que forma o presidente pretende se relacionar com o Parlamento, defendeu o presidente da Câmara, para que possa votar a Reforma da Previdência. O presidente da Câmara dos Deputados, Rodrigo Maia (DEM), afirmou nesta terça-feira (26), em São Paulo, que o presidente da República, Jair Bolsonaro (PSL), precisa construir uma aliança com os partidos políticos para formar u"	"""Maia afirma que Bolsonaro está refém do discurso de campanha e cobra interlocução com Congresso ""Política precisa compreender de que forma o presidente pretende se relacionar com o Parlamento, defendeu o presidente da Câmara, para que possa votar a Reforma da Previdência. O presidente da Câmara dos Deputados, Rodrigo Maia (DEM), afirmou nesta terça-feira (26), em São Paulo, que o presidente da República, Jair Bolsonaro (PSL), precisa construir uma aliança com os partidos políticos para formar uma base no Congresso, caso deseje governar com o apoio dos parlamentares e votar reformas importantes, como a da Previdência.Maia participou de um evento com investidores e CEOs do mercado financeiro, promovido por um banco, em que defendeu que a Câmara tenha uma agenda de votações para 2019 que vá além da reforma da previdência, contemplando outros setores, como infraestrutura, a área tributária e até mesmo uma nova reestruturação administrativa da Câmara.Ao falar sobre a formação da base aliada do governo no Congresso, Maia defendeu uma posição mais ativa de Bolsonaro frente aos parlamentares. Ele quer saber como o presidente pretende construir alianças e se pretende governar com ou sem o apoio dos partidos.""O problema é que o presidente (Bolsonaro), ele está refém do discurso dele de campanha. A sociedade pós eleição gerou muita expectativa do governo do presidente Bolsonaro de que nós teríamos aí um novo país. Só que as mudanças não são tão rápidas em um país democrático. Quando eu falo que ele (Bolsonaro) precisa decidir se ele vai governar como manda a Constituição, quer dizer, junto com o Parlamento, eu não estou aqui dizendo que tem que nomear um assessor de ninguém"", disse Maia, ao ser questionado sobre a forma como o governo está lidando para a formação da base aliada.""O que os partidos querem saber é qual tipo de aliança o governo pretende construir para os 4 anos com aqueles que vão dar sustentação para a votação de projetos importantes mas polêmicos, e difíceis e com uma grande rejeição ainda na sociedade"", completou Maia.""A questão mais importante é: qual é a aliança que ele vai construir? E a gente não pode continuar nesta discussão, do meu ponto de vista, do que é a velha o que eu a nova política. Tem a política e o Parlamento é o ambiente mais importante do diálogo "", salientou o presidente da Câmara, ao afirmar que não teria, atualmente, os votos necessários para a aprovação da reforma da previdência.Em 18 de fevereiro, o ministro da Secretaria-Geral da Presidência, Gustavo Bebianno, deixou o cargo, após uma polêmica envolvendo os filhos de Bolsonaro. Até então, era Bebianno e o ministro-chefe da Casa Civil, Onyx Lorenzoni, que faziam a articulação com o Congresso.Maia defendeu uma posição mais dura de Bolsonaro em relação ao Parlamento.""A política precisa compreender de que forma o presidente Bolsonaro pretende se relacionar com o Parlamento, até porque nós também temos nossos eleitores que também nos demandam nos nossos estados. A questão é construir uma aliança. A gente não pode criminalizar a política em todos os momentos"", cobrou Maia.""De fato, ele (Bolsonaro) precisa organizar a política. Quem organiza a política no Brasil é o presidente da República e ele precisa entender, ver e organizar a política. Não é uma crítica, mas é um tema importante pra ele (Bolsonaro) ele faça"", disse.Quando questionado sobre quantos parlamentares o governo possui em sua base aliada atualmente, Maia desconversou, afirmando que o Executivo ainda está ""construindo"" sua estrutura de apoio e que pretende levar todos os partidos de centro-direita para esta coalizão.""O governo está construindo a base, ela está em formação. Hoje o governo só tem o PSL na base da Câmara. Não adianta eu, para querer ajudar, colocar o DEM na base se, num quadro polarizado, o DEM sozinho não vai resolver o problema do governo. A gente precisa trazer 10, 12 partidos juntos para que a gente tenha musculatura para dizer que agora nós temos condição de não só aprovar a reforma da previdência. Ir sozinho para a base do governo hoje é uma precipitação, um erro. Ou a gente traz todos os partidos de centro-direita, ou a desorganização só será maior nos próximos meses"", acrescentou o parlamentar.O presidente da Câmara defendeu que a reforma da previdência só será ganha se as redes sociais forem usadas para atingir ""a emoção"" da população. ""A decisão de voto não é racional, em de sentimento, a gente vota pela sensação que temos deste tema"", disse ele, salientando que os novos deputados que foram eleitos em 2018 para integrar a Casa, ainda sem experiência política, estão trazendo um novo entusiasmo para deputados mais antigos.Na Câmara, Maia espera colocar em votação a reforma no início ou na primeira quinzena de junho deste ano.""Se fosse botar na Comissão de Constituição e Justiça (CCJ) hoje (a reforma da previdência) eu acho que perdia ou não votaria, pois a maioria dos deputados iria obstruir para não votar"", disse ele. ""Eu espero que até o início de junho, primeira quinzena de junho, a gente está pronto pra votar"", afirmou.""Este debate de data não é importante"", disse, defendendo que ""um mês a mais, um mês a menos"" não faria diferença para a votação de um projeto que pretende gerar mudanças em um prazo de 10 anos. "	-1
181	Fachin encerrou nesta quinta-feira (28) a fase de coleta de provas sobre a delação da J&amp;F e determinou que Delatore e PGR devem se manifestar. O ministro Luiz Edson Fachin, relator da Operação Lava Jato no Supremo Tribunal Federal (STF), deve julgar ainda em 2019 a validade das colaborações e o destino das provas entregues pelos delatore.	"""Fachin encerra coleta de provas sobre delação da J&F e ordena manifestação final sobre caso""Delatores e PGR devem se manifestar. Supremo Tribunal Federal deve julgar ainda em 2019 a validade das colaborações e o destino das provas entregues pelos delatores. O ministro Luiz Edson Fachin, relator da Operação Lava Jato no Supremo Tribunal Federal (STF), encerrou nesta quinta-feira (28) a fase de coleta de provas o procedimento sobre a validade da delação de executivos do grupo J&amp;F e determinou que delatores e Procuradoria-Geral da República (PGR) enviem manifestação final sobre o caso.Na decisão, Fachin rejeitou pedidos de novas provas tanto da PGR quanto dos colaboradores. ""Não há, no entender desta relatoria, diligências complementares a deferir. Ademais, o procedimento de oitiva das testemunhas se encontra levado a efeito. Considero, assim, encerrada a instrução"", decidiu.Segundo ele, após providências administrativas que devem ser tomadas, o processo deve ser remetido para a Procuradoria para entrega em alegações finais em até 15 dias, ou seja, o posicionamento definitivo após a coleta das provas e depoimentos. Depois, os colaboradores terão 15 dias para se manifestar. O caso, então, estará liberado para julgamento em plenário.Em setembro de 2017, a PGR _ na gestão de Rodrigo Janot _ pediu a revogação dos acordos de quatro executivos (Joesley Batista, Wesley Batista, Francisco de Assis e Ricardo Saud), por suposta omissão. Eles teriam deixado de informar sobre suposta orientação do ex-procurador Marcelo Miller quando ele ainda integrava o MP.Depois de assumir a PGR, Raquel Dodge reiterou o pedido para anulação dos acordos.O Supremo Tribunal Federal deve julgar ainda em 2019 a validade das colaborações e o destino das provas entregues pelos delatores. Eles negam qualquer tipo de omissão ou irregularidade e afirmam que colaboraram efetivamente com a Justiça. "	-1
182	Maia quer instalação da CCJ na próxima semana para acelerar análise da PEC da Previdência. Comissão é primeira etapa de tramitação da proposta de mudança nas regras previdenciárias. Instalação permitirá que deputados iniciem a análise do texto enviado pelo governo.	"""Maia quer instalação da CCJ na próxima semana para acelerar análise da PEC da Previdência""Comissão é primeira etapa de tramitação da proposta de mudança nas regras previdenciárias. Instalação permitirá que deputados iniciem a análise do texto enviado pelo governo. O presidente da Câmara, Rodrigo Maia (DEM-RJ), afirmou nesta quarta-feira (20) que vai determinar que a Comissão de Constituição e Justiça (CCJ) da Casa seja instalada na próxima terça-feira (26). A instalação da comissão, a eleição do presidente do colegiado e a indicação dos integrantes vai viabilizar o início do processo de tramitação da proposta da reforma da Previdência.Pelas regras regimentais, a matéria passará primeiro pela CCJ da Câmara, que analisará se o texto fere algum princípio constitucional. Nesta etapa, não é analisado o mérito do texto.A Proposta de Emenda à Constituição (PEC) foi entregue pessoalmente ao Congresso Nacional na manhã desta quarta pelo presidente Jair Bolsonaro. Entre outros pontos, a PEC prevê idade mínima de aposentadoria para homens e mulheres e unificação das alíquotas de contribuição para servidores públicos e trabalhadores da iniciativa privada até o teto do Instituto Nacional do Seguro Social (INSS).""Eu vou determinar que a Câmara, na próxima terça-feira, instale, pelo menos, a Comissão de Constituição e Justiça, para que a gente possa começar o trabalho. Com calma, mas respeitando o regimento"", declarou Maia.O presidente da Câmara defendeu que a proposta da reforma da Previdência seja aprovada até o final do primeiro semestre.Se a CCJ aprovar a constitucionalidade do texto, será criada uma comissão especial formada por deputados para discutir o mérito da proposta. Depois, se a PEC for aprovada pelo colegiado, seguirá para votação no plenário da Câmara, onde precisará do apoio de, pelo menos, 308 dos 513 votos em dois turnos de votação.De acordo com Maia, o fato de Bolsonaro ter ido ao Congresso pessoalmente para entregar a proposta de mudança nas regras previdenciárias ajuda a organizar um ambiente de diálogo entre a Câmara e o governo.Veja o passo a passo da tramitação: "	-1
183	A senadora Simone Tebet (MDB-MS) foi eleita nesta quarta-feira (13) presidente da Comissão de Constituição e Justiça (CCJ) do Senado, a principal da Casa. Divisão das comissões foi anunciada nesta terça (12); veja lista. A senadora Simone Tebet (MDB-MS) foi eleita nesta quarta-feira (13) presidente da Comissão de Constituição e Justiça (CCJ) do Senado, a principal da Casa. 	"""Senado elege presidentes de comissões: Simone Tebet fica com CCJ; Omar Aziz, com a CAE""Próxima ao presidente do Senado, Davi Alcolumbre (DEM-AP), Simone conduzirá trabalhos da principal comissão da Casa. Divisão das comissões foi anunciada nesta terça (12); veja lista. A senadora Simone Tebet (MDB-MS) foi eleita nesta quarta-feira (13) presidente da Comissão de Constituição e Justiça (CCJ) do Senado, a principal da Casa. Jorginho Mello (PR-SC) foi escolhido vice-presidente.Disputada pelos partidos, a CCJ é considerada a comissão mais importante do Senado por ser a responsável pela análise dos principais projetos que tramitam na Casa.É o caso de propostas de emenda à Constituição (PEC), como a reforma da Previdência, e projetos que fazem alterações na legislação penal.No primeiro discurso como nova presidente da CCJ, Simone Tebet afirmou que não haverá ""hierarquia"" entre os senadores na comissão e que não vai ""segurar"" nem ""engavetar"" projetos.Em entrevista, depois da eleição, Simone Tebet afirmou que a CCJ é o ""coração do Senado"" e que a comissão vai debater todos os projetos relevantes que serão encaminhados pelo Executivo.""Diante de um novo governo, diante de uma série de pautas prioritárias para o país, querendo ou não, votando a favor ou não, nós vamos enfrentar todos os projetos relevantes vindos do Executivo ou de qualquer senador"", disse.""Portanto, a reforma da Previdência, o projeto que vai ser encaminhado em momento oportuno pelo ministro Sérgio Moro, a pauta de combate à violência, qualquer projeto ligado a desenvolvimento nacional e regional, e a pauta de políticas públicas e sociais, qualquer projeto que venha terá prioridade, relevância, na medida do que for considerado urgente para o país"", acrescentou.Simone Tebet tentou disputar a presidência do Senado, mas o MDB indicou Renan Calheiros para o posto, e ela acabou apoiando a candidatura de Davi Alcolumbre.Também nesta quarta-feira, Omar Aziz (PSD-AM) foi eleito presidente da Comissão de Assuntos Econômicos (CAE), outra comissão muito disputada no Senado. Plínio Valério (PSDB-AM) foi escolhido vice-presidente.Cabe à CAE, entre outras atribuições, analisar concessões de empréstimos, dar parecer sobre projetos na área econômica e sabatinar indicados para a presidência do Banco Central.Em um dos primeiros atos como novo presidente da CAE, Omar Aziz marcou para o 26 de fevereiro a sabatina de Roberto Campos Neto, indicado pelo presidente Jair Bolsonaro para presidir o Banco Central. Cabe ao Senado aprovar indicações para a instituição.Saiba os novos presidentes e vice-presidentes das demais comissões temáticas do Senado (2019-2020):Presidente: Romário (Pode-RJ)Vice-presidente: Selma Arruda (PSL-MT)Presidente: Marcos Rogério (DEM-RO)Vice-presidente: Wellington Fagundes (PR-MT)Presidente: Dário Berger (MDB-SC)Vice-presidente: Flávio Arns (Rede-PR)Presidente: Paulo Paim (PT-RS)Vice-presidente: Telmário Mota (PROS-RR)Presidente: Soraya Thronicke (PSL-MS)Vice-presidente: Luis Carlos Heinze (PP-RS)Presidente: Fabiano Contarato (Rede-ES)Vice-presidente: Jaques Wagner (PT-BA)Presidente: Nelsinho Trad (PSD-MS)Vice-presidente: Marcos do Val (PPS-ES)Presidente: Romário (Pode-RJ)Vice-presidente: Styvenson Valentim (Pode-RN)Presidente: Soraya Thronicke (PSL-MS)Vice-Presidente: Luis Carlos Heinze (PP-RS)Nesta terça (12), o presidente do Senado, Davi Alcolumbre (DEM-AP), anunciou a divisão das comissões. Saiba abaixo: "	-1
184	Governo pretende entregar proposta de reforma da previdência dos militares até as 16h. Bolsonaro se reúne desde a manhã com o ministro da Defesa e com os comandantes das Forças Armadas para definir os detalhes finais da proposta. Câmara espera o texto para começar a analisar pacote de mudanças nas aposentadorias das demais categorias.	"""Governo pretende entregar proposta de reforma da previdência dos militares até as 16h""Bolsonaro se reúne desde a manhã com o ministro da Defesa e com os comandantes das Forças Armadas para definir os detalhes finais da proposta. Câmara espera o texto para começar a analisar pacote de mudanças nas aposentadorias das demais categorias. O governo pretende entregar o texto da reforma da previdência dos militares ao Congresso até as 16h desta quarta-feira (20), segundo integrantes de uma reunião para definir os detalhes finais da proposta que acontece desde a manhã no Palácio do Alvorada, residência oficial do presidente Jair Bolsonaro.Num primeiro momento, o encontro foi mais amplo. Além do presidente, do ministro da Defesa, Fernando de Azevedo e Silva, e dos comandantes das Forças Armadas, participaram técnicos do ministério da Economia. Depois, o número de participantes foi reduzido. Bolsonaro e Azevedo permanecem reunidos.O governo já havia entregue ao Congresso a Proposta da Emenda à Constituição (PEC) da reforma da Previdência, mas as mudanças nas regras para os militares ficaram de ser enviadas até esta quarta-feira, em um projeto separado.O Ministério da Defesa preparou uma proposta, mas aguardava o retorno de Bolsonaro da viagem aos Estados Unidos para acertar os últimos pontos antes de submetê-lo ao Congresso. Como o retorno estava previsto para esta quarta-feira, especulava-se que o prazo poderia não ser cumprido. Mas, segundo fontes que participam da reunião, o texto estará nas mãos dos deputados ainda esta tarde.Os integrantes da Constituição de Constituição e Justiça da Câmara, primeiro órgão a analisar os textos, aguardam a chegada do projeto sobre os militares para começar a analisar o pacote da Previdência.Declarações do presidente da Câmara dos Deputados, Rodrigo Maia, a respeito proposta feita pelas Forças Armadas repercutiram mal entre os militares. Na avaliação de generais que compõem o governo, Maia deu a entender que as Forças Armadas têm um comportamento aproveitador.""Sempre estivemos cumprindo missão nos navios e submarinos; nas fronteiras, da Amazônia até os Pampas. Cuidando do espaço aéreo brasileiro"", afirmou o ministro da Defesa, Fernando Azevedo. ""Nós não temos tempo para estar no início nem no final de festas"", completou sobre a afirmação de Maia.Ontem, ao comentar a proposta enviada pelas Forças Armadas, Maia disse: ""O problema é que nós estamos no fim da festa, o Brasil quebrou, e eles estão querendo entrar nessa festa no finalzinho, quando já está amanhecendo, a música já está acabando e não tem ninguém para dançar"".A principal crítica de Maia se deu à proposta dos militares de manterem a paridade e a integralidade dos salários na aposentadoria para aqueles que ingressarem no sistema. O presidente da Câmara acha que para os novos quadros das Forças Armadas o regime deve ser o INSS, o mesmo dos demais brasileiros e o que funcionará para os novos servidores civis.Os militares alegam que a carreira tem especificidades, como em qualquer lugar do mundo. Portanto, eles não poderiam estar submetidos ao mesmo sistema dos civis. Por exemplo, não têm hora extra, adicional noturno e também perderam o auxílio moradia durante o governo Fernando Henrique Cardoso. Alegam ainda que a categoria teve a reposição salarial abaixo da inflação no governo tucano e que, atualmente, possui um dos salários mais baixos da Esplanada _ um general recebe menos de R$ 20 mil enquanto na diplomacia ou na Receita Federal um servidor pode ganhar cerca de R$ 30 mil.Causou estranhamento também entre as Forças Armadas o fato de Maia ter se mostrado sensível à demanda dos militares, mas depois ter dado a declaração polêmica. Militares destacaram que, apesar de certo desincentivo para ingressar na carreira atualmente _ e da perda de talentos _, as Forças Armadas cumprem sua missão, ""inclusive no Rio de Janeiro"", onde houve a intervenção federal no ano passado e é terra de Rodrigo Maia.Hoje o presidente Jair Bolsonaro se encontra com os comandantes das Forças e com Azevedo para definir o texto que deve ser enviado para a Câmara dos Deputados ainda nesta tarde. "	-1
185	Equipe econômica em alerta com posição precoce de abrir mão de pontos da reforma da Previdência. Integrantes da equipe econômica demonstraram preocupação com as afirmações do presidente Jair Bolsonaro de abrir mão precozmente de pontos da reforma da Previdência, especialmente a redução da idade mínima para mulheres de 62 para 60 anos. Até mesmo articuladores políticos do governo e parlamentares empenhados em ajudar na aprovação da nova Previdência ficaram em alerta com a sinalização de Bolsonaro.	"""Equipe econômica em alerta com posição precoce de abrir mão de pontos da reforma da Previdência"" Integrantes da equipe econômica demonstraram preocupação com as afirmações do presidente Jair Bolsonaro de abrir mão precocemente de pontos da reforma da Previdência, especialmente a redução da idade mínima para mulheres de 62 para 60 anos.Até mesmo articuladores políticos do governo e parlamentares empenhados em ajudar na aprovação da nova Previdência ficaram em alerta com a sinalização de Bolsonaro.Toda a lógica de uma negociação é que se tenha uma ""gordura para queimar"". Mas essa posição precoce fará com que haja uma pressão para que o governo ceda mais do que estava imaginando.Para um integrante da articulação política, essa cartada só deveria ser apresentada na fase final da tramitação para conseguir os votos necessários para aprovar a reforma.Já a equipe econômica verbaliza que terá que ser apresentada uma compensação para a redução da idade mínima para as mulheres para manter o esforço fiscal de cerca de R$ 1 trilhão no prazo de 10 anos. "	-1
186	O presidente da Venezuela, Nicolás Maduro, cumpriu o anúncio feito horas antes e fechou na noite desta quinta-feira (21) a fronteira do país com o Brasil por tempo indeterminado. O Globo dá destaque ao assunto em sua manchete e afirma que Maduro decidiu fechar a fronteira para evitar o envio de ajuda hum	"""Maduro manda blindados e fecha fronteira; Funcionalismo ameaça ir à Justiça contra alta de contribuição. Jornais de sexta (22)""Veja quais são as notícias de destaque nos matutinos brasileiros\n O presidente da Venezuela, Nicolás Maduro, cumpriu o anúncio feito horas antes e fechou na noite desta quinta-feira (21) a fronteira do país com o Brasil por tempo indeterminado. O Globo dá destaque ao assunto em sua manchete e afirma que Maduro decidiu fechar a fronteira para evitar o envio de ajuda humanitária pelos Estados Unidos e por países vizinhos, incluindo o Brasil.Para o presidente venezuelano, a ajuda é uma interferência externa na política do país. Após o anúncio de fechamento da fronteira, venezuelanos foram para Pacaraima (RR) em busca de mantimentos. ""Maduro fecha fronteira com o Brasil"", sublinha a manchete do Globo.O Estado de S.Paulo também dá destaque ao fechamento da fronteira e afirma que o governo brasileiro já disponibilizou um estoque de alimentos e remédios para transporte à Venezuela. A ajuda humanitária está prevista para acontecer neste sábado (23) e foi mantida mesmo após o fechamento da fronteira.O vice-presidente Hamilton Mourão afirmou que o Brasil não entrará na Venezuela ""em hipótese alguma"" e o porta-voz do presidente Jair Bolsonaro, Otávio Rêgo Barros, informou que a ação de ajuda humanitária terá como limite a faixa de fronteira entre os dois países. ""Maduro fecha fronteira; Brasil mantém ajuda humanitária"", destaca o título principal do Estadão.Em sua manchete, a Folha de S.Paulo destaca que a previsão de aumento da alíquota de contribuição previdenciária inserida na proposta de reforma da Previdência pelo governo não agradou as associações de servidores que ganham altos salários. Pelo projeto entregue pelo governo, a contribuição previdenciária pode chegar a 22% no caso de servidores com grandes remunerações.A Associação Nacional dos Magistrados da Justiça do Trabalho (Anamatra) afirmou que pode ir ao Supremo Tribunal Federal (STF) se as alíquotas se confirmarem nesses termos. Para algumas associações, a cobrança de uma alta alíquota corresponderia a um confisco.A Folha lembra que, no passado, o STF já suspendeu ato do ex-presidente Fernando Henrique Cardoso que havia determinado alíquotas maiores para servidores. ""Funcionalismo ameaça ir à Justiça caso alíquota suba"", destaca a manchete da Folha. "	-1
187	Governo estuda medidas para endurecer regras de licenciamento e fiscalização de barragens, informa o repórter Nilson Klava, da GloboNews. Uma das medidas estudas é exigir das empresas que contratem seguros de danos pessoais e danos ambientais, além de exigir a contratatação de auditorias independentes que se sujeitem à legislação brasileira.	"""Governo estuda medidas para endurecer regras de fiscalização e licenciamento de barragens"" Depois da tragédia em Brumadinho (MG), o governo estuda medidas para endurecer regras de licenciamento e fiscalização de barragens, informa o repórter Nilson Klava, da GloboNews.Uma das medidas estudas é exigir das empresas que contratem seguros de danos pessoais e danos ambientais, além de exigir a contratação de auditorias independentes que se sujeitem à legislação brasileira. Dessa forma, as próprias seguradoras poderiam ajudar a pressionar as empresas pela fiscalização.A ideia de mudanças na política nacional de segurança de barragens foi defendida abertamente pelo ministro do Desenvolvimento Regional, Gustavo Canuto. Os ministros do Gabinete de Segurança Institucional, Augusto Heleno, e da Advocacia-Geral da União (AGU), André Mendonça, também fizeram a defesa do protocolo de concessão de licenciamento de barragens.O governo ainda estuda formas de transferência de recursos para o governo de Minas Gerais. Depois da decretação de calamidade pública em Brumadinho, há a hipótese de transferência direta para região. Outro meio é a antecipação de pagamentos a moradores da região.Algumas possibilidades são liberação de saque do Fundo de Garantia do Tempo de Serviço (FGTS), pagamento de bônus do Bolsa Família, antecipação do décimo terceiro e pagamento de indenização a quem tinha como principal fonte de renda uma atividade inviabilizada pela tragédia. "	-1
188	Barroso envia ação penal de Agripino Maia para Justiça Federal do RN. Ex-senador é réu em ação penal por corrupção passiva e lavagem de dinheiro. Segundo a PGR, Agripino perdeu o foro privilegiado, uma vez que não foi reeleito. Caso vai à primeira instância.	"""Barroso envia ação penal de Agripino Maia para Justiça Federal do RN""Ex-senador é réu em ação penal por corrupção passiva e lavagem de dinheiro. Segundo a PGR, Agripino perdeu o foro privilegiado, uma vez que não foi reeleito. Caso vai à primeira instância. O ministro Luís Roberto Barroso, do Supremo Tribunal Federal (STF), enviou para a primeira instância uma ação penal por corrupção passiva e lavagem de dinheiro em que é réu o ex-senador Agripino Maia, do Democratas.A decisão do ministro, publicada nesta terça-feira (19), foi tomada a pedido da Procuradoria-Geral da República (PGR), sob o argumento de que Agripino não foi reeleito e perdeu o foro privilegiado _ o direito de ser julgado pelo STF.Agripino Maia é acusado de suposto desvio de dinheiro público na construção da Arena das Dunas, em Natal, investigação desdobramento da Operação Lava Jato.Segundo Barroso, trata-se de senador não reeleito, ""razão pela qual não subsiste a prerrogativa de foro perante o Supremo"".Agora, o processo deve ter continuidade em uma Vara Criminal da Justiça Federal do Rio Grande do Norte. Devem ser coletadas provas e ouvidas testemunhas e, ao final, Agripino poderá ser considerado culpado ou inocente.A denúncia foi aceita pela Primeira Turma do STF em 12 de dezembro de 2017. À época, ele afirmou ser inocente e pediu ao STF urgência no julgamento.Segundo a PGR, Agripino teria recebido mais de R$ 654 mil em sua conta pessoal, entre 2012 e 2014, da construtora OAS. A pedido do senador, a empreiteira também teria doado R$ 250 mil ao DEM em troca de favores de Agripino.A acusação diz que ele teria ajudado a OAS a destravar repasses do BNDES para construir a Arena das Dunas, estádio-sede da Copa do Mundo em Natal.A ajuda teria ocorrido na suposta interferência para que o Tribunal de Contas do Rio Grande do Norte deixasse de informar ao BNDES eventuais irregularidades no projeto executivo da obra. Essa era uma condição para o repasse do empréstimo.Mais tarde, em 2016, o Tribunal de Contas do Estado (TCE) constatou sobrepreço de R$ 77 milhões na construção do estádio. "	-1
189	"Presidente Jair Bolsonaro mencionou a capacidade econômica e bélica dos Estados Unidos ao defender que a ""questão da Venezuela"" seja resolvida. Presidente Jair Bolsonaro mencionou a capacidade econômica e bélica dos Estados Unidos ao defender que a ""questão da Venezuela"" seja resolvida. "	"""Bolsonaro cita capacidade bélica dos EUA ao dizer que é preciso resolver questão da Venezuela""Presidente deu declaração ao discursar no \""Dia do Brasil em Washington\"", na Câmara de Comércio. Venezuela enfrenta crise política, e Brasil e EUA não reconhecem governo Maduro. O presidente Jair Bolsonaro mencionou nesta segunda-feira (18) a capacidade econômica e bélica dos Estados Unidos ao defender que a ""questão da Venezuela"" seja resolvida.Bolsonaro deu a declaração ao discursar no ""Dia do Brasil em Washington"", na Câmara de Comércio dos Estados Unidos.""Temos alguns assuntos que estamos trabalhando em conjunto, reconhecendo, obviamente, a capacidade econômica, bélica, entre outras, dos Estados Unidos. Temos que resolver a questão da nossa Venezuela"", afirmou o presidente no evento.""A Venezuela não pode continuar da maneira que se encontra. Aquele povo tem que ser libertado e acreditamos e contamos, obviamente, com o apoio norte-americano para que esse objetivo seja alcançado"", acrescentou Bolsonaro.Depois da fala de Bolsonaro, o porta-voz do governo, Otávio Rêgo Barros, foi questionado se o Brasil apoiaria uma eventual intervenção militar dos Estados Unidos na Venezuela.Rêgo Barros, então, respondeu: ""O Brasil entende que a situação da Venezuela deva ser resolvida com base na nossa diplomacia. Não trabalhamos com intervenção, até porque afronta a nossa Carta Magna.""A Venezuela enfrenta uma profunda crise política, econômica e social. O Brasil e os Estados Unidos estão entre os países que não reconhecem a legitimidade do governo de Nicolás Maduro e consideram o líder oposicionista Juan Guaidó como presidente interino do país.A inflação na Venezuela já ultrapassa 1.000.000% ao ano, milhares de cidadãos têm fugido do país e a oposição tem denunciado perseguição política por parte do governo Maduro, que, por sua vez, se diz alvo de tentativa de golpe comandada pelos Estados Unidos.Durante o discurso desta segunda-feira, Bolsonaro também abordou outros temas, entre os quais:Amor por Paulo GuedesBrincou que sentiu ""amor à primeira vista"" por Paulo Guedes quando o economista apresentou a ele propostas para a condução da política econômica.""Obviamente, não sou homofóbico"", acrescentou, arrancando risos da plateia.Comparação a TrumpBolsonaro disse que o povo brasileiro é ""muito parecido"" com a população dos Estados Unidos porque, na opinião dele, é ""conservador, temente a Deus e, portanto, cristão"". Além disso, afirmou ter sido vítima de conteúdo falso na internet, assim como Donald Trump.""O povo americano sempre foi inspirador para mim em grande parte das decisões. Essa vinda aqui hoje com o Trump, com toda certeza, estaremos materializando o que queremos"", acrescentou.Pouco antes de discursar no evento desta segunda-feira, Bolsonaro acompanhou a assinatura de um acordo entre Brasil e Estados Unidos que permitirá aos EUA lançar foguetes da base de Alcântara (MA).Bolsonaro chegou aos Estados Unidos neste domingo (17) e se reunirá com o presidente Donald Trump nesta terça (19).A expectativa é que, durante a viagem de Bolsonaro ao país, Brasil e Estados Unidos assinem acordos em diversas áreas.Esta é a primeira vez que o presidente vai aos Estados Unidos. Durante toda a campanha eleitoral do ano passado, Bolsonaro afirmou que gostaria de aproximar os dois países que, na opinião dele, estavam afastados por divergências ideológicas.Mais cedo, nesta segunda-feira, o governo publicou um decreto assinado por Bolsonaro que permitiu a turistas de Estados Unidos, Austrália, Canadá e Japão entrar no Brasil sem a necessidade de visto.A medida foi ""unilateral"", ou seja, não muda a forma de os cidadãos brasileiros entrarem nesses países.De acordo com o Ministério do Turismo, a dispensa do visto foi adotada a fim de incentivar a geração de emprego e renda no Brasil. "	-1
190	Justiça questiona PF sobre prisão de Beto Richa em unidade da PM, em Curitiba. Ofício da polícia diz que foi necessário alocar um policial a mais por dia na guarda do quar tel; PF tem até quarta-feira (30) para explicar local da custódia. A Justiça Federal questionou nesta terça-feira (29) a Polícia Federal (PF) sobre a prisão do ex-governador do Paraná Beto Richa (PSDB) no Regimento de Polícia Montada, unidade da Polícia Militar (PM), no bairro Tarumã, em Curitiba.	"""Justiça questiona PF sobre prisão de Beto Richa em unidade da PM, em Curitiba""Ofício da polícia diz que foi necessário alocar um policial a mais por dia na guarda do quartel; PF tem até quarta-feira (30) para explicar local da custódia. A Justiça Federal questionou nesta terça-feira (29) a Polícia Federal (PF) sobre a prisão do ex-governador do Paraná Beto Richa (PSDB) no Regimento de Polícia Montada, unidade da Polícia Militar (PM), no bairro Tarumã, em Curitiba.Ele foi levado da Superintendência da PF para o local no mesmo dia da prisão, na sexta-feira (25). O juiz federal Paulo Sérgio Ribeiro, da 23ª Vara da Justiça Federal de Curitiba, intimou a PF para informar as razões para Richa estar preso no local.O prazo para resposta termina na quarta-feira (30), às 14h. O juiz também intimou o Ministério Público Federal (MPF) para se manifestar sobre o assunto em até dois dias.O MPF já havia questionado o fato de Beto não estar na sede da PF ou no Complexo Médico-Penal (CMP), em Pinhais, na Região de Curitiba. Após o questionamento, o juiz afirmou que era uma decisão que caberia à autoridade policial.Na segunda-feira (28), a PM encaminhou um ofício à Justiça Federal relatando que a guarda e vigilância de presos não é uma missão fundamental da unidade e que foi necessário alocar um policial a mais por dia na guarda do quartel.Conforme o ofício, Beto Richa está acomodado no alojamento para oficiais mulheres, que é um ""espaço de pequenas dimensões que dispões de beliche e de um precário banheiro"".O documento da polícia diz ainda que o ex-governador faz as refeições, recebe visitas e advogados no refeitório da unidade em horário diferente do utilizado pelos policiais.Quando foi preso por quatro dias pelo Gaeco, em setembro de 2018, ele também ficou no Regimento de Polícia Montada. O G1 aguarda retorno da defesa do ex-governador sobre a situação.O ex-governador foi preso na deflagração da 58ª fase da Operação Lava Jato por tempo indeterminado. O juiz justificou a prisão alegando que Richa e o contador da família tentaram influenciar os depoimentos de testemunhas da investigação.A fase da operação apura crimes na concessão de rodovias do Anel de Integração do Paraná. Na segunda, o MPF apresentou denúncia contra o ex-governador por corrupção passiva e pertencimento a organização criminosa em um esquema de propina em contratos de pedágio.Segundo o MPF, o esquema desviou R$ 8,4 bilhões por meio do aumento de tarifas de pedágio do Anel de Integração, e de obras rodoviárias não executadas. A propina paga em troca dos benefícios, conforme os procuradores, foi estimada em pelo menos R$ 35 milhões.Os procuradores dividiram as acusações em duas denúncias. Uma delas envolve agentes públicos, como Beto Richa, e mais outras oito pessoas. Já a outra denúncia é relacionada aos empresários envolvidos no esquema.Seis ex-presidentes de empresas concessionárias de pedágio foram acusados de crimes como corrupção ativa, pertencimento a organização criminosa e lavagem de dinheiro.A defesa de Beto Richa afirmou que apenas uma das denúncias apresentadas pelo MPF é contra o ex-governador - a outra é contra os empresários - e que a Justiça ainda não deu à defesa acesso à denúncia.Os advogados também reafirmam que o ""cliente não cometeu nenhuma irregularidade, e que sempre esteve à disposição para prestar esclarecimentos"".Veja mais notícias do estado no G1 Paraná."	-1
191	No Marrocos, sem medo de ser feliz. Depois de três dias em Tanger, que poderiam ter sido três semanas, três meses ou três anos, tal o nosso encantamento, seguimos para Chefchaouen, a Cidade Azul, já nas montanhas. Fomos de ônibus. Chegar à rodoviária de Tanger já nos deu uma boa ideia de como é viajar pelo Marrocos sem o luxo de guias e meios de transportes exclusivamente turísticos. 	"""No Marrocos, sem medo de ser feliz""A criatividade da jornalista Clara Favilla pelo Brasil e o mundo Depois de três dias em Tanger, que poderiam ter sido três semanas, três meses ou três anos, tal o nosso encantamento, seguimos para Chefchaouen, a Cidade Azul, já nas montanhas. Fomos de ônibus. Chegar à rodoviária de Tanger já nos deu uma boa ideia de como é viajar pelo Marrocos sem o luxo de guias e meios de transportes exclusivamente turísticos.Mal descemos do táxi, fomos abordadas por homens gritando os destinos dos ônibus que partiriam em seguida. Nossas pequenas malas, dessas de rodinhas e alças, nos foram arrancadas das mãos. Sem qualquer esforço as teríamos carregados por conta própria. Só não passa por isso quem anda de mochilas nas costas. E nem é preciso ser turista. Os viajantes locais também são abordados assim e reclamam muito sem êxito. Sempre se paga pelo serviço não solicitado. E nem adianta fugir porque os carregadores vão atrás de você dentro do ônibus e o motorista só dará partida depois do pagamento feito.Passado o espanto inicial, quando as malas nos foram arrancadas aos gritos em troca de uma simples gorjeta, começamos a entender como funciona o ganha-pão de muitos marroquinos. São bastante criativos. E se entendermos logo o que se passa, podemos começar a desfrutar do país sem os receios de qualquer brasileiro quanto a roubos e violência.Basta estar alerta e, no caso de mulheres viajando sozinhas, não andar pela medina (a parte antiga das cidades) tarde da noite, quando o comércio está todo fechado e as vielas desertas. No caso daquelas que gostam de acampar (há muitos e belíssimos parques naturais no Marrocos), nunca ficar nos lugares mais isolados. Sempre procurar a companhia de outros grupos. Regras válidas para qualquer país do mundo.Lidar com dezenas de ofertantes, o tempo todo, de mercadorias, cardápios de restaurantes e serviços de guia é o de menos, comparando-se com o que pode nos acontecer de ruim desbravando-se qualquer cidade grande brasileira. Nas viagens pinga-pinga pelas belas cidades marroquinas esqueça as malas grandes mesmo se tiver de carro. A não ser que se hospede no entorno da parte antiga das cidades, não dentro de suas muralhas. No entorno e nem tão distante que não se possa alcançar a pé a maioria dos pontos de interesse, estão os melhores hotéis de redes conhecidas.Se você se hospedar em qualquer pequeno hotel dentro das medinas prepare-se para longas caminhadas,muitas deles bastante íngremes, mesmo que o táxi ou qualquer outro transporte urbano te deixe perto de um dos portões de entrada. A medina de Fez, a maior de Marrocos, tem em torno de oito mil vielas. Mesmo nas menores é fácil se perder. Se pedir alguma informação, dirija-se a alguém que esteja tomando conta do próprio negócio. Isso elimina o risco de ter alguém te seguindo até o endereço desejado. Ao final, sempre pedem um pagamento e a negociação pode ser demorada.No Marrocos, o uso de táxi é muito comum. São baratos. Mas acerte o preço antes de entrar. A maioria não tem taxímetro. É possível também se deslocar com segurança em táxis compartilhados, de uma cidade para outra. O serviço é muito utilizado pro mulheres marroquinas e tivemos a sorte de ótimas companhias e bons papos. Neste caso, o preço individual é fixo e conhecido previamente. Optamos por beber água engarrafada. Mas os marroquinos usam a água de fontes e disponíveis em ânforas de cerâmica espalhadas pelos caminhos. Pelo visto, sem qualquer problema. Inclusive usam copos e canecas não descartáveis.Dificilmente você terá problemas com comidas, mesmo as mais baratas. Frequentamos todos os tipos de restaurantes, dos bem baratos aos mais caros (comparando-se com o que pagamos nas grandes cidades brasileiras, nem são tão caros assim). Também nos deliciamos com a comida oferecida nas barraquinhas das praças, sempre movimentadíssimas, das cidades que visitamos. As frutas vendidas na rua são irrecusáveis e deliciosas. Pêssegos, uvas, figos-da-Índia, romãs, incrivelmente doces e suculentos. Mas chega de ""conselhos"". A mágica Chefchaouen nos aguarda. Até o próximo post. Abraços.* Clara Favilla é jornalista e escreve uma vez por semana sobre viagens "	-1
192	Arquivamento de inquérito sobre Cabo Daciolo será analisado pela Justiça do DF, decide STF. O ex-deputado, que concorreu à Presidência, é investigado por suposto desvio de verbas. O ministro Marco Aurélio Mello, do Supremo Tribunal Federal (STF), determinou que o pedido de arquivamento de inquérito cabe à primeira instância.	"""Arquivamento de inquérito sobre Cabo Daciolo será analisado pela Justiça do DF, decide STF""Ex-deputado, que concorreu à Presidência, é investigado por suposto desvio de verbas. PGR pediu arquivamento ao STF, mas ministro considerou que decisão cabe à primeira instância. O ministro Marco Aurélio Mello, do Supremo Tribunal Federal (STF), determinou nesta terça-feira (12) que o pedido de arquivamento de inquérito que investiga o ex-deputado federal Cabo Daciolo (Patri-RJ), candidato à Presidência da República no ano passado, seja analisado pela Justiça Federal do Distrito Federal.Daciolo, que teve 1,3 milhão de votos em 2018, é alvo de inquérito por suspeita de peculato.O inquérito foi aberto no STF em dezembro de 2017 depois que um ex-assessor do deputado, tenente Peixoto, disse que Daciolo desviou verbas públicas por meio de uma empresa, que seria de propriedade de um integrante do Corpo de Bombeiros do Rio de Janeiro.Daciolo negou as acusações, afirmou que não se tratava de empresa fantasma e disse que a companhia prestou serviços efetivos ao seu gabinete.No mês passado, Marco Aurélio mandou o caso para a Justiça Federal do DF em razão do fim do mandato de Daciolo. Depois, a Procuradoria Geral da República pediu o arquivamento por falta de elementos concretos para prosseguimento da apuração.Para o ministro, como Daciolo perdeu o foro, caberá à primeira instância e não ao STF decidir sobre o arquivamento.""Embora a manifestação da Procuradora-Geral da República seja no sentido do arquivamento do inquérito, ante a ausência de elementos informativos mínimos, o reconhecimento da incompetência do Supremo à supervisão do procedimento investigatório implica a impossibilidade de acolher-se o que preconizado pelo titular da ação penal"", decidiu Marco Aurélio Mello. "	-1
193	Bolsonaro tem de empoderar Onyx Lorenzoni, dizem líderes. Encaminhada a reforma da Previdência Social ao Congresso Nacional, os líderes da futura base aliada do presidente Jair Bolsonaro dizem que o diálogo com o governo ainda está muito desorganizado. O primeiro passo para superar essa dificuldade, segundo eles, é uma conversa formal com o presidente, que vai acontecer nesta terça-feira (26). O primeiro passo para superar essa dificuldade, segundo eles, é uma conversa formal com o presidente, que vai acontecer nesta terça-feira (26). O segundo passo, e considerado o mais importante, destacam os líderes governistas, é que nesta conversa	"""Bolsonaro tem de empoderar Onyx Lorenzoni, dizem líderes"" Encaminhada a reforma da Previdência Social ao Congresso Nacional, os líderes da futura base aliada do presidente Jair Bolsonaro dizem que o diálogo com o governo ainda está muito desorganizado. O primeiro passo para superar essa dificuldade, segundo eles, é uma conversa formal com o presidente, que vai acontecer nesta terça-feira (26).O segundo passo, e considerado o mais importante, destacam os líderes governistas, é que nesta conversa o presidente diga que irá ""empoderar"" o ministro da Casa Civil, Onyx Lorenzoni, para conduzir as negociações com seus aliados.Segundo eles, ainda há muito ruído na relação com o Legislativo, com alguns integrantes do Palácio do Planalto ainda demonstrando certa aversão às articulações com a base aliada.""Empoderar"" Onyx Lorenzoni significa dar a ele diretamente, e somente a ele, o poder de negociar a liberação de verbas de emendas parlamentares e a nomeação de cargos de segundo escalão nos estados.Até agora, há a promessa de que isso seja feito, mas alguns assessores palacianos enviam mensagens em sentido contrário. Resultado: as negociações não andam e a base aliada está desarticulada no Congresso Nacional.O encontro desta terça-feira entre Bolsonaro e líderes partidários será o primeiro depois que a proposta de reforma da Previdência Social foi encaminhada ao parlamento.Os partidos governistas avaliam que há um consenso sobre a necessidade de se aprovar a medida, mas os deputados querem ouvir do presidente como será a parceria entre Palácio do Planalto e base de apoio. Principalmente, como eles irão ter condições de capitalizar a aprovação de uma proposta que, apesar de necessária, é impopular.Enquanto isso, o secretário de Previdência, Rogério Marinho, corre para fechar a proposta de mudança nas regras de aposentadoria dos militares, ponto reclamado pelos líderes e colocado como condição para iniciar a análise da reforma da Previdência na Comissão de Constituição e Justiça (CCJ).Além disso, ele está se reunindo com bancadas para explicar os pontos da nova Previdência, principalmente, os que geraram mais questionamentos, como a aposentadoria do trabalhador rural e as mudanças no Benefício de Prestação Continuada (BPC).Marinho tem dito que não irá economizar nem sola de sapato nem saliva para explicar e negociar bem a reforma da Previdência. O ministro da Economia, Paulo Guedes, conta com a habilidade de seu assessor, que era deputado federal e conhece bem os caminhos do Legislativo, para diminuir as resistências e acelerar a votação da proposta. "	-1
194	"""Versão de Queiroz ao MP causa desconforto em setores do governo. Integran tes do governo demonstraram desconforto inicial com a versão apresentada ao Ministério Público por Fabrício Queiroz. Ele disse que geria valioso salário de servidores para ampliar a base eleitoral do então deputado estadual e agora senador Flávio Bolsonaro (PSL-RJ), filho do presidente Jair Bolsonaro. A primeira reação é de que, apesar do ex-assesor tentar blindar Flávio Bolsonaro, a resposta ao Ministério Público ainda levan"""	"""Versão de Queiroz ao MP causa desconforto em setores do governo"" Integrantes do governo demonstraram desconforto inicial com a versão apresentada ao Ministério Público por Fabrício Queiroz. Ele disse que gerenciava salário de servidores para ampliar a base eleitoral do então deputado estadual e agora senador Flávio Bolsonaro (PSL-RJ), filho do presidente Jair Bolsonaro.A primeira reação é de que, apesar do ex-assessor tentar blindar Flávio Bolsonaro, a resposta ao Ministério Público ainda levanta várias dúvidas.Segundo Queiroz, os funcionários devolviam parte de sua remuneração, e o dinheiro era usado para a contratação de colaboradores informais. Ele afirmou que Flávio não sabia disso.Na avaliação de um integrante da ala militar do governo, a explicação veio tarde e, mesmo assim, com admissão de uma ilegalidade, já que não é permitido se apropriar de salários de servidores.Um outro interlocutor do presidente Jair Bolsonaro reconheceu que essa segunda versão também traz problemas, porque coloca Flávio Bolsonaro como alguém que desconhecia o funcionamento de seu próprio gabinete.Na primeira versão, dada em uma entrevista no final de 2018, Queiroz alegou que era um homem de negócios e que comprava e vendia carros. Essa foi a justificativa inicial para explicar o fato de o Conselho de Controle de Atividades Financeiras (Coaf) ter observado movimentação financeira atípica em sua conta bancária. "	-1
195	Documento da Receita Federal apontam suposta fraude de Gilmar Mendes; ministro vê ilícito e pede providências a Toffoli. Presidente do STF enviou à procuradora-geral da República, ao ministro da Economia e ao secretário da Receita ofícios com pedido de apuração de eventual ilícito cometido por servidores. O presidente do Supremo Tribunal Federal (STF), Dias Tofoli, pediu nesta sexta-feira (8) à procuradora-geral da República, Raquel Dodge, ao ministro da Economia, Paulo Guedes, e ao secretário da Receita ofícios com pedido de apuração de eventual ilícito cometido por servidores.	"""Documento da Receita Federal aponta suposta fraude de Gilmar Mendes; ministro vê ilícito e pede providências a Toffoli""Presidente do STF enviou à procuradora-geral da República, ao ministro da Economia e ao secretário da Receita ofícios com pedido de apuração de eventual ilícito cometido por servidores. O presidente do Supremo Tribunal Federal (STF), Dias Toffoli, pediu nesta sexta-feira (8) à procuradora-geral da República, Raquel Dodge, ao ministro da Economia, Paulo Guedes, e ao secretário da Receita Federal, Marcos Cintra, providências para apurar ""eventual ilícito"" cometido por auditores da Receita que propuseram uma investigação fiscal do ministro Gilmar Mendes, do STF, e da mulher dele, Guiomar Feitosa Mendes.Toffoli atendeu a uma solicitação do próprio Gilmar Mendes. O ministro encaminhou ofício ao presidente do Supremo na manhã desta sexta, após tomar conhecimento de um documento do órgão que propõe a abertura de ""fiscalização"" sobre ele e a mulher.(ATUALIZAÇÃO: após a publicação desta reportagem, o secretário da Receita Federal, Marcos Cintra, determinou à corregedoria do órgão que apure o caso. Esta atualização foi publicada às 18h14.)A existência do documento foi revelada em reportagem publicada no site da revista ""Veja"", na manhã desta sexta. A revista informou que, segundo o documento da Receita _ uma ""Análise de Interesse Fiscal"" _, a Equipe Especial de Fraudes do órgão aponta indícios da prática dos crimes de corrupção, lavagem de dinheiro e tráfico de influência do ministro e da mulher dele.Após a publicação da reportagem, o ministro Gilmar Mendes enviou o ofício a Toffoli pedindo providências urgentes sobre eventual ato ilícito de ""servidores inominados"".Para o ministro, a apuração tem ""nítido viés de investigação criminal"" e não é de competência dos servidores da Receita. Gilmar Mendes diz no ofício que não recebeu intimação até o momento e que os documentos vazados à imprensa não trazem fatos concretos.""Para além da divulgação indevida desse documento por terceiros que não integram os quadros da Secretaria da Receita Federal, o que justifica cuidadosa apuração administrativa e criminal, fica claro que o objetivo da referida Análise de Interesse Fiscalpossui nítido viés de investigação criminal e aparentemente transborda do rol de atribuições dos servidores inominados"", afirmou o ministro.Gilmar Mendes afirmou ainda que num Estado de Direito ""todo cidadão está sujeito a cumprir as obrigações previstas em lei e, consequentemente, está sujeito a regular atuação de fiscalização de órgãos estatais"".""O que causa enorme estranhamento e merece pronto repúdio é o abuso de poder por agentes públicos para fins escusos, concretizado por meio de uma estratégia deliberada de ataque reputacional a alvos pré-determinados"", escreveu o ministro.O documento afirma que o suposto crime de tráfico de influência atribuído a Gilmar Mendes e sua mulher ""normalmente se dá pelo julgamento de ações advocatícias de escritórios ligados ao contribuinte e seus parentes, onde o magistrado ou um de seus pares facilita julgamento"".De acordo com o documento da Receita Federal, Guiomar Feitosa Mendes recebeu valores de distribuição de lucros e dividendos de um escritório de advocacia _ não identificado _ nos anos de 2014 e 2015, segundo Declaração do Imposto sobre a Renda da Pessoa Física, sem a devida correspondência na Escrituração Contábil Fiscal do estabelecimento.Ainda de acordo com o órgão, é necessário apurar se houve efetiva prestação de serviços pela mulher do ministro, já que ela teria recebido parte dos lucros. "	-1
196	"De volta de Davos, Bolsonaro sente peso de aprovar reforma da Previdência para governo decolar. De volta do Fórum Econômico Mundial de Davos, o presidente Jair Bolsonaro sentiu, segundo assessores, o ""peso e a importância"" de aprovar a reforma da Previdência Social ainda neste ano para o governo decolar e garantir crescimento na casa de 4%. A avaliação depois do encontro na Suíça é que os investidores estão deixando claro: se a reforma for aprovada, o investimento vem pesado para o Brasil e o pa"	"""De volta de Davos, Bolsonaro sente peso de aprovar reforma da Previdência para governo decolar"" De volta do Fórum Econômico Mundial de Davos, o presidente Jair Bolsonaro sentiu, segundo assessores, o ""peso e a importância"" de aprovar a reforma da Previdência Social ainda neste ano para o governo decolar e garantir crescimento na casa de 4%.A avaliação depois do encontro na Suíça é que os investidores estão deixando claro: se a reforma for aprovada, o investimento vem pesado para o Brasil e o país entra num ciclo de crescimento forte. Se não for aprovada, o clima fica negativo.Para assessores presidenciais, a passagem por Davos vai ajudar o presidente a optar por uma reforma mais ""substancial"", como ele próprio classificou em entrevista na Suíça, ou ""robusta"", como definem os ministros Paulo Guedes (Economia) e Onyx Lorenzoni (Casa Civil). E também trabalhar para que seja aprovada no prazo mais curto possível, seis meses de preferência, a partir da reabertura do Legislativo no próximo mês.Pelos cálculos de Paulo Guedes, as propostas em discussão dentro do governo podem gerar uma economia de R$ 700 bilhões a R$ 1,3 trilhão num período de dez anos.Bem acima da que tramita atualmente no Congresso, de autoria do governo Michel Temer, que garantia uma redução de gastos com benefícios previdenciários na casa de R$ 400 bilhões. A proposta original da equipe anterior era de uma economia de R$ 800 bilhões em dez anos, mas foi desidratada pela pressão de parlamentares.Na avaliação do ministro da Economia, o clima atual é favorável à aprovação da medida. Ele retorna de Davos com a certeza, após conversas com investidores nacionais e estrangeiros, de já ter o apoio necessário no setor privado e entre governadores para aprovar a reforma da Previdência. Agora, sua equipe vai traçar uma estratégia de comunicação para conquistar também o apoio da população para a aprovação da medida.Para a equipe de Paulo Guedes, isso ajudaria a levar o Congresso a aprovar as mudanças nas regras de aposentadoria num prazo de seis meses.O governo avalia que o momento também é favorável para aprovação da medida dentro do Legislativo, mas o processo ficará mais tranquilo e fácil se a população também der o seu aval para as mudanças. "	-1
197	Josef Mengele: os 40 anos da morte do médico nazista que viveu 17 anos em SP. Conhecido como o Anjo da Morte, ele é responsável pelo extermínio de 400 mil judeus durante a Segunda Guerra e viveu dos 50 aos 67 anos escondido em cidades como Serra Negra, Diadema e São Paulo. Bertioga, 7 de fevereiro de 1979. O cabo da PM Espedito Dias Romão já se preparava para passar o plantão e ir para casa quando atendeu a uma chamada de emergência. Do outro lado da linha, alguém avisava de um corpo na Praia da 	"""Josef Mengele: os 40 anos da morte do médico nazista que viveu 17 anos em SP""Conhecido como o Anjo da Morte, ele é responsável pelo extermínio de 400 mil judeus durante a Segunda Guerra e viveu dos 50 aos 67 anos escondido em cidades como Serra Negra, Diadema e São Paulo. Bertioga, 7 de fevereiro de 1979. O cabo da PM Espedito Dias Romão já se preparava para passar o plantão e ir para casa quando atendeu a uma chamada de emergência. Do outro lado da linha, alguém avisava de um corpo na Praia da Enseada. Ao chegar ao local, por volta das quatro da tarde, encontrou a praia deserta.Na areia, apenas o banhista morto e um casal de austríacos, Wolfram e Liselotte Bossert. ""Não havia mais nada que pudesse fazer. Ele já fora resgatado da água sem vida"", recorda Romão, hoje aposentado, aos 72 anos. ""Por se tratar de um mal súbito, acredito que tenha sido fulminante. Mas, não posso garantir.""A documentação apresentada por Wolfram identificava o defunto como Wolfgang Gerhard, um austríaco de 54 anos. Só em 1985, Romão veio a descobrir que Gerhard era um dos muitos pseudônimos que Josef Mengele - o médico nazista acusado da morte de mais de 400 mil prisioneiros, entre maio de 1943 e janeiro de 1945, no campo de extermínio de Auschwitz, na Polônia - usou para viver incógnito depois da Segunda Guerra. O verdadeiro Gerhard morreu em 16 de dezembro de 1978 e foi sepultado em Graz, na Áustria, sua terra natal.A lista de nomes falsos adotados por Mengele é extensa e inclui, entre outros, Fritz Ullmann, Helmut Gregor e Fausto Rindón. Só no Brasil, foram dois: Peter Hochbichler e Wolfgang Gerhard. ""Nosso país nunca foi uma opção para Mengele por causa da presença de índios e negros. Na América do Sul, ele preferia a Argentina. Por ter muitos alemães e simpatizantes do nazismo, se sentia em casa"", explica o jornalista e historiador Marcos Guterman, autor de Nazistas Entre Nós - A Trajetória dos Oficiais de Hitler Depois da Guerra (2016).""Mengele só fugiu para cá porque temia ser capturado como Adolf Eichmann"", completa o historiador, referindo-se a outro criminoso de guerra, capturado em maio de 1960, na Argentina, e enforcado em junho de 1962, em Israel.Quando a derrota na Segunda Guerra tornou-se uma questão de dias, os oficiais nazistas só tinham três decisões a tomar: suicídio, prisão ou tentativa de fuga. Em 17 de janeiro de 1945, quando tropas soviéticas estavam a dez dias de tomar Auschwitz, Mengele optou pela terceira alternativa. Sob o pseudônimo de Fritz Ullmann, trabalhou, por quatro anos, numa plantação de batatas no sul da Alemanha.Em junho de 1949, seguiu para a Argentina, onde trocou novamente de identidade e virou Helmut Gregor. Quando a Alemanha pediu sua extradição, fugiu para o Uruguai. Em 1959, migrou para o Paraguai e, dois anos depois, para o Brasil.""Mengele era de família rica. Na Argentina e no Paraguai, contou com a ajuda de outros ex-oficiais nazistas. Chegou a ser dono de uma farmacêutica na Argentina, de onde tirava um bom dinheiro"", relata Guterman.Josef Mengele nasceu em Günzburg, na Alemanha, no dia 16 de março de 1911. Seu pai, Karl, era um rico industrial do ramo de equipamentos agrícolas. Mas, em vez de assumir os negócios da família, preferiu estudar medicina em Frankfurt.Formado em 1938, foi admitido em Auschwitz cinco anos depois, como coronel-médico da SS, a tropa de elite do regime nazista. Logo, ganhou o título de O Anjo da Morte. ""Mengele foi o mais sádico e cruel de todos. Como se estivesse brincando de Deus, selava o destino dos prisioneiros que chegavam a Auschwitz. Enquanto uns seguiam para o campo de trabalhos forçados, outros eram jogados nas câmaras de gás"", explica o jornalista americano Gerald Posner, autor de Mengele - The Complete Story (2000).Um terceiro grupo, formado por gêmeos, anões e deficientes físicos, era usado como cobaia de experimentos macabros no pavilhão batizado de ""zoológico"". Suas pesquisas, que nada contribuíram para a ciência, consistiam, entre outras atrocidades, em testar os limites do ser humano em temperaturas altíssimas - como caldeirões de água fervente - ou injetar cimento líquido nos úteros das prisioneiras para avaliar os efeitos da esterilização em massa.Assim que chegou ao Brasil, em 1961, Mengele passou a se chamar Peter Hochbichler e foi morar em Nova Europa, a 318 km de São Paulo. Por intermédio de Wolfgang Gerhard, um simpatizante de Hitler que morava no país desde 1948, foi apresentado ao casal Geza e Gitta Stammer.Como estavam à procura de alguém para administrar sua fazenda de café, resolveram contratá-lo. Um ano depois, se mudaram para Serra Negra. ""De tão campesino, nosso município não tinha sequer asfalto. Era o lugar ideal para alguém se esconder"", afirma o historiador Pedro Burini, autor de O Anjo da Morte em Serra Negra (2013). ""Como os Stammer eram húngaros, Mengele ficou conhecido na região como Pedro Hungarês. Ou, simplesmente, Pedrão.""Sob o pretexto de observar pássaros, Mengele mandou construir uma torre, com cerca de seis metros de altura, no telhado do sítio. Munido de binóculos, passava horas lá em cima, vigiando quem entrava e saía da propriedade.""Mengele vivia sob constante tensão. Tinha pavor de ser capturado por agentes do Mossad, o serviço secreto de Israel"", relata o jornalista francês Olivier Guez, autor de O Desaparecimento de Josef Mengele, previsto para ser lançado, ainda este ano, pela editora Intrínseca.""O pavor era tanto que deixou o bigode crescer. Acreditava que, por debaixo dele, ninguém o reconheceria. O problema é que, de tanto mastigar os fios do bigode, formou-se uma bola de pelos em seu estômago, que o obrigou a fazer uma cirurgia.""Paranoico, Mengele raramente saía de casa. Passava os dias recluso, lendo Goethe e ouvindo Strauss. Quando precisava ir à cidade, vestia capa e chapéu. Não satisfeito, ia escoltado por uma matilha de cães que ele mesmo adestrou.A amizade com os Stammer chegou ao fim em 1975, quando Geza descobriu que Mengele e sua mulher tiveram um caso. Foi quando o criminoso de guerra mais procurado de todos os tempos se viu obrigado a mudar de endereço. Dali em diante, perambulou por diversas cidades paulistas, como Caieiras, Diadema e Embu.Seu último esconderijo foi a residência dos Bossert, no bairro do Brooklin, na capital paulistana. À época, Gerhard precisou regressar para a Áustria e deixou toda sua documentação com Mengele.De saúde frágil, o médico de Auschwitz queixava-se de insônia, hipertensão e reumatismo. À noite, não ia para a cama sem esconder uma velha pistola Mauser, uma semiautomática de origem alemã, sob o travesseiro. Faz sentido. Sua cabeça valia, na ocasião, um prêmio estimado de US$ 3,4 milhões, algo em torno de R$ 12 milhões.Em outubro de 1977, quando morava na Estrada do Alvarenga, próximo à represa Billings, Mengele recebeu uma visita inusitada: Rolf, seu filho. Ao longo de duas semanas, quis ouvir do pai sua versão sobre Auschwitz.Em entrevista ao programa The Phil Donahue Show, de 17 de junho de 1986, Rolf Jenckel, hoje advogado em Munique, na Alemanha, relata que, em nenhum momento o velho demonstrou culpa ou remorso: ""Não admitiu que fez nada de errado. Disse apenas que estava cumprindo ordens.""Sob o nome falso de Wolfgang Gerhard, o corpo de Mengele foi sepultado no cemitério de Nossa Senhora do Rosário, em Embu das Artes. Provavelmente estaria lá até hoje se, em maio de 1985, a polícia alemã não tivesse interceptado cartas dos Bossert endereçadas a Hans Sedlmeier, um ex-funcionário da família Mengele.Desconfiadas, as autoridades alemãs acionaram a polícia brasileira que, sob a responsabilidade do superintendente da PF em São Paulo, o delegado Romeu Tuma, resolveu fazer buscas na residência do casal e descobriu toda a verdade.O corpo de Mengele, então, foi exumado e seus restos mortais examinados pela equipe do legista Daniel Romero Muñoz, então diretor do setor de antropologia do Instituto Médico Legal de São Paulo. Seu laudo, de julho de 1985, foi confirmado, sete anos depois, por um exame de DNA feito na Inglaterra: a ossada era mesmo de Mengele.Como o filho nunca requisitou o corpo do pai, seu esqueleto é usado, desde 2016, como material didático em aulas de medicina forense da USP. Diante disso, Israel deu o caso por encerrado.Encerrado? Não para o historiador polonês naturalizado brasileiro Henry Nekrycz. Em Mengele - A Verdade Veio à Tona (1994), Ben Abraham, como era mais conhecido, sustenta que tudo não passou de uma farsa. O corpo enterrado no Brasil em 1985 não era do médico nazista e, sim, de um sósia.""Consigo entender quando um sobrevivente do Holocausto, como Ben Abraham, não se conforma que seu carrasco, Mengele, tenha morrido placidamente numa praia paulista, sem pagar pelos crimes que cometeu. Mas o fato é que Mengele morreu e foi enterrado em São Paulo. O resto é teoria da conspiração"", avisa Guterman. "	-1
198	Partidos na Câmara dos Deputados oficializaram a formação de blocos parlamentares. O prazo-limite para o registro de blocos se encerrou no início desta tarde. O novo tamanho das bancadas será levado em conta para a distribuição das vagas na Mesa Diretora e na escolha de preferência do comando das comissões permanentes.	"""Partidos na Câmara dos Deputados oficializam formação de blocos parlamentares""Tamanho das bancadas é levado em conta para a distribuição de vagas na Mesa Diretora e na escolha de preferência do comando das comissões permanentes. Partidos na Câmara dos Deputados oficializaram a formação de blocos parlamentares nesta sexta-feira (1º). O prazo-limite para o registro de blocos se encerrou no início desta tarde.O novo tamanho das bancadas será levado em conta para a distribuição das vagas na Mesa Diretora, responsável pela condução dos trabalhos legislativos e a administração da Casa.O primeiro bloco protocolado foi o dos partidos PT, PSOL, PSB e Rede, com 97 deputados.O terceiro e maior bloco registrado _ com 301 deputados, encabeçado pelo PSL (partido do presidente Jair Bolsonaro) _ inclui PP, PSD, MDB, PR, PRB, Democratas, PSDB, PTB, PMN e PSC.Além da presidência da Câmara, cargo para o qual candidato de qualquer partido pode concorrer, estão em disputa outras dez cadeiras na Mesa: duas vice-presidências e quatro secretarias (com quatro vagas titulares e quatro suplentes).Os espaços na Mesa, proporcionais ao tamanho dos partidos ou blocos, serão definidos em uma reunião de líderes à tarde, antes da eleição, marcada para as 18h.Apenas deputados dos partidos que ficarem com a vaga poderão lançar candidatura.A formação de blocos também é importante porque as maiores bancadas terão preferência para escolher as comissões temáticas permanentes que pretendem comandar, além do número de cadeiras nos colegiados. "	-1
199	Em um mês de governo, Bolsonaro prioriza defesa das reformas e. Em um mês de governo, Bolsonaro prioriza defesa das reformas e. Em um mês de governo, Bolsonaro prioriza defesa das reformas e. Em um mês de governo, Bolsonaro prioriza defesa das reformas e.	"""Em um mês de governo, Bolsonaro prioriza defesa das reformas e vê denúncias atingirem filho Flávio"""	-1
